wav,beat_time_s,window_start,window_end,algorithm
0001_12step.wav,0.26,0.0,30.0,beat_this
0001_12step.wav,0.78,0.0,30.0,beat_this
0001_12step.wav,1.32,0.0,30.0,beat_this
0001_12step.wav,1.84,0.0,30.0,beat_this
0001_12step.wav,2.38,0.0,30.0,beat_this
0001_12step.wav,2.9,0.0,30.0,beat_this
0001_12step.wav,3.42,0.0,30.0,beat_this
0001_12step.wav,3.94,0.0,30.0,beat_this
0001_12step.wav,4.5,0.0,30.0,beat_this
0001_12step.wav,5.02,0.0,30.0,beat_this
0001_12step.wav,5.56,0.0,30.0,beat_this
0001_12step.wav,6.08,0.0,30.0,beat_this
0001_12step.wav,6.62,0.0,30.0,beat_this
0001_12step.wav,7.14,0.0,30.0,beat_this
0001_12step.wav,7.68,0.0,30.0,beat_this
0001_12step.wav,8.22,0.0,30.0,beat_this
0001_12step.wav,8.74,0.0,30.0,beat_this
0001_12step.wav,9.26,0.0,30.0,beat_this
0001_12step.wav,9.8,0.0,30.0,beat_this
0001_12step.wav,10.34,0.0,30.0,beat_this
0001_12step.wav,10.86,0.0,30.0,beat_this
0001_12step.wav,11.38,0.0,30.0,beat_this
0001_12step.wav,11.92,0.0,30.0,beat_this
0001_12step.wav,12.46,0.0,30.0,beat_this
0001_12step.wav,13.0,0.0,30.0,beat_this
0001_12step.wav,13.52,0.0,30.0,beat_this
0001_12step.wav,14.06,0.0,30.0,beat_this
0001_12step.wav,14.58,0.0,30.0,beat_this
0001_12step.wav,15.12,0.0,30.0,beat_this
0001_12step.wav,15.64,0.0,30.0,beat_this
0001_12step.wav,16.18,0.0,30.0,beat_this
0001_12step.wav,16.72,0.0,30.0,beat_this
0001_12step.wav,17.26,0.0,30.0,beat_this
0001_12step.wav,17.78,0.0,30.0,beat_this
0001_12step.wav,18.32,0.0,30.0,beat_this
0001_12step.wav,18.82,0.0,30.0,beat_this
0001_12step.wav,19.38,0.0,30.0,beat_this
0001_12step.wav,19.9,0.0,30.0,beat_this
0001_12step.wav,20.44,0.0,30.0,beat_this
0001_12step.wav,20.94,0.0,30.0,beat_this
0001_12step.wav,21.5,0.0,30.0,beat_this
0001_12step.wav,22.02,0.0,30.0,beat_this
0001_12step.wav,22.56,0.0,30.0,beat_this
0001_12step.wav,23.08,0.0,30.0,beat_this
0001_12step.wav,23.62,0.0,30.0,beat_this
0001_12step.wav,24.14,0.0,30.0,beat_this
0001_12step.wav,24.68,0.0,30.0,beat_this
0001_12step.wav,25.2,0.0,30.0,beat_this
0001_12step.wav,25.74,0.0,30.0,beat_this
0001_12step.wav,26.26,0.0,30.0,beat_this
0001_12step.wav,26.8,0.0,30.0,beat_this
0001_12step.wav,27.32,0.0,30.0,beat_this
0001_12step.wav,27.86,0.0,30.0,beat_this
0001_12step.wav,28.38,0.0,30.0,beat_this
0001_12step.wav,28.92,0.0,30.0,beat_this
0001_12step.wav,29.44,0.0,30.0,beat_this
0001_12step.wav,29.98,0.0,30.0,beat_this
0003_6foot7foot.wav,0.44,0.0,30.0,beat_this
0003_6foot7foot.wav,1.14,0.0,30.0,beat_this
0003_6foot7foot.wav,1.88,0.0,30.0,beat_this
0003_6foot7foot.wav,2.58,0.0,30.0,beat_this
0003_6foot7foot.wav,3.3,0.0,30.0,beat_this
0003_6foot7foot.wav,3.96,0.0,30.0,beat_this
0003_6foot7foot.wav,4.68,0.0,30.0,beat_this
0003_6foot7foot.wav,5.4,0.0,30.0,beat_this
0003_6foot7foot.wav,6.1,0.0,30.0,beat_this
0003_6foot7foot.wav,6.82,0.0,30.0,beat_this
0003_6foot7foot.wav,7.56,0.0,30.0,beat_this
0003_6foot7foot.wav,8.26,0.0,30.0,beat_this
0003_6foot7foot.wav,8.98,0.0,30.0,beat_this
0003_6foot7foot.wav,9.68,0.0,30.0,beat_this
0003_6foot7foot.wav,10.4,0.0,30.0,beat_this
0003_6foot7foot.wav,11.12,0.0,30.0,beat_this
0003_6foot7foot.wav,11.84,0.0,30.0,beat_this
0003_6foot7foot.wav,12.54,0.0,30.0,beat_this
0003_6foot7foot.wav,13.26,0.0,30.0,beat_this
0003_6foot7foot.wav,13.98,0.0,30.0,beat_this
0003_6foot7foot.wav,14.7,0.0,30.0,beat_this
0003_6foot7foot.wav,15.42,0.0,30.0,beat_this
0003_6foot7foot.wav,16.12,0.0,30.0,beat_this
0003_6foot7foot.wav,16.84,0.0,30.0,beat_this
0003_6foot7foot.wav,17.56,0.0,30.0,beat_this
0003_6foot7foot.wav,18.28,0.0,30.0,beat_this
0003_6foot7foot.wav,18.98,0.0,30.0,beat_this
0003_6foot7foot.wav,19.68,0.0,30.0,beat_this
0003_6foot7foot.wav,20.42,0.0,30.0,beat_this
0003_6foot7foot.wav,21.12,0.0,30.0,beat_this
0003_6foot7foot.wav,21.86,0.0,30.0,beat_this
0003_6foot7foot.wav,22.56,0.0,30.0,beat_this
0003_6foot7foot.wav,23.28,0.0,30.0,beat_this
0003_6foot7foot.wav,23.98,0.0,30.0,beat_this
0003_6foot7foot.wav,24.72,0.0,30.0,beat_this
0003_6foot7foot.wav,25.42,0.0,30.0,beat_this
0003_6foot7foot.wav,26.14,0.0,30.0,beat_this
0003_6foot7foot.wav,26.86,0.0,30.0,beat_this
0003_6foot7foot.wav,27.58,0.0,30.0,beat_this
0003_6foot7foot.wav,28.28,0.0,30.0,beat_this
0003_6foot7foot.wav,29.0,0.0,30.0,beat_this
0003_6foot7foot.wav,29.7,0.0,30.0,beat_this
0004_abc.wav,10.5,0.0,30.0,beat_this
0004_abc.wav,11.14,0.0,30.0,beat_this
0004_abc.wav,11.8,0.0,30.0,beat_this
0004_abc.wav,12.48,0.0,30.0,beat_this
0004_abc.wav,13.14,0.0,30.0,beat_this
0004_abc.wav,13.8,0.0,30.0,beat_this
0004_abc.wav,14.46,0.0,30.0,beat_this
0004_abc.wav,15.12,0.0,30.0,beat_this
0004_abc.wav,15.78,0.0,30.0,beat_this
0004_abc.wav,16.42,0.0,30.0,beat_this
0004_abc.wav,17.06,0.0,30.0,beat_this
0004_abc.wav,17.7,0.0,30.0,beat_this
0004_abc.wav,18.34,0.0,30.0,beat_this
0004_abc.wav,18.98,0.0,30.0,beat_this
0004_abc.wav,19.62,0.0,30.0,beat_this
0004_abc.wav,20.26,0.0,30.0,beat_this
0004_abc.wav,20.9,0.0,30.0,beat_this
0004_abc.wav,21.54,0.0,30.0,beat_this
0004_abc.wav,22.18,0.0,30.0,beat_this
0004_abc.wav,22.82,0.0,30.0,beat_this
0004_abc.wav,23.46,0.0,30.0,beat_this
0004_abc.wav,24.1,0.0,30.0,beat_this
0004_abc.wav,24.74,0.0,30.0,beat_this
0004_abc.wav,25.36,0.0,30.0,beat_this
0004_abc.wav,26.0,0.0,30.0,beat_this
0004_abc.wav,26.64,0.0,30.0,beat_this
0004_abc.wav,27.28,0.0,30.0,beat_this
0004_abc.wav,27.92,0.0,30.0,beat_this
0004_abc.wav,28.56,0.0,30.0,beat_this
0004_abc.wav,29.18,0.0,30.0,beat_this
0004_abc.wav,29.82,0.0,30.0,beat_this
0005_again.wav,0.02,0.0,30.0,beat_this
0005_again.wav,0.38,0.0,30.0,beat_this
0005_again.wav,0.78,0.0,30.0,beat_this
0005_again.wav,1.16,0.0,30.0,beat_this
0005_again.wav,1.54,0.0,30.0,beat_this
0005_again.wav,1.94,0.0,30.0,beat_this
0005_again.wav,2.32,0.0,30.0,beat_this
0005_again.wav,2.7,0.0,30.0,beat_this
0005_again.wav,3.08,0.0,30.0,beat_this
0005_again.wav,3.48,0.0,30.0,beat_this
0005_again.wav,3.86,0.0,30.0,beat_this
0005_again.wav,4.24,0.0,30.0,beat_this
0005_again.wav,4.62,0.0,30.0,beat_this
0005_again.wav,5.0,0.0,30.0,beat_this
0005_again.wav,5.38,0.0,30.0,beat_this
0005_again.wav,5.78,0.0,30.0,beat_this
0005_again.wav,6.18,0.0,30.0,beat_this
0005_again.wav,6.56,0.0,30.0,beat_this
0005_again.wav,6.94,0.0,30.0,beat_this
0005_again.wav,7.32,0.0,30.0,beat_this
0005_again.wav,7.7,0.0,30.0,beat_this
0005_again.wav,8.1,0.0,30.0,beat_this
0005_again.wav,8.48,0.0,30.0,beat_this
0005_again.wav,8.86,0.0,30.0,beat_this
0005_again.wav,9.26,0.0,30.0,beat_this
0005_again.wav,9.62,0.0,30.0,beat_this
0005_again.wav,10.02,0.0,30.0,beat_this
0005_again.wav,10.4,0.0,30.0,beat_this
0005_again.wav,10.8,0.0,30.0,beat_this
0005_again.wav,11.18,0.0,30.0,beat_this
0005_again.wav,11.56,0.0,30.0,beat_this
0005_again.wav,11.94,0.0,30.0,beat_this
0005_again.wav,12.32,0.0,30.0,beat_this
0005_again.wav,12.72,0.0,30.0,beat_this
0005_again.wav,13.1,0.0,30.0,beat_this
0005_again.wav,13.48,0.0,30.0,beat_this
0005_again.wav,13.86,0.0,30.0,beat_this
0005_again.wav,14.24,0.0,30.0,beat_this
0005_again.wav,14.62,0.0,30.0,beat_this
0005_again.wav,15.02,0.0,30.0,beat_this
0005_again.wav,15.4,0.0,30.0,beat_this
0005_again.wav,15.78,0.0,30.0,beat_this
0005_again.wav,16.16,0.0,30.0,beat_this
0005_again.wav,16.56,0.0,30.0,beat_this
0005_again.wav,16.94,0.0,30.0,beat_this
0005_again.wav,17.32,0.0,30.0,beat_this
0005_again.wav,17.72,0.0,30.0,beat_this
0005_again.wav,18.1,0.0,30.0,beat_this
0005_again.wav,18.48,0.0,30.0,beat_this
0005_again.wav,18.86,0.0,30.0,beat_this
0005_again.wav,19.26,0.0,30.0,beat_this
0005_again.wav,19.64,0.0,30.0,beat_this
0005_again.wav,20.02,0.0,30.0,beat_this
0005_again.wav,20.4,0.0,30.0,beat_this
0005_again.wav,20.78,0.0,30.0,beat_this
0005_again.wav,21.16,0.0,30.0,beat_this
0005_again.wav,21.56,0.0,30.0,beat_this
0005_again.wav,21.94,0.0,30.0,beat_this
0005_again.wav,22.32,0.0,30.0,beat_this
0005_again.wav,22.7,0.0,30.0,beat_this
0005_again.wav,23.08,0.0,30.0,beat_this
0005_again.wav,23.48,0.0,30.0,beat_this
0005_again.wav,23.86,0.0,30.0,beat_this
0005_again.wav,24.24,0.0,30.0,beat_this
0005_again.wav,24.62,0.0,30.0,beat_this
0005_again.wav,25.02,0.0,30.0,beat_this
0005_again.wav,25.4,0.0,30.0,beat_this
0005_again.wav,25.78,0.0,30.0,beat_this
0005_again.wav,26.18,0.0,30.0,beat_this
0005_again.wav,26.56,0.0,30.0,beat_this
0005_again.wav,26.92,0.0,30.0,beat_this
0005_again.wav,27.32,0.0,30.0,beat_this
0005_again.wav,27.7,0.0,30.0,beat_this
0005_again.wav,28.08,0.0,30.0,beat_this
0005_again.wav,28.48,0.0,30.0,beat_this
0005_again.wav,28.86,0.0,30.0,beat_this
0005_again.wav,29.24,0.0,30.0,beat_this
0005_again.wav,29.64,0.0,30.0,beat_this
0005_again.wav,30.0,0.0,30.0,beat_this
001_youtube_fV4DiAyExN0.wav,0.4,0.0,30.0,beat_this
001_youtube_fV4DiAyExN0.wav,1.12,0.0,30.0,beat_this
001_youtube_fV4DiAyExN0.wav,1.86,0.0,30.0,beat_this
001_youtube_fV4DiAyExN0.wav,2.58,0.0,30.0,beat_this
001_youtube_fV4DiAyExN0.wav,3.3,0.0,30.0,beat_this
001_youtube_fV4DiAyExN0.wav,4.02,0.0,30.0,beat_this
001_youtube_fV4DiAyExN0.wav,4.74,0.0,30.0,beat_this
001_youtube_fV4DiAyExN0.wav,5.46,0.0,30.0,beat_this
001_youtube_fV4DiAyExN0.wav,6.2,0.0,30.0,beat_this
001_youtube_fV4DiAyExN0.wav,6.92,0.0,30.0,beat_this
001_youtube_fV4DiAyExN0.wav,7.64,0.0,30.0,beat_this
001_youtube_fV4DiAyExN0.wav,8.36,0.0,30.0,beat_this
001_youtube_fV4DiAyExN0.wav,9.08,0.0,30.0,beat_this
001_youtube_fV4DiAyExN0.wav,9.8,0.0,30.0,beat_this
001_youtube_fV4DiAyExN0.wav,10.54,0.0,30.0,beat_this
001_youtube_fV4DiAyExN0.wav,11.26,0.0,30.0,beat_this
001_youtube_fV4DiAyExN0.wav,11.98,0.0,30.0,beat_this
001_youtube_fV4DiAyExN0.wav,12.7,0.0,30.0,beat_this
001_youtube_fV4DiAyExN0.wav,13.42,0.0,30.0,beat_this
001_youtube_fV4DiAyExN0.wav,14.14,0.0,30.0,beat_this
001_youtube_fV4DiAyExN0.wav,14.86,0.0,30.0,beat_this
001_youtube_fV4DiAyExN0.wav,15.58,0.0,30.0,beat_this
001_youtube_fV4DiAyExN0.wav,16.32,0.0,30.0,beat_this
001_youtube_fV4DiAyExN0.wav,17.02,0.0,30.0,beat_this
001_youtube_fV4DiAyExN0.wav,17.76,0.0,30.0,beat_this
001_youtube_fV4DiAyExN0.wav,18.48,0.0,30.0,beat_this
001_youtube_fV4DiAyExN0.wav,19.2,0.0,30.0,beat_this
001_youtube_fV4DiAyExN0.wav,19.92,0.0,30.0,beat_this
001_youtube_fV4DiAyExN0.wav,20.64,0.0,30.0,beat_this
001_youtube_fV4DiAyExN0.wav,21.36,0.0,30.0,beat_this
001_youtube_fV4DiAyExN0.wav,22.1,0.0,30.0,beat_this
001_youtube_fV4DiAyExN0.wav,22.82,0.0,30.0,beat_this
001_youtube_fV4DiAyExN0.wav,23.54,0.0,30.0,beat_this
001_youtube_fV4DiAyExN0.wav,24.26,0.0,30.0,beat_this
001_youtube_fV4DiAyExN0.wav,24.98,0.0,30.0,beat_this
001_youtube_fV4DiAyExN0.wav,25.7,0.0,30.0,beat_this
001_youtube_fV4DiAyExN0.wav,26.44,0.0,30.0,beat_this
001_youtube_fV4DiAyExN0.wav,27.16,0.0,30.0,beat_this
001_youtube_fV4DiAyExN0.wav,27.88,0.0,30.0,beat_this
001_youtube_fV4DiAyExN0.wav,28.6,0.0,30.0,beat_this
001_youtube_fV4DiAyExN0.wav,29.32,0.0,30.0,beat_this
002_youtube_CvMfvuJsYmE.wav,0.0,0.0,30.0,beat_this
002_youtube_CvMfvuJsYmE.wav,0.44,0.0,30.0,beat_this
002_youtube_CvMfvuJsYmE.wav,0.88,0.0,30.0,beat_this
002_youtube_CvMfvuJsYmE.wav,1.34,0.0,30.0,beat_this
002_youtube_CvMfvuJsYmE.wav,1.78,0.0,30.0,beat_this
002_youtube_CvMfvuJsYmE.wav,2.24,0.0,30.0,beat_this
002_youtube_CvMfvuJsYmE.wav,2.68,0.0,30.0,beat_this
002_youtube_CvMfvuJsYmE.wav,3.12,0.0,30.0,beat_this
002_youtube_CvMfvuJsYmE.wav,3.56,0.0,30.0,beat_this
002_youtube_CvMfvuJsYmE.wav,4.02,0.0,30.0,beat_this
002_youtube_CvMfvuJsYmE.wav,4.46,0.0,30.0,beat_this
002_youtube_CvMfvuJsYmE.wav,4.92,0.0,30.0,beat_this
002_youtube_CvMfvuJsYmE.wav,5.36,0.0,30.0,beat_this
002_youtube_CvMfvuJsYmE.wav,5.8,0.0,30.0,beat_this
002_youtube_CvMfvuJsYmE.wav,6.26,0.0,30.0,beat_this
002_youtube_CvMfvuJsYmE.wav,6.7,0.0,30.0,beat_this
002_youtube_CvMfvuJsYmE.wav,7.16,0.0,30.0,beat_this
002_youtube_CvMfvuJsYmE.wav,7.6,0.0,30.0,beat_this
002_youtube_CvMfvuJsYmE.wav,8.04,0.0,30.0,beat_this
002_youtube_CvMfvuJsYmE.wav,8.48,0.0,30.0,beat_this
002_youtube_CvMfvuJsYmE.wav,8.94,0.0,30.0,beat_this
002_youtube_CvMfvuJsYmE.wav,9.38,0.0,30.0,beat_this
002_youtube_CvMfvuJsYmE.wav,9.82,0.0,30.0,beat_this
002_youtube_CvMfvuJsYmE.wav,10.28,0.0,30.0,beat_this
002_youtube_CvMfvuJsYmE.wav,10.72,0.0,30.0,beat_this
002_youtube_CvMfvuJsYmE.wav,11.18,0.0,30.0,beat_this
002_youtube_CvMfvuJsYmE.wav,11.62,0.0,30.0,beat_this
002_youtube_CvMfvuJsYmE.wav,12.08,0.0,30.0,beat_this
002_youtube_CvMfvuJsYmE.wav,12.52,0.0,30.0,beat_this
002_youtube_CvMfvuJsYmE.wav,12.98,0.0,30.0,beat_this
002_youtube_CvMfvuJsYmE.wav,13.42,0.0,30.0,beat_this
002_youtube_CvMfvuJsYmE.wav,13.86,0.0,30.0,beat_this
002_youtube_CvMfvuJsYmE.wav,14.3,0.0,30.0,beat_this
002_youtube_CvMfvuJsYmE.wav,14.76,0.0,30.0,beat_this
002_youtube_CvMfvuJsYmE.wav,15.2,0.0,30.0,beat_this
002_youtube_CvMfvuJsYmE.wav,15.66,0.0,30.0,beat_this
002_youtube_CvMfvuJsYmE.wav,16.12,0.0,30.0,beat_this
002_youtube_CvMfvuJsYmE.wav,16.56,0.0,30.0,beat_this
002_youtube_CvMfvuJsYmE.wav,17.02,0.0,30.0,beat_this
002_youtube_CvMfvuJsYmE.wav,17.46,0.0,30.0,beat_this
002_youtube_CvMfvuJsYmE.wav,17.9,0.0,30.0,beat_this
002_youtube_CvMfvuJsYmE.wav,18.36,0.0,30.0,beat_this
002_youtube_CvMfvuJsYmE.wav,18.8,0.0,30.0,beat_this
002_youtube_CvMfvuJsYmE.wav,19.26,0.0,30.0,beat_this
002_youtube_CvMfvuJsYmE.wav,19.7,0.0,30.0,beat_this
002_youtube_CvMfvuJsYmE.wav,20.14,0.0,30.0,beat_this
002_youtube_CvMfvuJsYmE.wav,20.58,0.0,30.0,beat_this
002_youtube_CvMfvuJsYmE.wav,21.04,0.0,30.0,beat_this
002_youtube_CvMfvuJsYmE.wav,21.48,0.0,30.0,beat_this
002_youtube_CvMfvuJsYmE.wav,21.94,0.0,30.0,beat_this
002_youtube_CvMfvuJsYmE.wav,22.38,0.0,30.0,beat_this
002_youtube_CvMfvuJsYmE.wav,22.84,0.0,30.0,beat_this
002_youtube_CvMfvuJsYmE.wav,23.28,0.0,30.0,beat_this
002_youtube_CvMfvuJsYmE.wav,23.72,0.0,30.0,beat_this
002_youtube_CvMfvuJsYmE.wav,24.18,0.0,30.0,beat_this
002_youtube_CvMfvuJsYmE.wav,24.62,0.0,30.0,beat_this
002_youtube_CvMfvuJsYmE.wav,25.08,0.0,30.0,beat_this
002_youtube_CvMfvuJsYmE.wav,25.54,0.0,30.0,beat_this
002_youtube_CvMfvuJsYmE.wav,25.98,0.0,30.0,beat_this
002_youtube_CvMfvuJsYmE.wav,26.42,0.0,30.0,beat_this
002_youtube_CvMfvuJsYmE.wav,26.88,0.0,30.0,beat_this
002_youtube_CvMfvuJsYmE.wav,27.3,0.0,30.0,beat_this
002_youtube_CvMfvuJsYmE.wav,27.76,0.0,30.0,beat_this
002_youtube_CvMfvuJsYmE.wav,28.2,0.0,30.0,beat_this
002_youtube_CvMfvuJsYmE.wav,28.66,0.0,30.0,beat_this
002_youtube_CvMfvuJsYmE.wav,29.1,0.0,30.0,beat_this
002_youtube_CvMfvuJsYmE.wav,29.54,0.0,30.0,beat_this
002_youtube_CvMfvuJsYmE.wav,29.98,0.0,30.0,beat_this
003_youtube_tXjqKzX28LI.wav,0.0,0.0,30.0,beat_this
003_youtube_tXjqKzX28LI.wav,0.38,0.0,30.0,beat_this
003_youtube_tXjqKzX28LI.wav,0.78,0.0,30.0,beat_this
003_youtube_tXjqKzX28LI.wav,1.16,0.0,30.0,beat_this
003_youtube_tXjqKzX28LI.wav,1.58,0.0,30.0,beat_this
003_youtube_tXjqKzX28LI.wav,1.98,0.0,30.0,beat_this
003_youtube_tXjqKzX28LI.wav,2.38,0.0,30.0,beat_this
003_youtube_tXjqKzX28LI.wav,2.78,0.0,30.0,beat_this
003_youtube_tXjqKzX28LI.wav,3.18,0.0,30.0,beat_this
003_youtube_tXjqKzX28LI.wav,3.56,0.0,30.0,beat_this
003_youtube_tXjqKzX28LI.wav,3.96,0.0,30.0,beat_this
003_youtube_tXjqKzX28LI.wav,4.36,0.0,30.0,beat_this
003_youtube_tXjqKzX28LI.wav,4.76,0.0,30.0,beat_this
003_youtube_tXjqKzX28LI.wav,5.16,0.0,30.0,beat_this
003_youtube_tXjqKzX28LI.wav,5.56,0.0,30.0,beat_this
003_youtube_tXjqKzX28LI.wav,5.96,0.0,30.0,beat_this
003_youtube_tXjqKzX28LI.wav,6.36,0.0,30.0,beat_this
003_youtube_tXjqKzX28LI.wav,6.76,0.0,30.0,beat_this
003_youtube_tXjqKzX28LI.wav,7.16,0.0,30.0,beat_this
003_youtube_tXjqKzX28LI.wav,7.56,0.0,30.0,beat_this
003_youtube_tXjqKzX28LI.wav,7.96,0.0,30.0,beat_this
003_youtube_tXjqKzX28LI.wav,8.38,0.0,30.0,beat_this
003_youtube_tXjqKzX28LI.wav,8.76,0.0,30.0,beat_this
003_youtube_tXjqKzX28LI.wav,9.16,0.0,30.0,beat_this
003_youtube_tXjqKzX28LI.wav,9.56,0.0,30.0,beat_this
003_youtube_tXjqKzX28LI.wav,9.96,0.0,30.0,beat_this
003_youtube_tXjqKzX28LI.wav,10.36,0.0,30.0,beat_this
003_youtube_tXjqKzX28LI.wav,10.76,0.0,30.0,beat_this
003_youtube_tXjqKzX28LI.wav,11.14,0.0,30.0,beat_this
003_youtube_tXjqKzX28LI.wav,11.56,0.0,30.0,beat_this
003_youtube_tXjqKzX28LI.wav,11.96,0.0,30.0,beat_this
003_youtube_tXjqKzX28LI.wav,12.36,0.0,30.0,beat_this
003_youtube_tXjqKzX28LI.wav,12.76,0.0,30.0,beat_this
003_youtube_tXjqKzX28LI.wav,13.16,0.0,30.0,beat_this
003_youtube_tXjqKzX28LI.wav,13.56,0.0,30.0,beat_this
003_youtube_tXjqKzX28LI.wav,13.96,0.0,30.0,beat_this
003_youtube_tXjqKzX28LI.wav,14.36,0.0,30.0,beat_this
003_youtube_tXjqKzX28LI.wav,14.76,0.0,30.0,beat_this
003_youtube_tXjqKzX28LI.wav,15.16,0.0,30.0,beat_this
003_youtube_tXjqKzX28LI.wav,15.56,0.0,30.0,beat_this
003_youtube_tXjqKzX28LI.wav,15.96,0.0,30.0,beat_this
003_youtube_tXjqKzX28LI.wav,16.36,0.0,30.0,beat_this
003_youtube_tXjqKzX28LI.wav,16.76,0.0,30.0,beat_this
003_youtube_tXjqKzX28LI.wav,17.16,0.0,30.0,beat_this
003_youtube_tXjqKzX28LI.wav,17.56,0.0,30.0,beat_this
003_youtube_tXjqKzX28LI.wav,17.96,0.0,30.0,beat_this
003_youtube_tXjqKzX28LI.wav,18.36,0.0,30.0,beat_this
003_youtube_tXjqKzX28LI.wav,18.76,0.0,30.0,beat_this
003_youtube_tXjqKzX28LI.wav,19.16,0.0,30.0,beat_this
003_youtube_tXjqKzX28LI.wav,19.58,0.0,30.0,beat_this
003_youtube_tXjqKzX28LI.wav,19.96,0.0,30.0,beat_this
003_youtube_tXjqKzX28LI.wav,20.36,0.0,30.0,beat_this
003_youtube_tXjqKzX28LI.wav,20.76,0.0,30.0,beat_this
003_youtube_tXjqKzX28LI.wav,21.18,0.0,30.0,beat_this
003_youtube_tXjqKzX28LI.wav,21.56,0.0,30.0,beat_this
003_youtube_tXjqKzX28LI.wav,21.94,0.0,30.0,beat_this
003_youtube_tXjqKzX28LI.wav,22.36,0.0,30.0,beat_this
003_youtube_tXjqKzX28LI.wav,22.76,0.0,30.0,beat_this
003_youtube_tXjqKzX28LI.wav,23.14,0.0,30.0,beat_this
003_youtube_tXjqKzX28LI.wav,23.54,0.0,30.0,beat_this
003_youtube_tXjqKzX28LI.wav,23.94,0.0,30.0,beat_this
003_youtube_tXjqKzX28LI.wav,24.34,0.0,30.0,beat_this
003_youtube_tXjqKzX28LI.wav,24.74,0.0,30.0,beat_this
003_youtube_tXjqKzX28LI.wav,25.14,0.0,30.0,beat_this
003_youtube_tXjqKzX28LI.wav,25.54,0.0,30.0,beat_this
003_youtube_tXjqKzX28LI.wav,25.94,0.0,30.0,beat_this
003_youtube_tXjqKzX28LI.wav,26.36,0.0,30.0,beat_this
003_youtube_tXjqKzX28LI.wav,26.74,0.0,30.0,beat_this
003_youtube_tXjqKzX28LI.wav,27.16,0.0,30.0,beat_this
003_youtube_tXjqKzX28LI.wav,27.56,0.0,30.0,beat_this
003_youtube_tXjqKzX28LI.wav,27.94,0.0,30.0,beat_this
003_youtube_tXjqKzX28LI.wav,28.34,0.0,30.0,beat_this
003_youtube_tXjqKzX28LI.wav,28.74,0.0,30.0,beat_this
003_youtube_tXjqKzX28LI.wav,29.14,0.0,30.0,beat_this
003_youtube_tXjqKzX28LI.wav,29.56,0.0,30.0,beat_this
003_youtube_tXjqKzX28LI.wav,29.94,0.0,30.0,beat_this
004_youtube_IwOfCgkyEj0.wav,0.0,0.0,30.0,beat_this
004_youtube_IwOfCgkyEj0.wav,0.6,0.0,30.0,beat_this
004_youtube_IwOfCgkyEj0.wav,1.2,0.0,30.0,beat_this
004_youtube_IwOfCgkyEj0.wav,1.82,0.0,30.0,beat_this
004_youtube_IwOfCgkyEj0.wav,2.44,0.0,30.0,beat_this
004_youtube_IwOfCgkyEj0.wav,3.04,0.0,30.0,beat_this
004_youtube_IwOfCgkyEj0.wav,3.66,0.0,30.0,beat_this
004_youtube_IwOfCgkyEj0.wav,4.28,0.0,30.0,beat_this
004_youtube_IwOfCgkyEj0.wav,4.88,0.0,30.0,beat_this
004_youtube_IwOfCgkyEj0.wav,5.5,0.0,30.0,beat_this
004_youtube_IwOfCgkyEj0.wav,6.1,0.0,30.0,beat_this
004_youtube_IwOfCgkyEj0.wav,6.7,0.0,30.0,beat_this
004_youtube_IwOfCgkyEj0.wav,7.32,0.0,30.0,beat_this
004_youtube_IwOfCgkyEj0.wav,7.92,0.0,30.0,beat_this
004_youtube_IwOfCgkyEj0.wav,8.54,0.0,30.0,beat_this
004_youtube_IwOfCgkyEj0.wav,9.14,0.0,30.0,beat_this
004_youtube_IwOfCgkyEj0.wav,9.76,0.0,30.0,beat_this
004_youtube_IwOfCgkyEj0.wav,10.36,0.0,30.0,beat_this
004_youtube_IwOfCgkyEj0.wav,10.98,0.0,30.0,beat_this
004_youtube_IwOfCgkyEj0.wav,11.6,0.0,30.0,beat_this
004_youtube_IwOfCgkyEj0.wav,12.22,0.0,30.0,beat_this
004_youtube_IwOfCgkyEj0.wav,12.82,0.0,30.0,beat_this
004_youtube_IwOfCgkyEj0.wav,13.44,0.0,30.0,beat_this
004_youtube_IwOfCgkyEj0.wav,14.04,0.0,30.0,beat_this
004_youtube_IwOfCgkyEj0.wav,14.66,0.0,30.0,beat_this
004_youtube_IwOfCgkyEj0.wav,15.26,0.0,30.0,beat_this
004_youtube_IwOfCgkyEj0.wav,15.86,0.0,30.0,beat_this
004_youtube_IwOfCgkyEj0.wav,16.46,0.0,30.0,beat_this
004_youtube_IwOfCgkyEj0.wav,17.08,0.0,30.0,beat_this
004_youtube_IwOfCgkyEj0.wav,17.68,0.0,30.0,beat_this
004_youtube_IwOfCgkyEj0.wav,18.3,0.0,30.0,beat_this
004_youtube_IwOfCgkyEj0.wav,18.9,0.0,30.0,beat_this
004_youtube_IwOfCgkyEj0.wav,19.52,0.0,30.0,beat_this
004_youtube_IwOfCgkyEj0.wav,20.12,0.0,30.0,beat_this
004_youtube_IwOfCgkyEj0.wav,20.72,0.0,30.0,beat_this
004_youtube_IwOfCgkyEj0.wav,21.32,0.0,30.0,beat_this
004_youtube_IwOfCgkyEj0.wav,21.94,0.0,30.0,beat_this
004_youtube_IwOfCgkyEj0.wav,22.54,0.0,30.0,beat_this
004_youtube_IwOfCgkyEj0.wav,23.16,0.0,30.0,beat_this
004_youtube_IwOfCgkyEj0.wav,23.76,0.0,30.0,beat_this
004_youtube_IwOfCgkyEj0.wav,24.38,0.0,30.0,beat_this
004_youtube_IwOfCgkyEj0.wav,24.98,0.0,30.0,beat_this
004_youtube_IwOfCgkyEj0.wav,25.58,0.0,30.0,beat_this
004_youtube_IwOfCgkyEj0.wav,26.18,0.0,30.0,beat_this
004_youtube_IwOfCgkyEj0.wav,26.82,0.0,30.0,beat_this
004_youtube_IwOfCgkyEj0.wav,27.42,0.0,30.0,beat_this
004_youtube_IwOfCgkyEj0.wav,28.04,0.0,30.0,beat_this
004_youtube_IwOfCgkyEj0.wav,28.66,0.0,30.0,beat_this
004_youtube_IwOfCgkyEj0.wav,29.28,0.0,30.0,beat_this
004_youtube_IwOfCgkyEj0.wav,29.88,0.0,30.0,beat_this
0054_conceited.wav,0.26,0.0,30.0,beat_this
0054_conceited.wav,0.86,0.0,30.0,beat_this
0054_conceited.wav,1.48,0.0,30.0,beat_this
0054_conceited.wav,2.06,0.0,30.0,beat_this
0054_conceited.wav,2.68,0.0,30.0,beat_this
0054_conceited.wav,3.28,0.0,30.0,beat_this
0054_conceited.wav,3.88,0.0,30.0,beat_this
0054_conceited.wav,4.48,0.0,30.0,beat_this
0054_conceited.wav,5.08,0.0,30.0,beat_this
0054_conceited.wav,5.7,0.0,30.0,beat_this
0054_conceited.wav,6.3,0.0,30.0,beat_this
0054_conceited.wav,6.9,0.0,30.0,beat_this
0054_conceited.wav,7.5,0.0,30.0,beat_this
0054_conceited.wav,8.08,0.0,30.0,beat_this
0054_conceited.wav,8.7,0.0,30.0,beat_this
0054_conceited.wav,9.3,0.0,30.0,beat_this
0054_conceited.wav,9.9,0.0,30.0,beat_this
0054_conceited.wav,10.5,0.0,30.0,beat_this
0054_conceited.wav,11.12,0.0,30.0,beat_this
0054_conceited.wav,11.72,0.0,30.0,beat_this
0054_conceited.wav,12.32,0.0,30.0,beat_this
0054_conceited.wav,12.92,0.0,30.0,beat_this
0054_conceited.wav,13.54,0.0,30.0,beat_this
0054_conceited.wav,14.14,0.0,30.0,beat_this
0054_conceited.wav,14.74,0.0,30.0,beat_this
0054_conceited.wav,15.34,0.0,30.0,beat_this
0054_conceited.wav,15.94,0.0,30.0,beat_this
0054_conceited.wav,16.54,0.0,30.0,beat_this
0054_conceited.wav,17.14,0.0,30.0,beat_this
0054_conceited.wav,17.74,0.0,30.0,beat_this
0054_conceited.wav,18.34,0.0,30.0,beat_this
0054_conceited.wav,18.94,0.0,30.0,beat_this
0054_conceited.wav,19.56,0.0,30.0,beat_this
0054_conceited.wav,20.16,0.0,30.0,beat_this
0054_conceited.wav,20.76,0.0,30.0,beat_this
0054_conceited.wav,21.36,0.0,30.0,beat_this
0054_conceited.wav,21.98,0.0,30.0,beat_this
0054_conceited.wav,22.58,0.0,30.0,beat_this
0054_conceited.wav,23.18,0.0,30.0,beat_this
0054_conceited.wav,23.78,0.0,30.0,beat_this
0054_conceited.wav,24.38,0.0,30.0,beat_this
0054_conceited.wav,25.0,0.0,30.0,beat_this
0054_conceited.wav,25.6,0.0,30.0,beat_this
0054_conceited.wav,26.2,0.0,30.0,beat_this
0054_conceited.wav,26.8,0.0,30.0,beat_this
0054_conceited.wav,27.4,0.0,30.0,beat_this
0054_conceited.wav,28.0,0.0,30.0,beat_this
0054_conceited.wav,28.6,0.0,30.0,beat_this
0054_conceited.wav,29.22,0.0,30.0,beat_this
0054_conceited.wav,29.8,0.0,30.0,beat_this
005_youtube_RB-RcX5DS5A.wav,0.72,0.0,30.0,beat_this
005_youtube_RB-RcX5DS5A.wav,1.54,0.0,30.0,beat_this
005_youtube_RB-RcX5DS5A.wav,2.34,0.0,30.0,beat_this
005_youtube_RB-RcX5DS5A.wav,3.16,0.0,30.0,beat_this
005_youtube_RB-RcX5DS5A.wav,4.0,0.0,30.0,beat_this
005_youtube_RB-RcX5DS5A.wav,4.8,0.0,30.0,beat_this
005_youtube_RB-RcX5DS5A.wav,5.62,0.0,30.0,beat_this
005_youtube_RB-RcX5DS5A.wav,6.44,0.0,30.0,beat_this
005_youtube_RB-RcX5DS5A.wav,7.26,0.0,30.0,beat_this
005_youtube_RB-RcX5DS5A.wav,8.08,0.0,30.0,beat_this
005_youtube_RB-RcX5DS5A.wav,8.9,0.0,30.0,beat_this
005_youtube_RB-RcX5DS5A.wav,9.72,0.0,30.0,beat_this
005_youtube_RB-RcX5DS5A.wav,10.54,0.0,30.0,beat_this
005_youtube_RB-RcX5DS5A.wav,11.36,0.0,30.0,beat_this
005_youtube_RB-RcX5DS5A.wav,12.16,0.0,30.0,beat_this
005_youtube_RB-RcX5DS5A.wav,13.0,0.0,30.0,beat_this
005_youtube_RB-RcX5DS5A.wav,13.82,0.0,30.0,beat_this
005_youtube_RB-RcX5DS5A.wav,14.64,0.0,30.0,beat_this
005_youtube_RB-RcX5DS5A.wav,15.46,0.0,30.0,beat_this
005_youtube_RB-RcX5DS5A.wav,16.28,0.0,30.0,beat_this
005_youtube_RB-RcX5DS5A.wav,17.1,0.0,30.0,beat_this
005_youtube_RB-RcX5DS5A.wav,17.9,0.0,30.0,beat_this
005_youtube_RB-RcX5DS5A.wav,18.72,0.0,30.0,beat_this
005_youtube_RB-RcX5DS5A.wav,19.54,0.0,30.0,beat_this
005_youtube_RB-RcX5DS5A.wav,20.36,0.0,30.0,beat_this
005_youtube_RB-RcX5DS5A.wav,21.18,0.0,30.0,beat_this
005_youtube_RB-RcX5DS5A.wav,22.0,0.0,30.0,beat_this
005_youtube_RB-RcX5DS5A.wav,22.82,0.0,30.0,beat_this
005_youtube_RB-RcX5DS5A.wav,23.64,0.0,30.0,beat_this
005_youtube_RB-RcX5DS5A.wav,24.46,0.0,30.0,beat_this
005_youtube_RB-RcX5DS5A.wav,25.28,0.0,30.0,beat_this
005_youtube_RB-RcX5DS5A.wav,26.1,0.0,30.0,beat_this
005_youtube_RB-RcX5DS5A.wav,26.92,0.0,30.0,beat_this
005_youtube_RB-RcX5DS5A.wav,27.74,0.0,30.0,beat_this
005_youtube_RB-RcX5DS5A.wav,28.56,0.0,30.0,beat_this
005_youtube_RB-RcX5DS5A.wav,29.38,0.0,30.0,beat_this
00_Funk3-98-A_comp_mix.wav,0.02,0.0,30.0,beat_this
00_Funk3-98-A_comp_mix.wav,0.62,0.0,30.0,beat_this
00_Funk3-98-A_comp_mix.wav,1.24,0.0,30.0,beat_this
00_Funk3-98-A_comp_mix.wav,1.86,0.0,30.0,beat_this
00_Funk3-98-A_comp_mix.wav,2.46,0.0,30.0,beat_this
00_Funk3-98-A_comp_mix.wav,3.06,0.0,30.0,beat_this
00_Funk3-98-A_comp_mix.wav,3.68,0.0,30.0,beat_this
00_Funk3-98-A_comp_mix.wav,4.3,0.0,30.0,beat_this
00_Funk3-98-A_comp_mix.wav,4.92,0.0,30.0,beat_this
00_Funk3-98-A_comp_mix.wav,5.54,0.0,30.0,beat_this
00_Funk3-98-A_comp_mix.wav,6.12,0.0,30.0,beat_this
00_Funk3-98-A_comp_mix.wav,6.74,0.0,30.0,beat_this
00_Funk3-98-A_comp_mix.wav,7.36,0.0,30.0,beat_this
00_Funk3-98-A_comp_mix.wav,7.94,0.0,30.0,beat_this
00_Funk3-98-A_comp_mix.wav,8.58,0.0,30.0,beat_this
00_Funk3-98-A_comp_mix.wav,9.16,0.0,30.0,beat_this
00_Funk3-98-A_comp_mix.wav,9.78,0.0,30.0,beat_this
00_Funk3-98-A_comp_mix.wav,10.38,0.0,30.0,beat_this
00_Funk3-98-A_comp_mix.wav,10.98,0.0,30.0,beat_this
00_Funk3-98-A_comp_mix.wav,11.62,0.0,30.0,beat_this
00_Funk3-98-A_comp_mix.wav,12.24,0.0,30.0,beat_this
00_Funk3-98-A_comp_mix.wav,12.84,0.0,30.0,beat_this
00_Funk3-98-A_comp_mix.wav,13.46,0.0,30.0,beat_this
00_Funk3-98-A_comp_mix.wav,14.08,0.0,30.0,beat_this
00_Funk3-98-A_comp_mix.wav,14.68,0.0,30.0,beat_this
00_Funk3-98-A_comp_mix.wav,15.28,0.0,30.0,beat_this
00_Funk3-98-A_comp_mix.wav,15.9,0.0,30.0,beat_this
00_Funk3-98-A_comp_mix.wav,16.54,0.0,30.0,beat_this
00_Funk3-98-A_comp_mix.wav,17.14,0.0,30.0,beat_this
00_Funk3-98-A_comp_mix.wav,17.74,0.0,30.0,beat_this
00_Funk3-98-A_comp_mix.wav,18.36,0.0,30.0,beat_this
00_Funk3-98-A_comp_mix.wav,18.98,0.0,30.0,beat_this
00_Funk3-98-A_comp_mix.wav,19.58,0.0,30.0,beat_this
00_Funk3-98-A_comp_mix.wav,20.22,0.0,30.0,beat_this
00_Funk3-98-A_comp_mix.wav,20.84,0.0,30.0,beat_this
00_Funk3-98-A_comp_mix.wav,21.44,0.0,30.0,beat_this
00_Funk3-98-A_comp_mix.wav,22.04,0.0,30.0,beat_this
00_Funk3-98-A_comp_mix.wav,22.64,0.0,30.0,beat_this
00_Funk3-98-A_comp_mix.wav,23.28,0.0,30.0,beat_this
00_Funk3-98-A_comp_mix.wav,23.92,0.0,30.0,beat_this
00_Funk3-98-A_comp_mix.wav,24.5,0.0,30.0,beat_this
00_Funk3-98-A_comp_mix.wav,25.14,0.0,30.0,beat_this
00_Funk3-98-A_comp_mix.wav,25.76,0.0,30.0,beat_this
00_Funk3-98-A_comp_mix.wav,26.32,0.0,30.0,beat_this
00_Funk3-98-A_comp_mix.wav,26.92,0.0,30.0,beat_this
00_Funk3-98-A_comp_mix.wav,27.52,0.0,30.0,beat_this
00_Funk3-98-A_comp_mix.wav,28.16,0.0,30.0,beat_this
00_Funk3-98-A_comp_mix.wav,28.76,0.0,30.0,beat_this
00_Funk3-98-A_comp_mix.wav,29.36,0.0,30.0,beat_this
00_Funk3-98-A_comp_mix.wav,29.98,0.0,30.0,beat_this
00_Rock2-85-F_comp_mix.wav,0.0,0.0,30.0,beat_this
00_Rock2-85-F_comp_mix.wav,0.7,0.0,30.0,beat_this
00_Rock2-85-F_comp_mix.wav,1.4,0.0,30.0,beat_this
00_Rock2-85-F_comp_mix.wav,2.1,0.0,30.0,beat_this
00_Rock2-85-F_comp_mix.wav,2.8,0.0,30.0,beat_this
00_Rock2-85-F_comp_mix.wav,3.5,0.0,30.0,beat_this
00_Rock2-85-F_comp_mix.wav,4.22,0.0,30.0,beat_this
00_Rock2-85-F_comp_mix.wav,4.92,0.0,30.0,beat_this
00_Rock2-85-F_comp_mix.wav,5.64,0.0,30.0,beat_this
00_Rock2-85-F_comp_mix.wav,6.32,0.0,30.0,beat_this
00_Rock2-85-F_comp_mix.wav,7.04,0.0,30.0,beat_this
00_Rock2-85-F_comp_mix.wav,7.76,0.0,30.0,beat_this
00_Rock2-85-F_comp_mix.wav,8.46,0.0,30.0,beat_this
00_Rock2-85-F_comp_mix.wav,9.16,0.0,30.0,beat_this
00_Rock2-85-F_comp_mix.wav,9.88,0.0,30.0,beat_this
00_Rock2-85-F_comp_mix.wav,10.58,0.0,30.0,beat_this
00_Rock2-85-F_comp_mix.wav,11.3,0.0,30.0,beat_this
00_Rock2-85-F_comp_mix.wav,12.02,0.0,30.0,beat_this
00_Rock2-85-F_comp_mix.wav,12.72,0.0,30.0,beat_this
00_Rock2-85-F_comp_mix.wav,13.42,0.0,30.0,beat_this
00_Rock2-85-F_comp_mix.wav,14.12,0.0,30.0,beat_this
00_Rock2-85-F_comp_mix.wav,14.82,0.0,30.0,beat_this
00_Rock2-85-F_comp_mix.wav,15.52,0.0,30.0,beat_this
00_Rock2-85-F_comp_mix.wav,16.22,0.0,30.0,beat_this
00_Rock2-85-F_comp_mix.wav,16.92,0.0,30.0,beat_this
00_Rock2-85-F_comp_mix.wav,17.64,0.0,30.0,beat_this
00_Rock2-85-F_comp_mix.wav,18.36,0.0,30.0,beat_this
00_Rock2-85-F_comp_mix.wav,19.06,0.0,30.0,beat_this
00_Rock2-85-F_comp_mix.wav,19.78,0.0,30.0,beat_this
00_Rock2-85-F_comp_mix.wav,20.48,0.0,30.0,beat_this
00_Rock2-85-F_comp_mix.wav,21.2,0.0,30.0,beat_this
00_Rock2-85-F_comp_mix.wav,21.92,0.0,30.0,beat_this
00_Rock2-85-F_comp_mix.wav,22.62,0.0,30.0,beat_this
00_Rock2-85-F_comp_mix.wav,23.32,0.0,30.0,beat_this
00_Rock2-85-F_comp_mix.wav,24.0,0.0,30.0,beat_this
00_Rock2-85-F_comp_mix.wav,24.7,0.0,30.0,beat_this
00_Rock2-85-F_comp_mix.wav,25.42,0.0,30.0,beat_this
00_Rock2-85-F_comp_mix.wav,26.12,0.0,30.0,beat_this
00_Rock2-85-F_comp_mix.wav,26.82,0.0,30.0,beat_this
00_Rock2-85-F_comp_mix.wav,27.54,0.0,30.0,beat_this
00_Rock2-85-F_comp_mix.wav,28.22,0.0,30.0,beat_this
00_Rock2-85-F_comp_mix.wav,28.94,0.0,30.0,beat_this
00_Rock2-85-F_comp_mix.wav,29.64,0.0,30.0,beat_this
00_SS1-68-E_comp_mix.wav,0.92,0.0,30.0,beat_this
00_SS1-68-E_comp_mix.wav,1.78,0.0,30.0,beat_this
00_SS1-68-E_comp_mix.wav,2.7,0.0,30.0,beat_this
00_SS1-68-E_comp_mix.wav,3.52,0.0,30.0,beat_this
00_SS1-68-E_comp_mix.wav,4.44,0.0,30.0,beat_this
00_SS1-68-E_comp_mix.wav,5.34,0.0,30.0,beat_this
00_SS1-68-E_comp_mix.wav,6.22,0.0,30.0,beat_this
00_SS1-68-E_comp_mix.wav,7.06,0.0,30.0,beat_this
00_SS1-68-E_comp_mix.wav,7.92,0.0,30.0,beat_this
00_SS1-68-E_comp_mix.wav,8.8,0.0,30.0,beat_this
00_SS1-68-E_comp_mix.wav,9.7,0.0,30.0,beat_this
00_SS1-68-E_comp_mix.wav,10.58,0.0,30.0,beat_this
00_SS1-68-E_comp_mix.wav,11.52,0.0,30.0,beat_this
00_SS1-68-E_comp_mix.wav,12.38,0.0,30.0,beat_this
00_SS1-68-E_comp_mix.wav,13.24,0.0,30.0,beat_this
00_SS1-68-E_comp_mix.wav,14.08,0.0,30.0,beat_this
00_SS1-68-E_comp_mix.wav,14.98,0.0,30.0,beat_this
00_SS1-68-E_comp_mix.wav,15.9,0.0,30.0,beat_this
00_SS1-68-E_comp_mix.wav,16.8,0.0,30.0,beat_this
00_SS1-68-E_comp_mix.wav,17.7,0.0,30.0,beat_this
00_SS1-68-E_comp_mix.wav,18.58,0.0,30.0,beat_this
00_SS1-68-E_comp_mix.wav,19.44,0.0,30.0,beat_this
00_SS1-68-E_comp_mix.wav,20.28,0.0,30.0,beat_this
00_SS1-68-E_comp_mix.wav,21.18,0.0,30.0,beat_this
00_SS1-68-E_comp_mix.wav,22.1,0.0,30.0,beat_this
00_SS1-68-E_comp_mix.wav,22.9,0.0,30.0,beat_this
00_SS1-68-E_comp_mix.wav,23.84,0.0,30.0,beat_this
00_SS1-68-E_comp_mix.wav,24.72,0.0,30.0,beat_this
00_SS1-68-E_comp_mix.wav,25.6,0.0,30.0,beat_this
00_SS1-68-E_comp_mix.wav,26.48,0.0,30.0,beat_this
00_SS1-68-E_comp_mix.wav,27.36,0.0,30.0,beat_this
00_SS1-68-E_comp_mix.wav,28.22,0.0,30.0,beat_this
00_SS1-68-E_comp_mix.wav,29.1,0.0,30.0,beat_this
00_SS1-68-E_comp_mix.wav,29.98,0.0,30.0,beat_this
00_SS2-88-F_comp_mix.wav,0.02,0.0,30.0,beat_this
00_SS2-88-F_comp_mix.wav,0.72,0.0,30.0,beat_this
00_SS2-88-F_comp_mix.wav,1.42,0.0,30.0,beat_this
00_SS2-88-F_comp_mix.wav,2.08,0.0,30.0,beat_this
00_SS2-88-F_comp_mix.wav,2.8,0.0,30.0,beat_this
00_SS2-88-F_comp_mix.wav,3.44,0.0,30.0,beat_this
00_SS2-88-F_comp_mix.wav,4.14,0.0,30.0,beat_this
00_SS2-88-F_comp_mix.wav,4.8,0.0,30.0,beat_this
00_SS2-88-F_comp_mix.wav,5.48,0.0,30.0,beat_this
00_SS2-88-F_comp_mix.wav,6.16,0.0,30.0,beat_this
00_SS2-88-F_comp_mix.wav,6.86,0.0,30.0,beat_this
00_SS2-88-F_comp_mix.wav,7.54,0.0,30.0,beat_this
00_SS2-88-F_comp_mix.wav,8.24,0.0,30.0,beat_this
00_SS2-88-F_comp_mix.wav,8.88,0.0,30.0,beat_this
00_SS2-88-F_comp_mix.wav,9.56,0.0,30.0,beat_this
00_SS2-88-F_comp_mix.wav,10.22,0.0,30.0,beat_this
00_SS2-88-F_comp_mix.wav,10.88,0.0,30.0,beat_this
00_SS2-88-F_comp_mix.wav,11.58,0.0,30.0,beat_this
00_SS2-88-F_comp_mix.wav,12.28,0.0,30.0,beat_this
00_SS2-88-F_comp_mix.wav,12.98,0.0,30.0,beat_this
00_SS2-88-F_comp_mix.wav,13.64,0.0,30.0,beat_this
00_SS2-88-F_comp_mix.wav,14.36,0.0,30.0,beat_this
00_SS2-88-F_comp_mix.wav,15.0,0.0,30.0,beat_this
00_SS2-88-F_comp_mix.wav,15.7,0.0,30.0,beat_this
00_SS2-88-F_comp_mix.wav,16.38,0.0,30.0,beat_this
00_SS2-88-F_comp_mix.wav,17.08,0.0,30.0,beat_this
00_SS2-88-F_comp_mix.wav,17.76,0.0,30.0,beat_this
00_SS2-88-F_comp_mix.wav,18.44,0.0,30.0,beat_this
00_SS2-88-F_comp_mix.wav,19.12,0.0,30.0,beat_this
00_SS2-88-F_comp_mix.wav,19.78,0.0,30.0,beat_this
00_SS2-88-F_comp_mix.wav,20.48,0.0,30.0,beat_this
00_SS2-88-F_comp_mix.wav,21.14,0.0,30.0,beat_this
00_SS2-88-F_comp_mix.wav,21.82,0.0,30.0,beat_this
00_SS2-88-F_comp_mix.wav,22.5,0.0,30.0,beat_this
00_SS2-88-F_comp_mix.wav,23.22,0.0,30.0,beat_this
00_SS2-88-F_comp_mix.wav,23.92,0.0,30.0,beat_this
00_SS2-88-F_comp_mix.wav,24.62,0.0,30.0,beat_this
00_SS2-88-F_comp_mix.wav,25.28,0.0,30.0,beat_this
00_SS2-88-F_comp_mix.wav,25.94,0.0,30.0,beat_this
00_SS2-88-F_comp_mix.wav,26.64,0.0,30.0,beat_this
00_SS2-88-F_comp_mix.wav,27.26,0.0,30.0,beat_this
00_SS2-88-F_comp_mix.wav,27.94,0.0,30.0,beat_this
00_SS2-88-F_comp_mix.wav,28.66,0.0,30.0,beat_this
00_SS2-88-F_comp_mix.wav,29.36,0.0,30.0,beat_this
0191_newslang.wav,0.06,0.0,30.0,beat_this
0191_newslang.wav,0.52,0.0,30.0,beat_this
0191_newslang.wav,1.0,0.0,30.0,beat_this
0191_newslang.wav,1.44,0.0,30.0,beat_this
0191_newslang.wav,1.92,0.0,30.0,beat_this
0191_newslang.wav,2.36,0.0,30.0,beat_this
0191_newslang.wav,2.82,0.0,30.0,beat_this
0191_newslang.wav,3.28,0.0,30.0,beat_this
0191_newslang.wav,3.76,0.0,30.0,beat_this
0191_newslang.wav,4.22,0.0,30.0,beat_this
0191_newslang.wav,4.68,0.0,30.0,beat_this
0191_newslang.wav,5.14,0.0,30.0,beat_this
0191_newslang.wav,5.6,0.0,30.0,beat_this
0191_newslang.wav,6.06,0.0,30.0,beat_this
0191_newslang.wav,6.52,0.0,30.0,beat_this
0191_newslang.wav,6.98,0.0,30.0,beat_this
0191_newslang.wav,7.44,0.0,30.0,beat_this
0191_newslang.wav,7.9,0.0,30.0,beat_this
0191_newslang.wav,8.36,0.0,30.0,beat_this
0191_newslang.wav,8.82,0.0,30.0,beat_this
0191_newslang.wav,9.28,0.0,30.0,beat_this
0191_newslang.wav,9.74,0.0,30.0,beat_this
0191_newslang.wav,10.22,0.0,30.0,beat_this
0191_newslang.wav,10.68,0.0,30.0,beat_this
0191_newslang.wav,11.14,0.0,30.0,beat_this
0191_newslang.wav,11.6,0.0,30.0,beat_this
0191_newslang.wav,12.06,0.0,30.0,beat_this
0191_newslang.wav,12.52,0.0,30.0,beat_this
0191_newslang.wav,12.98,0.0,30.0,beat_this
0191_newslang.wav,13.44,0.0,30.0,beat_this
0191_newslang.wav,13.9,0.0,30.0,beat_this
0191_newslang.wav,14.36,0.0,30.0,beat_this
0191_newslang.wav,14.82,0.0,30.0,beat_this
0191_newslang.wav,15.28,0.0,30.0,beat_this
0191_newslang.wav,15.74,0.0,30.0,beat_this
0191_newslang.wav,16.2,0.0,30.0,beat_this
0191_newslang.wav,16.66,0.0,30.0,beat_this
0191_newslang.wav,17.12,0.0,30.0,beat_this
0191_newslang.wav,17.58,0.0,30.0,beat_this
0191_newslang.wav,18.04,0.0,30.0,beat_this
0191_newslang.wav,18.52,0.0,30.0,beat_this
0191_newslang.wav,18.96,0.0,30.0,beat_this
0191_newslang.wav,19.44,0.0,30.0,beat_this
0191_newslang.wav,19.9,0.0,30.0,beat_this
0191_newslang.wav,20.36,0.0,30.0,beat_this
0191_newslang.wav,20.82,0.0,30.0,beat_this
0191_newslang.wav,21.3,0.0,30.0,beat_this
0191_newslang.wav,21.74,0.0,30.0,beat_this
0191_newslang.wav,22.2,0.0,30.0,beat_this
0191_newslang.wav,22.66,0.0,30.0,beat_this
0191_newslang.wav,23.14,0.0,30.0,beat_this
0191_newslang.wav,23.6,0.0,30.0,beat_this
0191_newslang.wav,24.06,0.0,30.0,beat_this
0191_newslang.wav,24.52,0.0,30.0,beat_this
0191_newslang.wav,24.98,0.0,30.0,beat_this
0191_newslang.wav,25.44,0.0,30.0,beat_this
0191_newslang.wav,25.9,0.0,30.0,beat_this
0191_newslang.wav,26.36,0.0,30.0,beat_this
0191_newslang.wav,26.82,0.0,30.0,beat_this
0191_newslang.wav,27.28,0.0,30.0,beat_this
0191_newslang.wav,27.74,0.0,30.0,beat_this
0191_newslang.wav,28.2,0.0,30.0,beat_this
0191_newslang.wav,28.66,0.0,30.0,beat_this
0191_newslang.wav,29.14,0.0,30.0,beat_this
0191_newslang.wav,29.6,0.0,30.0,beat_this
01_Funk2-108-Eb_comp_mix.wav,0.0,0.0,30.0,beat_this
01_Funk2-108-Eb_comp_mix.wav,0.54,0.0,30.0,beat_this
01_Funk2-108-Eb_comp_mix.wav,1.1,0.0,30.0,beat_this
01_Funk2-108-Eb_comp_mix.wav,1.66,0.0,30.0,beat_this
01_Funk2-108-Eb_comp_mix.wav,2.22,0.0,30.0,beat_this
01_Funk2-108-Eb_comp_mix.wav,2.78,0.0,30.0,beat_this
01_Funk2-108-Eb_comp_mix.wav,3.34,0.0,30.0,beat_this
01_Funk2-108-Eb_comp_mix.wav,3.9,0.0,30.0,beat_this
01_Funk2-108-Eb_comp_mix.wav,4.46,0.0,30.0,beat_this
01_Funk2-108-Eb_comp_mix.wav,5.02,0.0,30.0,beat_this
01_Funk2-108-Eb_comp_mix.wav,5.56,0.0,30.0,beat_this
01_Funk2-108-Eb_comp_mix.wav,6.12,0.0,30.0,beat_this
01_Funk2-108-Eb_comp_mix.wav,6.66,0.0,30.0,beat_this
01_Funk2-108-Eb_comp_mix.wav,7.22,0.0,30.0,beat_this
01_Funk2-108-Eb_comp_mix.wav,7.76,0.0,30.0,beat_this
01_Funk2-108-Eb_comp_mix.wav,8.32,0.0,30.0,beat_this
01_Funk2-108-Eb_comp_mix.wav,8.88,0.0,30.0,beat_this
01_Funk2-108-Eb_comp_mix.wav,9.42,0.0,30.0,beat_this
01_Funk2-108-Eb_comp_mix.wav,9.98,0.0,30.0,beat_this
01_Funk2-108-Eb_comp_mix.wav,10.54,0.0,30.0,beat_this
01_Funk2-108-Eb_comp_mix.wav,11.1,0.0,30.0,beat_this
01_Funk2-108-Eb_comp_mix.wav,11.66,0.0,30.0,beat_this
01_Funk2-108-Eb_comp_mix.wav,12.22,0.0,30.0,beat_this
01_Funk2-108-Eb_comp_mix.wav,12.78,0.0,30.0,beat_this
01_Funk2-108-Eb_comp_mix.wav,13.34,0.0,30.0,beat_this
01_Funk2-108-Eb_comp_mix.wav,13.9,0.0,30.0,beat_this
01_Funk2-108-Eb_comp_mix.wav,14.44,0.0,30.0,beat_this
01_Funk2-108-Eb_comp_mix.wav,15.0,0.0,30.0,beat_this
01_Funk2-108-Eb_comp_mix.wav,15.54,0.0,30.0,beat_this
01_Funk2-108-Eb_comp_mix.wav,16.12,0.0,30.0,beat_this
01_Funk2-108-Eb_comp_mix.wav,16.66,0.0,30.0,beat_this
01_Funk2-108-Eb_comp_mix.wav,17.22,0.0,30.0,beat_this
01_Funk2-108-Eb_comp_mix.wav,17.8,0.0,30.0,beat_this
01_Funk2-108-Eb_comp_mix.wav,18.36,0.0,30.0,beat_this
01_Funk2-108-Eb_comp_mix.wav,18.9,0.0,30.0,beat_this
01_Funk2-108-Eb_comp_mix.wav,19.46,0.0,30.0,beat_this
01_Funk2-108-Eb_comp_mix.wav,20.0,0.0,30.0,beat_this
01_Funk2-108-Eb_comp_mix.wav,20.56,0.0,30.0,beat_this
01_Funk2-108-Eb_comp_mix.wav,21.1,0.0,30.0,beat_this
01_Funk2-108-Eb_comp_mix.wav,21.66,0.0,30.0,beat_this
01_Funk2-108-Eb_comp_mix.wav,22.22,0.0,30.0,beat_this
01_Funk2-108-Eb_comp_mix.wav,22.78,0.0,30.0,beat_this
01_Funk2-108-Eb_comp_mix.wav,23.32,0.0,30.0,beat_this
01_Funk2-108-Eb_comp_mix.wav,23.88,0.0,30.0,beat_this
01_Funk2-108-Eb_comp_mix.wav,24.44,0.0,30.0,beat_this
01_Funk2-108-Eb_comp_mix.wav,25.0,0.0,30.0,beat_this
01_Funk2-108-Eb_comp_mix.wav,25.56,0.0,30.0,beat_this
01_Funk2-108-Eb_comp_mix.wav,26.12,0.0,30.0,beat_this
01_Funk2-108-Eb_comp_mix.wav,26.66,0.0,30.0,beat_this
01_Funk2-108-Eb_comp_mix.wav,27.22,0.0,30.0,beat_this
01_Funk2-108-Eb_comp_mix.wav,27.78,0.0,30.0,beat_this
01_Funk2-108-Eb_comp_mix.wav,28.34,0.0,30.0,beat_this
01_Funk2-108-Eb_comp_mix.wav,28.9,0.0,30.0,beat_this
01_Funk2-108-Eb_comp_mix.wav,29.44,0.0,30.0,beat_this
01_Funk2-108-Eb_comp_mix.wav,29.98,0.0,30.0,beat_this
025_youtube_8jsFGdeWNPo.wav,0.02,0.0,30.0,beat_this
025_youtube_8jsFGdeWNPo.wav,0.72,0.0,30.0,beat_this
025_youtube_8jsFGdeWNPo.wav,0.84,0.0,30.0,beat_this
025_youtube_8jsFGdeWNPo.wav,1.5,0.0,30.0,beat_this
025_youtube_8jsFGdeWNPo.wav,1.58,0.0,30.0,beat_this
025_youtube_8jsFGdeWNPo.wav,2.18,0.0,30.0,beat_this
025_youtube_8jsFGdeWNPo.wav,3.0,0.0,30.0,beat_this
025_youtube_8jsFGdeWNPo.wav,3.6,0.0,30.0,beat_this
025_youtube_8jsFGdeWNPo.wav,4.36,0.0,30.0,beat_this
025_youtube_8jsFGdeWNPo.wav,5.02,0.0,30.0,beat_this
025_youtube_8jsFGdeWNPo.wav,5.72,0.0,30.0,beat_this
025_youtube_8jsFGdeWNPo.wav,6.44,0.0,30.0,beat_this
025_youtube_8jsFGdeWNPo.wav,7.12,0.0,30.0,beat_this
025_youtube_8jsFGdeWNPo.wav,7.78,0.0,30.0,beat_this
025_youtube_8jsFGdeWNPo.wav,8.46,0.0,30.0,beat_this
025_youtube_8jsFGdeWNPo.wav,9.14,0.0,30.0,beat_this
025_youtube_8jsFGdeWNPo.wav,9.82,0.0,30.0,beat_this
025_youtube_8jsFGdeWNPo.wav,10.48,0.0,30.0,beat_this
025_youtube_8jsFGdeWNPo.wav,11.12,0.0,30.0,beat_this
025_youtube_8jsFGdeWNPo.wav,11.82,0.0,30.0,beat_this
025_youtube_8jsFGdeWNPo.wav,12.54,0.0,30.0,beat_this
025_youtube_8jsFGdeWNPo.wav,13.24,0.0,30.0,beat_this
025_youtube_8jsFGdeWNPo.wav,13.96,0.0,30.0,beat_this
025_youtube_8jsFGdeWNPo.wav,14.64,0.0,30.0,beat_this
025_youtube_8jsFGdeWNPo.wav,15.34,0.0,30.0,beat_this
025_youtube_8jsFGdeWNPo.wav,16.02,0.0,30.0,beat_this
025_youtube_8jsFGdeWNPo.wav,16.72,0.0,30.0,beat_this
025_youtube_8jsFGdeWNPo.wav,17.42,0.0,30.0,beat_this
025_youtube_8jsFGdeWNPo.wav,18.12,0.0,30.0,beat_this
025_youtube_8jsFGdeWNPo.wav,18.82,0.0,30.0,beat_this
025_youtube_8jsFGdeWNPo.wav,19.52,0.0,30.0,beat_this
025_youtube_8jsFGdeWNPo.wav,20.2,0.0,30.0,beat_this
025_youtube_8jsFGdeWNPo.wav,20.9,0.0,30.0,beat_this
025_youtube_8jsFGdeWNPo.wav,21.58,0.0,30.0,beat_this
025_youtube_8jsFGdeWNPo.wav,22.28,0.0,30.0,beat_this
025_youtube_8jsFGdeWNPo.wav,22.98,0.0,30.0,beat_this
025_youtube_8jsFGdeWNPo.wav,23.68,0.0,30.0,beat_this
025_youtube_8jsFGdeWNPo.wav,24.36,0.0,30.0,beat_this
025_youtube_8jsFGdeWNPo.wav,25.06,0.0,30.0,beat_this
025_youtube_8jsFGdeWNPo.wav,25.76,0.0,30.0,beat_this
025_youtube_8jsFGdeWNPo.wav,26.46,0.0,30.0,beat_this
025_youtube_8jsFGdeWNPo.wav,27.16,0.0,30.0,beat_this
025_youtube_8jsFGdeWNPo.wav,27.86,0.0,30.0,beat_this
025_youtube_8jsFGdeWNPo.wav,28.56,0.0,30.0,beat_this
025_youtube_8jsFGdeWNPo.wav,29.26,0.0,30.0,beat_this
025_youtube_8jsFGdeWNPo.wav,29.96,0.0,30.0,beat_this
02_BN3-119-G_comp_mix.wav,0.06,0.0,30.0,beat_this
02_BN3-119-G_comp_mix.wav,0.52,0.0,30.0,beat_this
02_BN3-119-G_comp_mix.wav,1.02,0.0,30.0,beat_this
02_BN3-119-G_comp_mix.wav,1.54,0.0,30.0,beat_this
02_BN3-119-G_comp_mix.wav,2.02,0.0,30.0,beat_this
02_BN3-119-G_comp_mix.wav,2.52,0.0,30.0,beat_this
02_BN3-119-G_comp_mix.wav,3.02,0.0,30.0,beat_this
02_BN3-119-G_comp_mix.wav,3.52,0.0,30.0,beat_this
02_BN3-119-G_comp_mix.wav,4.04,0.0,30.0,beat_this
02_BN3-119-G_comp_mix.wav,4.54,0.0,30.0,beat_this
02_BN3-119-G_comp_mix.wav,5.06,0.0,30.0,beat_this
02_BN3-119-G_comp_mix.wav,5.56,0.0,30.0,beat_this
02_BN3-119-G_comp_mix.wav,6.06,0.0,30.0,beat_this
02_BN3-119-G_comp_mix.wav,6.56,0.0,30.0,beat_this
02_BN3-119-G_comp_mix.wav,7.06,0.0,30.0,beat_this
02_BN3-119-G_comp_mix.wav,7.56,0.0,30.0,beat_this
02_BN3-119-G_comp_mix.wav,8.08,0.0,30.0,beat_this
02_BN3-119-G_comp_mix.wav,8.58,0.0,30.0,beat_this
02_BN3-119-G_comp_mix.wav,9.08,0.0,30.0,beat_this
02_BN3-119-G_comp_mix.wav,9.6,0.0,30.0,beat_this
02_BN3-119-G_comp_mix.wav,10.08,0.0,30.0,beat_this
02_BN3-119-G_comp_mix.wav,10.58,0.0,30.0,beat_this
02_BN3-119-G_comp_mix.wav,11.08,0.0,30.0,beat_this
02_BN3-119-G_comp_mix.wav,11.6,0.0,30.0,beat_this
02_BN3-119-G_comp_mix.wav,12.1,0.0,30.0,beat_this
02_BN3-119-G_comp_mix.wav,12.6,0.0,30.0,beat_this
02_BN3-119-G_comp_mix.wav,13.1,0.0,30.0,beat_this
02_BN3-119-G_comp_mix.wav,13.6,0.0,30.0,beat_this
02_BN3-119-G_comp_mix.wav,14.12,0.0,30.0,beat_this
02_BN3-119-G_comp_mix.wav,14.6,0.0,30.0,beat_this
02_BN3-119-G_comp_mix.wav,15.12,0.0,30.0,beat_this
02_BN3-119-G_comp_mix.wav,15.62,0.0,30.0,beat_this
02_BN3-119-G_comp_mix.wav,16.12,0.0,30.0,beat_this
02_BN3-119-G_comp_mix.wav,16.64,0.0,30.0,beat_this
02_BN3-119-G_comp_mix.wav,17.14,0.0,30.0,beat_this
02_BN3-119-G_comp_mix.wav,17.66,0.0,30.0,beat_this
02_BN3-119-G_comp_mix.wav,18.16,0.0,30.0,beat_this
02_BN3-119-G_comp_mix.wav,18.66,0.0,30.0,beat_this
02_BN3-119-G_comp_mix.wav,19.18,0.0,30.0,beat_this
02_BN3-119-G_comp_mix.wav,19.68,0.0,30.0,beat_this
02_BN3-119-G_comp_mix.wav,20.18,0.0,30.0,beat_this
02_BN3-119-G_comp_mix.wav,20.66,0.0,30.0,beat_this
02_BN3-119-G_comp_mix.wav,21.18,0.0,30.0,beat_this
02_BN3-119-G_comp_mix.wav,21.68,0.0,30.0,beat_this
02_BN3-119-G_comp_mix.wav,22.2,0.0,30.0,beat_this
02_BN3-119-G_comp_mix.wav,22.7,0.0,30.0,beat_this
02_BN3-119-G_comp_mix.wav,23.2,0.0,30.0,beat_this
02_BN3-119-G_comp_mix.wav,23.72,0.0,30.0,beat_this
02_BN3-119-G_comp_mix.wav,24.22,0.0,30.0,beat_this
02_BN3-119-G_comp_mix.wav,24.72,0.0,30.0,beat_this
02_BN3-119-G_comp_mix.wav,25.22,0.0,30.0,beat_this
02_BN3-119-G_comp_mix.wav,25.72,0.0,30.0,beat_this
02_BN3-119-G_comp_mix.wav,26.22,0.0,30.0,beat_this
02_BN3-119-G_comp_mix.wav,26.72,0.0,30.0,beat_this
02_BN3-119-G_comp_mix.wav,27.22,0.0,30.0,beat_this
02_BN3-119-G_comp_mix.wav,27.74,0.0,30.0,beat_this
02_BN3-119-G_comp_mix.wav,28.24,0.0,30.0,beat_this
02_BN3-119-G_comp_mix.wav,28.74,0.0,30.0,beat_this
02_BN3-119-G_comp_mix.wav,29.26,0.0,30.0,beat_this
02_BN3-119-G_comp_mix.wav,29.76,0.0,30.0,beat_this
02_Jazz2-110-Bb_comp_mix.wav,0.02,0.0,30.0,beat_this
02_Jazz2-110-Bb_comp_mix.wav,0.6,0.0,30.0,beat_this
02_Jazz2-110-Bb_comp_mix.wav,1.14,0.0,30.0,beat_this
02_Jazz2-110-Bb_comp_mix.wav,1.66,0.0,30.0,beat_this
02_Jazz2-110-Bb_comp_mix.wav,2.22,0.0,30.0,beat_this
02_Jazz2-110-Bb_comp_mix.wav,2.72,0.0,30.0,beat_this
02_Jazz2-110-Bb_comp_mix.wav,3.28,0.0,30.0,beat_this
02_Jazz2-110-Bb_comp_mix.wav,3.82,0.0,30.0,beat_this
02_Jazz2-110-Bb_comp_mix.wav,4.38,0.0,30.0,beat_this
02_Jazz2-110-Bb_comp_mix.wav,4.92,0.0,30.0,beat_this
02_Jazz2-110-Bb_comp_mix.wav,5.46,0.0,30.0,beat_this
02_Jazz2-110-Bb_comp_mix.wav,6.0,0.0,30.0,beat_this
02_Jazz2-110-Bb_comp_mix.wav,6.54,0.0,30.0,beat_this
02_Jazz2-110-Bb_comp_mix.wav,7.08,0.0,30.0,beat_this
02_Jazz2-110-Bb_comp_mix.wav,7.64,0.0,30.0,beat_this
02_Jazz2-110-Bb_comp_mix.wav,8.18,0.0,30.0,beat_this
02_Jazz2-110-Bb_comp_mix.wav,8.72,0.0,30.0,beat_this
02_Jazz2-110-Bb_comp_mix.wav,9.28,0.0,30.0,beat_this
02_Jazz2-110-Bb_comp_mix.wav,9.84,0.0,30.0,beat_this
02_Jazz2-110-Bb_comp_mix.wav,10.36,0.0,30.0,beat_this
02_Jazz2-110-Bb_comp_mix.wav,10.92,0.0,30.0,beat_this
02_Jazz2-110-Bb_comp_mix.wav,11.48,0.0,30.0,beat_this
02_Jazz2-110-Bb_comp_mix.wav,12.02,0.0,30.0,beat_this
02_Jazz2-110-Bb_comp_mix.wav,12.56,0.0,30.0,beat_this
02_Jazz2-110-Bb_comp_mix.wav,13.12,0.0,30.0,beat_this
02_Jazz2-110-Bb_comp_mix.wav,13.66,0.0,30.0,beat_this
02_Jazz2-110-Bb_comp_mix.wav,14.22,0.0,30.0,beat_this
02_Jazz2-110-Bb_comp_mix.wav,14.74,0.0,30.0,beat_this
02_Jazz2-110-Bb_comp_mix.wav,15.3,0.0,30.0,beat_this
02_Jazz2-110-Bb_comp_mix.wav,15.82,0.0,30.0,beat_this
02_Jazz2-110-Bb_comp_mix.wav,16.38,0.0,30.0,beat_this
02_Jazz2-110-Bb_comp_mix.wav,16.92,0.0,30.0,beat_this
02_Jazz2-110-Bb_comp_mix.wav,17.46,0.0,30.0,beat_this
02_Jazz2-110-Bb_comp_mix.wav,18.02,0.0,30.0,beat_this
02_Jazz2-110-Bb_comp_mix.wav,18.58,0.0,30.0,beat_this
02_Jazz2-110-Bb_comp_mix.wav,19.12,0.0,30.0,beat_this
02_Jazz2-110-Bb_comp_mix.wav,19.68,0.0,30.0,beat_this
02_Jazz2-110-Bb_comp_mix.wav,20.2,0.0,30.0,beat_this
02_Jazz2-110-Bb_comp_mix.wav,20.74,0.0,30.0,beat_this
02_Jazz2-110-Bb_comp_mix.wav,21.28,0.0,30.0,beat_this
02_Jazz2-110-Bb_comp_mix.wav,21.82,0.0,30.0,beat_this
02_Jazz2-110-Bb_comp_mix.wav,22.38,0.0,30.0,beat_this
02_Jazz2-110-Bb_comp_mix.wav,22.92,0.0,30.0,beat_this
02_Jazz2-110-Bb_comp_mix.wav,23.46,0.0,30.0,beat_this
02_Jazz2-110-Bb_comp_mix.wav,24.0,0.0,30.0,beat_this
02_Jazz2-110-Bb_comp_mix.wav,24.56,0.0,30.0,beat_this
02_Jazz2-110-Bb_comp_mix.wav,25.12,0.0,30.0,beat_this
02_Jazz2-110-Bb_comp_mix.wav,25.66,0.0,30.0,beat_this
02_Jazz2-110-Bb_comp_mix.wav,26.18,0.0,30.0,beat_this
02_Jazz2-110-Bb_comp_mix.wav,26.74,0.0,30.0,beat_this
02_Jazz2-110-Bb_comp_mix.wav,27.3,0.0,30.0,beat_this
02_Jazz2-110-Bb_comp_mix.wav,27.82,0.0,30.0,beat_this
02_Jazz2-110-Bb_comp_mix.wav,28.38,0.0,30.0,beat_this
02_Jazz2-110-Bb_comp_mix.wav,28.94,0.0,30.0,beat_this
02_Jazz2-110-Bb_comp_mix.wav,29.5,0.0,30.0,beat_this
03_SS3-84-Bb_comp_mix.wav,0.0,0.0,30.0,beat_this
03_SS3-84-Bb_comp_mix.wav,0.68,0.0,30.0,beat_this
03_SS3-84-Bb_comp_mix.wav,1.4,0.0,30.0,beat_this
03_SS3-84-Bb_comp_mix.wav,2.14,0.0,30.0,beat_this
03_SS3-84-Bb_comp_mix.wav,2.86,0.0,30.0,beat_this
03_SS3-84-Bb_comp_mix.wav,3.56,0.0,30.0,beat_this
03_SS3-84-Bb_comp_mix.wav,4.26,0.0,30.0,beat_this
03_SS3-84-Bb_comp_mix.wav,4.96,0.0,30.0,beat_this
03_SS3-84-Bb_comp_mix.wav,5.64,0.0,30.0,beat_this
03_SS3-84-Bb_comp_mix.wav,6.36,0.0,30.0,beat_this
03_SS3-84-Bb_comp_mix.wav,7.12,0.0,30.0,beat_this
03_SS3-84-Bb_comp_mix.wav,7.88,0.0,30.0,beat_this
03_SS3-84-Bb_comp_mix.wav,8.6,0.0,30.0,beat_this
03_SS3-84-Bb_comp_mix.wav,9.34,0.0,30.0,beat_this
03_SS3-84-Bb_comp_mix.wav,10.02,0.0,30.0,beat_this
03_SS3-84-Bb_comp_mix.wav,10.74,0.0,30.0,beat_this
03_SS3-84-Bb_comp_mix.wav,11.42,0.0,30.0,beat_this
03_SS3-84-Bb_comp_mix.wav,12.14,0.0,30.0,beat_this
03_SS3-84-Bb_comp_mix.wav,12.84,0.0,30.0,beat_this
03_SS3-84-Bb_comp_mix.wav,13.52,0.0,30.0,beat_this
03_SS3-84-Bb_comp_mix.wav,14.34,0.0,30.0,beat_this
03_SS3-84-Bb_comp_mix.wav,15.04,0.0,30.0,beat_this
03_SS3-84-Bb_comp_mix.wav,15.74,0.0,30.0,beat_this
03_SS3-84-Bb_comp_mix.wav,16.44,0.0,30.0,beat_this
03_SS3-84-Bb_comp_mix.wav,17.14,0.0,30.0,beat_this
03_SS3-84-Bb_comp_mix.wav,17.84,0.0,30.0,beat_this
03_SS3-84-Bb_comp_mix.wav,18.6,0.0,30.0,beat_this
03_SS3-84-Bb_comp_mix.wav,19.3,0.0,30.0,beat_this
03_SS3-84-Bb_comp_mix.wav,20.0,0.0,30.0,beat_this
03_SS3-84-Bb_comp_mix.wav,20.72,0.0,30.0,beat_this
03_SS3-84-Bb_comp_mix.wav,21.42,0.0,30.0,beat_this
03_SS3-84-Bb_comp_mix.wav,22.14,0.0,30.0,beat_this
03_SS3-84-Bb_comp_mix.wav,22.84,0.0,30.0,beat_this
03_SS3-84-Bb_comp_mix.wav,23.58,0.0,30.0,beat_this
03_SS3-84-Bb_comp_mix.wav,24.3,0.0,30.0,beat_this
03_SS3-84-Bb_comp_mix.wav,25.0,0.0,30.0,beat_this
03_SS3-84-Bb_comp_mix.wav,25.74,0.0,30.0,beat_this
03_SS3-84-Bb_comp_mix.wav,26.48,0.0,30.0,beat_this
03_SS3-84-Bb_comp_mix.wav,27.16,0.0,30.0,beat_this
03_SS3-84-Bb_comp_mix.wav,27.86,0.0,30.0,beat_this
03_SS3-84-Bb_comp_mix.wav,28.58,0.0,30.0,beat_this
03_SS3-84-Bb_comp_mix.wav,29.28,0.0,30.0,beat_this
054_youtube_UgL4N4Hf1dk.wav,0.0,0.0,30.0,beat_this
054_youtube_UgL4N4Hf1dk.wav,0.46,0.0,30.0,beat_this
054_youtube_UgL4N4Hf1dk.wav,0.92,0.0,30.0,beat_this
054_youtube_UgL4N4Hf1dk.wav,1.36,0.0,30.0,beat_this
054_youtube_UgL4N4Hf1dk.wav,1.82,0.0,30.0,beat_this
054_youtube_UgL4N4Hf1dk.wav,2.28,0.0,30.0,beat_this
054_youtube_UgL4N4Hf1dk.wav,2.72,0.0,30.0,beat_this
054_youtube_UgL4N4Hf1dk.wav,3.18,0.0,30.0,beat_this
054_youtube_UgL4N4Hf1dk.wav,3.64,0.0,30.0,beat_this
054_youtube_UgL4N4Hf1dk.wav,4.1,0.0,30.0,beat_this
054_youtube_UgL4N4Hf1dk.wav,4.56,0.0,30.0,beat_this
054_youtube_UgL4N4Hf1dk.wav,5.0,0.0,30.0,beat_this
054_youtube_UgL4N4Hf1dk.wav,5.46,0.0,30.0,beat_this
054_youtube_UgL4N4Hf1dk.wav,5.92,0.0,30.0,beat_this
054_youtube_UgL4N4Hf1dk.wav,6.38,0.0,30.0,beat_this
054_youtube_UgL4N4Hf1dk.wav,6.82,0.0,30.0,beat_this
054_youtube_UgL4N4Hf1dk.wav,7.28,0.0,30.0,beat_this
054_youtube_UgL4N4Hf1dk.wav,7.74,0.0,30.0,beat_this
054_youtube_UgL4N4Hf1dk.wav,8.18,0.0,30.0,beat_this
054_youtube_UgL4N4Hf1dk.wav,8.64,0.0,30.0,beat_this
054_youtube_UgL4N4Hf1dk.wav,9.1,0.0,30.0,beat_this
054_youtube_UgL4N4Hf1dk.wav,9.56,0.0,30.0,beat_this
054_youtube_UgL4N4Hf1dk.wav,10.0,0.0,30.0,beat_this
054_youtube_UgL4N4Hf1dk.wav,10.46,0.0,30.0,beat_this
054_youtube_UgL4N4Hf1dk.wav,10.9,0.0,30.0,beat_this
054_youtube_UgL4N4Hf1dk.wav,11.38,0.0,30.0,beat_this
054_youtube_UgL4N4Hf1dk.wav,11.84,0.0,30.0,beat_this
054_youtube_UgL4N4Hf1dk.wav,12.3,0.0,30.0,beat_this
054_youtube_UgL4N4Hf1dk.wav,12.74,0.0,30.0,beat_this
054_youtube_UgL4N4Hf1dk.wav,13.2,0.0,30.0,beat_this
054_youtube_UgL4N4Hf1dk.wav,13.66,0.0,30.0,beat_this
054_youtube_UgL4N4Hf1dk.wav,14.1,0.0,30.0,beat_this
054_youtube_UgL4N4Hf1dk.wav,14.56,0.0,30.0,beat_this
054_youtube_UgL4N4Hf1dk.wav,15.02,0.0,30.0,beat_this
054_youtube_UgL4N4Hf1dk.wav,15.46,0.0,30.0,beat_this
054_youtube_UgL4N4Hf1dk.wav,15.92,0.0,30.0,beat_this
054_youtube_UgL4N4Hf1dk.wav,16.38,0.0,30.0,beat_this
054_youtube_UgL4N4Hf1dk.wav,16.84,0.0,30.0,beat_this
054_youtube_UgL4N4Hf1dk.wav,17.28,0.0,30.0,beat_this
054_youtube_UgL4N4Hf1dk.wav,17.74,0.0,30.0,beat_this
054_youtube_UgL4N4Hf1dk.wav,18.2,0.0,30.0,beat_this
054_youtube_UgL4N4Hf1dk.wav,18.66,0.0,30.0,beat_this
054_youtube_UgL4N4Hf1dk.wav,19.12,0.0,30.0,beat_this
054_youtube_UgL4N4Hf1dk.wav,19.56,0.0,30.0,beat_this
054_youtube_UgL4N4Hf1dk.wav,20.02,0.0,30.0,beat_this
054_youtube_UgL4N4Hf1dk.wav,20.48,0.0,30.0,beat_this
054_youtube_UgL4N4Hf1dk.wav,20.94,0.0,30.0,beat_this
054_youtube_UgL4N4Hf1dk.wav,21.38,0.0,30.0,beat_this
054_youtube_UgL4N4Hf1dk.wav,21.84,0.0,30.0,beat_this
054_youtube_UgL4N4Hf1dk.wav,22.3,0.0,30.0,beat_this
054_youtube_UgL4N4Hf1dk.wav,22.74,0.0,30.0,beat_this
054_youtube_UgL4N4Hf1dk.wav,23.2,0.0,30.0,beat_this
054_youtube_UgL4N4Hf1dk.wav,23.66,0.0,30.0,beat_this
054_youtube_UgL4N4Hf1dk.wav,24.12,0.0,30.0,beat_this
054_youtube_UgL4N4Hf1dk.wav,24.56,0.0,30.0,beat_this
054_youtube_UgL4N4Hf1dk.wav,25.02,0.0,30.0,beat_this
054_youtube_UgL4N4Hf1dk.wav,25.48,0.0,30.0,beat_this
054_youtube_UgL4N4Hf1dk.wav,25.94,0.0,30.0,beat_this
054_youtube_UgL4N4Hf1dk.wav,26.4,0.0,30.0,beat_this
054_youtube_UgL4N4Hf1dk.wav,26.86,0.0,30.0,beat_this
054_youtube_UgL4N4Hf1dk.wav,27.3,0.0,30.0,beat_this
054_youtube_UgL4N4Hf1dk.wav,27.76,0.0,30.0,beat_this
054_youtube_UgL4N4Hf1dk.wav,28.22,0.0,30.0,beat_this
054_youtube_UgL4N4Hf1dk.wav,28.68,0.0,30.0,beat_this
054_youtube_UgL4N4Hf1dk.wav,29.12,0.0,30.0,beat_this
054_youtube_UgL4N4Hf1dk.wav,29.6,0.0,30.0,beat_this
071_youtube_WBQ03PXMpqY.wav,0.0,0.0,30.0,beat_this
071_youtube_WBQ03PXMpqY.wav,0.34,0.0,30.0,beat_this
071_youtube_WBQ03PXMpqY.wav,0.72,0.0,30.0,beat_this
071_youtube_WBQ03PXMpqY.wav,1.06,0.0,30.0,beat_this
071_youtube_WBQ03PXMpqY.wav,1.44,0.0,30.0,beat_this
071_youtube_WBQ03PXMpqY.wav,1.78,0.0,30.0,beat_this
071_youtube_WBQ03PXMpqY.wav,2.14,0.0,30.0,beat_this
071_youtube_WBQ03PXMpqY.wav,2.5,0.0,30.0,beat_this
071_youtube_WBQ03PXMpqY.wav,2.86,0.0,30.0,beat_this
071_youtube_WBQ03PXMpqY.wav,3.2,0.0,30.0,beat_this
071_youtube_WBQ03PXMpqY.wav,3.58,0.0,30.0,beat_this
071_youtube_WBQ03PXMpqY.wav,3.94,0.0,30.0,beat_this
071_youtube_WBQ03PXMpqY.wav,4.3,0.0,30.0,beat_this
071_youtube_WBQ03PXMpqY.wav,4.66,0.0,30.0,beat_this
071_youtube_WBQ03PXMpqY.wav,5.02,0.0,30.0,beat_this
071_youtube_WBQ03PXMpqY.wav,5.36,0.0,30.0,beat_this
071_youtube_WBQ03PXMpqY.wav,5.74,0.0,30.0,beat_this
071_youtube_WBQ03PXMpqY.wav,6.1,0.0,30.0,beat_this
071_youtube_WBQ03PXMpqY.wav,6.42,0.0,30.0,beat_this
071_youtube_WBQ03PXMpqY.wav,6.8,0.0,30.0,beat_this
071_youtube_WBQ03PXMpqY.wav,7.16,0.0,30.0,beat_this
071_youtube_WBQ03PXMpqY.wav,7.52,0.0,30.0,beat_this
071_youtube_WBQ03PXMpqY.wav,7.88,0.0,30.0,beat_this
071_youtube_WBQ03PXMpqY.wav,8.24,0.0,30.0,beat_this
071_youtube_WBQ03PXMpqY.wav,8.62,0.0,30.0,beat_this
071_youtube_WBQ03PXMpqY.wav,8.96,0.0,30.0,beat_this
071_youtube_WBQ03PXMpqY.wav,9.34,0.0,30.0,beat_this
071_youtube_WBQ03PXMpqY.wav,9.68,0.0,30.0,beat_this
071_youtube_WBQ03PXMpqY.wav,10.06,0.0,30.0,beat_this
071_youtube_WBQ03PXMpqY.wav,10.42,0.0,30.0,beat_this
071_youtube_WBQ03PXMpqY.wav,10.78,0.0,30.0,beat_this
071_youtube_WBQ03PXMpqY.wav,11.14,0.0,30.0,beat_this
071_youtube_WBQ03PXMpqY.wav,11.5,0.0,30.0,beat_this
071_youtube_WBQ03PXMpqY.wav,11.86,0.0,30.0,beat_this
071_youtube_WBQ03PXMpqY.wav,12.24,0.0,30.0,beat_this
071_youtube_WBQ03PXMpqY.wav,12.6,0.0,30.0,beat_this
071_youtube_WBQ03PXMpqY.wav,12.96,0.0,30.0,beat_this
071_youtube_WBQ03PXMpqY.wav,13.32,0.0,30.0,beat_this
071_youtube_WBQ03PXMpqY.wav,13.7,0.0,30.0,beat_this
071_youtube_WBQ03PXMpqY.wav,14.04,0.0,30.0,beat_this
071_youtube_WBQ03PXMpqY.wav,14.42,0.0,30.0,beat_this
071_youtube_WBQ03PXMpqY.wav,14.78,0.0,30.0,beat_this
071_youtube_WBQ03PXMpqY.wav,15.16,0.0,30.0,beat_this
071_youtube_WBQ03PXMpqY.wav,15.5,0.0,30.0,beat_this
071_youtube_WBQ03PXMpqY.wav,15.88,0.0,30.0,beat_this
071_youtube_WBQ03PXMpqY.wav,16.24,0.0,30.0,beat_this
071_youtube_WBQ03PXMpqY.wav,16.62,0.0,30.0,beat_this
071_youtube_WBQ03PXMpqY.wav,16.98,0.0,30.0,beat_this
071_youtube_WBQ03PXMpqY.wav,17.34,0.0,30.0,beat_this
071_youtube_WBQ03PXMpqY.wav,17.72,0.0,30.0,beat_this
071_youtube_WBQ03PXMpqY.wav,18.1,0.0,30.0,beat_this
071_youtube_WBQ03PXMpqY.wav,18.48,0.0,30.0,beat_this
071_youtube_WBQ03PXMpqY.wav,18.86,0.0,30.0,beat_this
071_youtube_WBQ03PXMpqY.wav,19.22,0.0,30.0,beat_this
071_youtube_WBQ03PXMpqY.wav,19.6,0.0,30.0,beat_this
071_youtube_WBQ03PXMpqY.wav,19.96,0.0,30.0,beat_this
071_youtube_WBQ03PXMpqY.wav,20.32,0.0,30.0,beat_this
071_youtube_WBQ03PXMpqY.wav,20.7,0.0,30.0,beat_this
071_youtube_WBQ03PXMpqY.wav,21.08,0.0,30.0,beat_this
071_youtube_WBQ03PXMpqY.wav,21.44,0.0,30.0,beat_this
071_youtube_WBQ03PXMpqY.wav,21.8,0.0,30.0,beat_this
071_youtube_WBQ03PXMpqY.wav,22.18,0.0,30.0,beat_this
071_youtube_WBQ03PXMpqY.wav,22.54,0.0,30.0,beat_this
071_youtube_WBQ03PXMpqY.wav,22.92,0.0,30.0,beat_this
071_youtube_WBQ03PXMpqY.wav,23.3,0.0,30.0,beat_this
071_youtube_WBQ03PXMpqY.wav,23.66,0.0,30.0,beat_this
071_youtube_WBQ03PXMpqY.wav,24.04,0.0,30.0,beat_this
071_youtube_WBQ03PXMpqY.wav,24.4,0.0,30.0,beat_this
071_youtube_WBQ03PXMpqY.wav,24.78,0.0,30.0,beat_this
071_youtube_WBQ03PXMpqY.wav,25.16,0.0,30.0,beat_this
071_youtube_WBQ03PXMpqY.wav,25.52,0.0,30.0,beat_this
071_youtube_WBQ03PXMpqY.wav,25.9,0.0,30.0,beat_this
071_youtube_WBQ03PXMpqY.wav,26.26,0.0,30.0,beat_this
071_youtube_WBQ03PXMpqY.wav,26.64,0.0,30.0,beat_this
071_youtube_WBQ03PXMpqY.wav,27.02,0.0,30.0,beat_this
071_youtube_WBQ03PXMpqY.wav,27.4,0.0,30.0,beat_this
071_youtube_WBQ03PXMpqY.wav,27.78,0.0,30.0,beat_this
071_youtube_WBQ03PXMpqY.wav,28.14,0.0,30.0,beat_this
071_youtube_WBQ03PXMpqY.wav,28.52,0.0,30.0,beat_this
071_youtube_WBQ03PXMpqY.wav,28.88,0.0,30.0,beat_this
071_youtube_WBQ03PXMpqY.wav,29.24,0.0,30.0,beat_this
071_youtube_WBQ03PXMpqY.wav,29.64,0.0,30.0,beat_this
071_youtube_WBQ03PXMpqY.wav,29.98,0.0,30.0,beat_this
0773_kissmethruthephone.wav,0.06,0.0,30.0,beat_this
0773_kissmethruthephone.wav,0.84,0.0,30.0,beat_this
0773_kissmethruthephone.wav,1.66,0.0,30.0,beat_this
0773_kissmethruthephone.wav,2.44,0.0,30.0,beat_this
0773_kissmethruthephone.wav,3.26,0.0,30.0,beat_this
0773_kissmethruthephone.wav,4.06,0.0,30.0,beat_this
0773_kissmethruthephone.wav,4.86,0.0,30.0,beat_this
0773_kissmethruthephone.wav,5.66,0.0,30.0,beat_this
0773_kissmethruthephone.wav,6.44,0.0,30.0,beat_this
0773_kissmethruthephone.wav,7.24,0.0,30.0,beat_this
0773_kissmethruthephone.wav,8.04,0.0,30.0,beat_this
0773_kissmethruthephone.wav,8.84,0.0,30.0,beat_this
0773_kissmethruthephone.wav,9.64,0.0,30.0,beat_this
0773_kissmethruthephone.wav,10.44,0.0,30.0,beat_this
0773_kissmethruthephone.wav,11.24,0.0,30.0,beat_this
0773_kissmethruthephone.wav,12.04,0.0,30.0,beat_this
0773_kissmethruthephone.wav,12.84,0.0,30.0,beat_this
0773_kissmethruthephone.wav,13.64,0.0,30.0,beat_this
0773_kissmethruthephone.wav,14.44,0.0,30.0,beat_this
0773_kissmethruthephone.wav,15.24,0.0,30.0,beat_this
0773_kissmethruthephone.wav,16.04,0.0,30.0,beat_this
0773_kissmethruthephone.wav,16.82,0.0,30.0,beat_this
0773_kissmethruthephone.wav,17.64,0.0,30.0,beat_this
0773_kissmethruthephone.wav,18.44,0.0,30.0,beat_this
0773_kissmethruthephone.wav,19.24,0.0,30.0,beat_this
0773_kissmethruthephone.wav,20.04,0.0,30.0,beat_this
0773_kissmethruthephone.wav,20.84,0.0,30.0,beat_this
0773_kissmethruthephone.wav,21.64,0.0,30.0,beat_this
0773_kissmethruthephone.wav,22.44,0.0,30.0,beat_this
0773_kissmethruthephone.wav,23.24,0.0,30.0,beat_this
0773_kissmethruthephone.wav,24.04,0.0,30.0,beat_this
0773_kissmethruthephone.wav,24.84,0.0,30.0,beat_this
0773_kissmethruthephone.wav,25.64,0.0,30.0,beat_this
0773_kissmethruthephone.wav,26.44,0.0,30.0,beat_this
0773_kissmethruthephone.wav,27.24,0.0,30.0,beat_this
0773_kissmethruthephone.wav,28.04,0.0,30.0,beat_this
0773_kissmethruthephone.wav,28.84,0.0,30.0,beat_this
0773_kissmethruthephone.wav,29.64,0.0,30.0,beat_this
0948_thislove.wav,0.38,0.0,30.0,beat_this
0948_thislove.wav,1.02,0.0,30.0,beat_this
0948_thislove.wav,1.66,0.0,30.0,beat_this
0948_thislove.wav,2.3,0.0,30.0,beat_this
0948_thislove.wav,2.92,0.0,30.0,beat_this
0948_thislove.wav,3.54,0.0,30.0,beat_this
0948_thislove.wav,4.18,0.0,30.0,beat_this
0948_thislove.wav,4.82,0.0,30.0,beat_this
0948_thislove.wav,5.44,0.0,30.0,beat_this
0948_thislove.wav,6.06,0.0,30.0,beat_this
0948_thislove.wav,6.7,0.0,30.0,beat_this
0948_thislove.wav,7.34,0.0,30.0,beat_this
0948_thislove.wav,7.96,0.0,30.0,beat_this
0948_thislove.wav,8.6,0.0,30.0,beat_this
0948_thislove.wav,9.22,0.0,30.0,beat_this
0948_thislove.wav,9.86,0.0,30.0,beat_this
0948_thislove.wav,10.5,0.0,30.0,beat_this
0948_thislove.wav,11.12,0.0,30.0,beat_this
0948_thislove.wav,11.76,0.0,30.0,beat_this
0948_thislove.wav,12.38,0.0,30.0,beat_this
0948_thislove.wav,13.02,0.0,30.0,beat_this
0948_thislove.wav,13.64,0.0,30.0,beat_this
0948_thislove.wav,14.28,0.0,30.0,beat_this
0948_thislove.wav,14.9,0.0,30.0,beat_this
0948_thislove.wav,15.54,0.0,30.0,beat_this
0948_thislove.wav,16.18,0.0,30.0,beat_this
0948_thislove.wav,16.8,0.0,30.0,beat_this
0948_thislove.wav,17.44,0.0,30.0,beat_this
0948_thislove.wav,18.06,0.0,30.0,beat_this
0948_thislove.wav,18.7,0.0,30.0,beat_this
0948_thislove.wav,19.32,0.0,30.0,beat_this
0948_thislove.wav,19.96,0.0,30.0,beat_this
0948_thislove.wav,20.58,0.0,30.0,beat_this
0948_thislove.wav,21.22,0.0,30.0,beat_this
0948_thislove.wav,21.86,0.0,30.0,beat_this
0948_thislove.wav,22.48,0.0,30.0,beat_this
0948_thislove.wav,23.12,0.0,30.0,beat_this
0948_thislove.wav,23.76,0.0,30.0,beat_this
0948_thislove.wav,24.38,0.0,30.0,beat_this
0948_thislove.wav,25.0,0.0,30.0,beat_this
0948_thislove.wav,25.64,0.0,30.0,beat_this
0948_thislove.wav,26.28,0.0,30.0,beat_this
0948_thislove.wav,26.9,0.0,30.0,beat_this
0948_thislove.wav,27.54,0.0,30.0,beat_this
0948_thislove.wav,28.16,0.0,30.0,beat_this
0948_thislove.wav,28.8,0.0,30.0,beat_this
0948_thislove.wav,29.44,0.0,30.0,beat_this
1-0fGHZf0K1p8.wav,0.86,0.0,30.0,beat_this
1-0fGHZf0K1p8.wav,1.76,0.0,30.0,beat_this
1-0fGHZf0K1p8.wav,2.68,0.0,30.0,beat_this
1-0fGHZf0K1p8.wav,3.56,0.0,30.0,beat_this
1-0fGHZf0K1p8.wav,4.46,0.0,30.0,beat_this
1-0fGHZf0K1p8.wav,5.38,0.0,30.0,beat_this
1-0fGHZf0K1p8.wav,6.28,0.0,30.0,beat_this
1-0fGHZf0K1p8.wav,7.18,0.0,30.0,beat_this
1-0fGHZf0K1p8.wav,8.08,0.0,30.0,beat_this
1-0fGHZf0K1p8.wav,8.98,0.0,30.0,beat_this
1-0fGHZf0K1p8.wav,9.88,0.0,30.0,beat_this
1-0fGHZf0K1p8.wav,10.8,0.0,30.0,beat_this
1-0fGHZf0K1p8.wav,11.7,0.0,30.0,beat_this
1-0fGHZf0K1p8.wav,12.6,0.0,30.0,beat_this
1-0fGHZf0K1p8.wav,13.5,0.0,30.0,beat_this
1-0fGHZf0K1p8.wav,14.4,0.0,30.0,beat_this
1-0fGHZf0K1p8.wav,15.3,0.0,30.0,beat_this
1-0fGHZf0K1p8.wav,16.2,0.0,30.0,beat_this
1-0fGHZf0K1p8.wav,17.12,0.0,30.0,beat_this
1-0fGHZf0K1p8.wav,18.0,0.0,30.0,beat_this
1-0fGHZf0K1p8.wav,18.9,0.0,30.0,beat_this
1-0fGHZf0K1p8.wav,19.82,0.0,30.0,beat_this
1-0fGHZf0K1p8.wav,20.72,0.0,30.0,beat_this
1-0fGHZf0K1p8.wav,21.62,0.0,30.0,beat_this
1-0fGHZf0K1p8.wav,22.52,0.0,30.0,beat_this
1-0fGHZf0K1p8.wav,23.42,0.0,30.0,beat_this
1-0fGHZf0K1p8.wav,24.32,0.0,30.0,beat_this
1-0fGHZf0K1p8.wav,25.22,0.0,30.0,beat_this
1-0fGHZf0K1p8.wav,26.14,0.0,30.0,beat_this
1-0fGHZf0K1p8.wav,27.04,0.0,30.0,beat_this
1-0fGHZf0K1p8.wav,27.92,0.0,30.0,beat_this
1-0fGHZf0K1p8.wav,28.84,0.0,30.0,beat_this
1-0fGHZf0K1p8.wav,29.72,0.0,30.0,beat_this
10-TunFcFByq28.wav,0.0,0.0,30.0,beat_this
10-TunFcFByq28.wav,0.68,0.0,30.0,beat_this
10-TunFcFByq28.wav,1.4,0.0,30.0,beat_this
10-TunFcFByq28.wav,2.12,0.0,30.0,beat_this
10-TunFcFByq28.wav,2.86,0.0,30.0,beat_this
10-TunFcFByq28.wav,3.58,0.0,30.0,beat_this
10-TunFcFByq28.wav,4.3,0.0,30.0,beat_this
10-TunFcFByq28.wav,5.02,0.0,30.0,beat_this
10-TunFcFByq28.wav,5.76,0.0,30.0,beat_this
10-TunFcFByq28.wav,6.48,0.0,30.0,beat_this
10-TunFcFByq28.wav,7.2,0.0,30.0,beat_this
10-TunFcFByq28.wav,7.92,0.0,30.0,beat_this
10-TunFcFByq28.wav,8.64,0.0,30.0,beat_this
10-TunFcFByq28.wav,9.36,0.0,30.0,beat_this
10-TunFcFByq28.wav,10.08,0.0,30.0,beat_this
10-TunFcFByq28.wav,10.8,0.0,30.0,beat_this
10-TunFcFByq28.wav,11.54,0.0,30.0,beat_this
10-TunFcFByq28.wav,12.26,0.0,30.0,beat_this
10-TunFcFByq28.wav,12.98,0.0,30.0,beat_this
10-TunFcFByq28.wav,13.7,0.0,30.0,beat_this
10-TunFcFByq28.wav,14.44,0.0,30.0,beat_this
10-TunFcFByq28.wav,15.16,0.0,30.0,beat_this
10-TunFcFByq28.wav,15.88,0.0,30.0,beat_this
10-TunFcFByq28.wav,16.6,0.0,30.0,beat_this
10-TunFcFByq28.wav,17.32,0.0,30.0,beat_this
10-TunFcFByq28.wav,18.06,0.0,30.0,beat_this
10-TunFcFByq28.wav,18.76,0.0,30.0,beat_this
10-TunFcFByq28.wav,19.5,0.0,30.0,beat_this
10-TunFcFByq28.wav,20.22,0.0,30.0,beat_this
10-TunFcFByq28.wav,20.94,0.0,30.0,beat_this
10-TunFcFByq28.wav,21.66,0.0,30.0,beat_this
10-TunFcFByq28.wav,22.38,0.0,30.0,beat_this
10-TunFcFByq28.wav,23.12,0.0,30.0,beat_this
10-TunFcFByq28.wav,23.84,0.0,30.0,beat_this
10-TunFcFByq28.wav,24.56,0.0,30.0,beat_this
10-TunFcFByq28.wav,25.28,0.0,30.0,beat_this
10-TunFcFByq28.wav,26.02,0.0,30.0,beat_this
10-TunFcFByq28.wav,26.74,0.0,30.0,beat_this
10-TunFcFByq28.wav,27.44,0.0,30.0,beat_this
10-TunFcFByq28.wav,28.18,0.0,30.0,beat_this
10-TunFcFByq28.wav,28.9,0.0,30.0,beat_this
10-TunFcFByq28.wav,29.62,0.0,30.0,beat_this
11-JWyovRzld1I.wav,0.42,0.0,30.0,beat_this
11-JWyovRzld1I.wav,1.06,0.0,30.0,beat_this
11-JWyovRzld1I.wav,1.68,0.0,30.0,beat_this
11-JWyovRzld1I.wav,2.3,0.0,30.0,beat_this
11-JWyovRzld1I.wav,2.92,0.0,30.0,beat_this
11-JWyovRzld1I.wav,3.56,0.0,30.0,beat_this
11-JWyovRzld1I.wav,4.18,0.0,30.0,beat_this
11-JWyovRzld1I.wav,4.8,0.0,30.0,beat_this
11-JWyovRzld1I.wav,5.44,0.0,30.0,beat_this
11-JWyovRzld1I.wav,6.06,0.0,30.0,beat_this
11-JWyovRzld1I.wav,6.68,0.0,30.0,beat_this
11-JWyovRzld1I.wav,7.3,0.0,30.0,beat_this
11-JWyovRzld1I.wav,7.94,0.0,30.0,beat_this
11-JWyovRzld1I.wav,8.56,0.0,30.0,beat_this
11-JWyovRzld1I.wav,9.18,0.0,30.0,beat_this
11-JWyovRzld1I.wav,9.8,0.0,30.0,beat_this
11-JWyovRzld1I.wav,10.42,0.0,30.0,beat_this
11-JWyovRzld1I.wav,11.06,0.0,30.0,beat_this
11-JWyovRzld1I.wav,11.68,0.0,30.0,beat_this
11-JWyovRzld1I.wav,12.3,0.0,30.0,beat_this
11-JWyovRzld1I.wav,12.92,0.0,30.0,beat_this
11-JWyovRzld1I.wav,13.56,0.0,30.0,beat_this
11-JWyovRzld1I.wav,14.18,0.0,30.0,beat_this
11-JWyovRzld1I.wav,14.8,0.0,30.0,beat_this
11-JWyovRzld1I.wav,15.44,0.0,30.0,beat_this
11-JWyovRzld1I.wav,16.06,0.0,30.0,beat_this
11-JWyovRzld1I.wav,16.68,0.0,30.0,beat_this
11-JWyovRzld1I.wav,17.3,0.0,30.0,beat_this
11-JWyovRzld1I.wav,17.94,0.0,30.0,beat_this
11-JWyovRzld1I.wav,18.56,0.0,30.0,beat_this
11-JWyovRzld1I.wav,19.18,0.0,30.0,beat_this
11-JWyovRzld1I.wav,19.8,0.0,30.0,beat_this
11-JWyovRzld1I.wav,20.42,0.0,30.0,beat_this
11-JWyovRzld1I.wav,21.06,0.0,30.0,beat_this
11-JWyovRzld1I.wav,21.68,0.0,30.0,beat_this
11-JWyovRzld1I.wav,22.3,0.0,30.0,beat_this
11-JWyovRzld1I.wav,22.92,0.0,30.0,beat_this
11-JWyovRzld1I.wav,23.56,0.0,30.0,beat_this
11-JWyovRzld1I.wav,24.18,0.0,30.0,beat_this
11-JWyovRzld1I.wav,24.8,0.0,30.0,beat_this
11-JWyovRzld1I.wav,25.42,0.0,30.0,beat_this
11-JWyovRzld1I.wav,26.06,0.0,30.0,beat_this
11-JWyovRzld1I.wav,26.68,0.0,30.0,beat_this
11-JWyovRzld1I.wav,27.3,0.0,30.0,beat_this
11-JWyovRzld1I.wav,27.94,0.0,30.0,beat_this
11-JWyovRzld1I.wav,28.56,0.0,30.0,beat_this
11-JWyovRzld1I.wav,29.18,0.0,30.0,beat_this
11-JWyovRzld1I.wav,29.8,0.0,30.0,beat_this
12-4Snl5lw-ku4.wav,0.38,0.0,30.0,beat_this
12-4Snl5lw-ku4.wav,0.86,0.0,30.0,beat_this
12-4Snl5lw-ku4.wav,1.32,0.0,30.0,beat_this
12-4Snl5lw-ku4.wav,1.76,0.0,30.0,beat_this
12-4Snl5lw-ku4.wav,2.22,0.0,30.0,beat_this
12-4Snl5lw-ku4.wav,2.68,0.0,30.0,beat_this
12-4Snl5lw-ku4.wav,3.12,0.0,30.0,beat_this
12-4Snl5lw-ku4.wav,3.58,0.0,30.0,beat_this
12-4Snl5lw-ku4.wav,4.02,0.0,30.0,beat_this
12-4Snl5lw-ku4.wav,4.48,0.0,30.0,beat_this
12-4Snl5lw-ku4.wav,4.92,0.0,30.0,beat_this
12-4Snl5lw-ku4.wav,5.38,0.0,30.0,beat_this
12-4Snl5lw-ku4.wav,5.82,0.0,30.0,beat_this
12-4Snl5lw-ku4.wav,6.28,0.0,30.0,beat_this
12-4Snl5lw-ku4.wav,6.72,0.0,30.0,beat_this
12-4Snl5lw-ku4.wav,7.18,0.0,30.0,beat_this
12-4Snl5lw-ku4.wav,7.62,0.0,30.0,beat_this
12-4Snl5lw-ku4.wav,8.08,0.0,30.0,beat_this
12-4Snl5lw-ku4.wav,8.54,0.0,30.0,beat_this
12-4Snl5lw-ku4.wav,8.98,0.0,30.0,beat_this
12-4Snl5lw-ku4.wav,9.44,0.0,30.0,beat_this
12-4Snl5lw-ku4.wav,9.88,0.0,30.0,beat_this
12-4Snl5lw-ku4.wav,10.34,0.0,30.0,beat_this
12-4Snl5lw-ku4.wav,10.78,0.0,30.0,beat_this
12-4Snl5lw-ku4.wav,11.24,0.0,30.0,beat_this
12-4Snl5lw-ku4.wav,11.68,0.0,30.0,beat_this
12-4Snl5lw-ku4.wav,12.14,0.0,30.0,beat_this
12-4Snl5lw-ku4.wav,12.6,0.0,30.0,beat_this
12-4Snl5lw-ku4.wav,13.04,0.0,30.0,beat_this
12-4Snl5lw-ku4.wav,13.5,0.0,30.0,beat_this
12-4Snl5lw-ku4.wav,13.94,0.0,30.0,beat_this
12-4Snl5lw-ku4.wav,14.4,0.0,30.0,beat_this
12-4Snl5lw-ku4.wav,14.84,0.0,30.0,beat_this
12-4Snl5lw-ku4.wav,15.3,0.0,30.0,beat_this
12-4Snl5lw-ku4.wav,15.74,0.0,30.0,beat_this
12-4Snl5lw-ku4.wav,16.2,0.0,30.0,beat_this
12-4Snl5lw-ku4.wav,16.64,0.0,30.0,beat_this
12-4Snl5lw-ku4.wav,17.1,0.0,30.0,beat_this
12-4Snl5lw-ku4.wav,17.56,0.0,30.0,beat_this
12-4Snl5lw-ku4.wav,18.0,0.0,30.0,beat_this
12-4Snl5lw-ku4.wav,18.46,0.0,30.0,beat_this
12-4Snl5lw-ku4.wav,18.9,0.0,30.0,beat_this
12-4Snl5lw-ku4.wav,19.36,0.0,30.0,beat_this
12-4Snl5lw-ku4.wav,19.8,0.0,30.0,beat_this
12-4Snl5lw-ku4.wav,20.26,0.0,30.0,beat_this
12-4Snl5lw-ku4.wav,20.7,0.0,30.0,beat_this
12-4Snl5lw-ku4.wav,21.16,0.0,30.0,beat_this
12-4Snl5lw-ku4.wav,21.62,0.0,30.0,beat_this
12-4Snl5lw-ku4.wav,22.06,0.0,30.0,beat_this
12-4Snl5lw-ku4.wav,22.52,0.0,30.0,beat_this
12-4Snl5lw-ku4.wav,22.96,0.0,30.0,beat_this
12-4Snl5lw-ku4.wav,23.42,0.0,30.0,beat_this
12-4Snl5lw-ku4.wav,23.88,0.0,30.0,beat_this
12-4Snl5lw-ku4.wav,24.32,0.0,30.0,beat_this
12-4Snl5lw-ku4.wav,24.78,0.0,30.0,beat_this
12-4Snl5lw-ku4.wav,25.22,0.0,30.0,beat_this
12-4Snl5lw-ku4.wav,25.68,0.0,30.0,beat_this
12-4Snl5lw-ku4.wav,26.12,0.0,30.0,beat_this
12-4Snl5lw-ku4.wav,26.58,0.0,30.0,beat_this
12-4Snl5lw-ku4.wav,27.02,0.0,30.0,beat_this
12-4Snl5lw-ku4.wav,27.48,0.0,30.0,beat_this
12-4Snl5lw-ku4.wav,27.92,0.0,30.0,beat_this
12-4Snl5lw-ku4.wav,28.38,0.0,30.0,beat_this
12-4Snl5lw-ku4.wav,28.82,0.0,30.0,beat_this
12-4Snl5lw-ku4.wav,29.28,0.0,30.0,beat_this
12-4Snl5lw-ku4.wav,29.72,0.0,30.0,beat_this
13-1K4KwuV2l4s.wav,0.3,0.0,30.0,beat_this
13-1K4KwuV2l4s.wav,1.1,0.0,30.0,beat_this
13-1K4KwuV2l4s.wav,1.88,0.0,30.0,beat_this
13-1K4KwuV2l4s.wav,2.68,0.0,30.0,beat_this
13-1K4KwuV2l4s.wav,3.48,0.0,30.0,beat_this
13-1K4KwuV2l4s.wav,4.28,0.0,30.0,beat_this
13-1K4KwuV2l4s.wav,5.08,0.0,30.0,beat_this
13-1K4KwuV2l4s.wav,5.9,0.0,30.0,beat_this
13-1K4KwuV2l4s.wav,6.68,0.0,30.0,beat_this
13-1K4KwuV2l4s.wav,7.48,0.0,30.0,beat_this
13-1K4KwuV2l4s.wav,8.28,0.0,30.0,beat_this
13-1K4KwuV2l4s.wav,9.08,0.0,30.0,beat_this
13-1K4KwuV2l4s.wav,9.88,0.0,30.0,beat_this
13-1K4KwuV2l4s.wav,10.68,0.0,30.0,beat_this
13-1K4KwuV2l4s.wav,11.48,0.0,30.0,beat_this
13-1K4KwuV2l4s.wav,12.3,0.0,30.0,beat_this
13-1K4KwuV2l4s.wav,13.08,0.0,30.0,beat_this
13-1K4KwuV2l4s.wav,13.88,0.0,30.0,beat_this
13-1K4KwuV2l4s.wav,14.68,0.0,30.0,beat_this
13-1K4KwuV2l4s.wav,15.48,0.0,30.0,beat_this
13-1K4KwuV2l4s.wav,16.28,0.0,30.0,beat_this
13-1K4KwuV2l4s.wav,17.08,0.0,30.0,beat_this
13-1K4KwuV2l4s.wav,17.88,0.0,30.0,beat_this
13-1K4KwuV2l4s.wav,18.68,0.0,30.0,beat_this
13-1K4KwuV2l4s.wav,19.48,0.0,30.0,beat_this
13-1K4KwuV2l4s.wav,20.28,0.0,30.0,beat_this
13-1K4KwuV2l4s.wav,21.08,0.0,30.0,beat_this
13-1K4KwuV2l4s.wav,21.88,0.0,30.0,beat_this
13-1K4KwuV2l4s.wav,22.68,0.0,30.0,beat_this
13-1K4KwuV2l4s.wav,23.48,0.0,30.0,beat_this
13-1K4KwuV2l4s.wav,24.28,0.0,30.0,beat_this
13-1K4KwuV2l4s.wav,25.08,0.0,30.0,beat_this
13-1K4KwuV2l4s.wav,25.88,0.0,30.0,beat_this
13-1K4KwuV2l4s.wav,26.68,0.0,30.0,beat_this
13-1K4KwuV2l4s.wav,27.48,0.0,30.0,beat_this
13-1K4KwuV2l4s.wav,28.28,0.0,30.0,beat_this
13-1K4KwuV2l4s.wav,29.08,0.0,30.0,beat_this
13-1K4KwuV2l4s.wav,29.88,0.0,30.0,beat_this
14-4ZMq4-T0DaQ.wav,0.6,0.0,30.0,beat_this
14-4ZMq4-T0DaQ.wav,1.36,0.0,30.0,beat_this
14-4ZMq4-T0DaQ.wav,2.12,0.0,30.0,beat_this
14-4ZMq4-T0DaQ.wav,2.88,0.0,30.0,beat_this
14-4ZMq4-T0DaQ.wav,3.64,0.0,30.0,beat_this
14-4ZMq4-T0DaQ.wav,4.4,0.0,30.0,beat_this
14-4ZMq4-T0DaQ.wav,5.14,0.0,30.0,beat_this
14-4ZMq4-T0DaQ.wav,5.9,0.0,30.0,beat_this
14-4ZMq4-T0DaQ.wav,6.68,0.0,30.0,beat_this
14-4ZMq4-T0DaQ.wav,7.42,0.0,30.0,beat_this
14-4ZMq4-T0DaQ.wav,8.18,0.0,30.0,beat_this
14-4ZMq4-T0DaQ.wav,8.94,0.0,30.0,beat_this
14-4ZMq4-T0DaQ.wav,9.7,0.0,30.0,beat_this
14-4ZMq4-T0DaQ.wav,10.46,0.0,30.0,beat_this
14-4ZMq4-T0DaQ.wav,11.22,0.0,30.0,beat_this
14-4ZMq4-T0DaQ.wav,11.98,0.0,30.0,beat_this
14-4ZMq4-T0DaQ.wav,12.74,0.0,30.0,beat_this
14-4ZMq4-T0DaQ.wav,13.5,0.0,30.0,beat_this
14-4ZMq4-T0DaQ.wav,14.28,0.0,30.0,beat_this
14-4ZMq4-T0DaQ.wav,15.02,0.0,30.0,beat_this
14-4ZMq4-T0DaQ.wav,15.78,0.0,30.0,beat_this
14-4ZMq4-T0DaQ.wav,16.54,0.0,30.0,beat_this
14-4ZMq4-T0DaQ.wav,17.3,0.0,30.0,beat_this
14-4ZMq4-T0DaQ.wav,18.04,0.0,30.0,beat_this
14-4ZMq4-T0DaQ.wav,18.8,0.0,30.0,beat_this
14-4ZMq4-T0DaQ.wav,19.56,0.0,30.0,beat_this
14-4ZMq4-T0DaQ.wav,20.34,0.0,30.0,beat_this
14-4ZMq4-T0DaQ.wav,21.1,0.0,30.0,beat_this
14-4ZMq4-T0DaQ.wav,21.86,0.0,30.0,beat_this
14-4ZMq4-T0DaQ.wav,22.62,0.0,30.0,beat_this
14-4ZMq4-T0DaQ.wav,23.38,0.0,30.0,beat_this
14-4ZMq4-T0DaQ.wav,24.14,0.0,30.0,beat_this
14-4ZMq4-T0DaQ.wav,24.9,0.0,30.0,beat_this
14-4ZMq4-T0DaQ.wav,25.66,0.0,30.0,beat_this
14-4ZMq4-T0DaQ.wav,26.42,0.0,30.0,beat_this
14-4ZMq4-T0DaQ.wav,27.16,0.0,30.0,beat_this
14-4ZMq4-T0DaQ.wav,27.92,0.0,30.0,beat_this
14-4ZMq4-T0DaQ.wav,28.68,0.0,30.0,beat_this
14-4ZMq4-T0DaQ.wav,29.42,0.0,30.0,beat_this
15-cg49uu60tXk.wav,0.12,0.0,30.0,beat_this
15-cg49uu60tXk.wav,0.84,0.0,30.0,beat_this
15-cg49uu60tXk.wav,1.56,0.0,30.0,beat_this
15-cg49uu60tXk.wav,2.28,0.0,30.0,beat_this
15-cg49uu60tXk.wav,3.02,0.0,30.0,beat_this
15-cg49uu60tXk.wav,3.74,0.0,30.0,beat_this
15-cg49uu60tXk.wav,4.46,0.0,30.0,beat_this
15-cg49uu60tXk.wav,5.18,0.0,30.0,beat_this
15-cg49uu60tXk.wav,5.9,0.0,30.0,beat_this
15-cg49uu60tXk.wav,6.62,0.0,30.0,beat_this
15-cg49uu60tXk.wav,7.36,0.0,30.0,beat_this
15-cg49uu60tXk.wav,8.06,0.0,30.0,beat_this
15-cg49uu60tXk.wav,8.8,0.0,30.0,beat_this
15-cg49uu60tXk.wav,9.52,0.0,30.0,beat_this
15-cg49uu60tXk.wav,10.24,0.0,30.0,beat_this
15-cg49uu60tXk.wav,10.96,0.0,30.0,beat_this
15-cg49uu60tXk.wav,11.68,0.0,30.0,beat_this
15-cg49uu60tXk.wav,12.4,0.0,30.0,beat_this
15-cg49uu60tXk.wav,13.14,0.0,30.0,beat_this
15-cg49uu60tXk.wav,13.84,0.0,30.0,beat_this
15-cg49uu60tXk.wav,14.58,0.0,30.0,beat_this
15-cg49uu60tXk.wav,15.3,0.0,30.0,beat_this
15-cg49uu60tXk.wav,16.02,0.0,30.0,beat_this
15-cg49uu60tXk.wav,16.74,0.0,30.0,beat_this
15-cg49uu60tXk.wav,17.48,0.0,30.0,beat_this
15-cg49uu60tXk.wav,18.18,0.0,30.0,beat_this
15-cg49uu60tXk.wav,18.92,0.0,30.0,beat_this
15-cg49uu60tXk.wav,19.64,0.0,30.0,beat_this
15-cg49uu60tXk.wav,20.38,0.0,30.0,beat_this
15-cg49uu60tXk.wav,21.08,0.0,30.0,beat_this
15-cg49uu60tXk.wav,21.8,0.0,30.0,beat_this
15-cg49uu60tXk.wav,22.52,0.0,30.0,beat_this
15-cg49uu60tXk.wav,23.24,0.0,30.0,beat_this
15-cg49uu60tXk.wav,23.96,0.0,30.0,beat_this
15-cg49uu60tXk.wav,24.7,0.0,30.0,beat_this
15-cg49uu60tXk.wav,25.4,0.0,30.0,beat_this
15-cg49uu60tXk.wav,26.14,0.0,30.0,beat_this
15-cg49uu60tXk.wav,26.86,0.0,30.0,beat_this
15-cg49uu60tXk.wav,27.58,0.0,30.0,beat_this
15-cg49uu60tXk.wav,28.3,0.0,30.0,beat_this
15-cg49uu60tXk.wav,29.04,0.0,30.0,beat_this
15-cg49uu60tXk.wav,29.76,0.0,30.0,beat_this
16-cXuGD48qs3Y.wav,0.22,0.0,30.0,beat_this
16-cXuGD48qs3Y.wav,0.88,0.0,30.0,beat_this
16-cXuGD48qs3Y.wav,1.5,0.0,30.0,beat_this
16-cXuGD48qs3Y.wav,2.14,0.0,30.0,beat_this
16-cXuGD48qs3Y.wav,2.78,0.0,30.0,beat_this
16-cXuGD48qs3Y.wav,3.42,0.0,30.0,beat_this
16-cXuGD48qs3Y.wav,4.06,0.0,30.0,beat_this
16-cXuGD48qs3Y.wav,4.7,0.0,30.0,beat_this
16-cXuGD48qs3Y.wav,5.32,0.0,30.0,beat_this
16-cXuGD48qs3Y.wav,5.96,0.0,30.0,beat_this
16-cXuGD48qs3Y.wav,6.6,0.0,30.0,beat_this
16-cXuGD48qs3Y.wav,7.24,0.0,30.0,beat_this
16-cXuGD48qs3Y.wav,7.88,0.0,30.0,beat_this
16-cXuGD48qs3Y.wav,8.52,0.0,30.0,beat_this
16-cXuGD48qs3Y.wav,9.16,0.0,30.0,beat_this
16-cXuGD48qs3Y.wav,9.8,0.0,30.0,beat_this
16-cXuGD48qs3Y.wav,10.44,0.0,30.0,beat_this
16-cXuGD48qs3Y.wav,11.08,0.0,30.0,beat_this
16-cXuGD48qs3Y.wav,11.72,0.0,30.0,beat_this
16-cXuGD48qs3Y.wav,12.34,0.0,30.0,beat_this
16-cXuGD48qs3Y.wav,13.0,0.0,30.0,beat_this
16-cXuGD48qs3Y.wav,13.64,0.0,30.0,beat_this
16-cXuGD48qs3Y.wav,14.28,0.0,30.0,beat_this
16-cXuGD48qs3Y.wav,14.92,0.0,30.0,beat_this
16-cXuGD48qs3Y.wav,15.56,0.0,30.0,beat_this
16-cXuGD48qs3Y.wav,16.2,0.0,30.0,beat_this
16-cXuGD48qs3Y.wav,16.84,0.0,30.0,beat_this
16-cXuGD48qs3Y.wav,17.46,0.0,30.0,beat_this
16-cXuGD48qs3Y.wav,18.1,0.0,30.0,beat_this
16-cXuGD48qs3Y.wav,18.74,0.0,30.0,beat_this
16-cXuGD48qs3Y.wav,19.38,0.0,30.0,beat_this
16-cXuGD48qs3Y.wav,20.02,0.0,30.0,beat_this
16-cXuGD48qs3Y.wav,20.66,0.0,30.0,beat_this
16-cXuGD48qs3Y.wav,21.3,0.0,30.0,beat_this
16-cXuGD48qs3Y.wav,21.94,0.0,30.0,beat_this
16-cXuGD48qs3Y.wav,22.58,0.0,30.0,beat_this
16-cXuGD48qs3Y.wav,23.22,0.0,30.0,beat_this
16-cXuGD48qs3Y.wav,23.84,0.0,30.0,beat_this
16-cXuGD48qs3Y.wav,24.48,0.0,30.0,beat_this
16-cXuGD48qs3Y.wav,25.12,0.0,30.0,beat_this
16-cXuGD48qs3Y.wav,25.76,0.0,30.0,beat_this
16-cXuGD48qs3Y.wav,26.42,0.0,30.0,beat_this
16-cXuGD48qs3Y.wav,27.04,0.0,30.0,beat_this
16-cXuGD48qs3Y.wav,27.68,0.0,30.0,beat_this
16-cXuGD48qs3Y.wav,28.32,0.0,30.0,beat_this
16-cXuGD48qs3Y.wav,28.94,0.0,30.0,beat_this
16-cXuGD48qs3Y.wav,29.58,0.0,30.0,beat_this
17-ehHKH5PbGYc.wav,0.26,0.0,30.0,beat_this
17-ehHKH5PbGYc.wav,0.86,0.0,30.0,beat_this
17-ehHKH5PbGYc.wav,1.46,0.0,30.0,beat_this
17-ehHKH5PbGYc.wav,2.06,0.0,30.0,beat_this
17-ehHKH5PbGYc.wav,2.68,0.0,30.0,beat_this
17-ehHKH5PbGYc.wav,3.3,0.0,30.0,beat_this
17-ehHKH5PbGYc.wav,3.92,0.0,30.0,beat_this
17-ehHKH5PbGYc.wav,4.54,0.0,30.0,beat_this
17-ehHKH5PbGYc.wav,5.14,0.0,30.0,beat_this
17-ehHKH5PbGYc.wav,5.76,0.0,30.0,beat_this
17-ehHKH5PbGYc.wav,6.36,0.0,30.0,beat_this
17-ehHKH5PbGYc.wav,6.98,0.0,30.0,beat_this
17-ehHKH5PbGYc.wav,7.58,0.0,30.0,beat_this
17-ehHKH5PbGYc.wav,8.2,0.0,30.0,beat_this
17-ehHKH5PbGYc.wav,8.82,0.0,30.0,beat_this
17-ehHKH5PbGYc.wav,9.44,0.0,30.0,beat_this
17-ehHKH5PbGYc.wav,10.04,0.0,30.0,beat_this
17-ehHKH5PbGYc.wav,10.66,0.0,30.0,beat_this
17-ehHKH5PbGYc.wav,11.26,0.0,30.0,beat_this
17-ehHKH5PbGYc.wav,11.86,0.0,30.0,beat_this
17-ehHKH5PbGYc.wav,12.5,0.0,30.0,beat_this
17-ehHKH5PbGYc.wav,13.1,0.0,30.0,beat_this
17-ehHKH5PbGYc.wav,13.72,0.0,30.0,beat_this
17-ehHKH5PbGYc.wav,14.32,0.0,30.0,beat_this
17-ehHKH5PbGYc.wav,14.94,0.0,30.0,beat_this
17-ehHKH5PbGYc.wav,15.54,0.0,30.0,beat_this
17-ehHKH5PbGYc.wav,16.18,0.0,30.0,beat_this
17-ehHKH5PbGYc.wav,16.76,0.0,30.0,beat_this
17-ehHKH5PbGYc.wav,17.4,0.0,30.0,beat_this
17-ehHKH5PbGYc.wav,17.98,0.0,30.0,beat_this
17-ehHKH5PbGYc.wav,18.6,0.0,30.0,beat_this
17-ehHKH5PbGYc.wav,19.22,0.0,30.0,beat_this
17-ehHKH5PbGYc.wav,19.84,0.0,30.0,beat_this
17-ehHKH5PbGYc.wav,20.44,0.0,30.0,beat_this
17-ehHKH5PbGYc.wav,21.06,0.0,30.0,beat_this
17-ehHKH5PbGYc.wav,21.66,0.0,30.0,beat_this
17-ehHKH5PbGYc.wav,22.3,0.0,30.0,beat_this
17-ehHKH5PbGYc.wav,22.9,0.0,30.0,beat_this
17-ehHKH5PbGYc.wav,23.52,0.0,30.0,beat_this
17-ehHKH5PbGYc.wav,24.14,0.0,30.0,beat_this
17-ehHKH5PbGYc.wav,24.74,0.0,30.0,beat_this
17-ehHKH5PbGYc.wav,25.36,0.0,30.0,beat_this
17-ehHKH5PbGYc.wav,25.98,0.0,30.0,beat_this
17-ehHKH5PbGYc.wav,26.58,0.0,30.0,beat_this
17-ehHKH5PbGYc.wav,27.18,0.0,30.0,beat_this
17-ehHKH5PbGYc.wav,27.8,0.0,30.0,beat_this
17-ehHKH5PbGYc.wav,28.42,0.0,30.0,beat_this
17-ehHKH5PbGYc.wav,29.02,0.0,30.0,beat_this
17-ehHKH5PbGYc.wav,29.62,0.0,30.0,beat_this
18-FxQUodHlP5M.wav,0.22,0.0,30.0,beat_this
18-FxQUodHlP5M.wav,0.86,0.0,30.0,beat_this
18-FxQUodHlP5M.wav,1.48,0.0,30.0,beat_this
18-FxQUodHlP5M.wav,2.12,0.0,30.0,beat_this
18-FxQUodHlP5M.wav,2.74,0.0,30.0,beat_this
18-FxQUodHlP5M.wav,3.38,0.0,30.0,beat_this
18-FxQUodHlP5M.wav,4.0,0.0,30.0,beat_this
18-FxQUodHlP5M.wav,4.64,0.0,30.0,beat_this
18-FxQUodHlP5M.wav,5.28,0.0,30.0,beat_this
18-FxQUodHlP5M.wav,5.92,0.0,30.0,beat_this
18-FxQUodHlP5M.wav,6.54,0.0,30.0,beat_this
18-FxQUodHlP5M.wav,7.16,0.0,30.0,beat_this
18-FxQUodHlP5M.wav,7.8,0.0,30.0,beat_this
18-FxQUodHlP5M.wav,8.44,0.0,30.0,beat_this
18-FxQUodHlP5M.wav,9.06,0.0,30.0,beat_this
18-FxQUodHlP5M.wav,9.7,0.0,30.0,beat_this
18-FxQUodHlP5M.wav,10.32,0.0,30.0,beat_this
18-FxQUodHlP5M.wav,10.96,0.0,30.0,beat_this
18-FxQUodHlP5M.wav,11.6,0.0,30.0,beat_this
18-FxQUodHlP5M.wav,12.22,0.0,30.0,beat_this
18-FxQUodHlP5M.wav,12.86,0.0,30.0,beat_this
18-FxQUodHlP5M.wav,13.48,0.0,30.0,beat_this
18-FxQUodHlP5M.wav,14.12,0.0,30.0,beat_this
18-FxQUodHlP5M.wav,14.74,0.0,30.0,beat_this
18-FxQUodHlP5M.wav,15.38,0.0,30.0,beat_this
18-FxQUodHlP5M.wav,16.02,0.0,30.0,beat_this
18-FxQUodHlP5M.wav,16.64,0.0,30.0,beat_this
18-FxQUodHlP5M.wav,17.28,0.0,30.0,beat_this
18-FxQUodHlP5M.wav,17.9,0.0,30.0,beat_this
18-FxQUodHlP5M.wav,18.54,0.0,30.0,beat_this
18-FxQUodHlP5M.wav,19.16,0.0,30.0,beat_this
18-FxQUodHlP5M.wav,19.8,0.0,30.0,beat_this
18-FxQUodHlP5M.wav,20.44,0.0,30.0,beat_this
18-FxQUodHlP5M.wav,21.06,0.0,30.0,beat_this
18-FxQUodHlP5M.wav,21.7,0.0,30.0,beat_this
18-FxQUodHlP5M.wav,22.34,0.0,30.0,beat_this
18-FxQUodHlP5M.wav,22.96,0.0,30.0,beat_this
18-FxQUodHlP5M.wav,23.6,0.0,30.0,beat_this
18-FxQUodHlP5M.wav,24.22,0.0,30.0,beat_this
18-FxQUodHlP5M.wav,24.86,0.0,30.0,beat_this
18-FxQUodHlP5M.wav,25.48,0.0,30.0,beat_this
18-FxQUodHlP5M.wav,26.12,0.0,30.0,beat_this
18-FxQUodHlP5M.wav,26.74,0.0,30.0,beat_this
18-FxQUodHlP5M.wav,27.38,0.0,30.0,beat_this
18-FxQUodHlP5M.wav,28.0,0.0,30.0,beat_this
18-FxQUodHlP5M.wav,28.64,0.0,30.0,beat_this
18-FxQUodHlP5M.wav,29.28,0.0,30.0,beat_this
18-FxQUodHlP5M.wav,29.92,0.0,30.0,beat_this
19-Ii8t-XIw6aM.wav,0.34,0.0,30.0,beat_this
19-Ii8t-XIw6aM.wav,0.42,0.0,30.0,beat_this
19-Ii8t-XIw6aM.wav,1.2,0.0,30.0,beat_this
19-Ii8t-XIw6aM.wav,1.94,0.0,30.0,beat_this
19-Ii8t-XIw6aM.wav,2.02,0.0,30.0,beat_this
19-Ii8t-XIw6aM.wav,2.82,0.0,30.0,beat_this
19-Ii8t-XIw6aM.wav,3.62,0.0,30.0,beat_this
19-Ii8t-XIw6aM.wav,4.4,0.0,30.0,beat_this
19-Ii8t-XIw6aM.wav,5.2,0.0,30.0,beat_this
19-Ii8t-XIw6aM.wav,6.0,0.0,30.0,beat_this
19-Ii8t-XIw6aM.wav,6.8,0.0,30.0,beat_this
19-Ii8t-XIw6aM.wav,7.6,0.0,30.0,beat_this
19-Ii8t-XIw6aM.wav,8.4,0.0,30.0,beat_this
19-Ii8t-XIw6aM.wav,9.2,0.0,30.0,beat_this
19-Ii8t-XIw6aM.wav,10.0,0.0,30.0,beat_this
19-Ii8t-XIw6aM.wav,10.8,0.0,30.0,beat_this
19-Ii8t-XIw6aM.wav,11.6,0.0,30.0,beat_this
19-Ii8t-XIw6aM.wav,12.4,0.0,30.0,beat_this
19-Ii8t-XIw6aM.wav,13.18,0.0,30.0,beat_this
19-Ii8t-XIw6aM.wav,13.98,0.0,30.0,beat_this
19-Ii8t-XIw6aM.wav,14.8,0.0,30.0,beat_this
19-Ii8t-XIw6aM.wav,15.6,0.0,30.0,beat_this
19-Ii8t-XIw6aM.wav,16.4,0.0,30.0,beat_this
19-Ii8t-XIw6aM.wav,17.2,0.0,30.0,beat_this
19-Ii8t-XIw6aM.wav,18.0,0.0,30.0,beat_this
19-Ii8t-XIw6aM.wav,18.82,0.0,30.0,beat_this
19-Ii8t-XIw6aM.wav,19.6,0.0,30.0,beat_this
19-Ii8t-XIw6aM.wav,20.4,0.0,30.0,beat_this
19-Ii8t-XIw6aM.wav,21.2,0.0,30.0,beat_this
19-Ii8t-XIw6aM.wav,22.02,0.0,30.0,beat_this
19-Ii8t-XIw6aM.wav,22.8,0.0,30.0,beat_this
19-Ii8t-XIw6aM.wav,23.6,0.0,30.0,beat_this
19-Ii8t-XIw6aM.wav,24.42,0.0,30.0,beat_this
19-Ii8t-XIw6aM.wav,25.22,0.0,30.0,beat_this
19-Ii8t-XIw6aM.wav,26.02,0.0,30.0,beat_this
19-Ii8t-XIw6aM.wav,26.8,0.0,30.0,beat_this
19-Ii8t-XIw6aM.wav,27.6,0.0,30.0,beat_this
19-Ii8t-XIw6aM.wav,28.4,0.0,30.0,beat_this
19-Ii8t-XIw6aM.wav,29.22,0.0,30.0,beat_this
19-Ii8t-XIw6aM.wav,29.98,0.0,30.0,beat_this
2-0R8IbpKXavM.wav,0.24,0.0,30.0,beat_this
2-0R8IbpKXavM.wav,0.8,0.0,30.0,beat_this
2-0R8IbpKXavM.wav,1.34,0.0,30.0,beat_this
2-0R8IbpKXavM.wav,1.9,0.0,30.0,beat_this
2-0R8IbpKXavM.wav,2.44,0.0,30.0,beat_this
2-0R8IbpKXavM.wav,3.0,0.0,30.0,beat_this
2-0R8IbpKXavM.wav,3.56,0.0,30.0,beat_this
2-0R8IbpKXavM.wav,4.1,0.0,30.0,beat_this
2-0R8IbpKXavM.wav,4.64,0.0,30.0,beat_this
2-0R8IbpKXavM.wav,5.2,0.0,30.0,beat_this
2-0R8IbpKXavM.wav,5.74,0.0,30.0,beat_this
2-0R8IbpKXavM.wav,6.3,0.0,30.0,beat_this
2-0R8IbpKXavM.wav,6.84,0.0,30.0,beat_this
2-0R8IbpKXavM.wav,7.4,0.0,30.0,beat_this
2-0R8IbpKXavM.wav,7.96,0.0,30.0,beat_this
2-0R8IbpKXavM.wav,8.5,0.0,30.0,beat_this
2-0R8IbpKXavM.wav,9.06,0.0,30.0,beat_this
2-0R8IbpKXavM.wav,9.6,0.0,30.0,beat_this
2-0R8IbpKXavM.wav,10.16,0.0,30.0,beat_this
2-0R8IbpKXavM.wav,10.7,0.0,30.0,beat_this
2-0R8IbpKXavM.wav,11.26,0.0,30.0,beat_this
2-0R8IbpKXavM.wav,11.8,0.0,30.0,beat_this
2-0R8IbpKXavM.wav,12.36,0.0,30.0,beat_this
2-0R8IbpKXavM.wav,12.9,0.0,30.0,beat_this
2-0R8IbpKXavM.wav,13.46,0.0,30.0,beat_this
2-0R8IbpKXavM.wav,14.0,0.0,30.0,beat_this
2-0R8IbpKXavM.wav,14.56,0.0,30.0,beat_this
2-0R8IbpKXavM.wav,15.1,0.0,30.0,beat_this
2-0R8IbpKXavM.wav,15.66,0.0,30.0,beat_this
2-0R8IbpKXavM.wav,16.2,0.0,30.0,beat_this
2-0R8IbpKXavM.wav,16.76,0.0,30.0,beat_this
2-0R8IbpKXavM.wav,17.3,0.0,30.0,beat_this
2-0R8IbpKXavM.wav,17.86,0.0,30.0,beat_this
2-0R8IbpKXavM.wav,18.4,0.0,30.0,beat_this
2-0R8IbpKXavM.wav,18.96,0.0,30.0,beat_this
2-0R8IbpKXavM.wav,19.5,0.0,30.0,beat_this
2-0R8IbpKXavM.wav,20.06,0.0,30.0,beat_this
2-0R8IbpKXavM.wav,20.62,0.0,30.0,beat_this
2-0R8IbpKXavM.wav,21.16,0.0,30.0,beat_this
2-0R8IbpKXavM.wav,21.72,0.0,30.0,beat_this
2-0R8IbpKXavM.wav,22.26,0.0,30.0,beat_this
2-0R8IbpKXavM.wav,22.82,0.0,30.0,beat_this
2-0R8IbpKXavM.wav,23.36,0.0,30.0,beat_this
2-0R8IbpKXavM.wav,23.92,0.0,30.0,beat_this
2-0R8IbpKXavM.wav,24.46,0.0,30.0,beat_this
2-0R8IbpKXavM.wav,25.02,0.0,30.0,beat_this
2-0R8IbpKXavM.wav,25.56,0.0,30.0,beat_this
2-0R8IbpKXavM.wav,26.12,0.0,30.0,beat_this
2-0R8IbpKXavM.wav,26.68,0.0,30.0,beat_this
2-0R8IbpKXavM.wav,27.22,0.0,30.0,beat_this
2-0R8IbpKXavM.wav,27.78,0.0,30.0,beat_this
2-0R8IbpKXavM.wav,28.32,0.0,30.0,beat_this
2-0R8IbpKXavM.wav,28.88,0.0,30.0,beat_this
2-0R8IbpKXavM.wav,29.42,0.0,30.0,beat_this
2-0R8IbpKXavM.wav,29.96,0.0,30.0,beat_this
20-ipDNOrqLIHU.wav,0.16,0.0,30.0,beat_this
20-ipDNOrqLIHU.wav,0.66,0.0,30.0,beat_this
20-ipDNOrqLIHU.wav,1.18,0.0,30.0,beat_this
20-ipDNOrqLIHU.wav,1.68,0.0,30.0,beat_this
20-ipDNOrqLIHU.wav,2.18,0.0,30.0,beat_this
20-ipDNOrqLIHU.wav,2.68,0.0,30.0,beat_this
20-ipDNOrqLIHU.wav,3.18,0.0,30.0,beat_this
20-ipDNOrqLIHU.wav,3.7,0.0,30.0,beat_this
20-ipDNOrqLIHU.wav,4.2,0.0,30.0,beat_this
20-ipDNOrqLIHU.wav,4.7,0.0,30.0,beat_this
20-ipDNOrqLIHU.wav,5.2,0.0,30.0,beat_this
20-ipDNOrqLIHU.wav,5.72,0.0,30.0,beat_this
20-ipDNOrqLIHU.wav,6.22,0.0,30.0,beat_this
20-ipDNOrqLIHU.wav,6.72,0.0,30.0,beat_this
20-ipDNOrqLIHU.wav,7.22,0.0,30.0,beat_this
20-ipDNOrqLIHU.wav,7.72,0.0,30.0,beat_this
20-ipDNOrqLIHU.wav,8.22,0.0,30.0,beat_this
20-ipDNOrqLIHU.wav,8.72,0.0,30.0,beat_this
20-ipDNOrqLIHU.wav,9.24,0.0,30.0,beat_this
20-ipDNOrqLIHU.wav,9.74,0.0,30.0,beat_this
20-ipDNOrqLIHU.wav,10.26,0.0,30.0,beat_this
20-ipDNOrqLIHU.wav,10.76,0.0,30.0,beat_this
20-ipDNOrqLIHU.wav,11.26,0.0,30.0,beat_this
20-ipDNOrqLIHU.wav,11.74,0.0,30.0,beat_this
20-ipDNOrqLIHU.wav,12.26,0.0,30.0,beat_this
20-ipDNOrqLIHU.wav,12.76,0.0,30.0,beat_this
20-ipDNOrqLIHU.wav,13.26,0.0,30.0,beat_this
20-ipDNOrqLIHU.wav,13.78,0.0,30.0,beat_this
20-ipDNOrqLIHU.wav,14.28,0.0,30.0,beat_this
20-ipDNOrqLIHU.wav,14.78,0.0,30.0,beat_this
20-ipDNOrqLIHU.wav,15.3,0.0,30.0,beat_this
20-ipDNOrqLIHU.wav,15.8,0.0,30.0,beat_this
20-ipDNOrqLIHU.wav,16.3,0.0,30.0,beat_this
20-ipDNOrqLIHU.wav,16.8,0.0,30.0,beat_this
20-ipDNOrqLIHU.wav,17.32,0.0,30.0,beat_this
20-ipDNOrqLIHU.wav,17.82,0.0,30.0,beat_this
20-ipDNOrqLIHU.wav,18.32,0.0,30.0,beat_this
20-ipDNOrqLIHU.wav,18.84,0.0,30.0,beat_this
20-ipDNOrqLIHU.wav,19.32,0.0,30.0,beat_this
20-ipDNOrqLIHU.wav,19.82,0.0,30.0,beat_this
20-ipDNOrqLIHU.wav,20.32,0.0,30.0,beat_this
20-ipDNOrqLIHU.wav,20.82,0.0,30.0,beat_this
20-ipDNOrqLIHU.wav,21.34,0.0,30.0,beat_this
20-ipDNOrqLIHU.wav,21.84,0.0,30.0,beat_this
20-ipDNOrqLIHU.wav,22.34,0.0,30.0,beat_this
20-ipDNOrqLIHU.wav,22.84,0.0,30.0,beat_this
20-ipDNOrqLIHU.wav,23.36,0.0,30.0,beat_this
20-ipDNOrqLIHU.wav,23.86,0.0,30.0,beat_this
20-ipDNOrqLIHU.wav,24.36,0.0,30.0,beat_this
20-ipDNOrqLIHU.wav,24.86,0.0,30.0,beat_this
20-ipDNOrqLIHU.wav,25.38,0.0,30.0,beat_this
20-ipDNOrqLIHU.wav,25.88,0.0,30.0,beat_this
20-ipDNOrqLIHU.wav,26.38,0.0,30.0,beat_this
20-ipDNOrqLIHU.wav,26.88,0.0,30.0,beat_this
20-ipDNOrqLIHU.wav,27.4,0.0,30.0,beat_this
20-ipDNOrqLIHU.wav,27.9,0.0,30.0,beat_this
20-ipDNOrqLIHU.wav,28.4,0.0,30.0,beat_this
20-ipDNOrqLIHU.wav,28.92,0.0,30.0,beat_this
20-ipDNOrqLIHU.wav,29.42,0.0,30.0,beat_this
20-ipDNOrqLIHU.wav,29.94,0.0,30.0,beat_this
21-IQCCdf_sVO0.wav,0.02,0.0,30.0,beat_this
21-IQCCdf_sVO0.wav,0.88,0.0,30.0,beat_this
21-IQCCdf_sVO0.wav,1.72,0.0,30.0,beat_this
21-IQCCdf_sVO0.wav,2.56,0.0,30.0,beat_this
21-IQCCdf_sVO0.wav,3.38,0.0,30.0,beat_this
21-IQCCdf_sVO0.wav,4.22,0.0,30.0,beat_this
21-IQCCdf_sVO0.wav,5.06,0.0,30.0,beat_this
21-IQCCdf_sVO0.wav,5.9,0.0,30.0,beat_this
21-IQCCdf_sVO0.wav,6.72,0.0,30.0,beat_this
21-IQCCdf_sVO0.wav,7.56,0.0,30.0,beat_this
21-IQCCdf_sVO0.wav,8.4,0.0,30.0,beat_this
21-IQCCdf_sVO0.wav,9.24,0.0,30.0,beat_this
21-IQCCdf_sVO0.wav,10.06,0.0,30.0,beat_this
21-IQCCdf_sVO0.wav,10.92,0.0,30.0,beat_this
21-IQCCdf_sVO0.wav,11.74,0.0,30.0,beat_this
21-IQCCdf_sVO0.wav,12.58,0.0,30.0,beat_this
21-IQCCdf_sVO0.wav,13.4,0.0,30.0,beat_this
21-IQCCdf_sVO0.wav,14.24,0.0,30.0,beat_this
21-IQCCdf_sVO0.wav,15.08,0.0,30.0,beat_this
21-IQCCdf_sVO0.wav,15.92,0.0,30.0,beat_this
21-IQCCdf_sVO0.wav,16.74,0.0,30.0,beat_this
21-IQCCdf_sVO0.wav,17.58,0.0,30.0,beat_this
21-IQCCdf_sVO0.wav,18.42,0.0,30.0,beat_this
21-IQCCdf_sVO0.wav,19.26,0.0,30.0,beat_this
21-IQCCdf_sVO0.wav,20.08,0.0,30.0,beat_this
21-IQCCdf_sVO0.wav,20.92,0.0,30.0,beat_this
21-IQCCdf_sVO0.wav,21.76,0.0,30.0,beat_this
21-IQCCdf_sVO0.wav,22.6,0.0,30.0,beat_this
21-IQCCdf_sVO0.wav,23.42,0.0,30.0,beat_this
21-IQCCdf_sVO0.wav,24.26,0.0,30.0,beat_this
21-IQCCdf_sVO0.wav,25.1,0.0,30.0,beat_this
21-IQCCdf_sVO0.wav,25.94,0.0,30.0,beat_this
21-IQCCdf_sVO0.wav,26.76,0.0,30.0,beat_this
21-IQCCdf_sVO0.wav,27.6,0.0,30.0,beat_this
21-IQCCdf_sVO0.wav,28.44,0.0,30.0,beat_this
21-IQCCdf_sVO0.wav,29.28,0.0,30.0,beat_this
22-JfiORjOfXnc.wav,0.06,0.0,30.0,beat_this
22-JfiORjOfXnc.wav,0.86,0.0,30.0,beat_this
22-JfiORjOfXnc.wav,1.64,0.0,30.0,beat_this
22-JfiORjOfXnc.wav,2.42,0.0,30.0,beat_this
22-JfiORjOfXnc.wav,2.74,0.0,30.0,beat_this
22-JfiORjOfXnc.wav,3.18,0.0,30.0,beat_this
22-JfiORjOfXnc.wav,3.96,0.0,30.0,beat_this
22-JfiORjOfXnc.wav,4.68,0.0,30.0,beat_this
22-JfiORjOfXnc.wav,5.04,0.0,30.0,beat_this
22-JfiORjOfXnc.wav,5.44,0.0,30.0,beat_this
22-JfiORjOfXnc.wav,6.26,0.0,30.0,beat_this
22-JfiORjOfXnc.wav,6.6,0.0,30.0,beat_this
22-JfiORjOfXnc.wav,7.04,0.0,30.0,beat_this
22-JfiORjOfXnc.wav,7.4,0.0,30.0,beat_this
22-JfiORjOfXnc.wav,7.78,0.0,30.0,beat_this
22-JfiORjOfXnc.wav,8.16,0.0,30.0,beat_this
22-JfiORjOfXnc.wav,8.58,0.0,30.0,beat_this
22-JfiORjOfXnc.wav,8.92,0.0,30.0,beat_this
22-JfiORjOfXnc.wav,9.34,0.0,30.0,beat_this
22-JfiORjOfXnc.wav,9.68,0.0,30.0,beat_this
22-JfiORjOfXnc.wav,10.1,0.0,30.0,beat_this
22-JfiORjOfXnc.wav,10.46,0.0,30.0,beat_this
22-JfiORjOfXnc.wav,10.86,0.0,30.0,beat_this
22-JfiORjOfXnc.wav,11.22,0.0,30.0,beat_this
22-JfiORjOfXnc.wav,11.64,0.0,30.0,beat_this
22-JfiORjOfXnc.wav,12.0,0.0,30.0,beat_this
22-JfiORjOfXnc.wav,12.36,0.0,30.0,beat_this
22-JfiORjOfXnc.wav,13.18,0.0,30.0,beat_this
22-JfiORjOfXnc.wav,13.94,0.0,30.0,beat_this
22-JfiORjOfXnc.wav,14.28,0.0,30.0,beat_this
22-JfiORjOfXnc.wav,14.72,0.0,30.0,beat_this
22-JfiORjOfXnc.wav,15.12,0.0,30.0,beat_this
22-JfiORjOfXnc.wav,15.48,0.0,30.0,beat_this
22-JfiORjOfXnc.wav,16.26,0.0,30.0,beat_this
22-JfiORjOfXnc.wav,17.02,0.0,30.0,beat_this
22-JfiORjOfXnc.wav,17.8,0.0,30.0,beat_this
22-JfiORjOfXnc.wav,18.56,0.0,30.0,beat_this
22-JfiORjOfXnc.wav,18.9,0.0,30.0,beat_this
22-JfiORjOfXnc.wav,19.34,0.0,30.0,beat_this
22-JfiORjOfXnc.wav,19.7,0.0,30.0,beat_this
22-JfiORjOfXnc.wav,20.12,0.0,30.0,beat_this
22-JfiORjOfXnc.wav,20.88,0.0,30.0,beat_this
22-JfiORjOfXnc.wav,21.26,0.0,30.0,beat_this
22-JfiORjOfXnc.wav,21.64,0.0,30.0,beat_this
22-JfiORjOfXnc.wav,21.98,0.0,30.0,beat_this
22-JfiORjOfXnc.wav,22.42,0.0,30.0,beat_this
22-JfiORjOfXnc.wav,22.76,0.0,30.0,beat_this
22-JfiORjOfXnc.wav,23.18,0.0,30.0,beat_this
22-JfiORjOfXnc.wav,23.52,0.0,30.0,beat_this
22-JfiORjOfXnc.wav,23.94,0.0,30.0,beat_this
22-JfiORjOfXnc.wav,24.3,0.0,30.0,beat_this
22-JfiORjOfXnc.wav,24.72,0.0,30.0,beat_this
22-JfiORjOfXnc.wav,25.48,0.0,30.0,beat_this
22-JfiORjOfXnc.wav,26.26,0.0,30.0,beat_this
22-JfiORjOfXnc.wav,27.02,0.0,30.0,beat_this
22-JfiORjOfXnc.wav,27.44,0.0,30.0,beat_this
22-JfiORjOfXnc.wav,27.8,0.0,30.0,beat_this
22-JfiORjOfXnc.wav,28.14,0.0,30.0,beat_this
22-JfiORjOfXnc.wav,28.56,0.0,30.0,beat_this
22-JfiORjOfXnc.wav,28.94,0.0,30.0,beat_this
22-JfiORjOfXnc.wav,29.34,0.0,30.0,beat_this
22-JfiORjOfXnc.wav,29.7,0.0,30.0,beat_this
23-JQnN90qqSZg.wav,0.1,0.0,30.0,beat_this
23-JQnN90qqSZg.wav,0.66,0.0,30.0,beat_this
23-JQnN90qqSZg.wav,1.24,0.0,30.0,beat_this
23-JQnN90qqSZg.wav,1.8,0.0,30.0,beat_this
23-JQnN90qqSZg.wav,2.38,0.0,30.0,beat_this
23-JQnN90qqSZg.wav,2.94,0.0,30.0,beat_this
23-JQnN90qqSZg.wav,3.52,0.0,30.0,beat_this
23-JQnN90qqSZg.wav,4.1,0.0,30.0,beat_this
23-JQnN90qqSZg.wav,4.66,0.0,30.0,beat_this
23-JQnN90qqSZg.wav,5.24,0.0,30.0,beat_this
23-JQnN90qqSZg.wav,5.82,0.0,30.0,beat_this
23-JQnN90qqSZg.wav,6.38,0.0,30.0,beat_this
23-JQnN90qqSZg.wav,6.96,0.0,30.0,beat_this
23-JQnN90qqSZg.wav,7.52,0.0,30.0,beat_this
23-JQnN90qqSZg.wav,8.1,0.0,30.0,beat_this
23-JQnN90qqSZg.wav,8.66,0.0,30.0,beat_this
23-JQnN90qqSZg.wav,9.24,0.0,30.0,beat_this
23-JQnN90qqSZg.wav,9.8,0.0,30.0,beat_this
23-JQnN90qqSZg.wav,10.36,0.0,30.0,beat_this
23-JQnN90qqSZg.wav,10.94,0.0,30.0,beat_this
23-JQnN90qqSZg.wav,11.52,0.0,30.0,beat_this
23-JQnN90qqSZg.wav,12.08,0.0,30.0,beat_this
23-JQnN90qqSZg.wav,12.66,0.0,30.0,beat_this
23-JQnN90qqSZg.wav,13.24,0.0,30.0,beat_this
23-JQnN90qqSZg.wav,13.8,0.0,30.0,beat_this
23-JQnN90qqSZg.wav,14.38,0.0,30.0,beat_this
23-JQnN90qqSZg.wav,14.96,0.0,30.0,beat_this
23-JQnN90qqSZg.wav,15.52,0.0,30.0,beat_this
23-JQnN90qqSZg.wav,16.1,0.0,30.0,beat_this
23-JQnN90qqSZg.wav,16.66,0.0,30.0,beat_this
23-JQnN90qqSZg.wav,17.24,0.0,30.0,beat_this
23-JQnN90qqSZg.wav,17.8,0.0,30.0,beat_this
23-JQnN90qqSZg.wav,18.38,0.0,30.0,beat_this
23-JQnN90qqSZg.wav,18.96,0.0,30.0,beat_this
23-JQnN90qqSZg.wav,19.52,0.0,30.0,beat_this
23-JQnN90qqSZg.wav,20.08,0.0,30.0,beat_this
23-JQnN90qqSZg.wav,20.66,0.0,30.0,beat_this
23-JQnN90qqSZg.wav,21.22,0.0,30.0,beat_this
23-JQnN90qqSZg.wav,21.8,0.0,30.0,beat_this
23-JQnN90qqSZg.wav,22.38,0.0,30.0,beat_this
23-JQnN90qqSZg.wav,22.96,0.0,30.0,beat_this
23-JQnN90qqSZg.wav,23.52,0.0,30.0,beat_this
23-JQnN90qqSZg.wav,24.1,0.0,30.0,beat_this
23-JQnN90qqSZg.wav,24.66,0.0,30.0,beat_this
23-JQnN90qqSZg.wav,25.24,0.0,30.0,beat_this
23-JQnN90qqSZg.wav,25.8,0.0,30.0,beat_this
23-JQnN90qqSZg.wav,26.38,0.0,30.0,beat_this
23-JQnN90qqSZg.wav,26.94,0.0,30.0,beat_this
23-JQnN90qqSZg.wav,27.52,0.0,30.0,beat_this
23-JQnN90qqSZg.wav,28.08,0.0,30.0,beat_this
23-JQnN90qqSZg.wav,28.66,0.0,30.0,beat_this
23-JQnN90qqSZg.wav,29.22,0.0,30.0,beat_this
23-JQnN90qqSZg.wav,29.84,0.0,30.0,beat_this
24-M9moY0hEJRE.wav,0.04,0.0,30.0,beat_this
24-M9moY0hEJRE.wav,0.66,0.0,30.0,beat_this
24-M9moY0hEJRE.wav,1.28,0.0,30.0,beat_this
24-M9moY0hEJRE.wav,1.9,0.0,30.0,beat_this
24-M9moY0hEJRE.wav,2.52,0.0,30.0,beat_this
24-M9moY0hEJRE.wav,3.14,0.0,30.0,beat_this
24-M9moY0hEJRE.wav,3.74,0.0,30.0,beat_this
24-M9moY0hEJRE.wav,4.36,0.0,30.0,beat_this
24-M9moY0hEJRE.wav,4.96,0.0,30.0,beat_this
24-M9moY0hEJRE.wav,5.6,0.0,30.0,beat_this
24-M9moY0hEJRE.wav,6.2,0.0,30.0,beat_this
24-M9moY0hEJRE.wav,6.82,0.0,30.0,beat_this
24-M9moY0hEJRE.wav,7.44,0.0,30.0,beat_this
24-M9moY0hEJRE.wav,8.06,0.0,30.0,beat_this
24-M9moY0hEJRE.wav,8.68,0.0,30.0,beat_this
24-M9moY0hEJRE.wav,9.28,0.0,30.0,beat_this
24-M9moY0hEJRE.wav,9.9,0.0,30.0,beat_this
24-M9moY0hEJRE.wav,10.52,0.0,30.0,beat_this
24-M9moY0hEJRE.wav,11.12,0.0,30.0,beat_this
24-M9moY0hEJRE.wav,11.74,0.0,30.0,beat_this
24-M9moY0hEJRE.wav,12.36,0.0,30.0,beat_this
24-M9moY0hEJRE.wav,12.98,0.0,30.0,beat_this
24-M9moY0hEJRE.wav,13.6,0.0,30.0,beat_this
24-M9moY0hEJRE.wav,14.2,0.0,30.0,beat_this
24-M9moY0hEJRE.wav,14.84,0.0,30.0,beat_this
24-M9moY0hEJRE.wav,15.44,0.0,30.0,beat_this
24-M9moY0hEJRE.wav,16.06,0.0,30.0,beat_this
24-M9moY0hEJRE.wav,16.66,0.0,30.0,beat_this
24-M9moY0hEJRE.wav,17.28,0.0,30.0,beat_this
24-M9moY0hEJRE.wav,17.9,0.0,30.0,beat_this
24-M9moY0hEJRE.wav,18.52,0.0,30.0,beat_this
24-M9moY0hEJRE.wav,19.14,0.0,30.0,beat_this
24-M9moY0hEJRE.wav,19.76,0.0,30.0,beat_this
24-M9moY0hEJRE.wav,20.36,0.0,30.0,beat_this
24-M9moY0hEJRE.wav,20.98,0.0,30.0,beat_this
24-M9moY0hEJRE.wav,21.58,0.0,30.0,beat_this
24-M9moY0hEJRE.wav,22.2,0.0,30.0,beat_this
24-M9moY0hEJRE.wav,22.82,0.0,30.0,beat_this
24-M9moY0hEJRE.wav,23.42,0.0,30.0,beat_this
24-M9moY0hEJRE.wav,24.04,0.0,30.0,beat_this
24-M9moY0hEJRE.wav,24.66,0.0,30.0,beat_this
24-M9moY0hEJRE.wav,25.28,0.0,30.0,beat_this
24-M9moY0hEJRE.wav,25.9,0.0,30.0,beat_this
24-M9moY0hEJRE.wav,26.52,0.0,30.0,beat_this
24-M9moY0hEJRE.wav,27.12,0.0,30.0,beat_this
24-M9moY0hEJRE.wav,27.74,0.0,30.0,beat_this
24-M9moY0hEJRE.wav,28.36,0.0,30.0,beat_this
24-M9moY0hEJRE.wav,28.98,0.0,30.0,beat_this
24-M9moY0hEJRE.wav,29.6,0.0,30.0,beat_this
25-niyrxbHusd0.wav,0.36,0.0,30.0,beat_this
25-niyrxbHusd0.wav,0.92,0.0,30.0,beat_this
25-niyrxbHusd0.wav,1.0,0.0,30.0,beat_this
25-niyrxbHusd0.wav,1.64,0.0,30.0,beat_this
25-niyrxbHusd0.wav,2.28,0.0,30.0,beat_this
25-niyrxbHusd0.wav,2.92,0.0,30.0,beat_this
25-niyrxbHusd0.wav,3.56,0.0,30.0,beat_this
25-niyrxbHusd0.wav,4.2,0.0,30.0,beat_this
25-niyrxbHusd0.wav,4.86,0.0,30.0,beat_this
25-niyrxbHusd0.wav,5.5,0.0,30.0,beat_this
25-niyrxbHusd0.wav,6.04,0.0,30.0,beat_this
25-niyrxbHusd0.wav,6.12,0.0,30.0,beat_this
25-niyrxbHusd0.wav,6.76,0.0,30.0,beat_this
25-niyrxbHusd0.wav,7.38,0.0,30.0,beat_this
25-niyrxbHusd0.wav,8.02,0.0,30.0,beat_this
25-niyrxbHusd0.wav,8.66,0.0,30.0,beat_this
25-niyrxbHusd0.wav,9.22,0.0,30.0,beat_this
25-niyrxbHusd0.wav,9.3,0.0,30.0,beat_this
25-niyrxbHusd0.wav,9.86,0.0,30.0,beat_this
25-niyrxbHusd0.wav,9.94,0.0,30.0,beat_this
25-niyrxbHusd0.wav,10.58,0.0,30.0,beat_this
25-niyrxbHusd0.wav,11.14,0.0,30.0,beat_this
25-niyrxbHusd0.wav,11.22,0.0,30.0,beat_this
25-niyrxbHusd0.wav,11.78,0.0,30.0,beat_this
25-niyrxbHusd0.wav,11.86,0.0,30.0,beat_this
25-niyrxbHusd0.wav,12.5,0.0,30.0,beat_this
25-niyrxbHusd0.wav,13.12,0.0,30.0,beat_this
25-niyrxbHusd0.wav,13.76,0.0,30.0,beat_this
25-niyrxbHusd0.wav,14.4,0.0,30.0,beat_this
25-niyrxbHusd0.wav,15.04,0.0,30.0,beat_this
25-niyrxbHusd0.wav,15.68,0.0,30.0,beat_this
25-niyrxbHusd0.wav,16.32,0.0,30.0,beat_this
25-niyrxbHusd0.wav,16.96,0.0,30.0,beat_this
25-niyrxbHusd0.wav,17.52,0.0,30.0,beat_this
25-niyrxbHusd0.wav,17.6,0.0,30.0,beat_this
25-niyrxbHusd0.wav,18.16,0.0,30.0,beat_this
25-niyrxbHusd0.wav,18.24,0.0,30.0,beat_this
25-niyrxbHusd0.wav,18.8,0.0,30.0,beat_this
25-niyrxbHusd0.wav,18.88,0.0,30.0,beat_this
25-niyrxbHusd0.wav,19.52,0.0,30.0,beat_this
25-niyrxbHusd0.wav,20.16,0.0,30.0,beat_this
25-niyrxbHusd0.wav,20.8,0.0,30.0,beat_this
25-niyrxbHusd0.wav,21.44,0.0,30.0,beat_this
25-niyrxbHusd0.wav,22.08,0.0,30.0,beat_this
25-niyrxbHusd0.wav,22.64,0.0,30.0,beat_this
25-niyrxbHusd0.wav,22.72,0.0,30.0,beat_this
25-niyrxbHusd0.wav,23.28,0.0,30.0,beat_this
25-niyrxbHusd0.wav,23.36,0.0,30.0,beat_this
25-niyrxbHusd0.wav,24.0,0.0,30.0,beat_this
25-niyrxbHusd0.wav,24.64,0.0,30.0,beat_this
25-niyrxbHusd0.wav,25.26,0.0,30.0,beat_this
25-niyrxbHusd0.wav,25.82,0.0,30.0,beat_this
25-niyrxbHusd0.wav,25.92,0.0,30.0,beat_this
25-niyrxbHusd0.wav,26.46,0.0,30.0,beat_this
25-niyrxbHusd0.wav,26.54,0.0,30.0,beat_this
25-niyrxbHusd0.wav,27.1,0.0,30.0,beat_this
25-niyrxbHusd0.wav,27.18,0.0,30.0,beat_this
25-niyrxbHusd0.wav,27.74,0.0,30.0,beat_this
25-niyrxbHusd0.wav,27.82,0.0,30.0,beat_this
25-niyrxbHusd0.wav,28.38,0.0,30.0,beat_this
25-niyrxbHusd0.wav,28.46,0.0,30.0,beat_this
25-niyrxbHusd0.wav,29.0,0.0,30.0,beat_this
25-niyrxbHusd0.wav,29.08,0.0,30.0,beat_this
25-niyrxbHusd0.wav,29.74,0.0,30.0,beat_this
26-NXek-3pRZM8.wav,0.36,0.0,30.0,beat_this
26-NXek-3pRZM8.wav,0.98,0.0,30.0,beat_this
26-NXek-3pRZM8.wav,1.6,0.0,30.0,beat_this
26-NXek-3pRZM8.wav,2.22,0.0,30.0,beat_this
26-NXek-3pRZM8.wav,2.86,0.0,30.0,beat_this
26-NXek-3pRZM8.wav,3.46,0.0,30.0,beat_this
26-NXek-3pRZM8.wav,4.1,0.0,30.0,beat_this
26-NXek-3pRZM8.wav,4.7,0.0,30.0,beat_this
26-NXek-3pRZM8.wav,5.32,0.0,30.0,beat_this
26-NXek-3pRZM8.wav,5.94,0.0,30.0,beat_this
26-NXek-3pRZM8.wav,6.56,0.0,30.0,beat_this
26-NXek-3pRZM8.wav,7.18,0.0,30.0,beat_this
26-NXek-3pRZM8.wav,7.8,0.0,30.0,beat_this
26-NXek-3pRZM8.wav,8.42,0.0,30.0,beat_this
26-NXek-3pRZM8.wav,9.04,0.0,30.0,beat_this
26-NXek-3pRZM8.wav,9.64,0.0,30.0,beat_this
26-NXek-3pRZM8.wav,10.26,0.0,30.0,beat_this
26-NXek-3pRZM8.wav,10.9,0.0,30.0,beat_this
26-NXek-3pRZM8.wav,11.5,0.0,30.0,beat_this
26-NXek-3pRZM8.wav,12.12,0.0,30.0,beat_this
26-NXek-3pRZM8.wav,12.74,0.0,30.0,beat_this
26-NXek-3pRZM8.wav,13.36,0.0,30.0,beat_this
26-NXek-3pRZM8.wav,13.98,0.0,30.0,beat_this
26-NXek-3pRZM8.wav,14.58,0.0,30.0,beat_this
26-NXek-3pRZM8.wav,15.22,0.0,30.0,beat_this
26-NXek-3pRZM8.wav,15.84,0.0,30.0,beat_this
26-NXek-3pRZM8.wav,16.46,0.0,30.0,beat_this
26-NXek-3pRZM8.wav,17.06,0.0,30.0,beat_this
26-NXek-3pRZM8.wav,17.68,0.0,30.0,beat_this
26-NXek-3pRZM8.wav,18.3,0.0,30.0,beat_this
26-NXek-3pRZM8.wav,18.94,0.0,30.0,beat_this
26-NXek-3pRZM8.wav,19.54,0.0,30.0,beat_this
26-NXek-3pRZM8.wav,20.18,0.0,30.0,beat_this
26-NXek-3pRZM8.wav,20.78,0.0,30.0,beat_this
26-NXek-3pRZM8.wav,21.4,0.0,30.0,beat_this
26-NXek-3pRZM8.wav,22.02,0.0,30.0,beat_this
26-NXek-3pRZM8.wav,22.64,0.0,30.0,beat_this
26-NXek-3pRZM8.wav,23.26,0.0,30.0,beat_this
26-NXek-3pRZM8.wav,23.88,0.0,30.0,beat_this
26-NXek-3pRZM8.wav,24.5,0.0,30.0,beat_this
26-NXek-3pRZM8.wav,25.12,0.0,30.0,beat_this
26-NXek-3pRZM8.wav,25.74,0.0,30.0,beat_this
26-NXek-3pRZM8.wav,26.36,0.0,30.0,beat_this
26-NXek-3pRZM8.wav,26.98,0.0,30.0,beat_this
26-NXek-3pRZM8.wav,27.6,0.0,30.0,beat_this
26-NXek-3pRZM8.wav,28.2,0.0,30.0,beat_this
26-NXek-3pRZM8.wav,28.84,0.0,30.0,beat_this
26-NXek-3pRZM8.wav,29.46,0.0,30.0,beat_this
27-oIEjo5eh5FY.wav,0.6,0.0,30.0,beat_this
27-oIEjo5eh5FY.wav,1.28,0.0,30.0,beat_this
27-oIEjo5eh5FY.wav,1.96,0.0,30.0,beat_this
27-oIEjo5eh5FY.wav,2.64,0.0,30.0,beat_this
27-oIEjo5eh5FY.wav,3.34,0.0,30.0,beat_this
27-oIEjo5eh5FY.wav,4.0,0.0,30.0,beat_this
27-oIEjo5eh5FY.wav,4.7,0.0,30.0,beat_this
27-oIEjo5eh5FY.wav,5.38,0.0,30.0,beat_this
27-oIEjo5eh5FY.wav,6.06,0.0,30.0,beat_this
27-oIEjo5eh5FY.wav,6.74,0.0,30.0,beat_this
27-oIEjo5eh5FY.wav,7.42,0.0,30.0,beat_this
27-oIEjo5eh5FY.wav,8.1,0.0,30.0,beat_this
27-oIEjo5eh5FY.wav,8.78,0.0,30.0,beat_this
27-oIEjo5eh5FY.wav,9.46,0.0,30.0,beat_this
27-oIEjo5eh5FY.wav,10.14,0.0,30.0,beat_this
27-oIEjo5eh5FY.wav,10.82,0.0,30.0,beat_this
27-oIEjo5eh5FY.wav,11.52,0.0,30.0,beat_this
27-oIEjo5eh5FY.wav,12.2,0.0,30.0,beat_this
27-oIEjo5eh5FY.wav,12.88,0.0,30.0,beat_this
27-oIEjo5eh5FY.wav,13.56,0.0,30.0,beat_this
27-oIEjo5eh5FY.wav,14.24,0.0,30.0,beat_this
27-oIEjo5eh5FY.wav,14.92,0.0,30.0,beat_this
27-oIEjo5eh5FY.wav,15.62,0.0,30.0,beat_this
27-oIEjo5eh5FY.wav,16.28,0.0,30.0,beat_this
27-oIEjo5eh5FY.wav,16.98,0.0,30.0,beat_this
27-oIEjo5eh5FY.wav,17.64,0.0,30.0,beat_this
27-oIEjo5eh5FY.wav,18.32,0.0,30.0,beat_this
27-oIEjo5eh5FY.wav,19.0,0.0,30.0,beat_this
27-oIEjo5eh5FY.wav,19.7,0.0,30.0,beat_this
27-oIEjo5eh5FY.wav,20.36,0.0,30.0,beat_this
27-oIEjo5eh5FY.wav,21.06,0.0,30.0,beat_this
27-oIEjo5eh5FY.wav,21.74,0.0,30.0,beat_this
27-oIEjo5eh5FY.wav,22.42,0.0,30.0,beat_this
27-oIEjo5eh5FY.wav,23.1,0.0,30.0,beat_this
27-oIEjo5eh5FY.wav,23.78,0.0,30.0,beat_this
27-oIEjo5eh5FY.wav,24.48,0.0,30.0,beat_this
27-oIEjo5eh5FY.wav,25.14,0.0,30.0,beat_this
27-oIEjo5eh5FY.wav,25.84,0.0,30.0,beat_this
27-oIEjo5eh5FY.wav,26.52,0.0,30.0,beat_this
27-oIEjo5eh5FY.wav,27.2,0.0,30.0,beat_this
27-oIEjo5eh5FY.wav,27.88,0.0,30.0,beat_this
27-oIEjo5eh5FY.wav,28.56,0.0,30.0,beat_this
27-oIEjo5eh5FY.wav,29.22,0.0,30.0,beat_this
27-oIEjo5eh5FY.wav,29.92,0.0,30.0,beat_this
28-QEd7PTIDGT8.wav,0.12,0.0,30.0,beat_this
28-QEd7PTIDGT8.wav,0.6,0.0,30.0,beat_this
28-QEd7PTIDGT8.wav,1.08,0.0,30.0,beat_this
28-QEd7PTIDGT8.wav,1.56,0.0,30.0,beat_this
28-QEd7PTIDGT8.wav,2.02,0.0,30.0,beat_this
28-QEd7PTIDGT8.wav,2.5,0.0,30.0,beat_this
28-QEd7PTIDGT8.wav,2.96,0.0,30.0,beat_this
28-QEd7PTIDGT8.wav,3.44,0.0,30.0,beat_this
28-QEd7PTIDGT8.wav,3.92,0.0,30.0,beat_this
28-QEd7PTIDGT8.wav,4.38,0.0,30.0,beat_this
28-QEd7PTIDGT8.wav,4.86,0.0,30.0,beat_this
28-QEd7PTIDGT8.wav,5.34,0.0,30.0,beat_this
28-QEd7PTIDGT8.wav,5.82,0.0,30.0,beat_this
28-QEd7PTIDGT8.wav,6.28,0.0,30.0,beat_this
28-QEd7PTIDGT8.wav,6.74,0.0,30.0,beat_this
28-QEd7PTIDGT8.wav,7.22,0.0,30.0,beat_this
28-QEd7PTIDGT8.wav,7.7,0.0,30.0,beat_this
28-QEd7PTIDGT8.wav,8.16,0.0,30.0,beat_this
28-QEd7PTIDGT8.wav,8.64,0.0,30.0,beat_this
28-QEd7PTIDGT8.wav,9.1,0.0,30.0,beat_this
28-QEd7PTIDGT8.wav,9.58,0.0,30.0,beat_this
28-QEd7PTIDGT8.wav,10.06,0.0,30.0,beat_this
28-QEd7PTIDGT8.wav,10.54,0.0,30.0,beat_this
28-QEd7PTIDGT8.wav,11.0,0.0,30.0,beat_this
28-QEd7PTIDGT8.wav,11.48,0.0,30.0,beat_this
28-QEd7PTIDGT8.wav,11.96,0.0,30.0,beat_this
28-QEd7PTIDGT8.wav,12.42,0.0,30.0,beat_this
28-QEd7PTIDGT8.wav,12.88,0.0,30.0,beat_this
28-QEd7PTIDGT8.wav,13.36,0.0,30.0,beat_this
28-QEd7PTIDGT8.wav,13.84,0.0,30.0,beat_this
28-QEd7PTIDGT8.wav,14.32,0.0,30.0,beat_this
28-QEd7PTIDGT8.wav,14.78,0.0,30.0,beat_this
28-QEd7PTIDGT8.wav,15.26,0.0,30.0,beat_this
28-QEd7PTIDGT8.wav,15.72,0.0,30.0,beat_this
28-QEd7PTIDGT8.wav,16.2,0.0,30.0,beat_this
28-QEd7PTIDGT8.wav,16.68,0.0,30.0,beat_this
28-QEd7PTIDGT8.wav,17.14,0.0,30.0,beat_this
28-QEd7PTIDGT8.wav,17.62,0.0,30.0,beat_this
28-QEd7PTIDGT8.wav,18.08,0.0,30.0,beat_this
28-QEd7PTIDGT8.wav,18.56,0.0,30.0,beat_this
28-QEd7PTIDGT8.wav,19.04,0.0,30.0,beat_this
28-QEd7PTIDGT8.wav,19.52,0.0,30.0,beat_this
28-QEd7PTIDGT8.wav,19.98,0.0,30.0,beat_this
28-QEd7PTIDGT8.wav,20.46,0.0,30.0,beat_this
28-QEd7PTIDGT8.wav,20.94,0.0,30.0,beat_this
28-QEd7PTIDGT8.wav,21.4,0.0,30.0,beat_this
28-QEd7PTIDGT8.wav,21.88,0.0,30.0,beat_this
28-QEd7PTIDGT8.wav,22.34,0.0,30.0,beat_this
28-QEd7PTIDGT8.wav,22.82,0.0,30.0,beat_this
28-QEd7PTIDGT8.wav,23.28,0.0,30.0,beat_this
28-QEd7PTIDGT8.wav,23.76,0.0,30.0,beat_this
28-QEd7PTIDGT8.wav,24.24,0.0,30.0,beat_this
28-QEd7PTIDGT8.wav,24.7,0.0,30.0,beat_this
28-QEd7PTIDGT8.wav,25.18,0.0,30.0,beat_this
28-QEd7PTIDGT8.wav,25.66,0.0,30.0,beat_this
28-QEd7PTIDGT8.wav,26.12,0.0,30.0,beat_this
28-QEd7PTIDGT8.wav,26.6,0.0,30.0,beat_this
28-QEd7PTIDGT8.wav,27.06,0.0,30.0,beat_this
28-QEd7PTIDGT8.wav,27.54,0.0,30.0,beat_this
28-QEd7PTIDGT8.wav,28.02,0.0,30.0,beat_this
28-QEd7PTIDGT8.wav,28.48,0.0,30.0,beat_this
28-QEd7PTIDGT8.wav,28.96,0.0,30.0,beat_this
28-QEd7PTIDGT8.wav,29.44,0.0,30.0,beat_this
28-QEd7PTIDGT8.wav,29.9,0.0,30.0,beat_this
29-R7WW7vGNFp8.wav,0.44,0.0,30.0,beat_this
29-R7WW7vGNFp8.wav,1.1,0.0,30.0,beat_this
29-R7WW7vGNFp8.wav,1.74,0.0,30.0,beat_this
29-R7WW7vGNFp8.wav,2.4,0.0,30.0,beat_this
29-R7WW7vGNFp8.wav,3.04,0.0,30.0,beat_this
29-R7WW7vGNFp8.wav,3.7,0.0,30.0,beat_this
29-R7WW7vGNFp8.wav,4.32,0.0,30.0,beat_this
29-R7WW7vGNFp8.wav,4.98,0.0,30.0,beat_this
29-R7WW7vGNFp8.wav,5.62,0.0,30.0,beat_this
29-R7WW7vGNFp8.wav,6.26,0.0,30.0,beat_this
29-R7WW7vGNFp8.wav,6.92,0.0,30.0,beat_this
29-R7WW7vGNFp8.wav,7.54,0.0,30.0,beat_this
29-R7WW7vGNFp8.wav,8.2,0.0,30.0,beat_this
29-R7WW7vGNFp8.wav,8.84,0.0,30.0,beat_this
29-R7WW7vGNFp8.wav,9.48,0.0,30.0,beat_this
29-R7WW7vGNFp8.wav,10.14,0.0,30.0,beat_this
29-R7WW7vGNFp8.wav,10.78,0.0,30.0,beat_this
29-R7WW7vGNFp8.wav,11.42,0.0,30.0,beat_this
29-R7WW7vGNFp8.wav,12.08,0.0,30.0,beat_this
29-R7WW7vGNFp8.wav,12.72,0.0,30.0,beat_this
29-R7WW7vGNFp8.wav,13.36,0.0,30.0,beat_this
29-R7WW7vGNFp8.wav,14.0,0.0,30.0,beat_this
29-R7WW7vGNFp8.wav,14.64,0.0,30.0,beat_this
29-R7WW7vGNFp8.wav,15.3,0.0,30.0,beat_this
29-R7WW7vGNFp8.wav,15.94,0.0,30.0,beat_this
29-R7WW7vGNFp8.wav,16.6,0.0,30.0,beat_this
29-R7WW7vGNFp8.wav,17.22,0.0,30.0,beat_this
29-R7WW7vGNFp8.wav,17.88,0.0,30.0,beat_this
29-R7WW7vGNFp8.wav,18.52,0.0,30.0,beat_this
29-R7WW7vGNFp8.wav,19.16,0.0,30.0,beat_this
29-R7WW7vGNFp8.wav,19.8,0.0,30.0,beat_this
29-R7WW7vGNFp8.wav,20.46,0.0,30.0,beat_this
29-R7WW7vGNFp8.wav,21.08,0.0,30.0,beat_this
29-R7WW7vGNFp8.wav,21.72,0.0,30.0,beat_this
29-R7WW7vGNFp8.wav,22.38,0.0,30.0,beat_this
29-R7WW7vGNFp8.wav,23.04,0.0,30.0,beat_this
29-R7WW7vGNFp8.wav,23.68,0.0,30.0,beat_this
29-R7WW7vGNFp8.wav,24.32,0.0,30.0,beat_this
29-R7WW7vGNFp8.wav,24.96,0.0,30.0,beat_this
29-R7WW7vGNFp8.wav,25.62,0.0,30.0,beat_this
29-R7WW7vGNFp8.wav,26.26,0.0,30.0,beat_this
29-R7WW7vGNFp8.wav,26.9,0.0,30.0,beat_this
29-R7WW7vGNFp8.wav,27.54,0.0,30.0,beat_this
29-R7WW7vGNFp8.wav,28.18,0.0,30.0,beat_this
29-R7WW7vGNFp8.wav,28.84,0.0,30.0,beat_this
29-R7WW7vGNFp8.wav,29.48,0.0,30.0,beat_this
3-bDNEQZoEg60.wav,0.02,0.0,30.0,beat_this
3-bDNEQZoEg60.wav,0.64,0.0,30.0,beat_this
3-bDNEQZoEg60.wav,1.26,0.0,30.0,beat_this
3-bDNEQZoEg60.wav,1.84,0.0,30.0,beat_this
3-bDNEQZoEg60.wav,2.44,0.0,30.0,beat_this
3-bDNEQZoEg60.wav,3.04,0.0,30.0,beat_this
3-bDNEQZoEg60.wav,3.64,0.0,30.0,beat_this
3-bDNEQZoEg60.wav,4.24,0.0,30.0,beat_this
3-bDNEQZoEg60.wav,4.84,0.0,30.0,beat_this
3-bDNEQZoEg60.wav,5.44,0.0,30.0,beat_this
3-bDNEQZoEg60.wav,6.04,0.0,30.0,beat_this
3-bDNEQZoEg60.wav,6.64,0.0,30.0,beat_this
3-bDNEQZoEg60.wav,7.24,0.0,30.0,beat_this
3-bDNEQZoEg60.wav,7.84,0.0,30.0,beat_this
3-bDNEQZoEg60.wav,8.44,0.0,30.0,beat_this
3-bDNEQZoEg60.wav,9.04,0.0,30.0,beat_this
3-bDNEQZoEg60.wav,9.64,0.0,30.0,beat_this
3-bDNEQZoEg60.wav,10.24,0.0,30.0,beat_this
3-bDNEQZoEg60.wav,10.84,0.0,30.0,beat_this
3-bDNEQZoEg60.wav,11.44,0.0,30.0,beat_this
3-bDNEQZoEg60.wav,12.04,0.0,30.0,beat_this
3-bDNEQZoEg60.wav,12.64,0.0,30.0,beat_this
3-bDNEQZoEg60.wav,13.24,0.0,30.0,beat_this
3-bDNEQZoEg60.wav,13.84,0.0,30.0,beat_this
3-bDNEQZoEg60.wav,14.44,0.0,30.0,beat_this
3-bDNEQZoEg60.wav,15.04,0.0,30.0,beat_this
3-bDNEQZoEg60.wav,15.64,0.0,30.0,beat_this
3-bDNEQZoEg60.wav,16.24,0.0,30.0,beat_this
3-bDNEQZoEg60.wav,16.84,0.0,30.0,beat_this
3-bDNEQZoEg60.wav,17.44,0.0,30.0,beat_this
3-bDNEQZoEg60.wav,18.04,0.0,30.0,beat_this
3-bDNEQZoEg60.wav,18.64,0.0,30.0,beat_this
3-bDNEQZoEg60.wav,19.24,0.0,30.0,beat_this
3-bDNEQZoEg60.wav,19.84,0.0,30.0,beat_this
3-bDNEQZoEg60.wav,20.44,0.0,30.0,beat_this
3-bDNEQZoEg60.wav,21.04,0.0,30.0,beat_this
3-bDNEQZoEg60.wav,21.64,0.0,30.0,beat_this
3-bDNEQZoEg60.wav,22.24,0.0,30.0,beat_this
3-bDNEQZoEg60.wav,22.84,0.0,30.0,beat_this
3-bDNEQZoEg60.wav,23.44,0.0,30.0,beat_this
3-bDNEQZoEg60.wav,24.04,0.0,30.0,beat_this
3-bDNEQZoEg60.wav,24.64,0.0,30.0,beat_this
3-bDNEQZoEg60.wav,25.24,0.0,30.0,beat_this
3-bDNEQZoEg60.wav,25.84,0.0,30.0,beat_this
3-bDNEQZoEg60.wav,26.44,0.0,30.0,beat_this
3-bDNEQZoEg60.wav,27.04,0.0,30.0,beat_this
3-bDNEQZoEg60.wav,27.64,0.0,30.0,beat_this
3-bDNEQZoEg60.wav,28.24,0.0,30.0,beat_this
3-bDNEQZoEg60.wav,28.84,0.0,30.0,beat_this
3-bDNEQZoEg60.wav,29.44,0.0,30.0,beat_this
30-TEg8G9YoN_4.wav,0.36,0.0,30.0,beat_this
30-TEg8G9YoN_4.wav,0.9,0.0,30.0,beat_this
30-TEg8G9YoN_4.wav,1.44,0.0,30.0,beat_this
30-TEg8G9YoN_4.wav,2.0,0.0,30.0,beat_this
30-TEg8G9YoN_4.wav,2.56,0.0,30.0,beat_this
30-TEg8G9YoN_4.wav,3.12,0.0,30.0,beat_this
30-TEg8G9YoN_4.wav,3.66,0.0,30.0,beat_this
30-TEg8G9YoN_4.wav,4.18,0.0,30.0,beat_this
30-TEg8G9YoN_4.wav,4.74,0.0,30.0,beat_this
30-TEg8G9YoN_4.wav,5.26,0.0,30.0,beat_this
30-TEg8G9YoN_4.wav,5.82,0.0,30.0,beat_this
30-TEg8G9YoN_4.wav,6.36,0.0,30.0,beat_this
30-TEg8G9YoN_4.wav,6.94,0.0,30.0,beat_this
30-TEg8G9YoN_4.wav,7.48,0.0,30.0,beat_this
30-TEg8G9YoN_4.wav,8.04,0.0,30.0,beat_this
30-TEg8G9YoN_4.wav,8.58,0.0,30.0,beat_this
30-TEg8G9YoN_4.wav,9.14,0.0,30.0,beat_this
30-TEg8G9YoN_4.wav,9.68,0.0,30.0,beat_this
30-TEg8G9YoN_4.wav,10.22,0.0,30.0,beat_this
30-TEg8G9YoN_4.wav,10.78,0.0,30.0,beat_this
30-TEg8G9YoN_4.wav,11.34,0.0,30.0,beat_this
30-TEg8G9YoN_4.wav,11.88,0.0,30.0,beat_this
30-TEg8G9YoN_4.wav,12.42,0.0,30.0,beat_this
30-TEg8G9YoN_4.wav,12.98,0.0,30.0,beat_this
30-TEg8G9YoN_4.wav,13.52,0.0,30.0,beat_this
30-TEg8G9YoN_4.wav,14.08,0.0,30.0,beat_this
30-TEg8G9YoN_4.wav,14.62,0.0,30.0,beat_this
30-TEg8G9YoN_4.wav,15.18,0.0,30.0,beat_this
30-TEg8G9YoN_4.wav,15.72,0.0,30.0,beat_this
30-TEg8G9YoN_4.wav,16.26,0.0,30.0,beat_this
30-TEg8G9YoN_4.wav,16.82,0.0,30.0,beat_this
30-TEg8G9YoN_4.wav,17.38,0.0,30.0,beat_this
30-TEg8G9YoN_4.wav,17.94,0.0,30.0,beat_this
30-TEg8G9YoN_4.wav,18.5,0.0,30.0,beat_this
30-TEg8G9YoN_4.wav,19.06,0.0,30.0,beat_this
30-TEg8G9YoN_4.wav,19.62,0.0,30.0,beat_this
30-TEg8G9YoN_4.wav,20.2,0.0,30.0,beat_this
30-TEg8G9YoN_4.wav,20.76,0.0,30.0,beat_this
30-TEg8G9YoN_4.wav,21.32,0.0,30.0,beat_this
30-TEg8G9YoN_4.wav,21.88,0.0,30.0,beat_this
30-TEg8G9YoN_4.wav,22.42,0.0,30.0,beat_this
30-TEg8G9YoN_4.wav,22.96,0.0,30.0,beat_this
30-TEg8G9YoN_4.wav,23.5,0.0,30.0,beat_this
30-TEg8G9YoN_4.wav,24.06,0.0,30.0,beat_this
30-TEg8G9YoN_4.wav,24.6,0.0,30.0,beat_this
30-TEg8G9YoN_4.wav,25.14,0.0,30.0,beat_this
30-TEg8G9YoN_4.wav,25.7,0.0,30.0,beat_this
30-TEg8G9YoN_4.wav,26.26,0.0,30.0,beat_this
30-TEg8G9YoN_4.wav,26.8,0.0,30.0,beat_this
30-TEg8G9YoN_4.wav,27.36,0.0,30.0,beat_this
30-TEg8G9YoN_4.wav,27.94,0.0,30.0,beat_this
30-TEg8G9YoN_4.wav,28.48,0.0,30.0,beat_this
30-TEg8G9YoN_4.wav,29.02,0.0,30.0,beat_this
30-TEg8G9YoN_4.wav,29.58,0.0,30.0,beat_this
31-UsmHjyrxAQE.wav,0.62,0.0,30.0,beat_this
31-UsmHjyrxAQE.wav,1.4,0.0,30.0,beat_this
31-UsmHjyrxAQE.wav,2.16,0.0,30.0,beat_this
31-UsmHjyrxAQE.wav,2.92,0.0,30.0,beat_this
31-UsmHjyrxAQE.wav,3.68,0.0,30.0,beat_this
31-UsmHjyrxAQE.wav,4.44,0.0,30.0,beat_this
31-UsmHjyrxAQE.wav,5.2,0.0,30.0,beat_this
31-UsmHjyrxAQE.wav,5.94,0.0,30.0,beat_this
31-UsmHjyrxAQE.wav,6.7,0.0,30.0,beat_this
31-UsmHjyrxAQE.wav,7.46,0.0,30.0,beat_this
31-UsmHjyrxAQE.wav,8.22,0.0,30.0,beat_this
31-UsmHjyrxAQE.wav,8.98,0.0,30.0,beat_this
31-UsmHjyrxAQE.wav,9.74,0.0,30.0,beat_this
31-UsmHjyrxAQE.wav,10.5,0.0,30.0,beat_this
31-UsmHjyrxAQE.wav,11.26,0.0,30.0,beat_this
31-UsmHjyrxAQE.wav,12.02,0.0,30.0,beat_this
31-UsmHjyrxAQE.wav,12.78,0.0,30.0,beat_this
31-UsmHjyrxAQE.wav,13.54,0.0,30.0,beat_this
31-UsmHjyrxAQE.wav,14.3,0.0,30.0,beat_this
31-UsmHjyrxAQE.wav,15.06,0.0,30.0,beat_this
31-UsmHjyrxAQE.wav,15.82,0.0,30.0,beat_this
31-UsmHjyrxAQE.wav,16.58,0.0,30.0,beat_this
31-UsmHjyrxAQE.wav,17.34,0.0,30.0,beat_this
31-UsmHjyrxAQE.wav,18.12,0.0,30.0,beat_this
31-UsmHjyrxAQE.wav,18.86,0.0,30.0,beat_this
31-UsmHjyrxAQE.wav,19.62,0.0,30.0,beat_this
31-UsmHjyrxAQE.wav,20.38,0.0,30.0,beat_this
31-UsmHjyrxAQE.wav,21.14,0.0,30.0,beat_this
31-UsmHjyrxAQE.wav,21.9,0.0,30.0,beat_this
31-UsmHjyrxAQE.wav,22.66,0.0,30.0,beat_this
31-UsmHjyrxAQE.wav,23.42,0.0,30.0,beat_this
31-UsmHjyrxAQE.wav,24.18,0.0,30.0,beat_this
31-UsmHjyrxAQE.wav,24.94,0.0,30.0,beat_this
31-UsmHjyrxAQE.wav,25.7,0.0,30.0,beat_this
31-UsmHjyrxAQE.wav,26.46,0.0,30.0,beat_this
31-UsmHjyrxAQE.wav,27.22,0.0,30.0,beat_this
31-UsmHjyrxAQE.wav,27.96,0.0,30.0,beat_this
31-UsmHjyrxAQE.wav,28.74,0.0,30.0,beat_this
31-UsmHjyrxAQE.wav,29.5,0.0,30.0,beat_this
32-vdTlMwgMOpo.wav,0.3,0.0,30.0,beat_this
32-vdTlMwgMOpo.wav,0.84,0.0,30.0,beat_this
32-vdTlMwgMOpo.wav,1.4,0.0,30.0,beat_this
32-vdTlMwgMOpo.wav,1.96,0.0,30.0,beat_this
32-vdTlMwgMOpo.wav,2.52,0.0,30.0,beat_this
32-vdTlMwgMOpo.wav,3.06,0.0,30.0,beat_this
32-vdTlMwgMOpo.wav,3.62,0.0,30.0,beat_this
32-vdTlMwgMOpo.wav,4.16,0.0,30.0,beat_this
32-vdTlMwgMOpo.wav,4.7,0.0,30.0,beat_this
32-vdTlMwgMOpo.wav,5.26,0.0,30.0,beat_this
32-vdTlMwgMOpo.wav,5.8,0.0,30.0,beat_this
32-vdTlMwgMOpo.wav,6.36,0.0,30.0,beat_this
32-vdTlMwgMOpo.wav,6.92,0.0,30.0,beat_this
32-vdTlMwgMOpo.wav,7.46,0.0,30.0,beat_this
32-vdTlMwgMOpo.wav,8.02,0.0,30.0,beat_this
32-vdTlMwgMOpo.wav,8.56,0.0,30.0,beat_this
32-vdTlMwgMOpo.wav,9.12,0.0,30.0,beat_this
32-vdTlMwgMOpo.wav,9.66,0.0,30.0,beat_this
32-vdTlMwgMOpo.wav,10.22,0.0,30.0,beat_this
32-vdTlMwgMOpo.wav,10.76,0.0,30.0,beat_this
32-vdTlMwgMOpo.wav,11.32,0.0,30.0,beat_this
32-vdTlMwgMOpo.wav,11.86,0.0,30.0,beat_this
32-vdTlMwgMOpo.wav,12.42,0.0,30.0,beat_this
32-vdTlMwgMOpo.wav,12.96,0.0,30.0,beat_this
32-vdTlMwgMOpo.wav,13.52,0.0,30.0,beat_this
32-vdTlMwgMOpo.wav,14.06,0.0,30.0,beat_this
32-vdTlMwgMOpo.wav,14.62,0.0,30.0,beat_this
32-vdTlMwgMOpo.wav,15.16,0.0,30.0,beat_this
32-vdTlMwgMOpo.wav,15.72,0.0,30.0,beat_this
32-vdTlMwgMOpo.wav,16.28,0.0,30.0,beat_this
32-vdTlMwgMOpo.wav,16.82,0.0,30.0,beat_this
32-vdTlMwgMOpo.wav,17.38,0.0,30.0,beat_this
32-vdTlMwgMOpo.wav,17.92,0.0,30.0,beat_this
32-vdTlMwgMOpo.wav,18.46,0.0,30.0,beat_this
32-vdTlMwgMOpo.wav,19.02,0.0,30.0,beat_this
32-vdTlMwgMOpo.wav,19.58,0.0,30.0,beat_this
32-vdTlMwgMOpo.wav,20.12,0.0,30.0,beat_this
32-vdTlMwgMOpo.wav,20.68,0.0,30.0,beat_this
32-vdTlMwgMOpo.wav,21.22,0.0,30.0,beat_this
32-vdTlMwgMOpo.wav,21.78,0.0,30.0,beat_this
32-vdTlMwgMOpo.wav,22.32,0.0,30.0,beat_this
32-vdTlMwgMOpo.wav,22.88,0.0,30.0,beat_this
32-vdTlMwgMOpo.wav,23.42,0.0,30.0,beat_this
32-vdTlMwgMOpo.wav,23.98,0.0,30.0,beat_this
32-vdTlMwgMOpo.wav,24.52,0.0,30.0,beat_this
32-vdTlMwgMOpo.wav,25.08,0.0,30.0,beat_this
32-vdTlMwgMOpo.wav,25.62,0.0,30.0,beat_this
32-vdTlMwgMOpo.wav,26.18,0.0,30.0,beat_this
32-vdTlMwgMOpo.wav,26.74,0.0,30.0,beat_this
32-vdTlMwgMOpo.wav,27.28,0.0,30.0,beat_this
32-vdTlMwgMOpo.wav,27.84,0.0,30.0,beat_this
32-vdTlMwgMOpo.wav,28.38,0.0,30.0,beat_this
32-vdTlMwgMOpo.wav,28.94,0.0,30.0,beat_this
32-vdTlMwgMOpo.wav,29.48,0.0,30.0,beat_this
32-vdTlMwgMOpo.wav,30.0,0.0,30.0,beat_this
33-W5nY3LsgKaM.wav,0.24,0.0,30.0,beat_this
33-W5nY3LsgKaM.wav,0.9,0.0,30.0,beat_this
33-W5nY3LsgKaM.wav,1.56,0.0,30.0,beat_this
33-W5nY3LsgKaM.wav,2.22,0.0,30.0,beat_this
33-W5nY3LsgKaM.wav,2.88,0.0,30.0,beat_this
33-W5nY3LsgKaM.wav,3.54,0.0,30.0,beat_this
33-W5nY3LsgKaM.wav,4.2,0.0,30.0,beat_this
33-W5nY3LsgKaM.wav,4.86,0.0,30.0,beat_this
33-W5nY3LsgKaM.wav,5.52,0.0,30.0,beat_this
33-W5nY3LsgKaM.wav,6.18,0.0,30.0,beat_this
33-W5nY3LsgKaM.wav,6.84,0.0,30.0,beat_this
33-W5nY3LsgKaM.wav,7.5,0.0,30.0,beat_this
33-W5nY3LsgKaM.wav,8.16,0.0,30.0,beat_this
33-W5nY3LsgKaM.wav,8.82,0.0,30.0,beat_this
33-W5nY3LsgKaM.wav,9.46,0.0,30.0,beat_this
33-W5nY3LsgKaM.wav,10.14,0.0,30.0,beat_this
33-W5nY3LsgKaM.wav,10.8,0.0,30.0,beat_this
33-W5nY3LsgKaM.wav,11.46,0.0,30.0,beat_this
33-W5nY3LsgKaM.wav,12.1,0.0,30.0,beat_this
33-W5nY3LsgKaM.wav,12.78,0.0,30.0,beat_this
33-W5nY3LsgKaM.wav,13.42,0.0,30.0,beat_this
33-W5nY3LsgKaM.wav,14.1,0.0,30.0,beat_this
33-W5nY3LsgKaM.wav,14.74,0.0,30.0,beat_this
33-W5nY3LsgKaM.wav,15.42,0.0,30.0,beat_this
33-W5nY3LsgKaM.wav,16.06,0.0,30.0,beat_this
33-W5nY3LsgKaM.wav,16.74,0.0,30.0,beat_this
33-W5nY3LsgKaM.wav,17.38,0.0,30.0,beat_this
33-W5nY3LsgKaM.wav,18.06,0.0,30.0,beat_this
33-W5nY3LsgKaM.wav,18.7,0.0,30.0,beat_this
33-W5nY3LsgKaM.wav,19.36,0.0,30.0,beat_this
33-W5nY3LsgKaM.wav,20.02,0.0,30.0,beat_this
33-W5nY3LsgKaM.wav,20.68,0.0,30.0,beat_this
33-W5nY3LsgKaM.wav,21.34,0.0,30.0,beat_this
33-W5nY3LsgKaM.wav,22.0,0.0,30.0,beat_this
33-W5nY3LsgKaM.wav,22.66,0.0,30.0,beat_this
33-W5nY3LsgKaM.wav,23.32,0.0,30.0,beat_this
33-W5nY3LsgKaM.wav,23.98,0.0,30.0,beat_this
33-W5nY3LsgKaM.wav,24.64,0.0,30.0,beat_this
33-W5nY3LsgKaM.wav,25.3,0.0,30.0,beat_this
33-W5nY3LsgKaM.wav,25.96,0.0,30.0,beat_this
33-W5nY3LsgKaM.wav,26.62,0.0,30.0,beat_this
33-W5nY3LsgKaM.wav,27.28,0.0,30.0,beat_this
33-W5nY3LsgKaM.wav,27.94,0.0,30.0,beat_this
33-W5nY3LsgKaM.wav,28.6,0.0,30.0,beat_this
33-W5nY3LsgKaM.wav,29.26,0.0,30.0,beat_this
33-W5nY3LsgKaM.wav,29.94,0.0,30.0,beat_this
34-wCBu0PkoNPs.wav,0.14,0.0,30.0,beat_this
34-wCBu0PkoNPs.wav,0.44,0.0,30.0,beat_this
34-wCBu0PkoNPs.wav,0.74,0.0,30.0,beat_this
34-wCBu0PkoNPs.wav,1.04,0.0,30.0,beat_this
34-wCBu0PkoNPs.wav,1.34,0.0,30.0,beat_this
34-wCBu0PkoNPs.wav,1.66,0.0,30.0,beat_this
34-wCBu0PkoNPs.wav,1.96,0.0,30.0,beat_this
34-wCBu0PkoNPs.wav,2.26,0.0,30.0,beat_this
34-wCBu0PkoNPs.wav,2.56,0.0,30.0,beat_this
34-wCBu0PkoNPs.wav,2.86,0.0,30.0,beat_this
34-wCBu0PkoNPs.wav,3.46,0.0,30.0,beat_this
34-wCBu0PkoNPs.wav,3.76,0.0,30.0,beat_this
34-wCBu0PkoNPs.wav,4.06,0.0,30.0,beat_this
34-wCBu0PkoNPs.wav,4.36,0.0,30.0,beat_this
34-wCBu0PkoNPs.wav,4.64,0.0,30.0,beat_this
34-wCBu0PkoNPs.wav,5.24,0.0,30.0,beat_this
34-wCBu0PkoNPs.wav,5.86,0.0,30.0,beat_this
34-wCBu0PkoNPs.wav,6.44,0.0,30.0,beat_this
34-wCBu0PkoNPs.wav,6.76,0.0,30.0,beat_this
34-wCBu0PkoNPs.wav,7.06,0.0,30.0,beat_this
34-wCBu0PkoNPs.wav,7.36,0.0,30.0,beat_this
34-wCBu0PkoNPs.wav,7.66,0.0,30.0,beat_this
34-wCBu0PkoNPs.wav,7.96,0.0,30.0,beat_this
34-wCBu0PkoNPs.wav,8.26,0.0,30.0,beat_this
34-wCBu0PkoNPs.wav,8.56,0.0,30.0,beat_this
34-wCBu0PkoNPs.wav,8.86,0.0,30.0,beat_this
34-wCBu0PkoNPs.wav,9.16,0.0,30.0,beat_this
34-wCBu0PkoNPs.wav,9.46,0.0,30.0,beat_this
34-wCBu0PkoNPs.wav,9.76,0.0,30.0,beat_this
34-wCBu0PkoNPs.wav,10.06,0.0,30.0,beat_this
34-wCBu0PkoNPs.wav,10.38,0.0,30.0,beat_this
34-wCBu0PkoNPs.wav,10.66,0.0,30.0,beat_this
34-wCBu0PkoNPs.wav,11.28,0.0,30.0,beat_this
34-wCBu0PkoNPs.wav,11.88,0.0,30.0,beat_this
34-wCBu0PkoNPs.wav,12.18,0.0,30.0,beat_this
34-wCBu0PkoNPs.wav,12.46,0.0,30.0,beat_this
34-wCBu0PkoNPs.wav,13.08,0.0,30.0,beat_this
34-wCBu0PkoNPs.wav,13.38,0.0,30.0,beat_this
34-wCBu0PkoNPs.wav,13.66,0.0,30.0,beat_this
34-wCBu0PkoNPs.wav,14.28,0.0,30.0,beat_this
34-wCBu0PkoNPs.wav,14.58,0.0,30.0,beat_this
34-wCBu0PkoNPs.wav,14.88,0.0,30.0,beat_this
34-wCBu0PkoNPs.wav,15.5,0.0,30.0,beat_this
34-wCBu0PkoNPs.wav,16.1,0.0,30.0,beat_this
34-wCBu0PkoNPs.wav,16.4,0.0,30.0,beat_this
34-wCBu0PkoNPs.wav,16.7,0.0,30.0,beat_this
34-wCBu0PkoNPs.wav,17.02,0.0,30.0,beat_this
34-wCBu0PkoNPs.wav,17.3,0.0,30.0,beat_this
34-wCBu0PkoNPs.wav,17.9,0.0,30.0,beat_this
34-wCBu0PkoNPs.wav,18.2,0.0,30.0,beat_this
34-wCBu0PkoNPs.wav,18.5,0.0,30.0,beat_this
34-wCBu0PkoNPs.wav,18.8,0.0,30.0,beat_this
34-wCBu0PkoNPs.wav,19.1,0.0,30.0,beat_this
34-wCBu0PkoNPs.wav,19.4,0.0,30.0,beat_this
34-wCBu0PkoNPs.wav,19.7,0.0,30.0,beat_this
34-wCBu0PkoNPs.wav,20.32,0.0,30.0,beat_this
34-wCBu0PkoNPs.wav,20.62,0.0,30.0,beat_this
34-wCBu0PkoNPs.wav,20.92,0.0,30.0,beat_this
34-wCBu0PkoNPs.wav,21.22,0.0,30.0,beat_this
34-wCBu0PkoNPs.wav,21.54,0.0,30.0,beat_this
34-wCBu0PkoNPs.wav,21.84,0.0,30.0,beat_this
34-wCBu0PkoNPs.wav,22.14,0.0,30.0,beat_this
34-wCBu0PkoNPs.wav,22.74,0.0,30.0,beat_this
34-wCBu0PkoNPs.wav,23.04,0.0,30.0,beat_this
34-wCBu0PkoNPs.wav,23.34,0.0,30.0,beat_this
34-wCBu0PkoNPs.wav,23.64,0.0,30.0,beat_this
34-wCBu0PkoNPs.wav,23.96,0.0,30.0,beat_this
34-wCBu0PkoNPs.wav,24.54,0.0,30.0,beat_this
34-wCBu0PkoNPs.wav,25.14,0.0,30.0,beat_this
34-wCBu0PkoNPs.wav,25.74,0.0,30.0,beat_this
34-wCBu0PkoNPs.wav,26.34,0.0,30.0,beat_this
34-wCBu0PkoNPs.wav,26.94,0.0,30.0,beat_this
34-wCBu0PkoNPs.wav,27.54,0.0,30.0,beat_this
34-wCBu0PkoNPs.wav,28.14,0.0,30.0,beat_this
34-wCBu0PkoNPs.wav,28.46,0.0,30.0,beat_this
34-wCBu0PkoNPs.wav,28.74,0.0,30.0,beat_this
34-wCBu0PkoNPs.wav,29.04,0.0,30.0,beat_this
34-wCBu0PkoNPs.wav,29.34,0.0,30.0,beat_this
34-wCBu0PkoNPs.wav,29.66,0.0,30.0,beat_this
34-wCBu0PkoNPs.wav,29.96,0.0,30.0,beat_this
35-wDjlvzXYlvo.wav,0.02,0.0,30.0,beat_this
35-wDjlvzXYlvo.wav,0.56,0.0,30.0,beat_this
35-wDjlvzXYlvo.wav,1.08,0.0,30.0,beat_this
35-wDjlvzXYlvo.wav,1.6,0.0,30.0,beat_this
35-wDjlvzXYlvo.wav,2.14,0.0,30.0,beat_this
35-wDjlvzXYlvo.wav,2.66,0.0,30.0,beat_this
35-wDjlvzXYlvo.wav,3.2,0.0,30.0,beat_this
35-wDjlvzXYlvo.wav,3.7,0.0,30.0,beat_this
35-wDjlvzXYlvo.wav,4.24,0.0,30.0,beat_this
35-wDjlvzXYlvo.wav,4.76,0.0,30.0,beat_this
35-wDjlvzXYlvo.wav,5.3,0.0,30.0,beat_this
35-wDjlvzXYlvo.wav,5.82,0.0,30.0,beat_this
35-wDjlvzXYlvo.wav,6.34,0.0,30.0,beat_this
35-wDjlvzXYlvo.wav,6.88,0.0,30.0,beat_this
35-wDjlvzXYlvo.wav,7.4,0.0,30.0,beat_this
35-wDjlvzXYlvo.wav,7.92,0.0,30.0,beat_this
35-wDjlvzXYlvo.wav,8.44,0.0,30.0,beat_this
35-wDjlvzXYlvo.wav,8.98,0.0,30.0,beat_this
35-wDjlvzXYlvo.wav,9.5,0.0,30.0,beat_this
35-wDjlvzXYlvo.wav,10.02,0.0,30.0,beat_this
35-wDjlvzXYlvo.wav,10.56,0.0,30.0,beat_this
35-wDjlvzXYlvo.wav,11.08,0.0,30.0,beat_this
35-wDjlvzXYlvo.wav,11.62,0.0,30.0,beat_this
35-wDjlvzXYlvo.wav,12.12,0.0,30.0,beat_this
35-wDjlvzXYlvo.wav,12.66,0.0,30.0,beat_this
35-wDjlvzXYlvo.wav,13.2,0.0,30.0,beat_this
35-wDjlvzXYlvo.wav,13.72,0.0,30.0,beat_this
35-wDjlvzXYlvo.wav,14.24,0.0,30.0,beat_this
35-wDjlvzXYlvo.wav,14.76,0.0,30.0,beat_this
35-wDjlvzXYlvo.wav,15.3,0.0,30.0,beat_this
35-wDjlvzXYlvo.wav,15.82,0.0,30.0,beat_this
35-wDjlvzXYlvo.wav,16.34,0.0,30.0,beat_this
35-wDjlvzXYlvo.wav,16.88,0.0,30.0,beat_this
35-wDjlvzXYlvo.wav,17.4,0.0,30.0,beat_this
35-wDjlvzXYlvo.wav,17.92,0.0,30.0,beat_this
35-wDjlvzXYlvo.wav,18.44,0.0,30.0,beat_this
35-wDjlvzXYlvo.wav,18.98,0.0,30.0,beat_this
35-wDjlvzXYlvo.wav,19.5,0.0,30.0,beat_this
35-wDjlvzXYlvo.wav,20.04,0.0,30.0,beat_this
35-wDjlvzXYlvo.wav,20.56,0.0,30.0,beat_this
35-wDjlvzXYlvo.wav,21.08,0.0,30.0,beat_this
35-wDjlvzXYlvo.wav,21.6,0.0,30.0,beat_this
35-wDjlvzXYlvo.wav,22.14,0.0,30.0,beat_this
35-wDjlvzXYlvo.wav,22.66,0.0,30.0,beat_this
35-wDjlvzXYlvo.wav,23.2,0.0,30.0,beat_this
35-wDjlvzXYlvo.wav,23.72,0.0,30.0,beat_this
35-wDjlvzXYlvo.wav,24.24,0.0,30.0,beat_this
35-wDjlvzXYlvo.wav,24.76,0.0,30.0,beat_this
35-wDjlvzXYlvo.wav,25.28,0.0,30.0,beat_this
35-wDjlvzXYlvo.wav,25.82,0.0,30.0,beat_this
35-wDjlvzXYlvo.wav,26.34,0.0,30.0,beat_this
35-wDjlvzXYlvo.wav,26.86,0.0,30.0,beat_this
35-wDjlvzXYlvo.wav,27.4,0.0,30.0,beat_this
35-wDjlvzXYlvo.wav,27.92,0.0,30.0,beat_this
35-wDjlvzXYlvo.wav,28.46,0.0,30.0,beat_this
35-wDjlvzXYlvo.wav,28.98,0.0,30.0,beat_this
35-wDjlvzXYlvo.wav,29.5,0.0,30.0,beat_this
35-wDjlvzXYlvo.wav,30.0,0.0,30.0,beat_this
36-X6bd8vGQTpE.wav,0.2,0.0,30.0,beat_this
36-X6bd8vGQTpE.wav,0.72,0.0,30.0,beat_this
36-X6bd8vGQTpE.wav,1.24,0.0,30.0,beat_this
36-X6bd8vGQTpE.wav,1.76,0.0,30.0,beat_this
36-X6bd8vGQTpE.wav,2.28,0.0,30.0,beat_this
36-X6bd8vGQTpE.wav,2.82,0.0,30.0,beat_this
36-X6bd8vGQTpE.wav,3.32,0.0,30.0,beat_this
36-X6bd8vGQTpE.wav,3.86,0.0,30.0,beat_this
36-X6bd8vGQTpE.wav,4.38,0.0,30.0,beat_this
36-X6bd8vGQTpE.wav,4.9,0.0,30.0,beat_this
36-X6bd8vGQTpE.wav,5.42,0.0,30.0,beat_this
36-X6bd8vGQTpE.wav,5.94,0.0,30.0,beat_this
36-X6bd8vGQTpE.wav,6.48,0.0,30.0,beat_this
36-X6bd8vGQTpE.wav,7.0,0.0,30.0,beat_this
36-X6bd8vGQTpE.wav,7.52,0.0,30.0,beat_this
36-X6bd8vGQTpE.wav,8.04,0.0,30.0,beat_this
36-X6bd8vGQTpE.wav,8.58,0.0,30.0,beat_this
36-X6bd8vGQTpE.wav,9.1,0.0,30.0,beat_this
36-X6bd8vGQTpE.wav,9.62,0.0,30.0,beat_this
36-X6bd8vGQTpE.wav,10.14,0.0,30.0,beat_this
36-X6bd8vGQTpE.wav,10.68,0.0,30.0,beat_this
36-X6bd8vGQTpE.wav,11.2,0.0,30.0,beat_this
36-X6bd8vGQTpE.wav,11.72,0.0,30.0,beat_this
36-X6bd8vGQTpE.wav,12.24,0.0,30.0,beat_this
36-X6bd8vGQTpE.wav,12.76,0.0,30.0,beat_this
36-X6bd8vGQTpE.wav,13.26,0.0,30.0,beat_this
36-X6bd8vGQTpE.wav,13.8,0.0,30.0,beat_this
36-X6bd8vGQTpE.wav,14.34,0.0,30.0,beat_this
36-X6bd8vGQTpE.wav,14.86,0.0,30.0,beat_this
36-X6bd8vGQTpE.wav,15.38,0.0,30.0,beat_this
36-X6bd8vGQTpE.wav,15.9,0.0,30.0,beat_this
36-X6bd8vGQTpE.wav,16.44,0.0,30.0,beat_this
36-X6bd8vGQTpE.wav,16.96,0.0,30.0,beat_this
36-X6bd8vGQTpE.wav,17.5,0.0,30.0,beat_this
36-X6bd8vGQTpE.wav,18.04,0.0,30.0,beat_this
36-X6bd8vGQTpE.wav,18.56,0.0,30.0,beat_this
36-X6bd8vGQTpE.wav,19.08,0.0,30.0,beat_this
36-X6bd8vGQTpE.wav,19.6,0.0,30.0,beat_this
36-X6bd8vGQTpE.wav,20.12,0.0,30.0,beat_this
36-X6bd8vGQTpE.wav,20.66,0.0,30.0,beat_this
36-X6bd8vGQTpE.wav,21.16,0.0,30.0,beat_this
36-X6bd8vGQTpE.wav,21.68,0.0,30.0,beat_this
36-X6bd8vGQTpE.wav,22.22,0.0,30.0,beat_this
36-X6bd8vGQTpE.wav,22.74,0.0,30.0,beat_this
36-X6bd8vGQTpE.wav,23.26,0.0,30.0,beat_this
36-X6bd8vGQTpE.wav,23.78,0.0,30.0,beat_this
36-X6bd8vGQTpE.wav,24.3,0.0,30.0,beat_this
36-X6bd8vGQTpE.wav,24.84,0.0,30.0,beat_this
36-X6bd8vGQTpE.wav,25.34,0.0,30.0,beat_this
36-X6bd8vGQTpE.wav,25.86,0.0,30.0,beat_this
36-X6bd8vGQTpE.wav,26.38,0.0,30.0,beat_this
36-X6bd8vGQTpE.wav,26.9,0.0,30.0,beat_this
36-X6bd8vGQTpE.wav,27.4,0.0,30.0,beat_this
36-X6bd8vGQTpE.wav,27.9,0.0,30.0,beat_this
36-X6bd8vGQTpE.wav,28.44,0.0,30.0,beat_this
36-X6bd8vGQTpE.wav,28.94,0.0,30.0,beat_this
36-X6bd8vGQTpE.wav,29.48,0.0,30.0,beat_this
36-X6bd8vGQTpE.wav,29.98,0.0,30.0,beat_this
37-xkruFx9q9cs.wav,0.36,0.0,30.0,beat_this
37-xkruFx9q9cs.wav,1.1,0.0,30.0,beat_this
37-xkruFx9q9cs.wav,1.82,0.0,30.0,beat_this
37-xkruFx9q9cs.wav,2.56,0.0,30.0,beat_this
37-xkruFx9q9cs.wav,3.3,0.0,30.0,beat_this
37-xkruFx9q9cs.wav,4.02,0.0,30.0,beat_this
37-xkruFx9q9cs.wav,4.74,0.0,30.0,beat_this
37-xkruFx9q9cs.wav,5.48,0.0,30.0,beat_this
37-xkruFx9q9cs.wav,6.22,0.0,30.0,beat_this
37-xkruFx9q9cs.wav,6.94,0.0,30.0,beat_this
37-xkruFx9q9cs.wav,7.68,0.0,30.0,beat_this
37-xkruFx9q9cs.wav,8.42,0.0,30.0,beat_this
37-xkruFx9q9cs.wav,9.14,0.0,30.0,beat_this
37-xkruFx9q9cs.wav,9.88,0.0,30.0,beat_this
37-xkruFx9q9cs.wav,10.6,0.0,30.0,beat_this
37-xkruFx9q9cs.wav,11.34,0.0,30.0,beat_this
37-xkruFx9q9cs.wav,12.06,0.0,30.0,beat_this
37-xkruFx9q9cs.wav,12.8,0.0,30.0,beat_this
37-xkruFx9q9cs.wav,13.54,0.0,30.0,beat_this
37-xkruFx9q9cs.wav,14.26,0.0,30.0,beat_this
37-xkruFx9q9cs.wav,15.0,0.0,30.0,beat_this
37-xkruFx9q9cs.wav,15.72,0.0,30.0,beat_this
37-xkruFx9q9cs.wav,16.46,0.0,30.0,beat_this
37-xkruFx9q9cs.wav,17.18,0.0,30.0,beat_this
37-xkruFx9q9cs.wav,17.92,0.0,30.0,beat_this
37-xkruFx9q9cs.wav,18.66,0.0,30.0,beat_this
37-xkruFx9q9cs.wav,19.4,0.0,30.0,beat_this
37-xkruFx9q9cs.wav,20.12,0.0,30.0,beat_this
37-xkruFx9q9cs.wav,20.86,0.0,30.0,beat_this
37-xkruFx9q9cs.wav,21.58,0.0,30.0,beat_this
37-xkruFx9q9cs.wav,22.32,0.0,30.0,beat_this
37-xkruFx9q9cs.wav,23.04,0.0,30.0,beat_this
37-xkruFx9q9cs.wav,23.7,0.0,30.0,beat_this
37-xkruFx9q9cs.wav,23.78,0.0,30.0,beat_this
37-xkruFx9q9cs.wav,24.5,0.0,30.0,beat_this
37-xkruFx9q9cs.wav,25.24,0.0,30.0,beat_this
37-xkruFx9q9cs.wav,25.98,0.0,30.0,beat_this
37-xkruFx9q9cs.wav,26.7,0.0,30.0,beat_this
37-xkruFx9q9cs.wav,27.44,0.0,30.0,beat_this
37-xkruFx9q9cs.wav,28.16,0.0,30.0,beat_this
37-xkruFx9q9cs.wav,28.9,0.0,30.0,beat_this
37-xkruFx9q9cs.wav,29.62,0.0,30.0,beat_this
38-xPZn7LXUcKE.wav,0.02,0.0,30.0,beat_this
38-xPZn7LXUcKE.wav,0.52,0.0,30.0,beat_this
38-xPZn7LXUcKE.wav,1.02,0.0,30.0,beat_this
38-xPZn7LXUcKE.wav,1.54,0.0,30.0,beat_this
38-xPZn7LXUcKE.wav,2.04,0.0,30.0,beat_this
38-xPZn7LXUcKE.wav,2.56,0.0,30.0,beat_this
38-xPZn7LXUcKE.wav,3.06,0.0,30.0,beat_this
38-xPZn7LXUcKE.wav,3.58,0.0,30.0,beat_this
38-xPZn7LXUcKE.wav,4.08,0.0,30.0,beat_this
38-xPZn7LXUcKE.wav,4.6,0.0,30.0,beat_this
38-xPZn7LXUcKE.wav,5.1,0.0,30.0,beat_this
38-xPZn7LXUcKE.wav,5.62,0.0,30.0,beat_this
38-xPZn7LXUcKE.wav,6.12,0.0,30.0,beat_this
38-xPZn7LXUcKE.wav,6.64,0.0,30.0,beat_this
38-xPZn7LXUcKE.wav,7.14,0.0,30.0,beat_this
38-xPZn7LXUcKE.wav,7.64,0.0,30.0,beat_this
38-xPZn7LXUcKE.wav,8.16,0.0,30.0,beat_this
38-xPZn7LXUcKE.wav,8.66,0.0,30.0,beat_this
38-xPZn7LXUcKE.wav,9.18,0.0,30.0,beat_this
38-xPZn7LXUcKE.wav,9.68,0.0,30.0,beat_this
38-xPZn7LXUcKE.wav,10.2,0.0,30.0,beat_this
38-xPZn7LXUcKE.wav,10.7,0.0,30.0,beat_this
38-xPZn7LXUcKE.wav,11.2,0.0,30.0,beat_this
38-xPZn7LXUcKE.wav,11.7,0.0,30.0,beat_this
38-xPZn7LXUcKE.wav,12.22,0.0,30.0,beat_this
38-xPZn7LXUcKE.wav,12.72,0.0,30.0,beat_this
38-xPZn7LXUcKE.wav,13.24,0.0,30.0,beat_this
38-xPZn7LXUcKE.wav,13.74,0.0,30.0,beat_this
38-xPZn7LXUcKE.wav,14.24,0.0,30.0,beat_this
38-xPZn7LXUcKE.wav,14.76,0.0,30.0,beat_this
38-xPZn7LXUcKE.wav,15.26,0.0,30.0,beat_this
38-xPZn7LXUcKE.wav,15.78,0.0,30.0,beat_this
38-xPZn7LXUcKE.wav,16.28,0.0,30.0,beat_this
38-xPZn7LXUcKE.wav,16.8,0.0,30.0,beat_this
38-xPZn7LXUcKE.wav,17.3,0.0,30.0,beat_this
38-xPZn7LXUcKE.wav,17.8,0.0,30.0,beat_this
38-xPZn7LXUcKE.wav,18.3,0.0,30.0,beat_this
38-xPZn7LXUcKE.wav,18.82,0.0,30.0,beat_this
38-xPZn7LXUcKE.wav,19.34,0.0,30.0,beat_this
38-xPZn7LXUcKE.wav,19.84,0.0,30.0,beat_this
38-xPZn7LXUcKE.wav,20.34,0.0,30.0,beat_this
38-xPZn7LXUcKE.wav,20.86,0.0,30.0,beat_this
38-xPZn7LXUcKE.wav,21.36,0.0,30.0,beat_this
38-xPZn7LXUcKE.wav,21.88,0.0,30.0,beat_this
38-xPZn7LXUcKE.wav,22.38,0.0,30.0,beat_this
38-xPZn7LXUcKE.wav,22.9,0.0,30.0,beat_this
38-xPZn7LXUcKE.wav,23.4,0.0,30.0,beat_this
38-xPZn7LXUcKE.wav,23.92,0.0,30.0,beat_this
38-xPZn7LXUcKE.wav,24.42,0.0,30.0,beat_this
38-xPZn7LXUcKE.wav,24.92,0.0,30.0,beat_this
38-xPZn7LXUcKE.wav,25.42,0.0,30.0,beat_this
38-xPZn7LXUcKE.wav,25.94,0.0,30.0,beat_this
38-xPZn7LXUcKE.wav,26.46,0.0,30.0,beat_this
38-xPZn7LXUcKE.wav,26.96,0.0,30.0,beat_this
38-xPZn7LXUcKE.wav,27.48,0.0,30.0,beat_this
38-xPZn7LXUcKE.wav,27.98,0.0,30.0,beat_this
38-xPZn7LXUcKE.wav,28.48,0.0,30.0,beat_this
38-xPZn7LXUcKE.wav,29.0,0.0,30.0,beat_this
38-xPZn7LXUcKE.wav,29.5,0.0,30.0,beat_this
38-xPZn7LXUcKE.wav,30.0,0.0,30.0,beat_this
39-yBFsM49an2I.wav,0.3,0.0,30.0,beat_this
39-yBFsM49an2I.wav,0.92,0.0,30.0,beat_this
39-yBFsM49an2I.wav,1.56,0.0,30.0,beat_this
39-yBFsM49an2I.wav,2.18,0.0,30.0,beat_this
39-yBFsM49an2I.wav,2.8,0.0,30.0,beat_this
39-yBFsM49an2I.wav,3.42,0.0,30.0,beat_this
39-yBFsM49an2I.wav,4.04,0.0,30.0,beat_this
39-yBFsM49an2I.wav,4.68,0.0,30.0,beat_this
39-yBFsM49an2I.wav,5.3,0.0,30.0,beat_this
39-yBFsM49an2I.wav,5.92,0.0,30.0,beat_this
39-yBFsM49an2I.wav,6.54,0.0,30.0,beat_this
39-yBFsM49an2I.wav,7.18,0.0,30.0,beat_this
39-yBFsM49an2I.wav,7.8,0.0,30.0,beat_this
39-yBFsM49an2I.wav,8.42,0.0,30.0,beat_this
39-yBFsM49an2I.wav,9.06,0.0,30.0,beat_this
39-yBFsM49an2I.wav,9.68,0.0,30.0,beat_this
39-yBFsM49an2I.wav,10.3,0.0,30.0,beat_this
39-yBFsM49an2I.wav,10.94,0.0,30.0,beat_this
39-yBFsM49an2I.wav,11.56,0.0,30.0,beat_this
39-yBFsM49an2I.wav,12.18,0.0,30.0,beat_this
39-yBFsM49an2I.wav,12.8,0.0,30.0,beat_this
39-yBFsM49an2I.wav,13.44,0.0,30.0,beat_this
39-yBFsM49an2I.wav,14.06,0.0,30.0,beat_this
39-yBFsM49an2I.wav,14.68,0.0,30.0,beat_this
39-yBFsM49an2I.wav,15.3,0.0,30.0,beat_this
39-yBFsM49an2I.wav,15.94,0.0,30.0,beat_this
39-yBFsM49an2I.wav,16.56,0.0,30.0,beat_this
39-yBFsM49an2I.wav,17.18,0.0,30.0,beat_this
39-yBFsM49an2I.wav,17.8,0.0,30.0,beat_this
39-yBFsM49an2I.wav,18.44,0.0,30.0,beat_this
39-yBFsM49an2I.wav,19.04,0.0,30.0,beat_this
39-yBFsM49an2I.wav,19.68,0.0,30.0,beat_this
39-yBFsM49an2I.wav,20.3,0.0,30.0,beat_this
39-yBFsM49an2I.wav,20.92,0.0,30.0,beat_this
39-yBFsM49an2I.wav,21.56,0.0,30.0,beat_this
39-yBFsM49an2I.wav,22.18,0.0,30.0,beat_this
39-yBFsM49an2I.wav,22.82,0.0,30.0,beat_this
39-yBFsM49an2I.wav,23.44,0.0,30.0,beat_this
39-yBFsM49an2I.wav,24.06,0.0,30.0,beat_this
39-yBFsM49an2I.wav,24.68,0.0,30.0,beat_this
39-yBFsM49an2I.wav,25.3,0.0,30.0,beat_this
39-yBFsM49an2I.wav,25.94,0.0,30.0,beat_this
39-yBFsM49an2I.wav,26.56,0.0,30.0,beat_this
39-yBFsM49an2I.wav,27.18,0.0,30.0,beat_this
39-yBFsM49an2I.wav,27.8,0.0,30.0,beat_this
39-yBFsM49an2I.wav,28.44,0.0,30.0,beat_this
39-yBFsM49an2I.wav,29.06,0.0,30.0,beat_this
39-yBFsM49an2I.wav,29.68,0.0,30.0,beat_this
4-E_O9dOl1dlo.wav,0.12,0.0,30.0,beat_this
4-E_O9dOl1dlo.wav,0.78,0.0,30.0,beat_this
4-E_O9dOl1dlo.wav,1.42,0.0,30.0,beat_this
4-E_O9dOl1dlo.wav,2.08,0.0,30.0,beat_this
4-E_O9dOl1dlo.wav,2.74,0.0,30.0,beat_this
4-E_O9dOl1dlo.wav,3.38,0.0,30.0,beat_this
4-E_O9dOl1dlo.wav,4.04,0.0,30.0,beat_this
4-E_O9dOl1dlo.wav,4.68,0.0,30.0,beat_this
4-E_O9dOl1dlo.wav,5.34,0.0,30.0,beat_this
4-E_O9dOl1dlo.wav,6.0,0.0,30.0,beat_this
4-E_O9dOl1dlo.wav,6.64,0.0,30.0,beat_this
4-E_O9dOl1dlo.wav,7.3,0.0,30.0,beat_this
4-E_O9dOl1dlo.wav,7.96,0.0,30.0,beat_this
4-E_O9dOl1dlo.wav,8.6,0.0,30.0,beat_this
4-E_O9dOl1dlo.wav,9.26,0.0,30.0,beat_this
4-E_O9dOl1dlo.wav,9.9,0.0,30.0,beat_this
4-E_O9dOl1dlo.wav,10.56,0.0,30.0,beat_this
4-E_O9dOl1dlo.wav,11.22,0.0,30.0,beat_this
4-E_O9dOl1dlo.wav,11.86,0.0,30.0,beat_this
4-E_O9dOl1dlo.wav,12.52,0.0,30.0,beat_this
4-E_O9dOl1dlo.wav,13.18,0.0,30.0,beat_this
4-E_O9dOl1dlo.wav,13.82,0.0,30.0,beat_this
4-E_O9dOl1dlo.wav,14.48,0.0,30.0,beat_this
4-E_O9dOl1dlo.wav,15.12,0.0,30.0,beat_this
4-E_O9dOl1dlo.wav,15.78,0.0,30.0,beat_this
4-E_O9dOl1dlo.wav,16.42,0.0,30.0,beat_this
4-E_O9dOl1dlo.wav,17.08,0.0,30.0,beat_this
4-E_O9dOl1dlo.wav,17.72,0.0,30.0,beat_this
4-E_O9dOl1dlo.wav,18.38,0.0,30.0,beat_this
4-E_O9dOl1dlo.wav,19.04,0.0,30.0,beat_this
4-E_O9dOl1dlo.wav,19.7,0.0,30.0,beat_this
4-E_O9dOl1dlo.wav,20.34,0.0,30.0,beat_this
4-E_O9dOl1dlo.wav,21.0,0.0,30.0,beat_this
4-E_O9dOl1dlo.wav,21.64,0.0,30.0,beat_this
4-E_O9dOl1dlo.wav,22.3,0.0,30.0,beat_this
4-E_O9dOl1dlo.wav,22.94,0.0,30.0,beat_this
4-E_O9dOl1dlo.wav,23.62,0.0,30.0,beat_this
4-E_O9dOl1dlo.wav,24.26,0.0,30.0,beat_this
4-E_O9dOl1dlo.wav,24.9,0.0,30.0,beat_this
4-E_O9dOl1dlo.wav,25.56,0.0,30.0,beat_this
4-E_O9dOl1dlo.wav,26.22,0.0,30.0,beat_this
4-E_O9dOl1dlo.wav,26.86,0.0,30.0,beat_this
4-E_O9dOl1dlo.wav,27.52,0.0,30.0,beat_this
4-E_O9dOl1dlo.wav,28.16,0.0,30.0,beat_this
4-E_O9dOl1dlo.wav,28.84,0.0,30.0,beat_this
4-E_O9dOl1dlo.wav,29.48,0.0,30.0,beat_this
40-ZyXEyRT-1S0.wav,0.5,0.0,30.0,beat_this
40-ZyXEyRT-1S0.wav,1.36,0.0,30.0,beat_this
40-ZyXEyRT-1S0.wav,2.2,0.0,30.0,beat_this
40-ZyXEyRT-1S0.wav,3.06,0.0,30.0,beat_this
40-ZyXEyRT-1S0.wav,3.92,0.0,30.0,beat_this
40-ZyXEyRT-1S0.wav,4.78,0.0,30.0,beat_this
40-ZyXEyRT-1S0.wav,5.62,0.0,30.0,beat_this
40-ZyXEyRT-1S0.wav,6.5,0.0,30.0,beat_this
40-ZyXEyRT-1S0.wav,7.36,0.0,30.0,beat_this
40-ZyXEyRT-1S0.wav,8.2,0.0,30.0,beat_this
40-ZyXEyRT-1S0.wav,9.06,0.0,30.0,beat_this
40-ZyXEyRT-1S0.wav,9.9,0.0,30.0,beat_this
40-ZyXEyRT-1S0.wav,10.78,0.0,30.0,beat_this
40-ZyXEyRT-1S0.wav,11.64,0.0,30.0,beat_this
40-ZyXEyRT-1S0.wav,12.48,0.0,30.0,beat_this
40-ZyXEyRT-1S0.wav,13.34,0.0,30.0,beat_this
40-ZyXEyRT-1S0.wav,14.2,0.0,30.0,beat_this
40-ZyXEyRT-1S0.wav,15.06,0.0,30.0,beat_this
40-ZyXEyRT-1S0.wav,15.92,0.0,30.0,beat_this
40-ZyXEyRT-1S0.wav,16.78,0.0,30.0,beat_this
40-ZyXEyRT-1S0.wav,17.64,0.0,30.0,beat_this
40-ZyXEyRT-1S0.wav,18.5,0.0,30.0,beat_this
40-ZyXEyRT-1S0.wav,19.34,0.0,30.0,beat_this
40-ZyXEyRT-1S0.wav,20.18,0.0,30.0,beat_this
40-ZyXEyRT-1S0.wav,21.06,0.0,30.0,beat_this
40-ZyXEyRT-1S0.wav,21.9,0.0,30.0,beat_this
40-ZyXEyRT-1S0.wav,22.74,0.0,30.0,beat_this
40-ZyXEyRT-1S0.wav,23.58,0.0,30.0,beat_this
40-ZyXEyRT-1S0.wav,24.48,0.0,30.0,beat_this
40-ZyXEyRT-1S0.wav,25.3,0.0,30.0,beat_this
40-ZyXEyRT-1S0.wav,26.18,0.0,30.0,beat_this
40-ZyXEyRT-1S0.wav,27.08,0.0,30.0,beat_this
40-ZyXEyRT-1S0.wav,27.94,0.0,30.0,beat_this
40-ZyXEyRT-1S0.wav,28.8,0.0,30.0,beat_this
40-ZyXEyRT-1S0.wav,29.64,0.0,30.0,beat_this
5-HufeFlfAhT8.wav,0.48,0.0,30.0,beat_this
5-HufeFlfAhT8.wav,1.22,0.0,30.0,beat_this
5-HufeFlfAhT8.wav,1.98,0.0,30.0,beat_this
5-HufeFlfAhT8.wav,2.72,0.0,30.0,beat_this
5-HufeFlfAhT8.wav,3.46,0.0,30.0,beat_this
5-HufeFlfAhT8.wav,4.2,0.0,30.0,beat_this
5-HufeFlfAhT8.wav,4.94,0.0,30.0,beat_this
5-HufeFlfAhT8.wav,5.68,0.0,30.0,beat_this
5-HufeFlfAhT8.wav,6.42,0.0,30.0,beat_this
5-HufeFlfAhT8.wav,7.16,0.0,30.0,beat_this
5-HufeFlfAhT8.wav,7.92,0.0,30.0,beat_this
5-HufeFlfAhT8.wav,8.64,0.0,30.0,beat_this
5-HufeFlfAhT8.wav,9.4,0.0,30.0,beat_this
5-HufeFlfAhT8.wav,10.14,0.0,30.0,beat_this
5-HufeFlfAhT8.wav,10.88,0.0,30.0,beat_this
5-HufeFlfAhT8.wav,11.6,0.0,30.0,beat_this
5-HufeFlfAhT8.wav,12.36,0.0,30.0,beat_this
5-HufeFlfAhT8.wav,13.08,0.0,30.0,beat_this
5-HufeFlfAhT8.wav,13.84,0.0,30.0,beat_this
5-HufeFlfAhT8.wav,14.58,0.0,30.0,beat_this
5-HufeFlfAhT8.wav,15.32,0.0,30.0,beat_this
5-HufeFlfAhT8.wav,16.06,0.0,30.0,beat_this
5-HufeFlfAhT8.wav,16.8,0.0,30.0,beat_this
5-HufeFlfAhT8.wav,17.54,0.0,30.0,beat_this
5-HufeFlfAhT8.wav,18.26,0.0,30.0,beat_this
5-HufeFlfAhT8.wav,19.02,0.0,30.0,beat_this
5-HufeFlfAhT8.wav,19.76,0.0,30.0,beat_this
5-HufeFlfAhT8.wav,20.48,0.0,30.0,beat_this
5-HufeFlfAhT8.wav,21.2,0.0,30.0,beat_this
5-HufeFlfAhT8.wav,21.96,0.0,30.0,beat_this
5-HufeFlfAhT8.wav,22.74,0.0,30.0,beat_this
5-HufeFlfAhT8.wav,23.44,0.0,30.0,beat_this
5-HufeFlfAhT8.wav,24.22,0.0,30.0,beat_this
5-HufeFlfAhT8.wav,24.98,0.0,30.0,beat_this
5-HufeFlfAhT8.wav,25.72,0.0,30.0,beat_this
5-HufeFlfAhT8.wav,26.46,0.0,30.0,beat_this
5-HufeFlfAhT8.wav,27.22,0.0,30.0,beat_this
5-HufeFlfAhT8.wav,27.98,0.0,30.0,beat_this
5-HufeFlfAhT8.wav,28.68,0.0,30.0,beat_this
5-HufeFlfAhT8.wav,29.46,0.0,30.0,beat_this
6-hWwzVQgV8u4.wav,0.12,0.0,30.0,beat_this
6-hWwzVQgV8u4.wav,0.44,0.0,30.0,beat_this
6-hWwzVQgV8u4.wav,0.76,0.0,30.0,beat_this
6-hWwzVQgV8u4.wav,1.08,0.0,30.0,beat_this
6-hWwzVQgV8u4.wav,1.4,0.0,30.0,beat_this
6-hWwzVQgV8u4.wav,1.72,0.0,30.0,beat_this
6-hWwzVQgV8u4.wav,2.04,0.0,30.0,beat_this
6-hWwzVQgV8u4.wav,2.36,0.0,30.0,beat_this
6-hWwzVQgV8u4.wav,2.66,0.0,30.0,beat_this
6-hWwzVQgV8u4.wav,2.98,0.0,30.0,beat_this
6-hWwzVQgV8u4.wav,3.28,0.0,30.0,beat_this
6-hWwzVQgV8u4.wav,3.6,0.0,30.0,beat_this
6-hWwzVQgV8u4.wav,3.9,0.0,30.0,beat_this
6-hWwzVQgV8u4.wav,4.22,0.0,30.0,beat_this
6-hWwzVQgV8u4.wav,4.54,0.0,30.0,beat_this
6-hWwzVQgV8u4.wav,4.86,0.0,30.0,beat_this
6-hWwzVQgV8u4.wav,5.18,0.0,30.0,beat_this
6-hWwzVQgV8u4.wav,5.5,0.0,30.0,beat_this
6-hWwzVQgV8u4.wav,5.82,0.0,30.0,beat_this
6-hWwzVQgV8u4.wav,6.12,0.0,30.0,beat_this
6-hWwzVQgV8u4.wav,6.44,0.0,30.0,beat_this
6-hWwzVQgV8u4.wav,6.58,0.0,30.0,beat_this
6-hWwzVQgV8u4.wav,6.74,0.0,30.0,beat_this
6-hWwzVQgV8u4.wav,7.08,0.0,30.0,beat_this
6-hWwzVQgV8u4.wav,7.38,0.0,30.0,beat_this
6-hWwzVQgV8u4.wav,7.7,0.0,30.0,beat_this
6-hWwzVQgV8u4.wav,8.02,0.0,30.0,beat_this
6-hWwzVQgV8u4.wav,8.32,0.0,30.0,beat_this
6-hWwzVQgV8u4.wav,8.64,0.0,30.0,beat_this
6-hWwzVQgV8u4.wav,8.94,0.0,30.0,beat_this
6-hWwzVQgV8u4.wav,9.28,0.0,30.0,beat_this
6-hWwzVQgV8u4.wav,9.6,0.0,30.0,beat_this
6-hWwzVQgV8u4.wav,9.92,0.0,30.0,beat_this
6-hWwzVQgV8u4.wav,10.24,0.0,30.0,beat_this
6-hWwzVQgV8u4.wav,10.56,0.0,30.0,beat_this
6-hWwzVQgV8u4.wav,10.88,0.0,30.0,beat_this
6-hWwzVQgV8u4.wav,11.18,0.0,30.0,beat_this
6-hWwzVQgV8u4.wav,11.5,0.0,30.0,beat_this
6-hWwzVQgV8u4.wav,11.82,0.0,30.0,beat_this
6-hWwzVQgV8u4.wav,12.14,0.0,30.0,beat_this
6-hWwzVQgV8u4.wav,12.46,0.0,30.0,beat_this
6-hWwzVQgV8u4.wav,12.76,0.0,30.0,beat_this
6-hWwzVQgV8u4.wav,13.08,0.0,30.0,beat_this
6-hWwzVQgV8u4.wav,13.4,0.0,30.0,beat_this
6-hWwzVQgV8u4.wav,13.72,0.0,30.0,beat_this
6-hWwzVQgV8u4.wav,14.04,0.0,30.0,beat_this
6-hWwzVQgV8u4.wav,14.34,0.0,30.0,beat_this
6-hWwzVQgV8u4.wav,14.66,0.0,30.0,beat_this
6-hWwzVQgV8u4.wav,14.98,0.0,30.0,beat_this
6-hWwzVQgV8u4.wav,15.3,0.0,30.0,beat_this
6-hWwzVQgV8u4.wav,15.6,0.0,30.0,beat_this
6-hWwzVQgV8u4.wav,15.92,0.0,30.0,beat_this
6-hWwzVQgV8u4.wav,16.24,0.0,30.0,beat_this
6-hWwzVQgV8u4.wav,16.56,0.0,30.0,beat_this
6-hWwzVQgV8u4.wav,16.88,0.0,30.0,beat_this
6-hWwzVQgV8u4.wav,17.18,0.0,30.0,beat_this
6-hWwzVQgV8u4.wav,17.5,0.0,30.0,beat_this
6-hWwzVQgV8u4.wav,17.82,0.0,30.0,beat_this
6-hWwzVQgV8u4.wav,18.14,0.0,30.0,beat_this
6-hWwzVQgV8u4.wav,18.46,0.0,30.0,beat_this
6-hWwzVQgV8u4.wav,18.76,0.0,30.0,beat_this
6-hWwzVQgV8u4.wav,19.06,0.0,30.0,beat_this
6-hWwzVQgV8u4.wav,19.4,0.0,30.0,beat_this
6-hWwzVQgV8u4.wav,19.7,0.0,30.0,beat_this
6-hWwzVQgV8u4.wav,20.02,0.0,30.0,beat_this
6-hWwzVQgV8u4.wav,20.34,0.0,30.0,beat_this
6-hWwzVQgV8u4.wav,20.64,0.0,30.0,beat_this
6-hWwzVQgV8u4.wav,20.96,0.0,30.0,beat_this
6-hWwzVQgV8u4.wav,21.28,0.0,30.0,beat_this
6-hWwzVQgV8u4.wav,21.6,0.0,30.0,beat_this
6-hWwzVQgV8u4.wav,21.92,0.0,30.0,beat_this
6-hWwzVQgV8u4.wav,22.24,0.0,30.0,beat_this
6-hWwzVQgV8u4.wav,22.56,0.0,30.0,beat_this
6-hWwzVQgV8u4.wav,22.88,0.0,30.0,beat_this
6-hWwzVQgV8u4.wav,23.18,0.0,30.0,beat_this
6-hWwzVQgV8u4.wav,23.5,0.0,30.0,beat_this
6-hWwzVQgV8u4.wav,23.82,0.0,30.0,beat_this
6-hWwzVQgV8u4.wav,24.14,0.0,30.0,beat_this
6-hWwzVQgV8u4.wav,24.46,0.0,30.0,beat_this
6-hWwzVQgV8u4.wav,24.78,0.0,30.0,beat_this
6-hWwzVQgV8u4.wav,25.1,0.0,30.0,beat_this
6-hWwzVQgV8u4.wav,25.42,0.0,30.0,beat_this
6-hWwzVQgV8u4.wav,25.72,0.0,30.0,beat_this
6-hWwzVQgV8u4.wav,26.04,0.0,30.0,beat_this
6-hWwzVQgV8u4.wav,26.36,0.0,30.0,beat_this
6-hWwzVQgV8u4.wav,26.66,0.0,30.0,beat_this
6-hWwzVQgV8u4.wav,26.98,0.0,30.0,beat_this
6-hWwzVQgV8u4.wav,27.28,0.0,30.0,beat_this
6-hWwzVQgV8u4.wav,27.62,0.0,30.0,beat_this
6-hWwzVQgV8u4.wav,27.92,0.0,30.0,beat_this
6-hWwzVQgV8u4.wav,28.24,0.0,30.0,beat_this
6-hWwzVQgV8u4.wav,28.56,0.0,30.0,beat_this
6-hWwzVQgV8u4.wav,28.86,0.0,30.0,beat_this
6-hWwzVQgV8u4.wav,29.18,0.0,30.0,beat_this
6-hWwzVQgV8u4.wav,29.52,0.0,30.0,beat_this
6-hWwzVQgV8u4.wav,29.82,0.0,30.0,beat_this
7-hZmtsGVZBpA.wav,0.34,0.0,30.0,beat_this
7-hZmtsGVZBpA.wav,1.24,0.0,30.0,beat_this
7-hZmtsGVZBpA.wav,2.12,0.0,30.0,beat_this
7-hZmtsGVZBpA.wav,3.0,0.0,30.0,beat_this
7-hZmtsGVZBpA.wav,3.9,0.0,30.0,beat_this
7-hZmtsGVZBpA.wav,4.78,0.0,30.0,beat_this
7-hZmtsGVZBpA.wav,5.68,0.0,30.0,beat_this
7-hZmtsGVZBpA.wav,6.56,0.0,30.0,beat_this
7-hZmtsGVZBpA.wav,7.46,0.0,30.0,beat_this
7-hZmtsGVZBpA.wav,8.34,0.0,30.0,beat_this
7-hZmtsGVZBpA.wav,9.22,0.0,30.0,beat_this
7-hZmtsGVZBpA.wav,10.12,0.0,30.0,beat_this
7-hZmtsGVZBpA.wav,11.0,0.0,30.0,beat_this
7-hZmtsGVZBpA.wav,11.9,0.0,30.0,beat_this
7-hZmtsGVZBpA.wav,12.8,0.0,30.0,beat_this
7-hZmtsGVZBpA.wav,13.68,0.0,30.0,beat_this
7-hZmtsGVZBpA.wav,14.56,0.0,30.0,beat_this
7-hZmtsGVZBpA.wav,15.46,0.0,30.0,beat_this
7-hZmtsGVZBpA.wav,16.34,0.0,30.0,beat_this
7-hZmtsGVZBpA.wav,17.24,0.0,30.0,beat_this
7-hZmtsGVZBpA.wav,18.12,0.0,30.0,beat_this
7-hZmtsGVZBpA.wav,19.0,0.0,30.0,beat_this
7-hZmtsGVZBpA.wav,19.9,0.0,30.0,beat_this
7-hZmtsGVZBpA.wav,20.78,0.0,30.0,beat_this
7-hZmtsGVZBpA.wav,21.68,0.0,30.0,beat_this
7-hZmtsGVZBpA.wav,22.58,0.0,30.0,beat_this
7-hZmtsGVZBpA.wav,23.46,0.0,30.0,beat_this
7-hZmtsGVZBpA.wav,24.34,0.0,30.0,beat_this
7-hZmtsGVZBpA.wav,25.24,0.0,30.0,beat_this
7-hZmtsGVZBpA.wav,26.12,0.0,30.0,beat_this
7-hZmtsGVZBpA.wav,27.02,0.0,30.0,beat_this
7-hZmtsGVZBpA.wav,27.88,0.0,30.0,beat_this
7-hZmtsGVZBpA.wav,28.8,0.0,30.0,beat_this
7-hZmtsGVZBpA.wav,29.68,0.0,30.0,beat_this
8-j9qu4Y4AwUM.wav,0.1,0.0,30.0,beat_this
8-j9qu4Y4AwUM.wav,0.64,0.0,30.0,beat_this
8-j9qu4Y4AwUM.wav,1.2,0.0,30.0,beat_this
8-j9qu4Y4AwUM.wav,1.76,0.0,30.0,beat_this
8-j9qu4Y4AwUM.wav,2.32,0.0,30.0,beat_this
8-j9qu4Y4AwUM.wav,2.86,0.0,30.0,beat_this
8-j9qu4Y4AwUM.wav,3.42,0.0,30.0,beat_this
8-j9qu4Y4AwUM.wav,3.98,0.0,30.0,beat_this
8-j9qu4Y4AwUM.wav,4.54,0.0,30.0,beat_this
8-j9qu4Y4AwUM.wav,5.08,0.0,30.0,beat_this
8-j9qu4Y4AwUM.wav,5.64,0.0,30.0,beat_this
8-j9qu4Y4AwUM.wav,6.2,0.0,30.0,beat_this
8-j9qu4Y4AwUM.wav,6.74,0.0,30.0,beat_this
8-j9qu4Y4AwUM.wav,7.3,0.0,30.0,beat_this
8-j9qu4Y4AwUM.wav,7.88,0.0,30.0,beat_this
8-j9qu4Y4AwUM.wav,8.4,0.0,30.0,beat_this
8-j9qu4Y4AwUM.wav,8.98,0.0,30.0,beat_this
8-j9qu4Y4AwUM.wav,9.54,0.0,30.0,beat_this
8-j9qu4Y4AwUM.wav,10.1,0.0,30.0,beat_this
8-j9qu4Y4AwUM.wav,10.66,0.0,30.0,beat_this
8-j9qu4Y4AwUM.wav,11.2,0.0,30.0,beat_this
8-j9qu4Y4AwUM.wav,11.76,0.0,30.0,beat_this
8-j9qu4Y4AwUM.wav,12.34,0.0,30.0,beat_this
8-j9qu4Y4AwUM.wav,12.88,0.0,30.0,beat_this
8-j9qu4Y4AwUM.wav,13.44,0.0,30.0,beat_this
8-j9qu4Y4AwUM.wav,13.98,0.0,30.0,beat_this
8-j9qu4Y4AwUM.wav,14.56,0.0,30.0,beat_this
8-j9qu4Y4AwUM.wav,15.1,0.0,30.0,beat_this
8-j9qu4Y4AwUM.wav,15.66,0.0,30.0,beat_this
8-j9qu4Y4AwUM.wav,16.22,0.0,30.0,beat_this
8-j9qu4Y4AwUM.wav,16.78,0.0,30.0,beat_this
8-j9qu4Y4AwUM.wav,17.34,0.0,30.0,beat_this
8-j9qu4Y4AwUM.wav,17.88,0.0,30.0,beat_this
8-j9qu4Y4AwUM.wav,18.42,0.0,30.0,beat_this
8-j9qu4Y4AwUM.wav,19.0,0.0,30.0,beat_this
8-j9qu4Y4AwUM.wav,19.54,0.0,30.0,beat_this
8-j9qu4Y4AwUM.wav,20.1,0.0,30.0,beat_this
8-j9qu4Y4AwUM.wav,20.64,0.0,30.0,beat_this
8-j9qu4Y4AwUM.wav,21.22,0.0,30.0,beat_this
8-j9qu4Y4AwUM.wav,21.78,0.0,30.0,beat_this
8-j9qu4Y4AwUM.wav,22.32,0.0,30.0,beat_this
8-j9qu4Y4AwUM.wav,22.86,0.0,30.0,beat_this
8-j9qu4Y4AwUM.wav,23.44,0.0,30.0,beat_this
8-j9qu4Y4AwUM.wav,24.0,0.0,30.0,beat_this
8-j9qu4Y4AwUM.wav,24.54,0.0,30.0,beat_this
8-j9qu4Y4AwUM.wav,25.1,0.0,30.0,beat_this
8-j9qu4Y4AwUM.wav,25.66,0.0,30.0,beat_this
8-j9qu4Y4AwUM.wav,26.22,0.0,30.0,beat_this
8-j9qu4Y4AwUM.wav,26.76,0.0,30.0,beat_this
8-j9qu4Y4AwUM.wav,27.32,0.0,30.0,beat_this
8-j9qu4Y4AwUM.wav,27.88,0.0,30.0,beat_this
8-j9qu4Y4AwUM.wav,28.42,0.0,30.0,beat_this
8-j9qu4Y4AwUM.wav,28.98,0.0,30.0,beat_this
8-j9qu4Y4AwUM.wav,29.52,0.0,30.0,beat_this
9-L4mxIf1QQRM.wav,0.22,0.0,30.0,beat_this
9-L4mxIf1QQRM.wav,1.12,0.0,30.0,beat_this
9-L4mxIf1QQRM.wav,2.02,0.0,30.0,beat_this
9-L4mxIf1QQRM.wav,2.9,0.0,30.0,beat_this
9-L4mxIf1QQRM.wav,3.78,0.0,30.0,beat_this
9-L4mxIf1QQRM.wav,4.68,0.0,30.0,beat_this
9-L4mxIf1QQRM.wav,5.56,0.0,30.0,beat_this
9-L4mxIf1QQRM.wav,6.46,0.0,30.0,beat_this
9-L4mxIf1QQRM.wav,7.34,0.0,30.0,beat_this
9-L4mxIf1QQRM.wav,8.24,0.0,30.0,beat_this
9-L4mxIf1QQRM.wav,9.14,0.0,30.0,beat_this
9-L4mxIf1QQRM.wav,10.02,0.0,30.0,beat_this
9-L4mxIf1QQRM.wav,10.92,0.0,30.0,beat_this
9-L4mxIf1QQRM.wav,11.8,0.0,30.0,beat_this
9-L4mxIf1QQRM.wav,12.68,0.0,30.0,beat_this
9-L4mxIf1QQRM.wav,13.58,0.0,30.0,beat_this
9-L4mxIf1QQRM.wav,14.46,0.0,30.0,beat_this
9-L4mxIf1QQRM.wav,15.36,0.0,30.0,beat_this
9-L4mxIf1QQRM.wav,16.24,0.0,30.0,beat_this
9-L4mxIf1QQRM.wav,17.14,0.0,30.0,beat_this
9-L4mxIf1QQRM.wav,18.02,0.0,30.0,beat_this
9-L4mxIf1QQRM.wav,18.9,0.0,30.0,beat_this
9-L4mxIf1QQRM.wav,19.8,0.0,30.0,beat_this
9-L4mxIf1QQRM.wav,20.68,0.0,30.0,beat_this
9-L4mxIf1QQRM.wav,21.58,0.0,30.0,beat_this
9-L4mxIf1QQRM.wav,22.46,0.0,30.0,beat_this
9-L4mxIf1QQRM.wav,23.36,0.0,30.0,beat_this
9-L4mxIf1QQRM.wav,24.24,0.0,30.0,beat_this
9-L4mxIf1QQRM.wav,25.12,0.0,30.0,beat_this
9-L4mxIf1QQRM.wav,26.02,0.0,30.0,beat_this
9-L4mxIf1QQRM.wav,26.9,0.0,30.0,beat_this
9-L4mxIf1QQRM.wav,27.78,0.0,30.0,beat_this
9-L4mxIf1QQRM.wav,28.68,0.0,30.0,beat_this
9-L4mxIf1QQRM.wav,29.56,0.0,30.0,beat_this
Albums-AnaBelen_Veneo-13.wav,0.26,0.0,30.0,beat_this
Albums-AnaBelen_Veneo-13.wav,0.72,0.0,30.0,beat_this
Albums-AnaBelen_Veneo-13.wav,1.16,0.0,30.0,beat_this
Albums-AnaBelen_Veneo-13.wav,1.62,0.0,30.0,beat_this
Albums-AnaBelen_Veneo-13.wav,2.06,0.0,30.0,beat_this
Albums-AnaBelen_Veneo-13.wav,2.52,0.0,30.0,beat_this
Albums-AnaBelen_Veneo-13.wav,2.98,0.0,30.0,beat_this
Albums-AnaBelen_Veneo-13.wav,3.42,0.0,30.0,beat_this
Albums-AnaBelen_Veneo-13.wav,3.88,0.0,30.0,beat_this
Albums-AnaBelen_Veneo-13.wav,4.32,0.0,30.0,beat_this
Albums-AnaBelen_Veneo-13.wav,4.78,0.0,30.0,beat_this
Albums-AnaBelen_Veneo-13.wav,5.24,0.0,30.0,beat_this
Albums-AnaBelen_Veneo-13.wav,5.68,0.0,30.0,beat_this
Albums-AnaBelen_Veneo-13.wav,6.14,0.0,30.0,beat_this
Albums-AnaBelen_Veneo-13.wav,6.6,0.0,30.0,beat_this
Albums-AnaBelen_Veneo-13.wav,7.04,0.0,30.0,beat_this
Albums-AnaBelen_Veneo-13.wav,7.5,0.0,30.0,beat_this
Albums-AnaBelen_Veneo-13.wav,7.94,0.0,30.0,beat_this
Albums-AnaBelen_Veneo-13.wav,8.4,0.0,30.0,beat_this
Albums-AnaBelen_Veneo-13.wav,8.86,0.0,30.0,beat_this
Albums-AnaBelen_Veneo-13.wav,9.3,0.0,30.0,beat_this
Albums-AnaBelen_Veneo-13.wav,9.74,0.0,30.0,beat_this
Albums-AnaBelen_Veneo-13.wav,10.2,0.0,30.0,beat_this
Albums-AnaBelen_Veneo-13.wav,10.66,0.0,30.0,beat_this
Albums-AnaBelen_Veneo-13.wav,11.12,0.0,30.0,beat_this
Albums-AnaBelen_Veneo-13.wav,11.56,0.0,30.0,beat_this
Albums-AnaBelen_Veneo-13.wav,12.02,0.0,30.0,beat_this
Albums-AnaBelen_Veneo-13.wav,12.46,0.0,30.0,beat_this
Albums-AnaBelen_Veneo-13.wav,12.92,0.0,30.0,beat_this
Albums-AnaBelen_Veneo-13.wav,13.38,0.0,30.0,beat_this
Albums-AnaBelen_Veneo-13.wav,13.82,0.0,30.0,beat_this
Albums-AnaBelen_Veneo-13.wav,14.28,0.0,30.0,beat_this
Albums-AnaBelen_Veneo-13.wav,14.74,0.0,30.0,beat_this
Albums-AnaBelen_Veneo-13.wav,15.18,0.0,30.0,beat_this
Albums-AnaBelen_Veneo-13.wav,15.64,0.0,30.0,beat_this
Albums-AnaBelen_Veneo-13.wav,16.1,0.0,30.0,beat_this
Albums-AnaBelen_Veneo-13.wav,16.54,0.0,30.0,beat_this
Albums-AnaBelen_Veneo-13.wav,17.0,0.0,30.0,beat_this
Albums-AnaBelen_Veneo-13.wav,17.44,0.0,30.0,beat_this
Albums-AnaBelen_Veneo-13.wav,17.9,0.0,30.0,beat_this
Albums-AnaBelen_Veneo-13.wav,18.36,0.0,30.0,beat_this
Albums-AnaBelen_Veneo-13.wav,18.8,0.0,30.0,beat_this
Albums-AnaBelen_Veneo-13.wav,19.26,0.0,30.0,beat_this
Albums-AnaBelen_Veneo-13.wav,19.7,0.0,30.0,beat_this
Albums-AnaBelen_Veneo-13.wav,20.16,0.0,30.0,beat_this
Albums-AnaBelen_Veneo-13.wav,20.6,0.0,30.0,beat_this
Albums-AnaBelen_Veneo-13.wav,21.08,0.0,30.0,beat_this
Albums-AnaBelen_Veneo-13.wav,21.5,0.0,30.0,beat_this
Albums-AnaBelen_Veneo-13.wav,21.96,0.0,30.0,beat_this
Albums-AnaBelen_Veneo-13.wav,22.42,0.0,30.0,beat_this
Albums-AnaBelen_Veneo-13.wav,22.86,0.0,30.0,beat_this
Albums-AnaBelen_Veneo-13.wav,23.32,0.0,30.0,beat_this
Albums-AnaBelen_Veneo-13.wav,23.78,0.0,30.0,beat_this
Albums-AnaBelen_Veneo-13.wav,24.22,0.0,30.0,beat_this
Albums-AnaBelen_Veneo-13.wav,24.68,0.0,30.0,beat_this
Albums-AnaBelen_Veneo-13.wav,25.14,0.0,30.0,beat_this
Albums-AnaBelen_Veneo-13.wav,25.58,0.0,30.0,beat_this
Albums-AnaBelen_Veneo-13.wav,26.04,0.0,30.0,beat_this
Albums-AnaBelen_Veneo-13.wav,26.48,0.0,30.0,beat_this
Albums-AnaBelen_Veneo-13.wav,26.94,0.0,30.0,beat_this
Albums-AnaBelen_Veneo-13.wav,27.38,0.0,30.0,beat_this
Albums-AnaBelen_Veneo-13.wav,27.84,0.0,30.0,beat_this
Albums-AnaBelen_Veneo-13.wav,28.3,0.0,30.0,beat_this
Albums-AnaBelen_Veneo-13.wav,28.74,0.0,30.0,beat_this
Albums-AnaBelen_Veneo-13.wav,29.2,0.0,30.0,beat_this
Albums-AnaBelen_Veneo-13.wav,29.66,0.0,30.0,beat_this
Albums-Ballroom_Classics4-01.wav,0.0,0.0,30.0,beat_this
Albums-Ballroom_Classics4-01.wav,0.7,0.0,30.0,beat_this
Albums-Ballroom_Classics4-01.wav,1.38,0.0,30.0,beat_this
Albums-Ballroom_Classics4-01.wav,2.1,0.0,30.0,beat_this
Albums-Ballroom_Classics4-01.wav,2.78,0.0,30.0,beat_this
Albums-Ballroom_Classics4-01.wav,3.48,0.0,30.0,beat_this
Albums-Ballroom_Classics4-01.wav,4.2,0.0,30.0,beat_this
Albums-Ballroom_Classics4-01.wav,4.88,0.0,30.0,beat_this
Albums-Ballroom_Classics4-01.wav,5.58,0.0,30.0,beat_this
Albums-Ballroom_Classics4-01.wav,6.28,0.0,30.0,beat_this
Albums-Ballroom_Classics4-01.wav,6.96,0.0,30.0,beat_this
Albums-Ballroom_Classics4-01.wav,7.66,0.0,30.0,beat_this
Albums-Ballroom_Classics4-01.wav,8.36,0.0,30.0,beat_this
Albums-Ballroom_Classics4-01.wav,9.06,0.0,30.0,beat_this
Albums-Ballroom_Classics4-01.wav,9.72,0.0,30.0,beat_this
Albums-Ballroom_Classics4-01.wav,10.4,0.0,30.0,beat_this
Albums-Ballroom_Classics4-01.wav,11.08,0.0,30.0,beat_this
Albums-Ballroom_Classics4-01.wav,11.78,0.0,30.0,beat_this
Albums-Ballroom_Classics4-01.wav,12.48,0.0,30.0,beat_this
Albums-Ballroom_Classics4-01.wav,13.18,0.0,30.0,beat_this
Albums-Ballroom_Classics4-01.wav,13.86,0.0,30.0,beat_this
Albums-Ballroom_Classics4-01.wav,14.54,0.0,30.0,beat_this
Albums-Ballroom_Classics4-01.wav,15.24,0.0,30.0,beat_this
Albums-Ballroom_Classics4-01.wav,15.94,0.0,30.0,beat_this
Albums-Ballroom_Classics4-01.wav,16.62,0.0,30.0,beat_this
Albums-Ballroom_Classics4-01.wav,17.32,0.0,30.0,beat_this
Albums-Ballroom_Classics4-01.wav,18.02,0.0,30.0,beat_this
Albums-Ballroom_Classics4-01.wav,18.7,0.0,30.0,beat_this
Albums-Ballroom_Classics4-01.wav,19.38,0.0,30.0,beat_this
Albums-Ballroom_Classics4-01.wav,20.08,0.0,30.0,beat_this
Albums-Ballroom_Classics4-01.wav,20.78,0.0,30.0,beat_this
Albums-Ballroom_Classics4-01.wav,21.46,0.0,30.0,beat_this
Albums-Ballroom_Classics4-01.wav,22.16,0.0,30.0,beat_this
Albums-Ballroom_Classics4-01.wav,22.86,0.0,30.0,beat_this
Albums-Ballroom_Classics4-01.wav,23.54,0.0,30.0,beat_this
Albums-Ballroom_Classics4-01.wav,24.24,0.0,30.0,beat_this
Albums-Ballroom_Classics4-01.wav,24.9,0.0,30.0,beat_this
Albums-Ballroom_Classics4-01.wav,25.56,0.0,30.0,beat_this
Albums-Ballroom_Classics4-01.wav,26.24,0.0,30.0,beat_this
Albums-Ballroom_Classics4-01.wav,26.94,0.0,30.0,beat_this
Albums-Ballroom_Classics4-01.wav,27.62,0.0,30.0,beat_this
Albums-Ballroom_Classics4-01.wav,28.32,0.0,30.0,beat_this
Albums-Ballroom_Classics4-01.wav,29.0,0.0,30.0,beat_this
Albums-Ballroom_Classics4-01.wav,29.7,0.0,30.0,beat_this
Albums-Cafe_Paradiso-09.wav,0.2,0.0,30.0,beat_this
Albums-Cafe_Paradiso-09.wav,0.9,0.0,30.0,beat_this
Albums-Cafe_Paradiso-09.wav,1.64,0.0,30.0,beat_this
Albums-Cafe_Paradiso-09.wav,2.34,0.0,30.0,beat_this
Albums-Cafe_Paradiso-09.wav,3.06,0.0,30.0,beat_this
Albums-Cafe_Paradiso-09.wav,3.78,0.0,30.0,beat_this
Albums-Cafe_Paradiso-09.wav,4.5,0.0,30.0,beat_this
Albums-Cafe_Paradiso-09.wav,5.22,0.0,30.0,beat_this
Albums-Cafe_Paradiso-09.wav,5.92,0.0,30.0,beat_this
Albums-Cafe_Paradiso-09.wav,6.64,0.0,30.0,beat_this
Albums-Cafe_Paradiso-09.wav,7.36,0.0,30.0,beat_this
Albums-Cafe_Paradiso-09.wav,8.08,0.0,30.0,beat_this
Albums-Cafe_Paradiso-09.wav,8.8,0.0,30.0,beat_this
Albums-Cafe_Paradiso-09.wav,9.5,0.0,30.0,beat_this
Albums-Cafe_Paradiso-09.wav,10.24,0.0,30.0,beat_this
Albums-Cafe_Paradiso-09.wav,10.96,0.0,30.0,beat_this
Albums-Cafe_Paradiso-09.wav,11.66,0.0,30.0,beat_this
Albums-Cafe_Paradiso-09.wav,12.38,0.0,30.0,beat_this
Albums-Cafe_Paradiso-09.wav,13.1,0.0,30.0,beat_this
Albums-Cafe_Paradiso-09.wav,13.82,0.0,30.0,beat_this
Albums-Cafe_Paradiso-09.wav,14.52,0.0,30.0,beat_this
Albums-Cafe_Paradiso-09.wav,15.24,0.0,30.0,beat_this
Albums-Cafe_Paradiso-09.wav,15.96,0.0,30.0,beat_this
Albums-Cafe_Paradiso-09.wav,16.66,0.0,30.0,beat_this
Albums-Cafe_Paradiso-09.wav,17.38,0.0,30.0,beat_this
Albums-Cafe_Paradiso-09.wav,18.08,0.0,30.0,beat_this
Albums-Cafe_Paradiso-09.wav,18.82,0.0,30.0,beat_this
Albums-Cafe_Paradiso-09.wav,19.52,0.0,30.0,beat_this
Albums-Cafe_Paradiso-09.wav,20.26,0.0,30.0,beat_this
Albums-Cafe_Paradiso-09.wav,20.96,0.0,30.0,beat_this
Albums-Cafe_Paradiso-09.wav,21.68,0.0,30.0,beat_this
Albums-Cafe_Paradiso-09.wav,22.36,0.0,30.0,beat_this
Albums-Cafe_Paradiso-09.wav,23.08,0.0,30.0,beat_this
Albums-Cafe_Paradiso-09.wav,23.78,0.0,30.0,beat_this
Albums-Cafe_Paradiso-09.wav,24.5,0.0,30.0,beat_this
Albums-Cafe_Paradiso-09.wav,25.22,0.0,30.0,beat_this
Albums-Cafe_Paradiso-09.wav,25.94,0.0,30.0,beat_this
Albums-Cafe_Paradiso-09.wav,26.66,0.0,30.0,beat_this
Albums-Cafe_Paradiso-09.wav,27.38,0.0,30.0,beat_this
Albums-Cafe_Paradiso-09.wav,28.08,0.0,30.0,beat_this
Albums-Cafe_Paradiso-09.wav,28.8,0.0,30.0,beat_this
Albums-Cafe_Paradiso-09.wav,29.5,0.0,30.0,beat_this
Albums-Chrisanne2-12.wav,0.2,0.0,30.0,beat_this
Albums-Chrisanne2-12.wav,0.5,0.0,30.0,beat_this
Albums-Chrisanne2-12.wav,0.78,0.0,30.0,beat_this
Albums-Chrisanne2-12.wav,1.08,0.0,30.0,beat_this
Albums-Chrisanne2-12.wav,1.36,0.0,30.0,beat_this
Albums-Chrisanne2-12.wav,1.64,0.0,30.0,beat_this
Albums-Chrisanne2-12.wav,1.94,0.0,30.0,beat_this
Albums-Chrisanne2-12.wav,2.22,0.0,30.0,beat_this
Albums-Chrisanne2-12.wav,2.52,0.0,30.0,beat_this
Albums-Chrisanne2-12.wav,2.8,0.0,30.0,beat_this
Albums-Chrisanne2-12.wav,3.08,0.0,30.0,beat_this
Albums-Chrisanne2-12.wav,3.36,0.0,30.0,beat_this
Albums-Chrisanne2-12.wav,3.64,0.0,30.0,beat_this
Albums-Chrisanne2-12.wav,3.92,0.0,30.0,beat_this
Albums-Chrisanne2-12.wav,4.2,0.0,30.0,beat_this
Albums-Chrisanne2-12.wav,4.5,0.0,30.0,beat_this
Albums-Chrisanne2-12.wav,4.78,0.0,30.0,beat_this
Albums-Chrisanne2-12.wav,5.08,0.0,30.0,beat_this
Albums-Chrisanne2-12.wav,5.38,0.0,30.0,beat_this
Albums-Chrisanne2-12.wav,5.68,0.0,30.0,beat_this
Albums-Chrisanne2-12.wav,5.96,0.0,30.0,beat_this
Albums-Chrisanne2-12.wav,6.26,0.0,30.0,beat_this
Albums-Chrisanne2-12.wav,6.56,0.0,30.0,beat_this
Albums-Chrisanne2-12.wav,6.84,0.0,30.0,beat_this
Albums-Chrisanne2-12.wav,7.14,0.0,30.0,beat_this
Albums-Chrisanne2-12.wav,7.44,0.0,30.0,beat_this
Albums-Chrisanne2-12.wav,7.74,0.0,30.0,beat_this
Albums-Chrisanne2-12.wav,8.04,0.0,30.0,beat_this
Albums-Chrisanne2-12.wav,8.32,0.0,30.0,beat_this
Albums-Chrisanne2-12.wav,8.62,0.0,30.0,beat_this
Albums-Chrisanne2-12.wav,8.92,0.0,30.0,beat_this
Albums-Chrisanne2-12.wav,9.2,0.0,30.0,beat_this
Albums-Chrisanne2-12.wav,9.5,0.0,30.0,beat_this
Albums-Chrisanne2-12.wav,9.78,0.0,30.0,beat_this
Albums-Chrisanne2-12.wav,10.08,0.0,30.0,beat_this
Albums-Chrisanne2-12.wav,10.38,0.0,30.0,beat_this
Albums-Chrisanne2-12.wav,10.68,0.0,30.0,beat_this
Albums-Chrisanne2-12.wav,10.98,0.0,30.0,beat_this
Albums-Chrisanne2-12.wav,11.28,0.0,30.0,beat_this
Albums-Chrisanne2-12.wav,11.56,0.0,30.0,beat_this
Albums-Chrisanne2-12.wav,11.88,0.0,30.0,beat_this
Albums-Chrisanne2-12.wav,12.16,0.0,30.0,beat_this
Albums-Chrisanne2-12.wav,12.48,0.0,30.0,beat_this
Albums-Chrisanne2-12.wav,12.76,0.0,30.0,beat_this
Albums-Chrisanne2-12.wav,13.06,0.0,30.0,beat_this
Albums-Chrisanne2-12.wav,13.34,0.0,30.0,beat_this
Albums-Chrisanne2-12.wav,13.66,0.0,30.0,beat_this
Albums-Chrisanne2-12.wav,13.92,0.0,30.0,beat_this
Albums-Chrisanne2-12.wav,14.22,0.0,30.0,beat_this
Albums-Chrisanne2-12.wav,14.52,0.0,30.0,beat_this
Albums-Chrisanne2-12.wav,14.82,0.0,30.0,beat_this
Albums-Chrisanne2-12.wav,15.12,0.0,30.0,beat_this
Albums-Chrisanne2-12.wav,15.42,0.0,30.0,beat_this
Albums-Chrisanne2-12.wav,15.7,0.0,30.0,beat_this
Albums-Chrisanne2-12.wav,16.0,0.0,30.0,beat_this
Albums-Chrisanne2-12.wav,16.28,0.0,30.0,beat_this
Albums-Chrisanne2-12.wav,16.58,0.0,30.0,beat_this
Albums-Chrisanne2-12.wav,16.88,0.0,30.0,beat_this
Albums-Chrisanne2-12.wav,17.16,0.0,30.0,beat_this
Albums-Chrisanne2-12.wav,17.46,0.0,30.0,beat_this
Albums-Chrisanne2-12.wav,17.76,0.0,30.0,beat_this
Albums-Chrisanne2-12.wav,18.04,0.0,30.0,beat_this
Albums-Chrisanne2-12.wav,18.34,0.0,30.0,beat_this
Albums-Chrisanne2-12.wav,18.62,0.0,30.0,beat_this
Albums-Chrisanne2-12.wav,18.94,0.0,30.0,beat_this
Albums-Chrisanne2-12.wav,19.22,0.0,30.0,beat_this
Albums-Chrisanne2-12.wav,19.52,0.0,30.0,beat_this
Albums-Chrisanne2-12.wav,19.8,0.0,30.0,beat_this
Albums-Chrisanne2-12.wav,20.1,0.0,30.0,beat_this
Albums-Chrisanne2-12.wav,20.4,0.0,30.0,beat_this
Albums-Chrisanne2-12.wav,20.7,0.0,30.0,beat_this
Albums-Chrisanne2-12.wav,20.98,0.0,30.0,beat_this
Albums-Chrisanne2-12.wav,21.3,0.0,30.0,beat_this
Albums-Chrisanne2-12.wav,21.56,0.0,30.0,beat_this
Albums-Chrisanne2-12.wav,21.88,0.0,30.0,beat_this
Albums-Chrisanne2-12.wav,22.16,0.0,30.0,beat_this
Albums-Chrisanne2-12.wav,22.46,0.0,30.0,beat_this
Albums-Chrisanne2-12.wav,22.76,0.0,30.0,beat_this
Albums-Chrisanne2-12.wav,23.06,0.0,30.0,beat_this
Albums-Chrisanne2-12.wav,23.34,0.0,30.0,beat_this
Albums-Chrisanne2-12.wav,23.64,0.0,30.0,beat_this
Albums-Chrisanne2-12.wav,23.94,0.0,30.0,beat_this
Albums-Chrisanne2-12.wav,24.22,0.0,30.0,beat_this
Albums-Chrisanne2-12.wav,24.52,0.0,30.0,beat_this
Albums-Chrisanne2-12.wav,24.82,0.0,30.0,beat_this
Albums-Chrisanne2-12.wav,25.12,0.0,30.0,beat_this
Albums-Chrisanne2-12.wav,25.42,0.0,30.0,beat_this
Albums-Chrisanne2-12.wav,25.7,0.0,30.0,beat_this
Albums-Chrisanne2-12.wav,26.02,0.0,30.0,beat_this
Albums-Chrisanne2-12.wav,26.3,0.0,30.0,beat_this
Albums-Chrisanne2-12.wav,26.6,0.0,30.0,beat_this
Albums-Chrisanne2-12.wav,26.88,0.0,30.0,beat_this
Albums-Chrisanne2-12.wav,27.18,0.0,30.0,beat_this
Albums-Chrisanne2-12.wav,27.48,0.0,30.0,beat_this
Albums-Chrisanne2-12.wav,27.78,0.0,30.0,beat_this
Albums-Chrisanne2-12.wav,28.06,0.0,30.0,beat_this
Albums-Chrisanne2-12.wav,28.36,0.0,30.0,beat_this
Albums-Chrisanne2-12.wav,28.66,0.0,30.0,beat_this
Albums-Chrisanne2-12.wav,28.96,0.0,30.0,beat_this
Albums-Chrisanne2-12.wav,29.26,0.0,30.0,beat_this
Albums-Chrisanne2-12.wav,29.56,0.0,30.0,beat_this
Albums-Chrisanne2-12.wav,29.86,0.0,30.0,beat_this
Albums-Chrisanne3-09.wav,0.1,0.0,30.0,beat_this
Albums-Chrisanne3-09.wav,0.44,0.0,30.0,beat_this
Albums-Chrisanne3-09.wav,0.76,0.0,30.0,beat_this
Albums-Chrisanne3-09.wav,1.1,0.0,30.0,beat_this
Albums-Chrisanne3-09.wav,1.44,0.0,30.0,beat_this
Albums-Chrisanne3-09.wav,1.76,0.0,30.0,beat_this
Albums-Chrisanne3-09.wav,2.1,0.0,30.0,beat_this
Albums-Chrisanne3-09.wav,2.42,0.0,30.0,beat_this
Albums-Chrisanne3-09.wav,2.76,0.0,30.0,beat_this
Albums-Chrisanne3-09.wav,3.1,0.0,30.0,beat_this
Albums-Chrisanne3-09.wav,3.44,0.0,30.0,beat_this
Albums-Chrisanne3-09.wav,3.76,0.0,30.0,beat_this
Albums-Chrisanne3-09.wav,4.12,0.0,30.0,beat_this
Albums-Chrisanne3-09.wav,4.44,0.0,30.0,beat_this
Albums-Chrisanne3-09.wav,4.8,0.0,30.0,beat_this
Albums-Chrisanne3-09.wav,5.12,0.0,30.0,beat_this
Albums-Chrisanne3-09.wav,5.46,0.0,30.0,beat_this
Albums-Chrisanne3-09.wav,5.78,0.0,30.0,beat_this
Albums-Chrisanne3-09.wav,6.12,0.0,30.0,beat_this
Albums-Chrisanne3-09.wav,6.46,0.0,30.0,beat_this
Albums-Chrisanne3-09.wav,6.8,0.0,30.0,beat_this
Albums-Chrisanne3-09.wav,7.14,0.0,30.0,beat_this
Albums-Chrisanne3-09.wav,7.48,0.0,30.0,beat_this
Albums-Chrisanne3-09.wav,7.82,0.0,30.0,beat_this
Albums-Chrisanne3-09.wav,8.16,0.0,30.0,beat_this
Albums-Chrisanne3-09.wav,8.5,0.0,30.0,beat_this
Albums-Chrisanne3-09.wav,8.82,0.0,30.0,beat_this
Albums-Chrisanne3-09.wav,9.16,0.0,30.0,beat_this
Albums-Chrisanne3-09.wav,9.5,0.0,30.0,beat_this
Albums-Chrisanne3-09.wav,9.84,0.0,30.0,beat_this
Albums-Chrisanne3-09.wav,10.16,0.0,30.0,beat_this
Albums-Chrisanne3-09.wav,10.52,0.0,30.0,beat_this
Albums-Chrisanne3-09.wav,10.86,0.0,30.0,beat_this
Albums-Chrisanne3-09.wav,11.2,0.0,30.0,beat_this
Albums-Chrisanne3-09.wav,11.54,0.0,30.0,beat_this
Albums-Chrisanne3-09.wav,11.86,0.0,30.0,beat_this
Albums-Chrisanne3-09.wav,12.22,0.0,30.0,beat_this
Albums-Chrisanne3-09.wav,12.56,0.0,30.0,beat_this
Albums-Chrisanne3-09.wav,12.9,0.0,30.0,beat_this
Albums-Chrisanne3-09.wav,13.22,0.0,30.0,beat_this
Albums-Chrisanne3-09.wav,13.58,0.0,30.0,beat_this
Albums-Chrisanne3-09.wav,13.9,0.0,30.0,beat_this
Albums-Chrisanne3-09.wav,14.24,0.0,30.0,beat_this
Albums-Chrisanne3-09.wav,14.58,0.0,30.0,beat_this
Albums-Chrisanne3-09.wav,14.9,0.0,30.0,beat_this
Albums-Chrisanne3-09.wav,15.24,0.0,30.0,beat_this
Albums-Chrisanne3-09.wav,15.58,0.0,30.0,beat_this
Albums-Chrisanne3-09.wav,15.9,0.0,30.0,beat_this
Albums-Chrisanne3-09.wav,16.24,0.0,30.0,beat_this
Albums-Chrisanne3-09.wav,16.58,0.0,30.0,beat_this
Albums-Chrisanne3-09.wav,16.9,0.0,30.0,beat_this
Albums-Chrisanne3-09.wav,17.24,0.0,30.0,beat_this
Albums-Chrisanne3-09.wav,17.58,0.0,30.0,beat_this
Albums-Chrisanne3-09.wav,17.9,0.0,30.0,beat_this
Albums-Chrisanne3-09.wav,18.24,0.0,30.0,beat_this
Albums-Chrisanne3-09.wav,18.58,0.0,30.0,beat_this
Albums-Chrisanne3-09.wav,18.9,0.0,30.0,beat_this
Albums-Chrisanne3-09.wav,19.24,0.0,30.0,beat_this
Albums-Chrisanne3-09.wav,19.58,0.0,30.0,beat_this
Albums-Chrisanne3-09.wav,19.9,0.0,30.0,beat_this
Albums-Chrisanne3-09.wav,20.24,0.0,30.0,beat_this
Albums-Chrisanne3-09.wav,20.58,0.0,30.0,beat_this
Albums-Chrisanne3-09.wav,20.92,0.0,30.0,beat_this
Albums-Chrisanne3-09.wav,21.26,0.0,30.0,beat_this
Albums-Chrisanne3-09.wav,21.6,0.0,30.0,beat_this
Albums-Chrisanne3-09.wav,21.92,0.0,30.0,beat_this
Albums-Chrisanne3-09.wav,22.26,0.0,30.0,beat_this
Albums-Chrisanne3-09.wav,22.6,0.0,30.0,beat_this
Albums-Chrisanne3-09.wav,22.92,0.0,30.0,beat_this
Albums-Chrisanne3-09.wav,23.28,0.0,30.0,beat_this
Albums-Chrisanne3-09.wav,23.62,0.0,30.0,beat_this
Albums-Chrisanne3-09.wav,23.96,0.0,30.0,beat_this
Albums-Chrisanne3-09.wav,24.32,0.0,30.0,beat_this
Albums-Chrisanne3-09.wav,24.66,0.0,30.0,beat_this
Albums-Chrisanne3-09.wav,25.0,0.0,30.0,beat_this
Albums-Chrisanne3-09.wav,25.32,0.0,30.0,beat_this
Albums-Chrisanne3-09.wav,25.68,0.0,30.0,beat_this
Albums-Chrisanne3-09.wav,26.0,0.0,30.0,beat_this
Albums-Chrisanne3-09.wav,26.34,0.0,30.0,beat_this
Albums-Chrisanne3-09.wav,26.66,0.0,30.0,beat_this
Albums-Chrisanne3-09.wav,27.0,0.0,30.0,beat_this
Albums-Chrisanne3-09.wav,27.32,0.0,30.0,beat_this
Albums-Chrisanne3-09.wav,27.66,0.0,30.0,beat_this
Albums-Chrisanne3-09.wav,27.98,0.0,30.0,beat_this
Albums-Chrisanne3-09.wav,28.32,0.0,30.0,beat_this
Albums-Chrisanne3-09.wav,28.66,0.0,30.0,beat_this
Albums-Chrisanne3-09.wav,28.98,0.0,30.0,beat_this
Albums-Chrisanne3-09.wav,29.34,0.0,30.0,beat_this
Albums-Chrisanne3-09.wav,29.66,0.0,30.0,beat_this
Albums-Chrisanne3-09.wav,29.98,0.0,30.0,beat_this
Albums-GloriaEstefan_MiTierra-04.wav,3.8,0.0,30.0,beat_this
Albums-GloriaEstefan_MiTierra-04.wav,4.82,0.0,30.0,beat_this
Albums-GloriaEstefan_MiTierra-04.wav,5.3,0.0,30.0,beat_this
Albums-GloriaEstefan_MiTierra-04.wav,5.82,0.0,30.0,beat_this
Albums-GloriaEstefan_MiTierra-04.wav,6.3,0.0,30.0,beat_this
Albums-GloriaEstefan_MiTierra-04.wav,6.82,0.0,30.0,beat_this
Albums-GloriaEstefan_MiTierra-04.wav,7.3,0.0,30.0,beat_this
Albums-GloriaEstefan_MiTierra-04.wav,7.82,0.0,30.0,beat_this
Albums-GloriaEstefan_MiTierra-04.wav,8.34,0.0,30.0,beat_this
Albums-GloriaEstefan_MiTierra-04.wav,8.84,0.0,30.0,beat_this
Albums-GloriaEstefan_MiTierra-04.wav,9.34,0.0,30.0,beat_this
Albums-GloriaEstefan_MiTierra-04.wav,9.82,0.0,30.0,beat_this
Albums-GloriaEstefan_MiTierra-04.wav,10.34,0.0,30.0,beat_this
Albums-GloriaEstefan_MiTierra-04.wav,10.82,0.0,30.0,beat_this
Albums-GloriaEstefan_MiTierra-04.wav,11.32,0.0,30.0,beat_this
Albums-GloriaEstefan_MiTierra-04.wav,11.84,0.0,30.0,beat_this
Albums-GloriaEstefan_MiTierra-04.wav,12.34,0.0,30.0,beat_this
Albums-GloriaEstefan_MiTierra-04.wav,12.84,0.0,30.0,beat_this
Albums-GloriaEstefan_MiTierra-04.wav,13.34,0.0,30.0,beat_this
Albums-GloriaEstefan_MiTierra-04.wav,13.84,0.0,30.0,beat_this
Albums-GloriaEstefan_MiTierra-04.wav,14.36,0.0,30.0,beat_this
Albums-GloriaEstefan_MiTierra-04.wav,14.86,0.0,30.0,beat_this
Albums-GloriaEstefan_MiTierra-04.wav,15.36,0.0,30.0,beat_this
Albums-GloriaEstefan_MiTierra-04.wav,15.86,0.0,30.0,beat_this
Albums-GloriaEstefan_MiTierra-04.wav,16.36,0.0,30.0,beat_this
Albums-GloriaEstefan_MiTierra-04.wav,16.88,0.0,30.0,beat_this
Albums-GloriaEstefan_MiTierra-04.wav,17.36,0.0,30.0,beat_this
Albums-GloriaEstefan_MiTierra-04.wav,17.86,0.0,30.0,beat_this
Albums-GloriaEstefan_MiTierra-04.wav,18.36,0.0,30.0,beat_this
Albums-GloriaEstefan_MiTierra-04.wav,18.86,0.0,30.0,beat_this
Albums-GloriaEstefan_MiTierra-04.wav,19.38,0.0,30.0,beat_this
Albums-GloriaEstefan_MiTierra-04.wav,19.88,0.0,30.0,beat_this
Albums-GloriaEstefan_MiTierra-04.wav,20.38,0.0,30.0,beat_this
Albums-GloriaEstefan_MiTierra-04.wav,20.88,0.0,30.0,beat_this
Albums-GloriaEstefan_MiTierra-04.wav,21.38,0.0,30.0,beat_this
Albums-GloriaEstefan_MiTierra-04.wav,21.88,0.0,30.0,beat_this
Albums-GloriaEstefan_MiTierra-04.wav,22.38,0.0,30.0,beat_this
Albums-GloriaEstefan_MiTierra-04.wav,22.88,0.0,30.0,beat_this
Albums-GloriaEstefan_MiTierra-04.wav,23.36,0.0,30.0,beat_this
Albums-GloriaEstefan_MiTierra-04.wav,23.88,0.0,30.0,beat_this
Albums-GloriaEstefan_MiTierra-04.wav,24.38,0.0,30.0,beat_this
Albums-GloriaEstefan_MiTierra-04.wav,24.88,0.0,30.0,beat_this
Albums-GloriaEstefan_MiTierra-04.wav,25.38,0.0,30.0,beat_this
Albums-GloriaEstefan_MiTierra-04.wav,25.88,0.0,30.0,beat_this
Albums-GloriaEstefan_MiTierra-04.wav,26.38,0.0,30.0,beat_this
Albums-GloriaEstefan_MiTierra-04.wav,26.88,0.0,30.0,beat_this
Albums-GloriaEstefan_MiTierra-04.wav,27.38,0.0,30.0,beat_this
Albums-GloriaEstefan_MiTierra-04.wav,27.88,0.0,30.0,beat_this
Albums-GloriaEstefan_MiTierra-04.wav,28.4,0.0,30.0,beat_this
Albums-GloriaEstefan_MiTierra-04.wav,28.9,0.0,30.0,beat_this
Albums-GloriaEstefan_MiTierra-04.wav,29.4,0.0,30.0,beat_this
Albums-GloriaEstefan_MiTierra-04.wav,29.9,0.0,30.0,beat_this
Albums-GloriaEstefan_MiTierra-06.wav,0.26,0.0,30.0,beat_this
Albums-GloriaEstefan_MiTierra-06.wav,0.72,0.0,30.0,beat_this
Albums-GloriaEstefan_MiTierra-06.wav,1.16,0.0,30.0,beat_this
Albums-GloriaEstefan_MiTierra-06.wav,1.62,0.0,30.0,beat_this
Albums-GloriaEstefan_MiTierra-06.wav,2.06,0.0,30.0,beat_this
Albums-GloriaEstefan_MiTierra-06.wav,2.52,0.0,30.0,beat_this
Albums-GloriaEstefan_MiTierra-06.wav,2.98,0.0,30.0,beat_this
Albums-GloriaEstefan_MiTierra-06.wav,3.44,0.0,30.0,beat_this
Albums-GloriaEstefan_MiTierra-06.wav,3.88,0.0,30.0,beat_this
Albums-GloriaEstefan_MiTierra-06.wav,4.34,0.0,30.0,beat_this
Albums-GloriaEstefan_MiTierra-06.wav,4.78,0.0,30.0,beat_this
Albums-GloriaEstefan_MiTierra-06.wav,5.24,0.0,30.0,beat_this
Albums-GloriaEstefan_MiTierra-06.wav,5.68,0.0,30.0,beat_this
Albums-GloriaEstefan_MiTierra-06.wav,6.14,0.0,30.0,beat_this
Albums-GloriaEstefan_MiTierra-06.wav,6.6,0.0,30.0,beat_this
Albums-GloriaEstefan_MiTierra-06.wav,7.04,0.0,30.0,beat_this
Albums-GloriaEstefan_MiTierra-06.wav,7.5,0.0,30.0,beat_this
Albums-GloriaEstefan_MiTierra-06.wav,7.94,0.0,30.0,beat_this
Albums-GloriaEstefan_MiTierra-06.wav,8.4,0.0,30.0,beat_this
Albums-GloriaEstefan_MiTierra-06.wav,8.86,0.0,30.0,beat_this
Albums-GloriaEstefan_MiTierra-06.wav,9.3,0.0,30.0,beat_this
Albums-GloriaEstefan_MiTierra-06.wav,9.76,0.0,30.0,beat_this
Albums-GloriaEstefan_MiTierra-06.wav,10.2,0.0,30.0,beat_this
Albums-GloriaEstefan_MiTierra-06.wav,10.66,0.0,30.0,beat_this
Albums-GloriaEstefan_MiTierra-06.wav,11.1,0.0,30.0,beat_this
Albums-GloriaEstefan_MiTierra-06.wav,11.56,0.0,30.0,beat_this
Albums-GloriaEstefan_MiTierra-06.wav,12.0,0.0,30.0,beat_this
Albums-GloriaEstefan_MiTierra-06.wav,12.46,0.0,30.0,beat_this
Albums-GloriaEstefan_MiTierra-06.wav,12.92,0.0,30.0,beat_this
Albums-GloriaEstefan_MiTierra-06.wav,13.38,0.0,30.0,beat_this
Albums-GloriaEstefan_MiTierra-06.wav,13.82,0.0,30.0,beat_this
Albums-GloriaEstefan_MiTierra-06.wav,14.28,0.0,30.0,beat_this
Albums-GloriaEstefan_MiTierra-06.wav,14.72,0.0,30.0,beat_this
Albums-GloriaEstefan_MiTierra-06.wav,15.18,0.0,30.0,beat_this
Albums-GloriaEstefan_MiTierra-06.wav,15.64,0.0,30.0,beat_this
Albums-GloriaEstefan_MiTierra-06.wav,16.1,0.0,30.0,beat_this
Albums-GloriaEstefan_MiTierra-06.wav,16.56,0.0,30.0,beat_this
Albums-GloriaEstefan_MiTierra-06.wav,16.98,0.0,30.0,beat_this
Albums-GloriaEstefan_MiTierra-06.wav,17.44,0.0,30.0,beat_this
Albums-GloriaEstefan_MiTierra-06.wav,17.88,0.0,30.0,beat_this
Albums-GloriaEstefan_MiTierra-06.wav,18.34,0.0,30.0,beat_this
Albums-GloriaEstefan_MiTierra-06.wav,18.8,0.0,30.0,beat_this
Albums-GloriaEstefan_MiTierra-06.wav,19.26,0.0,30.0,beat_this
Albums-GloriaEstefan_MiTierra-06.wav,19.7,0.0,30.0,beat_this
Albums-GloriaEstefan_MiTierra-06.wav,20.16,0.0,30.0,beat_this
Albums-GloriaEstefan_MiTierra-06.wav,20.62,0.0,30.0,beat_this
Albums-GloriaEstefan_MiTierra-06.wav,21.06,0.0,30.0,beat_this
Albums-GloriaEstefan_MiTierra-06.wav,21.5,0.0,30.0,beat_this
Albums-GloriaEstefan_MiTierra-06.wav,21.96,0.0,30.0,beat_this
Albums-GloriaEstefan_MiTierra-06.wav,22.4,0.0,30.0,beat_this
Albums-GloriaEstefan_MiTierra-06.wav,22.86,0.0,30.0,beat_this
Albums-GloriaEstefan_MiTierra-06.wav,23.32,0.0,30.0,beat_this
Albums-GloriaEstefan_MiTierra-06.wav,23.78,0.0,30.0,beat_this
Albums-GloriaEstefan_MiTierra-06.wav,24.22,0.0,30.0,beat_this
Albums-GloriaEstefan_MiTierra-06.wav,24.7,0.0,30.0,beat_this
Albums-GloriaEstefan_MiTierra-06.wav,25.14,0.0,30.0,beat_this
Albums-GloriaEstefan_MiTierra-06.wav,25.58,0.0,30.0,beat_this
Albums-GloriaEstefan_MiTierra-06.wav,26.02,0.0,30.0,beat_this
Albums-GloriaEstefan_MiTierra-06.wav,26.48,0.0,30.0,beat_this
Albums-GloriaEstefan_MiTierra-06.wav,26.92,0.0,30.0,beat_this
Albums-GloriaEstefan_MiTierra-06.wav,27.38,0.0,30.0,beat_this
Albums-GloriaEstefan_MiTierra-06.wav,27.84,0.0,30.0,beat_this
Albums-GloriaEstefan_MiTierra-06.wav,28.28,0.0,30.0,beat_this
Albums-GloriaEstefan_MiTierra-06.wav,28.74,0.0,30.0,beat_this
Albums-GloriaEstefan_MiTierra-06.wav,29.2,0.0,30.0,beat_this
Albums-GloriaEstefan_MiTierra-06.wav,29.64,0.0,30.0,beat_this
Albums-GloriaEstefan_MiTierra-11.wav,0.56,0.0,30.0,beat_this
Albums-GloriaEstefan_MiTierra-11.wav,1.26,0.0,30.0,beat_this
Albums-GloriaEstefan_MiTierra-11.wav,1.96,0.0,30.0,beat_this
Albums-GloriaEstefan_MiTierra-11.wav,2.66,0.0,30.0,beat_this
Albums-GloriaEstefan_MiTierra-11.wav,3.36,0.0,30.0,beat_this
Albums-GloriaEstefan_MiTierra-11.wav,4.04,0.0,30.0,beat_this
Albums-GloriaEstefan_MiTierra-11.wav,4.72,0.0,30.0,beat_this
Albums-GloriaEstefan_MiTierra-11.wav,5.4,0.0,30.0,beat_this
Albums-GloriaEstefan_MiTierra-11.wav,6.1,0.0,30.0,beat_this
Albums-GloriaEstefan_MiTierra-11.wav,6.78,0.0,30.0,beat_this
Albums-GloriaEstefan_MiTierra-11.wav,7.44,0.0,30.0,beat_this
Albums-GloriaEstefan_MiTierra-11.wav,8.12,0.0,30.0,beat_this
Albums-GloriaEstefan_MiTierra-11.wav,8.82,0.0,30.0,beat_this
Albums-GloriaEstefan_MiTierra-11.wav,9.5,0.0,30.0,beat_this
Albums-GloriaEstefan_MiTierra-11.wav,10.18,0.0,30.0,beat_this
Albums-GloriaEstefan_MiTierra-11.wav,10.86,0.0,30.0,beat_this
Albums-GloriaEstefan_MiTierra-11.wav,11.54,0.0,30.0,beat_this
Albums-GloriaEstefan_MiTierra-11.wav,12.22,0.0,30.0,beat_this
Albums-GloriaEstefan_MiTierra-11.wav,12.9,0.0,30.0,beat_this
Albums-GloriaEstefan_MiTierra-11.wav,13.58,0.0,30.0,beat_this
Albums-GloriaEstefan_MiTierra-11.wav,14.26,0.0,30.0,beat_this
Albums-GloriaEstefan_MiTierra-11.wav,14.96,0.0,30.0,beat_this
Albums-GloriaEstefan_MiTierra-11.wav,15.64,0.0,30.0,beat_this
Albums-GloriaEstefan_MiTierra-11.wav,16.32,0.0,30.0,beat_this
Albums-GloriaEstefan_MiTierra-11.wav,17.02,0.0,30.0,beat_this
Albums-GloriaEstefan_MiTierra-11.wav,17.7,0.0,30.0,beat_this
Albums-GloriaEstefan_MiTierra-11.wav,18.38,0.0,30.0,beat_this
Albums-GloriaEstefan_MiTierra-11.wav,19.06,0.0,30.0,beat_this
Albums-GloriaEstefan_MiTierra-11.wav,19.76,0.0,30.0,beat_this
Albums-GloriaEstefan_MiTierra-11.wav,20.46,0.0,30.0,beat_this
Albums-GloriaEstefan_MiTierra-11.wav,21.18,0.0,30.0,beat_this
Albums-GloriaEstefan_MiTierra-11.wav,21.88,0.0,30.0,beat_this
Albums-GloriaEstefan_MiTierra-11.wav,22.58,0.0,30.0,beat_this
Albums-GloriaEstefan_MiTierra-11.wav,23.28,0.0,30.0,beat_this
Albums-GloriaEstefan_MiTierra-11.wav,23.98,0.0,30.0,beat_this
Albums-GloriaEstefan_MiTierra-11.wav,24.68,0.0,30.0,beat_this
Albums-GloriaEstefan_MiTierra-11.wav,25.38,0.0,30.0,beat_this
Albums-GloriaEstefan_MiTierra-11.wav,26.08,0.0,30.0,beat_this
Albums-GloriaEstefan_MiTierra-11.wav,26.78,0.0,30.0,beat_this
Albums-GloriaEstefan_MiTierra-11.wav,27.5,0.0,30.0,beat_this
Albums-GloriaEstefan_MiTierra-11.wav,28.2,0.0,30.0,beat_this
Albums-GloriaEstefan_MiTierra-11.wav,28.9,0.0,30.0,beat_this
Albums-GloriaEstefan_MiTierra-11.wav,29.6,0.0,30.0,beat_this
Albums-Latin_Jam-04.wav,0.06,0.0,30.0,beat_this
Albums-Latin_Jam-04.wav,0.52,0.0,30.0,beat_this
Albums-Latin_Jam-04.wav,1.0,0.0,30.0,beat_this
Albums-Latin_Jam-04.wav,1.46,0.0,30.0,beat_this
Albums-Latin_Jam-04.wav,1.92,0.0,30.0,beat_this
Albums-Latin_Jam-04.wav,2.4,0.0,30.0,beat_this
Albums-Latin_Jam-04.wav,2.86,0.0,30.0,beat_this
Albums-Latin_Jam-04.wav,3.34,0.0,30.0,beat_this
Albums-Latin_Jam-04.wav,3.82,0.0,30.0,beat_this
Albums-Latin_Jam-04.wav,4.28,0.0,30.0,beat_this
Albums-Latin_Jam-04.wav,4.74,0.0,30.0,beat_this
Albums-Latin_Jam-04.wav,5.22,0.0,30.0,beat_this
Albums-Latin_Jam-04.wav,5.68,0.0,30.0,beat_this
Albums-Latin_Jam-04.wav,6.16,0.0,30.0,beat_this
Albums-Latin_Jam-04.wav,6.62,0.0,30.0,beat_this
Albums-Latin_Jam-04.wav,7.1,0.0,30.0,beat_this
Albums-Latin_Jam-04.wav,7.56,0.0,30.0,beat_this
Albums-Latin_Jam-04.wav,8.04,0.0,30.0,beat_this
Albums-Latin_Jam-04.wav,8.5,0.0,30.0,beat_this
Albums-Latin_Jam-04.wav,8.98,0.0,30.0,beat_this
Albums-Latin_Jam-04.wav,9.44,0.0,30.0,beat_this
Albums-Latin_Jam-04.wav,9.92,0.0,30.0,beat_this
Albums-Latin_Jam-04.wav,10.38,0.0,30.0,beat_this
Albums-Latin_Jam-04.wav,10.86,0.0,30.0,beat_this
Albums-Latin_Jam-04.wav,11.32,0.0,30.0,beat_this
Albums-Latin_Jam-04.wav,11.8,0.0,30.0,beat_this
Albums-Latin_Jam-04.wav,12.26,0.0,30.0,beat_this
Albums-Latin_Jam-04.wav,12.74,0.0,30.0,beat_this
Albums-Latin_Jam-04.wav,13.2,0.0,30.0,beat_this
Albums-Latin_Jam-04.wav,13.68,0.0,30.0,beat_this
Albums-Latin_Jam-04.wav,14.14,0.0,30.0,beat_this
Albums-Latin_Jam-04.wav,14.6,0.0,30.0,beat_this
Albums-Latin_Jam-04.wav,15.08,0.0,30.0,beat_this
Albums-Latin_Jam-04.wav,15.56,0.0,30.0,beat_this
Albums-Latin_Jam-04.wav,16.02,0.0,30.0,beat_this
Albums-Latin_Jam-04.wav,16.48,0.0,30.0,beat_this
Albums-Latin_Jam-04.wav,16.96,0.0,30.0,beat_this
Albums-Latin_Jam-04.wav,17.42,0.0,30.0,beat_this
Albums-Latin_Jam-04.wav,17.88,0.0,30.0,beat_this
Albums-Latin_Jam-04.wav,18.36,0.0,30.0,beat_this
Albums-Latin_Jam-04.wav,18.84,0.0,30.0,beat_this
Albums-Latin_Jam-04.wav,19.3,0.0,30.0,beat_this
Albums-Latin_Jam-04.wav,19.78,0.0,30.0,beat_this
Albums-Latin_Jam-04.wav,20.24,0.0,30.0,beat_this
Albums-Latin_Jam-04.wav,20.72,0.0,30.0,beat_this
Albums-Latin_Jam-04.wav,21.18,0.0,30.0,beat_this
Albums-Latin_Jam-04.wav,21.64,0.0,30.0,beat_this
Albums-Latin_Jam-04.wav,22.12,0.0,30.0,beat_this
Albums-Latin_Jam-04.wav,22.6,0.0,30.0,beat_this
Albums-Latin_Jam-04.wav,23.06,0.0,30.0,beat_this
Albums-Latin_Jam-04.wav,23.54,0.0,30.0,beat_this
Albums-Latin_Jam-04.wav,24.0,0.0,30.0,beat_this
Albums-Latin_Jam-04.wav,24.48,0.0,30.0,beat_this
Albums-Latin_Jam-04.wav,24.94,0.0,30.0,beat_this
Albums-Latin_Jam-04.wav,25.4,0.0,30.0,beat_this
Albums-Latin_Jam-04.wav,25.88,0.0,30.0,beat_this
Albums-Latin_Jam-04.wav,26.36,0.0,30.0,beat_this
Albums-Latin_Jam-04.wav,26.82,0.0,30.0,beat_this
Albums-Latin_Jam-04.wav,27.3,0.0,30.0,beat_this
Albums-Latin_Jam-04.wav,27.76,0.0,30.0,beat_this
Albums-Latin_Jam-04.wav,28.24,0.0,30.0,beat_this
Albums-Latin_Jam-04.wav,28.7,0.0,30.0,beat_this
Albums-Latin_Jam-04.wav,29.18,0.0,30.0,beat_this
Albums-Latin_Jam-04.wav,29.64,0.0,30.0,beat_this
Albums-Latin_Jam4-08.wav,0.62,0.0,30.0,beat_this
Albums-Latin_Jam4-08.wav,1.18,0.0,30.0,beat_this
Albums-Latin_Jam4-08.wav,1.76,0.0,30.0,beat_this
Albums-Latin_Jam4-08.wav,2.34,0.0,30.0,beat_this
Albums-Latin_Jam4-08.wav,2.92,0.0,30.0,beat_this
Albums-Latin_Jam4-08.wav,3.5,0.0,30.0,beat_this
Albums-Latin_Jam4-08.wav,4.08,0.0,30.0,beat_this
Albums-Latin_Jam4-08.wav,4.66,0.0,30.0,beat_this
Albums-Latin_Jam4-08.wav,5.22,0.0,30.0,beat_this
Albums-Latin_Jam4-08.wav,5.8,0.0,30.0,beat_this
Albums-Latin_Jam4-08.wav,6.38,0.0,30.0,beat_this
Albums-Latin_Jam4-08.wav,6.96,0.0,30.0,beat_this
Albums-Latin_Jam4-08.wav,7.54,0.0,30.0,beat_this
Albums-Latin_Jam4-08.wav,8.12,0.0,30.0,beat_this
Albums-Latin_Jam4-08.wav,8.7,0.0,30.0,beat_this
Albums-Latin_Jam4-08.wav,9.26,0.0,30.0,beat_this
Albums-Latin_Jam4-08.wav,9.86,0.0,30.0,beat_this
Albums-Latin_Jam4-08.wav,10.44,0.0,30.0,beat_this
Albums-Latin_Jam4-08.wav,11.02,0.0,30.0,beat_this
Albums-Latin_Jam4-08.wav,11.6,0.0,30.0,beat_this
Albums-Latin_Jam4-08.wav,12.16,0.0,30.0,beat_this
Albums-Latin_Jam4-08.wav,12.74,0.0,30.0,beat_this
Albums-Latin_Jam4-08.wav,13.32,0.0,30.0,beat_this
Albums-Latin_Jam4-08.wav,13.9,0.0,30.0,beat_this
Albums-Latin_Jam4-08.wav,14.48,0.0,30.0,beat_this
Albums-Latin_Jam4-08.wav,15.06,0.0,30.0,beat_this
Albums-Latin_Jam4-08.wav,15.64,0.0,30.0,beat_this
Albums-Latin_Jam4-08.wav,16.22,0.0,30.0,beat_this
Albums-Latin_Jam4-08.wav,16.8,0.0,30.0,beat_this
Albums-Latin_Jam4-08.wav,17.4,0.0,30.0,beat_this
Albums-Latin_Jam4-08.wav,17.98,0.0,30.0,beat_this
Albums-Latin_Jam4-08.wav,18.54,0.0,30.0,beat_this
Albums-Latin_Jam4-08.wav,19.12,0.0,30.0,beat_this
Albums-Latin_Jam4-08.wav,19.68,0.0,30.0,beat_this
Albums-Latin_Jam4-08.wav,20.28,0.0,30.0,beat_this
Albums-Latin_Jam4-08.wav,20.84,0.0,30.0,beat_this
Albums-Latin_Jam4-08.wav,21.42,0.0,30.0,beat_this
Albums-Latin_Jam4-08.wav,22.0,0.0,30.0,beat_this
Albums-Latin_Jam4-08.wav,22.58,0.0,30.0,beat_this
Albums-Latin_Jam4-08.wav,23.14,0.0,30.0,beat_this
Albums-Latin_Jam4-08.wav,23.74,0.0,30.0,beat_this
Albums-Latin_Jam4-08.wav,24.3,0.0,30.0,beat_this
Albums-Latin_Jam4-08.wav,24.9,0.0,30.0,beat_this
Albums-Latin_Jam4-08.wav,25.46,0.0,30.0,beat_this
Albums-Latin_Jam4-08.wav,26.04,0.0,30.0,beat_this
Albums-Latin_Jam4-08.wav,26.62,0.0,30.0,beat_this
Albums-Latin_Jam4-08.wav,27.2,0.0,30.0,beat_this
Albums-Latin_Jam4-08.wav,27.78,0.0,30.0,beat_this
Albums-Latin_Jam4-08.wav,28.36,0.0,30.0,beat_this
Albums-Latin_Jam4-08.wav,28.94,0.0,30.0,beat_this
Albums-Latin_Jam4-08.wav,29.52,0.0,30.0,beat_this
Albums-Latino_Latino-10.wav,0.44,0.0,30.0,beat_this
Albums-Latino_Latino-10.wav,1.0,0.0,30.0,beat_this
Albums-Latino_Latino-10.wav,1.56,0.0,30.0,beat_this
Albums-Latino_Latino-10.wav,2.1,0.0,30.0,beat_this
Albums-Latino_Latino-10.wav,2.68,0.0,30.0,beat_this
Albums-Latino_Latino-10.wav,3.28,0.0,30.0,beat_this
Albums-Latino_Latino-10.wav,3.84,0.0,30.0,beat_this
Albums-Latino_Latino-10.wav,4.4,0.0,30.0,beat_this
Albums-Latino_Latino-10.wav,4.96,0.0,30.0,beat_this
Albums-Latino_Latino-10.wav,5.5,0.0,30.0,beat_this
Albums-Latino_Latino-10.wav,6.04,0.0,30.0,beat_this
Albums-Latino_Latino-10.wav,6.58,0.0,30.0,beat_this
Albums-Latino_Latino-10.wav,7.12,0.0,30.0,beat_this
Albums-Latino_Latino-10.wav,7.66,0.0,30.0,beat_this
Albums-Latino_Latino-10.wav,8.2,0.0,30.0,beat_this
Albums-Latino_Latino-10.wav,8.7,0.0,30.0,beat_this
Albums-Latino_Latino-10.wav,9.24,0.0,30.0,beat_this
Albums-Latino_Latino-10.wav,9.78,0.0,30.0,beat_this
Albums-Latino_Latino-10.wav,10.3,0.0,30.0,beat_this
Albums-Latino_Latino-10.wav,10.82,0.0,30.0,beat_this
Albums-Latino_Latino-10.wav,11.34,0.0,30.0,beat_this
Albums-Latino_Latino-10.wav,11.88,0.0,30.0,beat_this
Albums-Latino_Latino-10.wav,12.4,0.0,30.0,beat_this
Albums-Latino_Latino-10.wav,12.94,0.0,30.0,beat_this
Albums-Latino_Latino-10.wav,13.46,0.0,30.0,beat_this
Albums-Latino_Latino-10.wav,14.0,0.0,30.0,beat_this
Albums-Latino_Latino-10.wav,14.52,0.0,30.0,beat_this
Albums-Latino_Latino-10.wav,15.04,0.0,30.0,beat_this
Albums-Latino_Latino-10.wav,15.58,0.0,30.0,beat_this
Albums-Latino_Latino-10.wav,16.1,0.0,30.0,beat_this
Albums-Latino_Latino-10.wav,16.64,0.0,30.0,beat_this
Albums-Latino_Latino-10.wav,17.16,0.0,30.0,beat_this
Albums-Latino_Latino-10.wav,17.7,0.0,30.0,beat_this
Albums-Latino_Latino-10.wav,18.24,0.0,30.0,beat_this
Albums-Latino_Latino-10.wav,18.76,0.0,30.0,beat_this
Albums-Latino_Latino-10.wav,19.28,0.0,30.0,beat_this
Albums-Latino_Latino-10.wav,19.82,0.0,30.0,beat_this
Albums-Latino_Latino-10.wav,20.36,0.0,30.0,beat_this
Albums-Latino_Latino-10.wav,20.9,0.0,30.0,beat_this
Albums-Latino_Latino-10.wav,21.42,0.0,30.0,beat_this
Albums-Latino_Latino-10.wav,21.96,0.0,30.0,beat_this
Albums-Latino_Latino-10.wav,22.48,0.0,30.0,beat_this
Albums-Latino_Latino-10.wav,23.02,0.0,30.0,beat_this
Albums-Latino_Latino-10.wav,23.54,0.0,30.0,beat_this
Albums-Latino_Latino-10.wav,24.1,0.0,30.0,beat_this
Albums-Latino_Latino-10.wav,24.64,0.0,30.0,beat_this
Albums-Latino_Latino-10.wav,25.18,0.0,30.0,beat_this
Albums-Latino_Latino-10.wav,25.72,0.0,30.0,beat_this
Albums-Latino_Latino-10.wav,26.28,0.0,30.0,beat_this
Albums-Latino_Latino-10.wav,26.82,0.0,30.0,beat_this
Albums-Latino_Latino-10.wav,27.36,0.0,30.0,beat_this
Albums-Latino_Latino-10.wav,27.88,0.0,30.0,beat_this
Albums-Latino_Latino-10.wav,28.42,0.0,30.0,beat_this
Albums-Latino_Latino-10.wav,28.96,0.0,30.0,beat_this
Albums-Latino_Latino-10.wav,29.5,0.0,30.0,beat_this
Albums-Macumba-07.wav,0.48,0.0,30.0,beat_this
Albums-Macumba-07.wav,1.1,0.0,30.0,beat_this
Albums-Macumba-07.wav,1.68,0.0,30.0,beat_this
Albums-Macumba-07.wav,2.3,0.0,30.0,beat_this
Albums-Macumba-07.wav,2.9,0.0,30.0,beat_this
Albums-Macumba-07.wav,3.5,0.0,30.0,beat_this
Albums-Macumba-07.wav,4.1,0.0,30.0,beat_this
Albums-Macumba-07.wav,4.7,0.0,30.0,beat_this
Albums-Macumba-07.wav,5.3,0.0,30.0,beat_this
Albums-Macumba-07.wav,5.9,0.0,30.0,beat_this
Albums-Macumba-07.wav,6.5,0.0,30.0,beat_this
Albums-Macumba-07.wav,7.1,0.0,30.0,beat_this
Albums-Macumba-07.wav,7.7,0.0,30.0,beat_this
Albums-Macumba-07.wav,8.3,0.0,30.0,beat_this
Albums-Macumba-07.wav,8.9,0.0,30.0,beat_this
Albums-Macumba-07.wav,9.48,0.0,30.0,beat_this
Albums-Macumba-07.wav,10.1,0.0,30.0,beat_this
Albums-Macumba-07.wav,10.7,0.0,30.0,beat_this
Albums-Macumba-07.wav,11.3,0.0,30.0,beat_this
Albums-Macumba-07.wav,11.9,0.0,30.0,beat_this
Albums-Macumba-07.wav,12.5,0.0,30.0,beat_this
Albums-Macumba-07.wav,13.1,0.0,30.0,beat_this
Albums-Macumba-07.wav,13.7,0.0,30.0,beat_this
Albums-Macumba-07.wav,14.3,0.0,30.0,beat_this
Albums-Macumba-07.wav,14.9,0.0,30.0,beat_this
Albums-Macumba-07.wav,15.5,0.0,30.0,beat_this
Albums-Macumba-07.wav,16.1,0.0,30.0,beat_this
Albums-Macumba-07.wav,16.7,0.0,30.0,beat_this
Albums-Macumba-07.wav,17.3,0.0,30.0,beat_this
Albums-Macumba-07.wav,17.9,0.0,30.0,beat_this
Albums-Macumba-07.wav,18.5,0.0,30.0,beat_this
Albums-Macumba-07.wav,19.08,0.0,30.0,beat_this
Albums-Macumba-07.wav,19.7,0.0,30.0,beat_this
Albums-Macumba-07.wav,20.28,0.0,30.0,beat_this
Albums-Macumba-07.wav,20.9,0.0,30.0,beat_this
Albums-Macumba-07.wav,21.5,0.0,30.0,beat_this
Albums-Macumba-07.wav,22.1,0.0,30.0,beat_this
Albums-Macumba-07.wav,22.7,0.0,30.0,beat_this
Albums-Macumba-07.wav,23.3,0.0,30.0,beat_this
Albums-Macumba-07.wav,23.9,0.0,30.0,beat_this
Albums-Macumba-07.wav,24.5,0.0,30.0,beat_this
Albums-Macumba-07.wav,25.1,0.0,30.0,beat_this
Albums-Macumba-07.wav,25.7,0.0,30.0,beat_this
Albums-Macumba-07.wav,26.3,0.0,30.0,beat_this
Albums-Macumba-07.wav,26.9,0.0,30.0,beat_this
Albums-Macumba-07.wav,27.5,0.0,30.0,beat_this
Albums-Macumba-07.wav,28.1,0.0,30.0,beat_this
Albums-Macumba-07.wav,28.7,0.0,30.0,beat_this
Albums-Macumba-07.wav,29.3,0.0,30.0,beat_this
Albums-Macumba-07.wav,29.9,0.0,30.0,beat_this
Albums-Step_By_Step-03.wav,0.38,0.0,30.0,beat_this
Albums-Step_By_Step-03.wav,1.06,0.0,30.0,beat_this
Albums-Step_By_Step-03.wav,1.76,0.0,30.0,beat_this
Albums-Step_By_Step-03.wav,2.44,0.0,30.0,beat_this
Albums-Step_By_Step-03.wav,3.12,0.0,30.0,beat_this
Albums-Step_By_Step-03.wav,3.82,0.0,30.0,beat_this
Albums-Step_By_Step-03.wav,4.48,0.0,30.0,beat_this
Albums-Step_By_Step-03.wav,5.18,0.0,30.0,beat_this
Albums-Step_By_Step-03.wav,5.86,0.0,30.0,beat_this
Albums-Step_By_Step-03.wav,6.54,0.0,30.0,beat_this
Albums-Step_By_Step-03.wav,7.22,0.0,30.0,beat_this
Albums-Step_By_Step-03.wav,7.94,0.0,30.0,beat_this
Albums-Step_By_Step-03.wav,8.62,0.0,30.0,beat_this
Albums-Step_By_Step-03.wav,9.32,0.0,30.0,beat_this
Albums-Step_By_Step-03.wav,10.02,0.0,30.0,beat_this
Albums-Step_By_Step-03.wav,10.72,0.0,30.0,beat_this
Albums-Step_By_Step-03.wav,11.4,0.0,30.0,beat_this
Albums-Step_By_Step-03.wav,12.08,0.0,30.0,beat_this
Albums-Step_By_Step-03.wav,12.78,0.0,30.0,beat_this
Albums-Step_By_Step-03.wav,13.46,0.0,30.0,beat_this
Albums-Step_By_Step-03.wav,14.16,0.0,30.0,beat_this
Albums-Step_By_Step-03.wav,14.84,0.0,30.0,beat_this
Albums-Step_By_Step-03.wav,15.54,0.0,30.0,beat_this
Albums-Step_By_Step-03.wav,16.24,0.0,30.0,beat_this
Albums-Step_By_Step-03.wav,16.92,0.0,30.0,beat_this
Albums-Step_By_Step-03.wav,17.6,0.0,30.0,beat_this
Albums-Step_By_Step-03.wav,18.28,0.0,30.0,beat_this
Albums-Step_By_Step-03.wav,18.98,0.0,30.0,beat_this
Albums-Step_By_Step-03.wav,19.66,0.0,30.0,beat_this
Albums-Step_By_Step-03.wav,20.34,0.0,30.0,beat_this
Albums-Step_By_Step-03.wav,21.04,0.0,30.0,beat_this
Albums-Step_By_Step-03.wav,21.74,0.0,30.0,beat_this
Albums-Step_By_Step-03.wav,22.44,0.0,30.0,beat_this
Albums-Step_By_Step-03.wav,23.14,0.0,30.0,beat_this
Albums-Step_By_Step-03.wav,23.82,0.0,30.0,beat_this
Albums-Step_By_Step-03.wav,24.52,0.0,30.0,beat_this
Albums-Step_By_Step-03.wav,25.2,0.0,30.0,beat_this
Albums-Step_By_Step-03.wav,25.9,0.0,30.0,beat_this
Albums-Step_By_Step-03.wav,26.58,0.0,30.0,beat_this
Albums-Step_By_Step-03.wav,27.26,0.0,30.0,beat_this
Albums-Step_By_Step-03.wav,27.96,0.0,30.0,beat_this
Albums-Step_By_Step-03.wav,28.62,0.0,30.0,beat_this
Albums-Step_By_Step-03.wav,29.32,0.0,30.0,beat_this
Albums-Step_By_Step-03.wav,29.98,0.0,30.0,beat_this
Albums-StrictlyDancing_Tango-09.wav,0.86,0.0,30.0,beat_this
Albums-StrictlyDancing_Tango-09.wav,1.36,0.0,30.0,beat_this
Albums-StrictlyDancing_Tango-09.wav,1.82,0.0,30.0,beat_this
Albums-StrictlyDancing_Tango-09.wav,2.32,0.0,30.0,beat_this
Albums-StrictlyDancing_Tango-09.wav,2.78,0.0,30.0,beat_this
Albums-StrictlyDancing_Tango-09.wav,3.24,0.0,30.0,beat_this
Albums-StrictlyDancing_Tango-09.wav,3.72,0.0,30.0,beat_this
Albums-StrictlyDancing_Tango-09.wav,4.2,0.0,30.0,beat_this
Albums-StrictlyDancing_Tango-09.wav,4.68,0.0,30.0,beat_this
Albums-StrictlyDancing_Tango-09.wav,5.14,0.0,30.0,beat_this
Albums-StrictlyDancing_Tango-09.wav,5.62,0.0,30.0,beat_this
Albums-StrictlyDancing_Tango-09.wav,6.1,0.0,30.0,beat_this
Albums-StrictlyDancing_Tango-09.wav,6.56,0.0,30.0,beat_this
Albums-StrictlyDancing_Tango-09.wav,7.04,0.0,30.0,beat_this
Albums-StrictlyDancing_Tango-09.wav,7.52,0.0,30.0,beat_this
Albums-StrictlyDancing_Tango-09.wav,7.98,0.0,30.0,beat_this
Albums-StrictlyDancing_Tango-09.wav,8.48,0.0,30.0,beat_this
Albums-StrictlyDancing_Tango-09.wav,8.96,0.0,30.0,beat_this
Albums-StrictlyDancing_Tango-09.wav,9.44,0.0,30.0,beat_this
Albums-StrictlyDancing_Tango-09.wav,9.92,0.0,30.0,beat_this
Albums-StrictlyDancing_Tango-09.wav,10.4,0.0,30.0,beat_this
Albums-StrictlyDancing_Tango-09.wav,10.88,0.0,30.0,beat_this
Albums-StrictlyDancing_Tango-09.wav,11.34,0.0,30.0,beat_this
Albums-StrictlyDancing_Tango-09.wav,11.82,0.0,30.0,beat_this
Albums-StrictlyDancing_Tango-09.wav,12.3,0.0,30.0,beat_this
Albums-StrictlyDancing_Tango-09.wav,12.78,0.0,30.0,beat_this
Albums-StrictlyDancing_Tango-09.wav,13.26,0.0,30.0,beat_this
Albums-StrictlyDancing_Tango-09.wav,13.74,0.0,30.0,beat_this
Albums-StrictlyDancing_Tango-09.wav,14.2,0.0,30.0,beat_this
Albums-StrictlyDancing_Tango-09.wav,14.66,0.0,30.0,beat_this
Albums-StrictlyDancing_Tango-09.wav,15.12,0.0,30.0,beat_this
Albums-StrictlyDancing_Tango-09.wav,15.58,0.0,30.0,beat_this
Albums-StrictlyDancing_Tango-09.wav,16.04,0.0,30.0,beat_this
Albums-StrictlyDancing_Tango-09.wav,16.52,0.0,30.0,beat_this
Albums-StrictlyDancing_Tango-09.wav,17.0,0.0,30.0,beat_this
Albums-StrictlyDancing_Tango-09.wav,17.48,0.0,30.0,beat_this
Albums-StrictlyDancing_Tango-09.wav,17.96,0.0,30.0,beat_this
Albums-StrictlyDancing_Tango-09.wav,18.42,0.0,30.0,beat_this
Albums-StrictlyDancing_Tango-09.wav,18.9,0.0,30.0,beat_this
Albums-StrictlyDancing_Tango-09.wav,19.36,0.0,30.0,beat_this
Albums-StrictlyDancing_Tango-09.wav,19.84,0.0,30.0,beat_this
Albums-StrictlyDancing_Tango-09.wav,20.3,0.0,30.0,beat_this
Albums-StrictlyDancing_Tango-09.wav,20.78,0.0,30.0,beat_this
Albums-StrictlyDancing_Tango-09.wav,21.26,0.0,30.0,beat_this
Albums-StrictlyDancing_Tango-09.wav,21.72,0.0,30.0,beat_this
Albums-StrictlyDancing_Tango-09.wav,22.18,0.0,30.0,beat_this
Albums-StrictlyDancing_Tango-09.wav,22.66,0.0,30.0,beat_this
Albums-StrictlyDancing_Tango-09.wav,23.16,0.0,30.0,beat_this
Albums-StrictlyDancing_Tango-09.wav,23.64,0.0,30.0,beat_this
Albums-StrictlyDancing_Tango-09.wav,24.12,0.0,30.0,beat_this
Albums-StrictlyDancing_Tango-09.wav,24.6,0.0,30.0,beat_this
Albums-StrictlyDancing_Tango-09.wav,25.1,0.0,30.0,beat_this
Albums-StrictlyDancing_Tango-09.wav,25.58,0.0,30.0,beat_this
Albums-StrictlyDancing_Tango-09.wav,26.06,0.0,30.0,beat_this
Albums-StrictlyDancing_Tango-09.wav,26.54,0.0,30.0,beat_this
Albums-StrictlyDancing_Tango-09.wav,27.02,0.0,30.0,beat_this
Albums-StrictlyDancing_Tango-09.wav,27.54,0.0,30.0,beat_this
Albums-StrictlyDancing_Tango-09.wav,28.0,0.0,30.0,beat_this
Albums-StrictlyDancing_Tango-09.wav,28.5,0.0,30.0,beat_this
Albums-StrictlyDancing_Tango-09.wav,28.98,0.0,30.0,beat_this
Albums-StrictlyDancing_Tango-09.wav,29.46,0.0,30.0,beat_this
Albums-StrictlyDancing_Tango-09.wav,29.94,0.0,30.0,beat_this
Bach_Fugue_bwv_846_Shi05M.wav,0.02,0.0,30.0,beat_this
Bach_Fugue_bwv_846_Shi05M.wav,1.28,0.0,30.0,beat_this
Bach_Fugue_bwv_846_Shi05M.wav,2.42,0.0,30.0,beat_this
Bach_Fugue_bwv_846_Shi05M.wav,3.6,0.0,30.0,beat_this
Bach_Fugue_bwv_846_Shi05M.wav,4.82,0.0,30.0,beat_this
Bach_Fugue_bwv_846_Shi05M.wav,6.04,0.0,30.0,beat_this
Bach_Fugue_bwv_846_Shi05M.wav,7.3,0.0,30.0,beat_this
Bach_Fugue_bwv_846_Shi05M.wav,8.52,0.0,30.0,beat_this
Bach_Fugue_bwv_846_Shi05M.wav,9.74,0.0,30.0,beat_this
Bach_Fugue_bwv_846_Shi05M.wav,10.96,0.0,30.0,beat_this
Bach_Fugue_bwv_846_Shi05M.wav,12.12,0.0,30.0,beat_this
Bach_Fugue_bwv_846_Shi05M.wav,13.36,0.0,30.0,beat_this
Bach_Fugue_bwv_846_Shi05M.wav,14.6,0.0,30.0,beat_this
Bach_Fugue_bwv_846_Shi05M.wav,15.82,0.0,30.0,beat_this
Bach_Fugue_bwv_846_Shi05M.wav,17.1,0.0,30.0,beat_this
Bach_Fugue_bwv_846_Shi05M.wav,18.36,0.0,30.0,beat_this
Bach_Fugue_bwv_846_Shi05M.wav,19.56,0.0,30.0,beat_this
Bach_Fugue_bwv_846_Shi05M.wav,20.8,0.0,30.0,beat_this
Bach_Fugue_bwv_846_Shi05M.wav,22.0,0.0,30.0,beat_this
Bach_Fugue_bwv_846_Shi05M.wav,23.2,0.0,30.0,beat_this
Bach_Fugue_bwv_846_Shi05M.wav,24.4,0.0,30.0,beat_this
Bach_Fugue_bwv_846_Shi05M.wav,25.62,0.0,30.0,beat_this
Bach_Fugue_bwv_846_Shi05M.wav,26.86,0.0,30.0,beat_this
Bach_Fugue_bwv_846_Shi05M.wav,28.08,0.0,30.0,beat_this
Bach_Fugue_bwv_846_Shi05M.wav,29.3,0.0,30.0,beat_this
Beethoven_Piano_Sonatas_16-1_Khmara05M.wav,0.0,0.0,30.0,beat_this
Beethoven_Piano_Sonatas_16-1_Khmara05M.wav,0.4,0.0,30.0,beat_this
Beethoven_Piano_Sonatas_16-1_Khmara05M.wav,0.84,0.0,30.0,beat_this
Beethoven_Piano_Sonatas_16-1_Khmara05M.wav,1.24,0.0,30.0,beat_this
Beethoven_Piano_Sonatas_16-1_Khmara05M.wav,1.66,0.0,30.0,beat_this
Beethoven_Piano_Sonatas_16-1_Khmara05M.wav,2.06,0.0,30.0,beat_this
Beethoven_Piano_Sonatas_16-1_Khmara05M.wav,2.5,0.0,30.0,beat_this
Beethoven_Piano_Sonatas_16-1_Khmara05M.wav,2.94,0.0,30.0,beat_this
Beethoven_Piano_Sonatas_16-1_Khmara05M.wav,3.38,0.0,30.0,beat_this
Beethoven_Piano_Sonatas_16-1_Khmara05M.wav,3.8,0.0,30.0,beat_this
Beethoven_Piano_Sonatas_16-1_Khmara05M.wav,4.24,0.0,30.0,beat_this
Beethoven_Piano_Sonatas_16-1_Khmara05M.wav,4.64,0.0,30.0,beat_this
Beethoven_Piano_Sonatas_16-1_Khmara05M.wav,5.06,0.0,30.0,beat_this
Beethoven_Piano_Sonatas_16-1_Khmara05M.wav,5.48,0.0,30.0,beat_this
Beethoven_Piano_Sonatas_16-1_Khmara05M.wav,5.9,0.0,30.0,beat_this
Beethoven_Piano_Sonatas_16-1_Khmara05M.wav,6.28,0.0,30.0,beat_this
Beethoven_Piano_Sonatas_16-1_Khmara05M.wav,6.64,0.0,30.0,beat_this
Beethoven_Piano_Sonatas_16-1_Khmara05M.wav,7.06,0.0,30.0,beat_this
Beethoven_Piano_Sonatas_16-1_Khmara05M.wav,7.48,0.0,30.0,beat_this
Beethoven_Piano_Sonatas_16-1_Khmara05M.wav,7.9,0.0,30.0,beat_this
Beethoven_Piano_Sonatas_16-1_Khmara05M.wav,8.32,0.0,30.0,beat_this
Beethoven_Piano_Sonatas_16-1_Khmara05M.wav,8.74,0.0,30.0,beat_this
Beethoven_Piano_Sonatas_16-1_Khmara05M.wav,9.18,0.0,30.0,beat_this
Beethoven_Piano_Sonatas_16-1_Khmara05M.wav,9.6,0.0,30.0,beat_this
Beethoven_Piano_Sonatas_16-1_Khmara05M.wav,10.02,0.0,30.0,beat_this
Beethoven_Piano_Sonatas_16-1_Khmara05M.wav,10.44,0.0,30.0,beat_this
Beethoven_Piano_Sonatas_16-1_Khmara05M.wav,10.88,0.0,30.0,beat_this
Beethoven_Piano_Sonatas_16-1_Khmara05M.wav,11.28,0.0,30.0,beat_this
Beethoven_Piano_Sonatas_16-1_Khmara05M.wav,11.72,0.0,30.0,beat_this
Beethoven_Piano_Sonatas_16-1_Khmara05M.wav,12.16,0.0,30.0,beat_this
Beethoven_Piano_Sonatas_16-1_Khmara05M.wav,12.58,0.0,30.0,beat_this
Beethoven_Piano_Sonatas_16-1_Khmara05M.wav,13.02,0.0,30.0,beat_this
Beethoven_Piano_Sonatas_16-1_Khmara05M.wav,13.48,0.0,30.0,beat_this
Beethoven_Piano_Sonatas_16-1_Khmara05M.wav,13.9,0.0,30.0,beat_this
Beethoven_Piano_Sonatas_16-1_Khmara05M.wav,14.32,0.0,30.0,beat_this
Beethoven_Piano_Sonatas_16-1_Khmara05M.wav,14.72,0.0,30.0,beat_this
Beethoven_Piano_Sonatas_16-1_Khmara05M.wav,15.16,0.0,30.0,beat_this
Beethoven_Piano_Sonatas_16-1_Khmara05M.wav,15.6,0.0,30.0,beat_this
Beethoven_Piano_Sonatas_16-1_Khmara05M.wav,16.04,0.0,30.0,beat_this
Beethoven_Piano_Sonatas_16-1_Khmara05M.wav,16.46,0.0,30.0,beat_this
Beethoven_Piano_Sonatas_16-1_Khmara05M.wav,16.92,0.0,30.0,beat_this
Beethoven_Piano_Sonatas_16-1_Khmara05M.wav,17.34,0.0,30.0,beat_this
Beethoven_Piano_Sonatas_16-1_Khmara05M.wav,17.78,0.0,30.0,beat_this
Beethoven_Piano_Sonatas_16-1_Khmara05M.wav,18.22,0.0,30.0,beat_this
Beethoven_Piano_Sonatas_16-1_Khmara05M.wav,18.68,0.0,30.0,beat_this
Beethoven_Piano_Sonatas_16-1_Khmara05M.wav,19.1,0.0,30.0,beat_this
Beethoven_Piano_Sonatas_16-1_Khmara05M.wav,19.52,0.0,30.0,beat_this
Beethoven_Piano_Sonatas_16-1_Khmara05M.wav,19.96,0.0,30.0,beat_this
Beethoven_Piano_Sonatas_16-1_Khmara05M.wav,20.4,0.0,30.0,beat_this
Beethoven_Piano_Sonatas_16-1_Khmara05M.wav,20.82,0.0,30.0,beat_this
Beethoven_Piano_Sonatas_16-1_Khmara05M.wav,21.22,0.0,30.0,beat_this
Beethoven_Piano_Sonatas_16-1_Khmara05M.wav,21.62,0.0,30.0,beat_this
Beethoven_Piano_Sonatas_16-1_Khmara05M.wav,21.94,0.0,30.0,beat_this
Beethoven_Piano_Sonatas_16-1_Khmara05M.wav,22.02,0.0,30.0,beat_this
Beethoven_Piano_Sonatas_16-1_Khmara05M.wav,22.34,0.0,30.0,beat_this
Beethoven_Piano_Sonatas_16-1_Khmara05M.wav,22.42,0.0,30.0,beat_this
Beethoven_Piano_Sonatas_16-1_Khmara05M.wav,22.72,0.0,30.0,beat_this
Beethoven_Piano_Sonatas_16-1_Khmara05M.wav,22.82,0.0,30.0,beat_this
Beethoven_Piano_Sonatas_16-1_Khmara05M.wav,23.12,0.0,30.0,beat_this
Beethoven_Piano_Sonatas_16-1_Khmara05M.wav,23.2,0.0,30.0,beat_this
Beethoven_Piano_Sonatas_16-1_Khmara05M.wav,23.5,0.0,30.0,beat_this
Beethoven_Piano_Sonatas_16-1_Khmara05M.wav,23.6,0.0,30.0,beat_this
Beethoven_Piano_Sonatas_16-1_Khmara05M.wav,23.88,0.0,30.0,beat_this
Beethoven_Piano_Sonatas_16-1_Khmara05M.wav,24.28,0.0,30.0,beat_this
Beethoven_Piano_Sonatas_16-1_Khmara05M.wav,24.38,0.0,30.0,beat_this
Beethoven_Piano_Sonatas_16-1_Khmara05M.wav,24.66,0.0,30.0,beat_this
Beethoven_Piano_Sonatas_16-1_Khmara05M.wav,25.06,0.0,30.0,beat_this
Beethoven_Piano_Sonatas_16-1_Khmara05M.wav,25.46,0.0,30.0,beat_this
Beethoven_Piano_Sonatas_16-1_Khmara05M.wav,25.84,0.0,30.0,beat_this
Beethoven_Piano_Sonatas_16-1_Khmara05M.wav,26.24,0.0,30.0,beat_this
Beethoven_Piano_Sonatas_16-1_Khmara05M.wav,26.68,0.0,30.0,beat_this
Beethoven_Piano_Sonatas_16-1_Khmara05M.wav,27.08,0.0,30.0,beat_this
Beethoven_Piano_Sonatas_16-1_Khmara05M.wav,27.48,0.0,30.0,beat_this
Beethoven_Piano_Sonatas_16-1_Khmara05M.wav,27.9,0.0,30.0,beat_this
Beethoven_Piano_Sonatas_16-1_Khmara05M.wav,28.32,0.0,30.0,beat_this
Beethoven_Piano_Sonatas_16-1_Khmara05M.wav,28.74,0.0,30.0,beat_this
Beethoven_Piano_Sonatas_16-1_Khmara05M.wav,29.12,0.0,30.0,beat_this
Beethoven_Piano_Sonatas_16-1_Khmara05M.wav,29.56,0.0,30.0,beat_this
Beethoven_Piano_Sonatas_16-1_Khmara05M.wav,30.0,0.0,30.0,beat_this
Chopin_Etudes_op_10_1_ChenW03M.wav,0.0,0.0,30.0,beat_this
Chopin_Etudes_op_10_1_ChenW03M.wav,0.32,0.0,30.0,beat_this
Chopin_Etudes_op_10_1_ChenW03M.wav,0.62,0.0,30.0,beat_this
Chopin_Etudes_op_10_1_ChenW03M.wav,0.86,0.0,30.0,beat_this
Chopin_Etudes_op_10_1_ChenW03M.wav,1.24,0.0,30.0,beat_this
Chopin_Etudes_op_10_1_ChenW03M.wav,1.58,0.0,30.0,beat_this
Chopin_Etudes_op_10_1_ChenW03M.wav,1.9,0.0,30.0,beat_this
Chopin_Etudes_op_10_1_ChenW03M.wav,2.26,0.0,30.0,beat_this
Chopin_Etudes_op_10_1_ChenW03M.wav,2.6,0.0,30.0,beat_this
Chopin_Etudes_op_10_1_ChenW03M.wav,2.96,0.0,30.0,beat_this
Chopin_Etudes_op_10_1_ChenW03M.wav,3.28,0.0,30.0,beat_this
Chopin_Etudes_op_10_1_ChenW03M.wav,3.62,0.0,30.0,beat_this
Chopin_Etudes_op_10_1_ChenW03M.wav,3.96,0.0,30.0,beat_this
Chopin_Etudes_op_10_1_ChenW03M.wav,4.3,0.0,30.0,beat_this
Chopin_Etudes_op_10_1_ChenW03M.wav,4.62,0.0,30.0,beat_this
Chopin_Etudes_op_10_1_ChenW03M.wav,5.0,0.0,30.0,beat_this
Chopin_Etudes_op_10_1_ChenW03M.wav,5.28,0.0,30.0,beat_this
Chopin_Etudes_op_10_1_ChenW03M.wav,5.64,0.0,30.0,beat_this
Chopin_Etudes_op_10_1_ChenW03M.wav,5.96,0.0,30.0,beat_this
Chopin_Etudes_op_10_1_ChenW03M.wav,6.3,0.0,30.0,beat_this
Chopin_Etudes_op_10_1_ChenW03M.wav,6.74,0.0,30.0,beat_this
Chopin_Etudes_op_10_1_ChenW03M.wav,7.14,0.0,30.0,beat_this
Chopin_Etudes_op_10_1_ChenW03M.wav,7.44,0.0,30.0,beat_this
Chopin_Etudes_op_10_1_ChenW03M.wav,7.7,0.0,30.0,beat_this
Chopin_Etudes_op_10_1_ChenW03M.wav,8.06,0.0,30.0,beat_this
Chopin_Etudes_op_10_1_ChenW03M.wav,8.36,0.0,30.0,beat_this
Chopin_Etudes_op_10_1_ChenW03M.wav,8.44,0.0,30.0,beat_this
Chopin_Etudes_op_10_1_ChenW03M.wav,8.76,0.0,30.0,beat_this
Chopin_Etudes_op_10_1_ChenW03M.wav,9.18,0.0,30.0,beat_this
Chopin_Etudes_op_10_1_ChenW03M.wav,9.58,0.0,30.0,beat_this
Chopin_Etudes_op_10_1_ChenW03M.wav,9.92,0.0,30.0,beat_this
Chopin_Etudes_op_10_1_ChenW03M.wav,10.28,0.0,30.0,beat_this
Chopin_Etudes_op_10_1_ChenW03M.wav,10.62,0.0,30.0,beat_this
Chopin_Etudes_op_10_1_ChenW03M.wav,10.9,0.0,30.0,beat_this
Chopin_Etudes_op_10_1_ChenW03M.wav,11.28,0.0,30.0,beat_this
Chopin_Etudes_op_10_1_ChenW03M.wav,11.58,0.0,30.0,beat_this
Chopin_Etudes_op_10_1_ChenW03M.wav,11.94,0.0,30.0,beat_this
Chopin_Etudes_op_10_1_ChenW03M.wav,12.34,0.0,30.0,beat_this
Chopin_Etudes_op_10_1_ChenW03M.wav,12.66,0.0,30.0,beat_this
Chopin_Etudes_op_10_1_ChenW03M.wav,12.74,0.0,30.0,beat_this
Chopin_Etudes_op_10_1_ChenW03M.wav,13.02,0.0,30.0,beat_this
Chopin_Etudes_op_10_1_ChenW03M.wav,13.34,0.0,30.0,beat_this
Chopin_Etudes_op_10_1_ChenW03M.wav,13.62,0.0,30.0,beat_this
Chopin_Etudes_op_10_1_ChenW03M.wav,14.02,0.0,30.0,beat_this
Chopin_Etudes_op_10_1_ChenW03M.wav,14.36,0.0,30.0,beat_this
Chopin_Etudes_op_10_1_ChenW03M.wav,14.68,0.0,30.0,beat_this
Chopin_Etudes_op_10_1_ChenW03M.wav,15.06,0.0,30.0,beat_this
Chopin_Etudes_op_10_1_ChenW03M.wav,15.42,0.0,30.0,beat_this
Chopin_Etudes_op_10_1_ChenW03M.wav,15.76,0.0,30.0,beat_this
Chopin_Etudes_op_10_1_ChenW03M.wav,16.08,0.0,30.0,beat_this
Chopin_Etudes_op_10_1_ChenW03M.wav,16.4,0.0,30.0,beat_this
Chopin_Etudes_op_10_1_ChenW03M.wav,16.7,0.0,30.0,beat_this
Chopin_Etudes_op_10_1_ChenW03M.wav,16.78,0.0,30.0,beat_this
Chopin_Etudes_op_10_1_ChenW03M.wav,17.12,0.0,30.0,beat_this
Chopin_Etudes_op_10_1_ChenW03M.wav,17.4,0.0,30.0,beat_this
Chopin_Etudes_op_10_1_ChenW03M.wav,17.5,0.0,30.0,beat_this
Chopin_Etudes_op_10_1_ChenW03M.wav,17.58,0.0,30.0,beat_this
Chopin_Etudes_op_10_1_ChenW03M.wav,17.98,0.0,30.0,beat_this
Chopin_Etudes_op_10_1_ChenW03M.wav,18.36,0.0,30.0,beat_this
Chopin_Etudes_op_10_1_ChenW03M.wav,18.7,0.0,30.0,beat_this
Chopin_Etudes_op_10_1_ChenW03M.wav,18.98,0.0,30.0,beat_this
Chopin_Etudes_op_10_1_ChenW03M.wav,19.36,0.0,30.0,beat_this
Chopin_Etudes_op_10_1_ChenW03M.wav,19.72,0.0,30.0,beat_this
Chopin_Etudes_op_10_1_ChenW03M.wav,20.08,0.0,30.0,beat_this
Chopin_Etudes_op_10_1_ChenW03M.wav,20.44,0.0,30.0,beat_this
Chopin_Etudes_op_10_1_ChenW03M.wav,20.86,0.0,30.0,beat_this
Chopin_Etudes_op_10_1_ChenW03M.wav,21.24,0.0,30.0,beat_this
Chopin_Etudes_op_10_1_ChenW03M.wav,21.54,0.0,30.0,beat_this
Chopin_Etudes_op_10_1_ChenW03M.wav,21.88,0.0,30.0,beat_this
Chopin_Etudes_op_10_1_ChenW03M.wav,22.24,0.0,30.0,beat_this
Chopin_Etudes_op_10_1_ChenW03M.wav,22.6,0.0,30.0,beat_this
Chopin_Etudes_op_10_1_ChenW03M.wav,22.98,0.0,30.0,beat_this
Chopin_Etudes_op_10_1_ChenW03M.wav,23.28,0.0,30.0,beat_this
Chopin_Etudes_op_10_1_ChenW03M.wav,23.38,0.0,30.0,beat_this
Chopin_Etudes_op_10_1_ChenW03M.wav,23.84,0.0,30.0,beat_this
Chopin_Etudes_op_10_1_ChenW03M.wav,24.24,0.0,30.0,beat_this
Chopin_Etudes_op_10_1_ChenW03M.wav,24.52,0.0,30.0,beat_this
Chopin_Etudes_op_10_1_ChenW03M.wav,24.88,0.0,30.0,beat_this
Chopin_Etudes_op_10_1_ChenW03M.wav,25.18,0.0,30.0,beat_this
Chopin_Etudes_op_10_1_ChenW03M.wav,25.56,0.0,30.0,beat_this
Chopin_Etudes_op_10_1_ChenW03M.wav,25.92,0.0,30.0,beat_this
Chopin_Etudes_op_10_1_ChenW03M.wav,26.28,0.0,30.0,beat_this
Chopin_Etudes_op_10_1_ChenW03M.wav,26.66,0.0,30.0,beat_this
Chopin_Etudes_op_10_1_ChenW03M.wav,27.0,0.0,30.0,beat_this
Chopin_Etudes_op_10_1_ChenW03M.wav,27.38,0.0,30.0,beat_this
Chopin_Etudes_op_10_1_ChenW03M.wav,27.72,0.0,30.0,beat_this
Chopin_Etudes_op_10_1_ChenW03M.wav,28.0,0.0,30.0,beat_this
Chopin_Etudes_op_10_1_ChenW03M.wav,28.36,0.0,30.0,beat_this
Chopin_Etudes_op_10_1_ChenW03M.wav,28.74,0.0,30.0,beat_this
Chopin_Etudes_op_10_1_ChenW03M.wav,29.02,0.0,30.0,beat_this
Chopin_Etudes_op_10_1_ChenW03M.wav,29.12,0.0,30.0,beat_this
Chopin_Etudes_op_10_1_ChenW03M.wav,29.58,0.0,30.0,beat_this
Chopin_Etudes_op_10_1_ChenW03M.wav,29.96,0.0,30.0,beat_this
Debussy_Images_Book_1_1_Reflets_dans_lEau_ParkJH13M.wav,0.02,0.0,30.0,beat_this
Debussy_Images_Book_1_1_Reflets_dans_lEau_ParkJH13M.wav,0.78,0.0,30.0,beat_this
Debussy_Images_Book_1_1_Reflets_dans_lEau_ParkJH13M.wav,1.18,0.0,30.0,beat_this
Debussy_Images_Book_1_1_Reflets_dans_lEau_ParkJH13M.wav,2.5,0.0,30.0,beat_this
Debussy_Images_Book_1_1_Reflets_dans_lEau_ParkJH13M.wav,3.42,0.0,30.0,beat_this
Debussy_Images_Book_1_1_Reflets_dans_lEau_ParkJH13M.wav,3.8,0.0,30.0,beat_this
Debussy_Images_Book_1_1_Reflets_dans_lEau_ParkJH13M.wav,4.18,0.0,30.0,beat_this
Debussy_Images_Book_1_1_Reflets_dans_lEau_ParkJH13M.wav,4.86,0.0,30.0,beat_this
Debussy_Images_Book_1_1_Reflets_dans_lEau_ParkJH13M.wav,5.56,0.0,30.0,beat_this
Debussy_Images_Book_1_1_Reflets_dans_lEau_ParkJH13M.wav,6.32,0.0,30.0,beat_this
Debussy_Images_Book_1_1_Reflets_dans_lEau_ParkJH13M.wav,7.1,0.0,30.0,beat_this
Debussy_Images_Book_1_1_Reflets_dans_lEau_ParkJH13M.wav,7.46,0.0,30.0,beat_this
Debussy_Images_Book_1_1_Reflets_dans_lEau_ParkJH13M.wav,8.4,0.0,30.0,beat_this
Debussy_Images_Book_1_1_Reflets_dans_lEau_ParkJH13M.wav,9.92,0.0,30.0,beat_this
Debussy_Images_Book_1_1_Reflets_dans_lEau_ParkJH13M.wav,10.36,0.0,30.0,beat_this
Debussy_Images_Book_1_1_Reflets_dans_lEau_ParkJH13M.wav,11.5,0.0,30.0,beat_this
Debussy_Images_Book_1_1_Reflets_dans_lEau_ParkJH13M.wav,12.22,0.0,30.0,beat_this
Debussy_Images_Book_1_1_Reflets_dans_lEau_ParkJH13M.wav,12.94,0.0,30.0,beat_this
Debussy_Images_Book_1_1_Reflets_dans_lEau_ParkJH13M.wav,13.68,0.0,30.0,beat_this
Debussy_Images_Book_1_1_Reflets_dans_lEau_ParkJH13M.wav,14.48,0.0,30.0,beat_this
Debussy_Images_Book_1_1_Reflets_dans_lEau_ParkJH13M.wav,15.4,0.0,30.0,beat_this
Debussy_Images_Book_1_1_Reflets_dans_lEau_ParkJH13M.wav,16.4,0.0,30.0,beat_this
Debussy_Images_Book_1_1_Reflets_dans_lEau_ParkJH13M.wav,16.82,0.0,30.0,beat_this
Debussy_Images_Book_1_1_Reflets_dans_lEau_ParkJH13M.wav,17.18,0.0,30.0,beat_this
Debussy_Images_Book_1_1_Reflets_dans_lEau_ParkJH13M.wav,17.88,0.0,30.0,beat_this
Debussy_Images_Book_1_1_Reflets_dans_lEau_ParkJH13M.wav,18.6,0.0,30.0,beat_this
Debussy_Images_Book_1_1_Reflets_dans_lEau_ParkJH13M.wav,19.48,0.0,30.0,beat_this
Debussy_Images_Book_1_1_Reflets_dans_lEau_ParkJH13M.wav,20.44,0.0,30.0,beat_this
Debussy_Images_Book_1_1_Reflets_dans_lEau_ParkJH13M.wav,20.82,0.0,30.0,beat_this
Debussy_Images_Book_1_1_Reflets_dans_lEau_ParkJH13M.wav,21.22,0.0,30.0,beat_this
Debussy_Images_Book_1_1_Reflets_dans_lEau_ParkJH13M.wav,22.24,0.0,30.0,beat_this
Debussy_Images_Book_1_1_Reflets_dans_lEau_ParkJH13M.wav,23.16,0.0,30.0,beat_this
Debussy_Images_Book_1_1_Reflets_dans_lEau_ParkJH13M.wav,24.0,0.0,30.0,beat_this
Debussy_Images_Book_1_1_Reflets_dans_lEau_ParkJH13M.wav,25.4,0.0,30.0,beat_this
Debussy_Images_Book_1_1_Reflets_dans_lEau_ParkJH13M.wav,26.72,0.0,30.0,beat_this
Debussy_Images_Book_1_1_Reflets_dans_lEau_ParkJH13M.wav,27.64,0.0,30.0,beat_this
Debussy_Images_Book_1_1_Reflets_dans_lEau_ParkJH13M.wav,28.02,0.0,30.0,beat_this
Debussy_Images_Book_1_1_Reflets_dans_lEau_ParkJH13M.wav,28.38,0.0,30.0,beat_this
Debussy_Images_Book_1_1_Reflets_dans_lEau_ParkJH13M.wav,29.28,0.0,30.0,beat_this
Haydn_Keyboard_Sonatas_50-1_no_repeat_GalantM02M.wav,0.02,0.0,30.0,beat_this
Haydn_Keyboard_Sonatas_50-1_no_repeat_GalantM02M.wav,0.52,0.0,30.0,beat_this
Haydn_Keyboard_Sonatas_50-1_no_repeat_GalantM02M.wav,1.02,0.0,30.0,beat_this
Haydn_Keyboard_Sonatas_50-1_no_repeat_GalantM02M.wav,1.52,0.0,30.0,beat_this
Haydn_Keyboard_Sonatas_50-1_no_repeat_GalantM02M.wav,2.0,0.0,30.0,beat_this
Haydn_Keyboard_Sonatas_50-1_no_repeat_GalantM02M.wav,2.5,0.0,30.0,beat_this
Haydn_Keyboard_Sonatas_50-1_no_repeat_GalantM02M.wav,3.0,0.0,30.0,beat_this
Haydn_Keyboard_Sonatas_50-1_no_repeat_GalantM02M.wav,3.5,0.0,30.0,beat_this
Haydn_Keyboard_Sonatas_50-1_no_repeat_GalantM02M.wav,4.0,0.0,30.0,beat_this
Haydn_Keyboard_Sonatas_50-1_no_repeat_GalantM02M.wav,4.5,0.0,30.0,beat_this
Haydn_Keyboard_Sonatas_50-1_no_repeat_GalantM02M.wav,4.98,0.0,30.0,beat_this
Haydn_Keyboard_Sonatas_50-1_no_repeat_GalantM02M.wav,5.48,0.0,30.0,beat_this
Haydn_Keyboard_Sonatas_50-1_no_repeat_GalantM02M.wav,5.98,0.0,30.0,beat_this
Haydn_Keyboard_Sonatas_50-1_no_repeat_GalantM02M.wav,6.5,0.0,30.0,beat_this
Haydn_Keyboard_Sonatas_50-1_no_repeat_GalantM02M.wav,7.1,0.0,30.0,beat_this
Haydn_Keyboard_Sonatas_50-1_no_repeat_GalantM02M.wav,7.76,0.0,30.0,beat_this
Haydn_Keyboard_Sonatas_50-1_no_repeat_GalantM02M.wav,9.04,0.0,30.0,beat_this
Haydn_Keyboard_Sonatas_50-1_no_repeat_GalantM02M.wav,10.7,0.0,30.0,beat_this
Haydn_Keyboard_Sonatas_50-1_no_repeat_GalantM02M.wav,11.2,0.0,30.0,beat_this
Haydn_Keyboard_Sonatas_50-1_no_repeat_GalantM02M.wav,11.7,0.0,30.0,beat_this
Haydn_Keyboard_Sonatas_50-1_no_repeat_GalantM02M.wav,12.2,0.0,30.0,beat_this
Haydn_Keyboard_Sonatas_50-1_no_repeat_GalantM02M.wav,12.68,0.0,30.0,beat_this
Haydn_Keyboard_Sonatas_50-1_no_repeat_GalantM02M.wav,13.18,0.0,30.0,beat_this
Haydn_Keyboard_Sonatas_50-1_no_repeat_GalantM02M.wav,13.68,0.0,30.0,beat_this
Haydn_Keyboard_Sonatas_50-1_no_repeat_GalantM02M.wav,14.2,0.0,30.0,beat_this
Haydn_Keyboard_Sonatas_50-1_no_repeat_GalantM02M.wav,14.7,0.0,30.0,beat_this
Haydn_Keyboard_Sonatas_50-1_no_repeat_GalantM02M.wav,15.18,0.0,30.0,beat_this
Haydn_Keyboard_Sonatas_50-1_no_repeat_GalantM02M.wav,15.66,0.0,30.0,beat_this
Haydn_Keyboard_Sonatas_50-1_no_repeat_GalantM02M.wav,16.14,0.0,30.0,beat_this
Haydn_Keyboard_Sonatas_50-1_no_repeat_GalantM02M.wav,16.6,0.0,30.0,beat_this
Haydn_Keyboard_Sonatas_50-1_no_repeat_GalantM02M.wav,17.12,0.0,30.0,beat_this
Haydn_Keyboard_Sonatas_50-1_no_repeat_GalantM02M.wav,17.64,0.0,30.0,beat_this
Haydn_Keyboard_Sonatas_50-1_no_repeat_GalantM02M.wav,18.16,0.0,30.0,beat_this
Haydn_Keyboard_Sonatas_50-1_no_repeat_GalantM02M.wav,18.66,0.0,30.0,beat_this
Haydn_Keyboard_Sonatas_50-1_no_repeat_GalantM02M.wav,19.18,0.0,30.0,beat_this
Haydn_Keyboard_Sonatas_50-1_no_repeat_GalantM02M.wav,19.72,0.0,30.0,beat_this
Haydn_Keyboard_Sonatas_50-1_no_repeat_GalantM02M.wav,20.28,0.0,30.0,beat_this
Haydn_Keyboard_Sonatas_50-1_no_repeat_GalantM02M.wav,20.82,0.0,30.0,beat_this
Haydn_Keyboard_Sonatas_50-1_no_repeat_GalantM02M.wav,21.34,0.0,30.0,beat_this
Haydn_Keyboard_Sonatas_50-1_no_repeat_GalantM02M.wav,21.88,0.0,30.0,beat_this
Haydn_Keyboard_Sonatas_50-1_no_repeat_GalantM02M.wav,22.42,0.0,30.0,beat_this
Haydn_Keyboard_Sonatas_50-1_no_repeat_GalantM02M.wav,22.96,0.0,30.0,beat_this
Haydn_Keyboard_Sonatas_50-1_no_repeat_GalantM02M.wav,23.5,0.0,30.0,beat_this
Haydn_Keyboard_Sonatas_50-1_no_repeat_GalantM02M.wav,24.04,0.0,30.0,beat_this
Haydn_Keyboard_Sonatas_50-1_no_repeat_GalantM02M.wav,24.56,0.0,30.0,beat_this
Haydn_Keyboard_Sonatas_50-1_no_repeat_GalantM02M.wav,25.1,0.0,30.0,beat_this
Haydn_Keyboard_Sonatas_50-1_no_repeat_GalantM02M.wav,25.64,0.0,30.0,beat_this
Haydn_Keyboard_Sonatas_50-1_no_repeat_GalantM02M.wav,26.16,0.0,30.0,beat_this
Haydn_Keyboard_Sonatas_50-1_no_repeat_GalantM02M.wav,26.7,0.0,30.0,beat_this
Haydn_Keyboard_Sonatas_50-1_no_repeat_GalantM02M.wav,27.26,0.0,30.0,beat_this
Haydn_Keyboard_Sonatas_50-1_no_repeat_GalantM02M.wav,27.84,0.0,30.0,beat_this
Haydn_Keyboard_Sonatas_50-1_no_repeat_GalantM02M.wav,28.4,0.0,30.0,beat_this
Haydn_Keyboard_Sonatas_50-1_no_repeat_GalantM02M.wav,28.98,0.0,30.0,beat_this
Haydn_Keyboard_Sonatas_50-1_no_repeat_GalantM02M.wav,29.52,0.0,30.0,beat_this
Liszt_Annees_de_pelerinage_2_1_Gondoliera_LeungM08M.wav,0.02,0.0,30.0,beat_this
Liszt_Annees_de_pelerinage_2_1_Gondoliera_LeungM08M.wav,0.86,0.0,30.0,beat_this
Liszt_Annees_de_pelerinage_2_1_Gondoliera_LeungM08M.wav,1.86,0.0,30.0,beat_this
Liszt_Annees_de_pelerinage_2_1_Gondoliera_LeungM08M.wav,2.86,0.0,30.0,beat_this
Liszt_Annees_de_pelerinage_2_1_Gondoliera_LeungM08M.wav,3.98,0.0,30.0,beat_this
Liszt_Annees_de_pelerinage_2_1_Gondoliera_LeungM08M.wav,5.12,0.0,30.0,beat_this
Liszt_Annees_de_pelerinage_2_1_Gondoliera_LeungM08M.wav,5.46,0.0,30.0,beat_this
Liszt_Annees_de_pelerinage_2_1_Gondoliera_LeungM08M.wav,6.2,0.0,30.0,beat_this
Liszt_Annees_de_pelerinage_2_1_Gondoliera_LeungM08M.wav,7.14,0.0,30.0,beat_this
Liszt_Annees_de_pelerinage_2_1_Gondoliera_LeungM08M.wav,7.42,0.0,30.0,beat_this
Liszt_Annees_de_pelerinage_2_1_Gondoliera_LeungM08M.wav,7.96,0.0,30.0,beat_this
Liszt_Annees_de_pelerinage_2_1_Gondoliera_LeungM08M.wav,8.86,0.0,30.0,beat_this
Liszt_Annees_de_pelerinage_2_1_Gondoliera_LeungM08M.wav,9.18,0.0,30.0,beat_this
Liszt_Annees_de_pelerinage_2_1_Gondoliera_LeungM08M.wav,9.84,0.0,30.0,beat_this
Liszt_Annees_de_pelerinage_2_1_Gondoliera_LeungM08M.wav,10.86,0.0,30.0,beat_this
Liszt_Annees_de_pelerinage_2_1_Gondoliera_LeungM08M.wav,11.2,0.0,30.0,beat_this
Liszt_Annees_de_pelerinage_2_1_Gondoliera_LeungM08M.wav,11.92,0.0,30.0,beat_this
Liszt_Annees_de_pelerinage_2_1_Gondoliera_LeungM08M.wav,13.02,0.0,30.0,beat_this
Liszt_Annees_de_pelerinage_2_1_Gondoliera_LeungM08M.wav,14.04,0.0,30.0,beat_this
Liszt_Annees_de_pelerinage_2_1_Gondoliera_LeungM08M.wav,14.94,0.0,30.0,beat_this
Liszt_Annees_de_pelerinage_2_1_Gondoliera_LeungM08M.wav,15.7,0.0,30.0,beat_this
Liszt_Annees_de_pelerinage_2_1_Gondoliera_LeungM08M.wav,16.62,0.0,30.0,beat_this
Liszt_Annees_de_pelerinage_2_1_Gondoliera_LeungM08M.wav,17.52,0.0,30.0,beat_this
Liszt_Annees_de_pelerinage_2_1_Gondoliera_LeungM08M.wav,18.52,0.0,30.0,beat_this
Liszt_Annees_de_pelerinage_2_1_Gondoliera_LeungM08M.wav,19.18,0.0,30.0,beat_this
Liszt_Annees_de_pelerinage_2_1_Gondoliera_LeungM08M.wav,19.36,0.0,30.0,beat_this
Liszt_Annees_de_pelerinage_2_1_Gondoliera_LeungM08M.wav,20.18,0.0,30.0,beat_this
Liszt_Annees_de_pelerinage_2_1_Gondoliera_LeungM08M.wav,20.34,0.0,30.0,beat_this
Liszt_Annees_de_pelerinage_2_1_Gondoliera_LeungM08M.wav,21.28,0.0,30.0,beat_this
Liszt_Annees_de_pelerinage_2_1_Gondoliera_LeungM08M.wav,22.64,0.0,30.0,beat_this
Liszt_Annees_de_pelerinage_2_1_Gondoliera_LeungM08M.wav,26.04,0.0,30.0,beat_this
Liszt_Annees_de_pelerinage_2_1_Gondoliera_LeungM08M.wav,27.18,0.0,30.0,beat_this
Liszt_Annees_de_pelerinage_2_1_Gondoliera_LeungM08M.wav,28.26,0.0,30.0,beat_this
Liszt_Annees_de_pelerinage_2_1_Gondoliera_LeungM08M.wav,29.38,0.0,30.0,beat_this
Media-100616.wav,0.3,0.0,30.0,beat_this
Media-100616.wav,0.58,0.0,30.0,beat_this
Media-100616.wav,0.88,0.0,30.0,beat_this
Media-100616.wav,1.14,0.0,30.0,beat_this
Media-100616.wav,1.44,0.0,30.0,beat_this
Media-100616.wav,1.72,0.0,30.0,beat_this
Media-100616.wav,2.02,0.0,30.0,beat_this
Media-100616.wav,2.3,0.0,30.0,beat_this
Media-100616.wav,2.58,0.0,30.0,beat_this
Media-100616.wav,2.88,0.0,30.0,beat_this
Media-100616.wav,3.16,0.0,30.0,beat_this
Media-100616.wav,3.46,0.0,30.0,beat_this
Media-100616.wav,3.74,0.0,30.0,beat_this
Media-100616.wav,4.04,0.0,30.0,beat_this
Media-100616.wav,4.32,0.0,30.0,beat_this
Media-100616.wav,4.6,0.0,30.0,beat_this
Media-100616.wav,4.9,0.0,30.0,beat_this
Media-100616.wav,5.18,0.0,30.0,beat_this
Media-100616.wav,5.48,0.0,30.0,beat_this
Media-100616.wav,5.78,0.0,30.0,beat_this
Media-100616.wav,6.06,0.0,30.0,beat_this
Media-100616.wav,6.36,0.0,30.0,beat_this
Media-100616.wav,6.64,0.0,30.0,beat_this
Media-100616.wav,6.94,0.0,30.0,beat_this
Media-100616.wav,7.22,0.0,30.0,beat_this
Media-100616.wav,7.5,0.0,30.0,beat_this
Media-100616.wav,7.8,0.0,30.0,beat_this
Media-100616.wav,8.08,0.0,30.0,beat_this
Media-100616.wav,8.38,0.0,30.0,beat_this
Media-100616.wav,8.66,0.0,30.0,beat_this
Media-100616.wav,8.96,0.0,30.0,beat_this
Media-100616.wav,9.24,0.0,30.0,beat_this
Media-100616.wav,9.54,0.0,30.0,beat_this
Media-100616.wav,9.82,0.0,30.0,beat_this
Media-100616.wav,10.12,0.0,30.0,beat_this
Media-100616.wav,10.4,0.0,30.0,beat_this
Media-100616.wav,10.68,0.0,30.0,beat_this
Media-100616.wav,10.96,0.0,30.0,beat_this
Media-100616.wav,11.26,0.0,30.0,beat_this
Media-100616.wav,11.54,0.0,30.0,beat_this
Media-100616.wav,11.84,0.0,30.0,beat_this
Media-100616.wav,12.12,0.0,30.0,beat_this
Media-100616.wav,12.42,0.0,30.0,beat_this
Media-100616.wav,12.7,0.0,30.0,beat_this
Media-100616.wav,13.0,0.0,30.0,beat_this
Media-100616.wav,13.28,0.0,30.0,beat_this
Media-100616.wav,13.56,0.0,30.0,beat_this
Media-100616.wav,13.86,0.0,30.0,beat_this
Media-100616.wav,14.14,0.0,30.0,beat_this
Media-100616.wav,14.42,0.0,30.0,beat_this
Media-100616.wav,14.72,0.0,30.0,beat_this
Media-100616.wav,15.0,0.0,30.0,beat_this
Media-100616.wav,15.28,0.0,30.0,beat_this
Media-100616.wav,15.58,0.0,30.0,beat_this
Media-100616.wav,15.86,0.0,30.0,beat_this
Media-100616.wav,16.14,0.0,30.0,beat_this
Media-100616.wav,16.44,0.0,30.0,beat_this
Media-100616.wav,16.74,0.0,30.0,beat_this
Media-100616.wav,17.02,0.0,30.0,beat_this
Media-100616.wav,17.32,0.0,30.0,beat_this
Media-100616.wav,17.6,0.0,30.0,beat_this
Media-100616.wav,17.9,0.0,30.0,beat_this
Media-100616.wav,18.18,0.0,30.0,beat_this
Media-100616.wav,18.48,0.0,30.0,beat_this
Media-100616.wav,18.76,0.0,30.0,beat_this
Media-100616.wav,19.04,0.0,30.0,beat_this
Media-100616.wav,19.34,0.0,30.0,beat_this
Media-100616.wav,19.62,0.0,30.0,beat_this
Media-100616.wav,19.92,0.0,30.0,beat_this
Media-100616.wav,20.2,0.0,30.0,beat_this
Media-100616.wav,20.5,0.0,30.0,beat_this
Media-100616.wav,20.78,0.0,30.0,beat_this
Media-100616.wav,21.08,0.0,30.0,beat_this
Media-100616.wav,21.36,0.0,30.0,beat_this
Media-100616.wav,21.64,0.0,30.0,beat_this
Media-100616.wav,21.94,0.0,30.0,beat_this
Media-100616.wav,22.22,0.0,30.0,beat_this
Media-100616.wav,22.5,0.0,30.0,beat_this
Media-100616.wav,22.8,0.0,30.0,beat_this
Media-100616.wav,23.08,0.0,30.0,beat_this
Media-100616.wav,23.38,0.0,30.0,beat_this
Media-100616.wav,23.66,0.0,30.0,beat_this
Media-100616.wav,23.96,0.0,30.0,beat_this
Media-100616.wav,24.24,0.0,30.0,beat_this
Media-100616.wav,24.52,0.0,30.0,beat_this
Media-100616.wav,24.8,0.0,30.0,beat_this
Media-100616.wav,25.1,0.0,30.0,beat_this
Media-100616.wav,25.38,0.0,30.0,beat_this
Media-100616.wav,25.68,0.0,30.0,beat_this
Media-100616.wav,25.96,0.0,30.0,beat_this
Media-100616.wav,26.24,0.0,30.0,beat_this
Media-100616.wav,26.54,0.0,30.0,beat_this
Media-100616.wav,26.82,0.0,30.0,beat_this
Media-100616.wav,27.1,0.0,30.0,beat_this
Media-100616.wav,27.4,0.0,30.0,beat_this
Media-100616.wav,27.7,0.0,30.0,beat_this
Media-100616.wav,27.98,0.0,30.0,beat_this
Media-100616.wav,28.28,0.0,30.0,beat_this
Media-100616.wav,28.58,0.0,30.0,beat_this
Media-100616.wav,28.86,0.0,30.0,beat_this
Media-100616.wav,29.14,0.0,30.0,beat_this
Media-100616.wav,29.44,0.0,30.0,beat_this
Media-100616.wav,29.72,0.0,30.0,beat_this
Media-103401.wav,0.12,0.0,30.0,beat_this
Media-103401.wav,0.6,0.0,30.0,beat_this
Media-103401.wav,1.06,0.0,30.0,beat_this
Media-103401.wav,1.56,0.0,30.0,beat_this
Media-103401.wav,2.04,0.0,30.0,beat_this
Media-103401.wav,2.52,0.0,30.0,beat_this
Media-103401.wav,3.0,0.0,30.0,beat_this
Media-103401.wav,3.48,0.0,30.0,beat_this
Media-103401.wav,3.98,0.0,30.0,beat_this
Media-103401.wav,4.46,0.0,30.0,beat_this
Media-103401.wav,4.94,0.0,30.0,beat_this
Media-103401.wav,5.42,0.0,30.0,beat_this
Media-103401.wav,5.9,0.0,30.0,beat_this
Media-103401.wav,6.38,0.0,30.0,beat_this
Media-103401.wav,6.88,0.0,30.0,beat_this
Media-103401.wav,7.36,0.0,30.0,beat_this
Media-103401.wav,7.84,0.0,30.0,beat_this
Media-103401.wav,8.32,0.0,30.0,beat_this
Media-103401.wav,8.8,0.0,30.0,beat_this
Media-103401.wav,9.3,0.0,30.0,beat_this
Media-103401.wav,9.78,0.0,30.0,beat_this
Media-103401.wav,10.26,0.0,30.0,beat_this
Media-103401.wav,10.74,0.0,30.0,beat_this
Media-103401.wav,11.24,0.0,30.0,beat_this
Media-103401.wav,11.72,0.0,30.0,beat_this
Media-103401.wav,12.2,0.0,30.0,beat_this
Media-103401.wav,12.68,0.0,30.0,beat_this
Media-103401.wav,13.16,0.0,30.0,beat_this
Media-103401.wav,13.64,0.0,30.0,beat_this
Media-103401.wav,14.14,0.0,30.0,beat_this
Media-103401.wav,14.62,0.0,30.0,beat_this
Media-103401.wav,15.1,0.0,30.0,beat_this
Media-103401.wav,15.58,0.0,30.0,beat_this
Media-103401.wav,16.06,0.0,30.0,beat_this
Media-103401.wav,16.56,0.0,30.0,beat_this
Media-103401.wav,17.04,0.0,30.0,beat_this
Media-103401.wav,17.52,0.0,30.0,beat_this
Media-103401.wav,18.0,0.0,30.0,beat_this
Media-103401.wav,18.48,0.0,30.0,beat_this
Media-103401.wav,18.96,0.0,30.0,beat_this
Media-103401.wav,19.46,0.0,30.0,beat_this
Media-103401.wav,19.94,0.0,30.0,beat_this
Media-103401.wav,20.42,0.0,30.0,beat_this
Media-103401.wav,20.9,0.0,30.0,beat_this
Media-103401.wav,21.38,0.0,30.0,beat_this
Media-103401.wav,21.86,0.0,30.0,beat_this
Media-103401.wav,22.36,0.0,30.0,beat_this
Media-103401.wav,22.84,0.0,30.0,beat_this
Media-103401.wav,23.32,0.0,30.0,beat_this
Media-103401.wav,23.82,0.0,30.0,beat_this
Media-103401.wav,24.3,0.0,30.0,beat_this
Media-103401.wav,24.78,0.0,30.0,beat_this
Media-103401.wav,25.26,0.0,30.0,beat_this
Media-103401.wav,25.74,0.0,30.0,beat_this
Media-103401.wav,26.22,0.0,30.0,beat_this
Media-103401.wav,26.7,0.0,30.0,beat_this
Media-103401.wav,27.2,0.0,30.0,beat_this
Media-103401.wav,27.68,0.0,30.0,beat_this
Media-103401.wav,28.16,0.0,30.0,beat_this
Media-103401.wav,28.66,0.0,30.0,beat_this
Media-103401.wav,29.14,0.0,30.0,beat_this
Media-103401.wav,29.62,0.0,30.0,beat_this
Media-103410.wav,0.3,0.0,30.0,beat_this
Media-103410.wav,0.8,0.0,30.0,beat_this
Media-103410.wav,1.28,0.0,30.0,beat_this
Media-103410.wav,1.76,0.0,30.0,beat_this
Media-103410.wav,2.24,0.0,30.0,beat_this
Media-103410.wav,2.72,0.0,30.0,beat_this
Media-103410.wav,3.2,0.0,30.0,beat_this
Media-103410.wav,3.7,0.0,30.0,beat_this
Media-103410.wav,4.18,0.0,30.0,beat_this
Media-103410.wav,4.66,0.0,30.0,beat_this
Media-103410.wav,5.14,0.0,30.0,beat_this
Media-103410.wav,5.62,0.0,30.0,beat_this
Media-103410.wav,6.1,0.0,30.0,beat_this
Media-103410.wav,6.6,0.0,30.0,beat_this
Media-103410.wav,7.08,0.0,30.0,beat_this
Media-103410.wav,7.56,0.0,30.0,beat_this
Media-103410.wav,8.04,0.0,30.0,beat_this
Media-103410.wav,8.54,0.0,30.0,beat_this
Media-103410.wav,9.02,0.0,30.0,beat_this
Media-103410.wav,9.5,0.0,30.0,beat_this
Media-103410.wav,9.98,0.0,30.0,beat_this
Media-103410.wav,10.46,0.0,30.0,beat_this
Media-103410.wav,10.94,0.0,30.0,beat_this
Media-103410.wav,11.44,0.0,30.0,beat_this
Media-103410.wav,11.92,0.0,30.0,beat_this
Media-103410.wav,12.4,0.0,30.0,beat_this
Media-103410.wav,12.88,0.0,30.0,beat_this
Media-103410.wav,13.36,0.0,30.0,beat_this
Media-103410.wav,13.86,0.0,30.0,beat_this
Media-103410.wav,14.34,0.0,30.0,beat_this
Media-103410.wav,14.82,0.0,30.0,beat_this
Media-103410.wav,15.3,0.0,30.0,beat_this
Media-103410.wav,15.78,0.0,30.0,beat_this
Media-103410.wav,16.26,0.0,30.0,beat_this
Media-103410.wav,16.74,0.0,30.0,beat_this
Media-103410.wav,17.24,0.0,30.0,beat_this
Media-103410.wav,17.72,0.0,30.0,beat_this
Media-103410.wav,18.2,0.0,30.0,beat_this
Media-103410.wav,18.68,0.0,30.0,beat_this
Media-103410.wav,19.18,0.0,30.0,beat_this
Media-103410.wav,19.66,0.0,30.0,beat_this
Media-103410.wav,20.14,0.0,30.0,beat_this
Media-103410.wav,20.62,0.0,30.0,beat_this
Media-103410.wav,21.12,0.0,30.0,beat_this
Media-103410.wav,21.6,0.0,30.0,beat_this
Media-103410.wav,22.08,0.0,30.0,beat_this
Media-103410.wav,22.56,0.0,30.0,beat_this
Media-103410.wav,23.04,0.0,30.0,beat_this
Media-103410.wav,23.54,0.0,30.0,beat_this
Media-103410.wav,24.02,0.0,30.0,beat_this
Media-103410.wav,24.5,0.0,30.0,beat_this
Media-103410.wav,24.98,0.0,30.0,beat_this
Media-103410.wav,25.46,0.0,30.0,beat_this
Media-103410.wav,25.94,0.0,30.0,beat_this
Media-103410.wav,26.42,0.0,30.0,beat_this
Media-103410.wav,26.9,0.0,30.0,beat_this
Media-103410.wav,27.4,0.0,30.0,beat_this
Media-103410.wav,27.88,0.0,30.0,beat_this
Media-103410.wav,28.36,0.0,30.0,beat_this
Media-103410.wav,28.86,0.0,30.0,beat_this
Media-103410.wav,29.32,0.0,30.0,beat_this
Media-103410.wav,29.82,0.0,30.0,beat_this
Media-103412.wav,0.08,0.0,30.0,beat_this
Media-103412.wav,0.58,0.0,30.0,beat_this
Media-103412.wav,1.06,0.0,30.0,beat_this
Media-103412.wav,1.54,0.0,30.0,beat_this
Media-103412.wav,2.02,0.0,30.0,beat_this
Media-103412.wav,2.5,0.0,30.0,beat_this
Media-103412.wav,2.98,0.0,30.0,beat_this
Media-103412.wav,3.46,0.0,30.0,beat_this
Media-103412.wav,3.96,0.0,30.0,beat_this
Media-103412.wav,4.44,0.0,30.0,beat_this
Media-103412.wav,4.92,0.0,30.0,beat_this
Media-103412.wav,5.4,0.0,30.0,beat_this
Media-103412.wav,5.88,0.0,30.0,beat_this
Media-103412.wav,6.36,0.0,30.0,beat_this
Media-103412.wav,6.86,0.0,30.0,beat_this
Media-103412.wav,7.34,0.0,30.0,beat_this
Media-103412.wav,7.84,0.0,30.0,beat_this
Media-103412.wav,8.3,0.0,30.0,beat_this
Media-103412.wav,8.8,0.0,30.0,beat_this
Media-103412.wav,9.28,0.0,30.0,beat_this
Media-103412.wav,9.76,0.0,30.0,beat_this
Media-103412.wav,10.24,0.0,30.0,beat_this
Media-103412.wav,10.72,0.0,30.0,beat_this
Media-103412.wav,11.22,0.0,30.0,beat_this
Media-103412.wav,11.7,0.0,30.0,beat_this
Media-103412.wav,12.18,0.0,30.0,beat_this
Media-103412.wav,12.66,0.0,30.0,beat_this
Media-103412.wav,13.14,0.0,30.0,beat_this
Media-103412.wav,13.62,0.0,30.0,beat_this
Media-103412.wav,14.12,0.0,30.0,beat_this
Media-103412.wav,14.6,0.0,30.0,beat_this
Media-103412.wav,15.08,0.0,30.0,beat_this
Media-103412.wav,15.56,0.0,30.0,beat_this
Media-103412.wav,16.04,0.0,30.0,beat_this
Media-103412.wav,16.54,0.0,30.0,beat_this
Media-103412.wav,17.02,0.0,30.0,beat_this
Media-103412.wav,17.5,0.0,30.0,beat_this
Media-103412.wav,17.98,0.0,30.0,beat_this
Media-103412.wav,18.46,0.0,30.0,beat_this
Media-103412.wav,18.94,0.0,30.0,beat_this
Media-103412.wav,19.44,0.0,30.0,beat_this
Media-103412.wav,19.92,0.0,30.0,beat_this
Media-103412.wav,20.4,0.0,30.0,beat_this
Media-103412.wav,20.88,0.0,30.0,beat_this
Media-103412.wav,21.36,0.0,30.0,beat_this
Media-103412.wav,21.86,0.0,30.0,beat_this
Media-103412.wav,22.34,0.0,30.0,beat_this
Media-103412.wav,22.82,0.0,30.0,beat_this
Media-103412.wav,23.3,0.0,30.0,beat_this
Media-103412.wav,23.8,0.0,30.0,beat_this
Media-103412.wav,24.28,0.0,30.0,beat_this
Media-103412.wav,24.76,0.0,30.0,beat_this
Media-103412.wav,25.24,0.0,30.0,beat_this
Media-103412.wav,25.72,0.0,30.0,beat_this
Media-103412.wav,26.2,0.0,30.0,beat_this
Media-103412.wav,26.7,0.0,30.0,beat_this
Media-103412.wav,27.18,0.0,30.0,beat_this
Media-103412.wav,27.66,0.0,30.0,beat_this
Media-103412.wav,28.14,0.0,30.0,beat_this
Media-103412.wav,28.64,0.0,30.0,beat_this
Media-103412.wav,29.1,0.0,30.0,beat_this
Media-103412.wav,29.6,0.0,30.0,beat_this
Media-103413.wav,1.04,0.0,30.0,beat_this
Media-103413.wav,1.52,0.0,30.0,beat_this
Media-103413.wav,2.02,0.0,30.0,beat_this
Media-103413.wav,2.5,0.0,30.0,beat_this
Media-103413.wav,2.98,0.0,30.0,beat_this
Media-103413.wav,3.48,0.0,30.0,beat_this
Media-103413.wav,3.96,0.0,30.0,beat_this
Media-103413.wav,4.44,0.0,30.0,beat_this
Media-103413.wav,4.92,0.0,30.0,beat_this
Media-103413.wav,5.4,0.0,30.0,beat_this
Media-103413.wav,5.88,0.0,30.0,beat_this
Media-103413.wav,6.38,0.0,30.0,beat_this
Media-103413.wav,6.86,0.0,30.0,beat_this
Media-103413.wav,7.34,0.0,30.0,beat_this
Media-103413.wav,7.82,0.0,30.0,beat_this
Media-103413.wav,8.32,0.0,30.0,beat_this
Media-103413.wav,8.8,0.0,30.0,beat_this
Media-103413.wav,9.28,0.0,30.0,beat_this
Media-103413.wav,9.76,0.0,30.0,beat_this
Media-103413.wav,10.24,0.0,30.0,beat_this
Media-103413.wav,10.72,0.0,30.0,beat_this
Media-103413.wav,11.22,0.0,30.0,beat_this
Media-103413.wav,11.7,0.0,30.0,beat_this
Media-103413.wav,12.18,0.0,30.0,beat_this
Media-103413.wav,12.66,0.0,30.0,beat_this
Media-103413.wav,13.14,0.0,30.0,beat_this
Media-103413.wav,13.62,0.0,30.0,beat_this
Media-103413.wav,14.12,0.0,30.0,beat_this
Media-103413.wav,14.6,0.0,30.0,beat_this
Media-103413.wav,15.08,0.0,30.0,beat_this
Media-103413.wav,15.56,0.0,30.0,beat_this
Media-103413.wav,16.06,0.0,30.0,beat_this
Media-103413.wav,16.54,0.0,30.0,beat_this
Media-103413.wav,17.02,0.0,30.0,beat_this
Media-103413.wav,17.5,0.0,30.0,beat_this
Media-103413.wav,17.98,0.0,30.0,beat_this
Media-103413.wav,18.46,0.0,30.0,beat_this
Media-103413.wav,18.96,0.0,30.0,beat_this
Media-103413.wav,19.44,0.0,30.0,beat_this
Media-103413.wav,19.92,0.0,30.0,beat_this
Media-103413.wav,20.4,0.0,30.0,beat_this
Media-103413.wav,20.88,0.0,30.0,beat_this
Media-103413.wav,21.36,0.0,30.0,beat_this
Media-103413.wav,21.86,0.0,30.0,beat_this
Media-103413.wav,22.34,0.0,30.0,beat_this
Media-103413.wav,22.82,0.0,30.0,beat_this
Media-103413.wav,23.3,0.0,30.0,beat_this
Media-103413.wav,23.8,0.0,30.0,beat_this
Media-103413.wav,24.28,0.0,30.0,beat_this
Media-103413.wav,24.76,0.0,30.0,beat_this
Media-103413.wav,25.24,0.0,30.0,beat_this
Media-103413.wav,25.72,0.0,30.0,beat_this
Media-103413.wav,26.2,0.0,30.0,beat_this
Media-103413.wav,26.7,0.0,30.0,beat_this
Media-103413.wav,27.18,0.0,30.0,beat_this
Media-103413.wav,27.66,0.0,30.0,beat_this
Media-103413.wav,28.14,0.0,30.0,beat_this
Media-103413.wav,28.62,0.0,30.0,beat_this
Media-103413.wav,29.1,0.0,30.0,beat_this
Media-103413.wav,29.6,0.0,30.0,beat_this
Media-103501.wav,0.06,0.0,30.0,beat_this
Media-103501.wav,0.7,0.0,30.0,beat_this
Media-103501.wav,1.3,0.0,30.0,beat_this
Media-103501.wav,1.94,0.0,30.0,beat_this
Media-103501.wav,4.38,0.0,30.0,beat_this
Media-103501.wav,5.0,0.0,30.0,beat_this
Media-103501.wav,5.6,0.0,30.0,beat_this
Media-103501.wav,6.22,0.0,30.0,beat_this
Media-103501.wav,6.82,0.0,30.0,beat_this
Media-103501.wav,7.42,0.0,30.0,beat_this
Media-103501.wav,8.02,0.0,30.0,beat_this
Media-103501.wav,8.62,0.0,30.0,beat_this
Media-103501.wav,9.22,0.0,30.0,beat_this
Media-103501.wav,9.82,0.0,30.0,beat_this
Media-103501.wav,10.4,0.0,30.0,beat_this
Media-103501.wav,11.0,0.0,30.0,beat_this
Media-103501.wav,11.6,0.0,30.0,beat_this
Media-103501.wav,12.2,0.0,30.0,beat_this
Media-103501.wav,12.8,0.0,30.0,beat_this
Media-103501.wav,13.4,0.0,30.0,beat_this
Media-103501.wav,14.0,0.0,30.0,beat_this
Media-103501.wav,14.62,0.0,30.0,beat_this
Media-103501.wav,15.2,0.0,30.0,beat_this
Media-103501.wav,15.8,0.0,30.0,beat_this
Media-103501.wav,16.4,0.0,30.0,beat_this
Media-103501.wav,17.0,0.0,30.0,beat_this
Media-103501.wav,17.6,0.0,30.0,beat_this
Media-103501.wav,18.22,0.0,30.0,beat_this
Media-103501.wav,18.82,0.0,30.0,beat_this
Media-103501.wav,19.42,0.0,30.0,beat_this
Media-103501.wav,20.02,0.0,30.0,beat_this
Media-103501.wav,20.62,0.0,30.0,beat_this
Media-103501.wav,21.2,0.0,30.0,beat_this
Media-103501.wav,21.8,0.0,30.0,beat_this
Media-103501.wav,22.4,0.0,30.0,beat_this
Media-103501.wav,23.02,0.0,30.0,beat_this
Media-103501.wav,23.62,0.0,30.0,beat_this
Media-103501.wav,24.22,0.0,30.0,beat_this
Media-103501.wav,24.82,0.0,30.0,beat_this
Media-103501.wav,25.42,0.0,30.0,beat_this
Media-103501.wav,26.02,0.0,30.0,beat_this
Media-103501.wav,26.62,0.0,30.0,beat_this
Media-103501.wav,27.2,0.0,30.0,beat_this
Media-103501.wav,27.8,0.0,30.0,beat_this
Media-103501.wav,28.4,0.0,30.0,beat_this
Media-103501.wav,29.02,0.0,30.0,beat_this
Media-103501.wav,29.62,0.0,30.0,beat_this
Media-103507.wav,0.08,0.0,30.0,beat_this
Media-103507.wav,0.58,0.0,30.0,beat_this
Media-103507.wav,1.08,0.0,30.0,beat_this
Media-103507.wav,1.58,0.0,30.0,beat_this
Media-103507.wav,2.08,0.0,30.0,beat_this
Media-103507.wav,2.58,0.0,30.0,beat_this
Media-103507.wav,3.08,0.0,30.0,beat_this
Media-103507.wav,3.56,0.0,30.0,beat_this
Media-103507.wav,4.06,0.0,30.0,beat_this
Media-103507.wav,4.54,0.0,30.0,beat_this
Media-103507.wav,5.04,0.0,30.0,beat_this
Media-103507.wav,5.54,0.0,30.0,beat_this
Media-103507.wav,6.04,0.0,30.0,beat_this
Media-103507.wav,6.54,0.0,30.0,beat_this
Media-103507.wav,7.04,0.0,30.0,beat_this
Media-103507.wav,7.52,0.0,30.0,beat_this
Media-103507.wav,8.02,0.0,30.0,beat_this
Media-103507.wav,8.52,0.0,30.0,beat_this
Media-103507.wav,9.0,0.0,30.0,beat_this
Media-103507.wav,9.5,0.0,30.0,beat_this
Media-103507.wav,10.0,0.0,30.0,beat_this
Media-103507.wav,10.5,0.0,30.0,beat_this
Media-103507.wav,10.98,0.0,30.0,beat_this
Media-103507.wav,11.48,0.0,30.0,beat_this
Media-103507.wav,11.98,0.0,30.0,beat_this
Media-103507.wav,12.44,0.0,30.0,beat_this
Media-103507.wav,12.94,0.0,30.0,beat_this
Media-103507.wav,13.42,0.0,30.0,beat_this
Media-103507.wav,13.92,0.0,30.0,beat_this
Media-103507.wav,14.4,0.0,30.0,beat_this
Media-103507.wav,14.88,0.0,30.0,beat_this
Media-103507.wav,15.36,0.0,30.0,beat_this
Media-103507.wav,15.84,0.0,30.0,beat_this
Media-103507.wav,16.32,0.0,30.0,beat_this
Media-103507.wav,16.8,0.0,30.0,beat_this
Media-103507.wav,17.28,0.0,30.0,beat_this
Media-103507.wav,17.78,0.0,30.0,beat_this
Media-103507.wav,18.28,0.0,30.0,beat_this
Media-103507.wav,18.76,0.0,30.0,beat_this
Media-103507.wav,19.24,0.0,30.0,beat_this
Media-103507.wav,19.74,0.0,30.0,beat_this
Media-103507.wav,20.22,0.0,30.0,beat_this
Media-103507.wav,20.72,0.0,30.0,beat_this
Media-103507.wav,21.2,0.0,30.0,beat_this
Media-103507.wav,21.7,0.0,30.0,beat_this
Media-103507.wav,22.18,0.0,30.0,beat_this
Media-103507.wav,22.68,0.0,30.0,beat_this
Media-103507.wav,23.16,0.0,30.0,beat_this
Media-103507.wav,23.64,0.0,30.0,beat_this
Media-103507.wav,24.12,0.0,30.0,beat_this
Media-103507.wav,24.62,0.0,30.0,beat_this
Media-103507.wav,25.12,0.0,30.0,beat_this
Media-103507.wav,25.6,0.0,30.0,beat_this
Media-103507.wav,26.08,0.0,30.0,beat_this
Media-103507.wav,26.58,0.0,30.0,beat_this
Media-103507.wav,27.06,0.0,30.0,beat_this
Media-103507.wav,27.54,0.0,30.0,beat_this
Media-103507.wav,28.04,0.0,30.0,beat_this
Media-103507.wav,28.52,0.0,30.0,beat_this
Media-103507.wav,29.04,0.0,30.0,beat_this
Media-103507.wav,29.52,0.0,30.0,beat_this
Media-103511.wav,0.36,0.0,30.0,beat_this
Media-103511.wav,0.96,0.0,30.0,beat_this
Media-103511.wav,1.56,0.0,30.0,beat_this
Media-103511.wav,2.14,0.0,30.0,beat_this
Media-103511.wav,2.74,0.0,30.0,beat_this
Media-103511.wav,3.34,0.0,30.0,beat_this
Media-103511.wav,3.94,0.0,30.0,beat_this
Media-103511.wav,4.54,0.0,30.0,beat_this
Media-103511.wav,5.14,0.0,30.0,beat_this
Media-103511.wav,5.74,0.0,30.0,beat_this
Media-103511.wav,6.34,0.0,30.0,beat_this
Media-103511.wav,6.92,0.0,30.0,beat_this
Media-103511.wav,7.54,0.0,30.0,beat_this
Media-103511.wav,8.12,0.0,30.0,beat_this
Media-103511.wav,8.74,0.0,30.0,beat_this
Media-103511.wav,9.32,0.0,30.0,beat_this
Media-103511.wav,9.94,0.0,30.0,beat_this
Media-103511.wav,10.52,0.0,30.0,beat_this
Media-103511.wav,11.12,0.0,30.0,beat_this
Media-103511.wav,11.72,0.0,30.0,beat_this
Media-103511.wav,12.32,0.0,30.0,beat_this
Media-103511.wav,12.92,0.0,30.0,beat_this
Media-103511.wav,13.54,0.0,30.0,beat_this
Media-103511.wav,14.12,0.0,30.0,beat_this
Media-103511.wav,14.72,0.0,30.0,beat_this
Media-103511.wav,15.32,0.0,30.0,beat_this
Media-103511.wav,15.9,0.0,30.0,beat_this
Media-103511.wav,16.5,0.0,30.0,beat_this
Media-103511.wav,17.12,0.0,30.0,beat_this
Media-103511.wav,17.72,0.0,30.0,beat_this
Media-103511.wav,18.3,0.0,30.0,beat_this
Media-103511.wav,18.9,0.0,30.0,beat_this
Media-103511.wav,19.5,0.0,30.0,beat_this
Media-103511.wav,20.08,0.0,30.0,beat_this
Media-103511.wav,20.7,0.0,30.0,beat_this
Media-103511.wav,21.28,0.0,30.0,beat_this
Media-103511.wav,21.9,0.0,30.0,beat_this
Media-103511.wav,22.5,0.0,30.0,beat_this
Media-103511.wav,23.1,0.0,30.0,beat_this
Media-103511.wav,23.7,0.0,30.0,beat_this
Media-103511.wav,24.32,0.0,30.0,beat_this
Media-103511.wav,24.92,0.0,30.0,beat_this
Media-103511.wav,25.5,0.0,30.0,beat_this
Media-103511.wav,26.1,0.0,30.0,beat_this
Media-103511.wav,26.7,0.0,30.0,beat_this
Media-103511.wav,27.3,0.0,30.0,beat_this
Media-103511.wav,27.9,0.0,30.0,beat_this
Media-103511.wav,28.48,0.0,30.0,beat_this
Media-103511.wav,29.08,0.0,30.0,beat_this
Media-103511.wav,29.7,0.0,30.0,beat_this
Media-103512.wav,0.06,0.0,30.0,beat_this
Media-103512.wav,0.68,0.0,30.0,beat_this
Media-103512.wav,1.28,0.0,30.0,beat_this
Media-103512.wav,1.88,0.0,30.0,beat_this
Media-103512.wav,2.48,0.0,30.0,beat_this
Media-103512.wav,3.1,0.0,30.0,beat_this
Media-103512.wav,3.68,0.0,30.0,beat_this
Media-103512.wav,4.28,0.0,30.0,beat_this
Media-103512.wav,4.88,0.0,30.0,beat_this
Media-103512.wav,5.5,0.0,30.0,beat_this
Media-103512.wav,6.1,0.0,30.0,beat_this
Media-103512.wav,6.7,0.0,30.0,beat_this
Media-103512.wav,7.3,0.0,30.0,beat_this
Media-103512.wav,7.9,0.0,30.0,beat_this
Media-103512.wav,8.5,0.0,30.0,beat_this
Media-103512.wav,9.1,0.0,30.0,beat_this
Media-103512.wav,9.7,0.0,30.0,beat_this
Media-103512.wav,10.3,0.0,30.0,beat_this
Media-103512.wav,10.9,0.0,30.0,beat_this
Media-103512.wav,11.5,0.0,30.0,beat_this
Media-103512.wav,12.08,0.0,30.0,beat_this
Media-103512.wav,12.7,0.0,30.0,beat_this
Media-103512.wav,13.28,0.0,30.0,beat_this
Media-103512.wav,13.88,0.0,30.0,beat_this
Media-103512.wav,14.46,0.0,30.0,beat_this
Media-103512.wav,15.06,0.0,30.0,beat_this
Media-103512.wav,15.66,0.0,30.0,beat_this
Media-103512.wav,16.26,0.0,30.0,beat_this
Media-103512.wav,16.86,0.0,30.0,beat_this
Media-103512.wav,17.46,0.0,30.0,beat_this
Media-103512.wav,18.06,0.0,30.0,beat_this
Media-103512.wav,18.66,0.0,30.0,beat_this
Media-103512.wav,19.26,0.0,30.0,beat_this
Media-103512.wav,19.86,0.0,30.0,beat_this
Media-103512.wav,20.46,0.0,30.0,beat_this
Media-103512.wav,21.06,0.0,30.0,beat_this
Media-103512.wav,21.66,0.0,30.0,beat_this
Media-103512.wav,22.28,0.0,30.0,beat_this
Media-103512.wav,22.88,0.0,30.0,beat_this
Media-103512.wav,23.48,0.0,30.0,beat_this
Media-103512.wav,24.08,0.0,30.0,beat_this
Media-103512.wav,24.68,0.0,30.0,beat_this
Media-103512.wav,25.28,0.0,30.0,beat_this
Media-103512.wav,25.88,0.0,30.0,beat_this
Media-103512.wav,26.48,0.0,30.0,beat_this
Media-103512.wav,27.08,0.0,30.0,beat_this
Media-103512.wav,27.68,0.0,30.0,beat_this
Media-103512.wav,28.28,0.0,30.0,beat_this
Media-103512.wav,28.86,0.0,30.0,beat_this
Media-103512.wav,29.48,0.0,30.0,beat_this
Media-103515.wav,0.08,0.0,30.0,beat_this
Media-103515.wav,0.46,0.0,30.0,beat_this
Media-103515.wav,0.84,0.0,30.0,beat_this
Media-103515.wav,1.24,0.0,30.0,beat_this
Media-103515.wav,1.62,0.0,30.0,beat_this
Media-103515.wav,2.0,0.0,30.0,beat_this
Media-103515.wav,2.38,0.0,30.0,beat_this
Media-103515.wav,2.76,0.0,30.0,beat_this
Media-103515.wav,3.14,0.0,30.0,beat_this
Media-103515.wav,3.52,0.0,30.0,beat_this
Media-103515.wav,3.9,0.0,30.0,beat_this
Media-103515.wav,4.28,0.0,30.0,beat_this
Media-103515.wav,4.66,0.0,30.0,beat_this
Media-103515.wav,5.04,0.0,30.0,beat_this
Media-103515.wav,5.42,0.0,30.0,beat_this
Media-103515.wav,5.8,0.0,30.0,beat_this
Media-103515.wav,6.16,0.0,30.0,beat_this
Media-103515.wav,6.54,0.0,30.0,beat_this
Media-103515.wav,6.92,0.0,30.0,beat_this
Media-103515.wav,7.3,0.0,30.0,beat_this
Media-103515.wav,7.66,0.0,30.0,beat_this
Media-103515.wav,8.04,0.0,30.0,beat_this
Media-103515.wav,8.4,0.0,30.0,beat_this
Media-103515.wav,8.8,0.0,30.0,beat_this
Media-103515.wav,9.16,0.0,30.0,beat_this
Media-103515.wav,9.54,0.0,30.0,beat_this
Media-103515.wav,9.92,0.0,30.0,beat_this
Media-103515.wav,10.3,0.0,30.0,beat_this
Media-103515.wav,10.68,0.0,30.0,beat_this
Media-103515.wav,11.06,0.0,30.0,beat_this
Media-103515.wav,11.42,0.0,30.0,beat_this
Media-103515.wav,11.8,0.0,30.0,beat_this
Media-103515.wav,12.16,0.0,30.0,beat_this
Media-103515.wav,12.54,0.0,30.0,beat_this
Media-103515.wav,12.92,0.0,30.0,beat_this
Media-103515.wav,13.28,0.0,30.0,beat_this
Media-103515.wav,13.64,0.0,30.0,beat_this
Media-103515.wav,14.04,0.0,30.0,beat_this
Media-103515.wav,14.4,0.0,30.0,beat_this
Media-103515.wav,14.78,0.0,30.0,beat_this
Media-103515.wav,15.14,0.0,30.0,beat_this
Media-103515.wav,15.54,0.0,30.0,beat_this
Media-103515.wav,15.9,0.0,30.0,beat_this
Media-103515.wav,16.28,0.0,30.0,beat_this
Media-103515.wav,16.64,0.0,30.0,beat_this
Media-103515.wav,17.02,0.0,30.0,beat_this
Media-103515.wav,17.38,0.0,30.0,beat_this
Media-103515.wav,17.78,0.0,30.0,beat_this
Media-103515.wav,18.14,0.0,30.0,beat_this
Media-103515.wav,18.52,0.0,30.0,beat_this
Media-103515.wav,18.88,0.0,30.0,beat_this
Media-103515.wav,19.28,0.0,30.0,beat_this
Media-103515.wav,19.64,0.0,30.0,beat_this
Media-103515.wav,20.02,0.0,30.0,beat_this
Media-103515.wav,20.38,0.0,30.0,beat_this
Media-103515.wav,20.76,0.0,30.0,beat_this
Media-103515.wav,21.14,0.0,30.0,beat_this
Media-103515.wav,21.52,0.0,30.0,beat_this
Media-103515.wav,21.88,0.0,30.0,beat_this
Media-103515.wav,22.28,0.0,30.0,beat_this
Media-103515.wav,22.66,0.0,30.0,beat_this
Media-103515.wav,23.04,0.0,30.0,beat_this
Media-103515.wav,23.4,0.0,30.0,beat_this
Media-103515.wav,23.78,0.0,30.0,beat_this
Media-103515.wav,24.16,0.0,30.0,beat_this
Media-103515.wav,24.54,0.0,30.0,beat_this
Media-103515.wav,24.9,0.0,30.0,beat_this
Media-103515.wav,25.28,0.0,30.0,beat_this
Media-103515.wav,25.66,0.0,30.0,beat_this
Media-103515.wav,26.04,0.0,30.0,beat_this
Media-103515.wav,26.4,0.0,30.0,beat_this
Media-103515.wav,26.78,0.0,30.0,beat_this
Media-103515.wav,27.16,0.0,30.0,beat_this
Media-103515.wav,27.52,0.0,30.0,beat_this
Media-103515.wav,27.9,0.0,30.0,beat_this
Media-103515.wav,28.28,0.0,30.0,beat_this
Media-103515.wav,28.66,0.0,30.0,beat_this
Media-103515.wav,29.04,0.0,30.0,beat_this
Media-103515.wav,29.4,0.0,30.0,beat_this
Media-103515.wav,29.78,0.0,30.0,beat_this
Media-103516.wav,0.18,0.0,30.0,beat_this
Media-103516.wav,0.52,0.0,30.0,beat_this
Media-103516.wav,0.9,0.0,30.0,beat_this
Media-103516.wav,1.24,0.0,30.0,beat_this
Media-103516.wav,1.6,0.0,30.0,beat_this
Media-103516.wav,1.94,0.0,30.0,beat_this
Media-103516.wav,2.28,0.0,30.0,beat_this
Media-103516.wav,2.64,0.0,30.0,beat_this
Media-103516.wav,3.0,0.0,30.0,beat_this
Media-103516.wav,3.36,0.0,30.0,beat_this
Media-103516.wav,3.72,0.0,30.0,beat_this
Media-103516.wav,4.06,0.0,30.0,beat_this
Media-103516.wav,4.42,0.0,30.0,beat_this
Media-103516.wav,4.78,0.0,30.0,beat_this
Media-103516.wav,5.12,0.0,30.0,beat_this
Media-103516.wav,5.46,0.0,30.0,beat_this
Media-103516.wav,5.82,0.0,30.0,beat_this
Media-103516.wav,6.18,0.0,30.0,beat_this
Media-103516.wav,6.54,0.0,30.0,beat_this
Media-103516.wav,6.88,0.0,30.0,beat_this
Media-103516.wav,7.26,0.0,30.0,beat_this
Media-103516.wav,7.62,0.0,30.0,beat_this
Media-103516.wav,7.98,0.0,30.0,beat_this
Media-103516.wav,8.34,0.0,30.0,beat_this
Media-103516.wav,8.7,0.0,30.0,beat_this
Media-103516.wav,9.08,0.0,30.0,beat_this
Media-103516.wav,9.44,0.0,30.0,beat_this
Media-103516.wav,9.8,0.0,30.0,beat_this
Media-103516.wav,10.16,0.0,30.0,beat_this
Media-103516.wav,10.52,0.0,30.0,beat_this
Media-103516.wav,10.88,0.0,30.0,beat_this
Media-103516.wav,11.24,0.0,30.0,beat_this
Media-103516.wav,11.6,0.0,30.0,beat_this
Media-103516.wav,11.96,0.0,30.0,beat_this
Media-103516.wav,12.34,0.0,30.0,beat_this
Media-103516.wav,12.68,0.0,30.0,beat_this
Media-103516.wav,13.06,0.0,30.0,beat_this
Media-103516.wav,13.42,0.0,30.0,beat_this
Media-103516.wav,13.78,0.0,30.0,beat_this
Media-103516.wav,14.14,0.0,30.0,beat_this
Media-103516.wav,14.5,0.0,30.0,beat_this
Media-103516.wav,14.86,0.0,30.0,beat_this
Media-103516.wav,15.22,0.0,30.0,beat_this
Media-103516.wav,15.58,0.0,30.0,beat_this
Media-103516.wav,15.94,0.0,30.0,beat_this
Media-103516.wav,16.3,0.0,30.0,beat_this
Media-103516.wav,16.66,0.0,30.0,beat_this
Media-103516.wav,17.02,0.0,30.0,beat_this
Media-103516.wav,17.38,0.0,30.0,beat_this
Media-103516.wav,17.74,0.0,30.0,beat_this
Media-103516.wav,18.1,0.0,30.0,beat_this
Media-103516.wav,18.46,0.0,30.0,beat_this
Media-103516.wav,18.82,0.0,30.0,beat_this
Media-103516.wav,19.18,0.0,30.0,beat_this
Media-103516.wav,19.52,0.0,30.0,beat_this
Media-103516.wav,19.88,0.0,30.0,beat_this
Media-103516.wav,20.24,0.0,30.0,beat_this
Media-103516.wav,20.62,0.0,30.0,beat_this
Media-103516.wav,20.98,0.0,30.0,beat_this
Media-103516.wav,21.34,0.0,30.0,beat_this
Media-103516.wav,21.7,0.0,30.0,beat_this
Media-103516.wav,22.06,0.0,30.0,beat_this
Media-103516.wav,22.42,0.0,30.0,beat_this
Media-103516.wav,22.8,0.0,30.0,beat_this
Media-103516.wav,23.16,0.0,30.0,beat_this
Media-103516.wav,23.52,0.0,30.0,beat_this
Media-103516.wav,23.88,0.0,30.0,beat_this
Media-103516.wav,24.24,0.0,30.0,beat_this
Media-103516.wav,24.62,0.0,30.0,beat_this
Media-103516.wav,24.98,0.0,30.0,beat_this
Media-103516.wav,25.34,0.0,30.0,beat_this
Media-103516.wav,25.7,0.0,30.0,beat_this
Media-103516.wav,26.06,0.0,30.0,beat_this
Media-103516.wav,26.42,0.0,30.0,beat_this
Media-103516.wav,26.78,0.0,30.0,beat_this
Media-103516.wav,27.14,0.0,30.0,beat_this
Media-103516.wav,27.5,0.0,30.0,beat_this
Media-103516.wav,27.86,0.0,30.0,beat_this
Media-103516.wav,28.22,0.0,30.0,beat_this
Media-103516.wav,28.58,0.0,30.0,beat_this
Media-103516.wav,28.94,0.0,30.0,beat_this
Media-103516.wav,29.3,0.0,30.0,beat_this
Media-103516.wav,29.66,0.0,30.0,beat_this
Media-103517.wav,0.5,0.0,30.0,beat_this
Media-103517.wav,0.84,0.0,30.0,beat_this
Media-103517.wav,1.2,0.0,30.0,beat_this
Media-103517.wav,1.54,0.0,30.0,beat_this
Media-103517.wav,1.9,0.0,30.0,beat_this
Media-103517.wav,2.24,0.0,30.0,beat_this
Media-103517.wav,2.58,0.0,30.0,beat_this
Media-103517.wav,2.92,0.0,30.0,beat_this
Media-103517.wav,3.28,0.0,30.0,beat_this
Media-103517.wav,3.62,0.0,30.0,beat_this
Media-103517.wav,3.98,0.0,30.0,beat_this
Media-103517.wav,4.32,0.0,30.0,beat_this
Media-103517.wav,4.66,0.0,30.0,beat_this
Media-103517.wav,5.0,0.0,30.0,beat_this
Media-103517.wav,5.36,0.0,30.0,beat_this
Media-103517.wav,5.7,0.0,30.0,beat_this
Media-103517.wav,6.06,0.0,30.0,beat_this
Media-103517.wav,6.4,0.0,30.0,beat_this
Media-103517.wav,6.74,0.0,30.0,beat_this
Media-103517.wav,7.08,0.0,30.0,beat_this
Media-103517.wav,7.44,0.0,30.0,beat_this
Media-103517.wav,7.78,0.0,30.0,beat_this
Media-103517.wav,8.12,0.0,30.0,beat_this
Media-103517.wav,8.46,0.0,30.0,beat_this
Media-103517.wav,8.8,0.0,30.0,beat_this
Media-103517.wav,9.16,0.0,30.0,beat_this
Media-103517.wav,9.48,0.0,30.0,beat_this
Media-103517.wav,9.84,0.0,30.0,beat_this
Media-103517.wav,10.18,0.0,30.0,beat_this
Media-103517.wav,10.52,0.0,30.0,beat_this
Media-103517.wav,10.86,0.0,30.0,beat_this
Media-103517.wav,11.2,0.0,30.0,beat_this
Media-103517.wav,11.54,0.0,30.0,beat_this
Media-103517.wav,11.86,0.0,30.0,beat_this
Media-103517.wav,12.22,0.0,30.0,beat_this
Media-103517.wav,12.54,0.0,30.0,beat_this
Media-103517.wav,12.9,0.0,30.0,beat_this
Media-103517.wav,13.24,0.0,30.0,beat_this
Media-103517.wav,13.58,0.0,30.0,beat_this
Media-103517.wav,13.92,0.0,30.0,beat_this
Media-103517.wav,14.26,0.0,30.0,beat_this
Media-103517.wav,14.6,0.0,30.0,beat_this
Media-103517.wav,14.96,0.0,30.0,beat_this
Media-103517.wav,15.28,0.0,30.0,beat_this
Media-103517.wav,15.64,0.0,30.0,beat_this
Media-103517.wav,15.98,0.0,30.0,beat_this
Media-103517.wav,16.32,0.0,30.0,beat_this
Media-103517.wav,16.66,0.0,30.0,beat_this
Media-103517.wav,17.02,0.0,30.0,beat_this
Media-103517.wav,17.36,0.0,30.0,beat_this
Media-103517.wav,17.7,0.0,30.0,beat_this
Media-103517.wav,18.04,0.0,30.0,beat_this
Media-103517.wav,18.38,0.0,30.0,beat_this
Media-103517.wav,18.72,0.0,30.0,beat_this
Media-103517.wav,19.06,0.0,30.0,beat_this
Media-103517.wav,19.4,0.0,30.0,beat_this
Media-103517.wav,19.74,0.0,30.0,beat_this
Media-103517.wav,20.08,0.0,30.0,beat_this
Media-103517.wav,20.42,0.0,30.0,beat_this
Media-103517.wav,20.76,0.0,30.0,beat_this
Media-103517.wav,21.1,0.0,30.0,beat_this
Media-103517.wav,21.44,0.0,30.0,beat_this
Media-103517.wav,21.78,0.0,30.0,beat_this
Media-103517.wav,22.1,0.0,30.0,beat_this
Media-103517.wav,22.46,0.0,30.0,beat_this
Media-103517.wav,22.8,0.0,30.0,beat_this
Media-103517.wav,23.14,0.0,30.0,beat_this
Media-103517.wav,23.48,0.0,30.0,beat_this
Media-103517.wav,23.82,0.0,30.0,beat_this
Media-103517.wav,24.16,0.0,30.0,beat_this
Media-103517.wav,24.5,0.0,30.0,beat_this
Media-103517.wav,24.84,0.0,30.0,beat_this
Media-103517.wav,25.2,0.0,30.0,beat_this
Media-103517.wav,25.54,0.0,30.0,beat_this
Media-103517.wav,25.88,0.0,30.0,beat_this
Media-103517.wav,26.2,0.0,30.0,beat_this
Media-103517.wav,26.56,0.0,30.0,beat_this
Media-103517.wav,26.88,0.0,30.0,beat_this
Media-103517.wav,27.24,0.0,30.0,beat_this
Media-103517.wav,27.56,0.0,30.0,beat_this
Media-103517.wav,27.9,0.0,30.0,beat_this
Media-103517.wav,28.24,0.0,30.0,beat_this
Media-103517.wav,28.58,0.0,30.0,beat_this
Media-103517.wav,28.92,0.0,30.0,beat_this
Media-103517.wav,29.28,0.0,30.0,beat_this
Media-103517.wav,29.6,0.0,30.0,beat_this
Media-103517.wav,29.94,0.0,30.0,beat_this
Media-103601.wav,0.06,0.0,30.0,beat_this
Media-103601.wav,0.58,0.0,30.0,beat_this
Media-103601.wav,1.1,0.0,30.0,beat_this
Media-103601.wav,1.6,0.0,30.0,beat_this
Media-103601.wav,2.12,0.0,30.0,beat_this
Media-103601.wav,2.64,0.0,30.0,beat_this
Media-103601.wav,3.14,0.0,30.0,beat_this
Media-103601.wav,3.66,0.0,30.0,beat_this
Media-103601.wav,4.18,0.0,30.0,beat_this
Media-103601.wav,4.68,0.0,30.0,beat_this
Media-103601.wav,5.2,0.0,30.0,beat_this
Media-103601.wav,5.72,0.0,30.0,beat_this
Media-103601.wav,6.24,0.0,30.0,beat_this
Media-103601.wav,6.76,0.0,30.0,beat_this
Media-103601.wav,7.28,0.0,30.0,beat_this
Media-103601.wav,7.78,0.0,30.0,beat_this
Media-103601.wav,8.3,0.0,30.0,beat_this
Media-103601.wav,8.82,0.0,30.0,beat_this
Media-103601.wav,9.32,0.0,30.0,beat_this
Media-103601.wav,9.84,0.0,30.0,beat_this
Media-103601.wav,10.36,0.0,30.0,beat_this
Media-103601.wav,10.86,0.0,30.0,beat_this
Media-103601.wav,11.38,0.0,30.0,beat_this
Media-103601.wav,11.9,0.0,30.0,beat_this
Media-103601.wav,12.42,0.0,30.0,beat_this
Media-103601.wav,12.92,0.0,30.0,beat_this
Media-103601.wav,13.44,0.0,30.0,beat_this
Media-103601.wav,13.96,0.0,30.0,beat_this
Media-103601.wav,14.48,0.0,30.0,beat_this
Media-103601.wav,14.98,0.0,30.0,beat_this
Media-103601.wav,15.5,0.0,30.0,beat_this
Media-103601.wav,16.02,0.0,30.0,beat_this
Media-103601.wav,16.54,0.0,30.0,beat_this
Media-103601.wav,17.06,0.0,30.0,beat_this
Media-103601.wav,17.56,0.0,30.0,beat_this
Media-103601.wav,18.08,0.0,30.0,beat_this
Media-103601.wav,18.6,0.0,30.0,beat_this
Media-103601.wav,19.1,0.0,30.0,beat_this
Media-103601.wav,19.62,0.0,30.0,beat_this
Media-103601.wav,20.14,0.0,30.0,beat_this
Media-103601.wav,20.66,0.0,30.0,beat_this
Media-103601.wav,21.16,0.0,30.0,beat_this
Media-103601.wav,21.68,0.0,30.0,beat_this
Media-103601.wav,22.2,0.0,30.0,beat_this
Media-103601.wav,22.72,0.0,30.0,beat_this
Media-103601.wav,23.22,0.0,30.0,beat_this
Media-103601.wav,23.74,0.0,30.0,beat_this
Media-103601.wav,24.26,0.0,30.0,beat_this
Media-103601.wav,24.78,0.0,30.0,beat_this
Media-103601.wav,25.28,0.0,30.0,beat_this
Media-103601.wav,25.8,0.0,30.0,beat_this
Media-103601.wav,26.32,0.0,30.0,beat_this
Media-103601.wav,26.84,0.0,30.0,beat_this
Media-103601.wav,27.34,0.0,30.0,beat_this
Media-103601.wav,27.86,0.0,30.0,beat_this
Media-103601.wav,28.38,0.0,30.0,beat_this
Media-103601.wav,28.9,0.0,30.0,beat_this
Media-103601.wav,29.4,0.0,30.0,beat_this
Media-103605.wav,0.06,0.0,30.0,beat_this
Media-103605.wav,0.66,0.0,30.0,beat_this
Media-103605.wav,1.26,0.0,30.0,beat_this
Media-103605.wav,1.86,0.0,30.0,beat_this
Media-103605.wav,2.46,0.0,30.0,beat_this
Media-103605.wav,3.06,0.0,30.0,beat_this
Media-103605.wav,3.68,0.0,30.0,beat_this
Media-103605.wav,4.26,0.0,30.0,beat_this
Media-103605.wav,4.86,0.0,30.0,beat_this
Media-103605.wav,5.46,0.0,30.0,beat_this
Media-103605.wav,6.06,0.0,30.0,beat_this
Media-103605.wav,6.66,0.0,30.0,beat_this
Media-103605.wav,7.26,0.0,30.0,beat_this
Media-103605.wav,7.86,0.0,30.0,beat_this
Media-103605.wav,8.48,0.0,30.0,beat_this
Media-103605.wav,9.06,0.0,30.0,beat_this
Media-103605.wav,9.66,0.0,30.0,beat_this
Media-103605.wav,10.26,0.0,30.0,beat_this
Media-103605.wav,10.86,0.0,30.0,beat_this
Media-103605.wav,11.46,0.0,30.0,beat_this
Media-103605.wav,12.08,0.0,30.0,beat_this
Media-103605.wav,12.66,0.0,30.0,beat_this
Media-103605.wav,13.28,0.0,30.0,beat_this
Media-103605.wav,13.86,0.0,30.0,beat_this
Media-103605.wav,14.48,0.0,30.0,beat_this
Media-103605.wav,15.06,0.0,30.0,beat_this
Media-103605.wav,15.68,0.0,30.0,beat_this
Media-103605.wav,16.26,0.0,30.0,beat_this
Media-103605.wav,16.86,0.0,30.0,beat_this
Media-103605.wav,17.46,0.0,30.0,beat_this
Media-103605.wav,18.06,0.0,30.0,beat_this
Media-103605.wav,18.66,0.0,30.0,beat_this
Media-103605.wav,19.26,0.0,30.0,beat_this
Media-103605.wav,19.86,0.0,30.0,beat_this
Media-103605.wav,20.46,0.0,30.0,beat_this
Media-103605.wav,21.06,0.0,30.0,beat_this
Media-103605.wav,21.66,0.0,30.0,beat_this
Media-103605.wav,22.26,0.0,30.0,beat_this
Media-103605.wav,22.86,0.0,30.0,beat_this
Media-103605.wav,23.46,0.0,30.0,beat_this
Media-103605.wav,24.06,0.0,30.0,beat_this
Media-103605.wav,24.66,0.0,30.0,beat_this
Media-103605.wav,25.26,0.0,30.0,beat_this
Media-103605.wav,25.86,0.0,30.0,beat_this
Media-103605.wav,26.46,0.0,30.0,beat_this
Media-103605.wav,27.06,0.0,30.0,beat_this
Media-103605.wav,27.66,0.0,30.0,beat_this
Media-103605.wav,28.26,0.0,30.0,beat_this
Media-103605.wav,28.86,0.0,30.0,beat_this
Media-103605.wav,29.48,0.0,30.0,beat_this
Media-103606.wav,7.58,0.0,30.0,beat_this
Media-103606.wav,8.16,0.0,30.0,beat_this
Media-103606.wav,8.74,0.0,30.0,beat_this
Media-103606.wav,9.36,0.0,30.0,beat_this
Media-103606.wav,9.92,0.0,30.0,beat_this
Media-103606.wav,10.5,0.0,30.0,beat_this
Media-103606.wav,11.08,0.0,30.0,beat_this
Media-103606.wav,11.68,0.0,30.0,beat_this
Media-103606.wav,12.26,0.0,30.0,beat_this
Media-103606.wav,12.84,0.0,30.0,beat_this
Media-103606.wav,13.44,0.0,30.0,beat_this
Media-103606.wav,14.02,0.0,30.0,beat_this
Media-103606.wav,14.6,0.0,30.0,beat_this
Media-103606.wav,15.18,0.0,30.0,beat_this
Media-103606.wav,15.76,0.0,30.0,beat_this
Media-103606.wav,16.36,0.0,30.0,beat_this
Media-103606.wav,16.96,0.0,30.0,beat_this
Media-103606.wav,17.54,0.0,30.0,beat_this
Media-103606.wav,18.14,0.0,30.0,beat_this
Media-103606.wav,18.74,0.0,30.0,beat_this
Media-103606.wav,19.32,0.0,30.0,beat_this
Media-103606.wav,19.9,0.0,30.0,beat_this
Media-103606.wav,20.5,0.0,30.0,beat_this
Media-103606.wav,21.08,0.0,30.0,beat_this
Media-103606.wav,21.66,0.0,30.0,beat_this
Media-103606.wav,22.24,0.0,30.0,beat_this
Media-103606.wav,22.84,0.0,30.0,beat_this
Media-103606.wav,23.44,0.0,30.0,beat_this
Media-103606.wav,24.02,0.0,30.0,beat_this
Media-103606.wav,24.62,0.0,30.0,beat_this
Media-103606.wav,25.2,0.0,30.0,beat_this
Media-103606.wav,25.8,0.0,30.0,beat_this
Media-103606.wav,26.38,0.0,30.0,beat_this
Media-103606.wav,26.96,0.0,30.0,beat_this
Media-103606.wav,27.56,0.0,30.0,beat_this
Media-103606.wav,28.14,0.0,30.0,beat_this
Media-103606.wav,28.72,0.0,30.0,beat_this
Media-103606.wav,29.32,0.0,30.0,beat_this
Media-103606.wav,29.9,0.0,30.0,beat_this
Media-103608.wav,0.34,0.0,30.0,beat_this
Media-103608.wav,0.96,0.0,30.0,beat_this
Media-103608.wav,1.56,0.0,30.0,beat_this
Media-103608.wav,2.16,0.0,30.0,beat_this
Media-103608.wav,2.78,0.0,30.0,beat_this
Media-103608.wav,3.38,0.0,30.0,beat_this
Media-103608.wav,3.98,0.0,30.0,beat_this
Media-103608.wav,4.58,0.0,30.0,beat_this
Media-103608.wav,5.2,0.0,30.0,beat_this
Media-103608.wav,5.8,0.0,30.0,beat_this
Media-103608.wav,6.4,0.0,30.0,beat_this
Media-103608.wav,7.0,0.0,30.0,beat_this
Media-103608.wav,7.62,0.0,30.0,beat_this
Media-103608.wav,8.22,0.0,30.0,beat_this
Media-103608.wav,8.82,0.0,30.0,beat_this
Media-103608.wav,9.42,0.0,30.0,beat_this
Media-103608.wav,10.04,0.0,30.0,beat_this
Media-103608.wav,10.64,0.0,30.0,beat_this
Media-103608.wav,11.26,0.0,30.0,beat_this
Media-103608.wav,11.86,0.0,30.0,beat_this
Media-103608.wav,12.46,0.0,30.0,beat_this
Media-103608.wav,13.06,0.0,30.0,beat_this
Media-103608.wav,13.68,0.0,30.0,beat_this
Media-103608.wav,14.28,0.0,30.0,beat_this
Media-103608.wav,14.88,0.0,30.0,beat_this
Media-103608.wav,15.48,0.0,30.0,beat_this
Media-103608.wav,16.1,0.0,30.0,beat_this
Media-103608.wav,16.7,0.0,30.0,beat_this
Media-103608.wav,17.3,0.0,30.0,beat_this
Media-103608.wav,17.92,0.0,30.0,beat_this
Media-103608.wav,18.5,0.0,30.0,beat_this
Media-103608.wav,19.12,0.0,30.0,beat_this
Media-103608.wav,19.72,0.0,30.0,beat_this
Media-103608.wav,20.32,0.0,30.0,beat_this
Media-103608.wav,20.94,0.0,30.0,beat_this
Media-103608.wav,21.54,0.0,30.0,beat_this
Media-103608.wav,22.14,0.0,30.0,beat_this
Media-103608.wav,22.74,0.0,30.0,beat_this
Media-103608.wav,23.36,0.0,30.0,beat_this
Media-103608.wav,23.96,0.0,30.0,beat_this
Media-103608.wav,24.58,0.0,30.0,beat_this
Media-103608.wav,25.18,0.0,30.0,beat_this
Media-103608.wav,25.78,0.0,30.0,beat_this
Media-103608.wav,26.38,0.0,30.0,beat_this
Media-103608.wav,26.98,0.0,30.0,beat_this
Media-103608.wav,27.6,0.0,30.0,beat_this
Media-103608.wav,28.2,0.0,30.0,beat_this
Media-103608.wav,28.8,0.0,30.0,beat_this
Media-103608.wav,29.42,0.0,30.0,beat_this
Media-103611.wav,0.24,0.0,30.0,beat_this
Media-103611.wav,0.6,0.0,30.0,beat_this
Media-103611.wav,0.96,0.0,30.0,beat_this
Media-103611.wav,1.34,0.0,30.0,beat_this
Media-103611.wav,1.68,0.0,30.0,beat_this
Media-103611.wav,2.04,0.0,30.0,beat_this
Media-103611.wav,2.4,0.0,30.0,beat_this
Media-103611.wav,2.76,0.0,30.0,beat_this
Media-103611.wav,3.12,0.0,30.0,beat_this
Media-103611.wav,3.48,0.0,30.0,beat_this
Media-103611.wav,3.84,0.0,30.0,beat_this
Media-103611.wav,4.22,0.0,30.0,beat_this
Media-103611.wav,4.56,0.0,30.0,beat_this
Media-103611.wav,4.92,0.0,30.0,beat_this
Media-103611.wav,5.3,0.0,30.0,beat_this
Media-103611.wav,5.66,0.0,30.0,beat_this
Media-103611.wav,6.02,0.0,30.0,beat_this
Media-103611.wav,6.38,0.0,30.0,beat_this
Media-103611.wav,6.74,0.0,30.0,beat_this
Media-103611.wav,7.1,0.0,30.0,beat_this
Media-103611.wav,7.46,0.0,30.0,beat_this
Media-103611.wav,7.84,0.0,30.0,beat_this
Media-103611.wav,8.18,0.0,30.0,beat_this
Media-103611.wav,8.54,0.0,30.0,beat_this
Media-103611.wav,8.9,0.0,30.0,beat_this
Media-103611.wav,9.26,0.0,30.0,beat_this
Media-103611.wav,9.6,0.0,30.0,beat_this
Media-103611.wav,9.98,0.0,30.0,beat_this
Media-103611.wav,10.34,0.0,30.0,beat_this
Media-103611.wav,10.7,0.0,30.0,beat_this
Media-103611.wav,11.04,0.0,30.0,beat_this
Media-103611.wav,11.42,0.0,30.0,beat_this
Media-103611.wav,11.78,0.0,30.0,beat_this
Media-103611.wav,12.14,0.0,30.0,beat_this
Media-103611.wav,12.48,0.0,30.0,beat_this
Media-103611.wav,12.86,0.0,30.0,beat_this
Media-103611.wav,13.2,0.0,30.0,beat_this
Media-103611.wav,13.58,0.0,30.0,beat_this
Media-103611.wav,13.92,0.0,30.0,beat_this
Media-103611.wav,14.28,0.0,30.0,beat_this
Media-103611.wav,14.64,0.0,30.0,beat_this
Media-103611.wav,15.0,0.0,30.0,beat_this
Media-103611.wav,15.34,0.0,30.0,beat_this
Media-103611.wav,15.72,0.0,30.0,beat_this
Media-103611.wav,16.06,0.0,30.0,beat_this
Media-103611.wav,16.44,0.0,30.0,beat_this
Media-103611.wav,16.78,0.0,30.0,beat_this
Media-103611.wav,17.14,0.0,30.0,beat_this
Media-103611.wav,17.5,0.0,30.0,beat_this
Media-103611.wav,17.86,0.0,30.0,beat_this
Media-103611.wav,18.2,0.0,30.0,beat_this
Media-103611.wav,18.58,0.0,30.0,beat_this
Media-103611.wav,18.92,0.0,30.0,beat_this
Media-103611.wav,19.28,0.0,30.0,beat_this
Media-103611.wav,19.62,0.0,30.0,beat_this
Media-103611.wav,20.0,0.0,30.0,beat_this
Media-103611.wav,20.34,0.0,30.0,beat_this
Media-103611.wav,20.7,0.0,30.0,beat_this
Media-103611.wav,21.04,0.0,30.0,beat_this
Media-103611.wav,21.42,0.0,30.0,beat_this
Media-103611.wav,21.76,0.0,30.0,beat_this
Media-103611.wav,22.12,0.0,30.0,beat_this
Media-103611.wav,22.46,0.0,30.0,beat_this
Media-103611.wav,22.82,0.0,30.0,beat_this
Media-103611.wav,23.18,0.0,30.0,beat_this
Media-103611.wav,23.54,0.0,30.0,beat_this
Media-103611.wav,23.88,0.0,30.0,beat_this
Media-103611.wav,24.24,0.0,30.0,beat_this
Media-103611.wav,24.6,0.0,30.0,beat_this
Media-103611.wav,24.96,0.0,30.0,beat_this
Media-103611.wav,25.3,0.0,30.0,beat_this
Media-103611.wav,25.66,0.0,30.0,beat_this
Media-103611.wav,26.0,0.0,30.0,beat_this
Media-103611.wav,26.36,0.0,30.0,beat_this
Media-103611.wav,26.72,0.0,30.0,beat_this
Media-103611.wav,27.06,0.0,30.0,beat_this
Media-103611.wav,27.4,0.0,30.0,beat_this
Media-103611.wav,27.76,0.0,30.0,beat_this
Media-103611.wav,28.12,0.0,30.0,beat_this
Media-103611.wav,28.48,0.0,30.0,beat_this
Media-103611.wav,28.84,0.0,30.0,beat_this
Media-103611.wav,29.22,0.0,30.0,beat_this
Media-103611.wav,29.56,0.0,30.0,beat_this
Media-103611.wav,29.9,0.0,30.0,beat_this
Media-103704.wav,0.08,0.0,30.0,beat_this
Media-103704.wav,0.58,0.0,30.0,beat_this
Media-103704.wav,1.08,0.0,30.0,beat_this
Media-103704.wav,1.56,0.0,30.0,beat_this
Media-103704.wav,2.06,0.0,30.0,beat_this
Media-103704.wav,2.56,0.0,30.0,beat_this
Media-103704.wav,3.06,0.0,30.0,beat_this
Media-103704.wav,3.56,0.0,30.0,beat_this
Media-103704.wav,4.06,0.0,30.0,beat_this
Media-103704.wav,4.58,0.0,30.0,beat_this
Media-103704.wav,5.08,0.0,30.0,beat_this
Media-103704.wav,5.58,0.0,30.0,beat_this
Media-103704.wav,6.08,0.0,30.0,beat_this
Media-103704.wav,6.58,0.0,30.0,beat_this
Media-103704.wav,7.08,0.0,30.0,beat_this
Media-103704.wav,7.58,0.0,30.0,beat_this
Media-103704.wav,8.08,0.0,30.0,beat_this
Media-103704.wav,8.6,0.0,30.0,beat_this
Media-103704.wav,9.1,0.0,30.0,beat_this
Media-103704.wav,9.6,0.0,30.0,beat_this
Media-103704.wav,10.1,0.0,30.0,beat_this
Media-103704.wav,10.6,0.0,30.0,beat_this
Media-103704.wav,11.1,0.0,30.0,beat_this
Media-103704.wav,11.6,0.0,30.0,beat_this
Media-103704.wav,12.1,0.0,30.0,beat_this
Media-103704.wav,12.62,0.0,30.0,beat_this
Media-103704.wav,13.12,0.0,30.0,beat_this
Media-103704.wav,13.62,0.0,30.0,beat_this
Media-103704.wav,14.12,0.0,30.0,beat_this
Media-103704.wav,14.62,0.0,30.0,beat_this
Media-103704.wav,15.12,0.0,30.0,beat_this
Media-103704.wav,15.62,0.0,30.0,beat_this
Media-103704.wav,16.12,0.0,30.0,beat_this
Media-103704.wav,16.64,0.0,30.0,beat_this
Media-103704.wav,17.14,0.0,30.0,beat_this
Media-103704.wav,17.64,0.0,30.0,beat_this
Media-103704.wav,18.14,0.0,30.0,beat_this
Media-103704.wav,18.64,0.0,30.0,beat_this
Media-103704.wav,19.14,0.0,30.0,beat_this
Media-103704.wav,19.64,0.0,30.0,beat_this
Media-103704.wav,20.14,0.0,30.0,beat_this
Media-103704.wav,20.66,0.0,30.0,beat_this
Media-103704.wav,21.16,0.0,30.0,beat_this
Media-103704.wav,21.66,0.0,30.0,beat_this
Media-103704.wav,22.16,0.0,30.0,beat_this
Media-103704.wav,22.66,0.0,30.0,beat_this
Media-103704.wav,23.16,0.0,30.0,beat_this
Media-103704.wav,23.66,0.0,30.0,beat_this
Media-103704.wav,24.16,0.0,30.0,beat_this
Media-103704.wav,24.66,0.0,30.0,beat_this
Media-103704.wav,25.16,0.0,30.0,beat_this
Media-103704.wav,25.66,0.0,30.0,beat_this
Media-103704.wav,26.18,0.0,30.0,beat_this
Media-103704.wav,26.68,0.0,30.0,beat_this
Media-103704.wav,27.18,0.0,30.0,beat_this
Media-103704.wav,27.68,0.0,30.0,beat_this
Media-103704.wav,28.18,0.0,30.0,beat_this
Media-103704.wav,28.68,0.0,30.0,beat_this
Media-103704.wav,29.18,0.0,30.0,beat_this
Media-103704.wav,29.7,0.0,30.0,beat_this
Media-103705.wav,0.1,0.0,30.0,beat_this
Media-103705.wav,0.7,0.0,30.0,beat_this
Media-103705.wav,1.32,0.0,30.0,beat_this
Media-103705.wav,1.94,0.0,30.0,beat_this
Media-103705.wav,2.56,0.0,30.0,beat_this
Media-103705.wav,3.18,0.0,30.0,beat_this
Media-103705.wav,3.8,0.0,30.0,beat_this
Media-103705.wav,4.42,0.0,30.0,beat_this
Media-103705.wav,5.0,0.0,30.0,beat_this
Media-103705.wav,5.62,0.0,30.0,beat_this
Media-103705.wav,6.2,0.0,30.0,beat_this
Media-103705.wav,6.78,0.0,30.0,beat_this
Media-103705.wav,7.36,0.0,30.0,beat_this
Media-103705.wav,7.96,0.0,30.0,beat_this
Media-103705.wav,8.56,0.0,30.0,beat_this
Media-103705.wav,9.16,0.0,30.0,beat_this
Media-103705.wav,9.74,0.0,30.0,beat_this
Media-103705.wav,10.32,0.0,30.0,beat_this
Media-103705.wav,10.92,0.0,30.0,beat_this
Media-103705.wav,11.52,0.0,30.0,beat_this
Media-103705.wav,12.12,0.0,30.0,beat_this
Media-103705.wav,12.7,0.0,30.0,beat_this
Media-103705.wav,13.3,0.0,30.0,beat_this
Media-103705.wav,13.9,0.0,30.0,beat_this
Media-103705.wav,14.46,0.0,30.0,beat_this
Media-103705.wav,15.04,0.0,30.0,beat_this
Media-103705.wav,15.62,0.0,30.0,beat_this
Media-103705.wav,16.2,0.0,30.0,beat_this
Media-103705.wav,16.76,0.0,30.0,beat_this
Media-103705.wav,17.34,0.0,30.0,beat_this
Media-103705.wav,17.94,0.0,30.0,beat_this
Media-103705.wav,18.5,0.0,30.0,beat_this
Media-103705.wav,19.06,0.0,30.0,beat_this
Media-103705.wav,19.64,0.0,30.0,beat_this
Media-103705.wav,20.22,0.0,30.0,beat_this
Media-103705.wav,20.8,0.0,30.0,beat_this
Media-103705.wav,21.36,0.0,30.0,beat_this
Media-103705.wav,21.96,0.0,30.0,beat_this
Media-103705.wav,22.54,0.0,30.0,beat_this
Media-103705.wav,23.14,0.0,30.0,beat_this
Media-103705.wav,23.7,0.0,30.0,beat_this
Media-103705.wav,24.3,0.0,30.0,beat_this
Media-103705.wav,24.88,0.0,30.0,beat_this
Media-103705.wav,25.46,0.0,30.0,beat_this
Media-103705.wav,26.02,0.0,30.0,beat_this
Media-103705.wav,26.6,0.0,30.0,beat_this
Media-103705.wav,27.18,0.0,30.0,beat_this
Media-103705.wav,27.76,0.0,30.0,beat_this
Media-103705.wav,28.34,0.0,30.0,beat_this
Media-103705.wav,28.92,0.0,30.0,beat_this
Media-103705.wav,29.5,0.0,30.0,beat_this
Media-103707.wav,1.72,0.0,30.0,beat_this
Media-103707.wav,2.36,0.0,30.0,beat_this
Media-103707.wav,2.96,0.0,30.0,beat_this
Media-103707.wav,3.56,0.0,30.0,beat_this
Media-103707.wav,4.16,0.0,30.0,beat_this
Media-103707.wav,4.74,0.0,30.0,beat_this
Media-103707.wav,5.32,0.0,30.0,beat_this
Media-103707.wav,5.9,0.0,30.0,beat_this
Media-103707.wav,6.5,0.0,30.0,beat_this
Media-103707.wav,7.08,0.0,30.0,beat_this
Media-103707.wav,7.68,0.0,30.0,beat_this
Media-103707.wav,8.26,0.0,30.0,beat_this
Media-103707.wav,8.84,0.0,30.0,beat_this
Media-103707.wav,9.44,0.0,30.0,beat_this
Media-103707.wav,10.02,0.0,30.0,beat_this
Media-103707.wav,10.62,0.0,30.0,beat_this
Media-103707.wav,11.2,0.0,30.0,beat_this
Media-103707.wav,11.8,0.0,30.0,beat_this
Media-103707.wav,12.38,0.0,30.0,beat_this
Media-103707.wav,12.96,0.0,30.0,beat_this
Media-103707.wav,13.54,0.0,30.0,beat_this
Media-103707.wav,14.14,0.0,30.0,beat_this
Media-103707.wav,14.74,0.0,30.0,beat_this
Media-103707.wav,15.32,0.0,30.0,beat_this
Media-103707.wav,15.9,0.0,30.0,beat_this
Media-103707.wav,16.5,0.0,30.0,beat_this
Media-103707.wav,17.08,0.0,30.0,beat_this
Media-103707.wav,17.68,0.0,30.0,beat_this
Media-103707.wav,18.26,0.0,30.0,beat_this
Media-103707.wav,18.84,0.0,30.0,beat_this
Media-103707.wav,19.44,0.0,30.0,beat_this
Media-103707.wav,20.04,0.0,30.0,beat_this
Media-103707.wav,20.62,0.0,30.0,beat_this
Media-103707.wav,21.2,0.0,30.0,beat_this
Media-103707.wav,21.8,0.0,30.0,beat_this
Media-103707.wav,22.38,0.0,30.0,beat_this
Media-103707.wav,22.96,0.0,30.0,beat_this
Media-103707.wav,23.56,0.0,30.0,beat_this
Media-103707.wav,24.14,0.0,30.0,beat_this
Media-103707.wav,24.72,0.0,30.0,beat_this
Media-103707.wav,25.32,0.0,30.0,beat_this
Media-103707.wav,25.9,0.0,30.0,beat_this
Media-103707.wav,26.48,0.0,30.0,beat_this
Media-103707.wav,27.08,0.0,30.0,beat_this
Media-103707.wav,27.68,0.0,30.0,beat_this
Media-103707.wav,28.26,0.0,30.0,beat_this
Media-103707.wav,28.84,0.0,30.0,beat_this
Media-103707.wav,29.44,0.0,30.0,beat_this
Media-103709.wav,0.06,0.0,30.0,beat_this
Media-103709.wav,0.72,0.0,30.0,beat_this
Media-103709.wav,1.36,0.0,30.0,beat_this
Media-103709.wav,2.0,0.0,30.0,beat_this
Media-103709.wav,2.66,0.0,30.0,beat_this
Media-103709.wav,3.3,0.0,30.0,beat_this
Media-103709.wav,3.94,0.0,30.0,beat_this
Media-103709.wav,4.58,0.0,30.0,beat_this
Media-103709.wav,5.24,0.0,30.0,beat_this
Media-103709.wav,5.88,0.0,30.0,beat_this
Media-103709.wav,6.52,0.0,30.0,beat_this
Media-103709.wav,7.18,0.0,30.0,beat_this
Media-103709.wav,7.84,0.0,30.0,beat_this
Media-103709.wav,8.48,0.0,30.0,beat_this
Media-103709.wav,9.12,0.0,30.0,beat_this
Media-103709.wav,9.78,0.0,30.0,beat_this
Media-103709.wav,10.42,0.0,30.0,beat_this
Media-103709.wav,11.08,0.0,30.0,beat_this
Media-103709.wav,11.72,0.0,30.0,beat_this
Media-103709.wav,12.36,0.0,30.0,beat_this
Media-103709.wav,13.02,0.0,30.0,beat_this
Media-103709.wav,13.64,0.0,30.0,beat_this
Media-103709.wav,14.3,0.0,30.0,beat_this
Media-103709.wav,14.94,0.0,30.0,beat_this
Media-103709.wav,15.58,0.0,30.0,beat_this
Media-103709.wav,16.24,0.0,30.0,beat_this
Media-103709.wav,16.88,0.0,30.0,beat_this
Media-103709.wav,17.54,0.0,30.0,beat_this
Media-103709.wav,18.2,0.0,30.0,beat_this
Media-103709.wav,18.84,0.0,30.0,beat_this
Media-103709.wav,19.48,0.0,30.0,beat_this
Media-103709.wav,20.14,0.0,30.0,beat_this
Media-103709.wav,20.78,0.0,30.0,beat_this
Media-103709.wav,21.42,0.0,30.0,beat_this
Media-103709.wav,22.06,0.0,30.0,beat_this
Media-103709.wav,22.68,0.0,30.0,beat_this
Media-103709.wav,23.34,0.0,30.0,beat_this
Media-103709.wav,23.96,0.0,30.0,beat_this
Media-103709.wav,24.6,0.0,30.0,beat_this
Media-103709.wav,25.24,0.0,30.0,beat_this
Media-103709.wav,25.92,0.0,30.0,beat_this
Media-103709.wav,26.56,0.0,30.0,beat_this
Media-103709.wav,27.2,0.0,30.0,beat_this
Media-103709.wav,27.86,0.0,30.0,beat_this
Media-103709.wav,28.5,0.0,30.0,beat_this
Media-103709.wav,29.16,0.0,30.0,beat_this
Media-103709.wav,29.8,0.0,30.0,beat_this
Media-103711.wav,0.36,0.0,30.0,beat_this
Media-103711.wav,0.98,0.0,30.0,beat_this
Media-103711.wav,1.58,0.0,30.0,beat_this
Media-103711.wav,2.18,0.0,30.0,beat_this
Media-103711.wav,2.78,0.0,30.0,beat_this
Media-103711.wav,3.38,0.0,30.0,beat_this
Media-103711.wav,3.98,0.0,30.0,beat_this
Media-103711.wav,4.58,0.0,30.0,beat_this
Media-103711.wav,5.18,0.0,30.0,beat_this
Media-103711.wav,5.78,0.0,30.0,beat_this
Media-103711.wav,6.38,0.0,30.0,beat_this
Media-103711.wav,6.98,0.0,30.0,beat_this
Media-103711.wav,7.56,0.0,30.0,beat_this
Media-103711.wav,8.16,0.0,30.0,beat_this
Media-103711.wav,8.76,0.0,30.0,beat_this
Media-103711.wav,9.36,0.0,30.0,beat_this
Media-103711.wav,9.94,0.0,30.0,beat_this
Media-103711.wav,10.56,0.0,30.0,beat_this
Media-103711.wav,11.14,0.0,30.0,beat_this
Media-103711.wav,11.74,0.0,30.0,beat_this
Media-103711.wav,12.34,0.0,30.0,beat_this
Media-103711.wav,12.94,0.0,30.0,beat_this
Media-103711.wav,13.52,0.0,30.0,beat_this
Media-103711.wav,14.14,0.0,30.0,beat_this
Media-103711.wav,14.74,0.0,30.0,beat_this
Media-103711.wav,15.34,0.0,30.0,beat_this
Media-103711.wav,15.94,0.0,30.0,beat_this
Media-103711.wav,16.54,0.0,30.0,beat_this
Media-103711.wav,17.12,0.0,30.0,beat_this
Media-103711.wav,17.74,0.0,30.0,beat_this
Media-103711.wav,18.32,0.0,30.0,beat_this
Media-103711.wav,18.92,0.0,30.0,beat_this
Media-103711.wav,19.52,0.0,30.0,beat_this
Media-103711.wav,20.12,0.0,30.0,beat_this
Media-103711.wav,20.72,0.0,30.0,beat_this
Media-103711.wav,21.32,0.0,30.0,beat_this
Media-103711.wav,21.92,0.0,30.0,beat_this
Media-103711.wav,22.52,0.0,30.0,beat_this
Media-103711.wav,23.12,0.0,30.0,beat_this
Media-103711.wav,23.72,0.0,30.0,beat_this
Media-103711.wav,24.3,0.0,30.0,beat_this
Media-103711.wav,24.9,0.0,30.0,beat_this
Media-103711.wav,25.48,0.0,30.0,beat_this
Media-103711.wav,26.1,0.0,30.0,beat_this
Media-103711.wav,26.7,0.0,30.0,beat_this
Media-103711.wav,27.3,0.0,30.0,beat_this
Media-103711.wav,27.9,0.0,30.0,beat_this
Media-103711.wav,28.5,0.0,30.0,beat_this
Media-103711.wav,29.1,0.0,30.0,beat_this
Media-103711.wav,29.7,0.0,30.0,beat_this
Media-103712.wav,0.06,0.0,30.0,beat_this
Media-103712.wav,0.66,0.0,30.0,beat_this
Media-103712.wav,1.28,0.0,30.0,beat_this
Media-103712.wav,1.88,0.0,30.0,beat_this
Media-103712.wav,2.48,0.0,30.0,beat_this
Media-103712.wav,3.1,0.0,30.0,beat_this
Media-103712.wav,3.7,0.0,30.0,beat_this
Media-103712.wav,4.3,0.0,30.0,beat_this
Media-103712.wav,4.9,0.0,30.0,beat_this
Media-103712.wav,5.52,0.0,30.0,beat_this
Media-103712.wav,6.12,0.0,30.0,beat_this
Media-103712.wav,6.72,0.0,30.0,beat_this
Media-103712.wav,7.32,0.0,30.0,beat_this
Media-103712.wav,7.94,0.0,30.0,beat_this
Media-103712.wav,8.54,0.0,30.0,beat_this
Media-103712.wav,9.14,0.0,30.0,beat_this
Media-103712.wav,9.74,0.0,30.0,beat_this
Media-103712.wav,10.34,0.0,30.0,beat_this
Media-103712.wav,10.96,0.0,30.0,beat_this
Media-103712.wav,11.56,0.0,30.0,beat_this
Media-103712.wav,12.18,0.0,30.0,beat_this
Media-103712.wav,12.78,0.0,30.0,beat_this
Media-103712.wav,13.38,0.0,30.0,beat_this
Media-103712.wav,13.98,0.0,30.0,beat_this
Media-103712.wav,14.6,0.0,30.0,beat_this
Media-103712.wav,15.2,0.0,30.0,beat_this
Media-103712.wav,15.8,0.0,30.0,beat_this
Media-103712.wav,16.42,0.0,30.0,beat_this
Media-103712.wav,17.02,0.0,30.0,beat_this
Media-103712.wav,17.62,0.0,30.0,beat_this
Media-103712.wav,18.24,0.0,30.0,beat_this
Media-103712.wav,18.84,0.0,30.0,beat_this
Media-103712.wav,19.44,0.0,30.0,beat_this
Media-103712.wav,20.04,0.0,30.0,beat_this
Media-103712.wav,20.66,0.0,30.0,beat_this
Media-103712.wav,21.26,0.0,30.0,beat_this
Media-103712.wav,21.86,0.0,30.0,beat_this
Media-103712.wav,22.48,0.0,30.0,beat_this
Media-103712.wav,23.08,0.0,30.0,beat_this
Media-103712.wav,23.68,0.0,30.0,beat_this
Media-103712.wav,24.28,0.0,30.0,beat_this
Media-103712.wav,24.9,0.0,30.0,beat_this
Media-103712.wav,25.5,0.0,30.0,beat_this
Media-103712.wav,26.1,0.0,30.0,beat_this
Media-103712.wav,26.7,0.0,30.0,beat_this
Media-103712.wav,27.32,0.0,30.0,beat_this
Media-103712.wav,27.92,0.0,30.0,beat_this
Media-103712.wav,28.52,0.0,30.0,beat_this
Media-103712.wav,29.12,0.0,30.0,beat_this
Media-103712.wav,29.74,0.0,30.0,beat_this
Media-103714.wav,0.04,0.0,30.0,beat_this
Media-103714.wav,0.74,0.0,30.0,beat_this
Media-103714.wav,1.08,0.0,30.0,beat_this
Media-103714.wav,1.4,0.0,30.0,beat_this
Media-103714.wav,1.74,0.0,30.0,beat_this
Media-103714.wav,2.08,0.0,30.0,beat_this
Media-103714.wav,2.44,0.0,30.0,beat_this
Media-103714.wav,2.78,0.0,30.0,beat_this
Media-103714.wav,3.1,0.0,30.0,beat_this
Media-103714.wav,3.46,0.0,30.0,beat_this
Media-103714.wav,3.8,0.0,30.0,beat_this
Media-103714.wav,4.14,0.0,30.0,beat_this
Media-103714.wav,4.48,0.0,30.0,beat_this
Media-103714.wav,4.82,0.0,30.0,beat_this
Media-103714.wav,5.16,0.0,30.0,beat_this
Media-103714.wav,5.5,0.0,30.0,beat_this
Media-103714.wav,5.84,0.0,30.0,beat_this
Media-103714.wav,6.18,0.0,30.0,beat_this
Media-103714.wav,6.52,0.0,30.0,beat_this
Media-103714.wav,6.86,0.0,30.0,beat_this
Media-103714.wav,7.2,0.0,30.0,beat_this
Media-103714.wav,7.54,0.0,30.0,beat_this
Media-103714.wav,7.88,0.0,30.0,beat_this
Media-103714.wav,8.22,0.0,30.0,beat_this
Media-103714.wav,8.56,0.0,30.0,beat_this
Media-103714.wav,8.9,0.0,30.0,beat_this
Media-103714.wav,9.24,0.0,30.0,beat_this
Media-103714.wav,9.58,0.0,30.0,beat_this
Media-103714.wav,9.92,0.0,30.0,beat_this
Media-103714.wav,10.28,0.0,30.0,beat_this
Media-103714.wav,10.62,0.0,30.0,beat_this
Media-103714.wav,10.96,0.0,30.0,beat_this
Media-103714.wav,11.28,0.0,30.0,beat_this
Media-103714.wav,11.64,0.0,30.0,beat_this
Media-103714.wav,11.98,0.0,30.0,beat_this
Media-103714.wav,12.3,0.0,30.0,beat_this
Media-103714.wav,12.66,0.0,30.0,beat_this
Media-103714.wav,13.0,0.0,30.0,beat_this
Media-103714.wav,13.34,0.0,30.0,beat_this
Media-103714.wav,13.68,0.0,30.0,beat_this
Media-103714.wav,14.02,0.0,30.0,beat_this
Media-103714.wav,14.36,0.0,30.0,beat_this
Media-103714.wav,14.7,0.0,30.0,beat_this
Media-103714.wav,15.04,0.0,30.0,beat_this
Media-103714.wav,15.38,0.0,30.0,beat_this
Media-103714.wav,15.72,0.0,30.0,beat_this
Media-103714.wav,16.06,0.0,30.0,beat_this
Media-103714.wav,16.4,0.0,30.0,beat_this
Media-103714.wav,16.76,0.0,30.0,beat_this
Media-103714.wav,17.08,0.0,30.0,beat_this
Media-103714.wav,17.44,0.0,30.0,beat_this
Media-103714.wav,17.76,0.0,30.0,beat_this
Media-103714.wav,18.12,0.0,30.0,beat_this
Media-103714.wav,18.46,0.0,30.0,beat_this
Media-103714.wav,18.8,0.0,30.0,beat_this
Media-103714.wav,19.14,0.0,30.0,beat_this
Media-103714.wav,19.48,0.0,30.0,beat_this
Media-103714.wav,19.82,0.0,30.0,beat_this
Media-103714.wav,20.16,0.0,30.0,beat_this
Media-103714.wav,20.5,0.0,30.0,beat_this
Media-103714.wav,20.84,0.0,30.0,beat_this
Media-103714.wav,21.18,0.0,30.0,beat_this
Media-103714.wav,21.52,0.0,30.0,beat_this
Media-103714.wav,21.86,0.0,30.0,beat_this
Media-103714.wav,22.2,0.0,30.0,beat_this
Media-103714.wav,22.54,0.0,30.0,beat_this
Media-103714.wav,22.88,0.0,30.0,beat_this
Media-103714.wav,23.22,0.0,30.0,beat_this
Media-103714.wav,23.56,0.0,30.0,beat_this
Media-103714.wav,23.9,0.0,30.0,beat_this
Media-103714.wav,24.24,0.0,30.0,beat_this
Media-103714.wav,24.58,0.0,30.0,beat_this
Media-103714.wav,24.92,0.0,30.0,beat_this
Media-103714.wav,25.26,0.0,30.0,beat_this
Media-103714.wav,25.62,0.0,30.0,beat_this
Media-103714.wav,25.96,0.0,30.0,beat_this
Media-103714.wav,26.3,0.0,30.0,beat_this
Media-103714.wav,26.64,0.0,30.0,beat_this
Media-103714.wav,26.96,0.0,30.0,beat_this
Media-103714.wav,27.32,0.0,30.0,beat_this
Media-103714.wav,27.66,0.0,30.0,beat_this
Media-103714.wav,28.0,0.0,30.0,beat_this
Media-103714.wav,28.34,0.0,30.0,beat_this
Media-103714.wav,28.68,0.0,30.0,beat_this
Media-103714.wav,29.02,0.0,30.0,beat_this
Media-103714.wav,29.36,0.0,30.0,beat_this
Media-103714.wav,29.7,0.0,30.0,beat_this
Media-103807.wav,0.06,0.0,30.0,beat_this
Media-103807.wav,0.64,0.0,30.0,beat_this
Media-103807.wav,1.22,0.0,30.0,beat_this
Media-103807.wav,1.82,0.0,30.0,beat_this
Media-103807.wav,2.4,0.0,30.0,beat_this
Media-103807.wav,2.98,0.0,30.0,beat_this
Media-103807.wav,3.58,0.0,30.0,beat_this
Media-103807.wav,4.16,0.0,30.0,beat_this
Media-103807.wav,4.74,0.0,30.0,beat_this
Media-103807.wav,5.32,0.0,30.0,beat_this
Media-103807.wav,5.92,0.0,30.0,beat_this
Media-103807.wav,6.52,0.0,30.0,beat_this
Media-103807.wav,7.1,0.0,30.0,beat_this
Media-103807.wav,7.68,0.0,30.0,beat_this
Media-103807.wav,8.28,0.0,30.0,beat_this
Media-103807.wav,8.86,0.0,30.0,beat_this
Media-103807.wav,9.44,0.0,30.0,beat_this
Media-103807.wav,10.04,0.0,30.0,beat_this
Media-103807.wav,10.62,0.0,30.0,beat_this
Media-103807.wav,11.18,0.0,30.0,beat_this
Media-103807.wav,11.76,0.0,30.0,beat_this
Media-103807.wav,12.34,0.0,30.0,beat_this
Media-103807.wav,12.94,0.0,30.0,beat_this
Media-103807.wav,13.52,0.0,30.0,beat_this
Media-103807.wav,14.1,0.0,30.0,beat_this
Media-103807.wav,14.7,0.0,30.0,beat_this
Media-103807.wav,15.28,0.0,30.0,beat_this
Media-103807.wav,15.86,0.0,30.0,beat_this
Media-103807.wav,16.46,0.0,30.0,beat_this
Media-103807.wav,17.04,0.0,30.0,beat_this
Media-103807.wav,17.64,0.0,30.0,beat_this
Media-103807.wav,18.22,0.0,30.0,beat_this
Media-103807.wav,18.8,0.0,30.0,beat_this
Media-103807.wav,19.4,0.0,30.0,beat_this
Media-103807.wav,20.0,0.0,30.0,beat_this
Media-103807.wav,20.58,0.0,30.0,beat_this
Media-103807.wav,21.18,0.0,30.0,beat_this
Media-103807.wav,21.76,0.0,30.0,beat_this
Media-103807.wav,22.36,0.0,30.0,beat_this
Media-103807.wav,22.94,0.0,30.0,beat_this
Media-103807.wav,23.52,0.0,30.0,beat_this
Media-103807.wav,24.12,0.0,30.0,beat_this
Media-103807.wav,24.7,0.0,30.0,beat_this
Media-103807.wav,25.3,0.0,30.0,beat_this
Media-103807.wav,25.88,0.0,30.0,beat_this
Media-103807.wav,26.46,0.0,30.0,beat_this
Media-103807.wav,27.06,0.0,30.0,beat_this
Media-103807.wav,27.64,0.0,30.0,beat_this
Media-103807.wav,28.24,0.0,30.0,beat_this
Media-103807.wav,28.82,0.0,30.0,beat_this
Media-103807.wav,29.42,0.0,30.0,beat_this
Media-103812.wav,0.6,0.0,30.0,beat_this
Media-103812.wav,1.22,0.0,30.0,beat_this
Media-103812.wav,1.82,0.0,30.0,beat_this
Media-103812.wav,2.42,0.0,30.0,beat_this
Media-103812.wav,3.02,0.0,30.0,beat_this
Media-103812.wav,3.62,0.0,30.0,beat_this
Media-103812.wav,4.22,0.0,30.0,beat_this
Media-103812.wav,4.82,0.0,30.0,beat_this
Media-103812.wav,5.42,0.0,30.0,beat_this
Media-103812.wav,6.02,0.0,30.0,beat_this
Media-103812.wav,6.62,0.0,30.0,beat_this
Media-103812.wav,7.22,0.0,30.0,beat_this
Media-103812.wav,7.82,0.0,30.0,beat_this
Media-103812.wav,8.42,0.0,30.0,beat_this
Media-103812.wav,9.02,0.0,30.0,beat_this
Media-103812.wav,9.62,0.0,30.0,beat_this
Media-103812.wav,10.22,0.0,30.0,beat_this
Media-103812.wav,10.82,0.0,30.0,beat_this
Media-103812.wav,11.42,0.0,30.0,beat_this
Media-103812.wav,12.02,0.0,30.0,beat_this
Media-103812.wav,12.62,0.0,30.0,beat_this
Media-103812.wav,13.22,0.0,30.0,beat_this
Media-103812.wav,13.82,0.0,30.0,beat_this
Media-103812.wav,14.42,0.0,30.0,beat_this
Media-103812.wav,15.02,0.0,30.0,beat_this
Media-103812.wav,15.62,0.0,30.0,beat_this
Media-103812.wav,16.22,0.0,30.0,beat_this
Media-103812.wav,16.82,0.0,30.0,beat_this
Media-103812.wav,17.42,0.0,30.0,beat_this
Media-103812.wav,18.02,0.0,30.0,beat_this
Media-103812.wav,18.62,0.0,30.0,beat_this
Media-103812.wav,19.22,0.0,30.0,beat_this
Media-103812.wav,19.82,0.0,30.0,beat_this
Media-103812.wav,20.42,0.0,30.0,beat_this
Media-103812.wav,21.02,0.0,30.0,beat_this
Media-103812.wav,21.62,0.0,30.0,beat_this
Media-103812.wav,22.22,0.0,30.0,beat_this
Media-103812.wav,22.82,0.0,30.0,beat_this
Media-103812.wav,23.42,0.0,30.0,beat_this
Media-103812.wav,24.02,0.0,30.0,beat_this
Media-103812.wav,24.62,0.0,30.0,beat_this
Media-103812.wav,25.22,0.0,30.0,beat_this
Media-103812.wav,25.82,0.0,30.0,beat_this
Media-103812.wav,26.44,0.0,30.0,beat_this
Media-103812.wav,27.02,0.0,30.0,beat_this
Media-103812.wav,27.62,0.0,30.0,beat_this
Media-103812.wav,28.24,0.0,30.0,beat_this
Media-103812.wav,28.82,0.0,30.0,beat_this
Media-103812.wav,29.44,0.0,30.0,beat_this
Media-103917.wav,0.08,0.0,30.0,beat_this
Media-103917.wav,0.56,0.0,30.0,beat_this
Media-103917.wav,1.04,0.0,30.0,beat_this
Media-103917.wav,1.52,0.0,30.0,beat_this
Media-103917.wav,2.0,0.0,30.0,beat_this
Media-103917.wav,2.48,0.0,30.0,beat_this
Media-103917.wav,2.98,0.0,30.0,beat_this
Media-103917.wav,3.46,0.0,30.0,beat_this
Media-103917.wav,3.94,0.0,30.0,beat_this
Media-103917.wav,4.42,0.0,30.0,beat_this
Media-103917.wav,4.9,0.0,30.0,beat_this
Media-103917.wav,5.38,0.0,30.0,beat_this
Media-103917.wav,5.86,0.0,30.0,beat_this
Media-103917.wav,6.34,0.0,30.0,beat_this
Media-103917.wav,6.82,0.0,30.0,beat_this
Media-103917.wav,7.32,0.0,30.0,beat_this
Media-103917.wav,7.8,0.0,30.0,beat_this
Media-103917.wav,8.28,0.0,30.0,beat_this
Media-103917.wav,8.76,0.0,30.0,beat_this
Media-103917.wav,9.24,0.0,30.0,beat_this
Media-103917.wav,9.72,0.0,30.0,beat_this
Media-103917.wav,10.2,0.0,30.0,beat_this
Media-103917.wav,10.68,0.0,30.0,beat_this
Media-103917.wav,11.18,0.0,30.0,beat_this
Media-103917.wav,11.66,0.0,30.0,beat_this
Media-103917.wav,12.14,0.0,30.0,beat_this
Media-103917.wav,12.62,0.0,30.0,beat_this
Media-103917.wav,13.1,0.0,30.0,beat_this
Media-103917.wav,13.6,0.0,30.0,beat_this
Media-103917.wav,14.08,0.0,30.0,beat_this
Media-103917.wav,14.56,0.0,30.0,beat_this
Media-103917.wav,15.04,0.0,30.0,beat_this
Media-103917.wav,15.52,0.0,30.0,beat_this
Media-103917.wav,16.0,0.0,30.0,beat_this
Media-103917.wav,16.48,0.0,30.0,beat_this
Media-103917.wav,16.96,0.0,30.0,beat_this
Media-103917.wav,17.44,0.0,30.0,beat_this
Media-103917.wav,17.92,0.0,30.0,beat_this
Media-103917.wav,18.42,0.0,30.0,beat_this
Media-103917.wav,18.9,0.0,30.0,beat_this
Media-103917.wav,19.38,0.0,30.0,beat_this
Media-103917.wav,19.86,0.0,30.0,beat_this
Media-103917.wav,20.34,0.0,30.0,beat_this
Media-103917.wav,20.82,0.0,30.0,beat_this
Media-103917.wav,21.3,0.0,30.0,beat_this
Media-103917.wav,21.8,0.0,30.0,beat_this
Media-103917.wav,22.28,0.0,30.0,beat_this
Media-103917.wav,22.76,0.0,30.0,beat_this
Media-103917.wav,23.24,0.0,30.0,beat_this
Media-103917.wav,23.72,0.0,30.0,beat_this
Media-103917.wav,24.2,0.0,30.0,beat_this
Media-103917.wav,24.7,0.0,30.0,beat_this
Media-103917.wav,25.18,0.0,30.0,beat_this
Media-103917.wav,25.66,0.0,30.0,beat_this
Media-103917.wav,26.14,0.0,30.0,beat_this
Media-103917.wav,26.62,0.0,30.0,beat_this
Media-103917.wav,27.1,0.0,30.0,beat_this
Media-103917.wav,27.58,0.0,30.0,beat_this
Media-103917.wav,28.06,0.0,30.0,beat_this
Media-103917.wav,28.56,0.0,30.0,beat_this
Media-103917.wav,29.04,0.0,30.0,beat_this
Media-103917.wav,29.52,0.0,30.0,beat_this
Media-104101.wav,0.48,0.0,30.0,beat_this
Media-104101.wav,1.08,0.0,30.0,beat_this
Media-104101.wav,1.68,0.0,30.0,beat_this
Media-104101.wav,2.28,0.0,30.0,beat_this
Media-104101.wav,2.88,0.0,30.0,beat_this
Media-104101.wav,3.48,0.0,30.0,beat_this
Media-104101.wav,4.08,0.0,30.0,beat_this
Media-104101.wav,4.66,0.0,30.0,beat_this
Media-104101.wav,5.26,0.0,30.0,beat_this
Media-104101.wav,5.86,0.0,30.0,beat_this
Media-104101.wav,6.44,0.0,30.0,beat_this
Media-104101.wav,7.04,0.0,30.0,beat_this
Media-104101.wav,7.64,0.0,30.0,beat_this
Media-104101.wav,8.24,0.0,30.0,beat_this
Media-104101.wav,8.82,0.0,30.0,beat_this
Media-104101.wav,9.42,0.0,30.0,beat_this
Media-104101.wav,10.02,0.0,30.0,beat_this
Media-104101.wav,10.62,0.0,30.0,beat_this
Media-104101.wav,11.2,0.0,30.0,beat_this
Media-104101.wav,11.8,0.0,30.0,beat_this
Media-104101.wav,12.38,0.0,30.0,beat_this
Media-104101.wav,12.98,0.0,30.0,beat_this
Media-104101.wav,13.58,0.0,30.0,beat_this
Media-104101.wav,14.18,0.0,30.0,beat_this
Media-104101.wav,14.76,0.0,30.0,beat_this
Media-104101.wav,15.36,0.0,30.0,beat_this
Media-104101.wav,15.96,0.0,30.0,beat_this
Media-104101.wav,16.56,0.0,30.0,beat_this
Media-104101.wav,17.14,0.0,30.0,beat_this
Media-104101.wav,17.74,0.0,30.0,beat_this
Media-104101.wav,18.34,0.0,30.0,beat_this
Media-104101.wav,18.94,0.0,30.0,beat_this
Media-104101.wav,19.54,0.0,30.0,beat_this
Media-104101.wav,20.14,0.0,30.0,beat_this
Media-104101.wav,20.72,0.0,30.0,beat_this
Media-104101.wav,21.32,0.0,30.0,beat_this
Media-104101.wav,21.92,0.0,30.0,beat_this
Media-104101.wav,22.52,0.0,30.0,beat_this
Media-104101.wav,23.1,0.0,30.0,beat_this
Media-104101.wav,23.7,0.0,30.0,beat_this
Media-104101.wav,24.3,0.0,30.0,beat_this
Media-104101.wav,24.9,0.0,30.0,beat_this
Media-104101.wav,25.48,0.0,30.0,beat_this
Media-104101.wav,26.08,0.0,30.0,beat_this
Media-104101.wav,26.68,0.0,30.0,beat_this
Media-104101.wav,27.26,0.0,30.0,beat_this
Media-104101.wav,27.86,0.0,30.0,beat_this
Media-104101.wav,28.46,0.0,30.0,beat_this
Media-104101.wav,29.04,0.0,30.0,beat_this
Media-104101.wav,29.66,0.0,30.0,beat_this
Media-104203.wav,0.12,0.0,30.0,beat_this
Media-104203.wav,0.82,0.0,30.0,beat_this
Media-104203.wav,1.52,0.0,30.0,beat_this
Media-104203.wav,2.2,0.0,30.0,beat_this
Media-104203.wav,2.9,0.0,30.0,beat_this
Media-104203.wav,3.58,0.0,30.0,beat_this
Media-104203.wav,4.3,0.0,30.0,beat_this
Media-104203.wav,4.98,0.0,30.0,beat_this
Media-104203.wav,5.66,0.0,30.0,beat_this
Media-104203.wav,6.36,0.0,30.0,beat_this
Media-104203.wav,7.04,0.0,30.0,beat_this
Media-104203.wav,7.74,0.0,30.0,beat_this
Media-104203.wav,8.42,0.0,30.0,beat_this
Media-104203.wav,9.12,0.0,30.0,beat_this
Media-104203.wav,9.8,0.0,30.0,beat_this
Media-104203.wav,10.48,0.0,30.0,beat_this
Media-104203.wav,11.18,0.0,30.0,beat_this
Media-104203.wav,11.88,0.0,30.0,beat_this
Media-104203.wav,12.56,0.0,30.0,beat_this
Media-104203.wav,13.26,0.0,30.0,beat_this
Media-104203.wav,13.94,0.0,30.0,beat_this
Media-104203.wav,14.64,0.0,30.0,beat_this
Media-104203.wav,15.32,0.0,30.0,beat_this
Media-104203.wav,16.0,0.0,30.0,beat_this
Media-104203.wav,16.7,0.0,30.0,beat_this
Media-104203.wav,17.38,0.0,30.0,beat_this
Media-104203.wav,18.06,0.0,30.0,beat_this
Media-104203.wav,18.76,0.0,30.0,beat_this
Media-104203.wav,19.44,0.0,30.0,beat_this
Media-104203.wav,20.14,0.0,30.0,beat_this
Media-104203.wav,20.84,0.0,30.0,beat_this
Media-104203.wav,21.52,0.0,30.0,beat_this
Media-104203.wav,22.22,0.0,30.0,beat_this
Media-104203.wav,22.92,0.0,30.0,beat_this
Media-104203.wav,23.6,0.0,30.0,beat_this
Media-104203.wav,24.28,0.0,30.0,beat_this
Media-104203.wav,24.98,0.0,30.0,beat_this
Media-104203.wav,25.68,0.0,30.0,beat_this
Media-104203.wav,26.36,0.0,30.0,beat_this
Media-104203.wav,27.02,0.0,30.0,beat_this
Media-104203.wav,27.7,0.0,30.0,beat_this
Media-104203.wav,28.38,0.0,30.0,beat_this
Media-104203.wav,29.1,0.0,30.0,beat_this
Media-104203.wav,29.76,0.0,30.0,beat_this
Media-104204.wav,0.02,0.0,30.0,beat_this
Media-104204.wav,0.68,0.0,30.0,beat_this
Media-104204.wav,1.34,0.0,30.0,beat_this
Media-104204.wav,2.02,0.0,30.0,beat_this
Media-104204.wav,2.7,0.0,30.0,beat_this
Media-104204.wav,3.38,0.0,30.0,beat_this
Media-104204.wav,4.06,0.0,30.0,beat_this
Media-104204.wav,4.74,0.0,30.0,beat_this
Media-104204.wav,5.46,0.0,30.0,beat_this
Media-104204.wav,6.14,0.0,30.0,beat_this
Media-104204.wav,6.82,0.0,30.0,beat_this
Media-104204.wav,7.52,0.0,30.0,beat_this
Media-104204.wav,8.22,0.0,30.0,beat_this
Media-104204.wav,8.9,0.0,30.0,beat_this
Media-104204.wav,9.56,0.0,30.0,beat_this
Media-104204.wav,10.26,0.0,30.0,beat_this
Media-104204.wav,10.98,0.0,30.0,beat_this
Media-104204.wav,11.66,0.0,30.0,beat_this
Media-104204.wav,12.36,0.0,30.0,beat_this
Media-104204.wav,13.06,0.0,30.0,beat_this
Media-104204.wav,13.72,0.0,30.0,beat_this
Media-104204.wav,14.4,0.0,30.0,beat_this
Media-104204.wav,15.1,0.0,30.0,beat_this
Media-104204.wav,15.78,0.0,30.0,beat_this
Media-104204.wav,16.48,0.0,30.0,beat_this
Media-104204.wav,17.18,0.0,30.0,beat_this
Media-104204.wav,17.84,0.0,30.0,beat_this
Media-104204.wav,18.56,0.0,30.0,beat_this
Media-104204.wav,19.24,0.0,30.0,beat_this
Media-104204.wav,19.94,0.0,30.0,beat_this
Media-104204.wav,20.62,0.0,30.0,beat_this
Media-104204.wav,21.32,0.0,30.0,beat_this
Media-104204.wav,22.0,0.0,30.0,beat_this
Media-104204.wav,22.7,0.0,30.0,beat_this
Media-104204.wav,23.38,0.0,30.0,beat_this
Media-104204.wav,24.06,0.0,30.0,beat_this
Media-104204.wav,24.76,0.0,30.0,beat_this
Media-104204.wav,25.44,0.0,30.0,beat_this
Media-104204.wav,26.14,0.0,30.0,beat_this
Media-104204.wav,26.84,0.0,30.0,beat_this
Media-104204.wav,27.52,0.0,30.0,beat_this
Media-104204.wav,28.2,0.0,30.0,beat_this
Media-104204.wav,28.88,0.0,30.0,beat_this
Media-104204.wav,29.6,0.0,30.0,beat_this
Media-104406.wav,0.04,0.0,30.0,beat_this
Media-104406.wav,0.38,0.0,30.0,beat_this
Media-104406.wav,0.7,0.0,30.0,beat_this
Media-104406.wav,1.02,0.0,30.0,beat_this
Media-104406.wav,1.36,0.0,30.0,beat_this
Media-104406.wav,1.68,0.0,30.0,beat_this
Media-104406.wav,2.02,0.0,30.0,beat_this
Media-104406.wav,2.34,0.0,30.0,beat_this
Media-104406.wav,2.66,0.0,30.0,beat_this
Media-104406.wav,2.98,0.0,30.0,beat_this
Media-104406.wav,3.32,0.0,30.0,beat_this
Media-104406.wav,3.62,0.0,30.0,beat_this
Media-104406.wav,3.94,0.0,30.0,beat_this
Media-104406.wav,4.28,0.0,30.0,beat_this
Media-104406.wav,4.6,0.0,30.0,beat_this
Media-104406.wav,4.92,0.0,30.0,beat_this
Media-104406.wav,5.24,0.0,30.0,beat_this
Media-104406.wav,5.56,0.0,30.0,beat_this
Media-104406.wav,5.88,0.0,30.0,beat_this
Media-104406.wav,6.2,0.0,30.0,beat_this
Media-104406.wav,6.52,0.0,30.0,beat_this
Media-104406.wav,6.84,0.0,30.0,beat_this
Media-104406.wav,7.18,0.0,30.0,beat_this
Media-104406.wav,7.48,0.0,30.0,beat_this
Media-104406.wav,7.8,0.0,30.0,beat_this
Media-104406.wav,8.14,0.0,30.0,beat_this
Media-104406.wav,8.48,0.0,30.0,beat_this
Media-104406.wav,8.8,0.0,30.0,beat_this
Media-104406.wav,9.14,0.0,30.0,beat_this
Media-104406.wav,9.46,0.0,30.0,beat_this
Media-104406.wav,9.78,0.0,30.0,beat_this
Media-104406.wav,10.12,0.0,30.0,beat_this
Media-104406.wav,10.42,0.0,30.0,beat_this
Media-104406.wav,10.76,0.0,30.0,beat_this
Media-104406.wav,11.1,0.0,30.0,beat_this
Media-104406.wav,11.42,0.0,30.0,beat_this
Media-104406.wav,11.74,0.0,30.0,beat_this
Media-104406.wav,12.08,0.0,30.0,beat_this
Media-104406.wav,12.38,0.0,30.0,beat_this
Media-104406.wav,12.72,0.0,30.0,beat_this
Media-104406.wav,13.04,0.0,30.0,beat_this
Media-104406.wav,13.36,0.0,30.0,beat_this
Media-104406.wav,13.68,0.0,30.0,beat_this
Media-104406.wav,14.02,0.0,30.0,beat_this
Media-104406.wav,14.34,0.0,30.0,beat_this
Media-104406.wav,14.66,0.0,30.0,beat_this
Media-104406.wav,15.0,0.0,30.0,beat_this
Media-104406.wav,15.3,0.0,30.0,beat_this
Media-104406.wav,15.64,0.0,30.0,beat_this
Media-104406.wav,15.98,0.0,30.0,beat_this
Media-104406.wav,16.3,0.0,30.0,beat_this
Media-104406.wav,16.62,0.0,30.0,beat_this
Media-104406.wav,16.96,0.0,30.0,beat_this
Media-104406.wav,17.26,0.0,30.0,beat_this
Media-104406.wav,17.6,0.0,30.0,beat_this
Media-104406.wav,17.92,0.0,30.0,beat_this
Media-104406.wav,18.26,0.0,30.0,beat_this
Media-104406.wav,18.58,0.0,30.0,beat_this
Media-104406.wav,18.9,0.0,30.0,beat_this
Media-104406.wav,19.22,0.0,30.0,beat_this
Media-104406.wav,19.56,0.0,30.0,beat_this
Media-104406.wav,19.9,0.0,30.0,beat_this
Media-104406.wav,20.22,0.0,30.0,beat_this
Media-104406.wav,20.54,0.0,30.0,beat_this
Media-104406.wav,20.88,0.0,30.0,beat_this
Media-104406.wav,21.2,0.0,30.0,beat_this
Media-104406.wav,21.54,0.0,30.0,beat_this
Media-104406.wav,21.86,0.0,30.0,beat_this
Media-104406.wav,22.18,0.0,30.0,beat_this
Media-104406.wav,22.52,0.0,30.0,beat_this
Media-104406.wav,22.84,0.0,30.0,beat_this
Media-104406.wav,23.16,0.0,30.0,beat_this
Media-104406.wav,23.48,0.0,30.0,beat_this
Media-104406.wav,23.84,0.0,30.0,beat_this
Media-104406.wav,24.16,0.0,30.0,beat_this
Media-104406.wav,24.48,0.0,30.0,beat_this
Media-104406.wav,24.82,0.0,30.0,beat_this
Media-104406.wav,25.12,0.0,30.0,beat_this
Media-104406.wav,25.46,0.0,30.0,beat_this
Media-104406.wav,25.8,0.0,30.0,beat_this
Media-104406.wav,26.12,0.0,30.0,beat_this
Media-104406.wav,26.44,0.0,30.0,beat_this
Media-104406.wav,26.78,0.0,30.0,beat_this
Media-104406.wav,27.1,0.0,30.0,beat_this
Media-104406.wav,27.44,0.0,30.0,beat_this
Media-104406.wav,27.78,0.0,30.0,beat_this
Media-104406.wav,28.1,0.0,30.0,beat_this
Media-104406.wav,28.42,0.0,30.0,beat_this
Media-104406.wav,28.76,0.0,30.0,beat_this
Media-104406.wav,29.08,0.0,30.0,beat_this
Media-104406.wav,29.42,0.0,30.0,beat_this
Media-104406.wav,29.76,0.0,30.0,beat_this
Media-104415.wav,0.12,0.0,30.0,beat_this
Media-104415.wav,0.38,0.0,30.0,beat_this
Media-104415.wav,0.68,0.0,30.0,beat_this
Media-104415.wav,0.98,0.0,30.0,beat_this
Media-104415.wav,1.28,0.0,30.0,beat_this
Media-104415.wav,1.56,0.0,30.0,beat_this
Media-104415.wav,1.86,0.0,30.0,beat_this
Media-104415.wav,2.14,0.0,30.0,beat_this
Media-104415.wav,2.44,0.0,30.0,beat_this
Media-104415.wav,2.74,0.0,30.0,beat_this
Media-104415.wav,3.02,0.0,30.0,beat_this
Media-104415.wav,3.32,0.0,30.0,beat_this
Media-104415.wav,3.62,0.0,30.0,beat_this
Media-104415.wav,3.9,0.0,30.0,beat_this
Media-104415.wav,4.2,0.0,30.0,beat_this
Media-104415.wav,4.48,0.0,30.0,beat_this
Media-104415.wav,4.78,0.0,30.0,beat_this
Media-104415.wav,5.08,0.0,30.0,beat_this
Media-104415.wav,5.38,0.0,30.0,beat_this
Media-104415.wav,5.66,0.0,30.0,beat_this
Media-104415.wav,5.96,0.0,30.0,beat_this
Media-104415.wav,6.26,0.0,30.0,beat_this
Media-104415.wav,6.54,0.0,30.0,beat_this
Media-104415.wav,6.84,0.0,30.0,beat_this
Media-104415.wav,7.14,0.0,30.0,beat_this
Media-104415.wav,7.42,0.0,30.0,beat_this
Media-104415.wav,7.72,0.0,30.0,beat_this
Media-104415.wav,8.02,0.0,30.0,beat_this
Media-104415.wav,8.3,0.0,30.0,beat_this
Media-104415.wav,8.6,0.0,30.0,beat_this
Media-104415.wav,8.9,0.0,30.0,beat_this
Media-104415.wav,9.18,0.0,30.0,beat_this
Media-104415.wav,9.48,0.0,30.0,beat_this
Media-104415.wav,9.78,0.0,30.0,beat_this
Media-104415.wav,10.06,0.0,30.0,beat_this
Media-104415.wav,10.36,0.0,30.0,beat_this
Media-104415.wav,10.66,0.0,30.0,beat_this
Media-104415.wav,10.96,0.0,30.0,beat_this
Media-104415.wav,11.26,0.0,30.0,beat_this
Media-104415.wav,11.54,0.0,30.0,beat_this
Media-104415.wav,11.82,0.0,30.0,beat_this
Media-104415.wav,12.12,0.0,30.0,beat_this
Media-104415.wav,12.4,0.0,30.0,beat_this
Media-104415.wav,12.7,0.0,30.0,beat_this
Media-104415.wav,13.0,0.0,30.0,beat_this
Media-104415.wav,13.28,0.0,30.0,beat_this
Media-104415.wav,13.58,0.0,30.0,beat_this
Media-104415.wav,13.86,0.0,30.0,beat_this
Media-104415.wav,14.16,0.0,30.0,beat_this
Media-104415.wav,14.46,0.0,30.0,beat_this
Media-104415.wav,14.74,0.0,30.0,beat_this
Media-104415.wav,15.02,0.0,30.0,beat_this
Media-104415.wav,15.32,0.0,30.0,beat_this
Media-104415.wav,15.62,0.0,30.0,beat_this
Media-104415.wav,15.92,0.0,30.0,beat_this
Media-104415.wav,16.2,0.0,30.0,beat_this
Media-104415.wav,16.5,0.0,30.0,beat_this
Media-104415.wav,16.78,0.0,30.0,beat_this
Media-104415.wav,17.08,0.0,30.0,beat_this
Media-104415.wav,17.36,0.0,30.0,beat_this
Media-104415.wav,17.66,0.0,30.0,beat_this
Media-104415.wav,17.96,0.0,30.0,beat_this
Media-104415.wav,18.26,0.0,30.0,beat_this
Media-104415.wav,18.54,0.0,30.0,beat_this
Media-104415.wav,18.82,0.0,30.0,beat_this
Media-104415.wav,19.12,0.0,30.0,beat_this
Media-104415.wav,19.42,0.0,30.0,beat_this
Media-104415.wav,19.72,0.0,30.0,beat_this
Media-104415.wav,20.0,0.0,30.0,beat_this
Media-104415.wav,20.28,0.0,30.0,beat_this
Media-104415.wav,20.58,0.0,30.0,beat_this
Media-104415.wav,20.88,0.0,30.0,beat_this
Media-104415.wav,21.16,0.0,30.0,beat_this
Media-104415.wav,21.46,0.0,30.0,beat_this
Media-104415.wav,21.74,0.0,30.0,beat_this
Media-104415.wav,22.04,0.0,30.0,beat_this
Media-104415.wav,22.34,0.0,30.0,beat_this
Media-104415.wav,22.62,0.0,30.0,beat_this
Media-104415.wav,22.92,0.0,30.0,beat_this
Media-104415.wav,23.2,0.0,30.0,beat_this
Media-104415.wav,23.48,0.0,30.0,beat_this
Media-104415.wav,23.78,0.0,30.0,beat_this
Media-104415.wav,24.06,0.0,30.0,beat_this
Media-104415.wav,24.36,0.0,30.0,beat_this
Media-104415.wav,24.64,0.0,30.0,beat_this
Media-104415.wav,24.94,0.0,30.0,beat_this
Media-104415.wav,25.22,0.0,30.0,beat_this
Media-104415.wav,25.52,0.0,30.0,beat_this
Media-104415.wav,25.8,0.0,30.0,beat_this
Media-104415.wav,26.08,0.0,30.0,beat_this
Media-104415.wav,26.38,0.0,30.0,beat_this
Media-104415.wav,26.66,0.0,30.0,beat_this
Media-104415.wav,26.96,0.0,30.0,beat_this
Media-104415.wav,27.24,0.0,30.0,beat_this
Media-104415.wav,27.54,0.0,30.0,beat_this
Media-104415.wav,27.82,0.0,30.0,beat_this
Media-104415.wav,28.12,0.0,30.0,beat_this
Media-104415.wav,28.4,0.0,30.0,beat_this
Media-104415.wav,28.7,0.0,30.0,beat_this
Media-104415.wav,28.98,0.0,30.0,beat_this
Media-104415.wav,29.28,0.0,30.0,beat_this
Media-104415.wav,29.58,0.0,30.0,beat_this
Media-104415.wav,29.86,0.0,30.0,beat_this
Media-104501.wav,0.06,0.0,30.0,beat_this
Media-104501.wav,0.8,0.0,30.0,beat_this
Media-104501.wav,1.5,0.0,30.0,beat_this
Media-104501.wav,2.2,0.0,30.0,beat_this
Media-104501.wav,2.92,0.0,30.0,beat_this
Media-104501.wav,3.62,0.0,30.0,beat_this
Media-104501.wav,4.3,0.0,30.0,beat_this
Media-104501.wav,5.04,0.0,30.0,beat_this
Media-104501.wav,5.74,0.0,30.0,beat_this
Media-104501.wav,6.44,0.0,30.0,beat_this
Media-104501.wav,7.16,0.0,30.0,beat_this
Media-104501.wav,7.86,0.0,30.0,beat_this
Media-104501.wav,8.56,0.0,30.0,beat_this
Media-104501.wav,9.28,0.0,30.0,beat_this
Media-104501.wav,9.98,0.0,30.0,beat_this
Media-104501.wav,10.68,0.0,30.0,beat_this
Media-104501.wav,11.4,0.0,30.0,beat_this
Media-104501.wav,12.14,0.0,30.0,beat_this
Media-104501.wav,12.86,0.0,30.0,beat_this
Media-104501.wav,13.58,0.0,30.0,beat_this
Media-104501.wav,14.28,0.0,30.0,beat_this
Media-104501.wav,14.98,0.0,30.0,beat_this
Media-104501.wav,15.7,0.0,30.0,beat_this
Media-104501.wav,16.4,0.0,30.0,beat_this
Media-104501.wav,17.1,0.0,30.0,beat_this
Media-104501.wav,17.82,0.0,30.0,beat_this
Media-104501.wav,18.52,0.0,30.0,beat_this
Media-104501.wav,19.2,0.0,30.0,beat_this
Media-104501.wav,19.92,0.0,30.0,beat_this
Media-104501.wav,20.6,0.0,30.0,beat_this
Media-104501.wav,21.3,0.0,30.0,beat_this
Media-104501.wav,22.0,0.0,30.0,beat_this
Media-104501.wav,22.68,0.0,30.0,beat_this
Media-104501.wav,23.38,0.0,30.0,beat_this
Media-104501.wav,24.1,0.0,30.0,beat_this
Media-104501.wav,24.82,0.0,30.0,beat_this
Media-104501.wav,25.52,0.0,30.0,beat_this
Media-104501.wav,26.22,0.0,30.0,beat_this
Media-104501.wav,26.92,0.0,30.0,beat_this
Media-104501.wav,27.62,0.0,30.0,beat_this
Media-104501.wav,28.36,0.0,30.0,beat_this
Media-104501.wav,29.08,0.0,30.0,beat_this
Media-104501.wav,29.76,0.0,30.0,beat_this
Media-104502.wav,0.08,0.0,30.0,beat_this
Media-104502.wav,0.8,0.0,30.0,beat_this
Media-104502.wav,1.48,0.0,30.0,beat_this
Media-104502.wav,2.18,0.0,30.0,beat_this
Media-104502.wav,2.88,0.0,30.0,beat_this
Media-104502.wav,3.56,0.0,30.0,beat_this
Media-104502.wav,4.24,0.0,30.0,beat_this
Media-104502.wav,4.94,0.0,30.0,beat_this
Media-104502.wav,5.64,0.0,30.0,beat_this
Media-104502.wav,6.36,0.0,30.0,beat_this
Media-104502.wav,7.08,0.0,30.0,beat_this
Media-104502.wav,7.78,0.0,30.0,beat_this
Media-104502.wav,8.48,0.0,30.0,beat_this
Media-104502.wav,9.2,0.0,30.0,beat_this
Media-104502.wav,9.9,0.0,30.0,beat_this
Media-104502.wav,10.6,0.0,30.0,beat_this
Media-104502.wav,11.3,0.0,30.0,beat_this
Media-104502.wav,11.98,0.0,30.0,beat_this
Media-104502.wav,12.66,0.0,30.0,beat_this
Media-104502.wav,13.38,0.0,30.0,beat_this
Media-104502.wav,14.08,0.0,30.0,beat_this
Media-104502.wav,14.76,0.0,30.0,beat_this
Media-104502.wav,15.46,0.0,30.0,beat_this
Media-104502.wav,16.16,0.0,30.0,beat_this
Media-104502.wav,16.84,0.0,30.0,beat_this
Media-104502.wav,17.56,0.0,30.0,beat_this
Media-104502.wav,18.26,0.0,30.0,beat_this
Media-104502.wav,18.94,0.0,30.0,beat_this
Media-104502.wav,19.62,0.0,30.0,beat_this
Media-104502.wav,20.28,0.0,30.0,beat_this
Media-104502.wav,20.96,0.0,30.0,beat_this
Media-104502.wav,21.64,0.0,30.0,beat_this
Media-104502.wav,22.32,0.0,30.0,beat_this
Media-104502.wav,23.0,0.0,30.0,beat_this
Media-104502.wav,23.68,0.0,30.0,beat_this
Media-104502.wav,24.36,0.0,30.0,beat_this
Media-104502.wav,25.06,0.0,30.0,beat_this
Media-104502.wav,25.76,0.0,30.0,beat_this
Media-104502.wav,26.46,0.0,30.0,beat_this
Media-104502.wav,27.16,0.0,30.0,beat_this
Media-104502.wav,27.82,0.0,30.0,beat_this
Media-104502.wav,28.54,0.0,30.0,beat_this
Media-104502.wav,29.22,0.0,30.0,beat_this
Media-104502.wav,29.92,0.0,30.0,beat_this
Media-104506.wav,0.22,0.0,30.0,beat_this
Media-104506.wav,0.68,0.0,30.0,beat_this
Media-104506.wav,1.16,0.0,30.0,beat_this
Media-104506.wav,1.62,0.0,30.0,beat_this
Media-104506.wav,2.1,0.0,30.0,beat_this
Media-104506.wav,2.58,0.0,30.0,beat_this
Media-104506.wav,3.04,0.0,30.0,beat_this
Media-104506.wav,3.5,0.0,30.0,beat_this
Media-104506.wav,3.96,0.0,30.0,beat_this
Media-104506.wav,4.42,0.0,30.0,beat_this
Media-104506.wav,4.9,0.0,30.0,beat_this
Media-104506.wav,5.36,0.0,30.0,beat_this
Media-104506.wav,5.82,0.0,30.0,beat_this
Media-104506.wav,6.26,0.0,30.0,beat_this
Media-104506.wav,6.72,0.0,30.0,beat_this
Media-104506.wav,7.18,0.0,30.0,beat_this
Media-104506.wav,7.64,0.0,30.0,beat_this
Media-104506.wav,8.12,0.0,30.0,beat_this
Media-104506.wav,8.58,0.0,30.0,beat_this
Media-104506.wav,9.04,0.0,30.0,beat_this
Media-104506.wav,9.5,0.0,30.0,beat_this
Media-104506.wav,9.98,0.0,30.0,beat_this
Media-104506.wav,10.44,0.0,30.0,beat_this
Media-104506.wav,10.9,0.0,30.0,beat_this
Media-104506.wav,11.38,0.0,30.0,beat_this
Media-104506.wav,11.84,0.0,30.0,beat_this
Media-104506.wav,12.3,0.0,30.0,beat_this
Media-104506.wav,12.76,0.0,30.0,beat_this
Media-104506.wav,13.22,0.0,30.0,beat_this
Media-104506.wav,13.7,0.0,30.0,beat_this
Media-104506.wav,14.16,0.0,30.0,beat_this
Media-104506.wav,14.64,0.0,30.0,beat_this
Media-104506.wav,15.1,0.0,30.0,beat_this
Media-104506.wav,15.56,0.0,30.0,beat_this
Media-104506.wav,16.04,0.0,30.0,beat_this
Media-104506.wav,16.5,0.0,30.0,beat_this
Media-104506.wav,16.98,0.0,30.0,beat_this
Media-104506.wav,17.44,0.0,30.0,beat_this
Media-104506.wav,17.9,0.0,30.0,beat_this
Media-104506.wav,18.38,0.0,30.0,beat_this
Media-104506.wav,18.84,0.0,30.0,beat_this
Media-104506.wav,19.32,0.0,30.0,beat_this
Media-104506.wav,19.78,0.0,30.0,beat_this
Media-104506.wav,20.24,0.0,30.0,beat_this
Media-104506.wav,20.7,0.0,30.0,beat_this
Media-104506.wav,21.18,0.0,30.0,beat_this
Media-104506.wav,21.64,0.0,30.0,beat_this
Media-104506.wav,22.1,0.0,30.0,beat_this
Media-104506.wav,22.56,0.0,30.0,beat_this
Media-104506.wav,23.04,0.0,30.0,beat_this
Media-104506.wav,23.52,0.0,30.0,beat_this
Media-104506.wav,23.98,0.0,30.0,beat_this
Media-104506.wav,24.44,0.0,30.0,beat_this
Media-104506.wav,24.92,0.0,30.0,beat_this
Media-104506.wav,25.38,0.0,30.0,beat_this
Media-104506.wav,25.84,0.0,30.0,beat_this
Media-104506.wav,26.3,0.0,30.0,beat_this
Media-104506.wav,26.78,0.0,30.0,beat_this
Media-104506.wav,27.24,0.0,30.0,beat_this
Media-104506.wav,27.72,0.0,30.0,beat_this
Media-104506.wav,28.2,0.0,30.0,beat_this
Media-104506.wav,28.66,0.0,30.0,beat_this
Media-104506.wav,29.12,0.0,30.0,beat_this
Media-104506.wav,29.62,0.0,30.0,beat_this
Media-104507.wav,0.36,0.0,30.0,beat_this
Media-104507.wav,0.72,0.0,30.0,beat_this
Media-104507.wav,1.04,0.0,30.0,beat_this
Media-104507.wav,1.38,0.0,30.0,beat_this
Media-104507.wav,1.72,0.0,30.0,beat_this
Media-104507.wav,2.04,0.0,30.0,beat_this
Media-104507.wav,2.38,0.0,30.0,beat_this
Media-104507.wav,2.72,0.0,30.0,beat_this
Media-104507.wav,3.04,0.0,30.0,beat_this
Media-104507.wav,3.36,0.0,30.0,beat_this
Media-104507.wav,3.7,0.0,30.0,beat_this
Media-104507.wav,4.02,0.0,30.0,beat_this
Media-104507.wav,4.34,0.0,30.0,beat_this
Media-104507.wav,4.7,0.0,30.0,beat_this
Media-104507.wav,5.02,0.0,30.0,beat_this
Media-104507.wav,5.36,0.0,30.0,beat_this
Media-104507.wav,5.7,0.0,30.0,beat_this
Media-104507.wav,6.04,0.0,30.0,beat_this
Media-104507.wav,6.36,0.0,30.0,beat_this
Media-104507.wav,6.72,0.0,30.0,beat_this
Media-104507.wav,7.06,0.0,30.0,beat_this
Media-104507.wav,7.38,0.0,30.0,beat_this
Media-104507.wav,7.74,0.0,30.0,beat_this
Media-104507.wav,8.06,0.0,30.0,beat_this
Media-104507.wav,8.42,0.0,30.0,beat_this
Media-104507.wav,8.76,0.0,30.0,beat_this
Media-104507.wav,9.1,0.0,30.0,beat_this
Media-104507.wav,9.44,0.0,30.0,beat_this
Media-104507.wav,9.78,0.0,30.0,beat_this
Media-104507.wav,10.12,0.0,30.0,beat_this
Media-104507.wav,10.48,0.0,30.0,beat_this
Media-104507.wav,10.8,0.0,30.0,beat_this
Media-104507.wav,11.12,0.0,30.0,beat_this
Media-104507.wav,11.44,0.0,30.0,beat_this
Media-104507.wav,11.78,0.0,30.0,beat_this
Media-104507.wav,12.1,0.0,30.0,beat_this
Media-104507.wav,12.46,0.0,30.0,beat_this
Media-104507.wav,12.78,0.0,30.0,beat_this
Media-104507.wav,13.1,0.0,30.0,beat_this
Media-104507.wav,13.44,0.0,30.0,beat_this
Media-104507.wav,13.78,0.0,30.0,beat_this
Media-104507.wav,14.1,0.0,30.0,beat_this
Media-104507.wav,14.44,0.0,30.0,beat_this
Media-104507.wav,14.76,0.0,30.0,beat_this
Media-104507.wav,15.1,0.0,30.0,beat_this
Media-104507.wav,15.42,0.0,30.0,beat_this
Media-104507.wav,15.76,0.0,30.0,beat_this
Media-104507.wav,16.12,0.0,30.0,beat_this
Media-104507.wav,16.44,0.0,30.0,beat_this
Media-104507.wav,16.76,0.0,30.0,beat_this
Media-104507.wav,17.1,0.0,30.0,beat_this
Media-104507.wav,17.42,0.0,30.0,beat_this
Media-104507.wav,17.76,0.0,30.0,beat_this
Media-104507.wav,18.08,0.0,30.0,beat_this
Media-104507.wav,18.42,0.0,30.0,beat_this
Media-104507.wav,18.76,0.0,30.0,beat_this
Media-104507.wav,19.08,0.0,30.0,beat_this
Media-104507.wav,19.42,0.0,30.0,beat_this
Media-104507.wav,19.76,0.0,30.0,beat_this
Media-104507.wav,20.08,0.0,30.0,beat_this
Media-104507.wav,20.42,0.0,30.0,beat_this
Media-104507.wav,20.74,0.0,30.0,beat_this
Media-104507.wav,21.08,0.0,30.0,beat_this
Media-104507.wav,21.38,0.0,30.0,beat_this
Media-104507.wav,21.74,0.0,30.0,beat_this
Media-104507.wav,22.04,0.0,30.0,beat_this
Media-104507.wav,22.38,0.0,30.0,beat_this
Media-104507.wav,22.7,0.0,30.0,beat_this
Media-104507.wav,23.06,0.0,30.0,beat_this
Media-104507.wav,23.38,0.0,30.0,beat_this
Media-104507.wav,23.74,0.0,30.0,beat_this
Media-104507.wav,24.06,0.0,30.0,beat_this
Media-104507.wav,24.42,0.0,30.0,beat_this
Media-104507.wav,24.74,0.0,30.0,beat_this
Media-104507.wav,25.1,0.0,30.0,beat_this
Media-104507.wav,25.44,0.0,30.0,beat_this
Media-104507.wav,25.78,0.0,30.0,beat_this
Media-104507.wav,26.1,0.0,30.0,beat_this
Media-104507.wav,26.46,0.0,30.0,beat_this
Media-104507.wav,26.78,0.0,30.0,beat_this
Media-104507.wav,27.12,0.0,30.0,beat_this
Media-104507.wav,27.46,0.0,30.0,beat_this
Media-104507.wav,27.8,0.0,30.0,beat_this
Media-104507.wav,28.12,0.0,30.0,beat_this
Media-104507.wav,28.46,0.0,30.0,beat_this
Media-104507.wav,28.8,0.0,30.0,beat_this
Media-104507.wav,29.12,0.0,30.0,beat_this
Media-104507.wav,29.46,0.0,30.0,beat_this
Media-104507.wav,29.8,0.0,30.0,beat_this
Media-104508.wav,0.18,0.0,30.0,beat_this
Media-104508.wav,0.52,0.0,30.0,beat_this
Media-104508.wav,0.84,0.0,30.0,beat_this
Media-104508.wav,1.18,0.0,30.0,beat_this
Media-104508.wav,1.52,0.0,30.0,beat_this
Media-104508.wav,1.84,0.0,30.0,beat_this
Media-104508.wav,2.18,0.0,30.0,beat_this
Media-104508.wav,2.54,0.0,30.0,beat_this
Media-104508.wav,2.86,0.0,30.0,beat_this
Media-104508.wav,3.2,0.0,30.0,beat_this
Media-104508.wav,3.54,0.0,30.0,beat_this
Media-104508.wav,3.88,0.0,30.0,beat_this
Media-104508.wav,4.22,0.0,30.0,beat_this
Media-104508.wav,4.58,0.0,30.0,beat_this
Media-104508.wav,4.92,0.0,30.0,beat_this
Media-104508.wav,5.26,0.0,30.0,beat_this
Media-104508.wav,5.6,0.0,30.0,beat_this
Media-104508.wav,5.94,0.0,30.0,beat_this
Media-104508.wav,6.28,0.0,30.0,beat_this
Media-104508.wav,6.64,0.0,30.0,beat_this
Media-104508.wav,6.96,0.0,30.0,beat_this
Media-104508.wav,7.3,0.0,30.0,beat_this
Media-104508.wav,7.66,0.0,30.0,beat_this
Media-104508.wav,7.98,0.0,30.0,beat_this
Media-104508.wav,8.32,0.0,30.0,beat_this
Media-104508.wav,8.66,0.0,30.0,beat_this
Media-104508.wav,9.0,0.0,30.0,beat_this
Media-104508.wav,9.34,0.0,30.0,beat_this
Media-104508.wav,9.68,0.0,30.0,beat_this
Media-104508.wav,10.02,0.0,30.0,beat_this
Media-104508.wav,10.36,0.0,30.0,beat_this
Media-104508.wav,10.7,0.0,30.0,beat_this
Media-104508.wav,11.02,0.0,30.0,beat_this
Media-104508.wav,11.36,0.0,30.0,beat_this
Media-104508.wav,11.7,0.0,30.0,beat_this
Media-104508.wav,12.04,0.0,30.0,beat_this
Media-104508.wav,12.38,0.0,30.0,beat_this
Media-104508.wav,12.72,0.0,30.0,beat_this
Media-104508.wav,13.06,0.0,30.0,beat_this
Media-104508.wav,13.4,0.0,30.0,beat_this
Media-104508.wav,13.74,0.0,30.0,beat_this
Media-104508.wav,14.08,0.0,30.0,beat_this
Media-104508.wav,14.42,0.0,30.0,beat_this
Media-104508.wav,14.76,0.0,30.0,beat_this
Media-104508.wav,15.1,0.0,30.0,beat_this
Media-104508.wav,15.44,0.0,30.0,beat_this
Media-104508.wav,15.78,0.0,30.0,beat_this
Media-104508.wav,16.12,0.0,30.0,beat_this
Media-104508.wav,16.44,0.0,30.0,beat_this
Media-104508.wav,16.8,0.0,30.0,beat_this
Media-104508.wav,17.12,0.0,30.0,beat_this
Media-104508.wav,17.46,0.0,30.0,beat_this
Media-104508.wav,17.8,0.0,30.0,beat_this
Media-104508.wav,18.12,0.0,30.0,beat_this
Media-104508.wav,18.46,0.0,30.0,beat_this
Media-104508.wav,18.8,0.0,30.0,beat_this
Media-104508.wav,19.14,0.0,30.0,beat_this
Media-104508.wav,19.46,0.0,30.0,beat_this
Media-104508.wav,19.82,0.0,30.0,beat_this
Media-104508.wav,20.14,0.0,30.0,beat_this
Media-104508.wav,20.5,0.0,30.0,beat_this
Media-104508.wav,20.84,0.0,30.0,beat_this
Media-104508.wav,21.18,0.0,30.0,beat_this
Media-104508.wav,21.52,0.0,30.0,beat_this
Media-104508.wav,21.86,0.0,30.0,beat_this
Media-104508.wav,22.2,0.0,30.0,beat_this
Media-104508.wav,22.52,0.0,30.0,beat_this
Media-104508.wav,22.88,0.0,30.0,beat_this
Media-104508.wav,23.2,0.0,30.0,beat_this
Media-104508.wav,23.56,0.0,30.0,beat_this
Media-104508.wav,23.88,0.0,30.0,beat_this
Media-104508.wav,24.2,0.0,30.0,beat_this
Media-104508.wav,24.54,0.0,30.0,beat_this
Media-104508.wav,24.88,0.0,30.0,beat_this
Media-104508.wav,25.22,0.0,30.0,beat_this
Media-104508.wav,25.54,0.0,30.0,beat_this
Media-104508.wav,25.88,0.0,30.0,beat_this
Media-104508.wav,26.22,0.0,30.0,beat_this
Media-104508.wav,26.54,0.0,30.0,beat_this
Media-104508.wav,26.9,0.0,30.0,beat_this
Media-104508.wav,27.22,0.0,30.0,beat_this
Media-104508.wav,27.56,0.0,30.0,beat_this
Media-104508.wav,27.9,0.0,30.0,beat_this
Media-104508.wav,28.22,0.0,30.0,beat_this
Media-104508.wav,28.56,0.0,30.0,beat_this
Media-104508.wav,28.9,0.0,30.0,beat_this
Media-104508.wav,29.24,0.0,30.0,beat_this
Media-104508.wav,29.58,0.0,30.0,beat_this
Media-104508.wav,29.9,0.0,30.0,beat_this
Media-104514.wav,0.12,0.0,30.0,beat_this
Media-104514.wav,0.42,0.0,30.0,beat_this
Media-104514.wav,0.7,0.0,30.0,beat_this
Media-104514.wav,0.98,0.0,30.0,beat_this
Media-104514.wav,1.28,0.0,30.0,beat_this
Media-104514.wav,1.56,0.0,30.0,beat_this
Media-104514.wav,1.84,0.0,30.0,beat_this
Media-104514.wav,2.14,0.0,30.0,beat_this
Media-104514.wav,2.42,0.0,30.0,beat_this
Media-104514.wav,2.7,0.0,30.0,beat_this
Media-104514.wav,3.0,0.0,30.0,beat_this
Media-104514.wav,3.3,0.0,30.0,beat_this
Media-104514.wav,3.58,0.0,30.0,beat_this
Media-104514.wav,3.88,0.0,30.0,beat_this
Media-104514.wav,4.16,0.0,30.0,beat_this
Media-104514.wav,4.46,0.0,30.0,beat_this
Media-104514.wav,4.74,0.0,30.0,beat_this
Media-104514.wav,5.02,0.0,30.0,beat_this
Media-104514.wav,5.3,0.0,30.0,beat_this
Media-104514.wav,5.6,0.0,30.0,beat_this
Media-104514.wav,5.9,0.0,30.0,beat_this
Media-104514.wav,6.18,0.0,30.0,beat_this
Media-104514.wav,6.46,0.0,30.0,beat_this
Media-104514.wav,6.76,0.0,30.0,beat_this
Media-104514.wav,7.04,0.0,30.0,beat_this
Media-104514.wav,7.34,0.0,30.0,beat_this
Media-104514.wav,7.62,0.0,30.0,beat_this
Media-104514.wav,7.92,0.0,30.0,beat_this
Media-104514.wav,8.22,0.0,30.0,beat_this
Media-104514.wav,8.52,0.0,30.0,beat_this
Media-104514.wav,8.8,0.0,30.0,beat_this
Media-104514.wav,9.08,0.0,30.0,beat_this
Media-104514.wav,9.38,0.0,30.0,beat_this
Media-104514.wav,9.66,0.0,30.0,beat_this
Media-104514.wav,9.94,0.0,30.0,beat_this
Media-104514.wav,10.22,0.0,30.0,beat_this
Media-104514.wav,10.52,0.0,30.0,beat_this
Media-104514.wav,10.8,0.0,30.0,beat_this
Media-104514.wav,11.1,0.0,30.0,beat_this
Media-104514.wav,11.38,0.0,30.0,beat_this
Media-104514.wav,11.66,0.0,30.0,beat_this
Media-104514.wav,11.96,0.0,30.0,beat_this
Media-104514.wav,12.24,0.0,30.0,beat_this
Media-104514.wav,12.54,0.0,30.0,beat_this
Media-104514.wav,12.82,0.0,30.0,beat_this
Media-104514.wav,13.1,0.0,30.0,beat_this
Media-104514.wav,13.4,0.0,30.0,beat_this
Media-104514.wav,13.7,0.0,30.0,beat_this
Media-104514.wav,13.98,0.0,30.0,beat_this
Media-104514.wav,14.28,0.0,30.0,beat_this
Media-104514.wav,14.56,0.0,30.0,beat_this
Media-104514.wav,14.86,0.0,30.0,beat_this
Media-104514.wav,15.14,0.0,30.0,beat_this
Media-104514.wav,15.44,0.0,30.0,beat_this
Media-104514.wav,15.72,0.0,30.0,beat_this
Media-104514.wav,16.0,0.0,30.0,beat_this
Media-104514.wav,16.3,0.0,30.0,beat_this
Media-104514.wav,16.58,0.0,30.0,beat_this
Media-104514.wav,16.86,0.0,30.0,beat_this
Media-104514.wav,17.16,0.0,30.0,beat_this
Media-104514.wav,17.44,0.0,30.0,beat_this
Media-104514.wav,17.74,0.0,30.0,beat_this
Media-104514.wav,18.02,0.0,30.0,beat_this
Media-104514.wav,18.32,0.0,30.0,beat_this
Media-104514.wav,18.6,0.0,30.0,beat_this
Media-104514.wav,18.88,0.0,30.0,beat_this
Media-104514.wav,19.18,0.0,30.0,beat_this
Media-104514.wav,19.46,0.0,30.0,beat_this
Media-104514.wav,19.76,0.0,30.0,beat_this
Media-104514.wav,20.04,0.0,30.0,beat_this
Media-104514.wav,20.32,0.0,30.0,beat_this
Media-104514.wav,20.62,0.0,30.0,beat_this
Media-104514.wav,20.9,0.0,30.0,beat_this
Media-104514.wav,21.2,0.0,30.0,beat_this
Media-104514.wav,21.48,0.0,30.0,beat_this
Media-104514.wav,21.78,0.0,30.0,beat_this
Media-104514.wav,22.06,0.0,30.0,beat_this
Media-104514.wav,22.34,0.0,30.0,beat_this
Media-104514.wav,22.64,0.0,30.0,beat_this
Media-104514.wav,22.92,0.0,30.0,beat_this
Media-104514.wav,23.22,0.0,30.0,beat_this
Media-104514.wav,23.5,0.0,30.0,beat_this
Media-104514.wav,23.8,0.0,30.0,beat_this
Media-104514.wav,24.08,0.0,30.0,beat_this
Media-104514.wav,24.38,0.0,30.0,beat_this
Media-104514.wav,24.68,0.0,30.0,beat_this
Media-104514.wav,24.96,0.0,30.0,beat_this
Media-104514.wav,25.26,0.0,30.0,beat_this
Media-104514.wav,25.54,0.0,30.0,beat_this
Media-104514.wav,25.82,0.0,30.0,beat_this
Media-104514.wav,26.1,0.0,30.0,beat_this
Media-104514.wav,26.4,0.0,30.0,beat_this
Media-104514.wav,26.68,0.0,30.0,beat_this
Media-104514.wav,26.98,0.0,30.0,beat_this
Media-104514.wav,27.26,0.0,30.0,beat_this
Media-104514.wav,27.54,0.0,30.0,beat_this
Media-104514.wav,27.84,0.0,30.0,beat_this
Media-104514.wav,28.12,0.0,30.0,beat_this
Media-104514.wav,28.4,0.0,30.0,beat_this
Media-104514.wav,28.7,0.0,30.0,beat_this
Media-104514.wav,29.0,0.0,30.0,beat_this
Media-104514.wav,29.3,0.0,30.0,beat_this
Media-104514.wav,29.58,0.0,30.0,beat_this
Media-104514.wav,29.86,0.0,30.0,beat_this
Media-104516.wav,0.1,0.0,30.0,beat_this
Media-104516.wav,1.54,0.0,30.0,beat_this
Media-104516.wav,2.16,0.0,30.0,beat_this
Media-104516.wav,2.44,0.0,30.0,beat_this
Media-104516.wav,2.76,0.0,30.0,beat_this
Media-104516.wav,3.04,0.0,30.0,beat_this
Media-104516.wav,3.34,0.0,30.0,beat_this
Media-104516.wav,3.64,0.0,30.0,beat_this
Media-104516.wav,3.94,0.0,30.0,beat_this
Media-104516.wav,4.22,0.0,30.0,beat_this
Media-104516.wav,4.52,0.0,30.0,beat_this
Media-104516.wav,4.8,0.0,30.0,beat_this
Media-104516.wav,5.1,0.0,30.0,beat_this
Media-104516.wav,5.4,0.0,30.0,beat_this
Media-104516.wav,5.68,0.0,30.0,beat_this
Media-104516.wav,5.96,0.0,30.0,beat_this
Media-104516.wav,6.26,0.0,30.0,beat_this
Media-104516.wav,6.54,0.0,30.0,beat_this
Media-104516.wav,6.84,0.0,30.0,beat_this
Media-104516.wav,7.1,0.0,30.0,beat_this
Media-104516.wav,7.4,0.0,30.0,beat_this
Media-104516.wav,7.68,0.0,30.0,beat_this
Media-104516.wav,7.98,0.0,30.0,beat_this
Media-104516.wav,8.26,0.0,30.0,beat_this
Media-104516.wav,8.54,0.0,30.0,beat_this
Media-104516.wav,8.82,0.0,30.0,beat_this
Media-104516.wav,9.12,0.0,30.0,beat_this
Media-104516.wav,9.4,0.0,30.0,beat_this
Media-104516.wav,9.7,0.0,30.0,beat_this
Media-104516.wav,9.98,0.0,30.0,beat_this
Media-104516.wav,10.28,0.0,30.0,beat_this
Media-104516.wav,10.56,0.0,30.0,beat_this
Media-104516.wav,10.86,0.0,30.0,beat_this
Media-104516.wav,11.14,0.0,30.0,beat_this
Media-104516.wav,11.44,0.0,30.0,beat_this
Media-104516.wav,11.72,0.0,30.0,beat_this
Media-104516.wav,12.02,0.0,30.0,beat_this
Media-104516.wav,12.3,0.0,30.0,beat_this
Media-104516.wav,12.6,0.0,30.0,beat_this
Media-104516.wav,12.88,0.0,30.0,beat_this
Media-104516.wav,13.16,0.0,30.0,beat_this
Media-104516.wav,13.46,0.0,30.0,beat_this
Media-104516.wav,13.74,0.0,30.0,beat_this
Media-104516.wav,14.02,0.0,30.0,beat_this
Media-104516.wav,14.32,0.0,30.0,beat_this
Media-104516.wav,14.6,0.0,30.0,beat_this
Media-104516.wav,14.88,0.0,30.0,beat_this
Media-104516.wav,15.18,0.0,30.0,beat_this
Media-104516.wav,15.46,0.0,30.0,beat_this
Media-104516.wav,15.76,0.0,30.0,beat_this
Media-104516.wav,16.04,0.0,30.0,beat_this
Media-104516.wav,16.34,0.0,30.0,beat_this
Media-104516.wav,16.62,0.0,30.0,beat_this
Media-104516.wav,16.9,0.0,30.0,beat_this
Media-104516.wav,17.2,0.0,30.0,beat_this
Media-104516.wav,17.48,0.0,30.0,beat_this
Media-104516.wav,17.76,0.0,30.0,beat_this
Media-104516.wav,18.04,0.0,30.0,beat_this
Media-104516.wav,18.34,0.0,30.0,beat_this
Media-104516.wav,18.62,0.0,30.0,beat_this
Media-104516.wav,18.92,0.0,30.0,beat_this
Media-104516.wav,19.2,0.0,30.0,beat_this
Media-104516.wav,19.5,0.0,30.0,beat_this
Media-104516.wav,19.78,0.0,30.0,beat_this
Media-104516.wav,20.06,0.0,30.0,beat_this
Media-104516.wav,20.34,0.0,30.0,beat_this
Media-104516.wav,20.64,0.0,30.0,beat_this
Media-104516.wav,20.92,0.0,30.0,beat_this
Media-104516.wav,21.22,0.0,30.0,beat_this
Media-104516.wav,21.5,0.0,30.0,beat_this
Media-104516.wav,21.8,0.0,30.0,beat_this
Media-104516.wav,22.08,0.0,30.0,beat_this
Media-104516.wav,22.36,0.0,30.0,beat_this
Media-104516.wav,22.64,0.0,30.0,beat_this
Media-104516.wav,22.94,0.0,30.0,beat_this
Media-104516.wav,23.22,0.0,30.0,beat_this
Media-104516.wav,23.5,0.0,30.0,beat_this
Media-104516.wav,23.78,0.0,30.0,beat_this
Media-104516.wav,24.08,0.0,30.0,beat_this
Media-104516.wav,24.36,0.0,30.0,beat_this
Media-104516.wav,24.66,0.0,30.0,beat_this
Media-104516.wav,24.94,0.0,30.0,beat_this
Media-104516.wav,25.22,0.0,30.0,beat_this
Media-104516.wav,25.5,0.0,30.0,beat_this
Media-104516.wav,25.8,0.0,30.0,beat_this
Media-104516.wav,26.1,0.0,30.0,beat_this
Media-104516.wav,26.38,0.0,30.0,beat_this
Media-104516.wav,26.66,0.0,30.0,beat_this
Media-104516.wav,26.98,0.0,30.0,beat_this
Media-104516.wav,27.26,0.0,30.0,beat_this
Media-104516.wav,27.56,0.0,30.0,beat_this
Media-104516.wav,27.84,0.0,30.0,beat_this
Media-104516.wav,28.14,0.0,30.0,beat_this
Media-104516.wav,28.42,0.0,30.0,beat_this
Media-104516.wav,28.7,0.0,30.0,beat_this
Media-104516.wav,29.0,0.0,30.0,beat_this
Media-104516.wav,29.3,0.0,30.0,beat_this
Media-104516.wav,29.6,0.0,30.0,beat_this
Media-104516.wav,29.88,0.0,30.0,beat_this
Media-104601.wav,0.82,0.0,30.0,beat_this
Media-104601.wav,1.52,0.0,30.0,beat_this
Media-104601.wav,2.2,0.0,30.0,beat_this
Media-104601.wav,3.0,0.0,30.0,beat_this
Media-104601.wav,6.98,0.0,30.0,beat_this
Media-104601.wav,7.64,0.0,30.0,beat_this
Media-104601.wav,8.32,0.0,30.0,beat_this
Media-104601.wav,9.0,0.0,30.0,beat_this
Media-104601.wav,9.64,0.0,30.0,beat_this
Media-104601.wav,10.28,0.0,30.0,beat_this
Media-104601.wav,10.98,0.0,30.0,beat_this
Media-104601.wav,11.66,0.0,30.0,beat_this
Media-104601.wav,12.32,0.0,30.0,beat_this
Media-104601.wav,13.02,0.0,30.0,beat_this
Media-104601.wav,13.68,0.0,30.0,beat_this
Media-104601.wav,14.36,0.0,30.0,beat_this
Media-104601.wav,15.04,0.0,30.0,beat_this
Media-104601.wav,15.72,0.0,30.0,beat_this
Media-104601.wav,16.4,0.0,30.0,beat_this
Media-104601.wav,17.08,0.0,30.0,beat_this
Media-104601.wav,17.76,0.0,30.0,beat_this
Media-104601.wav,18.42,0.0,30.0,beat_this
Media-104601.wav,19.12,0.0,30.0,beat_this
Media-104601.wav,19.8,0.0,30.0,beat_this
Media-104601.wav,20.46,0.0,30.0,beat_this
Media-104601.wav,21.14,0.0,30.0,beat_this
Media-104601.wav,21.82,0.0,30.0,beat_this
Media-104601.wav,22.48,0.0,30.0,beat_this
Media-104601.wav,23.18,0.0,30.0,beat_this
Media-104601.wav,23.86,0.0,30.0,beat_this
Media-104601.wav,24.52,0.0,30.0,beat_this
Media-104601.wav,25.22,0.0,30.0,beat_this
Media-104601.wav,25.88,0.0,30.0,beat_this
Media-104601.wav,26.58,0.0,30.0,beat_this
Media-104601.wav,27.26,0.0,30.0,beat_this
Media-104601.wav,27.94,0.0,30.0,beat_this
Media-104601.wav,28.62,0.0,30.0,beat_this
Media-104601.wav,29.32,0.0,30.0,beat_this
Media-104601.wav,29.98,0.0,30.0,beat_this
Media-104605.wav,0.06,0.0,30.0,beat_this
Media-104605.wav,0.52,0.0,30.0,beat_this
Media-104605.wav,0.98,0.0,30.0,beat_this
Media-104605.wav,1.42,0.0,30.0,beat_this
Media-104605.wav,1.88,0.0,30.0,beat_this
Media-104605.wav,2.34,0.0,30.0,beat_this
Media-104605.wav,2.8,0.0,30.0,beat_this
Media-104605.wav,3.24,0.0,30.0,beat_this
Media-104605.wav,3.7,0.0,30.0,beat_this
Media-104605.wav,4.16,0.0,30.0,beat_this
Media-104605.wav,4.62,0.0,30.0,beat_this
Media-104605.wav,5.08,0.0,30.0,beat_this
Media-104605.wav,5.54,0.0,30.0,beat_this
Media-104605.wav,6.0,0.0,30.0,beat_this
Media-104605.wav,6.46,0.0,30.0,beat_this
Media-104605.wav,6.92,0.0,30.0,beat_this
Media-104605.wav,7.42,0.0,30.0,beat_this
Media-104605.wav,7.88,0.0,30.0,beat_this
Media-104605.wav,8.36,0.0,30.0,beat_this
Media-104605.wav,8.84,0.0,30.0,beat_this
Media-104605.wav,9.32,0.0,30.0,beat_this
Media-104605.wav,9.78,0.0,30.0,beat_this
Media-104605.wav,10.24,0.0,30.0,beat_this
Media-104605.wav,10.72,0.0,30.0,beat_this
Media-104605.wav,11.2,0.0,30.0,beat_this
Media-104605.wav,11.66,0.0,30.0,beat_this
Media-104605.wav,12.12,0.0,30.0,beat_this
Media-104605.wav,12.6,0.0,30.0,beat_this
Media-104605.wav,13.06,0.0,30.0,beat_this
Media-104605.wav,13.52,0.0,30.0,beat_this
Media-104605.wav,14.0,0.0,30.0,beat_this
Media-104605.wav,14.46,0.0,30.0,beat_this
Media-104605.wav,14.94,0.0,30.0,beat_this
Media-104605.wav,15.4,0.0,30.0,beat_this
Media-104605.wav,15.88,0.0,30.0,beat_this
Media-104605.wav,16.32,0.0,30.0,beat_this
Media-104605.wav,16.78,0.0,30.0,beat_this
Media-104605.wav,17.24,0.0,30.0,beat_this
Media-104605.wav,17.7,0.0,30.0,beat_this
Media-104605.wav,18.16,0.0,30.0,beat_this
Media-104605.wav,18.62,0.0,30.0,beat_this
Media-104605.wav,19.08,0.0,30.0,beat_this
Media-104605.wav,19.54,0.0,30.0,beat_this
Media-104605.wav,20.02,0.0,30.0,beat_this
Media-104605.wav,20.48,0.0,30.0,beat_this
Media-104605.wav,20.94,0.0,30.0,beat_this
Media-104605.wav,21.4,0.0,30.0,beat_this
Media-104605.wav,21.88,0.0,30.0,beat_this
Media-104605.wav,22.36,0.0,30.0,beat_this
Media-104605.wav,22.82,0.0,30.0,beat_this
Media-104605.wav,23.3,0.0,30.0,beat_this
Media-104605.wav,23.78,0.0,30.0,beat_this
Media-104605.wav,24.26,0.0,30.0,beat_this
Media-104605.wav,24.72,0.0,30.0,beat_this
Media-104605.wav,25.18,0.0,30.0,beat_this
Media-104605.wav,25.66,0.0,30.0,beat_this
Media-104605.wav,26.14,0.0,30.0,beat_this
Media-104605.wav,26.6,0.0,30.0,beat_this
Media-104605.wav,27.06,0.0,30.0,beat_this
Media-104605.wav,27.54,0.0,30.0,beat_this
Media-104605.wav,28.0,0.0,30.0,beat_this
Media-104605.wav,28.46,0.0,30.0,beat_this
Media-104605.wav,28.92,0.0,30.0,beat_this
Media-104605.wav,29.38,0.0,30.0,beat_this
Media-104605.wav,29.86,0.0,30.0,beat_this
Media-104606.wav,0.14,0.0,30.0,beat_this
Media-104606.wav,0.6,0.0,30.0,beat_this
Media-104606.wav,1.06,0.0,30.0,beat_this
Media-104606.wav,1.52,0.0,30.0,beat_this
Media-104606.wav,1.98,0.0,30.0,beat_this
Media-104606.wav,2.44,0.0,30.0,beat_this
Media-104606.wav,2.9,0.0,30.0,beat_this
Media-104606.wav,3.36,0.0,30.0,beat_this
Media-104606.wav,3.82,0.0,30.0,beat_this
Media-104606.wav,4.28,0.0,30.0,beat_this
Media-104606.wav,4.72,0.0,30.0,beat_this
Media-104606.wav,5.18,0.0,30.0,beat_this
Media-104606.wav,5.62,0.0,30.0,beat_this
Media-104606.wav,6.08,0.0,30.0,beat_this
Media-104606.wav,6.54,0.0,30.0,beat_this
Media-104606.wav,7.0,0.0,30.0,beat_this
Media-104606.wav,7.46,0.0,30.0,beat_this
Media-104606.wav,7.9,0.0,30.0,beat_this
Media-104606.wav,8.36,0.0,30.0,beat_this
Media-104606.wav,8.84,0.0,30.0,beat_this
Media-104606.wav,9.28,0.0,30.0,beat_this
Media-104606.wav,9.74,0.0,30.0,beat_this
Media-104606.wav,10.2,0.0,30.0,beat_this
Media-104606.wav,10.66,0.0,30.0,beat_this
Media-104606.wav,11.12,0.0,30.0,beat_this
Media-104606.wav,11.58,0.0,30.0,beat_this
Media-104606.wav,12.06,0.0,30.0,beat_this
Media-104606.wav,12.5,0.0,30.0,beat_this
Media-104606.wav,12.98,0.0,30.0,beat_this
Media-104606.wav,13.44,0.0,30.0,beat_this
Media-104606.wav,13.92,0.0,30.0,beat_this
Media-104606.wav,14.4,0.0,30.0,beat_this
Media-104606.wav,14.86,0.0,30.0,beat_this
Media-104606.wav,15.32,0.0,30.0,beat_this
Media-104606.wav,15.78,0.0,30.0,beat_this
Media-104606.wav,16.26,0.0,30.0,beat_this
Media-104606.wav,16.72,0.0,30.0,beat_this
Media-104606.wav,17.18,0.0,30.0,beat_this
Media-104606.wav,17.64,0.0,30.0,beat_this
Media-104606.wav,18.1,0.0,30.0,beat_this
Media-104606.wav,18.56,0.0,30.0,beat_this
Media-104606.wav,19.02,0.0,30.0,beat_this
Media-104606.wav,19.48,0.0,30.0,beat_this
Media-104606.wav,19.94,0.0,30.0,beat_this
Media-104606.wav,20.38,0.0,30.0,beat_this
Media-104606.wav,20.84,0.0,30.0,beat_this
Media-104606.wav,21.3,0.0,30.0,beat_this
Media-104606.wav,21.76,0.0,30.0,beat_this
Media-104606.wav,22.2,0.0,30.0,beat_this
Media-104606.wav,22.66,0.0,30.0,beat_this
Media-104606.wav,23.12,0.0,30.0,beat_this
Media-104606.wav,23.56,0.0,30.0,beat_this
Media-104606.wav,24.04,0.0,30.0,beat_this
Media-104606.wav,24.5,0.0,30.0,beat_this
Media-104606.wav,24.96,0.0,30.0,beat_this
Media-104606.wav,25.42,0.0,30.0,beat_this
Media-104606.wav,25.9,0.0,30.0,beat_this
Media-104606.wav,26.38,0.0,30.0,beat_this
Media-104606.wav,26.84,0.0,30.0,beat_this
Media-104606.wav,27.3,0.0,30.0,beat_this
Media-104606.wav,27.78,0.0,30.0,beat_this
Media-104606.wav,28.22,0.0,30.0,beat_this
Media-104606.wav,28.68,0.0,30.0,beat_this
Media-104606.wav,29.14,0.0,30.0,beat_this
Media-104606.wav,29.6,0.0,30.0,beat_this
Media-104607.wav,0.38,0.0,30.0,beat_this
Media-104607.wav,1.02,0.0,30.0,beat_this
Media-104607.wav,1.38,0.0,30.0,beat_this
Media-104607.wav,1.72,0.0,30.0,beat_this
Media-104607.wav,2.08,0.0,30.0,beat_this
Media-104607.wav,2.44,0.0,30.0,beat_this
Media-104607.wav,2.78,0.0,30.0,beat_this
Media-104607.wav,3.1,0.0,30.0,beat_this
Media-104607.wav,3.42,0.0,30.0,beat_this
Media-104607.wav,3.76,0.0,30.0,beat_this
Media-104607.wav,4.08,0.0,30.0,beat_this
Media-104607.wav,4.4,0.0,30.0,beat_this
Media-104607.wav,4.74,0.0,30.0,beat_this
Media-104607.wav,5.08,0.0,30.0,beat_this
Media-104607.wav,5.4,0.0,30.0,beat_this
Media-104607.wav,5.74,0.0,30.0,beat_this
Media-104607.wav,6.04,0.0,30.0,beat_this
Media-104607.wav,6.38,0.0,30.0,beat_this
Media-104607.wav,6.72,0.0,30.0,beat_this
Media-104607.wav,7.04,0.0,30.0,beat_this
Media-104607.wav,7.36,0.0,30.0,beat_this
Media-104607.wav,7.68,0.0,30.0,beat_this
Media-104607.wav,8.02,0.0,30.0,beat_this
Media-104607.wav,8.34,0.0,30.0,beat_this
Media-104607.wav,8.68,0.0,30.0,beat_this
Media-104607.wav,9.02,0.0,30.0,beat_this
Media-104607.wav,9.34,0.0,30.0,beat_this
Media-104607.wav,9.66,0.0,30.0,beat_this
Media-104607.wav,10.0,0.0,30.0,beat_this
Media-104607.wav,10.32,0.0,30.0,beat_this
Media-104607.wav,10.66,0.0,30.0,beat_this
Media-104607.wav,10.98,0.0,30.0,beat_this
Media-104607.wav,11.3,0.0,30.0,beat_this
Media-104607.wav,11.64,0.0,30.0,beat_this
Media-104607.wav,11.96,0.0,30.0,beat_this
Media-104607.wav,12.28,0.0,30.0,beat_this
Media-104607.wav,12.62,0.0,30.0,beat_this
Media-104607.wav,12.94,0.0,30.0,beat_this
Media-104607.wav,13.26,0.0,30.0,beat_this
Media-104607.wav,13.62,0.0,30.0,beat_this
Media-104607.wav,13.94,0.0,30.0,beat_this
Media-104607.wav,14.28,0.0,30.0,beat_this
Media-104607.wav,14.6,0.0,30.0,beat_this
Media-104607.wav,14.94,0.0,30.0,beat_this
Media-104607.wav,15.28,0.0,30.0,beat_this
Media-104607.wav,15.62,0.0,30.0,beat_this
Media-104607.wav,15.94,0.0,30.0,beat_this
Media-104607.wav,16.28,0.0,30.0,beat_this
Media-104607.wav,16.62,0.0,30.0,beat_this
Media-104607.wav,16.94,0.0,30.0,beat_this
Media-104607.wav,17.28,0.0,30.0,beat_this
Media-104607.wav,17.62,0.0,30.0,beat_this
Media-104607.wav,17.94,0.0,30.0,beat_this
Media-104607.wav,18.26,0.0,30.0,beat_this
Media-104607.wav,18.6,0.0,30.0,beat_this
Media-104607.wav,18.92,0.0,30.0,beat_this
Media-104607.wav,19.26,0.0,30.0,beat_this
Media-104607.wav,19.6,0.0,30.0,beat_this
Media-104607.wav,19.92,0.0,30.0,beat_this
Media-104607.wav,20.24,0.0,30.0,beat_this
Media-104607.wav,20.58,0.0,30.0,beat_this
Media-104607.wav,20.9,0.0,30.0,beat_this
Media-104607.wav,21.24,0.0,30.0,beat_this
Media-104607.wav,21.56,0.0,30.0,beat_this
Media-104607.wav,21.88,0.0,30.0,beat_this
Media-104607.wav,22.2,0.0,30.0,beat_this
Media-104607.wav,22.54,0.0,30.0,beat_this
Media-104607.wav,22.86,0.0,30.0,beat_this
Media-104607.wav,23.2,0.0,30.0,beat_this
Media-104607.wav,23.54,0.0,30.0,beat_this
Media-104607.wav,23.86,0.0,30.0,beat_this
Media-104607.wav,24.2,0.0,30.0,beat_this
Media-104607.wav,24.54,0.0,30.0,beat_this
Media-104607.wav,24.86,0.0,30.0,beat_this
Media-104607.wav,25.18,0.0,30.0,beat_this
Media-104607.wav,25.52,0.0,30.0,beat_this
Media-104607.wav,25.84,0.0,30.0,beat_this
Media-104607.wav,26.2,0.0,30.0,beat_this
Media-104607.wav,26.54,0.0,30.0,beat_this
Media-104607.wav,26.86,0.0,30.0,beat_this
Media-104607.wav,27.2,0.0,30.0,beat_this
Media-104607.wav,27.54,0.0,30.0,beat_this
Media-104607.wav,27.86,0.0,30.0,beat_this
Media-104607.wav,28.2,0.0,30.0,beat_this
Media-104607.wav,28.54,0.0,30.0,beat_this
Media-104607.wav,28.88,0.0,30.0,beat_this
Media-104607.wav,29.22,0.0,30.0,beat_this
Media-104607.wav,29.56,0.0,30.0,beat_this
Media-104607.wav,29.88,0.0,30.0,beat_this
Media-104615.wav,0.06,0.0,30.0,beat_this
Media-104615.wav,0.36,0.0,30.0,beat_this
Media-104615.wav,0.66,0.0,30.0,beat_this
Media-104615.wav,0.98,0.0,30.0,beat_this
Media-104615.wav,1.28,0.0,30.0,beat_this
Media-104615.wav,1.58,0.0,30.0,beat_this
Media-104615.wav,1.88,0.0,30.0,beat_this
Media-104615.wav,2.2,0.0,30.0,beat_this
Media-104615.wav,2.48,0.0,30.0,beat_this
Media-104615.wav,2.78,0.0,30.0,beat_this
Media-104615.wav,3.1,0.0,30.0,beat_this
Media-104615.wav,3.4,0.0,30.0,beat_this
Media-104615.wav,3.7,0.0,30.0,beat_this
Media-104615.wav,4.0,0.0,30.0,beat_this
Media-104615.wav,4.3,0.0,30.0,beat_this
Media-104615.wav,4.58,0.0,30.0,beat_this
Media-104615.wav,4.88,0.0,30.0,beat_this
Media-104615.wav,5.18,0.0,30.0,beat_this
Media-104615.wav,5.48,0.0,30.0,beat_this
Media-104615.wav,5.78,0.0,30.0,beat_this
Media-104615.wav,6.08,0.0,30.0,beat_this
Media-104615.wav,6.38,0.0,30.0,beat_this
Media-104615.wav,6.66,0.0,30.0,beat_this
Media-104615.wav,6.96,0.0,30.0,beat_this
Media-104615.wav,7.24,0.0,30.0,beat_this
Media-104615.wav,7.54,0.0,30.0,beat_this
Media-104615.wav,7.84,0.0,30.0,beat_this
Media-104615.wav,8.14,0.0,30.0,beat_this
Media-104615.wav,8.44,0.0,30.0,beat_this
Media-104615.wav,8.76,0.0,30.0,beat_this
Media-104615.wav,9.04,0.0,30.0,beat_this
Media-104615.wav,9.34,0.0,30.0,beat_this
Media-104615.wav,9.62,0.0,30.0,beat_this
Media-104615.wav,9.94,0.0,30.0,beat_this
Media-104615.wav,10.22,0.0,30.0,beat_this
Media-104615.wav,10.52,0.0,30.0,beat_this
Media-104615.wav,10.82,0.0,30.0,beat_this
Media-104615.wav,11.12,0.0,30.0,beat_this
Media-104615.wav,11.4,0.0,30.0,beat_this
Media-104615.wav,11.68,0.0,30.0,beat_this
Media-104615.wav,11.98,0.0,30.0,beat_this
Media-104615.wav,12.26,0.0,30.0,beat_this
Media-104615.wav,12.56,0.0,30.0,beat_this
Media-104615.wav,12.86,0.0,30.0,beat_this
Media-104615.wav,13.16,0.0,30.0,beat_this
Media-104615.wav,13.44,0.0,30.0,beat_this
Media-104615.wav,13.74,0.0,30.0,beat_this
Media-104615.wav,14.02,0.0,30.0,beat_this
Media-104615.wav,14.32,0.0,30.0,beat_this
Media-104615.wav,14.6,0.0,30.0,beat_this
Media-104615.wav,14.9,0.0,30.0,beat_this
Media-104615.wav,15.2,0.0,30.0,beat_this
Media-104615.wav,15.48,0.0,30.0,beat_this
Media-104615.wav,15.78,0.0,30.0,beat_this
Media-104615.wav,16.08,0.0,30.0,beat_this
Media-104615.wav,16.36,0.0,30.0,beat_this
Media-104615.wav,16.66,0.0,30.0,beat_this
Media-104615.wav,16.96,0.0,30.0,beat_this
Media-104615.wav,17.26,0.0,30.0,beat_this
Media-104615.wav,17.54,0.0,30.0,beat_this
Media-104615.wav,17.84,0.0,30.0,beat_this
Media-104615.wav,18.14,0.0,30.0,beat_this
Media-104615.wav,18.42,0.0,30.0,beat_this
Media-104615.wav,18.72,0.0,30.0,beat_this
Media-104615.wav,19.02,0.0,30.0,beat_this
Media-104615.wav,19.32,0.0,30.0,beat_this
Media-104615.wav,19.62,0.0,30.0,beat_this
Media-104615.wav,19.92,0.0,30.0,beat_this
Media-104615.wav,20.2,0.0,30.0,beat_this
Media-104615.wav,20.5,0.0,30.0,beat_this
Media-104615.wav,20.8,0.0,30.0,beat_this
Media-104615.wav,21.1,0.0,30.0,beat_this
Media-104615.wav,21.38,0.0,30.0,beat_this
Media-104615.wav,21.68,0.0,30.0,beat_this
Media-104615.wav,21.98,0.0,30.0,beat_this
Media-104615.wav,22.28,0.0,30.0,beat_this
Media-104615.wav,22.56,0.0,30.0,beat_this
Media-104615.wav,22.86,0.0,30.0,beat_this
Media-104615.wav,23.14,0.0,30.0,beat_this
Media-104615.wav,23.44,0.0,30.0,beat_this
Media-104615.wav,23.72,0.0,30.0,beat_this
Media-104615.wav,24.02,0.0,30.0,beat_this
Media-104615.wav,24.32,0.0,30.0,beat_this
Media-104615.wav,24.6,0.0,30.0,beat_this
Media-104615.wav,24.9,0.0,30.0,beat_this
Media-104615.wav,25.2,0.0,30.0,beat_this
Media-104615.wav,25.48,0.0,30.0,beat_this
Media-104615.wav,25.76,0.0,30.0,beat_this
Media-104615.wav,26.06,0.0,30.0,beat_this
Media-104615.wav,26.34,0.0,30.0,beat_this
Media-104615.wav,26.64,0.0,30.0,beat_this
Media-104615.wav,26.92,0.0,30.0,beat_this
Media-104615.wav,27.22,0.0,30.0,beat_this
Media-104615.wav,27.54,0.0,30.0,beat_this
Media-104615.wav,27.84,0.0,30.0,beat_this
Media-104615.wav,28.14,0.0,30.0,beat_this
Media-104615.wav,28.44,0.0,30.0,beat_this
Media-104615.wav,28.74,0.0,30.0,beat_this
Media-104615.wav,29.04,0.0,30.0,beat_this
Media-104615.wav,29.34,0.0,30.0,beat_this
Media-104615.wav,29.64,0.0,30.0,beat_this
Media-104615.wav,29.94,0.0,30.0,beat_this
Media-104706.wav,0.28,0.0,30.0,beat_this
Media-104706.wav,0.74,0.0,30.0,beat_this
Media-104706.wav,1.2,0.0,30.0,beat_this
Media-104706.wav,1.66,0.0,30.0,beat_this
Media-104706.wav,2.12,0.0,30.0,beat_this
Media-104706.wav,2.6,0.0,30.0,beat_this
Media-104706.wav,3.06,0.0,30.0,beat_this
Media-104706.wav,3.52,0.0,30.0,beat_this
Media-104706.wav,4.02,0.0,30.0,beat_this
Media-104706.wav,4.5,0.0,30.0,beat_this
Media-104706.wav,4.98,0.0,30.0,beat_this
Media-104706.wav,5.46,0.0,30.0,beat_this
Media-104706.wav,5.94,0.0,30.0,beat_this
Media-104706.wav,6.42,0.0,30.0,beat_this
Media-104706.wav,6.88,0.0,30.0,beat_this
Media-104706.wav,7.34,0.0,30.0,beat_this
Media-104706.wav,7.82,0.0,30.0,beat_this
Media-104706.wav,8.28,0.0,30.0,beat_this
Media-104706.wav,8.74,0.0,30.0,beat_this
Media-104706.wav,9.22,0.0,30.0,beat_this
Media-104706.wav,9.68,0.0,30.0,beat_this
Media-104706.wav,10.16,0.0,30.0,beat_this
Media-104706.wav,10.62,0.0,30.0,beat_this
Media-104706.wav,11.1,0.0,30.0,beat_this
Media-104706.wav,11.56,0.0,30.0,beat_this
Media-104706.wav,12.04,0.0,30.0,beat_this
Media-104706.wav,12.5,0.0,30.0,beat_this
Media-104706.wav,12.98,0.0,30.0,beat_this
Media-104706.wav,13.44,0.0,30.0,beat_this
Media-104706.wav,13.92,0.0,30.0,beat_this
Media-104706.wav,14.38,0.0,30.0,beat_this
Media-104706.wav,14.86,0.0,30.0,beat_this
Media-104706.wav,15.34,0.0,30.0,beat_this
Media-104706.wav,15.82,0.0,30.0,beat_this
Media-104706.wav,16.28,0.0,30.0,beat_this
Media-104706.wav,16.74,0.0,30.0,beat_this
Media-104706.wav,17.2,0.0,30.0,beat_this
Media-104706.wav,17.68,0.0,30.0,beat_this
Media-104706.wav,18.16,0.0,30.0,beat_this
Media-104706.wav,18.64,0.0,30.0,beat_this
Media-104706.wav,19.1,0.0,30.0,beat_this
Media-104706.wav,19.56,0.0,30.0,beat_this
Media-104706.wav,20.02,0.0,30.0,beat_this
Media-104706.wav,20.5,0.0,30.0,beat_this
Media-104706.wav,20.96,0.0,30.0,beat_this
Media-104706.wav,21.42,0.0,30.0,beat_this
Media-104706.wav,21.88,0.0,30.0,beat_this
Media-104706.wav,22.34,0.0,30.0,beat_this
Media-104706.wav,22.8,0.0,30.0,beat_this
Media-104706.wav,23.28,0.0,30.0,beat_this
Media-104706.wav,23.76,0.0,30.0,beat_this
Media-104706.wav,24.22,0.0,30.0,beat_this
Media-104706.wav,24.68,0.0,30.0,beat_this
Media-104706.wav,25.14,0.0,30.0,beat_this
Media-104706.wav,25.6,0.0,30.0,beat_this
Media-104706.wav,26.08,0.0,30.0,beat_this
Media-104706.wav,26.56,0.0,30.0,beat_this
Media-104706.wav,27.02,0.0,30.0,beat_this
Media-104706.wav,27.48,0.0,30.0,beat_this
Media-104706.wav,27.96,0.0,30.0,beat_this
Media-104706.wav,28.42,0.0,30.0,beat_this
Media-104706.wav,28.88,0.0,30.0,beat_this
Media-104706.wav,29.36,0.0,30.0,beat_this
Media-104706.wav,29.84,0.0,30.0,beat_this
Media-104711.wav,1.4,0.0,30.0,beat_this
Media-104711.wav,1.68,0.0,30.0,beat_this
Media-104711.wav,2.04,0.0,30.0,beat_this
Media-104711.wav,2.34,0.0,30.0,beat_this
Media-104711.wav,2.7,0.0,30.0,beat_this
Media-104711.wav,3.04,0.0,30.0,beat_this
Media-104711.wav,3.38,0.0,30.0,beat_this
Media-104711.wav,3.72,0.0,30.0,beat_this
Media-104711.wav,4.08,0.0,30.0,beat_this
Media-104711.wav,4.42,0.0,30.0,beat_this
Media-104711.wav,4.78,0.0,30.0,beat_this
Media-104711.wav,5.14,0.0,30.0,beat_this
Media-104711.wav,5.5,0.0,30.0,beat_this
Media-104711.wav,5.84,0.0,30.0,beat_this
Media-104711.wav,6.18,0.0,30.0,beat_this
Media-104711.wav,6.54,0.0,30.0,beat_this
Media-104711.wav,6.88,0.0,30.0,beat_this
Media-104711.wav,7.22,0.0,30.0,beat_this
Media-104711.wav,7.56,0.0,30.0,beat_this
Media-104711.wav,7.9,0.0,30.0,beat_this
Media-104711.wav,8.24,0.0,30.0,beat_this
Media-104711.wav,8.58,0.0,30.0,beat_this
Media-104711.wav,8.92,0.0,30.0,beat_this
Media-104711.wav,9.24,0.0,30.0,beat_this
Media-104711.wav,9.6,0.0,30.0,beat_this
Media-104711.wav,9.94,0.0,30.0,beat_this
Media-104711.wav,10.28,0.0,30.0,beat_this
Media-104711.wav,10.62,0.0,30.0,beat_this
Media-104711.wav,10.96,0.0,30.0,beat_this
Media-104711.wav,11.28,0.0,30.0,beat_this
Media-104711.wav,11.64,0.0,30.0,beat_this
Media-104711.wav,11.98,0.0,30.0,beat_this
Media-104711.wav,12.32,0.0,30.0,beat_this
Media-104711.wav,12.66,0.0,30.0,beat_this
Media-104711.wav,13.0,0.0,30.0,beat_this
Media-104711.wav,13.32,0.0,30.0,beat_this
Media-104711.wav,13.68,0.0,30.0,beat_this
Media-104711.wav,14.0,0.0,30.0,beat_this
Media-104711.wav,14.34,0.0,30.0,beat_this
Media-104711.wav,14.68,0.0,30.0,beat_this
Media-104711.wav,15.02,0.0,30.0,beat_this
Media-104711.wav,15.36,0.0,30.0,beat_this
Media-104711.wav,15.72,0.0,30.0,beat_this
Media-104711.wav,16.04,0.0,30.0,beat_this
Media-104711.wav,16.4,0.0,30.0,beat_this
Media-104711.wav,16.74,0.0,30.0,beat_this
Media-104711.wav,17.1,0.0,30.0,beat_this
Media-104711.wav,17.46,0.0,30.0,beat_this
Media-104711.wav,17.8,0.0,30.0,beat_this
Media-104711.wav,18.16,0.0,30.0,beat_this
Media-104711.wav,18.5,0.0,30.0,beat_this
Media-104711.wav,18.84,0.0,30.0,beat_this
Media-104711.wav,19.2,0.0,30.0,beat_this
Media-104711.wav,19.54,0.0,30.0,beat_this
Media-104711.wav,19.9,0.0,30.0,beat_this
Media-104711.wav,20.24,0.0,30.0,beat_this
Media-104711.wav,20.58,0.0,30.0,beat_this
Media-104711.wav,20.94,0.0,30.0,beat_this
Media-104711.wav,21.28,0.0,30.0,beat_this
Media-104711.wav,21.62,0.0,30.0,beat_this
Media-104711.wav,22.0,0.0,30.0,beat_this
Media-104711.wav,22.34,0.0,30.0,beat_this
Media-104711.wav,22.68,0.0,30.0,beat_this
Media-104711.wav,23.04,0.0,30.0,beat_this
Media-104711.wav,23.38,0.0,30.0,beat_this
Media-104711.wav,23.74,0.0,30.0,beat_this
Media-104711.wav,24.08,0.0,30.0,beat_this
Media-104711.wav,24.42,0.0,30.0,beat_this
Media-104711.wav,24.76,0.0,30.0,beat_this
Media-104711.wav,25.12,0.0,30.0,beat_this
Media-104711.wav,25.46,0.0,30.0,beat_this
Media-104711.wav,25.8,0.0,30.0,beat_this
Media-104711.wav,26.16,0.0,30.0,beat_this
Media-104711.wav,26.5,0.0,30.0,beat_this
Media-104711.wav,26.84,0.0,30.0,beat_this
Media-104711.wav,27.2,0.0,30.0,beat_this
Media-104711.wav,27.56,0.0,30.0,beat_this
Media-104711.wav,27.9,0.0,30.0,beat_this
Media-104711.wav,28.24,0.0,30.0,beat_this
Media-104711.wav,28.58,0.0,30.0,beat_this
Media-104711.wav,28.92,0.0,30.0,beat_this
Media-104711.wav,29.28,0.0,30.0,beat_this
Media-104711.wav,29.62,0.0,30.0,beat_this
Media-104711.wav,29.92,0.0,30.0,beat_this
Media-104716.wav,0.06,0.0,30.0,beat_this
Media-104716.wav,0.38,0.0,30.0,beat_this
Media-104716.wav,0.68,0.0,30.0,beat_this
Media-104716.wav,0.98,0.0,30.0,beat_this
Media-104716.wav,1.32,0.0,30.0,beat_this
Media-104716.wav,1.6,0.0,30.0,beat_this
Media-104716.wav,1.92,0.0,30.0,beat_this
Media-104716.wav,2.22,0.0,30.0,beat_this
Media-104716.wav,2.54,0.0,30.0,beat_this
Media-104716.wav,2.84,0.0,30.0,beat_this
Media-104716.wav,3.16,0.0,30.0,beat_this
Media-104716.wav,3.46,0.0,30.0,beat_this
Media-104716.wav,3.76,0.0,30.0,beat_this
Media-104716.wav,4.06,0.0,30.0,beat_this
Media-104716.wav,4.36,0.0,30.0,beat_this
Media-104716.wav,4.66,0.0,30.0,beat_this
Media-104716.wav,4.96,0.0,30.0,beat_this
Media-104716.wav,5.28,0.0,30.0,beat_this
Media-104716.wav,5.58,0.0,30.0,beat_this
Media-104716.wav,5.86,0.0,30.0,beat_this
Media-104716.wav,6.16,0.0,30.0,beat_this
Media-104716.wav,6.46,0.0,30.0,beat_this
Media-104716.wav,6.76,0.0,30.0,beat_this
Media-104716.wav,7.06,0.0,30.0,beat_this
Media-104716.wav,7.34,0.0,30.0,beat_this
Media-104716.wav,7.64,0.0,30.0,beat_this
Media-104716.wav,7.94,0.0,30.0,beat_this
Media-104716.wav,8.22,0.0,30.0,beat_this
Media-104716.wav,8.52,0.0,30.0,beat_this
Media-104716.wav,8.8,0.0,30.0,beat_this
Media-104716.wav,9.1,0.0,30.0,beat_this
Media-104716.wav,9.38,0.0,30.0,beat_this
Media-104716.wav,9.68,0.0,30.0,beat_this
Media-104716.wav,9.98,0.0,30.0,beat_this
Media-104716.wav,10.28,0.0,30.0,beat_this
Media-104716.wav,10.58,0.0,30.0,beat_this
Media-104716.wav,10.88,0.0,30.0,beat_this
Media-104716.wav,11.18,0.0,30.0,beat_this
Media-104716.wav,11.46,0.0,30.0,beat_this
Media-104716.wav,11.76,0.0,30.0,beat_this
Media-104716.wav,12.08,0.0,30.0,beat_this
Media-104716.wav,12.36,0.0,30.0,beat_this
Media-104716.wav,12.66,0.0,30.0,beat_this
Media-104716.wav,12.96,0.0,30.0,beat_this
Media-104716.wav,13.26,0.0,30.0,beat_this
Media-104716.wav,13.54,0.0,30.0,beat_this
Media-104716.wav,13.84,0.0,30.0,beat_this
Media-104716.wav,14.14,0.0,30.0,beat_this
Media-104716.wav,14.44,0.0,30.0,beat_this
Media-104716.wav,14.74,0.0,30.0,beat_this
Media-104716.wav,15.04,0.0,30.0,beat_this
Media-104716.wav,15.34,0.0,30.0,beat_this
Media-104716.wav,15.64,0.0,30.0,beat_this
Media-104716.wav,15.94,0.0,30.0,beat_this
Media-104716.wav,16.24,0.0,30.0,beat_this
Media-104716.wav,16.52,0.0,30.0,beat_this
Media-104716.wav,16.82,0.0,30.0,beat_this
Media-104716.wav,17.12,0.0,30.0,beat_this
Media-104716.wav,17.42,0.0,30.0,beat_this
Media-104716.wav,17.7,0.0,30.0,beat_this
Media-104716.wav,18.02,0.0,30.0,beat_this
Media-104716.wav,18.32,0.0,30.0,beat_this
Media-104716.wav,18.62,0.0,30.0,beat_this
Media-104716.wav,18.92,0.0,30.0,beat_this
Media-104716.wav,19.24,0.0,30.0,beat_this
Media-104716.wav,19.54,0.0,30.0,beat_this
Media-104716.wav,19.84,0.0,30.0,beat_this
Media-104716.wav,20.14,0.0,30.0,beat_this
Media-104716.wav,20.46,0.0,30.0,beat_this
Media-104716.wav,20.74,0.0,30.0,beat_this
Media-104716.wav,21.06,0.0,30.0,beat_this
Media-104716.wav,21.34,0.0,30.0,beat_this
Media-104716.wav,21.66,0.0,30.0,beat_this
Media-104716.wav,21.96,0.0,30.0,beat_this
Media-104716.wav,22.26,0.0,30.0,beat_this
Media-104716.wav,22.56,0.0,30.0,beat_this
Media-104716.wav,22.86,0.0,30.0,beat_this
Media-104716.wav,23.16,0.0,30.0,beat_this
Media-104716.wav,23.46,0.0,30.0,beat_this
Media-104716.wav,23.76,0.0,30.0,beat_this
Media-104716.wav,24.06,0.0,30.0,beat_this
Media-104716.wav,24.36,0.0,30.0,beat_this
Media-104716.wav,24.66,0.0,30.0,beat_this
Media-104716.wav,24.96,0.0,30.0,beat_this
Media-104716.wav,25.28,0.0,30.0,beat_this
Media-104716.wav,25.56,0.0,30.0,beat_this
Media-104716.wav,25.86,0.0,30.0,beat_this
Media-104716.wav,26.16,0.0,30.0,beat_this
Media-104716.wav,26.46,0.0,30.0,beat_this
Media-104716.wav,26.76,0.0,30.0,beat_this
Media-104716.wav,27.06,0.0,30.0,beat_this
Media-104716.wav,27.36,0.0,30.0,beat_this
Media-104716.wav,27.64,0.0,30.0,beat_this
Media-104716.wav,27.96,0.0,30.0,beat_this
Media-104716.wav,28.26,0.0,30.0,beat_this
Media-104716.wav,28.56,0.0,30.0,beat_this
Media-104716.wav,28.86,0.0,30.0,beat_this
Media-104716.wav,29.16,0.0,30.0,beat_this
Media-104716.wav,29.46,0.0,30.0,beat_this
Media-104716.wav,29.78,0.0,30.0,beat_this
Media-104804.wav,0.06,0.0,30.0,beat_this
Media-104804.wav,0.74,0.0,30.0,beat_this
Media-104804.wav,1.4,0.0,30.0,beat_this
Media-104804.wav,2.1,0.0,30.0,beat_this
Media-104804.wav,2.78,0.0,30.0,beat_this
Media-104804.wav,3.46,0.0,30.0,beat_this
Media-104804.wav,4.16,0.0,30.0,beat_this
Media-104804.wav,4.84,0.0,30.0,beat_this
Media-104804.wav,5.52,0.0,30.0,beat_this
Media-104804.wav,6.2,0.0,30.0,beat_this
Media-104804.wav,6.88,0.0,30.0,beat_this
Media-104804.wav,7.58,0.0,30.0,beat_this
Media-104804.wav,8.26,0.0,30.0,beat_this
Media-104804.wav,8.96,0.0,30.0,beat_this
Media-104804.wav,9.64,0.0,30.0,beat_this
Media-104804.wav,10.34,0.0,30.0,beat_this
Media-104804.wav,11.06,0.0,30.0,beat_this
Media-104804.wav,11.76,0.0,30.0,beat_this
Media-104804.wav,12.44,0.0,30.0,beat_this
Media-104804.wav,13.14,0.0,30.0,beat_this
Media-104804.wav,13.82,0.0,30.0,beat_this
Media-104804.wav,14.52,0.0,30.0,beat_this
Media-104804.wav,15.22,0.0,30.0,beat_this
Media-104804.wav,15.9,0.0,30.0,beat_this
Media-104804.wav,16.62,0.0,30.0,beat_this
Media-104804.wav,17.3,0.0,30.0,beat_this
Media-104804.wav,18.0,0.0,30.0,beat_this
Media-104804.wav,18.68,0.0,30.0,beat_this
Media-104804.wav,19.38,0.0,30.0,beat_this
Media-104804.wav,20.08,0.0,30.0,beat_this
Media-104804.wav,20.76,0.0,30.0,beat_this
Media-104804.wav,21.48,0.0,30.0,beat_this
Media-104804.wav,22.14,0.0,30.0,beat_this
Media-104804.wav,22.82,0.0,30.0,beat_this
Media-104804.wav,23.52,0.0,30.0,beat_this
Media-104804.wav,24.18,0.0,30.0,beat_this
Media-104804.wav,24.9,0.0,30.0,beat_this
Media-104804.wav,25.58,0.0,30.0,beat_this
Media-104804.wav,26.24,0.0,30.0,beat_this
Media-104804.wav,26.92,0.0,30.0,beat_this
Media-104804.wav,27.62,0.0,30.0,beat_this
Media-104804.wav,28.3,0.0,30.0,beat_this
Media-104804.wav,28.96,0.0,30.0,beat_this
Media-104804.wav,29.68,0.0,30.0,beat_this
Media-104806.wav,0.08,0.0,30.0,beat_this
Media-104806.wav,0.56,0.0,30.0,beat_this
Media-104806.wav,1.02,0.0,30.0,beat_this
Media-104806.wav,1.48,0.0,30.0,beat_this
Media-104806.wav,1.94,0.0,30.0,beat_this
Media-104806.wav,2.4,0.0,30.0,beat_this
Media-104806.wav,2.84,0.0,30.0,beat_this
Media-104806.wav,3.3,0.0,30.0,beat_this
Media-104806.wav,3.76,0.0,30.0,beat_this
Media-104806.wav,4.22,0.0,30.0,beat_this
Media-104806.wav,4.68,0.0,30.0,beat_this
Media-104806.wav,5.16,0.0,30.0,beat_this
Media-104806.wav,5.62,0.0,30.0,beat_this
Media-104806.wav,6.06,0.0,30.0,beat_this
Media-104806.wav,6.52,0.0,30.0,beat_this
Media-104806.wav,7.0,0.0,30.0,beat_this
Media-104806.wav,7.44,0.0,30.0,beat_this
Media-104806.wav,7.9,0.0,30.0,beat_this
Media-104806.wav,8.36,0.0,30.0,beat_this
Media-104806.wav,8.82,0.0,30.0,beat_this
Media-104806.wav,9.26,0.0,30.0,beat_this
Media-104806.wav,9.72,0.0,30.0,beat_this
Media-104806.wav,10.18,0.0,30.0,beat_this
Media-104806.wav,10.62,0.0,30.0,beat_this
Media-104806.wav,11.08,0.0,30.0,beat_this
Media-104806.wav,11.54,0.0,30.0,beat_this
Media-104806.wav,12.02,0.0,30.0,beat_this
Media-104806.wav,12.48,0.0,30.0,beat_this
Media-104806.wav,12.94,0.0,30.0,beat_this
Media-104806.wav,13.4,0.0,30.0,beat_this
Media-104806.wav,13.86,0.0,30.0,beat_this
Media-104806.wav,14.3,0.0,30.0,beat_this
Media-104806.wav,14.76,0.0,30.0,beat_this
Media-104806.wav,15.22,0.0,30.0,beat_this
Media-104806.wav,15.66,0.0,30.0,beat_this
Media-104806.wav,16.12,0.0,30.0,beat_this
Media-104806.wav,16.58,0.0,30.0,beat_this
Media-104806.wav,17.04,0.0,30.0,beat_this
Media-104806.wav,17.5,0.0,30.0,beat_this
Media-104806.wav,17.94,0.0,30.0,beat_this
Media-104806.wav,18.4,0.0,30.0,beat_this
Media-104806.wav,18.84,0.0,30.0,beat_this
Media-104806.wav,19.3,0.0,30.0,beat_this
Media-104806.wav,19.74,0.0,30.0,beat_this
Media-104806.wav,20.18,0.0,30.0,beat_this
Media-104806.wav,20.62,0.0,30.0,beat_this
Media-104806.wav,21.08,0.0,30.0,beat_this
Media-104806.wav,21.52,0.0,30.0,beat_this
Media-104806.wav,21.98,0.0,30.0,beat_this
Media-104806.wav,22.42,0.0,30.0,beat_this
Media-104806.wav,22.86,0.0,30.0,beat_this
Media-104806.wav,23.32,0.0,30.0,beat_this
Media-104806.wav,23.76,0.0,30.0,beat_this
Media-104806.wav,24.22,0.0,30.0,beat_this
Media-104806.wav,24.66,0.0,30.0,beat_this
Media-104806.wav,25.12,0.0,30.0,beat_this
Media-104806.wav,25.56,0.0,30.0,beat_this
Media-104806.wav,26.02,0.0,30.0,beat_this
Media-104806.wav,26.48,0.0,30.0,beat_this
Media-104806.wav,26.94,0.0,30.0,beat_this
Media-104806.wav,27.4,0.0,30.0,beat_this
Media-104806.wav,27.86,0.0,30.0,beat_this
Media-104806.wav,28.32,0.0,30.0,beat_this
Media-104806.wav,28.76,0.0,30.0,beat_this
Media-104806.wav,29.22,0.0,30.0,beat_this
Media-104806.wav,29.68,0.0,30.0,beat_this
Media-104906.wav,0.1,0.0,30.0,beat_this
Media-104906.wav,0.58,0.0,30.0,beat_this
Media-104906.wav,1.08,0.0,30.0,beat_this
Media-104906.wav,1.54,0.0,30.0,beat_this
Media-104906.wav,2.02,0.0,30.0,beat_this
Media-104906.wav,2.5,0.0,30.0,beat_this
Media-104906.wav,2.98,0.0,30.0,beat_this
Media-104906.wav,3.46,0.0,30.0,beat_this
Media-104906.wav,3.94,0.0,30.0,beat_this
Media-104906.wav,4.42,0.0,30.0,beat_this
Media-104906.wav,4.9,0.0,30.0,beat_this
Media-104906.wav,5.36,0.0,30.0,beat_this
Media-104906.wav,5.86,0.0,30.0,beat_this
Media-104906.wav,6.34,0.0,30.0,beat_this
Media-104906.wav,6.82,0.0,30.0,beat_this
Media-104906.wav,7.28,0.0,30.0,beat_this
Media-104906.wav,7.76,0.0,30.0,beat_this
Media-104906.wav,8.22,0.0,30.0,beat_this
Media-104906.wav,8.68,0.0,30.0,beat_this
Media-104906.wav,9.16,0.0,30.0,beat_this
Media-104906.wav,9.62,0.0,30.0,beat_this
Media-104906.wav,10.1,0.0,30.0,beat_this
Media-104906.wav,10.58,0.0,30.0,beat_this
Media-104906.wav,11.06,0.0,30.0,beat_this
Media-104906.wav,11.54,0.0,30.0,beat_this
Media-104906.wav,12.0,0.0,30.0,beat_this
Media-104906.wav,12.46,0.0,30.0,beat_this
Media-104906.wav,12.9,0.0,30.0,beat_this
Media-104906.wav,13.38,0.0,30.0,beat_this
Media-104906.wav,13.84,0.0,30.0,beat_this
Media-104906.wav,14.32,0.0,30.0,beat_this
Media-104906.wav,14.78,0.0,30.0,beat_this
Media-104906.wav,15.24,0.0,30.0,beat_this
Media-104906.wav,15.7,0.0,30.0,beat_this
Media-104906.wav,16.16,0.0,30.0,beat_this
Media-104906.wav,16.62,0.0,30.0,beat_this
Media-104906.wav,17.06,0.0,30.0,beat_this
Media-104906.wav,17.52,0.0,30.0,beat_this
Media-104906.wav,17.98,0.0,30.0,beat_this
Media-104906.wav,18.44,0.0,30.0,beat_this
Media-104906.wav,18.9,0.0,30.0,beat_this
Media-104906.wav,19.36,0.0,30.0,beat_this
Media-104906.wav,19.82,0.0,30.0,beat_this
Media-104906.wav,20.28,0.0,30.0,beat_this
Media-104906.wav,20.72,0.0,30.0,beat_this
Media-104906.wav,21.2,0.0,30.0,beat_this
Media-104906.wav,21.68,0.0,30.0,beat_this
Media-104906.wav,22.14,0.0,30.0,beat_this
Media-104906.wav,22.62,0.0,30.0,beat_this
Media-104906.wav,23.08,0.0,30.0,beat_this
Media-104906.wav,23.54,0.0,30.0,beat_this
Media-104906.wav,24.02,0.0,30.0,beat_this
Media-104906.wav,24.48,0.0,30.0,beat_this
Media-104906.wav,24.96,0.0,30.0,beat_this
Media-104906.wav,25.44,0.0,30.0,beat_this
Media-104906.wav,25.9,0.0,30.0,beat_this
Media-104906.wav,26.4,0.0,30.0,beat_this
Media-104906.wav,26.86,0.0,30.0,beat_this
Media-104906.wav,27.34,0.0,30.0,beat_this
Media-104906.wav,27.82,0.0,30.0,beat_this
Media-104906.wav,28.32,0.0,30.0,beat_this
Media-104906.wav,28.78,0.0,30.0,beat_this
Media-104906.wav,29.26,0.0,30.0,beat_this
Media-104906.wav,29.74,0.0,30.0,beat_this
Media-105009.wav,0.3,0.0,30.0,beat_this
Media-105009.wav,0.76,0.0,30.0,beat_this
Media-105009.wav,1.26,0.0,30.0,beat_this
Media-105009.wav,1.72,0.0,30.0,beat_this
Media-105009.wav,2.2,0.0,30.0,beat_this
Media-105009.wav,2.68,0.0,30.0,beat_this
Media-105009.wav,3.14,0.0,30.0,beat_this
Media-105009.wav,3.62,0.0,30.0,beat_this
Media-105009.wav,4.1,0.0,30.0,beat_this
Media-105009.wav,4.56,0.0,30.0,beat_this
Media-105009.wav,5.06,0.0,30.0,beat_this
Media-105009.wav,5.52,0.0,30.0,beat_this
Media-105009.wav,6.0,0.0,30.0,beat_this
Media-105009.wav,6.48,0.0,30.0,beat_this
Media-105009.wav,6.94,0.0,30.0,beat_this
Media-105009.wav,7.42,0.0,30.0,beat_this
Media-105009.wav,7.92,0.0,30.0,beat_this
Media-105009.wav,8.4,0.0,30.0,beat_this
Media-105009.wav,8.88,0.0,30.0,beat_this
Media-105009.wav,9.36,0.0,30.0,beat_this
Media-105009.wav,9.84,0.0,30.0,beat_this
Media-105009.wav,10.34,0.0,30.0,beat_this
Media-105009.wav,10.8,0.0,30.0,beat_this
Media-105009.wav,11.28,0.0,30.0,beat_this
Media-105009.wav,11.76,0.0,30.0,beat_this
Media-105009.wav,12.26,0.0,30.0,beat_this
Media-105009.wav,12.74,0.0,30.0,beat_this
Media-105009.wav,13.22,0.0,30.0,beat_this
Media-105009.wav,13.68,0.0,30.0,beat_this
Media-105009.wav,14.18,0.0,30.0,beat_this
Media-105009.wav,14.64,0.0,30.0,beat_this
Media-105009.wav,15.12,0.0,30.0,beat_this
Media-105009.wav,15.6,0.0,30.0,beat_this
Media-105009.wav,16.08,0.0,30.0,beat_this
Media-105009.wav,16.56,0.0,30.0,beat_this
Media-105009.wav,17.04,0.0,30.0,beat_this
Media-105009.wav,17.5,0.0,30.0,beat_this
Media-105009.wav,17.98,0.0,30.0,beat_this
Media-105009.wav,18.46,0.0,30.0,beat_this
Media-105009.wav,18.94,0.0,30.0,beat_this
Media-105009.wav,19.42,0.0,30.0,beat_this
Media-105009.wav,19.88,0.0,30.0,beat_this
Media-105009.wav,20.36,0.0,30.0,beat_this
Media-105009.wav,20.84,0.0,30.0,beat_this
Media-105009.wav,21.32,0.0,30.0,beat_this
Media-105009.wav,21.78,0.0,30.0,beat_this
Media-105009.wav,22.24,0.0,30.0,beat_this
Media-105009.wav,22.74,0.0,30.0,beat_this
Media-105009.wav,23.24,0.0,30.0,beat_this
Media-105009.wav,23.74,0.0,30.0,beat_this
Media-105009.wav,24.22,0.0,30.0,beat_this
Media-105009.wav,24.68,0.0,30.0,beat_this
Media-105009.wav,25.16,0.0,30.0,beat_this
Media-105009.wav,25.64,0.0,30.0,beat_this
Media-105009.wav,26.12,0.0,30.0,beat_this
Media-105009.wav,26.6,0.0,30.0,beat_this
Media-105009.wav,27.08,0.0,30.0,beat_this
Media-105009.wav,27.56,0.0,30.0,beat_this
Media-105009.wav,28.06,0.0,30.0,beat_this
Media-105009.wav,28.54,0.0,30.0,beat_this
Media-105009.wav,29.02,0.0,30.0,beat_this
Media-105009.wav,29.5,0.0,30.0,beat_this
Media-105009.wav,29.98,0.0,30.0,beat_this
Media-105108.wav,0.5,0.0,30.0,beat_this
Media-105108.wav,0.96,0.0,30.0,beat_this
Media-105108.wav,1.44,0.0,30.0,beat_this
Media-105108.wav,1.9,0.0,30.0,beat_this
Media-105108.wav,2.38,0.0,30.0,beat_this
Media-105108.wav,2.84,0.0,30.0,beat_this
Media-105108.wav,3.3,0.0,30.0,beat_this
Media-105108.wav,3.78,0.0,30.0,beat_this
Media-105108.wav,4.24,0.0,30.0,beat_this
Media-105108.wav,4.72,0.0,30.0,beat_this
Media-105108.wav,5.18,0.0,30.0,beat_this
Media-105108.wav,5.66,0.0,30.0,beat_this
Media-105108.wav,6.12,0.0,30.0,beat_this
Media-105108.wav,6.58,0.0,30.0,beat_this
Media-105108.wav,7.06,0.0,30.0,beat_this
Media-105108.wav,7.52,0.0,30.0,beat_this
Media-105108.wav,7.98,0.0,30.0,beat_this
Media-105108.wav,8.46,0.0,30.0,beat_this
Media-105108.wav,8.94,0.0,30.0,beat_this
Media-105108.wav,9.4,0.0,30.0,beat_this
Media-105108.wav,9.86,0.0,30.0,beat_this
Media-105108.wav,10.34,0.0,30.0,beat_this
Media-105108.wav,10.8,0.0,30.0,beat_this
Media-105108.wav,11.28,0.0,30.0,beat_this
Media-105108.wav,11.74,0.0,30.0,beat_this
Media-105108.wav,12.22,0.0,30.0,beat_this
Media-105108.wav,12.68,0.0,30.0,beat_this
Media-105108.wav,13.14,0.0,30.0,beat_this
Media-105108.wav,13.62,0.0,30.0,beat_this
Media-105108.wav,14.08,0.0,30.0,beat_this
Media-105108.wav,14.56,0.0,30.0,beat_this
Media-105108.wav,15.02,0.0,30.0,beat_this
Media-105108.wav,15.48,0.0,30.0,beat_this
Media-105108.wav,15.96,0.0,30.0,beat_this
Media-105108.wav,16.44,0.0,30.0,beat_this
Media-105108.wav,16.9,0.0,30.0,beat_this
Media-105108.wav,17.36,0.0,30.0,beat_this
Media-105108.wav,17.84,0.0,30.0,beat_this
Media-105108.wav,18.3,0.0,30.0,beat_this
Media-105108.wav,18.78,0.0,30.0,beat_this
Media-105108.wav,19.24,0.0,30.0,beat_this
Media-105108.wav,19.72,0.0,30.0,beat_this
Media-105108.wav,20.18,0.0,30.0,beat_this
Media-105108.wav,20.64,0.0,30.0,beat_this
Media-105108.wav,21.12,0.0,30.0,beat_this
Media-105108.wav,21.6,0.0,30.0,beat_this
Media-105108.wav,22.06,0.0,30.0,beat_this
Media-105108.wav,22.52,0.0,30.0,beat_this
Media-105108.wav,22.98,0.0,30.0,beat_this
Media-105108.wav,23.46,0.0,30.0,beat_this
Media-105108.wav,23.94,0.0,30.0,beat_this
Media-105108.wav,24.4,0.0,30.0,beat_this
Media-105108.wav,24.86,0.0,30.0,beat_this
Media-105108.wav,25.32,0.0,30.0,beat_this
Media-105108.wav,25.8,0.0,30.0,beat_this
Media-105108.wav,26.26,0.0,30.0,beat_this
Media-105108.wav,26.74,0.0,30.0,beat_this
Media-105108.wav,27.2,0.0,30.0,beat_this
Media-105108.wav,27.68,0.0,30.0,beat_this
Media-105108.wav,28.14,0.0,30.0,beat_this
Media-105108.wav,28.62,0.0,30.0,beat_this
Media-105108.wav,29.08,0.0,30.0,beat_this
Media-105108.wav,29.56,0.0,30.0,beat_this
Media-105315.wav,0.1,0.0,30.0,beat_this
Media-105315.wav,0.42,0.0,30.0,beat_this
Media-105315.wav,0.7,0.0,30.0,beat_this
Media-105315.wav,1.0,0.0,30.0,beat_this
Media-105315.wav,1.28,0.0,30.0,beat_this
Media-105315.wav,1.58,0.0,30.0,beat_this
Media-105315.wav,1.88,0.0,30.0,beat_this
Media-105315.wav,2.18,0.0,30.0,beat_this
Media-105315.wav,2.46,0.0,30.0,beat_this
Media-105315.wav,2.76,0.0,30.0,beat_this
Media-105315.wav,3.04,0.0,30.0,beat_this
Media-105315.wav,3.34,0.0,30.0,beat_this
Media-105315.wav,3.62,0.0,30.0,beat_this
Media-105315.wav,3.94,0.0,30.0,beat_this
Media-105315.wav,4.22,0.0,30.0,beat_this
Media-105315.wav,4.52,0.0,30.0,beat_this
Media-105315.wav,4.8,0.0,30.0,beat_this
Media-105315.wav,5.1,0.0,30.0,beat_this
Media-105315.wav,5.38,0.0,30.0,beat_this
Media-105315.wav,5.68,0.0,30.0,beat_this
Media-105315.wav,5.98,0.0,30.0,beat_this
Media-105315.wav,6.28,0.0,30.0,beat_this
Media-105315.wav,6.56,0.0,30.0,beat_this
Media-105315.wav,6.86,0.0,30.0,beat_this
Media-105315.wav,7.14,0.0,30.0,beat_this
Media-105315.wav,7.46,0.0,30.0,beat_this
Media-105315.wav,7.74,0.0,30.0,beat_this
Media-105315.wav,8.04,0.0,30.0,beat_this
Media-105315.wav,8.32,0.0,30.0,beat_this
Media-105315.wav,8.62,0.0,30.0,beat_this
Media-105315.wav,8.9,0.0,30.0,beat_this
Media-105315.wav,9.22,0.0,30.0,beat_this
Media-105315.wav,9.5,0.0,30.0,beat_this
Media-105315.wav,9.8,0.0,30.0,beat_this
Media-105315.wav,10.08,0.0,30.0,beat_this
Media-105315.wav,10.38,0.0,30.0,beat_this
Media-105315.wav,10.68,0.0,30.0,beat_this
Media-105315.wav,10.98,0.0,30.0,beat_this
Media-105315.wav,11.26,0.0,30.0,beat_this
Media-105315.wav,11.56,0.0,30.0,beat_this
Media-105315.wav,11.84,0.0,30.0,beat_this
Media-105315.wav,12.14,0.0,30.0,beat_this
Media-105315.wav,12.44,0.0,30.0,beat_this
Media-105315.wav,12.74,0.0,30.0,beat_this
Media-105315.wav,13.02,0.0,30.0,beat_this
Media-105315.wav,13.32,0.0,30.0,beat_this
Media-105315.wav,13.6,0.0,30.0,beat_this
Media-105315.wav,13.92,0.0,30.0,beat_this
Media-105315.wav,14.18,0.0,30.0,beat_this
Media-105315.wav,14.5,0.0,30.0,beat_this
Media-105315.wav,14.78,0.0,30.0,beat_this
Media-105315.wav,15.06,0.0,30.0,beat_this
Media-105315.wav,15.36,0.0,30.0,beat_this
Media-105315.wav,15.66,0.0,30.0,beat_this
Media-105315.wav,15.94,0.0,30.0,beat_this
Media-105315.wav,16.26,0.0,30.0,beat_this
Media-105315.wav,16.54,0.0,30.0,beat_this
Media-105315.wav,16.84,0.0,30.0,beat_this
Media-105315.wav,17.12,0.0,30.0,beat_this
Media-105315.wav,17.42,0.0,30.0,beat_this
Media-105315.wav,17.7,0.0,30.0,beat_this
Media-105315.wav,18.02,0.0,30.0,beat_this
Media-105315.wav,18.3,0.0,30.0,beat_this
Media-105315.wav,18.6,0.0,30.0,beat_this
Media-105315.wav,18.88,0.0,30.0,beat_this
Media-105315.wav,19.18,0.0,30.0,beat_this
Media-105315.wav,19.46,0.0,30.0,beat_this
Media-105315.wav,19.78,0.0,30.0,beat_this
Media-105315.wav,20.06,0.0,30.0,beat_this
Media-105315.wav,20.36,0.0,30.0,beat_this
Media-105315.wav,20.64,0.0,30.0,beat_this
Media-105315.wav,20.94,0.0,30.0,beat_this
Media-105315.wav,21.22,0.0,30.0,beat_this
Media-105315.wav,21.52,0.0,30.0,beat_this
Media-105315.wav,21.82,0.0,30.0,beat_this
Media-105315.wav,22.12,0.0,30.0,beat_this
Media-105315.wav,22.4,0.0,30.0,beat_this
Media-105315.wav,22.7,0.0,30.0,beat_this
Media-105315.wav,22.98,0.0,30.0,beat_this
Media-105315.wav,23.28,0.0,30.0,beat_this
Media-105315.wav,23.58,0.0,30.0,beat_this
Media-105315.wav,23.88,0.0,30.0,beat_this
Media-105315.wav,24.16,0.0,30.0,beat_this
Media-105315.wav,24.46,0.0,30.0,beat_this
Media-105315.wav,24.74,0.0,30.0,beat_this
Media-105315.wav,25.06,0.0,30.0,beat_this
Media-105315.wav,25.34,0.0,30.0,beat_this
Media-105315.wav,25.64,0.0,30.0,beat_this
Media-105315.wav,25.92,0.0,30.0,beat_this
Media-105315.wav,26.22,0.0,30.0,beat_this
Media-105315.wav,26.52,0.0,30.0,beat_this
Media-105315.wav,26.82,0.0,30.0,beat_this
Media-105315.wav,27.1,0.0,30.0,beat_this
Media-105315.wav,27.4,0.0,30.0,beat_this
Media-105315.wav,27.68,0.0,30.0,beat_this
Media-105315.wav,27.98,0.0,30.0,beat_this
Media-105315.wav,28.26,0.0,30.0,beat_this
Media-105315.wav,28.56,0.0,30.0,beat_this
Media-105315.wav,28.86,0.0,30.0,beat_this
Media-105315.wav,29.14,0.0,30.0,beat_this
Media-105315.wav,29.44,0.0,30.0,beat_this
Media-105315.wav,29.74,0.0,30.0,beat_this
Media-105407.wav,0.02,0.0,30.0,beat_this
Media-105407.wav,0.5,0.0,30.0,beat_this
Media-105407.wav,0.96,0.0,30.0,beat_this
Media-105407.wav,1.44,0.0,30.0,beat_this
Media-105407.wav,1.94,0.0,30.0,beat_this
Media-105407.wav,2.42,0.0,30.0,beat_this
Media-105407.wav,2.9,0.0,30.0,beat_this
Media-105407.wav,3.38,0.0,30.0,beat_this
Media-105407.wav,3.86,0.0,30.0,beat_this
Media-105407.wav,4.36,0.0,30.0,beat_this
Media-105407.wav,4.84,0.0,30.0,beat_this
Media-105407.wav,5.32,0.0,30.0,beat_this
Media-105407.wav,5.8,0.0,30.0,beat_this
Media-105407.wav,6.28,0.0,30.0,beat_this
Media-105407.wav,6.76,0.0,30.0,beat_this
Media-105407.wav,7.26,0.0,30.0,beat_this
Media-105407.wav,7.74,0.0,30.0,beat_this
Media-105407.wav,8.22,0.0,30.0,beat_this
Media-105407.wav,8.7,0.0,30.0,beat_this
Media-105407.wav,9.2,0.0,30.0,beat_this
Media-105407.wav,9.66,0.0,30.0,beat_this
Media-105407.wav,10.16,0.0,30.0,beat_this
Media-105407.wav,10.64,0.0,30.0,beat_this
Media-105407.wav,11.12,0.0,30.0,beat_this
Media-105407.wav,11.6,0.0,30.0,beat_this
Media-105407.wav,12.08,0.0,30.0,beat_this
Media-105407.wav,12.58,0.0,30.0,beat_this
Media-105407.wav,13.06,0.0,30.0,beat_this
Media-105407.wav,13.54,0.0,30.0,beat_this
Media-105407.wav,14.02,0.0,30.0,beat_this
Media-105407.wav,14.5,0.0,30.0,beat_this
Media-105407.wav,15.0,0.0,30.0,beat_this
Media-105407.wav,15.46,0.0,30.0,beat_this
Media-105407.wav,15.96,0.0,30.0,beat_this
Media-105407.wav,16.44,0.0,30.0,beat_this
Media-105407.wav,16.92,0.0,30.0,beat_this
Media-105407.wav,17.4,0.0,30.0,beat_this
Media-105407.wav,17.88,0.0,30.0,beat_this
Media-105407.wav,18.36,0.0,30.0,beat_this
Media-105407.wav,18.86,0.0,30.0,beat_this
Media-105407.wav,19.34,0.0,30.0,beat_this
Media-105407.wav,19.82,0.0,30.0,beat_this
Media-105407.wav,20.3,0.0,30.0,beat_this
Media-105407.wav,20.78,0.0,30.0,beat_this
Media-105407.wav,21.26,0.0,30.0,beat_this
Media-105407.wav,21.76,0.0,30.0,beat_this
Media-105407.wav,22.22,0.0,30.0,beat_this
Media-105407.wav,22.72,0.0,30.0,beat_this
Media-105407.wav,23.2,0.0,30.0,beat_this
Media-105407.wav,23.7,0.0,30.0,beat_this
Media-105407.wav,24.18,0.0,30.0,beat_this
Media-105407.wav,24.66,0.0,30.0,beat_this
Media-105407.wav,25.14,0.0,30.0,beat_this
Media-105407.wav,25.62,0.0,30.0,beat_this
Media-105407.wav,26.1,0.0,30.0,beat_this
Media-105407.wav,26.6,0.0,30.0,beat_this
Media-105407.wav,27.06,0.0,30.0,beat_this
Media-105407.wav,27.56,0.0,30.0,beat_this
Media-105407.wav,28.04,0.0,30.0,beat_this
Media-105407.wav,28.52,0.0,30.0,beat_this
Media-105407.wav,29.0,0.0,30.0,beat_this
Media-105407.wav,29.5,0.0,30.0,beat_this
Media-105407.wav,29.98,0.0,30.0,beat_this
Media-105516.wav,0.28,0.0,30.0,beat_this
Media-105516.wav,0.56,0.0,30.0,beat_this
Media-105516.wav,0.86,0.0,30.0,beat_this
Media-105516.wav,1.16,0.0,30.0,beat_this
Media-105516.wav,1.46,0.0,30.0,beat_this
Media-105516.wav,1.76,0.0,30.0,beat_this
Media-105516.wav,2.08,0.0,30.0,beat_this
Media-105516.wav,2.38,0.0,30.0,beat_this
Media-105516.wav,2.68,0.0,30.0,beat_this
Media-105516.wav,2.98,0.0,30.0,beat_this
Media-105516.wav,3.28,0.0,30.0,beat_this
Media-105516.wav,3.58,0.0,30.0,beat_this
Media-105516.wav,3.88,0.0,30.0,beat_this
Media-105516.wav,4.18,0.0,30.0,beat_this
Media-105516.wav,4.48,0.0,30.0,beat_this
Media-105516.wav,4.78,0.0,30.0,beat_this
Media-105516.wav,5.08,0.0,30.0,beat_this
Media-105516.wav,5.4,0.0,30.0,beat_this
Media-105516.wav,5.7,0.0,30.0,beat_this
Media-105516.wav,6.0,0.0,30.0,beat_this
Media-105516.wav,6.3,0.0,30.0,beat_this
Media-105516.wav,6.6,0.0,30.0,beat_this
Media-105516.wav,6.9,0.0,30.0,beat_this
Media-105516.wav,7.2,0.0,30.0,beat_this
Media-105516.wav,7.5,0.0,30.0,beat_this
Media-105516.wav,7.8,0.0,30.0,beat_this
Media-105516.wav,8.1,0.0,30.0,beat_this
Media-105516.wav,8.4,0.0,30.0,beat_this
Media-105516.wav,8.68,0.0,30.0,beat_this
Media-105516.wav,8.98,0.0,30.0,beat_this
Media-105516.wav,9.28,0.0,30.0,beat_this
Media-105516.wav,9.58,0.0,30.0,beat_this
Media-105516.wav,9.88,0.0,30.0,beat_this
Media-105516.wav,10.18,0.0,30.0,beat_this
Media-105516.wav,10.48,0.0,30.0,beat_this
Media-105516.wav,10.8,0.0,30.0,beat_this
Media-105516.wav,11.1,0.0,30.0,beat_this
Media-105516.wav,11.4,0.0,30.0,beat_this
Media-105516.wav,11.7,0.0,30.0,beat_this
Media-105516.wav,12.0,0.0,30.0,beat_this
Media-105516.wav,12.3,0.0,30.0,beat_this
Media-105516.wav,12.6,0.0,30.0,beat_this
Media-105516.wav,12.9,0.0,30.0,beat_this
Media-105516.wav,13.18,0.0,30.0,beat_this
Media-105516.wav,13.5,0.0,30.0,beat_this
Media-105516.wav,13.8,0.0,30.0,beat_this
Media-105516.wav,14.1,0.0,30.0,beat_this
Media-105516.wav,14.42,0.0,30.0,beat_this
Media-105516.wav,14.72,0.0,30.0,beat_this
Media-105516.wav,15.0,0.0,30.0,beat_this
Media-105516.wav,15.32,0.0,30.0,beat_this
Media-105516.wav,15.6,0.0,30.0,beat_this
Media-105516.wav,15.9,0.0,30.0,beat_this
Media-105516.wav,16.2,0.0,30.0,beat_this
Media-105516.wav,16.5,0.0,30.0,beat_this
Media-105516.wav,16.78,0.0,30.0,beat_this
Media-105516.wav,17.1,0.0,30.0,beat_this
Media-105516.wav,17.38,0.0,30.0,beat_this
Media-105516.wav,17.68,0.0,30.0,beat_this
Media-105516.wav,17.98,0.0,30.0,beat_this
Media-105516.wav,18.3,0.0,30.0,beat_this
Media-105516.wav,18.6,0.0,30.0,beat_this
Media-105516.wav,18.9,0.0,30.0,beat_this
Media-105516.wav,19.2,0.0,30.0,beat_this
Media-105516.wav,19.5,0.0,30.0,beat_this
Media-105516.wav,19.8,0.0,30.0,beat_this
Media-105516.wav,20.1,0.0,30.0,beat_this
Media-105516.wav,20.4,0.0,30.0,beat_this
Media-105516.wav,20.7,0.0,30.0,beat_this
Media-105516.wav,21.0,0.0,30.0,beat_this
Media-105516.wav,21.3,0.0,30.0,beat_this
Media-105516.wav,21.6,0.0,30.0,beat_this
Media-105516.wav,21.9,0.0,30.0,beat_this
Media-105516.wav,22.18,0.0,30.0,beat_this
Media-105516.wav,22.48,0.0,30.0,beat_this
Media-105516.wav,22.8,0.0,30.0,beat_this
Media-105516.wav,23.08,0.0,30.0,beat_this
Media-105516.wav,23.38,0.0,30.0,beat_this
Media-105516.wav,23.7,0.0,30.0,beat_this
Media-105516.wav,24.0,0.0,30.0,beat_this
Media-105516.wav,24.28,0.0,30.0,beat_this
Media-105516.wav,24.6,0.0,30.0,beat_this
Media-105516.wav,24.9,0.0,30.0,beat_this
Media-105516.wav,25.2,0.0,30.0,beat_this
Media-105516.wav,25.5,0.0,30.0,beat_this
Media-105516.wav,25.82,0.0,30.0,beat_this
Media-105516.wav,26.12,0.0,30.0,beat_this
Media-105516.wav,26.4,0.0,30.0,beat_this
Media-105516.wav,26.7,0.0,30.0,beat_this
Media-105516.wav,27.0,0.0,30.0,beat_this
Media-105516.wav,27.3,0.0,30.0,beat_this
Media-105516.wav,27.6,0.0,30.0,beat_this
Media-105516.wav,27.9,0.0,30.0,beat_this
Media-105516.wav,28.2,0.0,30.0,beat_this
Media-105516.wav,28.5,0.0,30.0,beat_this
Media-105516.wav,28.8,0.0,30.0,beat_this
Media-105516.wav,29.08,0.0,30.0,beat_this
Media-105516.wav,29.4,0.0,30.0,beat_this
Media-105516.wav,29.7,0.0,30.0,beat_this
Media-105516.wav,29.98,0.0,30.0,beat_this
Media-105611.wav,0.02,0.0,30.0,beat_this
Media-105611.wav,0.58,0.0,30.0,beat_this
Media-105611.wav,1.16,0.0,30.0,beat_this
Media-105611.wav,1.74,0.0,30.0,beat_this
Media-105611.wav,2.32,0.0,30.0,beat_this
Media-105611.wav,2.9,0.0,30.0,beat_this
Media-105611.wav,3.48,0.0,30.0,beat_this
Media-105611.wav,4.04,0.0,30.0,beat_this
Media-105611.wav,4.62,0.0,30.0,beat_this
Media-105611.wav,5.2,0.0,30.0,beat_this
Media-105611.wav,5.78,0.0,30.0,beat_this
Media-105611.wav,6.36,0.0,30.0,beat_this
Media-105611.wav,6.94,0.0,30.0,beat_this
Media-105611.wav,7.5,0.0,30.0,beat_this
Media-105611.wav,8.08,0.0,30.0,beat_this
Media-105611.wav,8.66,0.0,30.0,beat_this
Media-105611.wav,9.24,0.0,30.0,beat_this
Media-105611.wav,9.82,0.0,30.0,beat_this
Media-105611.wav,10.38,0.0,30.0,beat_this
Media-105611.wav,10.96,0.0,30.0,beat_this
Media-105611.wav,11.54,0.0,30.0,beat_this
Media-105611.wav,12.12,0.0,30.0,beat_this
Media-105611.wav,12.7,0.0,30.0,beat_this
Media-105611.wav,13.28,0.0,30.0,beat_this
Media-105611.wav,13.86,0.0,30.0,beat_this
Media-105611.wav,14.42,0.0,30.0,beat_this
Media-105611.wav,15.0,0.0,30.0,beat_this
Media-105611.wav,15.58,0.0,30.0,beat_this
Media-105611.wav,16.16,0.0,30.0,beat_this
Media-105611.wav,16.74,0.0,30.0,beat_this
Media-105611.wav,17.32,0.0,30.0,beat_this
Media-105611.wav,17.88,0.0,30.0,beat_this
Media-105611.wav,18.46,0.0,30.0,beat_this
Media-105611.wav,19.04,0.0,30.0,beat_this
Media-105611.wav,19.62,0.0,30.0,beat_this
Media-105611.wav,20.2,0.0,30.0,beat_this
Media-105611.wav,20.78,0.0,30.0,beat_this
Media-105611.wav,21.36,0.0,30.0,beat_this
Media-105611.wav,21.94,0.0,30.0,beat_this
Media-105611.wav,22.5,0.0,30.0,beat_this
Media-105611.wav,23.08,0.0,30.0,beat_this
Media-105611.wav,23.66,0.0,30.0,beat_this
Media-105611.wav,24.24,0.0,30.0,beat_this
Media-105611.wav,24.82,0.0,30.0,beat_this
Media-105611.wav,25.4,0.0,30.0,beat_this
Media-105611.wav,25.96,0.0,30.0,beat_this
Media-105611.wav,26.54,0.0,30.0,beat_this
Media-105611.wav,27.12,0.0,30.0,beat_this
Media-105611.wav,27.7,0.0,30.0,beat_this
Media-105611.wav,28.28,0.0,30.0,beat_this
Media-105611.wav,28.86,0.0,30.0,beat_this
Media-105611.wav,29.44,0.0,30.0,beat_this
Media-105612.wav,0.32,0.0,30.0,beat_this
Media-105612.wav,0.9,0.0,30.0,beat_this
Media-105612.wav,1.48,0.0,30.0,beat_this
Media-105612.wav,2.08,0.0,30.0,beat_this
Media-105612.wav,2.66,0.0,30.0,beat_this
Media-105612.wav,3.24,0.0,30.0,beat_this
Media-105612.wav,3.82,0.0,30.0,beat_this
Media-105612.wav,4.38,0.0,30.0,beat_this
Media-105612.wav,4.94,0.0,30.0,beat_this
Media-105612.wav,5.52,0.0,30.0,beat_this
Media-105612.wav,6.1,0.0,30.0,beat_this
Media-105612.wav,6.7,0.0,30.0,beat_this
Media-105612.wav,7.28,0.0,30.0,beat_this
Media-105612.wav,7.86,0.0,30.0,beat_this
Media-105612.wav,8.42,0.0,30.0,beat_this
Media-105612.wav,9.0,0.0,30.0,beat_this
Media-105612.wav,9.58,0.0,30.0,beat_this
Media-105612.wav,10.14,0.0,30.0,beat_this
Media-105612.wav,10.72,0.0,30.0,beat_this
Media-105612.wav,11.3,0.0,30.0,beat_this
Media-105612.wav,11.88,0.0,30.0,beat_this
Media-105612.wav,12.46,0.0,30.0,beat_this
Media-105612.wav,13.04,0.0,30.0,beat_this
Media-105612.wav,13.6,0.0,30.0,beat_this
Media-105612.wav,14.18,0.0,30.0,beat_this
Media-105612.wav,14.76,0.0,30.0,beat_this
Media-105612.wav,15.34,0.0,30.0,beat_this
Media-105612.wav,15.92,0.0,30.0,beat_this
Media-105612.wav,16.5,0.0,30.0,beat_this
Media-105612.wav,17.06,0.0,30.0,beat_this
Media-105612.wav,17.64,0.0,30.0,beat_this
Media-105612.wav,18.22,0.0,30.0,beat_this
Media-105612.wav,18.8,0.0,30.0,beat_this
Media-105612.wav,19.38,0.0,30.0,beat_this
Media-105612.wav,19.96,0.0,30.0,beat_this
Media-105612.wav,20.52,0.0,30.0,beat_this
Media-105612.wav,21.12,0.0,30.0,beat_this
Media-105612.wav,21.68,0.0,30.0,beat_this
Media-105612.wav,22.26,0.0,30.0,beat_this
Media-105612.wav,22.84,0.0,30.0,beat_this
Media-105612.wav,23.42,0.0,30.0,beat_this
Media-105612.wav,24.0,0.0,30.0,beat_this
Media-105612.wav,24.58,0.0,30.0,beat_this
Media-105612.wav,25.14,0.0,30.0,beat_this
Media-105612.wav,25.72,0.0,30.0,beat_this
Media-105612.wav,26.3,0.0,30.0,beat_this
Media-105612.wav,26.88,0.0,30.0,beat_this
Media-105612.wav,27.46,0.0,30.0,beat_this
Media-105612.wav,28.04,0.0,30.0,beat_this
Media-105612.wav,28.6,0.0,30.0,beat_this
Media-105612.wav,29.2,0.0,30.0,beat_this
Media-105612.wav,29.76,0.0,30.0,beat_this
Media-105704.wav,0.04,0.0,30.0,beat_this
Media-105704.wav,0.72,0.0,30.0,beat_this
Media-105704.wav,1.44,0.0,30.0,beat_this
Media-105704.wav,2.14,0.0,30.0,beat_this
Media-105704.wav,2.86,0.0,30.0,beat_this
Media-105704.wav,3.56,0.0,30.0,beat_this
Media-105704.wav,4.24,0.0,30.0,beat_this
Media-105704.wav,4.94,0.0,30.0,beat_this
Media-105704.wav,5.66,0.0,30.0,beat_this
Media-105704.wav,6.36,0.0,30.0,beat_this
Media-105704.wav,7.1,0.0,30.0,beat_this
Media-105704.wav,7.82,0.0,30.0,beat_this
Media-105704.wav,8.52,0.0,30.0,beat_this
Media-105704.wav,9.24,0.0,30.0,beat_this
Media-105704.wav,9.96,0.0,30.0,beat_this
Media-105704.wav,10.68,0.0,30.0,beat_this
Media-105704.wav,11.4,0.0,30.0,beat_this
Media-105704.wav,12.1,0.0,30.0,beat_this
Media-105704.wav,12.82,0.0,30.0,beat_this
Media-105704.wav,13.54,0.0,30.0,beat_this
Media-105704.wav,14.26,0.0,30.0,beat_this
Media-105704.wav,14.96,0.0,30.0,beat_this
Media-105704.wav,15.68,0.0,30.0,beat_this
Media-105704.wav,16.42,0.0,30.0,beat_this
Media-105704.wav,17.1,0.0,30.0,beat_this
Media-105704.wav,17.82,0.0,30.0,beat_this
Media-105704.wav,18.54,0.0,30.0,beat_this
Media-105704.wav,19.24,0.0,30.0,beat_this
Media-105704.wav,19.96,0.0,30.0,beat_this
Media-105704.wav,20.68,0.0,30.0,beat_this
Media-105704.wav,21.4,0.0,30.0,beat_this
Media-105704.wav,22.1,0.0,30.0,beat_this
Media-105704.wav,22.8,0.0,30.0,beat_this
Media-105704.wav,23.52,0.0,30.0,beat_this
Media-105704.wav,24.26,0.0,30.0,beat_this
Media-105704.wav,24.96,0.0,30.0,beat_this
Media-105704.wav,25.66,0.0,30.0,beat_this
Media-105704.wav,26.38,0.0,30.0,beat_this
Media-105704.wav,27.12,0.0,30.0,beat_this
Media-105704.wav,27.82,0.0,30.0,beat_this
Media-105704.wav,28.54,0.0,30.0,beat_this
Media-105704.wav,29.26,0.0,30.0,beat_this
Media-105716.wav,0.46,0.0,30.0,beat_this
Media-105716.wav,0.78,0.0,30.0,beat_this
Media-105716.wav,1.08,0.0,30.0,beat_this
Media-105716.wav,1.38,0.0,30.0,beat_this
Media-105716.wav,1.68,0.0,30.0,beat_this
Media-105716.wav,1.98,0.0,30.0,beat_this
Media-105716.wav,2.28,0.0,30.0,beat_this
Media-105716.wav,2.58,0.0,30.0,beat_this
Media-105716.wav,2.88,0.0,30.0,beat_this
Media-105716.wav,3.18,0.0,30.0,beat_this
Media-105716.wav,3.48,0.0,30.0,beat_this
Media-105716.wav,3.78,0.0,30.0,beat_this
Media-105716.wav,4.08,0.0,30.0,beat_this
Media-105716.wav,4.38,0.0,30.0,beat_this
Media-105716.wav,4.68,0.0,30.0,beat_this
Media-105716.wav,4.98,0.0,30.0,beat_this
Media-105716.wav,5.26,0.0,30.0,beat_this
Media-105716.wav,5.58,0.0,30.0,beat_this
Media-105716.wav,5.86,0.0,30.0,beat_this
Media-105716.wav,6.18,0.0,30.0,beat_this
Media-105716.wav,6.46,0.0,30.0,beat_this
Media-105716.wav,6.78,0.0,30.0,beat_this
Media-105716.wav,7.06,0.0,30.0,beat_this
Media-105716.wav,7.36,0.0,30.0,beat_this
Media-105716.wav,7.64,0.0,30.0,beat_this
Media-105716.wav,7.96,0.0,30.0,beat_this
Media-105716.wav,8.26,0.0,30.0,beat_this
Media-105716.wav,8.56,0.0,30.0,beat_this
Media-105716.wav,8.84,0.0,30.0,beat_this
Media-105716.wav,9.16,0.0,30.0,beat_this
Media-105716.wav,9.44,0.0,30.0,beat_this
Media-105716.wav,9.76,0.0,30.0,beat_this
Media-105716.wav,10.06,0.0,30.0,beat_this
Media-105716.wav,10.36,0.0,30.0,beat_this
Media-105716.wav,10.66,0.0,30.0,beat_this
Media-105716.wav,10.96,0.0,30.0,beat_this
Media-105716.wav,11.26,0.0,30.0,beat_this
Media-105716.wav,11.56,0.0,30.0,beat_this
Media-105716.wav,11.84,0.0,30.0,beat_this
Media-105716.wav,12.16,0.0,30.0,beat_this
Media-105716.wav,12.44,0.0,30.0,beat_this
Media-105716.wav,12.74,0.0,30.0,beat_this
Media-105716.wav,13.04,0.0,30.0,beat_this
Media-105716.wav,13.34,0.0,30.0,beat_this
Media-105716.wav,13.64,0.0,30.0,beat_this
Media-105716.wav,13.94,0.0,30.0,beat_this
Media-105716.wav,14.22,0.0,30.0,beat_this
Media-105716.wav,14.54,0.0,30.0,beat_this
Media-105716.wav,14.84,0.0,30.0,beat_this
Media-105716.wav,15.14,0.0,30.0,beat_this
Media-105716.wav,15.44,0.0,30.0,beat_this
Media-105716.wav,15.74,0.0,30.0,beat_this
Media-105716.wav,16.04,0.0,30.0,beat_this
Media-105716.wav,16.36,0.0,30.0,beat_this
Media-105716.wav,16.64,0.0,30.0,beat_this
Media-105716.wav,16.94,0.0,30.0,beat_this
Media-105716.wav,17.24,0.0,30.0,beat_this
Media-105716.wav,17.56,0.0,30.0,beat_this
Media-105716.wav,17.84,0.0,30.0,beat_this
Media-105716.wav,18.16,0.0,30.0,beat_this
Media-105716.wav,18.46,0.0,30.0,beat_this
Media-105716.wav,18.76,0.0,30.0,beat_this
Media-105716.wav,19.06,0.0,30.0,beat_this
Media-105716.wav,19.34,0.0,30.0,beat_this
Media-105716.wav,19.64,0.0,30.0,beat_this
Media-105716.wav,19.96,0.0,30.0,beat_this
Media-105716.wav,20.26,0.0,30.0,beat_this
Media-105716.wav,20.56,0.0,30.0,beat_this
Media-105716.wav,20.86,0.0,30.0,beat_this
Media-105716.wav,21.16,0.0,30.0,beat_this
Media-105716.wav,21.46,0.0,30.0,beat_this
Media-105716.wav,21.76,0.0,30.0,beat_this
Media-105716.wav,22.06,0.0,30.0,beat_this
Media-105716.wav,22.36,0.0,30.0,beat_this
Media-105716.wav,22.66,0.0,30.0,beat_this
Media-105716.wav,22.96,0.0,30.0,beat_this
Media-105716.wav,23.26,0.0,30.0,beat_this
Media-105716.wav,23.56,0.0,30.0,beat_this
Media-105716.wav,23.84,0.0,30.0,beat_this
Media-105716.wav,24.14,0.0,30.0,beat_this
Media-105716.wav,24.46,0.0,30.0,beat_this
Media-105716.wav,24.74,0.0,30.0,beat_this
Media-105716.wav,25.06,0.0,30.0,beat_this
Media-105716.wav,25.36,0.0,30.0,beat_this
Media-105716.wav,25.66,0.0,30.0,beat_this
Media-105716.wav,25.96,0.0,30.0,beat_this
Media-105716.wav,26.26,0.0,30.0,beat_this
Media-105716.wav,26.56,0.0,30.0,beat_this
Media-105716.wav,26.86,0.0,30.0,beat_this
Media-105716.wav,27.16,0.0,30.0,beat_this
Media-105716.wav,27.46,0.0,30.0,beat_this
Media-105716.wav,27.76,0.0,30.0,beat_this
Media-105716.wav,28.06,0.0,30.0,beat_this
Media-105716.wav,28.36,0.0,30.0,beat_this
Media-105716.wav,28.66,0.0,30.0,beat_this
Media-105716.wav,28.96,0.0,30.0,beat_this
Media-105716.wav,29.28,0.0,30.0,beat_this
Media-105716.wav,29.56,0.0,30.0,beat_this
Media-105716.wav,29.86,0.0,30.0,beat_this
Media-105807.wav,0.02,0.0,30.0,beat_this
Media-105807.wav,0.48,0.0,30.0,beat_this
Media-105807.wav,0.96,0.0,30.0,beat_this
Media-105807.wav,1.44,0.0,30.0,beat_this
Media-105807.wav,1.9,0.0,30.0,beat_this
Media-105807.wav,2.38,0.0,30.0,beat_this
Media-105807.wav,2.86,0.0,30.0,beat_this
Media-105807.wav,3.32,0.0,30.0,beat_this
Media-105807.wav,3.78,0.0,30.0,beat_this
Media-105807.wav,4.26,0.0,30.0,beat_this
Media-105807.wav,4.72,0.0,30.0,beat_this
Media-105807.wav,5.18,0.0,30.0,beat_this
Media-105807.wav,5.64,0.0,30.0,beat_this
Media-105807.wav,6.12,0.0,30.0,beat_this
Media-105807.wav,6.6,0.0,30.0,beat_this
Media-105807.wav,7.06,0.0,30.0,beat_this
Media-105807.wav,7.54,0.0,30.0,beat_this
Media-105807.wav,8.02,0.0,30.0,beat_this
Media-105807.wav,8.5,0.0,30.0,beat_this
Media-105807.wav,8.98,0.0,30.0,beat_this
Media-105807.wav,9.44,0.0,30.0,beat_this
Media-105807.wav,9.9,0.0,30.0,beat_this
Media-105807.wav,10.38,0.0,30.0,beat_this
Media-105807.wav,10.84,0.0,30.0,beat_this
Media-105807.wav,11.3,0.0,30.0,beat_this
Media-105807.wav,11.78,0.0,30.0,beat_this
Media-105807.wav,12.26,0.0,30.0,beat_this
Media-105807.wav,12.74,0.0,30.0,beat_this
Media-105807.wav,13.22,0.0,30.0,beat_this
Media-105807.wav,13.7,0.0,30.0,beat_this
Media-105807.wav,14.16,0.0,30.0,beat_this
Media-105807.wav,14.62,0.0,30.0,beat_this
Media-105807.wav,15.06,0.0,30.0,beat_this
Media-105807.wav,15.52,0.0,30.0,beat_this
Media-105807.wav,16.0,0.0,30.0,beat_this
Media-105807.wav,16.46,0.0,30.0,beat_this
Media-105807.wav,16.92,0.0,30.0,beat_this
Media-105807.wav,17.38,0.0,30.0,beat_this
Media-105807.wav,17.84,0.0,30.0,beat_this
Media-105807.wav,18.3,0.0,30.0,beat_this
Media-105807.wav,18.78,0.0,30.0,beat_this
Media-105807.wav,19.26,0.0,30.0,beat_this
Media-105807.wav,19.74,0.0,30.0,beat_this
Media-105807.wav,20.2,0.0,30.0,beat_this
Media-105807.wav,20.66,0.0,30.0,beat_this
Media-105807.wav,21.14,0.0,30.0,beat_this
Media-105807.wav,21.6,0.0,30.0,beat_this
Media-105807.wav,22.08,0.0,30.0,beat_this
Media-105807.wav,22.54,0.0,30.0,beat_this
Media-105807.wav,23.02,0.0,30.0,beat_this
Media-105807.wav,23.48,0.0,30.0,beat_this
Media-105807.wav,23.96,0.0,30.0,beat_this
Media-105807.wav,24.42,0.0,30.0,beat_this
Media-105807.wav,24.9,0.0,30.0,beat_this
Media-105807.wav,25.36,0.0,30.0,beat_this
Media-105807.wav,25.84,0.0,30.0,beat_this
Media-105807.wav,26.3,0.0,30.0,beat_this
Media-105807.wav,26.76,0.0,30.0,beat_this
Media-105807.wav,27.22,0.0,30.0,beat_this
Media-105807.wav,27.68,0.0,30.0,beat_this
Media-105807.wav,28.16,0.0,30.0,beat_this
Media-105807.wav,28.64,0.0,30.0,beat_this
Media-105807.wav,29.12,0.0,30.0,beat_this
Media-105807.wav,29.6,0.0,30.0,beat_this
Media-105819.wav,0.0,0.0,30.0,beat_this
Media-105819.wav,0.26,0.0,30.0,beat_this
Media-105819.wav,0.54,0.0,30.0,beat_this
Media-105819.wav,0.84,0.0,30.0,beat_this
Media-105819.wav,1.14,0.0,30.0,beat_this
Media-105819.wav,1.42,0.0,30.0,beat_this
Media-105819.wav,1.72,0.0,30.0,beat_this
Media-105819.wav,2.02,0.0,30.0,beat_this
Media-105819.wav,2.32,0.0,30.0,beat_this
Media-105819.wav,2.6,0.0,30.0,beat_this
Media-105819.wav,2.9,0.0,30.0,beat_this
Media-105819.wav,3.18,0.0,30.0,beat_this
Media-105819.wav,3.48,0.0,30.0,beat_this
Media-105819.wav,3.78,0.0,30.0,beat_this
Media-105819.wav,4.08,0.0,30.0,beat_this
Media-105819.wav,4.36,0.0,30.0,beat_this
Media-105819.wav,4.66,0.0,30.0,beat_this
Media-105819.wav,4.96,0.0,30.0,beat_this
Media-105819.wav,5.26,0.0,30.0,beat_this
Media-105819.wav,5.54,0.0,30.0,beat_this
Media-105819.wav,5.84,0.0,30.0,beat_this
Media-105819.wav,6.12,0.0,30.0,beat_this
Media-105819.wav,6.42,0.0,30.0,beat_this
Media-105819.wav,6.72,0.0,30.0,beat_this
Media-105819.wav,7.0,0.0,30.0,beat_this
Media-105819.wav,7.3,0.0,30.0,beat_this
Media-105819.wav,7.6,0.0,30.0,beat_this
Media-105819.wav,7.88,0.0,30.0,beat_this
Media-105819.wav,8.18,0.0,30.0,beat_this
Media-105819.wav,8.48,0.0,30.0,beat_this
Media-105819.wav,8.78,0.0,30.0,beat_this
Media-105819.wav,9.06,0.0,30.0,beat_this
Media-105819.wav,9.36,0.0,30.0,beat_this
Media-105819.wav,9.66,0.0,30.0,beat_this
Media-105819.wav,9.96,0.0,30.0,beat_this
Media-105819.wav,10.24,0.0,30.0,beat_this
Media-105819.wav,10.54,0.0,30.0,beat_this
Media-105819.wav,10.84,0.0,30.0,beat_this
Media-105819.wav,11.12,0.0,30.0,beat_this
Media-105819.wav,11.42,0.0,30.0,beat_this
Media-105819.wav,11.72,0.0,30.0,beat_this
Media-105819.wav,12.0,0.0,30.0,beat_this
Media-105819.wav,12.3,0.0,30.0,beat_this
Media-105819.wav,12.6,0.0,30.0,beat_this
Media-105819.wav,12.88,0.0,30.0,beat_this
Media-105819.wav,13.18,0.0,30.0,beat_this
Media-105819.wav,13.48,0.0,30.0,beat_this
Media-105819.wav,13.78,0.0,30.0,beat_this
Media-105819.wav,14.08,0.0,30.0,beat_this
Media-105819.wav,14.36,0.0,30.0,beat_this
Media-105819.wav,14.66,0.0,30.0,beat_this
Media-105819.wav,14.96,0.0,30.0,beat_this
Media-105819.wav,15.26,0.0,30.0,beat_this
Media-105819.wav,15.54,0.0,30.0,beat_this
Media-105819.wav,15.84,0.0,30.0,beat_this
Media-105819.wav,16.12,0.0,30.0,beat_this
Media-105819.wav,16.42,0.0,30.0,beat_this
Media-105819.wav,16.72,0.0,30.0,beat_this
Media-105819.wav,17.0,0.0,30.0,beat_this
Media-105819.wav,17.3,0.0,30.0,beat_this
Media-105819.wav,17.6,0.0,30.0,beat_this
Media-105819.wav,17.9,0.0,30.0,beat_this
Media-105819.wav,18.2,0.0,30.0,beat_this
Media-105819.wav,18.48,0.0,30.0,beat_this
Media-105819.wav,18.78,0.0,30.0,beat_this
Media-105819.wav,19.06,0.0,30.0,beat_this
Media-105819.wav,19.36,0.0,30.0,beat_this
Media-105819.wav,19.66,0.0,30.0,beat_this
Media-105819.wav,19.96,0.0,30.0,beat_this
Media-105819.wav,20.24,0.0,30.0,beat_this
Media-105819.wav,20.54,0.0,30.0,beat_this
Media-105819.wav,20.82,0.0,30.0,beat_this
Media-105819.wav,21.12,0.0,30.0,beat_this
Media-105819.wav,21.42,0.0,30.0,beat_this
Media-105819.wav,21.72,0.0,30.0,beat_this
Media-105819.wav,22.0,0.0,30.0,beat_this
Media-105819.wav,22.3,0.0,30.0,beat_this
Media-105819.wav,22.58,0.0,30.0,beat_this
Media-105819.wav,22.88,0.0,30.0,beat_this
Media-105819.wav,23.18,0.0,30.0,beat_this
Media-105819.wav,23.48,0.0,30.0,beat_this
Media-105819.wav,23.76,0.0,30.0,beat_this
Media-105819.wav,24.08,0.0,30.0,beat_this
Media-105819.wav,24.36,0.0,30.0,beat_this
Media-105819.wav,24.66,0.0,30.0,beat_this
Media-105819.wav,24.96,0.0,30.0,beat_this
Media-105819.wav,25.24,0.0,30.0,beat_this
Media-105819.wav,25.54,0.0,30.0,beat_this
Media-105819.wav,25.82,0.0,30.0,beat_this
Media-105819.wav,26.12,0.0,30.0,beat_this
Media-105819.wav,26.42,0.0,30.0,beat_this
Media-105819.wav,26.7,0.0,30.0,beat_this
Media-105819.wav,27.02,0.0,30.0,beat_this
Media-105819.wav,27.3,0.0,30.0,beat_this
Media-105819.wav,27.6,0.0,30.0,beat_this
Media-105819.wav,27.88,0.0,30.0,beat_this
Media-105819.wav,28.18,0.0,30.0,beat_this
Media-105819.wav,28.48,0.0,30.0,beat_this
Media-105819.wav,28.76,0.0,30.0,beat_this
Media-105819.wav,29.06,0.0,30.0,beat_this
Media-105819.wav,29.36,0.0,30.0,beat_this
Media-105819.wav,29.64,0.0,30.0,beat_this
Media-105819.wav,29.92,0.0,30.0,beat_this
Media-105914.wav,0.1,0.0,30.0,beat_this
Media-105914.wav,0.38,0.0,30.0,beat_this
Media-105914.wav,0.7,0.0,30.0,beat_this
Media-105914.wav,1.0,0.0,30.0,beat_this
Media-105914.wav,1.3,0.0,30.0,beat_this
Media-105914.wav,1.6,0.0,30.0,beat_this
Media-105914.wav,1.92,0.0,30.0,beat_this
Media-105914.wav,2.22,0.0,30.0,beat_this
Media-105914.wav,2.54,0.0,30.0,beat_this
Media-105914.wav,2.84,0.0,30.0,beat_this
Media-105914.wav,3.14,0.0,30.0,beat_this
Media-105914.wav,3.44,0.0,30.0,beat_this
Media-105914.wav,3.76,0.0,30.0,beat_this
Media-105914.wav,4.06,0.0,30.0,beat_this
Media-105914.wav,4.36,0.0,30.0,beat_this
Media-105914.wav,4.68,0.0,30.0,beat_this
Media-105914.wav,4.98,0.0,30.0,beat_this
Media-105914.wav,5.28,0.0,30.0,beat_this
Media-105914.wav,5.6,0.0,30.0,beat_this
Media-105914.wav,5.9,0.0,30.0,beat_this
Media-105914.wav,6.2,0.0,30.0,beat_this
Media-105914.wav,6.5,0.0,30.0,beat_this
Media-105914.wav,6.8,0.0,30.0,beat_this
Media-105914.wav,7.12,0.0,30.0,beat_this
Media-105914.wav,7.42,0.0,30.0,beat_this
Media-105914.wav,7.72,0.0,30.0,beat_this
Media-105914.wav,8.04,0.0,30.0,beat_this
Media-105914.wav,8.34,0.0,30.0,beat_this
Media-105914.wav,8.66,0.0,30.0,beat_this
Media-105914.wav,8.96,0.0,30.0,beat_this
Media-105914.wav,9.26,0.0,30.0,beat_this
Media-105914.wav,9.56,0.0,30.0,beat_this
Media-105914.wav,9.86,0.0,30.0,beat_this
Media-105914.wav,10.16,0.0,30.0,beat_this
Media-105914.wav,10.46,0.0,30.0,beat_this
Media-105914.wav,10.78,0.0,30.0,beat_this
Media-105914.wav,11.08,0.0,30.0,beat_this
Media-105914.wav,11.38,0.0,30.0,beat_this
Media-105914.wav,11.68,0.0,30.0,beat_this
Media-105914.wav,11.98,0.0,30.0,beat_this
Media-105914.wav,12.28,0.0,30.0,beat_this
Media-105914.wav,12.6,0.0,30.0,beat_this
Media-105914.wav,12.9,0.0,30.0,beat_this
Media-105914.wav,13.2,0.0,30.0,beat_this
Media-105914.wav,13.5,0.0,30.0,beat_this
Media-105914.wav,13.8,0.0,30.0,beat_this
Media-105914.wav,14.1,0.0,30.0,beat_this
Media-105914.wav,14.4,0.0,30.0,beat_this
Media-105914.wav,14.7,0.0,30.0,beat_this
Media-105914.wav,15.0,0.0,30.0,beat_this
Media-105914.wav,15.32,0.0,30.0,beat_this
Media-105914.wav,15.62,0.0,30.0,beat_this
Media-105914.wav,15.92,0.0,30.0,beat_this
Media-105914.wav,16.22,0.0,30.0,beat_this
Media-105914.wav,16.52,0.0,30.0,beat_this
Media-105914.wav,16.84,0.0,30.0,beat_this
Media-105914.wav,17.14,0.0,30.0,beat_this
Media-105914.wav,17.44,0.0,30.0,beat_this
Media-105914.wav,17.74,0.0,30.0,beat_this
Media-105914.wav,18.06,0.0,30.0,beat_this
Media-105914.wav,18.36,0.0,30.0,beat_this
Media-105914.wav,18.66,0.0,30.0,beat_this
Media-105914.wav,18.98,0.0,30.0,beat_this
Media-105914.wav,19.26,0.0,30.0,beat_this
Media-105914.wav,19.58,0.0,30.0,beat_this
Media-105914.wav,19.88,0.0,30.0,beat_this
Media-105914.wav,20.18,0.0,30.0,beat_this
Media-105914.wav,20.48,0.0,30.0,beat_this
Media-105914.wav,20.78,0.0,30.0,beat_this
Media-105914.wav,21.08,0.0,30.0,beat_this
Media-105914.wav,21.4,0.0,30.0,beat_this
Media-105914.wav,21.7,0.0,30.0,beat_this
Media-105914.wav,22.02,0.0,30.0,beat_this
Media-105914.wav,22.32,0.0,30.0,beat_this
Media-105914.wav,22.64,0.0,30.0,beat_this
Media-105914.wav,22.94,0.0,30.0,beat_this
Media-105914.wav,23.24,0.0,30.0,beat_this
Media-105914.wav,23.54,0.0,30.0,beat_this
Media-105914.wav,23.84,0.0,30.0,beat_this
Media-105914.wav,24.14,0.0,30.0,beat_this
Media-105914.wav,24.44,0.0,30.0,beat_this
Media-105914.wav,24.74,0.0,30.0,beat_this
Media-105914.wav,25.04,0.0,30.0,beat_this
Media-105914.wav,25.36,0.0,30.0,beat_this
Media-105914.wav,25.66,0.0,30.0,beat_this
Media-105914.wav,25.96,0.0,30.0,beat_this
Media-105914.wav,26.26,0.0,30.0,beat_this
Media-105914.wav,26.58,0.0,30.0,beat_this
Media-105914.wav,26.88,0.0,30.0,beat_this
Media-105914.wav,27.18,0.0,30.0,beat_this
Media-105914.wav,27.46,0.0,30.0,beat_this
Media-105914.wav,27.78,0.0,30.0,beat_this
Media-105914.wav,28.08,0.0,30.0,beat_this
Media-105914.wav,28.38,0.0,30.0,beat_this
Media-105914.wav,28.68,0.0,30.0,beat_this
Media-105914.wav,28.98,0.0,30.0,beat_this
Media-105914.wav,29.28,0.0,30.0,beat_this
Media-105914.wav,29.58,0.0,30.0,beat_this
Media-105914.wav,29.88,0.0,30.0,beat_this
Media-106005.wav,0.38,0.0,30.0,beat_this
Media-106005.wav,0.86,0.0,30.0,beat_this
Media-106005.wav,1.34,0.0,30.0,beat_this
Media-106005.wav,1.84,0.0,30.0,beat_this
Media-106005.wav,2.3,0.0,30.0,beat_this
Media-106005.wav,2.8,0.0,30.0,beat_this
Media-106005.wav,3.28,0.0,30.0,beat_this
Media-106005.wav,3.76,0.0,30.0,beat_this
Media-106005.wav,4.24,0.0,30.0,beat_this
Media-106005.wav,4.72,0.0,30.0,beat_this
Media-106005.wav,5.2,0.0,30.0,beat_this
Media-106005.wav,5.7,0.0,30.0,beat_this
Media-106005.wav,6.18,0.0,30.0,beat_this
Media-106005.wav,6.66,0.0,30.0,beat_this
Media-106005.wav,7.14,0.0,30.0,beat_this
Media-106005.wav,7.64,0.0,30.0,beat_this
Media-106005.wav,8.12,0.0,30.0,beat_this
Media-106005.wav,8.6,0.0,30.0,beat_this
Media-106005.wav,9.08,0.0,30.0,beat_this
Media-106005.wav,9.56,0.0,30.0,beat_this
Media-106005.wav,10.04,0.0,30.0,beat_this
Media-106005.wav,10.52,0.0,30.0,beat_this
Media-106005.wav,11.02,0.0,30.0,beat_this
Media-106005.wav,11.5,0.0,30.0,beat_this
Media-106005.wav,11.98,0.0,30.0,beat_this
Media-106005.wav,12.48,0.0,30.0,beat_this
Media-106005.wav,12.96,0.0,30.0,beat_this
Media-106005.wav,13.44,0.0,30.0,beat_this
Media-106005.wav,13.94,0.0,30.0,beat_this
Media-106005.wav,14.4,0.0,30.0,beat_this
Media-106005.wav,14.88,0.0,30.0,beat_this
Media-106005.wav,15.38,0.0,30.0,beat_this
Media-106005.wav,15.84,0.0,30.0,beat_this
Media-106005.wav,16.34,0.0,30.0,beat_this
Media-106005.wav,16.82,0.0,30.0,beat_this
Media-106005.wav,17.3,0.0,30.0,beat_this
Media-106005.wav,17.78,0.0,30.0,beat_this
Media-106005.wav,18.28,0.0,30.0,beat_this
Media-106005.wav,18.76,0.0,30.0,beat_this
Media-106005.wav,19.24,0.0,30.0,beat_this
Media-106005.wav,19.72,0.0,30.0,beat_this
Media-106005.wav,20.22,0.0,30.0,beat_this
Media-106005.wav,20.68,0.0,30.0,beat_this
Media-106005.wav,21.18,0.0,30.0,beat_this
Media-106005.wav,21.66,0.0,30.0,beat_this
Media-106005.wav,22.14,0.0,30.0,beat_this
Media-106005.wav,22.62,0.0,30.0,beat_this
Media-106005.wav,23.12,0.0,30.0,beat_this
Media-106005.wav,23.6,0.0,30.0,beat_this
Media-106005.wav,24.08,0.0,30.0,beat_this
Media-106005.wav,24.56,0.0,30.0,beat_this
Media-106005.wav,25.04,0.0,30.0,beat_this
Media-106005.wav,25.52,0.0,30.0,beat_this
Media-106005.wav,26.02,0.0,30.0,beat_this
Media-106005.wav,26.5,0.0,30.0,beat_this
Media-106005.wav,26.98,0.0,30.0,beat_this
Media-106005.wav,27.46,0.0,30.0,beat_this
Media-106005.wav,27.96,0.0,30.0,beat_this
Media-106005.wav,28.44,0.0,30.0,beat_this
Media-106005.wav,28.92,0.0,30.0,beat_this
Media-106005.wav,29.4,0.0,30.0,beat_this
Media-106005.wav,29.88,0.0,30.0,beat_this
Media-106009.wav,2.26,0.0,30.0,beat_this
Media-106009.wav,2.92,0.0,30.0,beat_this
Media-106009.wav,3.6,0.0,30.0,beat_this
Media-106009.wav,4.28,0.0,30.0,beat_this
Media-106009.wav,4.96,0.0,30.0,beat_this
Media-106009.wav,5.64,0.0,30.0,beat_this
Media-106009.wav,6.32,0.0,30.0,beat_this
Media-106009.wav,7.0,0.0,30.0,beat_this
Media-106009.wav,7.7,0.0,30.0,beat_this
Media-106009.wav,8.38,0.0,30.0,beat_this
Media-106009.wav,9.06,0.0,30.0,beat_this
Media-106009.wav,9.72,0.0,30.0,beat_this
Media-106009.wav,10.42,0.0,30.0,beat_this
Media-106009.wav,11.1,0.0,30.0,beat_this
Media-106009.wav,11.78,0.0,30.0,beat_this
Media-106009.wav,12.46,0.0,30.0,beat_this
Media-106009.wav,13.16,0.0,30.0,beat_this
Media-106009.wav,13.82,0.0,30.0,beat_this
Media-106009.wav,14.5,0.0,30.0,beat_this
Media-106009.wav,15.18,0.0,30.0,beat_this
Media-106009.wav,15.88,0.0,30.0,beat_this
Media-106009.wav,16.56,0.0,30.0,beat_this
Media-106009.wav,17.24,0.0,30.0,beat_this
Media-106009.wav,17.92,0.0,30.0,beat_this
Media-106009.wav,18.6,0.0,30.0,beat_this
Media-106009.wav,19.28,0.0,30.0,beat_this
Media-106009.wav,19.96,0.0,30.0,beat_this
Media-106009.wav,20.64,0.0,30.0,beat_this
Media-106009.wav,21.32,0.0,30.0,beat_this
Media-106009.wav,22.0,0.0,30.0,beat_this
Media-106009.wav,22.68,0.0,30.0,beat_this
Media-106009.wav,23.36,0.0,30.0,beat_this
Media-106009.wav,24.06,0.0,30.0,beat_this
Media-106009.wav,24.74,0.0,30.0,beat_this
Media-106009.wav,25.4,0.0,30.0,beat_this
Media-106009.wav,26.1,0.0,30.0,beat_this
Media-106009.wav,26.78,0.0,30.0,beat_this
Media-106009.wav,27.46,0.0,30.0,beat_this
Media-106009.wav,28.14,0.0,30.0,beat_this
Media-106009.wav,28.82,0.0,30.0,beat_this
Media-106009.wav,29.52,0.0,30.0,beat_this
Media-106012.wav,0.68,0.0,30.0,beat_this
Media-106012.wav,1.28,0.0,30.0,beat_this
Media-106012.wav,1.88,0.0,30.0,beat_this
Media-106012.wav,2.48,0.0,30.0,beat_this
Media-106012.wav,3.1,0.0,30.0,beat_this
Media-106012.wav,3.68,0.0,30.0,beat_this
Media-106012.wav,4.28,0.0,30.0,beat_this
Media-106012.wav,4.9,0.0,30.0,beat_this
Media-106012.wav,5.5,0.0,30.0,beat_this
Media-106012.wav,6.08,0.0,30.0,beat_this
Media-106012.wav,6.68,0.0,30.0,beat_this
Media-106012.wav,7.28,0.0,30.0,beat_this
Media-106012.wav,7.9,0.0,30.0,beat_this
Media-106012.wav,8.48,0.0,30.0,beat_this
Media-106012.wav,9.1,0.0,30.0,beat_this
Media-106012.wav,9.68,0.0,30.0,beat_this
Media-106012.wav,10.3,0.0,30.0,beat_this
Media-106012.wav,10.88,0.0,30.0,beat_this
Media-106012.wav,11.48,0.0,30.0,beat_this
Media-106012.wav,12.08,0.0,30.0,beat_this
Media-106012.wav,12.7,0.0,30.0,beat_this
Media-106012.wav,13.28,0.0,30.0,beat_this
Media-106012.wav,13.88,0.0,30.0,beat_this
Media-106012.wav,14.5,0.0,30.0,beat_this
Media-106012.wav,15.1,0.0,30.0,beat_this
Media-106012.wav,15.68,0.0,30.0,beat_this
Media-106012.wav,16.3,0.0,30.0,beat_this
Media-106012.wav,16.88,0.0,30.0,beat_this
Media-106012.wav,17.5,0.0,30.0,beat_this
Media-106012.wav,18.1,0.0,30.0,beat_this
Media-106012.wav,18.7,0.0,30.0,beat_this
Media-106012.wav,19.3,0.0,30.0,beat_this
Media-106012.wav,19.92,0.0,30.0,beat_this
Media-106012.wav,20.5,0.0,30.0,beat_this
Media-106012.wav,21.1,0.0,30.0,beat_this
Media-106012.wav,21.68,0.0,30.0,beat_this
Media-106012.wav,22.28,0.0,30.0,beat_this
Media-106012.wav,22.88,0.0,30.0,beat_this
Media-106012.wav,23.48,0.0,30.0,beat_this
Media-106012.wav,24.08,0.0,30.0,beat_this
Media-106012.wav,24.7,0.0,30.0,beat_this
Media-106012.wav,25.28,0.0,30.0,beat_this
Media-106012.wav,25.9,0.0,30.0,beat_this
Media-106012.wav,26.5,0.0,30.0,beat_this
Media-106012.wav,27.1,0.0,30.0,beat_this
Media-106012.wav,27.68,0.0,30.0,beat_this
Media-106012.wav,28.3,0.0,30.0,beat_this
Media-106012.wav,28.9,0.0,30.0,beat_this
Media-106012.wav,29.5,0.0,30.0,beat_this
Media-106114.wav,0.4,0.0,30.0,beat_this
Media-106114.wav,0.74,0.0,30.0,beat_this
Media-106114.wav,1.12,0.0,30.0,beat_this
Media-106114.wav,1.46,0.0,30.0,beat_this
Media-106114.wav,1.82,0.0,30.0,beat_this
Media-106114.wav,2.18,0.0,30.0,beat_this
Media-106114.wav,2.52,0.0,30.0,beat_this
Media-106114.wav,2.9,0.0,30.0,beat_this
Media-106114.wav,3.24,0.0,30.0,beat_this
Media-106114.wav,3.6,0.0,30.0,beat_this
Media-106114.wav,3.96,0.0,30.0,beat_this
Media-106114.wav,4.32,0.0,30.0,beat_this
Media-106114.wav,4.68,0.0,30.0,beat_this
Media-106114.wav,5.02,0.0,30.0,beat_this
Media-106114.wav,5.38,0.0,30.0,beat_this
Media-106114.wav,5.74,0.0,30.0,beat_this
Media-106114.wav,6.1,0.0,30.0,beat_this
Media-106114.wav,6.46,0.0,30.0,beat_this
Media-106114.wav,6.82,0.0,30.0,beat_this
Media-106114.wav,7.18,0.0,30.0,beat_this
Media-106114.wav,7.54,0.0,30.0,beat_this
Media-106114.wav,7.88,0.0,30.0,beat_this
Media-106114.wav,8.24,0.0,30.0,beat_this
Media-106114.wav,8.6,0.0,30.0,beat_this
Media-106114.wav,8.98,0.0,30.0,beat_this
Media-106114.wav,9.32,0.0,30.0,beat_this
Media-106114.wav,9.68,0.0,30.0,beat_this
Media-106114.wav,10.04,0.0,30.0,beat_this
Media-106114.wav,10.4,0.0,30.0,beat_this
Media-106114.wav,10.74,0.0,30.0,beat_this
Media-106114.wav,11.1,0.0,30.0,beat_this
Media-106114.wav,11.46,0.0,30.0,beat_this
Media-106114.wav,11.82,0.0,30.0,beat_this
Media-106114.wav,12.18,0.0,30.0,beat_this
Media-106114.wav,12.54,0.0,30.0,beat_this
Media-106114.wav,12.88,0.0,30.0,beat_this
Media-106114.wav,13.24,0.0,30.0,beat_this
Media-106114.wav,13.6,0.0,30.0,beat_this
Media-106114.wav,13.96,0.0,30.0,beat_this
Media-106114.wav,14.32,0.0,30.0,beat_this
Media-106114.wav,14.68,0.0,30.0,beat_this
Media-106114.wav,15.04,0.0,30.0,beat_this
Media-106114.wav,15.38,0.0,30.0,beat_this
Media-106114.wav,15.74,0.0,30.0,beat_this
Media-106114.wav,16.1,0.0,30.0,beat_this
Media-106114.wav,16.46,0.0,30.0,beat_this
Media-106114.wav,16.82,0.0,30.0,beat_this
Media-106114.wav,17.16,0.0,30.0,beat_this
Media-106114.wav,17.54,0.0,30.0,beat_this
Media-106114.wav,17.88,0.0,30.0,beat_this
Media-106114.wav,18.24,0.0,30.0,beat_this
Media-106114.wav,18.6,0.0,30.0,beat_this
Media-106114.wav,18.96,0.0,30.0,beat_this
Media-106114.wav,19.32,0.0,30.0,beat_this
Media-106114.wav,19.68,0.0,30.0,beat_this
Media-106114.wav,20.04,0.0,30.0,beat_this
Media-106114.wav,20.38,0.0,30.0,beat_this
Media-106114.wav,20.76,0.0,30.0,beat_this
Media-106114.wav,21.12,0.0,30.0,beat_this
Media-106114.wav,21.46,0.0,30.0,beat_this
Media-106114.wav,21.82,0.0,30.0,beat_this
Media-106114.wav,22.18,0.0,30.0,beat_this
Media-106114.wav,22.54,0.0,30.0,beat_this
Media-106114.wav,22.88,0.0,30.0,beat_this
Media-106114.wav,23.24,0.0,30.0,beat_this
Media-106114.wav,23.6,0.0,30.0,beat_this
Media-106114.wav,23.96,0.0,30.0,beat_this
Media-106114.wav,24.32,0.0,30.0,beat_this
Media-106114.wav,24.68,0.0,30.0,beat_this
Media-106114.wav,25.02,0.0,30.0,beat_this
Media-106114.wav,25.38,0.0,30.0,beat_this
Media-106114.wav,25.74,0.0,30.0,beat_this
Media-106114.wav,26.1,0.0,30.0,beat_this
Media-106114.wav,26.46,0.0,30.0,beat_this
Media-106114.wav,26.8,0.0,30.0,beat_this
Media-106114.wav,27.16,0.0,30.0,beat_this
Media-106114.wav,27.52,0.0,30.0,beat_this
Media-106114.wav,27.88,0.0,30.0,beat_this
Media-106114.wav,28.24,0.0,30.0,beat_this
Media-106114.wav,28.6,0.0,30.0,beat_this
Media-106114.wav,28.96,0.0,30.0,beat_this
Media-106114.wav,29.3,0.0,30.0,beat_this
Media-106114.wav,29.66,0.0,30.0,beat_this
Mozart_Piano_Sonatas_12-3_MunA05M.wav,0.4,0.0,30.0,beat_this
Mozart_Piano_Sonatas_12-3_MunA05M.wav,0.96,0.0,30.0,beat_this
Mozart_Piano_Sonatas_12-3_MunA05M.wav,1.5,0.0,30.0,beat_this
Mozart_Piano_Sonatas_12-3_MunA05M.wav,2.14,0.0,30.0,beat_this
Mozart_Piano_Sonatas_12-3_MunA05M.wav,2.7,0.0,30.0,beat_this
Mozart_Piano_Sonatas_12-3_MunA05M.wav,3.18,0.0,30.0,beat_this
Mozart_Piano_Sonatas_12-3_MunA05M.wav,3.26,0.0,30.0,beat_this
Mozart_Piano_Sonatas_12-3_MunA05M.wav,3.72,0.0,30.0,beat_this
Mozart_Piano_Sonatas_12-3_MunA05M.wav,3.8,0.0,30.0,beat_this
Mozart_Piano_Sonatas_12-3_MunA05M.wav,4.3,0.0,30.0,beat_this
Mozart_Piano_Sonatas_12-3_MunA05M.wav,4.84,0.0,30.0,beat_this
Mozart_Piano_Sonatas_12-3_MunA05M.wav,5.4,0.0,30.0,beat_this
Mozart_Piano_Sonatas_12-3_MunA05M.wav,5.96,0.0,30.0,beat_this
Mozart_Piano_Sonatas_12-3_MunA05M.wav,6.52,0.0,30.0,beat_this
Mozart_Piano_Sonatas_12-3_MunA05M.wav,7.08,0.0,30.0,beat_this
Mozart_Piano_Sonatas_12-3_MunA05M.wav,7.66,0.0,30.0,beat_this
Mozart_Piano_Sonatas_12-3_MunA05M.wav,8.28,0.0,30.0,beat_this
Mozart_Piano_Sonatas_12-3_MunA05M.wav,8.94,0.0,30.0,beat_this
Mozart_Piano_Sonatas_12-3_MunA05M.wav,9.58,0.0,30.0,beat_this
Mozart_Piano_Sonatas_12-3_MunA05M.wav,10.12,0.0,30.0,beat_this
Mozart_Piano_Sonatas_12-3_MunA05M.wav,10.64,0.0,30.0,beat_this
Mozart_Piano_Sonatas_12-3_MunA05M.wav,11.26,0.0,30.0,beat_this
Mozart_Piano_Sonatas_12-3_MunA05M.wav,11.84,0.0,30.0,beat_this
Mozart_Piano_Sonatas_12-3_MunA05M.wav,12.4,0.0,30.0,beat_this
Mozart_Piano_Sonatas_12-3_MunA05M.wav,12.96,0.0,30.0,beat_this
Mozart_Piano_Sonatas_12-3_MunA05M.wav,13.54,0.0,30.0,beat_this
Mozart_Piano_Sonatas_12-3_MunA05M.wav,14.1,0.0,30.0,beat_this
Mozart_Piano_Sonatas_12-3_MunA05M.wav,14.68,0.0,30.0,beat_this
Mozart_Piano_Sonatas_12-3_MunA05M.wav,15.26,0.0,30.0,beat_this
Mozart_Piano_Sonatas_12-3_MunA05M.wav,15.84,0.0,30.0,beat_this
Mozart_Piano_Sonatas_12-3_MunA05M.wav,16.42,0.0,30.0,beat_this
Mozart_Piano_Sonatas_12-3_MunA05M.wav,16.98,0.0,30.0,beat_this
Mozart_Piano_Sonatas_12-3_MunA05M.wav,17.56,0.0,30.0,beat_this
Mozart_Piano_Sonatas_12-3_MunA05M.wav,18.12,0.0,30.0,beat_this
Mozart_Piano_Sonatas_12-3_MunA05M.wav,18.72,0.0,30.0,beat_this
Mozart_Piano_Sonatas_12-3_MunA05M.wav,19.32,0.0,30.0,beat_this
Mozart_Piano_Sonatas_12-3_MunA05M.wav,19.9,0.0,30.0,beat_this
Mozart_Piano_Sonatas_12-3_MunA05M.wav,20.46,0.0,30.0,beat_this
Mozart_Piano_Sonatas_12-3_MunA05M.wav,21.02,0.0,30.0,beat_this
Mozart_Piano_Sonatas_12-3_MunA05M.wav,21.58,0.0,30.0,beat_this
Mozart_Piano_Sonatas_12-3_MunA05M.wav,22.18,0.0,30.0,beat_this
Mozart_Piano_Sonatas_12-3_MunA05M.wav,22.72,0.0,30.0,beat_this
Mozart_Piano_Sonatas_12-3_MunA05M.wav,23.32,0.0,30.0,beat_this
Mozart_Piano_Sonatas_12-3_MunA05M.wav,24.0,0.0,30.0,beat_this
Mozart_Piano_Sonatas_12-3_MunA05M.wav,24.72,0.0,30.0,beat_this
Mozart_Piano_Sonatas_12-3_MunA05M.wav,25.32,0.0,30.0,beat_this
Mozart_Piano_Sonatas_12-3_MunA05M.wav,25.88,0.0,30.0,beat_this
Mozart_Piano_Sonatas_12-3_MunA05M.wav,26.44,0.0,30.0,beat_this
Mozart_Piano_Sonatas_12-3_MunA05M.wav,27.0,0.0,30.0,beat_this
Mozart_Piano_Sonatas_12-3_MunA05M.wav,27.58,0.0,30.0,beat_this
Mozart_Piano_Sonatas_12-3_MunA05M.wav,28.16,0.0,30.0,beat_this
Mozart_Piano_Sonatas_12-3_MunA05M.wav,28.72,0.0,30.0,beat_this
Mozart_Piano_Sonatas_12-3_MunA05M.wav,29.24,0.0,30.0,beat_this
Mozart_Piano_Sonatas_12-3_MunA05M.wav,29.82,0.0,30.0,beat_this
Schubert_Piano_Sonatas_894-2_Yeletskiy08M.wav,0.0,0.0,30.0,beat_this
Schubert_Piano_Sonatas_894-2_Yeletskiy08M.wav,0.62,0.0,30.0,beat_this
Schubert_Piano_Sonatas_894-2_Yeletskiy08M.wav,1.3,0.0,30.0,beat_this
Schubert_Piano_Sonatas_894-2_Yeletskiy08M.wav,1.96,0.0,30.0,beat_this
Schubert_Piano_Sonatas_894-2_Yeletskiy08M.wav,2.62,0.0,30.0,beat_this
Schubert_Piano_Sonatas_894-2_Yeletskiy08M.wav,3.4,0.0,30.0,beat_this
Schubert_Piano_Sonatas_894-2_Yeletskiy08M.wav,4.18,0.0,30.0,beat_this
Schubert_Piano_Sonatas_894-2_Yeletskiy08M.wav,4.92,0.0,30.0,beat_this
Schubert_Piano_Sonatas_894-2_Yeletskiy08M.wav,5.7,0.0,30.0,beat_this
Schubert_Piano_Sonatas_894-2_Yeletskiy08M.wav,6.46,0.0,30.0,beat_this
Schubert_Piano_Sonatas_894-2_Yeletskiy08M.wav,7.2,0.0,30.0,beat_this
Schubert_Piano_Sonatas_894-2_Yeletskiy08M.wav,7.88,0.0,30.0,beat_this
Schubert_Piano_Sonatas_894-2_Yeletskiy08M.wav,8.58,0.0,30.0,beat_this
Schubert_Piano_Sonatas_894-2_Yeletskiy08M.wav,9.28,0.0,30.0,beat_this
Schubert_Piano_Sonatas_894-2_Yeletskiy08M.wav,9.92,0.0,30.0,beat_this
Schubert_Piano_Sonatas_894-2_Yeletskiy08M.wav,10.58,0.0,30.0,beat_this
Schubert_Piano_Sonatas_894-2_Yeletskiy08M.wav,11.28,0.0,30.0,beat_this
Schubert_Piano_Sonatas_894-2_Yeletskiy08M.wav,12.32,0.0,30.0,beat_this
Schubert_Piano_Sonatas_894-2_Yeletskiy08M.wav,13.06,0.0,30.0,beat_this
Schubert_Piano_Sonatas_894-2_Yeletskiy08M.wav,13.2,0.0,30.0,beat_this
Schubert_Piano_Sonatas_894-2_Yeletskiy08M.wav,13.92,0.0,30.0,beat_this
Schubert_Piano_Sonatas_894-2_Yeletskiy08M.wav,14.28,0.0,30.0,beat_this
Schubert_Piano_Sonatas_894-2_Yeletskiy08M.wav,14.56,0.0,30.0,beat_this
Schubert_Piano_Sonatas_894-2_Yeletskiy08M.wav,15.2,0.0,30.0,beat_this
Schubert_Piano_Sonatas_894-2_Yeletskiy08M.wav,15.9,0.0,30.0,beat_this
Schubert_Piano_Sonatas_894-2_Yeletskiy08M.wav,16.56,0.0,30.0,beat_this
Schubert_Piano_Sonatas_894-2_Yeletskiy08M.wav,17.32,0.0,30.0,beat_this
Schubert_Piano_Sonatas_894-2_Yeletskiy08M.wav,17.92,0.0,30.0,beat_this
Schubert_Piano_Sonatas_894-2_Yeletskiy08M.wav,18.48,0.0,30.0,beat_this
Schubert_Piano_Sonatas_894-2_Yeletskiy08M.wav,19.18,0.0,30.0,beat_this
Schubert_Piano_Sonatas_894-2_Yeletskiy08M.wav,19.8,0.0,30.0,beat_this
Schubert_Piano_Sonatas_894-2_Yeletskiy08M.wav,20.4,0.0,30.0,beat_this
Schubert_Piano_Sonatas_894-2_Yeletskiy08M.wav,21.06,0.0,30.0,beat_this
Schubert_Piano_Sonatas_894-2_Yeletskiy08M.wav,21.66,0.0,30.0,beat_this
Schubert_Piano_Sonatas_894-2_Yeletskiy08M.wav,22.38,0.0,30.0,beat_this
Schubert_Piano_Sonatas_894-2_Yeletskiy08M.wav,23.12,0.0,30.0,beat_this
Schubert_Piano_Sonatas_894-2_Yeletskiy08M.wav,23.74,0.0,30.0,beat_this
Schubert_Piano_Sonatas_894-2_Yeletskiy08M.wav,24.32,0.0,30.0,beat_this
Schubert_Piano_Sonatas_894-2_Yeletskiy08M.wav,24.96,0.0,30.0,beat_this
Schubert_Piano_Sonatas_894-2_Yeletskiy08M.wav,25.62,0.0,30.0,beat_this
Schubert_Piano_Sonatas_894-2_Yeletskiy08M.wav,26.28,0.0,30.0,beat_this
Schubert_Piano_Sonatas_894-2_Yeletskiy08M.wav,27.06,0.0,30.0,beat_this
Schubert_Piano_Sonatas_894-2_Yeletskiy08M.wav,27.66,0.0,30.0,beat_this
Schubert_Piano_Sonatas_894-2_Yeletskiy08M.wav,28.26,0.0,30.0,beat_this
Schubert_Piano_Sonatas_894-2_Yeletskiy08M.wav,28.94,0.0,30.0,beat_this
Schubert_Piano_Sonatas_894-2_Yeletskiy08M.wav,29.54,0.0,30.0,beat_this
aksak1.wav,0.04,0.0,30.0,beat_this
aksak1.wav,0.3,0.0,30.0,beat_this
aksak1.wav,0.44,0.0,30.0,beat_this
aksak1.wav,0.66,0.0,30.0,beat_this
aksak1.wav,0.86,0.0,30.0,beat_this
aksak1.wav,1.06,0.0,30.0,beat_this
aksak1.wav,1.26,0.0,30.0,beat_this
aksak1.wav,1.44,0.0,30.0,beat_this
aksak1.wav,1.66,0.0,30.0,beat_this
aksak1.wav,1.86,0.0,30.0,beat_this
aksak1.wav,1.98,0.0,30.0,beat_this
aksak1.wav,2.22,0.0,30.0,beat_this
aksak1.wav,2.34,0.0,30.0,beat_this
aksak1.wav,2.44,0.0,30.0,beat_this
aksak1.wav,2.54,0.0,30.0,beat_this
aksak1.wav,2.62,0.0,30.0,beat_this
aksak1.wav,2.8,0.0,30.0,beat_this
aksak1.wav,2.92,0.0,30.0,beat_this
aksak1.wav,3.0,0.0,30.0,beat_this
aksak1.wav,3.1,0.0,30.0,beat_this
aksak1.wav,3.2,0.0,30.0,beat_this
aksak1.wav,3.36,0.0,30.0,beat_this
aksak1.wav,3.58,0.0,30.0,beat_this
aksak1.wav,3.7,0.0,30.0,beat_this
aksak1.wav,3.86,0.0,30.0,beat_this
aksak1.wav,3.96,0.0,30.0,beat_this
aksak1.wav,4.14,0.0,30.0,beat_this
aksak1.wav,4.36,0.0,30.0,beat_this
aksak1.wav,4.52,0.0,30.0,beat_this
aksak1.wav,4.72,0.0,30.0,beat_this
aksak1.wav,4.9,0.0,30.0,beat_this
aksak1.wav,5.12,0.0,30.0,beat_this
aksak1.wav,5.3,0.0,30.0,beat_this
aksak1.wav,5.52,0.0,30.0,beat_this
aksak1.wav,5.7,0.0,30.0,beat_this
aksak1.wav,5.9,0.0,30.0,beat_this
aksak1.wav,6.08,0.0,30.0,beat_this
aksak1.wav,6.3,0.0,30.0,beat_this
aksak1.wav,6.46,0.0,30.0,beat_this
aksak1.wav,6.68,0.0,30.0,beat_this
aksak1.wav,6.86,0.0,30.0,beat_this
aksak1.wav,7.08,0.0,30.0,beat_this
aksak1.wav,7.24,0.0,30.0,beat_this
aksak1.wav,7.48,0.0,30.0,beat_this
aksak1.wav,7.64,0.0,30.0,beat_this
aksak1.wav,7.86,0.0,30.0,beat_this
aksak1.wav,8.04,0.0,30.0,beat_this
aksak1.wav,8.26,0.0,30.0,beat_this
aksak1.wav,8.42,0.0,30.0,beat_this
aksak1.wav,8.66,0.0,30.0,beat_this
aksak1.wav,8.8,0.0,30.0,beat_this
aksak1.wav,9.04,0.0,30.0,beat_this
aksak1.wav,9.2,0.0,30.0,beat_this
aksak1.wav,9.42,0.0,30.0,beat_this
aksak1.wav,9.62,0.0,30.0,beat_this
aksak1.wav,9.8,0.0,30.0,beat_this
aksak1.wav,9.98,0.0,30.0,beat_this
aksak1.wav,10.18,0.0,30.0,beat_this
aksak1.wav,10.38,0.0,30.0,beat_this
aksak1.wav,10.6,0.0,30.0,beat_this
aksak1.wav,10.78,0.0,30.0,beat_this
aksak1.wav,11.0,0.0,30.0,beat_this
aksak1.wav,11.2,0.0,30.0,beat_this
aksak1.wav,11.3,0.0,30.0,beat_this
aksak1.wav,11.4,0.0,30.0,beat_this
aksak1.wav,11.5,0.0,30.0,beat_this
aksak1.wav,11.58,0.0,30.0,beat_this
aksak1.wav,11.78,0.0,30.0,beat_this
aksak1.wav,11.96,0.0,30.0,beat_this
aksak1.wav,12.16,0.0,30.0,beat_this
aksak1.wav,12.34,0.0,30.0,beat_this
aksak1.wav,12.56,0.0,30.0,beat_this
aksak1.wav,12.74,0.0,30.0,beat_this
aksak1.wav,12.94,0.0,30.0,beat_this
aksak1.wav,13.14,0.0,30.0,beat_this
aksak1.wav,13.34,0.0,30.0,beat_this
aksak1.wav,13.52,0.0,30.0,beat_this
aksak1.wav,13.7,0.0,30.0,beat_this
aksak1.wav,13.88,0.0,30.0,beat_this
aksak1.wav,14.1,0.0,30.0,beat_this
aksak1.wav,14.3,0.0,30.0,beat_this
aksak1.wav,14.5,0.0,30.0,beat_this
aksak1.wav,14.66,0.0,30.0,beat_this
aksak1.wav,14.88,0.0,30.0,beat_this
aksak1.wav,15.06,0.0,30.0,beat_this
aksak1.wav,15.26,0.0,30.0,beat_this
aksak1.wav,15.42,0.0,30.0,beat_this
aksak1.wav,15.64,0.0,30.0,beat_this
aksak1.wav,15.8,0.0,30.0,beat_this
aksak1.wav,16.02,0.0,30.0,beat_this
aksak1.wav,16.18,0.0,30.0,beat_this
aksak1.wav,16.4,0.0,30.0,beat_this
aksak1.wav,16.6,0.0,30.0,beat_this
aksak1.wav,16.7,0.0,30.0,beat_this
aksak1.wav,16.8,0.0,30.0,beat_this
aksak1.wav,16.94,0.0,30.0,beat_this
aksak1.wav,17.18,0.0,30.0,beat_this
aksak1.wav,17.32,0.0,30.0,beat_this
aksak1.wav,17.56,0.0,30.0,beat_this
aksak1.wav,17.7,0.0,30.0,beat_this
aksak1.wav,17.96,0.0,30.0,beat_this
aksak1.wav,18.1,0.0,30.0,beat_this
aksak1.wav,18.34,0.0,30.0,beat_this
aksak1.wav,18.5,0.0,30.0,beat_this
aksak1.wav,18.72,0.0,30.0,beat_this
aksak1.wav,18.9,0.0,30.0,beat_this
aksak1.wav,19.14,0.0,30.0,beat_this
aksak1.wav,19.28,0.0,30.0,beat_this
aksak1.wav,19.52,0.0,30.0,beat_this
aksak1.wav,19.68,0.0,30.0,beat_this
aksak1.wav,19.9,0.0,30.0,beat_this
aksak1.wav,20.06,0.0,30.0,beat_this
aksak1.wav,20.3,0.0,30.0,beat_this
aksak1.wav,20.46,0.0,30.0,beat_this
aksak1.wav,20.66,0.0,30.0,beat_this
aksak1.wav,20.86,0.0,30.0,beat_this
aksak1.wav,21.08,0.0,30.0,beat_this
aksak1.wav,21.24,0.0,30.0,beat_this
aksak1.wav,21.46,0.0,30.0,beat_this
aksak1.wav,21.62,0.0,30.0,beat_this
aksak1.wav,21.8,0.0,30.0,beat_this
aksak1.wav,22.0,0.0,30.0,beat_this
aksak1.wav,22.22,0.0,30.0,beat_this
aksak1.wav,22.4,0.0,30.0,beat_this
aksak1.wav,22.6,0.0,30.0,beat_this
aksak1.wav,22.8,0.0,30.0,beat_this
aksak1.wav,22.98,0.0,30.0,beat_this
aksak1.wav,23.18,0.0,30.0,beat_this
aksak1.wav,23.4,0.0,30.0,beat_this
aksak1.wav,23.56,0.0,30.0,beat_this
aksak1.wav,23.72,0.0,30.0,beat_this
aksak1.wav,23.94,0.0,30.0,beat_this
aksak1.wav,24.14,0.0,30.0,beat_this
aksak1.wav,24.32,0.0,30.0,beat_this
aksak1.wav,24.54,0.0,30.0,beat_this
aksak1.wav,24.72,0.0,30.0,beat_this
aksak1.wav,24.94,0.0,30.0,beat_this
aksak1.wav,25.14,0.0,30.0,beat_this
aksak1.wav,25.32,0.0,30.0,beat_this
aksak1.wav,25.52,0.0,30.0,beat_this
aksak1.wav,25.74,0.0,30.0,beat_this
aksak1.wav,25.92,0.0,30.0,beat_this
aksak1.wav,26.14,0.0,30.0,beat_this
aksak1.wav,26.32,0.0,30.0,beat_this
aksak1.wav,26.5,0.0,30.0,beat_this
aksak1.wav,26.72,0.0,30.0,beat_this
aksak1.wav,26.94,0.0,30.0,beat_this
aksak1.wav,27.1,0.0,30.0,beat_this
aksak1.wav,27.3,0.0,30.0,beat_this
aksak1.wav,27.56,0.0,30.0,beat_this
aksak1.wav,27.74,0.0,30.0,beat_this
aksak1.wav,27.94,0.0,30.0,beat_this
aksak1.wav,28.12,0.0,30.0,beat_this
aksak1.wav,28.26,0.0,30.0,beat_this
aksak1.wav,28.34,0.0,30.0,beat_this
aksak1.wav,28.46,0.0,30.0,beat_this
aksak1.wav,28.54,0.0,30.0,beat_this
aksak1.wav,28.66,0.0,30.0,beat_this
aksak1.wav,28.84,0.0,30.0,beat_this
aksak1.wav,29.12,0.0,30.0,beat_this
aksak1.wav,29.3,0.0,30.0,beat_this
aksak1.wav,29.44,0.0,30.0,beat_this
aksak1.wav,29.52,0.0,30.0,beat_this
aksak1.wav,29.68,0.0,30.0,beat_this
aksak1.wav,29.92,0.0,30.0,beat_this
aksak2.wav,0.04,0.0,30.0,beat_this
aksak2.wav,0.5,0.0,30.0,beat_this
aksak2.wav,0.98,0.0,30.0,beat_this
aksak2.wav,1.44,0.0,30.0,beat_this
aksak2.wav,1.9,0.0,30.0,beat_this
aksak2.wav,2.34,0.0,30.0,beat_this
aksak2.wav,2.8,0.0,30.0,beat_this
aksak2.wav,3.06,0.0,30.0,beat_this
aksak2.wav,3.28,0.0,30.0,beat_this
aksak2.wav,3.52,0.0,30.0,beat_this
aksak2.wav,3.72,0.0,30.0,beat_this
aksak2.wav,3.98,0.0,30.0,beat_this
aksak2.wav,4.44,0.0,30.0,beat_this
aksak2.wav,4.64,0.0,30.0,beat_this
aksak2.wav,4.9,0.0,30.0,beat_this
aksak2.wav,5.12,0.0,30.0,beat_this
aksak2.wav,5.36,0.0,30.0,beat_this
aksak2.wav,5.58,0.0,30.0,beat_this
aksak2.wav,5.8,0.0,30.0,beat_this
aksak2.wav,6.04,0.0,30.0,beat_this
aksak2.wav,6.24,0.0,30.0,beat_this
aksak2.wav,6.48,0.0,30.0,beat_this
aksak2.wav,6.7,0.0,30.0,beat_this
aksak2.wav,7.16,0.0,30.0,beat_this
aksak2.wav,7.6,0.0,30.0,beat_this
aksak2.wav,8.06,0.0,30.0,beat_this
aksak2.wav,8.5,0.0,30.0,beat_this
aksak2.wav,8.96,0.0,30.0,beat_this
aksak2.wav,9.18,0.0,30.0,beat_this
aksak2.wav,9.4,0.0,30.0,beat_this
aksak2.wav,9.84,0.0,30.0,beat_this
aksak2.wav,10.3,0.0,30.0,beat_this
aksak2.wav,10.52,0.0,30.0,beat_this
aksak2.wav,10.74,0.0,30.0,beat_this
aksak2.wav,10.96,0.0,30.0,beat_this
aksak2.wav,11.16,0.0,30.0,beat_this
aksak2.wav,11.62,0.0,30.0,beat_this
aksak2.wav,11.84,0.0,30.0,beat_this
aksak2.wav,12.08,0.0,30.0,beat_this
aksak2.wav,12.3,0.0,30.0,beat_this
aksak2.wav,12.52,0.0,30.0,beat_this
aksak2.wav,12.74,0.0,30.0,beat_this
aksak2.wav,13.18,0.0,30.0,beat_this
aksak2.wav,13.62,0.0,30.0,beat_this
aksak2.wav,14.06,0.0,30.0,beat_this
aksak2.wav,14.5,0.0,30.0,beat_this
aksak2.wav,14.96,0.0,30.0,beat_this
aksak2.wav,15.4,0.0,30.0,beat_this
aksak2.wav,15.84,0.0,30.0,beat_this
aksak2.wav,16.3,0.0,30.0,beat_this
aksak2.wav,16.74,0.0,30.0,beat_this
aksak2.wav,17.18,0.0,30.0,beat_this
aksak2.wav,17.64,0.0,30.0,beat_this
aksak2.wav,18.08,0.0,30.0,beat_this
aksak2.wav,18.52,0.0,30.0,beat_this
aksak2.wav,18.96,0.0,30.0,beat_this
aksak2.wav,19.2,0.0,30.0,beat_this
aksak2.wav,19.4,0.0,30.0,beat_this
aksak2.wav,19.84,0.0,30.0,beat_this
aksak2.wav,20.3,0.0,30.0,beat_this
aksak2.wav,20.52,0.0,30.0,beat_this
aksak2.wav,20.74,0.0,30.0,beat_this
aksak2.wav,21.18,0.0,30.0,beat_this
aksak2.wav,21.64,0.0,30.0,beat_this
aksak2.wav,22.06,0.0,30.0,beat_this
aksak2.wav,22.5,0.0,30.0,beat_this
aksak2.wav,22.96,0.0,30.0,beat_this
aksak2.wav,23.18,0.0,30.0,beat_this
aksak2.wav,23.38,0.0,30.0,beat_this
aksak2.wav,23.62,0.0,30.0,beat_this
aksak2.wav,23.82,0.0,30.0,beat_this
aksak2.wav,24.06,0.0,30.0,beat_this
aksak2.wav,24.3,0.0,30.0,beat_this
aksak2.wav,24.5,0.0,30.0,beat_this
aksak2.wav,24.72,0.0,30.0,beat_this
aksak2.wav,24.94,0.0,30.0,beat_this
aksak2.wav,25.16,0.0,30.0,beat_this
aksak2.wav,25.38,0.0,30.0,beat_this
aksak2.wav,25.6,0.0,30.0,beat_this
aksak2.wav,25.82,0.0,30.0,beat_this
aksak2.wav,26.26,0.0,30.0,beat_this
aksak2.wav,26.48,0.0,30.0,beat_this
aksak2.wav,26.7,0.0,30.0,beat_this
aksak2.wav,26.92,0.0,30.0,beat_this
aksak2.wav,27.12,0.0,30.0,beat_this
aksak2.wav,27.34,0.0,30.0,beat_this
aksak2.wav,27.58,0.0,30.0,beat_this
aksak2.wav,27.8,0.0,30.0,beat_this
aksak2.wav,28.02,0.0,30.0,beat_this
aksak2.wav,28.22,0.0,30.0,beat_this
aksak2.wav,28.46,0.0,30.0,beat_this
aksak2.wav,28.66,0.0,30.0,beat_this
aksak2.wav,28.9,0.0,30.0,beat_this
aksak2.wav,29.1,0.0,30.0,beat_this
aksak2.wav,29.32,0.0,30.0,beat_this
aksak2.wav,29.54,0.0,30.0,beat_this
aksak2.wav,29.78,0.0,30.0,beat_this
aksak2.wav,29.98,0.0,30.0,beat_this
beatles_01_Please_Please_Me_01_I_Saw_Her_Standing_There.wav,0.0,0.0,30.0,beat_this
beatles_01_Please_Please_Me_01_I_Saw_Her_Standing_There.wav,0.36,0.0,30.0,beat_this
beatles_01_Please_Please_Me_01_I_Saw_Her_Standing_There.wav,0.74,0.0,30.0,beat_this
beatles_01_Please_Please_Me_01_I_Saw_Her_Standing_There.wav,1.12,0.0,30.0,beat_this
beatles_01_Please_Please_Me_01_I_Saw_Her_Standing_There.wav,1.48,0.0,30.0,beat_this
beatles_01_Please_Please_Me_01_I_Saw_Her_Standing_There.wav,1.86,0.0,30.0,beat_this
beatles_01_Please_Please_Me_01_I_Saw_Her_Standing_There.wav,2.22,0.0,30.0,beat_this
beatles_01_Please_Please_Me_01_I_Saw_Her_Standing_There.wav,2.6,0.0,30.0,beat_this
beatles_01_Please_Please_Me_01_I_Saw_Her_Standing_There.wav,2.96,0.0,30.0,beat_this
beatles_01_Please_Please_Me_01_I_Saw_Her_Standing_There.wav,3.34,0.0,30.0,beat_this
beatles_01_Please_Please_Me_01_I_Saw_Her_Standing_There.wav,3.7,0.0,30.0,beat_this
beatles_01_Please_Please_Me_01_I_Saw_Her_Standing_There.wav,4.08,0.0,30.0,beat_this
beatles_01_Please_Please_Me_01_I_Saw_Her_Standing_There.wav,4.44,0.0,30.0,beat_this
beatles_01_Please_Please_Me_01_I_Saw_Her_Standing_There.wav,4.82,0.0,30.0,beat_this
beatles_01_Please_Please_Me_01_I_Saw_Her_Standing_There.wav,5.18,0.0,30.0,beat_this
beatles_01_Please_Please_Me_01_I_Saw_Her_Standing_There.wav,5.56,0.0,30.0,beat_this
beatles_01_Please_Please_Me_01_I_Saw_Her_Standing_There.wav,5.92,0.0,30.0,beat_this
beatles_01_Please_Please_Me_01_I_Saw_Her_Standing_There.wav,6.3,0.0,30.0,beat_this
beatles_01_Please_Please_Me_01_I_Saw_Her_Standing_There.wav,6.66,0.0,30.0,beat_this
beatles_01_Please_Please_Me_01_I_Saw_Her_Standing_There.wav,7.04,0.0,30.0,beat_this
beatles_01_Please_Please_Me_01_I_Saw_Her_Standing_There.wav,7.4,0.0,30.0,beat_this
beatles_01_Please_Please_Me_01_I_Saw_Her_Standing_There.wav,7.78,0.0,30.0,beat_this
beatles_01_Please_Please_Me_01_I_Saw_Her_Standing_There.wav,8.16,0.0,30.0,beat_this
beatles_01_Please_Please_Me_01_I_Saw_Her_Standing_There.wav,8.54,0.0,30.0,beat_this
beatles_01_Please_Please_Me_01_I_Saw_Her_Standing_There.wav,8.9,0.0,30.0,beat_this
beatles_01_Please_Please_Me_01_I_Saw_Her_Standing_There.wav,9.28,0.0,30.0,beat_this
beatles_01_Please_Please_Me_01_I_Saw_Her_Standing_There.wav,9.66,0.0,30.0,beat_this
beatles_01_Please_Please_Me_01_I_Saw_Her_Standing_There.wav,10.04,0.0,30.0,beat_this
beatles_01_Please_Please_Me_01_I_Saw_Her_Standing_There.wav,10.4,0.0,30.0,beat_this
beatles_01_Please_Please_Me_01_I_Saw_Her_Standing_There.wav,10.78,0.0,30.0,beat_this
beatles_01_Please_Please_Me_01_I_Saw_Her_Standing_There.wav,11.16,0.0,30.0,beat_this
beatles_01_Please_Please_Me_01_I_Saw_Her_Standing_There.wav,11.54,0.0,30.0,beat_this
beatles_01_Please_Please_Me_01_I_Saw_Her_Standing_There.wav,11.9,0.0,30.0,beat_this
beatles_01_Please_Please_Me_01_I_Saw_Her_Standing_There.wav,12.28,0.0,30.0,beat_this
beatles_01_Please_Please_Me_01_I_Saw_Her_Standing_There.wav,12.64,0.0,30.0,beat_this
beatles_01_Please_Please_Me_01_I_Saw_Her_Standing_There.wav,13.02,0.0,30.0,beat_this
beatles_01_Please_Please_Me_01_I_Saw_Her_Standing_There.wav,13.38,0.0,30.0,beat_this
beatles_01_Please_Please_Me_01_I_Saw_Her_Standing_There.wav,13.76,0.0,30.0,beat_this
beatles_01_Please_Please_Me_01_I_Saw_Her_Standing_There.wav,14.12,0.0,30.0,beat_this
beatles_01_Please_Please_Me_01_I_Saw_Her_Standing_There.wav,14.5,0.0,30.0,beat_this
beatles_01_Please_Please_Me_01_I_Saw_Her_Standing_There.wav,14.86,0.0,30.0,beat_this
beatles_01_Please_Please_Me_01_I_Saw_Her_Standing_There.wav,15.24,0.0,30.0,beat_this
beatles_01_Please_Please_Me_01_I_Saw_Her_Standing_There.wav,15.6,0.0,30.0,beat_this
beatles_01_Please_Please_Me_01_I_Saw_Her_Standing_There.wav,15.98,0.0,30.0,beat_this
beatles_01_Please_Please_Me_01_I_Saw_Her_Standing_There.wav,16.36,0.0,30.0,beat_this
beatles_01_Please_Please_Me_01_I_Saw_Her_Standing_There.wav,16.72,0.0,30.0,beat_this
beatles_01_Please_Please_Me_01_I_Saw_Her_Standing_There.wav,17.1,0.0,30.0,beat_this
beatles_01_Please_Please_Me_01_I_Saw_Her_Standing_There.wav,17.48,0.0,30.0,beat_this
beatles_01_Please_Please_Me_01_I_Saw_Her_Standing_There.wav,17.84,0.0,30.0,beat_this
beatles_01_Please_Please_Me_01_I_Saw_Her_Standing_There.wav,18.22,0.0,30.0,beat_this
beatles_01_Please_Please_Me_01_I_Saw_Her_Standing_There.wav,18.6,0.0,30.0,beat_this
beatles_01_Please_Please_Me_01_I_Saw_Her_Standing_There.wav,18.96,0.0,30.0,beat_this
beatles_01_Please_Please_Me_01_I_Saw_Her_Standing_There.wav,19.34,0.0,30.0,beat_this
beatles_01_Please_Please_Me_01_I_Saw_Her_Standing_There.wav,19.72,0.0,30.0,beat_this
beatles_01_Please_Please_Me_01_I_Saw_Her_Standing_There.wav,20.08,0.0,30.0,beat_this
beatles_01_Please_Please_Me_01_I_Saw_Her_Standing_There.wav,20.48,0.0,30.0,beat_this
beatles_01_Please_Please_Me_01_I_Saw_Her_Standing_There.wav,20.84,0.0,30.0,beat_this
beatles_01_Please_Please_Me_01_I_Saw_Her_Standing_There.wav,21.22,0.0,30.0,beat_this
beatles_01_Please_Please_Me_01_I_Saw_Her_Standing_There.wav,21.58,0.0,30.0,beat_this
beatles_01_Please_Please_Me_01_I_Saw_Her_Standing_There.wav,21.96,0.0,30.0,beat_this
beatles_01_Please_Please_Me_01_I_Saw_Her_Standing_There.wav,22.34,0.0,30.0,beat_this
beatles_01_Please_Please_Me_01_I_Saw_Her_Standing_There.wav,22.72,0.0,30.0,beat_this
beatles_01_Please_Please_Me_01_I_Saw_Her_Standing_There.wav,23.08,0.0,30.0,beat_this
beatles_01_Please_Please_Me_01_I_Saw_Her_Standing_There.wav,23.46,0.0,30.0,beat_this
beatles_01_Please_Please_Me_01_I_Saw_Her_Standing_There.wav,23.82,0.0,30.0,beat_this
beatles_01_Please_Please_Me_01_I_Saw_Her_Standing_There.wav,24.2,0.0,30.0,beat_this
beatles_01_Please_Please_Me_01_I_Saw_Her_Standing_There.wav,24.58,0.0,30.0,beat_this
beatles_01_Please_Please_Me_01_I_Saw_Her_Standing_There.wav,24.96,0.0,30.0,beat_this
beatles_01_Please_Please_Me_01_I_Saw_Her_Standing_There.wav,25.32,0.0,30.0,beat_this
beatles_01_Please_Please_Me_01_I_Saw_Her_Standing_There.wav,25.7,0.0,30.0,beat_this
beatles_01_Please_Please_Me_01_I_Saw_Her_Standing_There.wav,26.08,0.0,30.0,beat_this
beatles_01_Please_Please_Me_01_I_Saw_Her_Standing_There.wav,26.46,0.0,30.0,beat_this
beatles_01_Please_Please_Me_01_I_Saw_Her_Standing_There.wav,26.82,0.0,30.0,beat_this
beatles_01_Please_Please_Me_01_I_Saw_Her_Standing_There.wav,27.2,0.0,30.0,beat_this
beatles_01_Please_Please_Me_01_I_Saw_Her_Standing_There.wav,27.56,0.0,30.0,beat_this
beatles_01_Please_Please_Me_01_I_Saw_Her_Standing_There.wav,27.94,0.0,30.0,beat_this
beatles_01_Please_Please_Me_01_I_Saw_Her_Standing_There.wav,28.32,0.0,30.0,beat_this
beatles_01_Please_Please_Me_01_I_Saw_Her_Standing_There.wav,28.7,0.0,30.0,beat_this
beatles_01_Please_Please_Me_01_I_Saw_Her_Standing_There.wav,29.06,0.0,30.0,beat_this
beatles_01_Please_Please_Me_01_I_Saw_Her_Standing_There.wav,29.44,0.0,30.0,beat_this
beatles_01_Please_Please_Me_01_I_Saw_Her_Standing_There.wav,29.8,0.0,30.0,beat_this
beatles_01_Please_Please_Me_02_Misery.wav,0.02,0.0,30.0,beat_this
beatles_01_Please_Please_Me_02_Misery.wav,0.44,0.0,30.0,beat_this
beatles_01_Please_Please_Me_02_Misery.wav,0.88,0.0,30.0,beat_this
beatles_01_Please_Please_Me_02_Misery.wav,1.36,0.0,30.0,beat_this
beatles_01_Please_Please_Me_02_Misery.wav,1.74,0.0,30.0,beat_this
beatles_01_Please_Please_Me_02_Misery.wav,2.24,0.0,30.0,beat_this
beatles_01_Please_Please_Me_02_Misery.wav,2.66,0.0,30.0,beat_this
beatles_01_Please_Please_Me_02_Misery.wav,3.16,0.0,30.0,beat_this
beatles_01_Please_Please_Me_02_Misery.wav,3.6,0.0,30.0,beat_this
beatles_01_Please_Please_Me_02_Misery.wav,4.08,0.0,30.0,beat_this
beatles_01_Please_Please_Me_02_Misery.wav,4.54,0.0,30.0,beat_this
beatles_01_Please_Please_Me_02_Misery.wav,5.0,0.0,30.0,beat_this
beatles_01_Please_Please_Me_02_Misery.wav,5.44,0.0,30.0,beat_this
beatles_01_Please_Please_Me_02_Misery.wav,5.9,0.0,30.0,beat_this
beatles_01_Please_Please_Me_02_Misery.wav,6.34,0.0,30.0,beat_this
beatles_01_Please_Please_Me_02_Misery.wav,6.78,0.0,30.0,beat_this
beatles_01_Please_Please_Me_02_Misery.wav,7.22,0.0,30.0,beat_this
beatles_01_Please_Please_Me_02_Misery.wav,7.68,0.0,30.0,beat_this
beatles_01_Please_Please_Me_02_Misery.wav,8.14,0.0,30.0,beat_this
beatles_01_Please_Please_Me_02_Misery.wav,8.58,0.0,30.0,beat_this
beatles_01_Please_Please_Me_02_Misery.wav,9.02,0.0,30.0,beat_this
beatles_01_Please_Please_Me_02_Misery.wav,9.46,0.0,30.0,beat_this
beatles_01_Please_Please_Me_02_Misery.wav,9.92,0.0,30.0,beat_this
beatles_01_Please_Please_Me_02_Misery.wav,10.36,0.0,30.0,beat_this
beatles_01_Please_Please_Me_02_Misery.wav,10.82,0.0,30.0,beat_this
beatles_01_Please_Please_Me_02_Misery.wav,11.26,0.0,30.0,beat_this
beatles_01_Please_Please_Me_02_Misery.wav,11.72,0.0,30.0,beat_this
beatles_01_Please_Please_Me_02_Misery.wav,12.16,0.0,30.0,beat_this
beatles_01_Please_Please_Me_02_Misery.wav,12.6,0.0,30.0,beat_this
beatles_01_Please_Please_Me_02_Misery.wav,13.06,0.0,30.0,beat_this
beatles_01_Please_Please_Me_02_Misery.wav,13.52,0.0,30.0,beat_this
beatles_01_Please_Please_Me_02_Misery.wav,13.94,0.0,30.0,beat_this
beatles_01_Please_Please_Me_02_Misery.wav,14.4,0.0,30.0,beat_this
beatles_01_Please_Please_Me_02_Misery.wav,14.84,0.0,30.0,beat_this
beatles_01_Please_Please_Me_02_Misery.wav,15.28,0.0,30.0,beat_this
beatles_01_Please_Please_Me_02_Misery.wav,15.72,0.0,30.0,beat_this
beatles_01_Please_Please_Me_02_Misery.wav,16.18,0.0,30.0,beat_this
beatles_01_Please_Please_Me_02_Misery.wav,16.62,0.0,30.0,beat_this
beatles_01_Please_Please_Me_02_Misery.wav,17.06,0.0,30.0,beat_this
beatles_01_Please_Please_Me_02_Misery.wav,17.52,0.0,30.0,beat_this
beatles_01_Please_Please_Me_02_Misery.wav,17.96,0.0,30.0,beat_this
beatles_01_Please_Please_Me_02_Misery.wav,18.42,0.0,30.0,beat_this
beatles_01_Please_Please_Me_02_Misery.wav,18.86,0.0,30.0,beat_this
beatles_01_Please_Please_Me_02_Misery.wav,19.32,0.0,30.0,beat_this
beatles_01_Please_Please_Me_02_Misery.wav,19.76,0.0,30.0,beat_this
beatles_01_Please_Please_Me_02_Misery.wav,20.22,0.0,30.0,beat_this
beatles_01_Please_Please_Me_02_Misery.wav,20.66,0.0,30.0,beat_this
beatles_01_Please_Please_Me_02_Misery.wav,21.12,0.0,30.0,beat_this
beatles_01_Please_Please_Me_02_Misery.wav,21.56,0.0,30.0,beat_this
beatles_01_Please_Please_Me_02_Misery.wav,22.02,0.0,30.0,beat_this
beatles_01_Please_Please_Me_02_Misery.wav,22.46,0.0,30.0,beat_this
beatles_01_Please_Please_Me_02_Misery.wav,22.92,0.0,30.0,beat_this
beatles_01_Please_Please_Me_02_Misery.wav,23.36,0.0,30.0,beat_this
beatles_01_Please_Please_Me_02_Misery.wav,23.8,0.0,30.0,beat_this
beatles_01_Please_Please_Me_02_Misery.wav,24.26,0.0,30.0,beat_this
beatles_01_Please_Please_Me_02_Misery.wav,24.7,0.0,30.0,beat_this
beatles_01_Please_Please_Me_02_Misery.wav,25.14,0.0,30.0,beat_this
beatles_01_Please_Please_Me_02_Misery.wav,25.6,0.0,30.0,beat_this
beatles_01_Please_Please_Me_02_Misery.wav,26.06,0.0,30.0,beat_this
beatles_01_Please_Please_Me_02_Misery.wav,26.5,0.0,30.0,beat_this
beatles_01_Please_Please_Me_02_Misery.wav,26.94,0.0,30.0,beat_this
beatles_01_Please_Please_Me_02_Misery.wav,27.4,0.0,30.0,beat_this
beatles_01_Please_Please_Me_02_Misery.wav,27.84,0.0,30.0,beat_this
beatles_01_Please_Please_Me_02_Misery.wav,28.3,0.0,30.0,beat_this
beatles_01_Please_Please_Me_02_Misery.wav,28.74,0.0,30.0,beat_this
beatles_01_Please_Please_Me_02_Misery.wav,29.2,0.0,30.0,beat_this
beatles_01_Please_Please_Me_02_Misery.wav,29.64,0.0,30.0,beat_this
beatles_01_Please_Please_Me_03_Anna_(Go_To_Him).wav,0.0,0.0,30.0,beat_this
beatles_01_Please_Please_Me_03_Anna_(Go_To_Him).wav,0.52,0.0,30.0,beat_this
beatles_01_Please_Please_Me_03_Anna_(Go_To_Him).wav,1.06,0.0,30.0,beat_this
beatles_01_Please_Please_Me_03_Anna_(Go_To_Him).wav,1.62,0.0,30.0,beat_this
beatles_01_Please_Please_Me_03_Anna_(Go_To_Him).wav,2.18,0.0,30.0,beat_this
beatles_01_Please_Please_Me_03_Anna_(Go_To_Him).wav,2.72,0.0,30.0,beat_this
beatles_01_Please_Please_Me_03_Anna_(Go_To_Him).wav,3.28,0.0,30.0,beat_this
beatles_01_Please_Please_Me_03_Anna_(Go_To_Him).wav,3.86,0.0,30.0,beat_this
beatles_01_Please_Please_Me_03_Anna_(Go_To_Him).wav,4.42,0.0,30.0,beat_this
beatles_01_Please_Please_Me_03_Anna_(Go_To_Him).wav,4.96,0.0,30.0,beat_this
beatles_01_Please_Please_Me_03_Anna_(Go_To_Him).wav,5.5,0.0,30.0,beat_this
beatles_01_Please_Please_Me_03_Anna_(Go_To_Him).wav,6.06,0.0,30.0,beat_this
beatles_01_Please_Please_Me_03_Anna_(Go_To_Him).wav,6.6,0.0,30.0,beat_this
beatles_01_Please_Please_Me_03_Anna_(Go_To_Him).wav,7.16,0.0,30.0,beat_this
beatles_01_Please_Please_Me_03_Anna_(Go_To_Him).wav,7.7,0.0,30.0,beat_this
beatles_01_Please_Please_Me_03_Anna_(Go_To_Him).wav,8.26,0.0,30.0,beat_this
beatles_01_Please_Please_Me_03_Anna_(Go_To_Him).wav,8.82,0.0,30.0,beat_this
beatles_01_Please_Please_Me_03_Anna_(Go_To_Him).wav,9.38,0.0,30.0,beat_this
beatles_01_Please_Please_Me_03_Anna_(Go_To_Him).wav,9.92,0.0,30.0,beat_this
beatles_01_Please_Please_Me_03_Anna_(Go_To_Him).wav,10.48,0.0,30.0,beat_this
beatles_01_Please_Please_Me_03_Anna_(Go_To_Him).wav,11.02,0.0,30.0,beat_this
beatles_01_Please_Please_Me_03_Anna_(Go_To_Him).wav,11.56,0.0,30.0,beat_this
beatles_01_Please_Please_Me_03_Anna_(Go_To_Him).wav,12.12,0.0,30.0,beat_this
beatles_01_Please_Please_Me_03_Anna_(Go_To_Him).wav,12.68,0.0,30.0,beat_this
beatles_01_Please_Please_Me_03_Anna_(Go_To_Him).wav,13.24,0.0,30.0,beat_this
beatles_01_Please_Please_Me_03_Anna_(Go_To_Him).wav,13.78,0.0,30.0,beat_this
beatles_01_Please_Please_Me_03_Anna_(Go_To_Him).wav,14.32,0.0,30.0,beat_this
beatles_01_Please_Please_Me_03_Anna_(Go_To_Him).wav,14.88,0.0,30.0,beat_this
beatles_01_Please_Please_Me_03_Anna_(Go_To_Him).wav,15.44,0.0,30.0,beat_this
beatles_01_Please_Please_Me_03_Anna_(Go_To_Him).wav,15.98,0.0,30.0,beat_this
beatles_01_Please_Please_Me_03_Anna_(Go_To_Him).wav,16.52,0.0,30.0,beat_this
beatles_01_Please_Please_Me_03_Anna_(Go_To_Him).wav,17.08,0.0,30.0,beat_this
beatles_01_Please_Please_Me_03_Anna_(Go_To_Him).wav,17.62,0.0,30.0,beat_this
beatles_01_Please_Please_Me_03_Anna_(Go_To_Him).wav,18.16,0.0,30.0,beat_this
beatles_01_Please_Please_Me_03_Anna_(Go_To_Him).wav,18.7,0.0,30.0,beat_this
beatles_01_Please_Please_Me_03_Anna_(Go_To_Him).wav,19.26,0.0,30.0,beat_this
beatles_01_Please_Please_Me_03_Anna_(Go_To_Him).wav,19.8,0.0,30.0,beat_this
beatles_01_Please_Please_Me_03_Anna_(Go_To_Him).wav,20.34,0.0,30.0,beat_this
beatles_01_Please_Please_Me_03_Anna_(Go_To_Him).wav,20.88,0.0,30.0,beat_this
beatles_01_Please_Please_Me_03_Anna_(Go_To_Him).wav,21.44,0.0,30.0,beat_this
beatles_01_Please_Please_Me_03_Anna_(Go_To_Him).wav,22.0,0.0,30.0,beat_this
beatles_01_Please_Please_Me_03_Anna_(Go_To_Him).wav,22.54,0.0,30.0,beat_this
beatles_01_Please_Please_Me_03_Anna_(Go_To_Him).wav,23.08,0.0,30.0,beat_this
beatles_01_Please_Please_Me_03_Anna_(Go_To_Him).wav,23.62,0.0,30.0,beat_this
beatles_01_Please_Please_Me_03_Anna_(Go_To_Him).wav,24.18,0.0,30.0,beat_this
beatles_01_Please_Please_Me_03_Anna_(Go_To_Him).wav,24.72,0.0,30.0,beat_this
beatles_01_Please_Please_Me_03_Anna_(Go_To_Him).wav,25.28,0.0,30.0,beat_this
beatles_01_Please_Please_Me_03_Anna_(Go_To_Him).wav,25.84,0.0,30.0,beat_this
beatles_01_Please_Please_Me_03_Anna_(Go_To_Him).wav,26.38,0.0,30.0,beat_this
beatles_01_Please_Please_Me_03_Anna_(Go_To_Him).wav,26.94,0.0,30.0,beat_this
beatles_01_Please_Please_Me_03_Anna_(Go_To_Him).wav,27.48,0.0,30.0,beat_this
beatles_01_Please_Please_Me_03_Anna_(Go_To_Him).wav,28.02,0.0,30.0,beat_this
beatles_01_Please_Please_Me_03_Anna_(Go_To_Him).wav,28.58,0.0,30.0,beat_this
beatles_01_Please_Please_Me_03_Anna_(Go_To_Him).wav,29.12,0.0,30.0,beat_this
beatles_01_Please_Please_Me_03_Anna_(Go_To_Him).wav,29.68,0.0,30.0,beat_this
beatles_01_Please_Please_Me_04_Chains.wav,0.4,0.0,30.0,beat_this
beatles_01_Please_Please_Me_04_Chains.wav,0.84,0.0,30.0,beat_this
beatles_01_Please_Please_Me_04_Chains.wav,1.28,0.0,30.0,beat_this
beatles_01_Please_Please_Me_04_Chains.wav,1.74,0.0,30.0,beat_this
beatles_01_Please_Please_Me_04_Chains.wav,2.18,0.0,30.0,beat_this
beatles_01_Please_Please_Me_04_Chains.wav,2.64,0.0,30.0,beat_this
beatles_01_Please_Please_Me_04_Chains.wav,3.1,0.0,30.0,beat_this
beatles_01_Please_Please_Me_04_Chains.wav,3.54,0.0,30.0,beat_this
beatles_01_Please_Please_Me_04_Chains.wav,4.0,0.0,30.0,beat_this
beatles_01_Please_Please_Me_04_Chains.wav,4.46,0.0,30.0,beat_this
beatles_01_Please_Please_Me_04_Chains.wav,4.92,0.0,30.0,beat_this
beatles_01_Please_Please_Me_04_Chains.wav,5.38,0.0,30.0,beat_this
beatles_01_Please_Please_Me_04_Chains.wav,5.84,0.0,30.0,beat_this
beatles_01_Please_Please_Me_04_Chains.wav,6.3,0.0,30.0,beat_this
beatles_01_Please_Please_Me_04_Chains.wav,6.76,0.0,30.0,beat_this
beatles_01_Please_Please_Me_04_Chains.wav,7.22,0.0,30.0,beat_this
beatles_01_Please_Please_Me_04_Chains.wav,7.68,0.0,30.0,beat_this
beatles_01_Please_Please_Me_04_Chains.wav,8.14,0.0,30.0,beat_this
beatles_01_Please_Please_Me_04_Chains.wav,8.6,0.0,30.0,beat_this
beatles_01_Please_Please_Me_04_Chains.wav,9.04,0.0,30.0,beat_this
beatles_01_Please_Please_Me_04_Chains.wav,9.5,0.0,30.0,beat_this
beatles_01_Please_Please_Me_04_Chains.wav,9.98,0.0,30.0,beat_this
beatles_01_Please_Please_Me_04_Chains.wav,10.42,0.0,30.0,beat_this
beatles_01_Please_Please_Me_04_Chains.wav,10.9,0.0,30.0,beat_this
beatles_01_Please_Please_Me_04_Chains.wav,11.36,0.0,30.0,beat_this
beatles_01_Please_Please_Me_04_Chains.wav,11.8,0.0,30.0,beat_this
beatles_01_Please_Please_Me_04_Chains.wav,12.26,0.0,30.0,beat_this
beatles_01_Please_Please_Me_04_Chains.wav,12.72,0.0,30.0,beat_this
beatles_01_Please_Please_Me_04_Chains.wav,13.18,0.0,30.0,beat_this
beatles_01_Please_Please_Me_04_Chains.wav,13.64,0.0,30.0,beat_this
beatles_01_Please_Please_Me_04_Chains.wav,14.1,0.0,30.0,beat_this
beatles_01_Please_Please_Me_04_Chains.wav,14.56,0.0,30.0,beat_this
beatles_01_Please_Please_Me_04_Chains.wav,15.02,0.0,30.0,beat_this
beatles_01_Please_Please_Me_04_Chains.wav,15.48,0.0,30.0,beat_this
beatles_01_Please_Please_Me_04_Chains.wav,15.94,0.0,30.0,beat_this
beatles_01_Please_Please_Me_04_Chains.wav,16.4,0.0,30.0,beat_this
beatles_01_Please_Please_Me_04_Chains.wav,16.86,0.0,30.0,beat_this
beatles_01_Please_Please_Me_04_Chains.wav,17.32,0.0,30.0,beat_this
beatles_01_Please_Please_Me_04_Chains.wav,17.78,0.0,30.0,beat_this
beatles_01_Please_Please_Me_04_Chains.wav,18.26,0.0,30.0,beat_this
beatles_01_Please_Please_Me_04_Chains.wav,18.72,0.0,30.0,beat_this
beatles_01_Please_Please_Me_04_Chains.wav,19.18,0.0,30.0,beat_this
beatles_01_Please_Please_Me_04_Chains.wav,19.64,0.0,30.0,beat_this
beatles_01_Please_Please_Me_04_Chains.wav,20.12,0.0,30.0,beat_this
beatles_01_Please_Please_Me_04_Chains.wav,20.58,0.0,30.0,beat_this
beatles_01_Please_Please_Me_04_Chains.wav,21.04,0.0,30.0,beat_this
beatles_01_Please_Please_Me_04_Chains.wav,21.52,0.0,30.0,beat_this
beatles_01_Please_Please_Me_04_Chains.wav,21.98,0.0,30.0,beat_this
beatles_01_Please_Please_Me_04_Chains.wav,22.46,0.0,30.0,beat_this
beatles_01_Please_Please_Me_04_Chains.wav,22.9,0.0,30.0,beat_this
beatles_01_Please_Please_Me_04_Chains.wav,23.36,0.0,30.0,beat_this
beatles_01_Please_Please_Me_04_Chains.wav,23.82,0.0,30.0,beat_this
beatles_01_Please_Please_Me_04_Chains.wav,24.26,0.0,30.0,beat_this
beatles_01_Please_Please_Me_04_Chains.wav,24.74,0.0,30.0,beat_this
beatles_01_Please_Please_Me_04_Chains.wav,25.18,0.0,30.0,beat_this
beatles_01_Please_Please_Me_04_Chains.wav,25.66,0.0,30.0,beat_this
beatles_01_Please_Please_Me_04_Chains.wav,26.1,0.0,30.0,beat_this
beatles_01_Please_Please_Me_04_Chains.wav,26.58,0.0,30.0,beat_this
beatles_01_Please_Please_Me_04_Chains.wav,27.04,0.0,30.0,beat_this
beatles_01_Please_Please_Me_04_Chains.wav,27.5,0.0,30.0,beat_this
beatles_01_Please_Please_Me_04_Chains.wav,27.96,0.0,30.0,beat_this
beatles_01_Please_Please_Me_04_Chains.wav,28.42,0.0,30.0,beat_this
beatles_01_Please_Please_Me_04_Chains.wav,28.88,0.0,30.0,beat_this
beatles_01_Please_Please_Me_04_Chains.wav,29.36,0.0,30.0,beat_this
beatles_01_Please_Please_Me_04_Chains.wav,29.8,0.0,30.0,beat_this
beatles_04_Beatles_for_Sale_06_Mr_Moonlight.wav,0.02,0.0,30.0,beat_this
beatles_04_Beatles_for_Sale_06_Mr_Moonlight.wav,0.46,0.0,30.0,beat_this
beatles_04_Beatles_for_Sale_06_Mr_Moonlight.wav,0.94,0.0,30.0,beat_this
beatles_04_Beatles_for_Sale_06_Mr_Moonlight.wav,1.42,0.0,30.0,beat_this
beatles_04_Beatles_for_Sale_06_Mr_Moonlight.wav,1.88,0.0,30.0,beat_this
beatles_04_Beatles_for_Sale_06_Mr_Moonlight.wav,2.32,0.0,30.0,beat_this
beatles_04_Beatles_for_Sale_06_Mr_Moonlight.wav,2.78,0.0,30.0,beat_this
beatles_04_Beatles_for_Sale_06_Mr_Moonlight.wav,3.26,0.0,30.0,beat_this
beatles_04_Beatles_for_Sale_06_Mr_Moonlight.wav,3.72,0.0,30.0,beat_this
beatles_04_Beatles_for_Sale_06_Mr_Moonlight.wav,4.2,0.0,30.0,beat_this
beatles_04_Beatles_for_Sale_06_Mr_Moonlight.wav,4.66,0.0,30.0,beat_this
beatles_04_Beatles_for_Sale_06_Mr_Moonlight.wav,5.14,0.0,30.0,beat_this
beatles_04_Beatles_for_Sale_06_Mr_Moonlight.wav,5.6,0.0,30.0,beat_this
beatles_04_Beatles_for_Sale_06_Mr_Moonlight.wav,6.08,0.0,30.0,beat_this
beatles_04_Beatles_for_Sale_06_Mr_Moonlight.wav,6.54,0.0,30.0,beat_this
beatles_04_Beatles_for_Sale_06_Mr_Moonlight.wav,7.02,0.0,30.0,beat_this
beatles_04_Beatles_for_Sale_06_Mr_Moonlight.wav,7.48,0.0,30.0,beat_this
beatles_04_Beatles_for_Sale_06_Mr_Moonlight.wav,7.96,0.0,30.0,beat_this
beatles_04_Beatles_for_Sale_06_Mr_Moonlight.wav,8.42,0.0,30.0,beat_this
beatles_04_Beatles_for_Sale_06_Mr_Moonlight.wav,8.88,0.0,30.0,beat_this
beatles_04_Beatles_for_Sale_06_Mr_Moonlight.wav,9.36,0.0,30.0,beat_this
beatles_04_Beatles_for_Sale_06_Mr_Moonlight.wav,9.82,0.0,30.0,beat_this
beatles_04_Beatles_for_Sale_06_Mr_Moonlight.wav,10.3,0.0,30.0,beat_this
beatles_04_Beatles_for_Sale_06_Mr_Moonlight.wav,10.76,0.0,30.0,beat_this
beatles_04_Beatles_for_Sale_06_Mr_Moonlight.wav,11.22,0.0,30.0,beat_this
beatles_04_Beatles_for_Sale_06_Mr_Moonlight.wav,11.68,0.0,30.0,beat_this
beatles_04_Beatles_for_Sale_06_Mr_Moonlight.wav,12.16,0.0,30.0,beat_this
beatles_04_Beatles_for_Sale_06_Mr_Moonlight.wav,12.62,0.0,30.0,beat_this
beatles_04_Beatles_for_Sale_06_Mr_Moonlight.wav,13.1,0.0,30.0,beat_this
beatles_04_Beatles_for_Sale_06_Mr_Moonlight.wav,13.58,0.0,30.0,beat_this
beatles_04_Beatles_for_Sale_06_Mr_Moonlight.wav,14.04,0.0,30.0,beat_this
beatles_04_Beatles_for_Sale_06_Mr_Moonlight.wav,14.52,0.0,30.0,beat_this
beatles_04_Beatles_for_Sale_06_Mr_Moonlight.wav,14.98,0.0,30.0,beat_this
beatles_04_Beatles_for_Sale_06_Mr_Moonlight.wav,15.44,0.0,30.0,beat_this
beatles_04_Beatles_for_Sale_06_Mr_Moonlight.wav,15.92,0.0,30.0,beat_this
beatles_04_Beatles_for_Sale_06_Mr_Moonlight.wav,16.38,0.0,30.0,beat_this
beatles_04_Beatles_for_Sale_06_Mr_Moonlight.wav,16.84,0.0,30.0,beat_this
beatles_04_Beatles_for_Sale_06_Mr_Moonlight.wav,17.32,0.0,30.0,beat_this
beatles_04_Beatles_for_Sale_06_Mr_Moonlight.wav,17.8,0.0,30.0,beat_this
beatles_04_Beatles_for_Sale_06_Mr_Moonlight.wav,18.26,0.0,30.0,beat_this
beatles_04_Beatles_for_Sale_06_Mr_Moonlight.wav,18.72,0.0,30.0,beat_this
beatles_04_Beatles_for_Sale_06_Mr_Moonlight.wav,19.2,0.0,30.0,beat_this
beatles_04_Beatles_for_Sale_06_Mr_Moonlight.wav,19.68,0.0,30.0,beat_this
beatles_04_Beatles_for_Sale_06_Mr_Moonlight.wav,20.16,0.0,30.0,beat_this
beatles_04_Beatles_for_Sale_06_Mr_Moonlight.wav,20.62,0.0,30.0,beat_this
beatles_04_Beatles_for_Sale_06_Mr_Moonlight.wav,21.08,0.0,30.0,beat_this
beatles_04_Beatles_for_Sale_06_Mr_Moonlight.wav,21.54,0.0,30.0,beat_this
beatles_04_Beatles_for_Sale_06_Mr_Moonlight.wav,22.02,0.0,30.0,beat_this
beatles_04_Beatles_for_Sale_06_Mr_Moonlight.wav,22.5,0.0,30.0,beat_this
beatles_04_Beatles_for_Sale_06_Mr_Moonlight.wav,22.98,0.0,30.0,beat_this
beatles_04_Beatles_for_Sale_06_Mr_Moonlight.wav,23.44,0.0,30.0,beat_this
beatles_04_Beatles_for_Sale_06_Mr_Moonlight.wav,23.92,0.0,30.0,beat_this
beatles_04_Beatles_for_Sale_06_Mr_Moonlight.wav,24.38,0.0,30.0,beat_this
beatles_04_Beatles_for_Sale_06_Mr_Moonlight.wav,24.86,0.0,30.0,beat_this
beatles_04_Beatles_for_Sale_06_Mr_Moonlight.wav,25.32,0.0,30.0,beat_this
beatles_04_Beatles_for_Sale_06_Mr_Moonlight.wav,25.8,0.0,30.0,beat_this
beatles_04_Beatles_for_Sale_06_Mr_Moonlight.wav,26.28,0.0,30.0,beat_this
beatles_04_Beatles_for_Sale_06_Mr_Moonlight.wav,26.74,0.0,30.0,beat_this
beatles_04_Beatles_for_Sale_06_Mr_Moonlight.wav,27.22,0.0,30.0,beat_this
beatles_04_Beatles_for_Sale_06_Mr_Moonlight.wav,27.7,0.0,30.0,beat_this
beatles_04_Beatles_for_Sale_06_Mr_Moonlight.wav,28.16,0.0,30.0,beat_this
beatles_04_Beatles_for_Sale_06_Mr_Moonlight.wav,28.64,0.0,30.0,beat_this
beatles_04_Beatles_for_Sale_06_Mr_Moonlight.wav,29.1,0.0,30.0,beat_this
beatles_04_Beatles_for_Sale_06_Mr_Moonlight.wav,29.58,0.0,30.0,beat_this
beatles_05_Help_12_Ive_Just_Seen_a_Face.wav,0.02,0.0,30.0,beat_this
beatles_05_Help_12_Ive_Just_Seen_a_Face.wav,0.54,0.0,30.0,beat_this
beatles_05_Help_12_Ive_Just_Seen_a_Face.wav,1.04,0.0,30.0,beat_this
beatles_05_Help_12_Ive_Just_Seen_a_Face.wav,1.54,0.0,30.0,beat_this
beatles_05_Help_12_Ive_Just_Seen_a_Face.wav,2.08,0.0,30.0,beat_this
beatles_05_Help_12_Ive_Just_Seen_a_Face.wav,2.56,0.0,30.0,beat_this
beatles_05_Help_12_Ive_Just_Seen_a_Face.wav,3.08,0.0,30.0,beat_this
beatles_05_Help_12_Ive_Just_Seen_a_Face.wav,3.58,0.0,30.0,beat_this
beatles_05_Help_12_Ive_Just_Seen_a_Face.wav,4.08,0.0,30.0,beat_this
beatles_05_Help_12_Ive_Just_Seen_a_Face.wav,4.56,0.0,30.0,beat_this
beatles_05_Help_12_Ive_Just_Seen_a_Face.wav,5.08,0.0,30.0,beat_this
beatles_05_Help_12_Ive_Just_Seen_a_Face.wav,5.58,0.0,30.0,beat_this
beatles_05_Help_12_Ive_Just_Seen_a_Face.wav,6.08,0.0,30.0,beat_this
beatles_05_Help_12_Ive_Just_Seen_a_Face.wav,6.58,0.0,30.0,beat_this
beatles_05_Help_12_Ive_Just_Seen_a_Face.wav,7.1,0.0,30.0,beat_this
beatles_05_Help_12_Ive_Just_Seen_a_Face.wav,7.6,0.0,30.0,beat_this
beatles_05_Help_12_Ive_Just_Seen_a_Face.wav,8.1,0.0,30.0,beat_this
beatles_05_Help_12_Ive_Just_Seen_a_Face.wav,8.62,0.0,30.0,beat_this
beatles_05_Help_12_Ive_Just_Seen_a_Face.wav,9.12,0.0,30.0,beat_this
beatles_05_Help_12_Ive_Just_Seen_a_Face.wav,9.64,0.0,30.0,beat_this
beatles_05_Help_12_Ive_Just_Seen_a_Face.wav,10.14,0.0,30.0,beat_this
beatles_05_Help_12_Ive_Just_Seen_a_Face.wav,10.64,0.0,30.0,beat_this
beatles_05_Help_12_Ive_Just_Seen_a_Face.wav,11.16,0.0,30.0,beat_this
beatles_05_Help_12_Ive_Just_Seen_a_Face.wav,11.66,0.0,30.0,beat_this
beatles_05_Help_12_Ive_Just_Seen_a_Face.wav,12.16,0.0,30.0,beat_this
beatles_05_Help_12_Ive_Just_Seen_a_Face.wav,12.66,0.0,30.0,beat_this
beatles_05_Help_12_Ive_Just_Seen_a_Face.wav,13.18,0.0,30.0,beat_this
beatles_05_Help_12_Ive_Just_Seen_a_Face.wav,13.68,0.0,30.0,beat_this
beatles_05_Help_12_Ive_Just_Seen_a_Face.wav,14.18,0.0,30.0,beat_this
beatles_05_Help_12_Ive_Just_Seen_a_Face.wav,14.68,0.0,30.0,beat_this
beatles_05_Help_12_Ive_Just_Seen_a_Face.wav,15.2,0.0,30.0,beat_this
beatles_05_Help_12_Ive_Just_Seen_a_Face.wav,15.7,0.0,30.0,beat_this
beatles_05_Help_12_Ive_Just_Seen_a_Face.wav,16.2,0.0,30.0,beat_this
beatles_05_Help_12_Ive_Just_Seen_a_Face.wav,16.68,0.0,30.0,beat_this
beatles_05_Help_12_Ive_Just_Seen_a_Face.wav,17.2,0.0,30.0,beat_this
beatles_05_Help_12_Ive_Just_Seen_a_Face.wav,17.68,0.0,30.0,beat_this
beatles_05_Help_12_Ive_Just_Seen_a_Face.wav,18.2,0.0,30.0,beat_this
beatles_05_Help_12_Ive_Just_Seen_a_Face.wav,18.7,0.0,30.0,beat_this
beatles_05_Help_12_Ive_Just_Seen_a_Face.wav,19.2,0.0,30.0,beat_this
beatles_05_Help_12_Ive_Just_Seen_a_Face.wav,19.7,0.0,30.0,beat_this
beatles_05_Help_12_Ive_Just_Seen_a_Face.wav,20.2,0.0,30.0,beat_this
beatles_05_Help_12_Ive_Just_Seen_a_Face.wav,20.68,0.0,30.0,beat_this
beatles_05_Help_12_Ive_Just_Seen_a_Face.wav,21.18,0.0,30.0,beat_this
beatles_05_Help_12_Ive_Just_Seen_a_Face.wav,21.68,0.0,30.0,beat_this
beatles_05_Help_12_Ive_Just_Seen_a_Face.wav,22.18,0.0,30.0,beat_this
beatles_05_Help_12_Ive_Just_Seen_a_Face.wav,22.66,0.0,30.0,beat_this
beatles_05_Help_12_Ive_Just_Seen_a_Face.wav,23.18,0.0,30.0,beat_this
beatles_05_Help_12_Ive_Just_Seen_a_Face.wav,23.68,0.0,30.0,beat_this
beatles_05_Help_12_Ive_Just_Seen_a_Face.wav,24.2,0.0,30.0,beat_this
beatles_05_Help_12_Ive_Just_Seen_a_Face.wav,24.68,0.0,30.0,beat_this
beatles_05_Help_12_Ive_Just_Seen_a_Face.wav,25.18,0.0,30.0,beat_this
beatles_05_Help_12_Ive_Just_Seen_a_Face.wav,25.68,0.0,30.0,beat_this
beatles_05_Help_12_Ive_Just_Seen_a_Face.wav,26.18,0.0,30.0,beat_this
beatles_05_Help_12_Ive_Just_Seen_a_Face.wav,26.68,0.0,30.0,beat_this
beatles_05_Help_12_Ive_Just_Seen_a_Face.wav,27.18,0.0,30.0,beat_this
beatles_05_Help_12_Ive_Just_Seen_a_Face.wav,27.68,0.0,30.0,beat_this
beatles_05_Help_12_Ive_Just_Seen_a_Face.wav,28.2,0.0,30.0,beat_this
beatles_05_Help_12_Ive_Just_Seen_a_Face.wav,28.7,0.0,30.0,beat_this
beatles_05_Help_12_Ive_Just_Seen_a_Face.wav,29.2,0.0,30.0,beat_this
beatles_05_Help_12_Ive_Just_Seen_a_Face.wav,29.7,0.0,30.0,beat_this
beatles_07_Revolver_06_Yellow_Submarine.wav,0.0,0.0,30.0,beat_this
beatles_07_Revolver_06_Yellow_Submarine.wav,0.54,0.0,30.0,beat_this
beatles_07_Revolver_06_Yellow_Submarine.wav,1.1,0.0,30.0,beat_this
beatles_07_Revolver_06_Yellow_Submarine.wav,1.66,0.0,30.0,beat_this
beatles_07_Revolver_06_Yellow_Submarine.wav,2.22,0.0,30.0,beat_this
beatles_07_Revolver_06_Yellow_Submarine.wav,2.76,0.0,30.0,beat_this
beatles_07_Revolver_06_Yellow_Submarine.wav,3.32,0.0,30.0,beat_this
beatles_07_Revolver_06_Yellow_Submarine.wav,3.9,0.0,30.0,beat_this
beatles_07_Revolver_06_Yellow_Submarine.wav,4.44,0.0,30.0,beat_this
beatles_07_Revolver_06_Yellow_Submarine.wav,4.98,0.0,30.0,beat_this
beatles_07_Revolver_06_Yellow_Submarine.wav,5.56,0.0,30.0,beat_this
beatles_07_Revolver_06_Yellow_Submarine.wav,6.1,0.0,30.0,beat_this
beatles_07_Revolver_06_Yellow_Submarine.wav,6.66,0.0,30.0,beat_this
beatles_07_Revolver_06_Yellow_Submarine.wav,7.2,0.0,30.0,beat_this
beatles_07_Revolver_06_Yellow_Submarine.wav,7.78,0.0,30.0,beat_this
beatles_07_Revolver_06_Yellow_Submarine.wav,8.34,0.0,30.0,beat_this
beatles_07_Revolver_06_Yellow_Submarine.wav,8.88,0.0,30.0,beat_this
beatles_07_Revolver_06_Yellow_Submarine.wav,9.42,0.0,30.0,beat_this
beatles_07_Revolver_06_Yellow_Submarine.wav,9.98,0.0,30.0,beat_this
beatles_07_Revolver_06_Yellow_Submarine.wav,10.5,0.0,30.0,beat_this
beatles_07_Revolver_06_Yellow_Submarine.wav,11.04,0.0,30.0,beat_this
beatles_07_Revolver_06_Yellow_Submarine.wav,11.58,0.0,30.0,beat_this
beatles_07_Revolver_06_Yellow_Submarine.wav,12.14,0.0,30.0,beat_this
beatles_07_Revolver_06_Yellow_Submarine.wav,12.7,0.0,30.0,beat_this
beatles_07_Revolver_06_Yellow_Submarine.wav,13.24,0.0,30.0,beat_this
beatles_07_Revolver_06_Yellow_Submarine.wav,13.78,0.0,30.0,beat_this
beatles_07_Revolver_06_Yellow_Submarine.wav,14.34,0.0,30.0,beat_this
beatles_07_Revolver_06_Yellow_Submarine.wav,14.9,0.0,30.0,beat_this
beatles_07_Revolver_06_Yellow_Submarine.wav,15.44,0.0,30.0,beat_this
beatles_07_Revolver_06_Yellow_Submarine.wav,15.98,0.0,30.0,beat_this
beatles_07_Revolver_06_Yellow_Submarine.wav,16.52,0.0,30.0,beat_this
beatles_07_Revolver_06_Yellow_Submarine.wav,17.06,0.0,30.0,beat_this
beatles_07_Revolver_06_Yellow_Submarine.wav,17.62,0.0,30.0,beat_this
beatles_07_Revolver_06_Yellow_Submarine.wav,18.16,0.0,30.0,beat_this
beatles_07_Revolver_06_Yellow_Submarine.wav,18.7,0.0,30.0,beat_this
beatles_07_Revolver_06_Yellow_Submarine.wav,19.24,0.0,30.0,beat_this
beatles_07_Revolver_06_Yellow_Submarine.wav,19.78,0.0,30.0,beat_this
beatles_07_Revolver_06_Yellow_Submarine.wav,20.34,0.0,30.0,beat_this
beatles_07_Revolver_06_Yellow_Submarine.wav,20.88,0.0,30.0,beat_this
beatles_07_Revolver_06_Yellow_Submarine.wav,21.42,0.0,30.0,beat_this
beatles_07_Revolver_06_Yellow_Submarine.wav,21.98,0.0,30.0,beat_this
beatles_07_Revolver_06_Yellow_Submarine.wav,22.52,0.0,30.0,beat_this
beatles_07_Revolver_06_Yellow_Submarine.wav,23.06,0.0,30.0,beat_this
beatles_07_Revolver_06_Yellow_Submarine.wav,23.62,0.0,30.0,beat_this
beatles_07_Revolver_06_Yellow_Submarine.wav,24.16,0.0,30.0,beat_this
beatles_07_Revolver_06_Yellow_Submarine.wav,24.7,0.0,30.0,beat_this
beatles_07_Revolver_06_Yellow_Submarine.wav,25.26,0.0,30.0,beat_this
beatles_07_Revolver_06_Yellow_Submarine.wav,25.8,0.0,30.0,beat_this
beatles_07_Revolver_06_Yellow_Submarine.wav,26.34,0.0,30.0,beat_this
beatles_07_Revolver_06_Yellow_Submarine.wav,26.88,0.0,30.0,beat_this
beatles_07_Revolver_06_Yellow_Submarine.wav,27.42,0.0,30.0,beat_this
beatles_07_Revolver_06_Yellow_Submarine.wav,27.96,0.0,30.0,beat_this
beatles_07_Revolver_06_Yellow_Submarine.wav,28.52,0.0,30.0,beat_this
beatles_07_Revolver_06_Yellow_Submarine.wav,29.06,0.0,30.0,beat_this
beatles_07_Revolver_06_Yellow_Submarine.wav,29.6,0.0,30.0,beat_this
beatles_07_Revolver_12_I_Want_To_Tell_You.wav,0.28,0.0,30.0,beat_this
beatles_07_Revolver_12_I_Want_To_Tell_You.wav,0.74,0.0,30.0,beat_this
beatles_07_Revolver_12_I_Want_To_Tell_You.wav,1.24,0.0,30.0,beat_this
beatles_07_Revolver_12_I_Want_To_Tell_You.wav,1.7,0.0,30.0,beat_this
beatles_07_Revolver_12_I_Want_To_Tell_You.wav,2.18,0.0,30.0,beat_this
beatles_07_Revolver_12_I_Want_To_Tell_You.wav,2.66,0.0,30.0,beat_this
beatles_07_Revolver_12_I_Want_To_Tell_You.wav,3.16,0.0,30.0,beat_this
beatles_07_Revolver_12_I_Want_To_Tell_You.wav,3.64,0.0,30.0,beat_this
beatles_07_Revolver_12_I_Want_To_Tell_You.wav,4.12,0.0,30.0,beat_this
beatles_07_Revolver_12_I_Want_To_Tell_You.wav,4.62,0.0,30.0,beat_this
beatles_07_Revolver_12_I_Want_To_Tell_You.wav,5.1,0.0,30.0,beat_this
beatles_07_Revolver_12_I_Want_To_Tell_You.wav,5.58,0.0,30.0,beat_this
beatles_07_Revolver_12_I_Want_To_Tell_You.wav,6.06,0.0,30.0,beat_this
beatles_07_Revolver_12_I_Want_To_Tell_You.wav,6.56,0.0,30.0,beat_this
beatles_07_Revolver_12_I_Want_To_Tell_You.wav,7.04,0.0,30.0,beat_this
beatles_07_Revolver_12_I_Want_To_Tell_You.wav,7.52,0.0,30.0,beat_this
beatles_07_Revolver_12_I_Want_To_Tell_You.wav,8.0,0.0,30.0,beat_this
beatles_07_Revolver_12_I_Want_To_Tell_You.wav,8.5,0.0,30.0,beat_this
beatles_07_Revolver_12_I_Want_To_Tell_You.wav,8.98,0.0,30.0,beat_this
beatles_07_Revolver_12_I_Want_To_Tell_You.wav,9.46,0.0,30.0,beat_this
beatles_07_Revolver_12_I_Want_To_Tell_You.wav,9.94,0.0,30.0,beat_this
beatles_07_Revolver_12_I_Want_To_Tell_You.wav,10.42,0.0,30.0,beat_this
beatles_07_Revolver_12_I_Want_To_Tell_You.wav,10.9,0.0,30.0,beat_this
beatles_07_Revolver_12_I_Want_To_Tell_You.wav,11.38,0.0,30.0,beat_this
beatles_07_Revolver_12_I_Want_To_Tell_You.wav,11.84,0.0,30.0,beat_this
beatles_07_Revolver_12_I_Want_To_Tell_You.wav,12.34,0.0,30.0,beat_this
beatles_07_Revolver_12_I_Want_To_Tell_You.wav,12.8,0.0,30.0,beat_this
beatles_07_Revolver_12_I_Want_To_Tell_You.wav,13.28,0.0,30.0,beat_this
beatles_07_Revolver_12_I_Want_To_Tell_You.wav,13.76,0.0,30.0,beat_this
beatles_07_Revolver_12_I_Want_To_Tell_You.wav,14.24,0.0,30.0,beat_this
beatles_07_Revolver_12_I_Want_To_Tell_You.wav,14.7,0.0,30.0,beat_this
beatles_07_Revolver_12_I_Want_To_Tell_You.wav,15.18,0.0,30.0,beat_this
beatles_07_Revolver_12_I_Want_To_Tell_You.wav,15.66,0.0,30.0,beat_this
beatles_07_Revolver_12_I_Want_To_Tell_You.wav,16.14,0.0,30.0,beat_this
beatles_07_Revolver_12_I_Want_To_Tell_You.wav,16.62,0.0,30.0,beat_this
beatles_07_Revolver_12_I_Want_To_Tell_You.wav,17.08,0.0,30.0,beat_this
beatles_07_Revolver_12_I_Want_To_Tell_You.wav,17.56,0.0,30.0,beat_this
beatles_07_Revolver_12_I_Want_To_Tell_You.wav,18.06,0.0,30.0,beat_this
beatles_07_Revolver_12_I_Want_To_Tell_You.wav,18.52,0.0,30.0,beat_this
beatles_07_Revolver_12_I_Want_To_Tell_You.wav,19.0,0.0,30.0,beat_this
beatles_07_Revolver_12_I_Want_To_Tell_You.wav,19.46,0.0,30.0,beat_this
beatles_07_Revolver_12_I_Want_To_Tell_You.wav,19.96,0.0,30.0,beat_this
beatles_07_Revolver_12_I_Want_To_Tell_You.wav,20.42,0.0,30.0,beat_this
beatles_07_Revolver_12_I_Want_To_Tell_You.wav,20.9,0.0,30.0,beat_this
beatles_07_Revolver_12_I_Want_To_Tell_You.wav,21.36,0.0,30.0,beat_this
beatles_07_Revolver_12_I_Want_To_Tell_You.wav,21.84,0.0,30.0,beat_this
beatles_07_Revolver_12_I_Want_To_Tell_You.wav,22.32,0.0,30.0,beat_this
beatles_07_Revolver_12_I_Want_To_Tell_You.wav,22.78,0.0,30.0,beat_this
beatles_07_Revolver_12_I_Want_To_Tell_You.wav,23.26,0.0,30.0,beat_this
beatles_07_Revolver_12_I_Want_To_Tell_You.wav,23.72,0.0,30.0,beat_this
beatles_07_Revolver_12_I_Want_To_Tell_You.wav,24.2,0.0,30.0,beat_this
beatles_07_Revolver_12_I_Want_To_Tell_You.wav,24.66,0.0,30.0,beat_this
beatles_07_Revolver_12_I_Want_To_Tell_You.wav,25.12,0.0,30.0,beat_this
beatles_07_Revolver_12_I_Want_To_Tell_You.wav,25.58,0.0,30.0,beat_this
beatles_07_Revolver_12_I_Want_To_Tell_You.wav,26.06,0.0,30.0,beat_this
beatles_07_Revolver_12_I_Want_To_Tell_You.wav,26.52,0.0,30.0,beat_this
beatles_07_Revolver_12_I_Want_To_Tell_You.wav,27.0,0.0,30.0,beat_this
beatles_07_Revolver_12_I_Want_To_Tell_You.wav,27.48,0.0,30.0,beat_this
beatles_07_Revolver_12_I_Want_To_Tell_You.wav,27.94,0.0,30.0,beat_this
beatles_07_Revolver_12_I_Want_To_Tell_You.wav,28.4,0.0,30.0,beat_this
beatles_07_Revolver_12_I_Want_To_Tell_You.wav,28.88,0.0,30.0,beat_this
beatles_07_Revolver_12_I_Want_To_Tell_You.wav,29.36,0.0,30.0,beat_this
beatles_07_Revolver_12_I_Want_To_Tell_You.wav,29.82,0.0,30.0,beat_this
carnatic1.wav,0.68,0.0,30.0,beat_this
carnatic1.wav,3.26,0.0,30.0,beat_this
carnatic1.wav,3.84,0.0,30.0,beat_this
carnatic1.wav,4.48,0.0,30.0,beat_this
carnatic1.wav,5.1,0.0,30.0,beat_this
carnatic1.wav,5.74,0.0,30.0,beat_this
carnatic1.wav,6.38,0.0,30.0,beat_this
carnatic1.wav,7.0,0.0,30.0,beat_this
carnatic1.wav,7.62,0.0,30.0,beat_this
carnatic1.wav,8.24,0.0,30.0,beat_this
carnatic1.wav,8.84,0.0,30.0,beat_this
carnatic1.wav,9.46,0.0,30.0,beat_this
carnatic1.wav,10.1,0.0,30.0,beat_this
carnatic1.wav,10.72,0.0,30.0,beat_this
carnatic1.wav,11.34,0.0,30.0,beat_this
carnatic1.wav,11.96,0.0,30.0,beat_this
carnatic1.wav,12.58,0.0,30.0,beat_this
carnatic1.wav,13.2,0.0,30.0,beat_this
carnatic1.wav,13.8,0.0,30.0,beat_this
carnatic1.wav,14.42,0.0,30.0,beat_this
carnatic1.wav,15.04,0.0,30.0,beat_this
carnatic1.wav,15.66,0.0,30.0,beat_this
carnatic1.wav,16.3,0.0,30.0,beat_this
carnatic1.wav,16.92,0.0,30.0,beat_this
carnatic1.wav,17.54,0.0,30.0,beat_this
carnatic1.wav,18.18,0.0,30.0,beat_this
carnatic1.wav,18.8,0.0,30.0,beat_this
carnatic1.wav,19.42,0.0,30.0,beat_this
carnatic1.wav,20.06,0.0,30.0,beat_this
carnatic1.wav,20.68,0.0,30.0,beat_this
carnatic1.wav,21.3,0.0,30.0,beat_this
carnatic1.wav,21.94,0.0,30.0,beat_this
carnatic1.wav,22.58,0.0,30.0,beat_this
carnatic1.wav,23.2,0.0,30.0,beat_this
carnatic1.wav,23.8,0.0,30.0,beat_this
carnatic1.wav,24.42,0.0,30.0,beat_this
carnatic1.wav,25.06,0.0,30.0,beat_this
carnatic1.wav,25.68,0.0,30.0,beat_this
carnatic1.wav,26.3,0.0,30.0,beat_this
carnatic1.wav,26.94,0.0,30.0,beat_this
carnatic1.wav,27.58,0.0,30.0,beat_this
carnatic1.wav,28.22,0.0,30.0,beat_this
carnatic1.wav,28.84,0.0,30.0,beat_this
carnatic1.wav,29.16,0.0,30.0,beat_this
carnatic1.wav,29.48,0.0,30.0,beat_this
carnatic2.wav,0.82,0.0,30.0,beat_this
carnatic2.wav,1.54,0.0,30.0,beat_this
carnatic2.wav,2.26,0.0,30.0,beat_this
carnatic2.wav,2.42,0.0,30.0,beat_this
carnatic2.wav,2.72,0.0,30.0,beat_this
carnatic2.wav,2.92,0.0,30.0,beat_this
carnatic2.wav,3.6,0.0,30.0,beat_this
carnatic2.wav,3.7,0.0,30.0,beat_this
carnatic2.wav,4.0,0.0,30.0,beat_this
carnatic2.wav,4.32,0.0,30.0,beat_this
carnatic2.wav,4.64,0.0,30.0,beat_this
carnatic2.wav,5.0,0.0,30.0,beat_this
carnatic2.wav,5.14,0.0,30.0,beat_this
carnatic2.wav,5.32,0.0,30.0,beat_this
carnatic2.wav,5.68,0.0,30.0,beat_this
carnatic2.wav,5.8,0.0,30.0,beat_this
carnatic2.wav,6.44,0.0,30.0,beat_this
carnatic2.wav,7.16,0.0,30.0,beat_this
carnatic2.wav,7.5,0.0,30.0,beat_this
carnatic2.wav,7.84,0.0,30.0,beat_this
carnatic2.wav,8.2,0.0,30.0,beat_this
carnatic2.wav,8.54,0.0,30.0,beat_this
carnatic2.wav,8.88,0.0,30.0,beat_this
carnatic2.wav,9.24,0.0,30.0,beat_this
carnatic2.wav,9.58,0.0,30.0,beat_this
carnatic2.wav,9.94,0.0,30.0,beat_this
carnatic2.wav,10.3,0.0,30.0,beat_this
carnatic2.wav,10.64,0.0,30.0,beat_this
carnatic2.wav,11.0,0.0,30.0,beat_this
carnatic2.wav,11.36,0.0,30.0,beat_this
carnatic2.wav,11.7,0.0,30.0,beat_this
carnatic2.wav,12.04,0.0,30.0,beat_this
carnatic2.wav,12.38,0.0,30.0,beat_this
carnatic2.wav,12.74,0.0,30.0,beat_this
carnatic2.wav,13.1,0.0,30.0,beat_this
carnatic2.wav,13.44,0.0,30.0,beat_this
carnatic2.wav,13.8,0.0,30.0,beat_this
carnatic2.wav,14.14,0.0,30.0,beat_this
carnatic2.wav,14.5,0.0,30.0,beat_this
carnatic2.wav,14.84,0.0,30.0,beat_this
carnatic2.wav,15.2,0.0,30.0,beat_this
carnatic2.wav,15.56,0.0,30.0,beat_this
carnatic2.wav,15.92,0.0,30.0,beat_this
carnatic2.wav,16.26,0.0,30.0,beat_this
carnatic2.wav,16.64,0.0,30.0,beat_this
carnatic2.wav,16.98,0.0,30.0,beat_this
carnatic2.wav,17.34,0.0,30.0,beat_this
carnatic2.wav,17.68,0.0,30.0,beat_this
carnatic2.wav,18.04,0.0,30.0,beat_this
carnatic2.wav,18.4,0.0,30.0,beat_this
carnatic2.wav,18.74,0.0,30.0,beat_this
carnatic2.wav,19.1,0.0,30.0,beat_this
carnatic2.wav,19.44,0.0,30.0,beat_this
carnatic2.wav,19.82,0.0,30.0,beat_this
carnatic2.wav,20.18,0.0,30.0,beat_this
carnatic2.wav,20.52,0.0,30.0,beat_this
carnatic2.wav,20.88,0.0,30.0,beat_this
carnatic2.wav,21.24,0.0,30.0,beat_this
carnatic2.wav,21.58,0.0,30.0,beat_this
carnatic2.wav,21.94,0.0,30.0,beat_this
carnatic2.wav,22.28,0.0,30.0,beat_this
carnatic2.wav,22.64,0.0,30.0,beat_this
carnatic2.wav,23.0,0.0,30.0,beat_this
carnatic2.wav,23.34,0.0,30.0,beat_this
carnatic2.wav,23.7,0.0,30.0,beat_this
carnatic2.wav,24.06,0.0,30.0,beat_this
carnatic2.wav,24.4,0.0,30.0,beat_this
carnatic2.wav,24.76,0.0,30.0,beat_this
carnatic2.wav,25.12,0.0,30.0,beat_this
carnatic2.wav,25.48,0.0,30.0,beat_this
carnatic2.wav,25.84,0.0,30.0,beat_this
carnatic2.wav,26.2,0.0,30.0,beat_this
carnatic2.wav,26.56,0.0,30.0,beat_this
carnatic2.wav,26.92,0.0,30.0,beat_this
carnatic2.wav,27.28,0.0,30.0,beat_this
carnatic2.wav,27.64,0.0,30.0,beat_this
carnatic2.wav,27.98,0.0,30.0,beat_this
carnatic2.wav,28.34,0.0,30.0,beat_this
carnatic2.wav,28.7,0.0,30.0,beat_this
carnatic2.wav,29.06,0.0,30.0,beat_this
carnatic2.wav,29.42,0.0,30.0,beat_this
carnatic2.wav,29.76,0.0,30.0,beat_this
carnatic3.wav,0.32,0.0,30.0,beat_this
carnatic3.wav,1.2,0.0,30.0,beat_this
carnatic3.wav,1.88,0.0,30.0,beat_this
carnatic3.wav,2.54,0.0,30.0,beat_this
carnatic3.wav,3.36,0.0,30.0,beat_this
carnatic3.wav,3.44,0.0,30.0,beat_this
carnatic3.wav,4.8,0.0,30.0,beat_this
carnatic3.wav,5.98,0.0,30.0,beat_this
carnatic3.wav,6.58,0.0,30.0,beat_this
carnatic3.wav,7.22,0.0,30.0,beat_this
carnatic3.wav,7.9,0.0,30.0,beat_this
carnatic3.wav,8.36,0.0,30.0,beat_this
carnatic3.wav,8.8,0.0,30.0,beat_this
carnatic3.wav,9.26,0.0,30.0,beat_this
carnatic3.wav,9.7,0.0,30.0,beat_this
carnatic3.wav,10.12,0.0,30.0,beat_this
carnatic3.wav,10.56,0.0,30.0,beat_this
carnatic3.wav,11.02,0.0,30.0,beat_this
carnatic3.wav,11.48,0.0,30.0,beat_this
carnatic3.wav,11.92,0.0,30.0,beat_this
carnatic3.wav,12.38,0.0,30.0,beat_this
carnatic3.wav,12.82,0.0,30.0,beat_this
carnatic3.wav,13.28,0.0,30.0,beat_this
carnatic3.wav,13.74,0.0,30.0,beat_this
carnatic3.wav,14.18,0.0,30.0,beat_this
carnatic3.wav,14.64,0.0,30.0,beat_this
carnatic3.wav,15.08,0.0,30.0,beat_this
carnatic3.wav,15.52,0.0,30.0,beat_this
carnatic3.wav,15.96,0.0,30.0,beat_this
carnatic3.wav,16.42,0.0,30.0,beat_this
carnatic3.wav,16.86,0.0,30.0,beat_this
carnatic3.wav,17.3,0.0,30.0,beat_this
carnatic3.wav,17.76,0.0,30.0,beat_this
carnatic3.wav,18.2,0.0,30.0,beat_this
carnatic3.wav,18.66,0.0,30.0,beat_this
carnatic3.wav,19.08,0.0,30.0,beat_this
carnatic3.wav,19.52,0.0,30.0,beat_this
carnatic3.wav,19.92,0.0,30.0,beat_this
carnatic3.wav,20.8,0.0,30.0,beat_this
carnatic3.wav,21.24,0.0,30.0,beat_this
carnatic3.wav,21.68,0.0,30.0,beat_this
carnatic3.wav,22.1,0.0,30.0,beat_this
carnatic3.wav,22.54,0.0,30.0,beat_this
carnatic3.wav,23.0,0.0,30.0,beat_this
carnatic3.wav,23.46,0.0,30.0,beat_this
carnatic3.wav,23.9,0.0,30.0,beat_this
carnatic3.wav,24.34,0.0,30.0,beat_this
carnatic3.wav,24.8,0.0,30.0,beat_this
carnatic3.wav,25.26,0.0,30.0,beat_this
carnatic3.wav,25.72,0.0,30.0,beat_this
carnatic3.wav,26.18,0.0,30.0,beat_this
carnatic3.wav,26.64,0.0,30.0,beat_this
carnatic3.wav,27.1,0.0,30.0,beat_this
carnatic3.wav,27.56,0.0,30.0,beat_this
carnatic3.wav,28.02,0.0,30.0,beat_this
carnatic3.wav,28.48,0.0,30.0,beat_this
carnatic3.wav,28.94,0.0,30.0,beat_this
carnatic3.wav,29.4,0.0,30.0,beat_this
carnatic3.wav,29.88,0.0,30.0,beat_this
carnatic4.wav,7.08,0.0,30.0,beat_this
carnatic4.wav,7.92,0.0,30.0,beat_this
carnatic4.wav,8.76,0.0,30.0,beat_this
carnatic4.wav,9.54,0.0,30.0,beat_this
carnatic4.wav,10.34,0.0,30.0,beat_this
carnatic4.wav,11.14,0.0,30.0,beat_this
carnatic4.wav,11.94,0.0,30.0,beat_this
carnatic4.wav,12.76,0.0,30.0,beat_this
carnatic4.wav,13.16,0.0,30.0,beat_this
carnatic4.wav,13.98,0.0,30.0,beat_this
carnatic4.wav,14.82,0.0,30.0,beat_this
carnatic4.wav,15.62,0.0,30.0,beat_this
carnatic4.wav,16.44,0.0,30.0,beat_this
carnatic4.wav,16.86,0.0,30.0,beat_this
carnatic4.wav,17.26,0.0,30.0,beat_this
carnatic4.wav,18.06,0.0,30.0,beat_this
carnatic4.wav,18.48,0.0,30.0,beat_this
carnatic4.wav,18.88,0.0,30.0,beat_this
carnatic4.wav,19.28,0.0,30.0,beat_this
carnatic4.wav,20.48,0.0,30.0,beat_this
carnatic4.wav,21.26,0.0,30.0,beat_this
carnatic4.wav,21.66,0.0,30.0,beat_this
carnatic4.wav,22.08,0.0,30.0,beat_this
carnatic4.wav,22.88,0.0,30.0,beat_this
carnatic4.wav,23.68,0.0,30.0,beat_this
carnatic4.wav,24.5,0.0,30.0,beat_this
carnatic4.wav,25.3,0.0,30.0,beat_this
carnatic4.wav,26.12,0.0,30.0,beat_this
carnatic4.wav,26.94,0.0,30.0,beat_this
carnatic4.wav,27.72,0.0,30.0,beat_this
carnatic4.wav,28.52,0.0,30.0,beat_this
carnatic4.wav,29.3,0.0,30.0,beat_this
cretan1.wav,0.0,0.0,30.0,beat_this
cretan1.wav,0.42,0.0,30.0,beat_this
cretan1.wav,0.84,0.0,30.0,beat_this
cretan1.wav,1.28,0.0,30.0,beat_this
cretan1.wav,1.68,0.0,30.0,beat_this
cretan1.wav,2.12,0.0,30.0,beat_this
cretan1.wav,2.54,0.0,30.0,beat_this
cretan1.wav,2.98,0.0,30.0,beat_this
cretan1.wav,3.4,0.0,30.0,beat_this
cretan1.wav,3.82,0.0,30.0,beat_this
cretan1.wav,4.26,0.0,30.0,beat_this
cretan1.wav,4.68,0.0,30.0,beat_this
cretan1.wav,5.12,0.0,30.0,beat_this
cretan1.wav,5.54,0.0,30.0,beat_this
cretan1.wav,5.96,0.0,30.0,beat_this
cretan1.wav,6.38,0.0,30.0,beat_this
cretan1.wav,6.8,0.0,30.0,beat_this
cretan1.wav,7.24,0.0,30.0,beat_this
cretan1.wav,7.66,0.0,30.0,beat_this
cretan1.wav,8.08,0.0,30.0,beat_this
cretan1.wav,8.5,0.0,30.0,beat_this
cretan1.wav,8.94,0.0,30.0,beat_this
cretan1.wav,9.36,0.0,30.0,beat_this
cretan1.wav,9.78,0.0,30.0,beat_this
cretan1.wav,10.2,0.0,30.0,beat_this
cretan1.wav,10.64,0.0,30.0,beat_this
cretan1.wav,11.04,0.0,30.0,beat_this
cretan1.wav,11.48,0.0,30.0,beat_this
cretan1.wav,11.9,0.0,30.0,beat_this
cretan1.wav,12.32,0.0,30.0,beat_this
cretan1.wav,12.76,0.0,30.0,beat_this
cretan1.wav,13.18,0.0,30.0,beat_this
cretan1.wav,13.6,0.0,30.0,beat_this
cretan1.wav,14.02,0.0,30.0,beat_this
cretan1.wav,14.44,0.0,30.0,beat_this
cretan1.wav,14.86,0.0,30.0,beat_this
cretan1.wav,15.28,0.0,30.0,beat_this
cretan1.wav,15.72,0.0,30.0,beat_this
cretan1.wav,16.14,0.0,30.0,beat_this
cretan1.wav,16.56,0.0,30.0,beat_this
cretan1.wav,16.96,0.0,30.0,beat_this
cretan1.wav,17.4,0.0,30.0,beat_this
cretan1.wav,17.8,0.0,30.0,beat_this
cretan1.wav,18.22,0.0,30.0,beat_this
cretan1.wav,18.64,0.0,30.0,beat_this
cretan1.wav,19.06,0.0,30.0,beat_this
cretan1.wav,19.48,0.0,30.0,beat_this
cretan1.wav,19.9,0.0,30.0,beat_this
cretan1.wav,20.32,0.0,30.0,beat_this
cretan1.wav,20.76,0.0,30.0,beat_this
cretan1.wav,21.18,0.0,30.0,beat_this
cretan1.wav,21.6,0.0,30.0,beat_this
cretan1.wav,22.02,0.0,30.0,beat_this
cretan1.wav,22.44,0.0,30.0,beat_this
cretan1.wav,22.86,0.0,30.0,beat_this
cretan1.wav,23.3,0.0,30.0,beat_this
cretan1.wav,23.7,0.0,30.0,beat_this
cretan1.wav,24.14,0.0,30.0,beat_this
cretan1.wav,24.56,0.0,30.0,beat_this
cretan1.wav,24.96,0.0,30.0,beat_this
cretan1.wav,25.4,0.0,30.0,beat_this
cretan1.wav,25.82,0.0,30.0,beat_this
cretan1.wav,26.24,0.0,30.0,beat_this
cretan1.wav,26.66,0.0,30.0,beat_this
cretan1.wav,27.08,0.0,30.0,beat_this
cretan1.wav,27.52,0.0,30.0,beat_this
cretan1.wav,27.94,0.0,30.0,beat_this
cretan1.wav,28.34,0.0,30.0,beat_this
cretan1.wav,28.78,0.0,30.0,beat_this
cretan1.wav,29.2,0.0,30.0,beat_this
cretan1.wav,29.62,0.0,30.0,beat_this
cretan2.wav,0.02,0.0,30.0,beat_this
cretan2.wav,0.26,0.0,30.0,beat_this
cretan2.wav,0.72,0.0,30.0,beat_this
cretan2.wav,1.18,0.0,30.0,beat_this
cretan2.wav,1.66,0.0,30.0,beat_this
cretan2.wav,2.1,0.0,30.0,beat_this
cretan2.wav,2.56,0.0,30.0,beat_this
cretan2.wav,3.02,0.0,30.0,beat_this
cretan2.wav,3.48,0.0,30.0,beat_this
cretan2.wav,3.94,0.0,30.0,beat_this
cretan2.wav,4.4,0.0,30.0,beat_this
cretan2.wav,4.86,0.0,30.0,beat_this
cretan2.wav,5.3,0.0,30.0,beat_this
cretan2.wav,5.78,0.0,30.0,beat_this
cretan2.wav,6.22,0.0,30.0,beat_this
cretan2.wav,6.68,0.0,30.0,beat_this
cretan2.wav,7.12,0.0,30.0,beat_this
cretan2.wav,7.56,0.0,30.0,beat_this
cretan2.wav,8.02,0.0,30.0,beat_this
cretan2.wav,8.48,0.0,30.0,beat_this
cretan2.wav,8.92,0.0,30.0,beat_this
cretan2.wav,9.36,0.0,30.0,beat_this
cretan2.wav,9.8,0.0,30.0,beat_this
cretan2.wav,10.26,0.0,30.0,beat_this
cretan2.wav,10.7,0.0,30.0,beat_this
cretan2.wav,11.14,0.0,30.0,beat_this
cretan2.wav,11.58,0.0,30.0,beat_this
cretan2.wav,12.02,0.0,30.0,beat_this
cretan2.wav,12.46,0.0,30.0,beat_this
cretan2.wav,12.92,0.0,30.0,beat_this
cretan2.wav,13.36,0.0,30.0,beat_this
cretan2.wav,13.78,0.0,30.0,beat_this
cretan2.wav,14.2,0.0,30.0,beat_this
cretan2.wav,14.64,0.0,30.0,beat_this
cretan2.wav,15.08,0.0,30.0,beat_this
cretan2.wav,15.52,0.0,30.0,beat_this
cretan2.wav,15.96,0.0,30.0,beat_this
cretan2.wav,16.4,0.0,30.0,beat_this
cretan2.wav,16.84,0.0,30.0,beat_this
cretan2.wav,17.28,0.0,30.0,beat_this
cretan2.wav,17.72,0.0,30.0,beat_this
cretan2.wav,18.16,0.0,30.0,beat_this
cretan2.wav,18.6,0.0,30.0,beat_this
cretan2.wav,19.02,0.0,30.0,beat_this
cretan2.wav,19.46,0.0,30.0,beat_this
cretan2.wav,19.9,0.0,30.0,beat_this
cretan2.wav,20.34,0.0,30.0,beat_this
cretan2.wav,20.76,0.0,30.0,beat_this
cretan2.wav,21.22,0.0,30.0,beat_this
cretan2.wav,21.64,0.0,30.0,beat_this
cretan2.wav,22.08,0.0,30.0,beat_this
cretan2.wav,22.52,0.0,30.0,beat_this
cretan2.wav,22.94,0.0,30.0,beat_this
cretan2.wav,23.38,0.0,30.0,beat_this
cretan2.wav,23.8,0.0,30.0,beat_this
cretan2.wav,24.24,0.0,30.0,beat_this
cretan2.wav,24.68,0.0,30.0,beat_this
cretan2.wav,25.1,0.0,30.0,beat_this
cretan2.wav,25.54,0.0,30.0,beat_this
cretan2.wav,25.96,0.0,30.0,beat_this
cretan2.wav,26.4,0.0,30.0,beat_this
cretan2.wav,26.82,0.0,30.0,beat_this
cretan2.wav,27.26,0.0,30.0,beat_this
cretan2.wav,27.7,0.0,30.0,beat_this
cretan2.wav,28.14,0.0,30.0,beat_this
cretan2.wav,28.56,0.0,30.0,beat_this
cretan2.wav,28.98,0.0,30.0,beat_this
cretan2.wav,29.4,0.0,30.0,beat_this
cretan2.wav,29.86,0.0,30.0,beat_this
cretan3.wav,0.0,0.0,30.0,beat_this
cretan3.wav,0.5,0.0,30.0,beat_this
cretan3.wav,1.02,0.0,30.0,beat_this
cretan3.wav,1.54,0.0,30.0,beat_this
cretan3.wav,2.08,0.0,30.0,beat_this
cretan3.wav,2.58,0.0,30.0,beat_this
cretan3.wav,3.1,0.0,30.0,beat_this
cretan3.wav,3.64,0.0,30.0,beat_this
cretan3.wav,4.16,0.0,30.0,beat_this
cretan3.wav,4.66,0.0,30.0,beat_this
cretan3.wav,5.18,0.0,30.0,beat_this
cretan3.wav,5.7,0.0,30.0,beat_this
cretan3.wav,6.22,0.0,30.0,beat_this
cretan3.wav,6.74,0.0,30.0,beat_this
cretan3.wav,7.24,0.0,30.0,beat_this
cretan3.wav,7.76,0.0,30.0,beat_this
cretan3.wav,8.28,0.0,30.0,beat_this
cretan3.wav,8.78,0.0,30.0,beat_this
cretan3.wav,9.3,0.0,30.0,beat_this
cretan3.wav,9.82,0.0,30.0,beat_this
cretan3.wav,10.36,0.0,30.0,beat_this
cretan3.wav,10.88,0.0,30.0,beat_this
cretan3.wav,11.42,0.0,30.0,beat_this
cretan3.wav,11.94,0.0,30.0,beat_this
cretan3.wav,12.46,0.0,30.0,beat_this
cretan3.wav,12.96,0.0,30.0,beat_this
cretan3.wav,13.48,0.0,30.0,beat_this
cretan3.wav,13.98,0.0,30.0,beat_this
cretan3.wav,14.5,0.0,30.0,beat_this
cretan3.wav,15.0,0.0,30.0,beat_this
cretan3.wav,15.52,0.0,30.0,beat_this
cretan3.wav,16.02,0.0,30.0,beat_this
cretan3.wav,16.54,0.0,30.0,beat_this
cretan3.wav,17.06,0.0,30.0,beat_this
cretan3.wav,17.56,0.0,30.0,beat_this
cretan3.wav,18.08,0.0,30.0,beat_this
cretan3.wav,18.58,0.0,30.0,beat_this
cretan3.wav,19.08,0.0,30.0,beat_this
cretan3.wav,19.6,0.0,30.0,beat_this
cretan3.wav,20.1,0.0,30.0,beat_this
cretan3.wav,20.6,0.0,30.0,beat_this
cretan3.wav,21.12,0.0,30.0,beat_this
cretan3.wav,21.62,0.0,30.0,beat_this
cretan3.wav,22.12,0.0,30.0,beat_this
cretan3.wav,22.62,0.0,30.0,beat_this
cretan3.wav,23.14,0.0,30.0,beat_this
cretan3.wav,23.64,0.0,30.0,beat_this
cretan3.wav,24.14,0.0,30.0,beat_this
cretan3.wav,24.64,0.0,30.0,beat_this
cretan3.wav,25.14,0.0,30.0,beat_this
cretan3.wav,25.64,0.0,30.0,beat_this
cretan3.wav,26.12,0.0,30.0,beat_this
cretan3.wav,26.64,0.0,30.0,beat_this
cretan3.wav,27.12,0.0,30.0,beat_this
cretan3.wav,27.64,0.0,30.0,beat_this
cretan3.wav,28.14,0.0,30.0,beat_this
cretan3.wav,28.64,0.0,30.0,beat_this
cretan3.wav,29.16,0.0,30.0,beat_this
cretan3.wav,29.68,0.0,30.0,beat_this
csic.1995_ansina1_01.wav,0.0,0.0,30.0,beat_this
csic.1995_ansina1_01.wav,0.46,0.0,30.0,beat_this
csic.1995_ansina1_01.wav,0.9,0.0,30.0,beat_this
csic.1995_ansina1_01.wav,1.34,0.0,30.0,beat_this
csic.1995_ansina1_01.wav,1.78,0.0,30.0,beat_this
csic.1995_ansina1_01.wav,2.24,0.0,30.0,beat_this
csic.1995_ansina1_01.wav,2.68,0.0,30.0,beat_this
csic.1995_ansina1_01.wav,3.12,0.0,30.0,beat_this
csic.1995_ansina1_01.wav,3.56,0.0,30.0,beat_this
csic.1995_ansina1_01.wav,4.0,0.0,30.0,beat_this
csic.1995_ansina1_01.wav,4.46,0.0,30.0,beat_this
csic.1995_ansina1_01.wav,4.9,0.0,30.0,beat_this
csic.1995_ansina1_01.wav,5.34,0.0,30.0,beat_this
csic.1995_ansina1_01.wav,5.8,0.0,30.0,beat_this
csic.1995_ansina1_01.wav,6.24,0.0,30.0,beat_this
csic.1995_ansina1_01.wav,6.7,0.0,30.0,beat_this
csic.1995_ansina1_01.wav,7.14,0.0,30.0,beat_this
csic.1995_ansina1_01.wav,7.6,0.0,30.0,beat_this
csic.1995_ansina1_01.wav,8.04,0.0,30.0,beat_this
csic.1995_ansina1_01.wav,8.5,0.0,30.0,beat_this
csic.1995_ansina1_01.wav,8.94,0.0,30.0,beat_this
csic.1995_ansina1_01.wav,9.38,0.0,30.0,beat_this
csic.1995_ansina1_01.wav,9.82,0.0,30.0,beat_this
csic.1995_ansina1_01.wav,10.28,0.0,30.0,beat_this
csic.1995_ansina1_01.wav,10.72,0.0,30.0,beat_this
csic.1995_ansina1_01.wav,11.18,0.0,30.0,beat_this
csic.1995_ansina1_01.wav,11.62,0.0,30.0,beat_this
csic.1995_ansina1_01.wav,12.06,0.0,30.0,beat_this
csic.1995_ansina1_01.wav,12.5,0.0,30.0,beat_this
csic.1995_ansina1_01.wav,12.94,0.0,30.0,beat_this
csic.1995_ansina1_01.wav,13.4,0.0,30.0,beat_this
csic.1995_ansina1_01.wav,13.82,0.0,30.0,beat_this
csic.1995_ansina1_01.wav,14.28,0.0,30.0,beat_this
csic.1995_ansina1_01.wav,14.72,0.0,30.0,beat_this
csic.1995_ansina1_01.wav,15.16,0.0,30.0,beat_this
csic.1995_ansina1_01.wav,15.6,0.0,30.0,beat_this
csic.1995_ansina1_01.wav,16.04,0.0,30.0,beat_this
csic.1995_ansina1_01.wav,16.48,0.0,30.0,beat_this
csic.1995_ansina1_01.wav,16.94,0.0,30.0,beat_this
csic.1995_ansina1_01.wav,17.38,0.0,30.0,beat_this
csic.1995_ansina1_01.wav,17.82,0.0,30.0,beat_this
csic.1995_ansina1_01.wav,18.26,0.0,30.0,beat_this
csic.1995_ansina1_01.wav,18.72,0.0,30.0,beat_this
csic.1995_ansina1_01.wav,19.16,0.0,30.0,beat_this
csic.1995_ansina1_01.wav,19.6,0.0,30.0,beat_this
csic.1995_ansina1_01.wav,20.04,0.0,30.0,beat_this
csic.1995_ansina1_01.wav,20.5,0.0,30.0,beat_this
csic.1995_ansina1_01.wav,20.94,0.0,30.0,beat_this
csic.1995_ansina1_01.wav,21.38,0.0,30.0,beat_this
csic.1995_ansina1_01.wav,21.82,0.0,30.0,beat_this
csic.1995_ansina1_01.wav,22.26,0.0,30.0,beat_this
csic.1995_ansina1_01.wav,22.7,0.0,30.0,beat_this
csic.1995_ansina1_01.wav,23.14,0.0,30.0,beat_this
csic.1995_ansina1_01.wav,23.58,0.0,30.0,beat_this
csic.1995_ansina1_01.wav,24.04,0.0,30.0,beat_this
csic.1995_ansina1_01.wav,24.48,0.0,30.0,beat_this
csic.1995_ansina1_01.wav,24.92,0.0,30.0,beat_this
csic.1995_ansina1_01.wav,25.36,0.0,30.0,beat_this
csic.1995_ansina1_01.wav,25.82,0.0,30.0,beat_this
csic.1995_ansina1_01.wav,26.26,0.0,30.0,beat_this
csic.1995_ansina1_01.wav,26.7,0.0,30.0,beat_this
csic.1995_ansina1_01.wav,27.14,0.0,30.0,beat_this
csic.1995_ansina1_01.wav,27.58,0.0,30.0,beat_this
csic.1995_ansina1_01.wav,28.02,0.0,30.0,beat_this
csic.1995_ansina1_01.wav,28.48,0.0,30.0,beat_this
csic.1995_ansina1_01.wav,28.92,0.0,30.0,beat_this
csic.1995_ansina1_01.wav,29.36,0.0,30.0,beat_this
csic.1995_ansina1_01.wav,29.8,0.0,30.0,beat_this
csic.1995_ansina1_02.wav,0.0,0.0,30.0,beat_this
csic.1995_ansina1_02.wav,0.46,0.0,30.0,beat_this
csic.1995_ansina1_02.wav,0.9,0.0,30.0,beat_this
csic.1995_ansina1_02.wav,1.34,0.0,30.0,beat_this
csic.1995_ansina1_02.wav,1.78,0.0,30.0,beat_this
csic.1995_ansina1_02.wav,2.22,0.0,30.0,beat_this
csic.1995_ansina1_02.wav,2.66,0.0,30.0,beat_this
csic.1995_ansina1_02.wav,3.12,0.0,30.0,beat_this
csic.1995_ansina1_02.wav,3.56,0.0,30.0,beat_this
csic.1995_ansina1_02.wav,4.0,0.0,30.0,beat_this
csic.1995_ansina1_02.wav,4.46,0.0,30.0,beat_this
csic.1995_ansina1_02.wav,4.9,0.0,30.0,beat_this
csic.1995_ansina1_02.wav,5.36,0.0,30.0,beat_this
csic.1995_ansina1_02.wav,5.8,0.0,30.0,beat_this
csic.1995_ansina1_02.wav,6.24,0.0,30.0,beat_this
csic.1995_ansina1_02.wav,6.7,0.0,30.0,beat_this
csic.1995_ansina1_02.wav,7.14,0.0,30.0,beat_this
csic.1995_ansina1_02.wav,7.6,0.0,30.0,beat_this
csic.1995_ansina1_02.wav,8.04,0.0,30.0,beat_this
csic.1995_ansina1_02.wav,8.48,0.0,30.0,beat_this
csic.1995_ansina1_02.wav,8.94,0.0,30.0,beat_this
csic.1995_ansina1_02.wav,9.38,0.0,30.0,beat_this
csic.1995_ansina1_02.wav,9.82,0.0,30.0,beat_this
csic.1995_ansina1_02.wav,10.28,0.0,30.0,beat_this
csic.1995_ansina1_02.wav,10.72,0.0,30.0,beat_this
csic.1995_ansina1_02.wav,11.18,0.0,30.0,beat_this
csic.1995_ansina1_02.wav,11.62,0.0,30.0,beat_this
csic.1995_ansina1_02.wav,12.08,0.0,30.0,beat_this
csic.1995_ansina1_02.wav,12.52,0.0,30.0,beat_this
csic.1995_ansina1_02.wav,12.96,0.0,30.0,beat_this
csic.1995_ansina1_02.wav,13.4,0.0,30.0,beat_this
csic.1995_ansina1_02.wav,13.86,0.0,30.0,beat_this
csic.1995_ansina1_02.wav,14.3,0.0,30.0,beat_this
csic.1995_ansina1_02.wav,14.74,0.0,30.0,beat_this
csic.1995_ansina1_02.wav,15.2,0.0,30.0,beat_this
csic.1995_ansina1_02.wav,15.66,0.0,30.0,beat_this
csic.1995_ansina1_02.wav,16.1,0.0,30.0,beat_this
csic.1995_ansina1_02.wav,16.56,0.0,30.0,beat_this
csic.1995_ansina1_02.wav,17.0,0.0,30.0,beat_this
csic.1995_ansina1_02.wav,17.44,0.0,30.0,beat_this
csic.1995_ansina1_02.wav,17.88,0.0,30.0,beat_this
csic.1995_ansina1_02.wav,18.34,0.0,30.0,beat_this
csic.1995_ansina1_02.wav,18.78,0.0,30.0,beat_this
csic.1995_ansina1_02.wav,19.24,0.0,30.0,beat_this
csic.1995_ansina1_02.wav,19.68,0.0,30.0,beat_this
csic.1995_ansina1_02.wav,20.14,0.0,30.0,beat_this
csic.1995_ansina1_02.wav,20.58,0.0,30.0,beat_this
csic.1995_ansina1_02.wav,21.02,0.0,30.0,beat_this
csic.1995_ansina1_02.wav,21.46,0.0,30.0,beat_this
csic.1995_ansina1_02.wav,21.92,0.0,30.0,beat_this
csic.1995_ansina1_02.wav,22.36,0.0,30.0,beat_this
csic.1995_ansina1_02.wav,22.82,0.0,30.0,beat_this
csic.1995_ansina1_02.wav,23.26,0.0,30.0,beat_this
csic.1995_ansina1_02.wav,23.72,0.0,30.0,beat_this
csic.1995_ansina1_02.wav,24.16,0.0,30.0,beat_this
csic.1995_ansina1_02.wav,24.6,0.0,30.0,beat_this
csic.1995_ansina1_02.wav,25.06,0.0,30.0,beat_this
csic.1995_ansina1_02.wav,25.5,0.0,30.0,beat_this
csic.1995_ansina1_02.wav,25.94,0.0,30.0,beat_this
csic.1995_ansina1_02.wav,26.4,0.0,30.0,beat_this
csic.1995_ansina1_02.wav,26.86,0.0,30.0,beat_this
csic.1995_ansina1_02.wav,27.3,0.0,30.0,beat_this
csic.1995_ansina1_02.wav,27.76,0.0,30.0,beat_this
csic.1995_ansina1_02.wav,28.2,0.0,30.0,beat_this
csic.1995_ansina1_02.wav,28.66,0.0,30.0,beat_this
csic.1995_ansina1_02.wav,29.12,0.0,30.0,beat_this
csic.1995_ansina1_02.wav,29.56,0.0,30.0,beat_this
csic.1995_ansina1_02.wav,30.0,0.0,30.0,beat_this
csic.1995_ansina2_01.wav,0.04,0.0,30.0,beat_this
csic.1995_ansina2_01.wav,0.48,0.0,30.0,beat_this
csic.1995_ansina2_01.wav,0.94,0.0,30.0,beat_this
csic.1995_ansina2_01.wav,1.38,0.0,30.0,beat_this
csic.1995_ansina2_01.wav,1.82,0.0,30.0,beat_this
csic.1995_ansina2_01.wav,2.28,0.0,30.0,beat_this
csic.1995_ansina2_01.wav,2.72,0.0,30.0,beat_this
csic.1995_ansina2_01.wav,3.18,0.0,30.0,beat_this
csic.1995_ansina2_01.wav,3.62,0.0,30.0,beat_this
csic.1995_ansina2_01.wav,4.08,0.0,30.0,beat_this
csic.1995_ansina2_01.wav,4.52,0.0,30.0,beat_this
csic.1995_ansina2_01.wav,4.96,0.0,30.0,beat_this
csic.1995_ansina2_01.wav,5.42,0.0,30.0,beat_this
csic.1995_ansina2_01.wav,5.86,0.0,30.0,beat_this
csic.1995_ansina2_01.wav,6.32,0.0,30.0,beat_this
csic.1995_ansina2_01.wav,6.76,0.0,30.0,beat_this
csic.1995_ansina2_01.wav,7.2,0.0,30.0,beat_this
csic.1995_ansina2_01.wav,7.66,0.0,30.0,beat_this
csic.1995_ansina2_01.wav,8.12,0.0,30.0,beat_this
csic.1995_ansina2_01.wav,8.56,0.0,30.0,beat_this
csic.1995_ansina2_01.wav,9.02,0.0,30.0,beat_this
csic.1995_ansina2_01.wav,9.46,0.0,30.0,beat_this
csic.1995_ansina2_01.wav,9.9,0.0,30.0,beat_this
csic.1995_ansina2_01.wav,10.36,0.0,30.0,beat_this
csic.1995_ansina2_01.wav,10.8,0.0,30.0,beat_this
csic.1995_ansina2_01.wav,11.26,0.0,30.0,beat_this
csic.1995_ansina2_01.wav,11.7,0.0,30.0,beat_this
csic.1995_ansina2_01.wav,12.14,0.0,30.0,beat_this
csic.1995_ansina2_01.wav,12.58,0.0,30.0,beat_this
csic.1995_ansina2_01.wav,13.02,0.0,30.0,beat_this
csic.1995_ansina2_01.wav,13.48,0.0,30.0,beat_this
csic.1995_ansina2_01.wav,13.92,0.0,30.0,beat_this
csic.1995_ansina2_01.wav,14.36,0.0,30.0,beat_this
csic.1995_ansina2_01.wav,14.8,0.0,30.0,beat_this
csic.1995_ansina2_01.wav,15.26,0.0,30.0,beat_this
csic.1995_ansina2_01.wav,15.7,0.0,30.0,beat_this
csic.1995_ansina2_01.wav,16.16,0.0,30.0,beat_this
csic.1995_ansina2_01.wav,16.6,0.0,30.0,beat_this
csic.1995_ansina2_01.wav,17.06,0.0,30.0,beat_this
csic.1995_ansina2_01.wav,17.5,0.0,30.0,beat_this
csic.1995_ansina2_01.wav,17.96,0.0,30.0,beat_this
csic.1995_ansina2_01.wav,18.4,0.0,30.0,beat_this
csic.1995_ansina2_01.wav,18.86,0.0,30.0,beat_this
csic.1995_ansina2_01.wav,19.3,0.0,30.0,beat_this
csic.1995_ansina2_01.wav,19.74,0.0,30.0,beat_this
csic.1995_ansina2_01.wav,20.2,0.0,30.0,beat_this
csic.1995_ansina2_01.wav,20.64,0.0,30.0,beat_this
csic.1995_ansina2_01.wav,21.1,0.0,30.0,beat_this
csic.1995_ansina2_01.wav,21.54,0.0,30.0,beat_this
csic.1995_ansina2_01.wav,21.98,0.0,30.0,beat_this
csic.1995_ansina2_01.wav,22.44,0.0,30.0,beat_this
csic.1995_ansina2_01.wav,22.88,0.0,30.0,beat_this
csic.1995_ansina2_01.wav,23.32,0.0,30.0,beat_this
csic.1995_ansina2_01.wav,23.78,0.0,30.0,beat_this
csic.1995_ansina2_01.wav,24.22,0.0,30.0,beat_this
csic.1995_ansina2_01.wav,24.68,0.0,30.0,beat_this
csic.1995_ansina2_01.wav,25.12,0.0,30.0,beat_this
csic.1995_ansina2_01.wav,25.58,0.0,30.0,beat_this
csic.1995_ansina2_01.wav,26.02,0.0,30.0,beat_this
csic.1995_ansina2_01.wav,26.46,0.0,30.0,beat_this
csic.1995_ansina2_01.wav,26.92,0.0,30.0,beat_this
csic.1995_ansina2_01.wav,27.36,0.0,30.0,beat_this
csic.1995_ansina2_01.wav,27.82,0.0,30.0,beat_this
csic.1995_ansina2_01.wav,28.26,0.0,30.0,beat_this
csic.1995_ansina2_01.wav,28.7,0.0,30.0,beat_this
csic.1995_ansina2_01.wav,29.16,0.0,30.0,beat_this
csic.1995_ansina2_01.wav,29.6,0.0,30.0,beat_this
csic.1995_cuareim_01.wav,0.0,0.0,30.0,beat_this
csic.1995_cuareim_01.wav,0.5,0.0,30.0,beat_this
csic.1995_cuareim_01.wav,0.96,0.0,30.0,beat_this
csic.1995_cuareim_01.wav,1.42,0.0,30.0,beat_this
csic.1995_cuareim_01.wav,1.9,0.0,30.0,beat_this
csic.1995_cuareim_01.wav,2.36,0.0,30.0,beat_this
csic.1995_cuareim_01.wav,2.82,0.0,30.0,beat_this
csic.1995_cuareim_01.wav,3.28,0.0,30.0,beat_this
csic.1995_cuareim_01.wav,3.76,0.0,30.0,beat_this
csic.1995_cuareim_01.wav,4.22,0.0,30.0,beat_this
csic.1995_cuareim_01.wav,4.68,0.0,30.0,beat_this
csic.1995_cuareim_01.wav,5.16,0.0,30.0,beat_this
csic.1995_cuareim_01.wav,5.62,0.0,30.0,beat_this
csic.1995_cuareim_01.wav,6.1,0.0,30.0,beat_this
csic.1995_cuareim_01.wav,6.56,0.0,30.0,beat_this
csic.1995_cuareim_01.wav,7.04,0.0,30.0,beat_this
csic.1995_cuareim_01.wav,7.5,0.0,30.0,beat_this
csic.1995_cuareim_01.wav,7.98,0.0,30.0,beat_this
csic.1995_cuareim_01.wav,8.46,0.0,30.0,beat_this
csic.1995_cuareim_01.wav,8.92,0.0,30.0,beat_this
csic.1995_cuareim_01.wav,9.38,0.0,30.0,beat_this
csic.1995_cuareim_01.wav,9.86,0.0,30.0,beat_this
csic.1995_cuareim_01.wav,10.32,0.0,30.0,beat_this
csic.1995_cuareim_01.wav,10.8,0.0,30.0,beat_this
csic.1995_cuareim_01.wav,11.28,0.0,30.0,beat_this
csic.1995_cuareim_01.wav,11.74,0.0,30.0,beat_this
csic.1995_cuareim_01.wav,12.22,0.0,30.0,beat_this
csic.1995_cuareim_01.wav,12.7,0.0,30.0,beat_this
csic.1995_cuareim_01.wav,13.16,0.0,30.0,beat_this
csic.1995_cuareim_01.wav,13.64,0.0,30.0,beat_this
csic.1995_cuareim_01.wav,14.12,0.0,30.0,beat_this
csic.1995_cuareim_01.wav,14.58,0.0,30.0,beat_this
csic.1995_cuareim_01.wav,15.04,0.0,30.0,beat_this
csic.1995_cuareim_01.wav,15.52,0.0,30.0,beat_this
csic.1995_cuareim_01.wav,16.0,0.0,30.0,beat_this
csic.1995_cuareim_01.wav,16.48,0.0,30.0,beat_this
csic.1995_cuareim_01.wav,16.94,0.0,30.0,beat_this
csic.1995_cuareim_01.wav,17.42,0.0,30.0,beat_this
csic.1995_cuareim_01.wav,17.88,0.0,30.0,beat_this
csic.1995_cuareim_01.wav,18.36,0.0,30.0,beat_this
csic.1995_cuareim_01.wav,18.82,0.0,30.0,beat_this
csic.1995_cuareim_01.wav,19.3,0.0,30.0,beat_this
csic.1995_cuareim_01.wav,19.78,0.0,30.0,beat_this
csic.1995_cuareim_01.wav,20.24,0.0,30.0,beat_this
csic.1995_cuareim_01.wav,20.72,0.0,30.0,beat_this
csic.1995_cuareim_01.wav,21.2,0.0,30.0,beat_this
csic.1995_cuareim_01.wav,21.68,0.0,30.0,beat_this
csic.1995_cuareim_01.wav,22.16,0.0,30.0,beat_this
csic.1995_cuareim_01.wav,22.62,0.0,30.0,beat_this
csic.1995_cuareim_01.wav,23.1,0.0,30.0,beat_this
csic.1995_cuareim_01.wav,23.56,0.0,30.0,beat_this
csic.1995_cuareim_01.wav,24.04,0.0,30.0,beat_this
csic.1995_cuareim_01.wav,24.5,0.0,30.0,beat_this
csic.1995_cuareim_01.wav,24.98,0.0,30.0,beat_this
csic.1995_cuareim_01.wav,25.46,0.0,30.0,beat_this
csic.1995_cuareim_01.wav,25.94,0.0,30.0,beat_this
csic.1995_cuareim_01.wav,26.4,0.0,30.0,beat_this
csic.1995_cuareim_01.wav,26.88,0.0,30.0,beat_this
csic.1995_cuareim_01.wav,27.36,0.0,30.0,beat_this
csic.1995_cuareim_01.wav,27.84,0.0,30.0,beat_this
csic.1995_cuareim_01.wav,28.3,0.0,30.0,beat_this
csic.1995_cuareim_01.wav,28.78,0.0,30.0,beat_this
csic.1995_cuareim_01.wav,29.24,0.0,30.0,beat_this
csic.1995_cuareim_01.wav,29.72,0.0,30.0,beat_this
csic.1995_cuareim_02.wav,0.0,0.0,30.0,beat_this
csic.1995_cuareim_02.wav,0.46,0.0,30.0,beat_this
csic.1995_cuareim_02.wav,0.94,0.0,30.0,beat_this
csic.1995_cuareim_02.wav,1.38,0.0,30.0,beat_this
csic.1995_cuareim_02.wav,1.82,0.0,30.0,beat_this
csic.1995_cuareim_02.wav,2.28,0.0,30.0,beat_this
csic.1995_cuareim_02.wav,2.74,0.0,30.0,beat_this
csic.1995_cuareim_02.wav,3.18,0.0,30.0,beat_this
csic.1995_cuareim_02.wav,3.64,0.0,30.0,beat_this
csic.1995_cuareim_02.wav,4.1,0.0,30.0,beat_this
csic.1995_cuareim_02.wav,4.56,0.0,30.0,beat_this
csic.1995_cuareim_02.wav,5.02,0.0,30.0,beat_this
csic.1995_cuareim_02.wav,5.48,0.0,30.0,beat_this
csic.1995_cuareim_02.wav,5.94,0.0,30.0,beat_this
csic.1995_cuareim_02.wav,6.38,0.0,30.0,beat_this
csic.1995_cuareim_02.wav,6.84,0.0,30.0,beat_this
csic.1995_cuareim_02.wav,7.3,0.0,30.0,beat_this
csic.1995_cuareim_02.wav,7.76,0.0,30.0,beat_this
csic.1995_cuareim_02.wav,8.22,0.0,30.0,beat_this
csic.1995_cuareim_02.wav,8.68,0.0,30.0,beat_this
csic.1995_cuareim_02.wav,9.14,0.0,30.0,beat_this
csic.1995_cuareim_02.wav,9.6,0.0,30.0,beat_this
csic.1995_cuareim_02.wav,10.06,0.0,30.0,beat_this
csic.1995_cuareim_02.wav,10.52,0.0,30.0,beat_this
csic.1995_cuareim_02.wav,10.98,0.0,30.0,beat_this
csic.1995_cuareim_02.wav,11.44,0.0,30.0,beat_this
csic.1995_cuareim_02.wav,11.9,0.0,30.0,beat_this
csic.1995_cuareim_02.wav,12.38,0.0,30.0,beat_this
csic.1995_cuareim_02.wav,12.84,0.0,30.0,beat_this
csic.1995_cuareim_02.wav,13.3,0.0,30.0,beat_this
csic.1995_cuareim_02.wav,13.76,0.0,30.0,beat_this
csic.1995_cuareim_02.wav,14.22,0.0,30.0,beat_this
csic.1995_cuareim_02.wav,14.68,0.0,30.0,beat_this
csic.1995_cuareim_02.wav,15.16,0.0,30.0,beat_this
csic.1995_cuareim_02.wav,15.62,0.0,30.0,beat_this
csic.1995_cuareim_02.wav,16.08,0.0,30.0,beat_this
csic.1995_cuareim_02.wav,16.54,0.0,30.0,beat_this
csic.1995_cuareim_02.wav,17.0,0.0,30.0,beat_this
csic.1995_cuareim_02.wav,17.46,0.0,30.0,beat_this
csic.1995_cuareim_02.wav,17.94,0.0,30.0,beat_this
csic.1995_cuareim_02.wav,18.4,0.0,30.0,beat_this
csic.1995_cuareim_02.wav,18.86,0.0,30.0,beat_this
csic.1995_cuareim_02.wav,19.32,0.0,30.0,beat_this
csic.1995_cuareim_02.wav,19.78,0.0,30.0,beat_this
csic.1995_cuareim_02.wav,20.24,0.0,30.0,beat_this
csic.1995_cuareim_02.wav,20.7,0.0,30.0,beat_this
csic.1995_cuareim_02.wav,21.16,0.0,30.0,beat_this
csic.1995_cuareim_02.wav,21.62,0.0,30.0,beat_this
csic.1995_cuareim_02.wav,22.08,0.0,30.0,beat_this
csic.1995_cuareim_02.wav,22.54,0.0,30.0,beat_this
csic.1995_cuareim_02.wav,23.0,0.0,30.0,beat_this
csic.1995_cuareim_02.wav,23.48,0.0,30.0,beat_this
csic.1995_cuareim_02.wav,23.94,0.0,30.0,beat_this
csic.1995_cuareim_02.wav,24.4,0.0,30.0,beat_this
csic.1995_cuareim_02.wav,24.86,0.0,30.0,beat_this
csic.1995_cuareim_02.wav,25.34,0.0,30.0,beat_this
csic.1995_cuareim_02.wav,25.8,0.0,30.0,beat_this
csic.1995_cuareim_02.wav,26.26,0.0,30.0,beat_this
csic.1995_cuareim_02.wav,26.72,0.0,30.0,beat_this
csic.1995_cuareim_02.wav,27.18,0.0,30.0,beat_this
csic.1995_cuareim_02.wav,27.66,0.0,30.0,beat_this
csic.1995_cuareim_02.wav,28.12,0.0,30.0,beat_this
csic.1995_cuareim_02.wav,28.58,0.0,30.0,beat_this
csic.1995_cuareim_02.wav,29.06,0.0,30.0,beat_this
csic.1995_cuareim_02.wav,29.52,0.0,30.0,beat_this
csic.1995_cuareim_02.wav,29.98,0.0,30.0,beat_this
curcuna1.wav,0.0,0.0,30.0,beat_this
curcuna1.wav,0.64,0.0,30.0,beat_this
curcuna1.wav,0.96,0.0,30.0,beat_this
curcuna1.wav,1.28,0.0,30.0,beat_this
curcuna1.wav,1.9,0.0,30.0,beat_this
curcuna1.wav,2.26,0.0,30.0,beat_this
curcuna1.wav,2.54,0.0,30.0,beat_this
curcuna1.wav,2.86,0.0,30.0,beat_this
curcuna1.wav,3.18,0.0,30.0,beat_this
curcuna1.wav,3.48,0.0,30.0,beat_this
curcuna1.wav,3.82,0.0,30.0,beat_this
curcuna1.wav,4.12,0.0,30.0,beat_this
curcuna1.wav,4.74,0.0,30.0,beat_this
curcuna1.wav,5.36,0.0,30.0,beat_this
curcuna1.wav,6.02,0.0,30.0,beat_this
curcuna1.wav,6.34,0.0,30.0,beat_this
curcuna1.wav,6.66,0.0,30.0,beat_this
curcuna1.wav,7.26,0.0,30.0,beat_this
curcuna1.wav,7.6,0.0,30.0,beat_this
curcuna1.wav,7.9,0.0,30.0,beat_this
curcuna1.wav,8.22,0.0,30.0,beat_this
curcuna1.wav,8.54,0.0,30.0,beat_this
curcuna1.wav,8.9,0.0,30.0,beat_this
curcuna1.wav,9.2,0.0,30.0,beat_this
curcuna1.wav,9.54,0.0,30.0,beat_this
curcuna1.wav,9.84,0.0,30.0,beat_this
curcuna1.wav,10.18,0.0,30.0,beat_this
curcuna1.wav,10.48,0.0,30.0,beat_this
curcuna1.wav,10.82,0.0,30.0,beat_this
curcuna1.wav,11.12,0.0,30.0,beat_this
curcuna1.wav,11.76,0.0,30.0,beat_this
curcuna1.wav,12.38,0.0,30.0,beat_this
curcuna1.wav,12.74,0.0,30.0,beat_this
curcuna1.wav,13.04,0.0,30.0,beat_this
curcuna1.wav,13.68,0.0,30.0,beat_this
curcuna1.wav,14.32,0.0,30.0,beat_this
curcuna1.wav,14.62,0.0,30.0,beat_this
curcuna1.wav,14.94,0.0,30.0,beat_this
curcuna1.wav,15.26,0.0,30.0,beat_this
curcuna1.wav,15.58,0.0,30.0,beat_this
curcuna1.wav,16.22,0.0,30.0,beat_this
curcuna1.wav,16.86,0.0,30.0,beat_this
curcuna1.wav,17.18,0.0,30.0,beat_this
curcuna1.wav,17.5,0.0,30.0,beat_this
curcuna1.wav,18.1,0.0,30.0,beat_this
curcuna1.wav,18.74,0.0,30.0,beat_this
curcuna1.wav,19.42,0.0,30.0,beat_this
curcuna1.wav,20.06,0.0,30.0,beat_this
curcuna1.wav,20.7,0.0,30.0,beat_this
curcuna1.wav,21.34,0.0,30.0,beat_this
curcuna1.wav,21.96,0.0,30.0,beat_this
curcuna1.wav,22.24,0.0,30.0,beat_this
curcuna1.wav,22.56,0.0,30.0,beat_this
curcuna1.wav,23.22,0.0,30.0,beat_this
curcuna1.wav,23.86,0.0,30.0,beat_this
curcuna1.wav,24.18,0.0,30.0,beat_this
curcuna1.wav,24.5,0.0,30.0,beat_this
curcuna1.wav,25.14,0.0,30.0,beat_this
curcuna1.wav,25.48,0.0,30.0,beat_this
curcuna1.wav,25.78,0.0,30.0,beat_this
curcuna1.wav,26.44,0.0,30.0,beat_this
curcuna1.wav,27.08,0.0,30.0,beat_this
curcuna1.wav,27.4,0.0,30.0,beat_this
curcuna1.wav,27.7,0.0,30.0,beat_this
curcuna1.wav,28.28,0.0,30.0,beat_this
curcuna1.wav,28.94,0.0,30.0,beat_this
curcuna1.wav,29.58,0.0,30.0,beat_this
curcuna2.wav,0.02,0.0,30.0,beat_this
curcuna2.wav,0.28,0.0,30.0,beat_this
curcuna2.wav,0.8,0.0,30.0,beat_this
curcuna2.wav,1.32,0.0,30.0,beat_this
curcuna2.wav,1.82,0.0,30.0,beat_this
curcuna2.wav,2.32,0.0,30.0,beat_this
curcuna2.wav,2.82,0.0,30.0,beat_this
curcuna2.wav,3.36,0.0,30.0,beat_this
curcuna2.wav,3.86,0.0,30.0,beat_this
curcuna2.wav,4.36,0.0,30.0,beat_this
curcuna2.wav,4.86,0.0,30.0,beat_this
curcuna2.wav,5.36,0.0,30.0,beat_this
curcuna2.wav,5.88,0.0,30.0,beat_this
curcuna2.wav,6.36,0.0,30.0,beat_this
curcuna2.wav,6.86,0.0,30.0,beat_this
curcuna2.wav,7.38,0.0,30.0,beat_this
curcuna2.wav,7.88,0.0,30.0,beat_this
curcuna2.wav,8.36,0.0,30.0,beat_this
curcuna2.wav,8.86,0.0,30.0,beat_this
curcuna2.wav,9.34,0.0,30.0,beat_this
curcuna2.wav,9.86,0.0,30.0,beat_this
curcuna2.wav,10.38,0.0,30.0,beat_this
curcuna2.wav,10.88,0.0,30.0,beat_this
curcuna2.wav,11.38,0.0,30.0,beat_this
curcuna2.wav,11.62,0.0,30.0,beat_this
curcuna2.wav,11.86,0.0,30.0,beat_this
curcuna2.wav,12.34,0.0,30.0,beat_this
curcuna2.wav,12.84,0.0,30.0,beat_this
curcuna2.wav,13.32,0.0,30.0,beat_this
curcuna2.wav,13.8,0.0,30.0,beat_this
curcuna2.wav,14.76,0.0,30.0,beat_this
curcuna2.wav,15.02,0.0,30.0,beat_this
curcuna2.wav,15.26,0.0,30.0,beat_this
curcuna2.wav,15.74,0.0,30.0,beat_this
curcuna2.wav,16.22,0.0,30.0,beat_this
curcuna2.wav,16.7,0.0,30.0,beat_this
curcuna2.wav,17.2,0.0,30.0,beat_this
curcuna2.wav,17.42,0.0,30.0,beat_this
curcuna2.wav,17.66,0.0,30.0,beat_this
curcuna2.wav,18.14,0.0,30.0,beat_this
curcuna2.wav,18.62,0.0,30.0,beat_this
curcuna2.wav,19.12,0.0,30.0,beat_this
curcuna2.wav,19.62,0.0,30.0,beat_this
curcuna2.wav,19.86,0.0,30.0,beat_this
curcuna2.wav,20.1,0.0,30.0,beat_this
curcuna2.wav,20.58,0.0,30.0,beat_this
curcuna2.wav,21.06,0.0,30.0,beat_this
curcuna2.wav,21.54,0.0,30.0,beat_this
curcuna2.wav,22.04,0.0,30.0,beat_this
curcuna2.wav,22.52,0.0,30.0,beat_this
curcuna2.wav,23.0,0.0,30.0,beat_this
curcuna2.wav,23.48,0.0,30.0,beat_this
curcuna2.wav,23.96,0.0,30.0,beat_this
curcuna2.wav,24.46,0.0,30.0,beat_this
curcuna2.wav,24.94,0.0,30.0,beat_this
curcuna2.wav,25.42,0.0,30.0,beat_this
curcuna2.wav,25.88,0.0,30.0,beat_this
curcuna2.wav,26.36,0.0,30.0,beat_this
curcuna2.wav,26.84,0.0,30.0,beat_this
curcuna2.wav,27.34,0.0,30.0,beat_this
curcuna2.wav,27.82,0.0,30.0,beat_this
curcuna2.wav,28.3,0.0,30.0,beat_this
curcuna2.wav,28.78,0.0,30.0,beat_this
curcuna2.wav,29.26,0.0,30.0,beat_this
curcuna2.wav,29.78,0.0,30.0,beat_this
curcuna2.wav,30.0,0.0,30.0,beat_this
drummer10_session1_9_jazz-swing_110_beat_4-4.wav,0.04,0.0,30.0,beat_this
drummer10_session1_9_jazz-swing_110_beat_4-4.wav,0.58,0.0,30.0,beat_this
drummer10_session1_9_jazz-swing_110_beat_4-4.wav,1.1,0.0,30.0,beat_this
drummer10_session1_9_jazz-swing_110_beat_4-4.wav,1.66,0.0,30.0,beat_this
drummer10_session1_9_jazz-swing_110_beat_4-4.wav,2.2,0.0,30.0,beat_this
drummer10_session1_9_jazz-swing_110_beat_4-4.wav,2.76,0.0,30.0,beat_this
drummer10_session1_9_jazz-swing_110_beat_4-4.wav,3.3,0.0,30.0,beat_this
drummer10_session1_9_jazz-swing_110_beat_4-4.wav,3.84,0.0,30.0,beat_this
drummer10_session1_9_jazz-swing_110_beat_4-4.wav,4.38,0.0,30.0,beat_this
drummer10_session1_9_jazz-swing_110_beat_4-4.wav,4.94,0.0,30.0,beat_this
drummer10_session1_9_jazz-swing_110_beat_4-4.wav,5.48,0.0,30.0,beat_this
drummer10_session1_9_jazz-swing_110_beat_4-4.wav,6.02,0.0,30.0,beat_this
drummer10_session1_9_jazz-swing_110_beat_4-4.wav,6.56,0.0,30.0,beat_this
drummer10_session1_9_jazz-swing_110_beat_4-4.wav,7.1,0.0,30.0,beat_this
drummer10_session1_9_jazz-swing_110_beat_4-4.wav,7.64,0.0,30.0,beat_this
drummer10_session1_9_jazz-swing_110_beat_4-4.wav,8.2,0.0,30.0,beat_this
drummer10_session1_9_jazz-swing_110_beat_4-4.wav,8.74,0.0,30.0,beat_this
drummer10_session1_9_jazz-swing_110_beat_4-4.wav,9.3,0.0,30.0,beat_this
drummer10_session1_9_jazz-swing_110_beat_4-4.wav,9.84,0.0,30.0,beat_this
drummer10_session1_9_jazz-swing_110_beat_4-4.wav,10.4,0.0,30.0,beat_this
drummer10_session1_9_jazz-swing_110_beat_4-4.wav,10.94,0.0,30.0,beat_this
drummer10_session1_9_jazz-swing_110_beat_4-4.wav,11.5,0.0,30.0,beat_this
drummer10_session1_9_jazz-swing_110_beat_4-4.wav,12.04,0.0,30.0,beat_this
drummer10_session1_9_jazz-swing_110_beat_4-4.wav,12.6,0.0,30.0,beat_this
drummer10_session1_9_jazz-swing_110_beat_4-4.wav,13.14,0.0,30.0,beat_this
drummer10_session1_9_jazz-swing_110_beat_4-4.wav,13.68,0.0,30.0,beat_this
drummer10_session1_9_jazz-swing_110_beat_4-4.wav,14.2,0.0,30.0,beat_this
drummer10_session1_9_jazz-swing_110_beat_4-4.wav,14.78,0.0,30.0,beat_this
drummer10_session1_9_jazz-swing_110_beat_4-4.wav,15.32,0.0,30.0,beat_this
drummer10_session1_9_jazz-swing_110_beat_4-4.wav,15.86,0.0,30.0,beat_this
drummer10_session1_9_jazz-swing_110_beat_4-4.wav,16.4,0.0,30.0,beat_this
drummer10_session1_9_jazz-swing_110_beat_4-4.wav,16.94,0.0,30.0,beat_this
drummer10_session1_9_jazz-swing_110_beat_4-4.wav,17.48,0.0,30.0,beat_this
drummer10_session1_9_jazz-swing_110_beat_4-4.wav,18.04,0.0,30.0,beat_this
drummer10_session1_9_jazz-swing_110_beat_4-4.wav,18.56,0.0,30.0,beat_this
drummer10_session1_9_jazz-swing_110_beat_4-4.wav,19.14,0.0,30.0,beat_this
drummer10_session1_9_jazz-swing_110_beat_4-4.wav,19.68,0.0,30.0,beat_this
drummer10_session1_9_jazz-swing_110_beat_4-4.wav,20.24,0.0,30.0,beat_this
drummer10_session1_9_jazz-swing_110_beat_4-4.wav,20.76,0.0,30.0,beat_this
drummer10_session1_9_jazz-swing_110_beat_4-4.wav,21.3,0.0,30.0,beat_this
drummer10_session1_9_jazz-swing_110_beat_4-4.wav,21.86,0.0,30.0,beat_this
drummer10_session1_9_jazz-swing_110_beat_4-4.wav,22.42,0.0,30.0,beat_this
drummer10_session1_9_jazz-swing_110_beat_4-4.wav,22.94,0.0,30.0,beat_this
drummer10_session1_9_jazz-swing_110_beat_4-4.wav,23.48,0.0,30.0,beat_this
drummer10_session1_9_jazz-swing_110_beat_4-4.wav,24.02,0.0,30.0,beat_this
drummer10_session1_9_jazz-swing_110_beat_4-4.wav,24.58,0.0,30.0,beat_this
drummer10_session1_9_jazz-swing_110_beat_4-4.wav,25.12,0.0,30.0,beat_this
drummer10_session1_9_jazz-swing_110_beat_4-4.wav,25.68,0.0,30.0,beat_this
drummer10_session1_9_jazz-swing_110_beat_4-4.wav,26.22,0.0,30.0,beat_this
drummer10_session1_9_jazz-swing_110_beat_4-4.wav,26.74,0.0,30.0,beat_this
drummer10_session1_9_jazz-swing_110_beat_4-4.wav,27.28,0.0,30.0,beat_this
drummer10_session1_9_jazz-swing_110_beat_4-4.wav,27.84,0.0,30.0,beat_this
drummer10_session1_9_jazz-swing_110_beat_4-4.wav,28.38,0.0,30.0,beat_this
drummer10_session1_9_jazz-swing_110_beat_4-4.wav,28.94,0.0,30.0,beat_this
drummer10_session1_9_jazz-swing_110_beat_4-4.wav,29.48,0.0,30.0,beat_this
drummer10_session1_9_jazz-swing_110_beat_4-4.wav,30.0,0.0,30.0,beat_this
drummer1_eval_session_5_funk-groove5_84_beat_4-4.wav,0.0,0.0,30.0,beat_this
drummer1_eval_session_5_funk-groove5_84_beat_4-4.wav,0.7,0.0,30.0,beat_this
drummer1_eval_session_5_funk-groove5_84_beat_4-4.wav,1.4,0.0,30.0,beat_this
drummer1_eval_session_5_funk-groove5_84_beat_4-4.wav,2.12,0.0,30.0,beat_this
drummer1_eval_session_5_funk-groove5_84_beat_4-4.wav,2.84,0.0,30.0,beat_this
drummer1_eval_session_5_funk-groove5_84_beat_4-4.wav,3.56,0.0,30.0,beat_this
drummer1_eval_session_5_funk-groove5_84_beat_4-4.wav,4.26,0.0,30.0,beat_this
drummer1_eval_session_5_funk-groove5_84_beat_4-4.wav,4.98,0.0,30.0,beat_this
drummer1_eval_session_5_funk-groove5_84_beat_4-4.wav,5.7,0.0,30.0,beat_this
drummer1_eval_session_5_funk-groove5_84_beat_4-4.wav,6.42,0.0,30.0,beat_this
drummer1_eval_session_5_funk-groove5_84_beat_4-4.wav,7.14,0.0,30.0,beat_this
drummer1_eval_session_5_funk-groove5_84_beat_4-4.wav,7.88,0.0,30.0,beat_this
drummer1_eval_session_5_funk-groove5_84_beat_4-4.wav,8.6,0.0,30.0,beat_this
drummer1_eval_session_5_funk-groove5_84_beat_4-4.wav,9.3,0.0,30.0,beat_this
drummer1_eval_session_5_funk-groove5_84_beat_4-4.wav,10.02,0.0,30.0,beat_this
drummer1_eval_session_5_funk-groove5_84_beat_4-4.wav,10.72,0.0,30.0,beat_this
drummer1_eval_session_5_funk-groove5_84_beat_4-4.wav,11.42,0.0,30.0,beat_this
drummer1_eval_session_5_funk-groove5_84_beat_4-4.wav,12.14,0.0,30.0,beat_this
drummer1_eval_session_5_funk-groove5_84_beat_4-4.wav,12.86,0.0,30.0,beat_this
drummer1_eval_session_5_funk-groove5_84_beat_4-4.wav,13.56,0.0,30.0,beat_this
drummer1_eval_session_5_funk-groove5_84_beat_4-4.wav,14.26,0.0,30.0,beat_this
drummer1_eval_session_5_funk-groove5_84_beat_4-4.wav,14.98,0.0,30.0,beat_this
drummer1_eval_session_5_funk-groove5_84_beat_4-4.wav,15.7,0.0,30.0,beat_this
drummer1_eval_session_5_funk-groove5_84_beat_4-4.wav,16.42,0.0,30.0,beat_this
drummer1_eval_session_5_funk-groove5_84_beat_4-4.wav,17.14,0.0,30.0,beat_this
drummer1_eval_session_5_funk-groove5_84_beat_4-4.wav,17.84,0.0,30.0,beat_this
drummer1_eval_session_5_funk-groove5_84_beat_4-4.wav,18.56,0.0,30.0,beat_this
drummer1_eval_session_5_funk-groove5_84_beat_4-4.wav,19.3,0.0,30.0,beat_this
drummer1_eval_session_5_funk-groove5_84_beat_4-4.wav,20.02,0.0,30.0,beat_this
drummer1_eval_session_5_funk-groove5_84_beat_4-4.wav,20.74,0.0,30.0,beat_this
drummer1_eval_session_5_funk-groove5_84_beat_4-4.wav,21.44,0.0,30.0,beat_this
drummer1_eval_session_5_funk-groove5_84_beat_4-4.wav,22.14,0.0,30.0,beat_this
drummer1_eval_session_5_funk-groove5_84_beat_4-4.wav,22.86,0.0,30.0,beat_this
drummer1_eval_session_5_funk-groove5_84_beat_4-4.wav,23.56,0.0,30.0,beat_this
drummer1_eval_session_5_funk-groove5_84_beat_4-4.wav,24.28,0.0,30.0,beat_this
drummer1_eval_session_5_funk-groove5_84_beat_4-4.wav,24.98,0.0,30.0,beat_this
drummer1_eval_session_5_funk-groove5_84_beat_4-4.wav,25.68,0.0,30.0,beat_this
drummer1_eval_session_5_funk-groove5_84_beat_4-4.wav,26.4,0.0,30.0,beat_this
drummer1_eval_session_5_funk-groove5_84_beat_4-4.wav,27.12,0.0,30.0,beat_this
drummer1_eval_session_5_funk-groove5_84_beat_4-4.wav,27.84,0.0,30.0,beat_this
drummer1_eval_session_5_funk-groove5_84_beat_4-4.wav,28.54,0.0,30.0,beat_this
drummer1_eval_session_5_funk-groove5_84_beat_4-4.wav,29.26,0.0,30.0,beat_this
drummer1_eval_session_5_funk-groove5_84_beat_4-4.wav,30.0,0.0,30.0,beat_this
drummer3_session1_11_rock_120_beat_4-4.wav,0.02,0.0,30.0,beat_this
drummer3_session1_11_rock_120_beat_4-4.wav,0.52,0.0,30.0,beat_this
drummer3_session1_11_rock_120_beat_4-4.wav,1.04,0.0,30.0,beat_this
drummer3_session1_11_rock_120_beat_4-4.wav,1.54,0.0,30.0,beat_this
drummer3_session1_11_rock_120_beat_4-4.wav,2.04,0.0,30.0,beat_this
drummer3_session1_11_rock_120_beat_4-4.wav,2.54,0.0,30.0,beat_this
drummer3_session1_11_rock_120_beat_4-4.wav,3.02,0.0,30.0,beat_this
drummer3_session1_11_rock_120_beat_4-4.wav,3.52,0.0,30.0,beat_this
drummer3_session1_11_rock_120_beat_4-4.wav,4.02,0.0,30.0,beat_this
drummer3_session1_11_rock_120_beat_4-4.wav,4.52,0.0,30.0,beat_this
drummer3_session1_11_rock_120_beat_4-4.wav,5.02,0.0,30.0,beat_this
drummer3_session1_11_rock_120_beat_4-4.wav,5.52,0.0,30.0,beat_this
drummer3_session1_11_rock_120_beat_4-4.wav,6.02,0.0,30.0,beat_this
drummer3_session1_11_rock_120_beat_4-4.wav,6.52,0.0,30.0,beat_this
drummer3_session1_11_rock_120_beat_4-4.wav,7.02,0.0,30.0,beat_this
drummer3_session1_11_rock_120_beat_4-4.wav,7.52,0.0,30.0,beat_this
drummer3_session1_11_rock_120_beat_4-4.wav,8.02,0.0,30.0,beat_this
drummer3_session1_11_rock_120_beat_4-4.wav,8.54,0.0,30.0,beat_this
drummer3_session1_11_rock_120_beat_4-4.wav,9.04,0.0,30.0,beat_this
drummer3_session1_11_rock_120_beat_4-4.wav,9.54,0.0,30.0,beat_this
drummer3_session1_11_rock_120_beat_4-4.wav,10.04,0.0,30.0,beat_this
drummer3_session1_11_rock_120_beat_4-4.wav,10.54,0.0,30.0,beat_this
drummer3_session1_11_rock_120_beat_4-4.wav,11.04,0.0,30.0,beat_this
drummer3_session1_11_rock_120_beat_4-4.wav,11.54,0.0,30.0,beat_this
drummer3_session1_11_rock_120_beat_4-4.wav,12.04,0.0,30.0,beat_this
drummer3_session1_11_rock_120_beat_4-4.wav,12.52,0.0,30.0,beat_this
drummer3_session1_11_rock_120_beat_4-4.wav,13.02,0.0,30.0,beat_this
drummer3_session1_11_rock_120_beat_4-4.wav,13.52,0.0,30.0,beat_this
drummer3_session1_11_rock_120_beat_4-4.wav,14.02,0.0,30.0,beat_this
drummer3_session1_11_rock_120_beat_4-4.wav,14.52,0.0,30.0,beat_this
drummer3_session1_11_rock_120_beat_4-4.wav,15.02,0.0,30.0,beat_this
drummer3_session1_11_rock_120_beat_4-4.wav,15.52,0.0,30.0,beat_this
drummer3_session1_11_rock_120_beat_4-4.wav,16.02,0.0,30.0,beat_this
drummer3_session1_11_rock_120_beat_4-4.wav,16.52,0.0,30.0,beat_this
drummer3_session1_11_rock_120_beat_4-4.wav,17.02,0.0,30.0,beat_this
drummer3_session1_11_rock_120_beat_4-4.wav,17.52,0.0,30.0,beat_this
drummer3_session1_11_rock_120_beat_4-4.wav,18.02,0.0,30.0,beat_this
drummer3_session1_11_rock_120_beat_4-4.wav,18.54,0.0,30.0,beat_this
drummer3_session1_11_rock_120_beat_4-4.wav,19.06,0.0,30.0,beat_this
drummer3_session1_11_rock_120_beat_4-4.wav,19.56,0.0,30.0,beat_this
drummer3_session1_11_rock_120_beat_4-4.wav,20.04,0.0,30.0,beat_this
drummer3_session1_11_rock_120_beat_4-4.wav,20.56,0.0,30.0,beat_this
drummer3_session1_11_rock_120_beat_4-4.wav,21.04,0.0,30.0,beat_this
drummer3_session1_11_rock_120_beat_4-4.wav,21.54,0.0,30.0,beat_this
drummer3_session1_11_rock_120_beat_4-4.wav,22.04,0.0,30.0,beat_this
drummer3_session1_11_rock_120_beat_4-4.wav,22.54,0.0,30.0,beat_this
drummer3_session1_11_rock_120_beat_4-4.wav,23.02,0.0,30.0,beat_this
drummer3_session1_11_rock_120_beat_4-4.wav,23.52,0.0,30.0,beat_this
drummer3_session1_11_rock_120_beat_4-4.wav,24.02,0.0,30.0,beat_this
drummer4_session1_1_rock_87_beat_4-4.wav,0.02,0.0,30.0,beat_this
drummer4_session1_1_rock_87_beat_4-4.wav,0.7,0.0,30.0,beat_this
drummer4_session1_1_rock_87_beat_4-4.wav,1.38,0.0,30.0,beat_this
drummer4_session1_1_rock_87_beat_4-4.wav,2.04,0.0,30.0,beat_this
drummer4_session1_1_rock_87_beat_4-4.wav,2.72,0.0,30.0,beat_this
drummer4_session1_1_rock_87_beat_4-4.wav,3.42,0.0,30.0,beat_this
drummer4_session1_1_rock_87_beat_4-4.wav,4.1,0.0,30.0,beat_this
drummer4_session1_1_rock_87_beat_4-4.wav,4.8,0.0,30.0,beat_this
drummer4_session1_1_rock_87_beat_4-4.wav,5.5,0.0,30.0,beat_this
drummer4_session1_1_rock_87_beat_4-4.wav,6.2,0.0,30.0,beat_this
drummer4_session1_1_rock_87_beat_4-4.wav,6.9,0.0,30.0,beat_this
drummer4_session1_1_rock_87_beat_4-4.wav,7.58,0.0,30.0,beat_this
drummer4_session1_1_rock_87_beat_4-4.wav,8.28,0.0,30.0,beat_this
drummer4_session1_1_rock_87_beat_4-4.wav,8.96,0.0,30.0,beat_this
drummer4_session1_1_rock_87_beat_4-4.wav,9.66,0.0,30.0,beat_this
drummer4_session1_1_rock_87_beat_4-4.wav,10.34,0.0,30.0,beat_this
drummer4_session1_1_rock_87_beat_4-4.wav,11.04,0.0,30.0,beat_this
drummer4_session1_1_rock_87_beat_4-4.wav,11.74,0.0,30.0,beat_this
drummer4_session1_1_rock_87_beat_4-4.wav,12.42,0.0,30.0,beat_this
drummer4_session1_1_rock_87_beat_4-4.wav,13.12,0.0,30.0,beat_this
drummer4_session1_1_rock_87_beat_4-4.wav,13.8,0.0,30.0,beat_this
drummer4_session1_1_rock_87_beat_4-4.wav,14.5,0.0,30.0,beat_this
drummer4_session1_1_rock_87_beat_4-4.wav,15.18,0.0,30.0,beat_this
drummer4_session1_1_rock_87_beat_4-4.wav,15.86,0.0,30.0,beat_this
drummer4_session1_1_rock_87_beat_4-4.wav,16.54,0.0,30.0,beat_this
drummer4_session1_1_rock_87_beat_4-4.wav,17.24,0.0,30.0,beat_this
drummer4_session1_1_rock_87_beat_4-4.wav,17.92,0.0,30.0,beat_this
drummer4_session1_1_rock_87_beat_4-4.wav,18.62,0.0,30.0,beat_this
drummer4_session1_1_rock_87_beat_4-4.wav,19.3,0.0,30.0,beat_this
drummer4_session1_1_rock_87_beat_4-4.wav,19.98,0.0,30.0,beat_this
drummer4_session1_1_rock_87_beat_4-4.wav,20.66,0.0,30.0,beat_this
drummer4_session1_1_rock_87_beat_4-4.wav,21.36,0.0,30.0,beat_this
drummer4_session1_1_rock_87_beat_4-4.wav,22.04,0.0,30.0,beat_this
drummer4_session1_1_rock_87_beat_4-4.wav,22.72,0.0,30.0,beat_this
drummer4_session1_1_rock_87_beat_4-4.wav,23.4,0.0,30.0,beat_this
drummer4_session1_1_rock_87_beat_4-4.wav,24.1,0.0,30.0,beat_this
drummer4_session1_1_rock_87_beat_4-4.wav,24.8,0.0,30.0,beat_this
drummer4_session1_1_rock_87_beat_4-4.wav,25.48,0.0,30.0,beat_this
drummer4_session1_1_rock_87_beat_4-4.wav,26.18,0.0,30.0,beat_this
drummer4_session1_1_rock_87_beat_4-4.wav,26.88,0.0,30.0,beat_this
drummer4_session1_1_rock_87_beat_4-4.wav,27.6,0.0,30.0,beat_this
drummer4_session1_1_rock_87_beat_4-4.wav,28.3,0.0,30.0,beat_this
drummer4_session1_1_rock_87_beat_4-4.wav,29.0,0.0,30.0,beat_this
drummer4_session1_1_rock_87_beat_4-4.wav,29.76,0.0,30.0,beat_this
drummer5_eval_session_5_funk-groove5_84_beat_4-4.wav,0.02,0.0,30.0,beat_this
drummer5_eval_session_5_funk-groove5_84_beat_4-4.wav,0.72,0.0,30.0,beat_this
drummer5_eval_session_5_funk-groove5_84_beat_4-4.wav,1.44,0.0,30.0,beat_this
drummer5_eval_session_5_funk-groove5_84_beat_4-4.wav,2.16,0.0,30.0,beat_this
drummer5_eval_session_5_funk-groove5_84_beat_4-4.wav,2.88,0.0,30.0,beat_this
drummer5_eval_session_5_funk-groove5_84_beat_4-4.wav,3.6,0.0,30.0,beat_this
drummer5_eval_session_5_funk-groove5_84_beat_4-4.wav,4.3,0.0,30.0,beat_this
drummer5_eval_session_5_funk-groove5_84_beat_4-4.wav,5.0,0.0,30.0,beat_this
drummer5_eval_session_5_funk-groove5_84_beat_4-4.wav,5.72,0.0,30.0,beat_this
drummer5_eval_session_5_funk-groove5_84_beat_4-4.wav,6.44,0.0,30.0,beat_this
drummer5_eval_session_5_funk-groove5_84_beat_4-4.wav,7.14,0.0,30.0,beat_this
drummer5_eval_session_5_funk-groove5_84_beat_4-4.wav,7.86,0.0,30.0,beat_this
drummer5_eval_session_5_funk-groove5_84_beat_4-4.wav,8.56,0.0,30.0,beat_this
drummer5_eval_session_5_funk-groove5_84_beat_4-4.wav,9.26,0.0,30.0,beat_this
drummer5_eval_session_5_funk-groove5_84_beat_4-4.wav,9.98,0.0,30.0,beat_this
drummer5_eval_session_5_funk-groove5_84_beat_4-4.wav,10.7,0.0,30.0,beat_this
drummer5_eval_session_5_funk-groove5_84_beat_4-4.wav,11.42,0.0,30.0,beat_this
drummer5_eval_session_5_funk-groove5_84_beat_4-4.wav,12.14,0.0,30.0,beat_this
drummer5_eval_session_5_funk-groove5_84_beat_4-4.wav,12.88,0.0,30.0,beat_this
drummer5_eval_session_5_funk-groove5_84_beat_4-4.wav,13.58,0.0,30.0,beat_this
drummer5_eval_session_5_funk-groove5_84_beat_4-4.wav,14.3,0.0,30.0,beat_this
drummer5_eval_session_5_funk-groove5_84_beat_4-4.wav,15.02,0.0,30.0,beat_this
drummer5_eval_session_5_funk-groove5_84_beat_4-4.wav,15.74,0.0,30.0,beat_this
drummer5_eval_session_5_funk-groove5_84_beat_4-4.wav,16.44,0.0,30.0,beat_this
drummer5_eval_session_5_funk-groove5_84_beat_4-4.wav,17.16,0.0,30.0,beat_this
drummer5_eval_session_5_funk-groove5_84_beat_4-4.wav,17.88,0.0,30.0,beat_this
drummer5_eval_session_5_funk-groove5_84_beat_4-4.wav,18.56,0.0,30.0,beat_this
drummer5_eval_session_5_funk-groove5_84_beat_4-4.wav,19.28,0.0,30.0,beat_this
drummer5_eval_session_5_funk-groove5_84_beat_4-4.wav,19.98,0.0,30.0,beat_this
drummer5_eval_session_5_funk-groove5_84_beat_4-4.wav,20.68,0.0,30.0,beat_this
drummer5_eval_session_5_funk-groove5_84_beat_4-4.wav,21.42,0.0,30.0,beat_this
drummer5_eval_session_5_funk-groove5_84_beat_4-4.wav,22.12,0.0,30.0,beat_this
drummer5_eval_session_5_funk-groove5_84_beat_4-4.wav,22.86,0.0,30.0,beat_this
drummer5_eval_session_5_funk-groove5_84_beat_4-4.wav,23.58,0.0,30.0,beat_this
drummer5_eval_session_5_funk-groove5_84_beat_4-4.wav,24.28,0.0,30.0,beat_this
drummer5_eval_session_5_funk-groove5_84_beat_4-4.wav,25.0,0.0,30.0,beat_this
drummer5_eval_session_5_funk-groove5_84_beat_4-4.wav,25.74,0.0,30.0,beat_this
drummer5_eval_session_5_funk-groove5_84_beat_4-4.wav,26.46,0.0,30.0,beat_this
drummer5_eval_session_5_funk-groove5_84_beat_4-4.wav,27.16,0.0,30.0,beat_this
drummer5_eval_session_5_funk-groove5_84_beat_4-4.wav,27.86,0.0,30.0,beat_this
drummer5_eval_session_5_funk-groove5_84_beat_4-4.wav,28.6,0.0,30.0,beat_this
drummer5_eval_session_5_funk-groove5_84_beat_4-4.wav,29.3,0.0,30.0,beat_this
drummer5_session2_18_latin-brazilian-samba_93_beat_4-4.wav,0.02,0.0,30.0,beat_this
drummer5_session2_18_latin-brazilian-samba_93_beat_4-4.wav,0.66,0.0,30.0,beat_this
drummer5_session2_18_latin-brazilian-samba_93_beat_4-4.wav,1.32,0.0,30.0,beat_this
drummer5_session2_18_latin-brazilian-samba_93_beat_4-4.wav,1.94,0.0,30.0,beat_this
drummer5_session2_18_latin-brazilian-samba_93_beat_4-4.wav,2.6,0.0,30.0,beat_this
drummer5_session2_18_latin-brazilian-samba_93_beat_4-4.wav,3.24,0.0,30.0,beat_this
drummer5_session2_18_latin-brazilian-samba_93_beat_4-4.wav,3.88,0.0,30.0,beat_this
drummer5_session2_18_latin-brazilian-samba_93_beat_4-4.wav,4.52,0.0,30.0,beat_this
drummer5_session2_18_latin-brazilian-samba_93_beat_4-4.wav,5.18,0.0,30.0,beat_this
drummer5_session2_18_latin-brazilian-samba_93_beat_4-4.wav,5.82,0.0,30.0,beat_this
drummer5_session2_18_latin-brazilian-samba_93_beat_4-4.wav,6.44,0.0,30.0,beat_this
drummer5_session2_18_latin-brazilian-samba_93_beat_4-4.wav,7.1,0.0,30.0,beat_this
drummer5_session2_18_latin-brazilian-samba_93_beat_4-4.wav,7.76,0.0,30.0,beat_this
drummer5_session2_18_latin-brazilian-samba_93_beat_4-4.wav,8.4,0.0,30.0,beat_this
drummer5_session2_18_latin-brazilian-samba_93_beat_4-4.wav,9.04,0.0,30.0,beat_this
drummer5_session2_18_latin-brazilian-samba_93_beat_4-4.wav,9.7,0.0,30.0,beat_this
drummer5_session2_18_latin-brazilian-samba_93_beat_4-4.wav,10.34,0.0,30.0,beat_this
drummer5_session2_18_latin-brazilian-samba_93_beat_4-4.wav,10.98,0.0,30.0,beat_this
drummer5_session2_18_latin-brazilian-samba_93_beat_4-4.wav,11.6,0.0,30.0,beat_this
drummer5_session2_18_latin-brazilian-samba_93_beat_4-4.wav,12.24,0.0,30.0,beat_this
drummer5_session2_18_latin-brazilian-samba_93_beat_4-4.wav,12.88,0.0,30.0,beat_this
drummer5_session2_18_latin-brazilian-samba_93_beat_4-4.wav,13.56,0.0,30.0,beat_this
drummer5_session2_18_latin-brazilian-samba_93_beat_4-4.wav,14.2,0.0,30.0,beat_this
drummer5_session2_18_latin-brazilian-samba_93_beat_4-4.wav,14.86,0.0,30.0,beat_this
drummer5_session2_18_latin-brazilian-samba_93_beat_4-4.wav,15.52,0.0,30.0,beat_this
drummer5_session2_18_latin-brazilian-samba_93_beat_4-4.wav,16.16,0.0,30.0,beat_this
drummer5_session2_18_latin-brazilian-samba_93_beat_4-4.wav,16.8,0.0,30.0,beat_this
drummer5_session2_18_latin-brazilian-samba_93_beat_4-4.wav,17.44,0.0,30.0,beat_this
drummer5_session2_18_latin-brazilian-samba_93_beat_4-4.wav,18.08,0.0,30.0,beat_this
drummer5_session2_18_latin-brazilian-samba_93_beat_4-4.wav,18.74,0.0,30.0,beat_this
drummer5_session2_18_latin-brazilian-samba_93_beat_4-4.wav,19.38,0.0,30.0,beat_this
drummer5_session2_18_latin-brazilian-samba_93_beat_4-4.wav,20.02,0.0,30.0,beat_this
drummer5_session2_18_latin-brazilian-samba_93_beat_4-4.wav,20.66,0.0,30.0,beat_this
drummer5_session2_18_latin-brazilian-samba_93_beat_4-4.wav,21.3,0.0,30.0,beat_this
drummer5_session2_18_latin-brazilian-samba_93_beat_4-4.wav,21.94,0.0,30.0,beat_this
drummer5_session2_18_latin-brazilian-samba_93_beat_4-4.wav,22.58,0.0,30.0,beat_this
drummer5_session2_18_latin-brazilian-samba_93_beat_4-4.wav,23.22,0.0,30.0,beat_this
drummer5_session2_18_latin-brazilian-samba_93_beat_4-4.wav,23.86,0.0,30.0,beat_this
drummer5_session2_18_latin-brazilian-samba_93_beat_4-4.wav,24.5,0.0,30.0,beat_this
drummer5_session2_18_latin-brazilian-samba_93_beat_4-4.wav,25.14,0.0,30.0,beat_this
drummer5_session2_18_latin-brazilian-samba_93_beat_4-4.wav,25.8,0.0,30.0,beat_this
drummer5_session2_18_latin-brazilian-samba_93_beat_4-4.wav,26.44,0.0,30.0,beat_this
drummer5_session2_18_latin-brazilian-samba_93_beat_4-4.wav,27.06,0.0,30.0,beat_this
drummer5_session2_18_latin-brazilian-samba_93_beat_4-4.wav,27.7,0.0,30.0,beat_this
drummer5_session2_18_latin-brazilian-samba_93_beat_4-4.wav,28.34,0.0,30.0,beat_this
drummer5_session2_18_latin-brazilian-samba_93_beat_4-4.wav,29.0,0.0,30.0,beat_this
drummer5_session2_18_latin-brazilian-samba_93_beat_4-4.wav,29.66,0.0,30.0,beat_this
drummer6_session1_1_rock_70_beat_6-8.wav,0.02,0.0,30.0,beat_this
drummer6_session1_1_rock_70_beat_6-8.wav,1.3,0.0,30.0,beat_this
drummer6_session1_1_rock_70_beat_6-8.wav,2.56,0.0,30.0,beat_this
drummer6_session1_1_rock_70_beat_6-8.wav,3.86,0.0,30.0,beat_this
drummer6_session1_1_rock_70_beat_6-8.wav,5.18,0.0,30.0,beat_this
drummer6_session1_1_rock_70_beat_6-8.wav,6.46,0.0,30.0,beat_this
drummer6_session1_1_rock_70_beat_6-8.wav,7.74,0.0,30.0,beat_this
drummer6_session1_1_rock_70_beat_6-8.wav,9.04,0.0,30.0,beat_this
drummer6_session1_1_rock_70_beat_6-8.wav,10.3,0.0,30.0,beat_this
drummer6_session1_1_rock_70_beat_6-8.wav,11.56,0.0,30.0,beat_this
drummer6_session1_1_rock_70_beat_6-8.wav,12.82,0.0,30.0,beat_this
drummer6_session1_1_rock_70_beat_6-8.wav,14.14,0.0,30.0,beat_this
drummer6_session1_1_rock_70_beat_6-8.wav,15.42,0.0,30.0,beat_this
drummer6_session1_1_rock_70_beat_6-8.wav,16.72,0.0,30.0,beat_this
drummer6_session1_1_rock_70_beat_6-8.wav,18.02,0.0,30.0,beat_this
drummer6_session1_1_rock_70_beat_6-8.wav,19.28,0.0,30.0,beat_this
drummer6_session1_1_rock_70_beat_6-8.wav,20.54,0.0,30.0,beat_this
drummer6_session1_1_rock_70_beat_6-8.wav,21.84,0.0,30.0,beat_this
drummer6_session1_1_rock_70_beat_6-8.wav,23.14,0.0,30.0,beat_this
drummer6_session1_1_rock_70_beat_6-8.wav,24.42,0.0,30.0,beat_this
drummer6_session1_1_rock_70_beat_6-8.wav,25.72,0.0,30.0,beat_this
drummer6_session1_1_rock_70_beat_6-8.wav,27.0,0.0,30.0,beat_this
drummer6_session1_1_rock_70_beat_6-8.wav,28.32,0.0,30.0,beat_this
drummer6_session1_1_rock_70_beat_6-8.wav,29.62,0.0,30.0,beat_this
drummer7_session3_159_soul_98_beat_4-4.wav,0.02,0.0,30.0,beat_this
drummer7_session3_159_soul_98_beat_4-4.wav,0.6,0.0,30.0,beat_this
drummer7_session3_159_soul_98_beat_4-4.wav,1.24,0.0,30.0,beat_this
drummer7_session3_159_soul_98_beat_4-4.wav,1.86,0.0,30.0,beat_this
drummer7_session3_159_soul_98_beat_4-4.wav,2.48,0.0,30.0,beat_this
drummer7_session3_159_soul_98_beat_4-4.wav,3.08,0.0,30.0,beat_this
drummer7_session3_159_soul_98_beat_4-4.wav,3.68,0.0,30.0,beat_this
drummer7_session3_159_soul_98_beat_4-4.wav,4.28,0.0,30.0,beat_this
drummer7_session3_159_soul_98_beat_4-4.wav,4.9,0.0,30.0,beat_this
drummer7_session3_159_soul_98_beat_4-4.wav,5.5,0.0,30.0,beat_this
drummer7_session3_159_soul_98_beat_4-4.wav,6.1,0.0,30.0,beat_this
drummer7_session3_159_soul_98_beat_4-4.wav,6.72,0.0,30.0,beat_this
drummer7_session3_159_soul_98_beat_4-4.wav,7.34,0.0,30.0,beat_this
drummer7_session3_159_soul_98_beat_4-4.wav,7.96,0.0,30.0,beat_this
drummer7_session3_159_soul_98_beat_4-4.wav,8.58,0.0,30.0,beat_this
drummer7_session3_159_soul_98_beat_4-4.wav,9.18,0.0,30.0,beat_this
drummer7_session3_159_soul_98_beat_4-4.wav,9.8,0.0,30.0,beat_this
drummer7_session3_159_soul_98_beat_4-4.wav,10.42,0.0,30.0,beat_this
drummer7_session3_159_soul_98_beat_4-4.wav,11.02,0.0,30.0,beat_this
drummer7_session3_159_soul_98_beat_4-4.wav,11.64,0.0,30.0,beat_this
drummer7_session3_159_soul_98_beat_4-4.wav,12.24,0.0,30.0,beat_this
drummer7_session3_159_soul_98_beat_4-4.wav,12.84,0.0,30.0,beat_this
drummer7_session3_159_soul_98_beat_4-4.wav,13.46,0.0,30.0,beat_this
drummer7_session3_159_soul_98_beat_4-4.wav,14.08,0.0,30.0,beat_this
drummer7_session3_159_soul_98_beat_4-4.wav,14.68,0.0,30.0,beat_this
drummer7_session3_159_soul_98_beat_4-4.wav,15.3,0.0,30.0,beat_this
drummer7_session3_159_soul_98_beat_4-4.wav,15.9,0.0,30.0,beat_this
drummer7_session3_159_soul_98_beat_4-4.wav,16.5,0.0,30.0,beat_this
drummer7_session3_159_soul_98_beat_4-4.wav,17.12,0.0,30.0,beat_this
drummer7_session3_159_soul_98_beat_4-4.wav,17.72,0.0,30.0,beat_this
drummer7_session3_159_soul_98_beat_4-4.wav,18.34,0.0,30.0,beat_this
drummer7_session3_159_soul_98_beat_4-4.wav,18.94,0.0,30.0,beat_this
drummer7_session3_159_soul_98_beat_4-4.wav,19.56,0.0,30.0,beat_this
drummer7_session3_159_soul_98_beat_4-4.wav,20.18,0.0,30.0,beat_this
drummer7_session3_159_soul_98_beat_4-4.wav,20.8,0.0,30.0,beat_this
drummer7_session3_159_soul_98_beat_4-4.wav,21.42,0.0,30.0,beat_this
drummer7_session3_159_soul_98_beat_4-4.wav,22.04,0.0,30.0,beat_this
drummer7_session3_159_soul_98_beat_4-4.wav,22.66,0.0,30.0,beat_this
drummer7_session3_159_soul_98_beat_4-4.wav,23.3,0.0,30.0,beat_this
drummer7_session3_159_soul_98_beat_4-4.wav,23.92,0.0,30.0,beat_this
drummer7_session3_159_soul_98_beat_4-4.wav,24.52,0.0,30.0,beat_this
drummer7_session3_159_soul_98_beat_4-4.wav,25.1,0.0,30.0,beat_this
drummer7_session3_159_soul_98_beat_4-4.wav,25.72,0.0,30.0,beat_this
drummer7_session3_159_soul_98_beat_4-4.wav,26.32,0.0,30.0,beat_this
drummer7_session3_159_soul_98_beat_4-4.wav,26.92,0.0,30.0,beat_this
drummer7_session3_159_soul_98_beat_4-4.wav,27.52,0.0,30.0,beat_this
drummer7_session3_159_soul_98_beat_4-4.wav,28.14,0.0,30.0,beat_this
drummer7_session3_159_soul_98_beat_4-4.wav,28.76,0.0,30.0,beat_this
drummer7_session3_159_soul_98_beat_4-4.wav,29.36,0.0,30.0,beat_this
duyek1.wav,0.18,0.0,30.0,beat_this
duyek1.wav,0.56,0.0,30.0,beat_this
duyek1.wav,0.96,0.0,30.0,beat_this
duyek1.wav,1.34,0.0,30.0,beat_this
duyek1.wav,1.74,0.0,30.0,beat_this
duyek1.wav,2.12,0.0,30.0,beat_this
duyek1.wav,2.52,0.0,30.0,beat_this
duyek1.wav,2.92,0.0,30.0,beat_this
duyek1.wav,3.32,0.0,30.0,beat_this
duyek1.wav,3.7,0.0,30.0,beat_this
duyek1.wav,4.1,0.0,30.0,beat_this
duyek1.wav,4.5,0.0,30.0,beat_this
duyek1.wav,4.88,0.0,30.0,beat_this
duyek1.wav,5.26,0.0,30.0,beat_this
duyek1.wav,5.66,0.0,30.0,beat_this
duyek1.wav,6.04,0.0,30.0,beat_this
duyek1.wav,6.44,0.0,30.0,beat_this
duyek1.wav,6.82,0.0,30.0,beat_this
duyek1.wav,7.2,0.0,30.0,beat_this
duyek1.wav,7.58,0.0,30.0,beat_this
duyek1.wav,7.98,0.0,30.0,beat_this
duyek1.wav,8.36,0.0,30.0,beat_this
duyek1.wav,8.74,0.0,30.0,beat_this
duyek1.wav,9.14,0.0,30.0,beat_this
duyek1.wav,9.52,0.0,30.0,beat_this
duyek1.wav,9.92,0.0,30.0,beat_this
duyek1.wav,10.32,0.0,30.0,beat_this
duyek1.wav,10.7,0.0,30.0,beat_this
duyek1.wav,11.1,0.0,30.0,beat_this
duyek1.wav,11.48,0.0,30.0,beat_this
duyek1.wav,11.88,0.0,30.0,beat_this
duyek1.wav,12.26,0.0,30.0,beat_this
duyek1.wav,12.64,0.0,30.0,beat_this
duyek1.wav,13.04,0.0,30.0,beat_this
duyek1.wav,13.44,0.0,30.0,beat_this
duyek1.wav,13.82,0.0,30.0,beat_this
duyek1.wav,14.2,0.0,30.0,beat_this
duyek1.wav,14.58,0.0,30.0,beat_this
duyek1.wav,14.98,0.0,30.0,beat_this
duyek1.wav,15.36,0.0,30.0,beat_this
duyek1.wav,15.76,0.0,30.0,beat_this
duyek1.wav,16.12,0.0,30.0,beat_this
duyek1.wav,16.52,0.0,30.0,beat_this
duyek1.wav,16.92,0.0,30.0,beat_this
duyek1.wav,17.3,0.0,30.0,beat_this
duyek1.wav,17.68,0.0,30.0,beat_this
duyek1.wav,18.06,0.0,30.0,beat_this
duyek1.wav,18.46,0.0,30.0,beat_this
duyek1.wav,18.84,0.0,30.0,beat_this
duyek1.wav,19.24,0.0,30.0,beat_this
duyek1.wav,19.6,0.0,30.0,beat_this
duyek1.wav,20.02,0.0,30.0,beat_this
duyek1.wav,20.4,0.0,30.0,beat_this
duyek1.wav,20.78,0.0,30.0,beat_this
duyek1.wav,21.16,0.0,30.0,beat_this
duyek1.wav,21.56,0.0,30.0,beat_this
duyek1.wav,21.94,0.0,30.0,beat_this
duyek1.wav,22.36,0.0,30.0,beat_this
duyek1.wav,22.74,0.0,30.0,beat_this
duyek1.wav,23.12,0.0,30.0,beat_this
duyek1.wav,23.5,0.0,30.0,beat_this
duyek1.wav,23.88,0.0,30.0,beat_this
duyek1.wav,24.28,0.0,30.0,beat_this
duyek1.wav,24.66,0.0,30.0,beat_this
duyek1.wav,25.04,0.0,30.0,beat_this
duyek1.wav,25.42,0.0,30.0,beat_this
duyek1.wav,25.82,0.0,30.0,beat_this
duyek1.wav,26.2,0.0,30.0,beat_this
duyek1.wav,26.6,0.0,30.0,beat_this
duyek1.wav,27.0,0.0,30.0,beat_this
duyek1.wav,27.38,0.0,30.0,beat_this
duyek1.wav,27.76,0.0,30.0,beat_this
duyek1.wav,28.16,0.0,30.0,beat_this
duyek1.wav,28.54,0.0,30.0,beat_this
duyek1.wav,28.94,0.0,30.0,beat_this
duyek1.wav,29.32,0.0,30.0,beat_this
duyek1.wav,29.7,0.0,30.0,beat_this
duyek2.wav,0.02,0.0,30.0,beat_this
duyek2.wav,0.5,0.0,30.0,beat_this
duyek2.wav,0.94,0.0,30.0,beat_this
duyek2.wav,1.38,0.0,30.0,beat_this
duyek2.wav,1.82,0.0,30.0,beat_this
duyek2.wav,2.26,0.0,30.0,beat_this
duyek2.wav,2.7,0.0,30.0,beat_this
duyek2.wav,3.14,0.0,30.0,beat_this
duyek2.wav,3.56,0.0,30.0,beat_this
duyek2.wav,4.0,0.0,30.0,beat_this
duyek2.wav,4.44,0.0,30.0,beat_this
duyek2.wav,4.86,0.0,30.0,beat_this
duyek2.wav,5.3,0.0,30.0,beat_this
duyek2.wav,5.74,0.0,30.0,beat_this
duyek2.wav,6.16,0.0,30.0,beat_this
duyek2.wav,6.62,0.0,30.0,beat_this
duyek2.wav,7.06,0.0,30.0,beat_this
duyek2.wav,7.5,0.0,30.0,beat_this
duyek2.wav,7.96,0.0,30.0,beat_this
duyek2.wav,8.4,0.0,30.0,beat_this
duyek2.wav,8.82,0.0,30.0,beat_this
duyek2.wav,9.26,0.0,30.0,beat_this
duyek2.wav,9.7,0.0,30.0,beat_this
duyek2.wav,10.14,0.0,30.0,beat_this
duyek2.wav,10.58,0.0,30.0,beat_this
duyek2.wav,11.02,0.0,30.0,beat_this
duyek2.wav,11.46,0.0,30.0,beat_this
duyek2.wav,11.9,0.0,30.0,beat_this
duyek2.wav,12.34,0.0,30.0,beat_this
duyek2.wav,12.8,0.0,30.0,beat_this
duyek2.wav,13.24,0.0,30.0,beat_this
duyek2.wav,13.68,0.0,30.0,beat_this
duyek2.wav,14.12,0.0,30.0,beat_this
duyek2.wav,14.56,0.0,30.0,beat_this
duyek2.wav,15.02,0.0,30.0,beat_this
duyek2.wav,15.46,0.0,30.0,beat_this
duyek2.wav,15.9,0.0,30.0,beat_this
duyek2.wav,16.36,0.0,30.0,beat_this
duyek2.wav,16.8,0.0,30.0,beat_this
duyek2.wav,17.24,0.0,30.0,beat_this
duyek2.wav,17.68,0.0,30.0,beat_this
duyek2.wav,18.12,0.0,30.0,beat_this
duyek2.wav,18.58,0.0,30.0,beat_this
duyek2.wav,19.02,0.0,30.0,beat_this
duyek2.wav,19.46,0.0,30.0,beat_this
duyek2.wav,19.92,0.0,30.0,beat_this
duyek2.wav,20.36,0.0,30.0,beat_this
duyek2.wav,20.8,0.0,30.0,beat_this
duyek2.wav,21.26,0.0,30.0,beat_this
duyek2.wav,21.72,0.0,30.0,beat_this
duyek2.wav,22.16,0.0,30.0,beat_this
duyek2.wav,22.62,0.0,30.0,beat_this
duyek2.wav,23.06,0.0,30.0,beat_this
duyek2.wav,23.52,0.0,30.0,beat_this
duyek2.wav,23.98,0.0,30.0,beat_this
duyek2.wav,24.42,0.0,30.0,beat_this
duyek2.wav,24.86,0.0,30.0,beat_this
duyek2.wav,25.32,0.0,30.0,beat_this
duyek2.wav,25.8,0.0,30.0,beat_this
duyek2.wav,26.24,0.0,30.0,beat_this
duyek2.wav,26.7,0.0,30.0,beat_this
duyek2.wav,27.18,0.0,30.0,beat_this
duyek2.wav,27.66,0.0,30.0,beat_this
duyek2.wav,28.14,0.0,30.0,beat_this
duyek2.wav,28.62,0.0,30.0,beat_this
duyek2.wav,29.1,0.0,30.0,beat_this
duyek2.wav,29.56,0.0,30.0,beat_this
duyek2.wav,30.0,0.0,30.0,beat_this
gtzan_blues_00000.wav,0.24,0.0,30.0,beat_this
gtzan_blues_00000.wav,0.7,0.0,30.0,beat_this
gtzan_blues_00000.wav,1.18,0.0,30.0,beat_this
gtzan_blues_00000.wav,1.66,0.0,30.0,beat_this
gtzan_blues_00000.wav,2.14,0.0,30.0,beat_this
gtzan_blues_00000.wav,2.62,0.0,30.0,beat_this
gtzan_blues_00000.wav,3.1,0.0,30.0,beat_this
gtzan_blues_00000.wav,3.58,0.0,30.0,beat_this
gtzan_blues_00000.wav,4.06,0.0,30.0,beat_this
gtzan_blues_00000.wav,4.54,0.0,30.0,beat_this
gtzan_blues_00000.wav,5.02,0.0,30.0,beat_this
gtzan_blues_00000.wav,5.5,0.0,30.0,beat_this
gtzan_blues_00000.wav,5.98,0.0,30.0,beat_this
gtzan_blues_00000.wav,6.48,0.0,30.0,beat_this
gtzan_blues_00000.wav,6.96,0.0,30.0,beat_this
gtzan_blues_00000.wav,7.44,0.0,30.0,beat_this
gtzan_blues_00000.wav,7.92,0.0,30.0,beat_this
gtzan_blues_00000.wav,8.4,0.0,30.0,beat_this
gtzan_blues_00000.wav,8.88,0.0,30.0,beat_this
gtzan_blues_00000.wav,9.36,0.0,30.0,beat_this
gtzan_blues_00000.wav,9.84,0.0,30.0,beat_this
gtzan_blues_00000.wav,10.32,0.0,30.0,beat_this
gtzan_blues_00000.wav,10.8,0.0,30.0,beat_this
gtzan_blues_00000.wav,11.28,0.0,30.0,beat_this
gtzan_blues_00000.wav,11.76,0.0,30.0,beat_this
gtzan_blues_00000.wav,12.24,0.0,30.0,beat_this
gtzan_blues_00000.wav,12.72,0.0,30.0,beat_this
gtzan_blues_00000.wav,13.2,0.0,30.0,beat_this
gtzan_blues_00000.wav,13.68,0.0,30.0,beat_this
gtzan_blues_00000.wav,14.16,0.0,30.0,beat_this
gtzan_blues_00000.wav,14.64,0.0,30.0,beat_this
gtzan_blues_00000.wav,15.12,0.0,30.0,beat_this
gtzan_blues_00000.wav,15.58,0.0,30.0,beat_this
gtzan_blues_00000.wav,16.06,0.0,30.0,beat_this
gtzan_blues_00000.wav,16.52,0.0,30.0,beat_this
gtzan_blues_00000.wav,17.0,0.0,30.0,beat_this
gtzan_blues_00000.wav,17.48,0.0,30.0,beat_this
gtzan_blues_00000.wav,17.96,0.0,30.0,beat_this
gtzan_blues_00000.wav,18.44,0.0,30.0,beat_this
gtzan_blues_00000.wav,18.94,0.0,30.0,beat_this
gtzan_blues_00000.wav,19.4,0.0,30.0,beat_this
gtzan_blues_00000.wav,19.88,0.0,30.0,beat_this
gtzan_blues_00000.wav,20.36,0.0,30.0,beat_this
gtzan_blues_00000.wav,20.82,0.0,30.0,beat_this
gtzan_blues_00000.wav,21.3,0.0,30.0,beat_this
gtzan_blues_00000.wav,21.78,0.0,30.0,beat_this
gtzan_blues_00000.wav,22.26,0.0,30.0,beat_this
gtzan_blues_00000.wav,22.74,0.0,30.0,beat_this
gtzan_blues_00000.wav,23.22,0.0,30.0,beat_this
gtzan_blues_00000.wav,23.7,0.0,30.0,beat_this
gtzan_blues_00000.wav,24.18,0.0,30.0,beat_this
gtzan_blues_00000.wav,24.66,0.0,30.0,beat_this
gtzan_blues_00000.wav,25.14,0.0,30.0,beat_this
gtzan_blues_00000.wav,25.64,0.0,30.0,beat_this
gtzan_blues_00000.wav,26.12,0.0,30.0,beat_this
gtzan_blues_00000.wav,26.6,0.0,30.0,beat_this
gtzan_blues_00000.wav,27.08,0.0,30.0,beat_this
gtzan_blues_00000.wav,27.56,0.0,30.0,beat_this
gtzan_blues_00000.wav,28.04,0.0,30.0,beat_this
gtzan_blues_00000.wav,28.54,0.0,30.0,beat_this
gtzan_blues_00000.wav,29.02,0.0,30.0,beat_this
gtzan_blues_00000.wav,29.5,0.0,30.0,beat_this
gtzan_blues_00000.wav,29.98,0.0,30.0,beat_this
gtzan_classical_00000.wav,0.26,0.0,30.0,beat_this
gtzan_classical_00000.wav,0.88,0.0,30.0,beat_this
gtzan_classical_00000.wav,1.5,0.0,30.0,beat_this
gtzan_classical_00000.wav,2.12,0.0,30.0,beat_this
gtzan_classical_00000.wav,2.74,0.0,30.0,beat_this
gtzan_classical_00000.wav,3.34,0.0,30.0,beat_this
gtzan_classical_00000.wav,3.98,0.0,30.0,beat_this
gtzan_classical_00000.wav,4.62,0.0,30.0,beat_this
gtzan_classical_00000.wav,5.28,0.0,30.0,beat_this
gtzan_classical_00000.wav,5.9,0.0,30.0,beat_this
gtzan_classical_00000.wav,6.52,0.0,30.0,beat_this
gtzan_classical_00000.wav,7.16,0.0,30.0,beat_this
gtzan_classical_00000.wav,7.8,0.0,30.0,beat_this
gtzan_classical_00000.wav,8.44,0.0,30.0,beat_this
gtzan_classical_00000.wav,9.08,0.0,30.0,beat_this
gtzan_classical_00000.wav,9.72,0.0,30.0,beat_this
gtzan_classical_00000.wav,10.34,0.0,30.0,beat_this
gtzan_classical_00000.wav,10.96,0.0,30.0,beat_this
gtzan_classical_00000.wav,11.6,0.0,30.0,beat_this
gtzan_classical_00000.wav,12.24,0.0,30.0,beat_this
gtzan_classical_00000.wav,12.88,0.0,30.0,beat_this
gtzan_classical_00000.wav,13.52,0.0,30.0,beat_this
gtzan_classical_00000.wav,14.16,0.0,30.0,beat_this
gtzan_classical_00000.wav,14.8,0.0,30.0,beat_this
gtzan_classical_00000.wav,15.44,0.0,30.0,beat_this
gtzan_classical_00000.wav,16.06,0.0,30.0,beat_this
gtzan_classical_00000.wav,16.68,0.0,30.0,beat_this
gtzan_classical_00000.wav,17.32,0.0,30.0,beat_this
gtzan_classical_00000.wav,17.96,0.0,30.0,beat_this
gtzan_classical_00000.wav,18.58,0.0,30.0,beat_this
gtzan_classical_00000.wav,19.2,0.0,30.0,beat_this
gtzan_classical_00000.wav,19.84,0.0,30.0,beat_this
gtzan_classical_00000.wav,20.46,0.0,30.0,beat_this
gtzan_classical_00000.wav,21.12,0.0,30.0,beat_this
gtzan_classical_00000.wav,21.76,0.0,30.0,beat_this
gtzan_classical_00000.wav,22.38,0.0,30.0,beat_this
gtzan_classical_00000.wav,23.04,0.0,30.0,beat_this
gtzan_classical_00000.wav,23.68,0.0,30.0,beat_this
gtzan_classical_00000.wav,24.32,0.0,30.0,beat_this
gtzan_classical_00000.wav,24.98,0.0,30.0,beat_this
gtzan_classical_00000.wav,25.64,0.0,30.0,beat_this
gtzan_classical_00000.wav,26.28,0.0,30.0,beat_this
gtzan_classical_00000.wav,26.94,0.0,30.0,beat_this
gtzan_classical_00000.wav,27.58,0.0,30.0,beat_this
gtzan_classical_00000.wav,28.22,0.0,30.0,beat_this
gtzan_classical_00000.wav,28.88,0.0,30.0,beat_this
gtzan_classical_00000.wav,29.54,0.0,30.0,beat_this
gtzan_country_00000.wav,0.36,0.0,30.0,beat_this
gtzan_country_00000.wav,1.08,0.0,30.0,beat_this
gtzan_country_00000.wav,1.78,0.0,30.0,beat_this
gtzan_country_00000.wav,2.5,0.0,30.0,beat_this
gtzan_country_00000.wav,3.22,0.0,30.0,beat_this
gtzan_country_00000.wav,3.92,0.0,30.0,beat_this
gtzan_country_00000.wav,4.64,0.0,30.0,beat_this
gtzan_country_00000.wav,5.36,0.0,30.0,beat_this
gtzan_country_00000.wav,6.06,0.0,30.0,beat_this
gtzan_country_00000.wav,6.76,0.0,30.0,beat_this
gtzan_country_00000.wav,7.48,0.0,30.0,beat_this
gtzan_country_00000.wav,8.18,0.0,30.0,beat_this
gtzan_country_00000.wav,8.9,0.0,30.0,beat_this
gtzan_country_00000.wav,9.62,0.0,30.0,beat_this
gtzan_country_00000.wav,10.32,0.0,30.0,beat_this
gtzan_country_00000.wav,11.04,0.0,30.0,beat_this
gtzan_country_00000.wav,11.74,0.0,30.0,beat_this
gtzan_country_00000.wav,12.46,0.0,30.0,beat_this
gtzan_country_00000.wav,13.16,0.0,30.0,beat_this
gtzan_country_00000.wav,13.86,0.0,30.0,beat_this
gtzan_country_00000.wav,14.58,0.0,30.0,beat_this
gtzan_country_00000.wav,15.3,0.0,30.0,beat_this
gtzan_country_00000.wav,16.02,0.0,30.0,beat_this
gtzan_country_00000.wav,16.72,0.0,30.0,beat_this
gtzan_country_00000.wav,17.42,0.0,30.0,beat_this
gtzan_country_00000.wav,18.14,0.0,30.0,beat_this
gtzan_country_00000.wav,18.86,0.0,30.0,beat_this
gtzan_country_00000.wav,19.56,0.0,30.0,beat_this
gtzan_country_00000.wav,20.28,0.0,30.0,beat_this
gtzan_country_00000.wav,20.98,0.0,30.0,beat_this
gtzan_country_00000.wav,21.7,0.0,30.0,beat_this
gtzan_country_00000.wav,22.4,0.0,30.0,beat_this
gtzan_country_00000.wav,23.1,0.0,30.0,beat_this
gtzan_country_00000.wav,23.82,0.0,30.0,beat_this
gtzan_country_00000.wav,24.54,0.0,30.0,beat_this
gtzan_country_00000.wav,25.24,0.0,30.0,beat_this
gtzan_country_00000.wav,25.94,0.0,30.0,beat_this
gtzan_country_00000.wav,26.66,0.0,30.0,beat_this
gtzan_country_00000.wav,27.38,0.0,30.0,beat_this
gtzan_country_00000.wav,28.08,0.0,30.0,beat_this
gtzan_country_00000.wav,28.8,0.0,30.0,beat_this
gtzan_country_00000.wav,29.5,0.0,30.0,beat_this
gtzan_disco_00000.wav,0.2,0.0,30.0,beat_this
gtzan_disco_00000.wav,0.72,0.0,30.0,beat_this
gtzan_disco_00000.wav,1.26,0.0,30.0,beat_this
gtzan_disco_00000.wav,1.78,0.0,30.0,beat_this
gtzan_disco_00000.wav,2.3,0.0,30.0,beat_this
gtzan_disco_00000.wav,2.84,0.0,30.0,beat_this
gtzan_disco_00000.wav,3.36,0.0,30.0,beat_this
gtzan_disco_00000.wav,3.88,0.0,30.0,beat_this
gtzan_disco_00000.wav,4.38,0.0,30.0,beat_this
gtzan_disco_00000.wav,4.92,0.0,30.0,beat_this
gtzan_disco_00000.wav,5.44,0.0,30.0,beat_this
gtzan_disco_00000.wav,5.96,0.0,30.0,beat_this
gtzan_disco_00000.wav,6.48,0.0,30.0,beat_this
gtzan_disco_00000.wav,7.0,0.0,30.0,beat_this
gtzan_disco_00000.wav,7.54,0.0,30.0,beat_this
gtzan_disco_00000.wav,8.04,0.0,30.0,beat_this
gtzan_disco_00000.wav,8.58,0.0,30.0,beat_this
gtzan_disco_00000.wav,9.1,0.0,30.0,beat_this
gtzan_disco_00000.wav,9.62,0.0,30.0,beat_this
gtzan_disco_00000.wav,10.14,0.0,30.0,beat_this
gtzan_disco_00000.wav,10.66,0.0,30.0,beat_this
gtzan_disco_00000.wav,11.18,0.0,30.0,beat_this
gtzan_disco_00000.wav,11.7,0.0,30.0,beat_this
gtzan_disco_00000.wav,12.22,0.0,30.0,beat_this
gtzan_disco_00000.wav,12.74,0.0,30.0,beat_this
gtzan_disco_00000.wav,13.26,0.0,30.0,beat_this
gtzan_disco_00000.wav,13.78,0.0,30.0,beat_this
gtzan_disco_00000.wav,14.3,0.0,30.0,beat_this
gtzan_disco_00000.wav,14.82,0.0,30.0,beat_this
gtzan_disco_00000.wav,15.34,0.0,30.0,beat_this
gtzan_disco_00000.wav,15.86,0.0,30.0,beat_this
gtzan_disco_00000.wav,16.36,0.0,30.0,beat_this
gtzan_disco_00000.wav,16.88,0.0,30.0,beat_this
gtzan_disco_00000.wav,17.4,0.0,30.0,beat_this
gtzan_disco_00000.wav,17.92,0.0,30.0,beat_this
gtzan_disco_00000.wav,18.44,0.0,30.0,beat_this
gtzan_disco_00000.wav,18.96,0.0,30.0,beat_this
gtzan_disco_00000.wav,19.48,0.0,30.0,beat_this
gtzan_disco_00000.wav,20.0,0.0,30.0,beat_this
gtzan_disco_00000.wav,20.52,0.0,30.0,beat_this
gtzan_disco_00000.wav,21.04,0.0,30.0,beat_this
gtzan_disco_00000.wav,21.56,0.0,30.0,beat_this
gtzan_disco_00000.wav,22.1,0.0,30.0,beat_this
gtzan_disco_00000.wav,22.6,0.0,30.0,beat_this
gtzan_disco_00000.wav,23.14,0.0,30.0,beat_this
gtzan_disco_00000.wav,23.66,0.0,30.0,beat_this
gtzan_disco_00000.wav,24.18,0.0,30.0,beat_this
gtzan_disco_00000.wav,24.7,0.0,30.0,beat_this
gtzan_disco_00000.wav,25.24,0.0,30.0,beat_this
gtzan_disco_00000.wav,25.76,0.0,30.0,beat_this
gtzan_disco_00000.wav,26.28,0.0,30.0,beat_this
gtzan_disco_00000.wav,26.8,0.0,30.0,beat_this
gtzan_disco_00000.wav,27.34,0.0,30.0,beat_this
gtzan_disco_00000.wav,27.86,0.0,30.0,beat_this
gtzan_disco_00000.wav,28.38,0.0,30.0,beat_this
gtzan_disco_00000.wav,28.9,0.0,30.0,beat_this
gtzan_disco_00000.wav,29.42,0.0,30.0,beat_this
gtzan_disco_00000.wav,29.94,0.0,30.0,beat_this
gtzan_hiphop_00000.wav,0.18,0.0,30.0,beat_this
gtzan_hiphop_00000.wav,0.7,0.0,30.0,beat_this
gtzan_hiphop_00000.wav,1.18,0.0,30.0,beat_this
gtzan_hiphop_00000.wav,1.7,0.0,30.0,beat_this
gtzan_hiphop_00000.wav,2.2,0.0,30.0,beat_this
gtzan_hiphop_00000.wav,2.7,0.0,30.0,beat_this
gtzan_hiphop_00000.wav,3.2,0.0,30.0,beat_this
gtzan_hiphop_00000.wav,3.72,0.0,30.0,beat_this
gtzan_hiphop_00000.wav,4.22,0.0,30.0,beat_this
gtzan_hiphop_00000.wav,4.72,0.0,30.0,beat_this
gtzan_hiphop_00000.wav,5.22,0.0,30.0,beat_this
gtzan_hiphop_00000.wav,5.74,0.0,30.0,beat_this
gtzan_hiphop_00000.wav,6.22,0.0,30.0,beat_this
gtzan_hiphop_00000.wav,6.74,0.0,30.0,beat_this
gtzan_hiphop_00000.wav,7.24,0.0,30.0,beat_this
gtzan_hiphop_00000.wav,7.74,0.0,30.0,beat_this
gtzan_hiphop_00000.wav,8.26,0.0,30.0,beat_this
gtzan_hiphop_00000.wav,8.76,0.0,30.0,beat_this
gtzan_hiphop_00000.wav,9.26,0.0,30.0,beat_this
gtzan_hiphop_00000.wav,9.76,0.0,30.0,beat_this
gtzan_hiphop_00000.wav,10.26,0.0,30.0,beat_this
gtzan_hiphop_00000.wav,10.76,0.0,30.0,beat_this
gtzan_hiphop_00000.wav,11.26,0.0,30.0,beat_this
gtzan_hiphop_00000.wav,11.76,0.0,30.0,beat_this
gtzan_hiphop_00000.wav,12.26,0.0,30.0,beat_this
gtzan_hiphop_00000.wav,12.76,0.0,30.0,beat_this
gtzan_hiphop_00000.wav,13.26,0.0,30.0,beat_this
gtzan_hiphop_00000.wav,13.78,0.0,30.0,beat_this
gtzan_hiphop_00000.wav,14.28,0.0,30.0,beat_this
gtzan_hiphop_00000.wav,14.78,0.0,30.0,beat_this
gtzan_hiphop_00000.wav,15.28,0.0,30.0,beat_this
gtzan_hiphop_00000.wav,15.8,0.0,30.0,beat_this
gtzan_hiphop_00000.wav,16.28,0.0,30.0,beat_this
gtzan_hiphop_00000.wav,16.8,0.0,30.0,beat_this
gtzan_hiphop_00000.wav,17.3,0.0,30.0,beat_this
gtzan_hiphop_00000.wav,17.8,0.0,30.0,beat_this
gtzan_hiphop_00000.wav,18.3,0.0,30.0,beat_this
gtzan_hiphop_00000.wav,18.8,0.0,30.0,beat_this
gtzan_hiphop_00000.wav,19.3,0.0,30.0,beat_this
gtzan_hiphop_00000.wav,19.82,0.0,30.0,beat_this
gtzan_hiphop_00000.wav,20.32,0.0,30.0,beat_this
gtzan_hiphop_00000.wav,20.82,0.0,30.0,beat_this
gtzan_hiphop_00000.wav,21.32,0.0,30.0,beat_this
gtzan_hiphop_00000.wav,21.82,0.0,30.0,beat_this
gtzan_hiphop_00000.wav,22.34,0.0,30.0,beat_this
gtzan_hiphop_00000.wav,22.84,0.0,30.0,beat_this
gtzan_hiphop_00000.wav,23.34,0.0,30.0,beat_this
gtzan_hiphop_00000.wav,23.86,0.0,30.0,beat_this
gtzan_hiphop_00000.wav,24.36,0.0,30.0,beat_this
gtzan_hiphop_00000.wav,24.86,0.0,30.0,beat_this
gtzan_hiphop_00000.wav,25.36,0.0,30.0,beat_this
gtzan_hiphop_00000.wav,25.86,0.0,30.0,beat_this
gtzan_hiphop_00000.wav,26.36,0.0,30.0,beat_this
gtzan_hiphop_00000.wav,26.88,0.0,30.0,beat_this
gtzan_hiphop_00000.wav,27.38,0.0,30.0,beat_this
gtzan_hiphop_00000.wav,27.88,0.0,30.0,beat_this
gtzan_hiphop_00000.wav,28.38,0.0,30.0,beat_this
gtzan_hiphop_00000.wav,28.88,0.0,30.0,beat_this
gtzan_hiphop_00000.wav,29.38,0.0,30.0,beat_this
gtzan_hiphop_00000.wav,29.9,0.0,30.0,beat_this
gtzan_jazz_00000.wav,0.0,0.0,30.0,beat_this
gtzan_jazz_00000.wav,0.24,0.0,30.0,beat_this
gtzan_jazz_00000.wav,0.44,0.0,30.0,beat_this
gtzan_jazz_00000.wav,0.72,0.0,30.0,beat_this
gtzan_jazz_00000.wav,0.92,0.0,30.0,beat_this
gtzan_jazz_00000.wav,1.18,0.0,30.0,beat_this
gtzan_jazz_00000.wav,1.38,0.0,30.0,beat_this
gtzan_jazz_00000.wav,1.64,0.0,30.0,beat_this
gtzan_jazz_00000.wav,1.86,0.0,30.0,beat_this
gtzan_jazz_00000.wav,2.1,0.0,30.0,beat_this
gtzan_jazz_00000.wav,2.34,0.0,30.0,beat_this
gtzan_jazz_00000.wav,2.56,0.0,30.0,beat_this
gtzan_jazz_00000.wav,2.82,0.0,30.0,beat_this
gtzan_jazz_00000.wav,3.04,0.0,30.0,beat_this
gtzan_jazz_00000.wav,3.3,0.0,30.0,beat_this
gtzan_jazz_00000.wav,3.52,0.0,30.0,beat_this
gtzan_jazz_00000.wav,3.78,0.0,30.0,beat_this
gtzan_jazz_00000.wav,4.04,0.0,30.0,beat_this
gtzan_jazz_00000.wav,4.22,0.0,30.0,beat_this
gtzan_jazz_00000.wav,4.46,0.0,30.0,beat_this
gtzan_jazz_00000.wav,4.72,0.0,30.0,beat_this
gtzan_jazz_00000.wav,4.94,0.0,30.0,beat_this
gtzan_jazz_00000.wav,5.18,0.0,30.0,beat_this
gtzan_jazz_00000.wav,5.4,0.0,30.0,beat_this
gtzan_jazz_00000.wav,5.64,0.0,30.0,beat_this
gtzan_jazz_00000.wav,5.92,0.0,30.0,beat_this
gtzan_jazz_00000.wav,6.1,0.0,30.0,beat_this
gtzan_jazz_00000.wav,6.34,0.0,30.0,beat_this
gtzan_jazz_00000.wav,6.6,0.0,30.0,beat_this
gtzan_jazz_00000.wav,6.8,0.0,30.0,beat_this
gtzan_jazz_00000.wav,7.04,0.0,30.0,beat_this
gtzan_jazz_00000.wav,7.32,0.0,30.0,beat_this
gtzan_jazz_00000.wav,7.58,0.0,30.0,beat_this
gtzan_jazz_00000.wav,7.82,0.0,30.0,beat_this
gtzan_jazz_00000.wav,8.04,0.0,30.0,beat_this
gtzan_jazz_00000.wav,8.26,0.0,30.0,beat_this
gtzan_jazz_00000.wav,8.38,0.0,30.0,beat_this
gtzan_jazz_00000.wav,8.5,0.0,30.0,beat_this
gtzan_jazz_00000.wav,8.76,0.0,30.0,beat_this
gtzan_jazz_00000.wav,9.06,0.0,30.0,beat_this
gtzan_jazz_00000.wav,9.3,0.0,30.0,beat_this
gtzan_jazz_00000.wav,9.58,0.0,30.0,beat_this
gtzan_jazz_00000.wav,9.82,0.0,30.0,beat_this
gtzan_jazz_00000.wav,10.1,0.0,30.0,beat_this
gtzan_jazz_00000.wav,10.24,0.0,30.0,beat_this
gtzan_jazz_00000.wav,10.34,0.0,30.0,beat_this
gtzan_jazz_00000.wav,10.6,0.0,30.0,beat_this
gtzan_jazz_00000.wav,10.88,0.0,30.0,beat_this
gtzan_jazz_00000.wav,11.12,0.0,30.0,beat_this
gtzan_jazz_00000.wav,11.38,0.0,30.0,beat_this
gtzan_jazz_00000.wav,11.62,0.0,30.0,beat_this
gtzan_jazz_00000.wav,11.88,0.0,30.0,beat_this
gtzan_jazz_00000.wav,12.14,0.0,30.0,beat_this
gtzan_jazz_00000.wav,12.42,0.0,30.0,beat_this
gtzan_jazz_00000.wav,12.66,0.0,30.0,beat_this
gtzan_jazz_00000.wav,12.9,0.0,30.0,beat_this
gtzan_jazz_00000.wav,13.16,0.0,30.0,beat_this
gtzan_jazz_00000.wav,13.42,0.0,30.0,beat_this
gtzan_jazz_00000.wav,13.66,0.0,30.0,beat_this
gtzan_jazz_00000.wav,13.92,0.0,30.0,beat_this
gtzan_jazz_00000.wav,14.18,0.0,30.0,beat_this
gtzan_jazz_00000.wav,14.44,0.0,30.0,beat_this
gtzan_jazz_00000.wav,14.68,0.0,30.0,beat_this
gtzan_jazz_00000.wav,14.8,0.0,30.0,beat_this
gtzan_jazz_00000.wav,14.96,0.0,30.0,beat_this
gtzan_jazz_00000.wav,15.22,0.0,30.0,beat_this
gtzan_jazz_00000.wav,15.48,0.0,30.0,beat_this
gtzan_jazz_00000.wav,15.72,0.0,30.0,beat_this
gtzan_jazz_00000.wav,15.98,0.0,30.0,beat_this
gtzan_jazz_00000.wav,16.22,0.0,30.0,beat_this
gtzan_jazz_00000.wav,16.46,0.0,30.0,beat_this
gtzan_jazz_00000.wav,16.7,0.0,30.0,beat_this
gtzan_jazz_00000.wav,16.96,0.0,30.0,beat_this
gtzan_jazz_00000.wav,17.18,0.0,30.0,beat_this
gtzan_jazz_00000.wav,17.44,0.0,30.0,beat_this
gtzan_jazz_00000.wav,17.68,0.0,30.0,beat_this
gtzan_jazz_00000.wav,17.92,0.0,30.0,beat_this
gtzan_jazz_00000.wav,18.16,0.0,30.0,beat_this
gtzan_jazz_00000.wav,18.4,0.0,30.0,beat_this
gtzan_jazz_00000.wav,18.64,0.0,30.0,beat_this
gtzan_jazz_00000.wav,18.88,0.0,30.0,beat_this
gtzan_jazz_00000.wav,19.12,0.0,30.0,beat_this
gtzan_jazz_00000.wav,19.38,0.0,30.0,beat_this
gtzan_jazz_00000.wav,19.62,0.0,30.0,beat_this
gtzan_jazz_00000.wav,19.86,0.0,30.0,beat_this
gtzan_jazz_00000.wav,20.08,0.0,30.0,beat_this
gtzan_jazz_00000.wav,20.34,0.0,30.0,beat_this
gtzan_jazz_00000.wav,20.56,0.0,30.0,beat_this
gtzan_jazz_00000.wav,20.8,0.0,30.0,beat_this
gtzan_jazz_00000.wav,21.04,0.0,30.0,beat_this
gtzan_jazz_00000.wav,21.3,0.0,30.0,beat_this
gtzan_jazz_00000.wav,21.54,0.0,30.0,beat_this
gtzan_jazz_00000.wav,21.78,0.0,30.0,beat_this
gtzan_jazz_00000.wav,22.04,0.0,30.0,beat_this
gtzan_jazz_00000.wav,22.28,0.0,30.0,beat_this
gtzan_jazz_00000.wav,22.52,0.0,30.0,beat_this
gtzan_jazz_00000.wav,22.78,0.0,30.0,beat_this
gtzan_jazz_00000.wav,23.04,0.0,30.0,beat_this
gtzan_jazz_00000.wav,23.28,0.0,30.0,beat_this
gtzan_jazz_00000.wav,23.54,0.0,30.0,beat_this
gtzan_jazz_00000.wav,23.78,0.0,30.0,beat_this
gtzan_jazz_00000.wav,24.02,0.0,30.0,beat_this
gtzan_jazz_00000.wav,24.28,0.0,30.0,beat_this
gtzan_jazz_00000.wav,24.52,0.0,30.0,beat_this
gtzan_jazz_00000.wav,24.76,0.0,30.0,beat_this
gtzan_jazz_00000.wav,25.0,0.0,30.0,beat_this
gtzan_jazz_00000.wav,25.24,0.0,30.0,beat_this
gtzan_jazz_00000.wav,25.5,0.0,30.0,beat_this
gtzan_jazz_00000.wav,25.74,0.0,30.0,beat_this
gtzan_jazz_00000.wav,26.0,0.0,30.0,beat_this
gtzan_jazz_00000.wav,26.24,0.0,30.0,beat_this
gtzan_jazz_00000.wav,26.52,0.0,30.0,beat_this
gtzan_jazz_00000.wav,26.76,0.0,30.0,beat_this
gtzan_jazz_00000.wav,27.0,0.0,30.0,beat_this
gtzan_jazz_00000.wav,27.28,0.0,30.0,beat_this
gtzan_jazz_00000.wav,27.52,0.0,30.0,beat_this
gtzan_jazz_00000.wav,27.78,0.0,30.0,beat_this
gtzan_jazz_00000.wav,28.02,0.0,30.0,beat_this
gtzan_jazz_00000.wav,28.28,0.0,30.0,beat_this
gtzan_jazz_00000.wav,28.52,0.0,30.0,beat_this
gtzan_jazz_00000.wav,28.78,0.0,30.0,beat_this
gtzan_jazz_00000.wav,29.02,0.0,30.0,beat_this
gtzan_jazz_00000.wav,29.26,0.0,30.0,beat_this
gtzan_jazz_00000.wav,29.52,0.0,30.0,beat_this
gtzan_jazz_00000.wav,29.74,0.0,30.0,beat_this
gtzan_jazz_00000.wav,30.0,0.0,30.0,beat_this
gtzan_metal_00000.wav,0.32,0.0,30.0,beat_this
gtzan_metal_00000.wav,0.96,0.0,30.0,beat_this
gtzan_metal_00000.wav,1.62,0.0,30.0,beat_this
gtzan_metal_00000.wav,2.26,0.0,30.0,beat_this
gtzan_metal_00000.wav,2.9,0.0,30.0,beat_this
gtzan_metal_00000.wav,3.54,0.0,30.0,beat_this
gtzan_metal_00000.wav,4.18,0.0,30.0,beat_this
gtzan_metal_00000.wav,4.8,0.0,30.0,beat_this
gtzan_metal_00000.wav,5.44,0.0,30.0,beat_this
gtzan_metal_00000.wav,6.06,0.0,30.0,beat_this
gtzan_metal_00000.wav,6.72,0.0,30.0,beat_this
gtzan_metal_00000.wav,7.36,0.0,30.0,beat_this
gtzan_metal_00000.wav,8.0,0.0,30.0,beat_this
gtzan_metal_00000.wav,8.64,0.0,30.0,beat_this
gtzan_metal_00000.wav,9.28,0.0,30.0,beat_this
gtzan_metal_00000.wav,9.9,0.0,30.0,beat_this
gtzan_metal_00000.wav,10.54,0.0,30.0,beat_this
gtzan_metal_00000.wav,11.16,0.0,30.0,beat_this
gtzan_metal_00000.wav,11.8,0.0,30.0,beat_this
gtzan_metal_00000.wav,12.44,0.0,30.0,beat_this
gtzan_metal_00000.wav,13.08,0.0,30.0,beat_this
gtzan_metal_00000.wav,13.72,0.0,30.0,beat_this
gtzan_metal_00000.wav,14.38,0.0,30.0,beat_this
gtzan_metal_00000.wav,15.02,0.0,30.0,beat_this
gtzan_metal_00000.wav,15.66,0.0,30.0,beat_this
gtzan_metal_00000.wav,16.3,0.0,30.0,beat_this
gtzan_metal_00000.wav,16.94,0.0,30.0,beat_this
gtzan_metal_00000.wav,17.58,0.0,30.0,beat_this
gtzan_metal_00000.wav,18.22,0.0,30.0,beat_this
gtzan_metal_00000.wav,18.86,0.0,30.0,beat_this
gtzan_metal_00000.wav,19.5,0.0,30.0,beat_this
gtzan_metal_00000.wav,20.14,0.0,30.0,beat_this
gtzan_metal_00000.wav,20.8,0.0,30.0,beat_this
gtzan_metal_00000.wav,21.46,0.0,30.0,beat_this
gtzan_metal_00000.wav,22.08,0.0,30.0,beat_this
gtzan_metal_00000.wav,22.7,0.0,30.0,beat_this
gtzan_metal_00000.wav,23.34,0.0,30.0,beat_this
gtzan_metal_00000.wav,23.98,0.0,30.0,beat_this
gtzan_metal_00000.wav,24.62,0.0,30.0,beat_this
gtzan_metal_00000.wav,25.24,0.0,30.0,beat_this
gtzan_metal_00000.wav,25.88,0.0,30.0,beat_this
gtzan_metal_00000.wav,26.52,0.0,30.0,beat_this
gtzan_metal_00000.wav,27.14,0.0,30.0,beat_this
gtzan_metal_00000.wav,27.78,0.0,30.0,beat_this
gtzan_metal_00000.wav,28.42,0.0,30.0,beat_this
gtzan_metal_00000.wav,29.04,0.0,30.0,beat_this
gtzan_metal_00000.wav,29.7,0.0,30.0,beat_this
gtzan_pop_00000.wav,0.64,0.0,30.0,beat_this
gtzan_pop_00000.wav,1.54,0.0,30.0,beat_this
gtzan_pop_00000.wav,2.44,0.0,30.0,beat_this
gtzan_pop_00000.wav,3.36,0.0,30.0,beat_this
gtzan_pop_00000.wav,4.24,0.0,30.0,beat_this
gtzan_pop_00000.wav,5.16,0.0,30.0,beat_this
gtzan_pop_00000.wav,6.06,0.0,30.0,beat_this
gtzan_pop_00000.wav,6.96,0.0,30.0,beat_this
gtzan_pop_00000.wav,7.86,0.0,30.0,beat_this
gtzan_pop_00000.wav,8.76,0.0,30.0,beat_this
gtzan_pop_00000.wav,9.66,0.0,30.0,beat_this
gtzan_pop_00000.wav,10.58,0.0,30.0,beat_this
gtzan_pop_00000.wav,11.46,0.0,30.0,beat_this
gtzan_pop_00000.wav,12.38,0.0,30.0,beat_this
gtzan_pop_00000.wav,13.28,0.0,30.0,beat_this
gtzan_pop_00000.wav,14.18,0.0,30.0,beat_this
gtzan_pop_00000.wav,15.08,0.0,30.0,beat_this
gtzan_pop_00000.wav,15.98,0.0,30.0,beat_this
gtzan_pop_00000.wav,16.88,0.0,30.0,beat_this
gtzan_pop_00000.wav,17.78,0.0,30.0,beat_this
gtzan_pop_00000.wav,18.68,0.0,30.0,beat_this
gtzan_pop_00000.wav,19.6,0.0,30.0,beat_this
gtzan_pop_00000.wav,20.48,0.0,30.0,beat_this
gtzan_pop_00000.wav,21.4,0.0,30.0,beat_this
gtzan_pop_00000.wav,22.3,0.0,30.0,beat_this
gtzan_pop_00000.wav,23.2,0.0,30.0,beat_this
gtzan_pop_00000.wav,24.1,0.0,30.0,beat_this
gtzan_pop_00000.wav,25.0,0.0,30.0,beat_this
gtzan_pop_00000.wav,25.9,0.0,30.0,beat_this
gtzan_pop_00000.wav,26.8,0.0,30.0,beat_this
gtzan_pop_00000.wav,27.7,0.0,30.0,beat_this
gtzan_pop_00000.wav,28.62,0.0,30.0,beat_this
gtzan_pop_00000.wav,29.52,0.0,30.0,beat_this
hainsworth_001.wav,0.0,0.0,30.0,beat_this
hainsworth_001.wav,0.6,0.0,30.0,beat_this
hainsworth_001.wav,1.2,0.0,30.0,beat_this
hainsworth_001.wav,1.8,0.0,30.0,beat_this
hainsworth_001.wav,2.4,0.0,30.0,beat_this
hainsworth_001.wav,3.0,0.0,30.0,beat_this
hainsworth_001.wav,3.6,0.0,30.0,beat_this
hainsworth_001.wav,4.2,0.0,30.0,beat_this
hainsworth_001.wav,4.8,0.0,30.0,beat_this
hainsworth_001.wav,5.4,0.0,30.0,beat_this
hainsworth_001.wav,6.02,0.0,30.0,beat_this
hainsworth_001.wav,6.62,0.0,30.0,beat_this
hainsworth_001.wav,7.22,0.0,30.0,beat_this
hainsworth_001.wav,7.82,0.0,30.0,beat_this
hainsworth_001.wav,8.44,0.0,30.0,beat_this
hainsworth_001.wav,9.04,0.0,30.0,beat_this
hainsworth_001.wav,9.64,0.0,30.0,beat_this
hainsworth_001.wav,10.22,0.0,30.0,beat_this
hainsworth_001.wav,10.84,0.0,30.0,beat_this
hainsworth_001.wav,11.44,0.0,30.0,beat_this
hainsworth_001.wav,12.04,0.0,30.0,beat_this
hainsworth_001.wav,12.64,0.0,30.0,beat_this
hainsworth_001.wav,13.24,0.0,30.0,beat_this
hainsworth_001.wav,13.84,0.0,30.0,beat_this
hainsworth_001.wav,14.44,0.0,30.0,beat_this
hainsworth_001.wav,15.06,0.0,30.0,beat_this
hainsworth_001.wav,15.66,0.0,30.0,beat_this
hainsworth_001.wav,16.24,0.0,30.0,beat_this
hainsworth_001.wav,16.84,0.0,30.0,beat_this
hainsworth_001.wav,17.44,0.0,30.0,beat_this
hainsworth_001.wav,18.02,0.0,30.0,beat_this
hainsworth_001.wav,18.6,0.0,30.0,beat_this
hainsworth_001.wav,19.22,0.0,30.0,beat_this
hainsworth_001.wav,19.82,0.0,30.0,beat_this
hainsworth_001.wav,20.42,0.0,30.0,beat_this
hainsworth_001.wav,21.02,0.0,30.0,beat_this
hainsworth_001.wav,21.62,0.0,30.0,beat_this
hainsworth_001.wav,22.22,0.0,30.0,beat_this
hainsworth_001.wav,22.82,0.0,30.0,beat_this
hainsworth_001.wav,23.42,0.0,30.0,beat_this
hainsworth_001.wav,24.04,0.0,30.0,beat_this
hainsworth_001.wav,24.64,0.0,30.0,beat_this
hainsworth_001.wav,25.22,0.0,30.0,beat_this
hainsworth_001.wav,25.84,0.0,30.0,beat_this
hainsworth_001.wav,26.42,0.0,30.0,beat_this
hainsworth_001.wav,27.02,0.0,30.0,beat_this
hainsworth_001.wav,27.62,0.0,30.0,beat_this
hainsworth_001.wav,28.2,0.0,30.0,beat_this
hainsworth_001.wav,28.8,0.0,30.0,beat_this
hainsworth_001.wav,29.4,0.0,30.0,beat_this
hainsworth_001.wav,30.0,0.0,30.0,beat_this
hainsworth_002.wav,0.0,0.0,30.0,beat_this
hainsworth_002.wav,0.54,0.0,30.0,beat_this
hainsworth_002.wav,1.06,0.0,30.0,beat_this
hainsworth_002.wav,1.6,0.0,30.0,beat_this
hainsworth_002.wav,2.1,0.0,30.0,beat_this
hainsworth_002.wav,2.64,0.0,30.0,beat_this
hainsworth_002.wav,3.16,0.0,30.0,beat_this
hainsworth_002.wav,3.68,0.0,30.0,beat_this
hainsworth_002.wav,4.2,0.0,30.0,beat_this
hainsworth_002.wav,4.74,0.0,30.0,beat_this
hainsworth_002.wav,5.26,0.0,30.0,beat_this
hainsworth_002.wav,5.78,0.0,30.0,beat_this
hainsworth_002.wav,6.3,0.0,30.0,beat_this
hainsworth_002.wav,6.82,0.0,30.0,beat_this
hainsworth_002.wav,7.34,0.0,30.0,beat_this
hainsworth_002.wav,7.86,0.0,30.0,beat_this
hainsworth_002.wav,8.38,0.0,30.0,beat_this
hainsworth_002.wav,8.9,0.0,30.0,beat_this
hainsworth_002.wav,9.42,0.0,30.0,beat_this
hainsworth_002.wav,9.94,0.0,30.0,beat_this
hainsworth_002.wav,10.46,0.0,30.0,beat_this
hainsworth_002.wav,10.98,0.0,30.0,beat_this
hainsworth_002.wav,11.5,0.0,30.0,beat_this
hainsworth_002.wav,12.04,0.0,30.0,beat_this
hainsworth_002.wav,12.56,0.0,30.0,beat_this
hainsworth_002.wav,13.08,0.0,30.0,beat_this
hainsworth_002.wav,13.6,0.0,30.0,beat_this
hainsworth_002.wav,14.12,0.0,30.0,beat_this
hainsworth_002.wav,14.64,0.0,30.0,beat_this
hainsworth_002.wav,15.16,0.0,30.0,beat_this
hainsworth_002.wav,15.68,0.0,30.0,beat_this
hainsworth_002.wav,16.18,0.0,30.0,beat_this
hainsworth_002.wav,16.72,0.0,30.0,beat_this
hainsworth_002.wav,17.26,0.0,30.0,beat_this
hainsworth_002.wav,17.8,0.0,30.0,beat_this
hainsworth_002.wav,18.32,0.0,30.0,beat_this
hainsworth_002.wav,18.84,0.0,30.0,beat_this
hainsworth_002.wav,19.38,0.0,30.0,beat_this
hainsworth_002.wav,19.92,0.0,30.0,beat_this
hainsworth_002.wav,20.46,0.0,30.0,beat_this
hainsworth_002.wav,21.0,0.0,30.0,beat_this
hainsworth_002.wav,21.54,0.0,30.0,beat_this
hainsworth_002.wav,22.06,0.0,30.0,beat_this
hainsworth_002.wav,22.58,0.0,30.0,beat_this
hainsworth_002.wav,23.1,0.0,30.0,beat_this
hainsworth_002.wav,23.62,0.0,30.0,beat_this
hainsworth_002.wav,24.12,0.0,30.0,beat_this
hainsworth_002.wav,24.66,0.0,30.0,beat_this
hainsworth_002.wav,25.16,0.0,30.0,beat_this
hainsworth_002.wav,25.7,0.0,30.0,beat_this
hainsworth_002.wav,26.22,0.0,30.0,beat_this
hainsworth_002.wav,26.74,0.0,30.0,beat_this
hainsworth_002.wav,27.24,0.0,30.0,beat_this
hainsworth_002.wav,27.78,0.0,30.0,beat_this
hainsworth_002.wav,28.3,0.0,30.0,beat_this
hainsworth_002.wav,28.82,0.0,30.0,beat_this
hainsworth_002.wav,29.34,0.0,30.0,beat_this
hainsworth_002.wav,29.86,0.0,30.0,beat_this
hainsworth_003.wav,0.02,0.0,30.0,beat_this
hainsworth_003.wav,0.54,0.0,30.0,beat_this
hainsworth_003.wav,1.02,0.0,30.0,beat_this
hainsworth_003.wav,1.5,0.0,30.0,beat_this
hainsworth_003.wav,2.0,0.0,30.0,beat_this
hainsworth_003.wav,2.48,0.0,30.0,beat_this
hainsworth_003.wav,2.96,0.0,30.0,beat_this
hainsworth_003.wav,3.44,0.0,30.0,beat_this
hainsworth_003.wav,3.94,0.0,30.0,beat_this
hainsworth_003.wav,4.44,0.0,30.0,beat_this
hainsworth_003.wav,4.92,0.0,30.0,beat_this
hainsworth_003.wav,5.4,0.0,30.0,beat_this
hainsworth_003.wav,5.9,0.0,30.0,beat_this
hainsworth_003.wav,6.38,0.0,30.0,beat_this
hainsworth_003.wav,6.86,0.0,30.0,beat_this
hainsworth_003.wav,7.36,0.0,30.0,beat_this
hainsworth_003.wav,7.84,0.0,30.0,beat_this
hainsworth_003.wav,8.34,0.0,30.0,beat_this
hainsworth_003.wav,8.84,0.0,30.0,beat_this
hainsworth_003.wav,9.32,0.0,30.0,beat_this
hainsworth_003.wav,9.8,0.0,30.0,beat_this
hainsworth_003.wav,10.3,0.0,30.0,beat_this
hainsworth_003.wav,10.76,0.0,30.0,beat_this
hainsworth_003.wav,11.24,0.0,30.0,beat_this
hainsworth_003.wav,11.74,0.0,30.0,beat_this
hainsworth_003.wav,12.22,0.0,30.0,beat_this
hainsworth_003.wav,12.72,0.0,30.0,beat_this
hainsworth_003.wav,13.22,0.0,30.0,beat_this
hainsworth_003.wav,13.68,0.0,30.0,beat_this
hainsworth_003.wav,14.18,0.0,30.0,beat_this
hainsworth_003.wav,14.66,0.0,30.0,beat_this
hainsworth_003.wav,15.14,0.0,30.0,beat_this
hainsworth_003.wav,15.62,0.0,30.0,beat_this
hainsworth_003.wav,16.12,0.0,30.0,beat_this
hainsworth_003.wav,16.6,0.0,30.0,beat_this
hainsworth_003.wav,17.1,0.0,30.0,beat_this
hainsworth_003.wav,17.54,0.0,30.0,beat_this
hainsworth_003.wav,18.02,0.0,30.0,beat_this
hainsworth_003.wav,18.48,0.0,30.0,beat_this
hainsworth_003.wav,18.94,0.0,30.0,beat_this
hainsworth_003.wav,19.44,0.0,30.0,beat_this
hainsworth_003.wav,19.92,0.0,30.0,beat_this
hainsworth_003.wav,20.42,0.0,30.0,beat_this
hainsworth_003.wav,20.92,0.0,30.0,beat_this
hainsworth_003.wav,21.42,0.0,30.0,beat_this
hainsworth_003.wav,21.9,0.0,30.0,beat_this
hainsworth_003.wav,22.38,0.0,30.0,beat_this
hainsworth_003.wav,22.86,0.0,30.0,beat_this
hainsworth_003.wav,23.34,0.0,30.0,beat_this
hainsworth_003.wav,23.84,0.0,30.0,beat_this
hainsworth_003.wav,24.32,0.0,30.0,beat_this
hainsworth_003.wav,24.8,0.0,30.0,beat_this
hainsworth_003.wav,25.28,0.0,30.0,beat_this
hainsworth_003.wav,25.78,0.0,30.0,beat_this
hainsworth_003.wav,26.24,0.0,30.0,beat_this
hainsworth_003.wav,26.72,0.0,30.0,beat_this
hainsworth_003.wav,27.2,0.0,30.0,beat_this
hainsworth_003.wav,27.68,0.0,30.0,beat_this
hainsworth_003.wav,28.18,0.0,30.0,beat_this
hainsworth_003.wav,28.64,0.0,30.0,beat_this
hainsworth_003.wav,29.12,0.0,30.0,beat_this
hainsworth_003.wav,29.6,0.0,30.0,beat_this
hainsworth_006.wav,0.0,0.0,30.0,beat_this
hainsworth_006.wav,1.12,0.0,30.0,beat_this
hainsworth_006.wav,2.14,0.0,30.0,beat_this
hainsworth_006.wav,3.4,0.0,30.0,beat_this
hainsworth_006.wav,4.58,0.0,30.0,beat_this
hainsworth_006.wav,5.62,0.0,30.0,beat_this
hainsworth_006.wav,6.66,0.0,30.0,beat_this
hainsworth_006.wav,7.96,0.0,30.0,beat_this
hainsworth_006.wav,9.2,0.0,30.0,beat_this
hainsworth_006.wav,10.36,0.0,30.0,beat_this
hainsworth_006.wav,11.4,0.0,30.0,beat_this
hainsworth_006.wav,12.74,0.0,30.0,beat_this
hainsworth_006.wav,13.98,0.0,30.0,beat_this
hainsworth_006.wav,15.1,0.0,30.0,beat_this
hainsworth_006.wav,18.72,0.0,30.0,beat_this
hainsworth_006.wav,19.98,0.0,30.0,beat_this
hainsworth_006.wav,21.06,0.0,30.0,beat_this
hainsworth_006.wav,22.08,0.0,30.0,beat_this
hainsworth_006.wav,23.16,0.0,30.0,beat_this
hainsworth_006.wav,24.28,0.0,30.0,beat_this
hainsworth_006.wav,25.28,0.0,30.0,beat_this
hainsworth_006.wav,26.24,0.0,30.0,beat_this
hainsworth_006.wav,27.54,0.0,30.0,beat_this
hainsworth_006.wav,28.48,0.0,30.0,beat_this
hainsworth_006.wav,28.66,0.0,30.0,beat_this
hainsworth_006.wav,29.98,0.0,30.0,beat_this
hainsworth_019.wav,0.02,0.0,30.0,beat_this
hainsworth_019.wav,0.72,0.0,30.0,beat_this
hainsworth_019.wav,1.44,0.0,30.0,beat_this
hainsworth_019.wav,2.16,0.0,30.0,beat_this
hainsworth_019.wav,2.86,0.0,30.0,beat_this
hainsworth_019.wav,3.58,0.0,30.0,beat_this
hainsworth_019.wav,4.3,0.0,30.0,beat_this
hainsworth_019.wav,5.02,0.0,30.0,beat_this
hainsworth_019.wav,5.72,0.0,30.0,beat_this
hainsworth_019.wav,6.44,0.0,30.0,beat_this
hainsworth_019.wav,7.14,0.0,30.0,beat_this
hainsworth_019.wav,7.88,0.0,30.0,beat_this
hainsworth_019.wav,8.58,0.0,30.0,beat_this
hainsworth_019.wav,9.3,0.0,30.0,beat_this
hainsworth_019.wav,10.0,0.0,30.0,beat_this
hainsworth_019.wav,10.72,0.0,30.0,beat_this
hainsworth_019.wav,11.44,0.0,30.0,beat_this
hainsworth_019.wav,12.14,0.0,30.0,beat_this
hainsworth_019.wav,12.86,0.0,30.0,beat_this
hainsworth_019.wav,13.58,0.0,30.0,beat_this
hainsworth_019.wav,14.3,0.0,30.0,beat_this
hainsworth_019.wav,15.0,0.0,30.0,beat_this
hainsworth_019.wav,15.72,0.0,30.0,beat_this
hainsworth_019.wav,16.44,0.0,30.0,beat_this
hainsworth_019.wav,17.16,0.0,30.0,beat_this
hainsworth_019.wav,17.86,0.0,30.0,beat_this
hainsworth_019.wav,18.58,0.0,30.0,beat_this
hainsworth_019.wav,19.3,0.0,30.0,beat_this
hainsworth_019.wav,20.0,0.0,30.0,beat_this
hainsworth_019.wav,20.72,0.0,30.0,beat_this
hainsworth_019.wav,21.44,0.0,30.0,beat_this
hainsworth_019.wav,22.16,0.0,30.0,beat_this
hainsworth_019.wav,22.86,0.0,30.0,beat_this
hainsworth_019.wav,23.58,0.0,30.0,beat_this
hainsworth_019.wav,24.28,0.0,30.0,beat_this
hainsworth_019.wav,25.0,0.0,30.0,beat_this
hainsworth_019.wav,25.72,0.0,30.0,beat_this
hainsworth_019.wav,26.44,0.0,30.0,beat_this
hainsworth_019.wav,27.14,0.0,30.0,beat_this
hainsworth_019.wav,27.86,0.0,30.0,beat_this
hainsworth_019.wav,28.58,0.0,30.0,beat_this
hainsworth_019.wav,29.3,0.0,30.0,beat_this
hainsworth_019.wav,30.0,0.0,30.0,beat_this
hainsworth_095.wav,0.0,0.0,30.0,beat_this
hainsworth_095.wav,0.38,0.0,30.0,beat_this
hainsworth_095.wav,0.8,0.0,30.0,beat_this
hainsworth_095.wav,1.2,0.0,30.0,beat_this
hainsworth_095.wav,1.6,0.0,30.0,beat_this
hainsworth_095.wav,2.02,0.0,30.0,beat_this
hainsworth_095.wav,2.42,0.0,30.0,beat_this
hainsworth_095.wav,2.82,0.0,30.0,beat_this
hainsworth_095.wav,3.22,0.0,30.0,beat_this
hainsworth_095.wav,3.64,0.0,30.0,beat_this
hainsworth_095.wav,4.04,0.0,30.0,beat_this
hainsworth_095.wav,4.46,0.0,30.0,beat_this
hainsworth_095.wav,4.86,0.0,30.0,beat_this
hainsworth_095.wav,5.28,0.0,30.0,beat_this
hainsworth_095.wav,5.68,0.0,30.0,beat_this
hainsworth_095.wav,6.08,0.0,30.0,beat_this
hainsworth_095.wav,6.48,0.0,30.0,beat_this
hainsworth_095.wav,6.9,0.0,30.0,beat_this
hainsworth_095.wav,7.3,0.0,30.0,beat_this
hainsworth_095.wav,7.7,0.0,30.0,beat_this
hainsworth_095.wav,8.1,0.0,30.0,beat_this
hainsworth_095.wav,8.52,0.0,30.0,beat_this
hainsworth_095.wav,8.92,0.0,30.0,beat_this
hainsworth_095.wav,9.34,0.0,30.0,beat_this
hainsworth_095.wav,9.74,0.0,30.0,beat_this
hainsworth_095.wav,10.16,0.0,30.0,beat_this
hainsworth_095.wav,10.56,0.0,30.0,beat_this
hainsworth_095.wav,10.98,0.0,30.0,beat_this
hainsworth_095.wav,11.38,0.0,30.0,beat_this
hainsworth_095.wav,11.8,0.0,30.0,beat_this
hainsworth_095.wav,12.2,0.0,30.0,beat_this
hainsworth_095.wav,12.62,0.0,30.0,beat_this
hainsworth_095.wav,13.02,0.0,30.0,beat_this
hainsworth_095.wav,13.44,0.0,30.0,beat_this
hainsworth_095.wav,13.84,0.0,30.0,beat_this
hainsworth_095.wav,14.24,0.0,30.0,beat_this
hainsworth_095.wav,14.64,0.0,30.0,beat_this
hainsworth_095.wav,15.06,0.0,30.0,beat_this
hainsworth_095.wav,15.46,0.0,30.0,beat_this
hainsworth_095.wav,15.86,0.0,30.0,beat_this
hainsworth_095.wav,16.26,0.0,30.0,beat_this
hainsworth_095.wav,16.68,0.0,30.0,beat_this
hainsworth_095.wav,17.08,0.0,30.0,beat_this
hainsworth_095.wav,17.5,0.0,30.0,beat_this
hainsworth_095.wav,17.9,0.0,30.0,beat_this
hainsworth_095.wav,18.3,0.0,30.0,beat_this
hainsworth_095.wav,18.72,0.0,30.0,beat_this
hainsworth_095.wav,19.12,0.0,30.0,beat_this
hainsworth_095.wav,19.52,0.0,30.0,beat_this
hainsworth_095.wav,19.94,0.0,30.0,beat_this
hainsworth_095.wav,20.34,0.0,30.0,beat_this
hainsworth_095.wav,20.74,0.0,30.0,beat_this
hainsworth_095.wav,21.16,0.0,30.0,beat_this
hainsworth_095.wav,21.56,0.0,30.0,beat_this
hainsworth_095.wav,21.96,0.0,30.0,beat_this
hainsworth_095.wav,22.36,0.0,30.0,beat_this
hainsworth_095.wav,22.76,0.0,30.0,beat_this
hainsworth_095.wav,23.18,0.0,30.0,beat_this
hainsworth_095.wav,23.58,0.0,30.0,beat_this
hainsworth_095.wav,24.0,0.0,30.0,beat_this
hainsworth_095.wav,24.4,0.0,30.0,beat_this
hainsworth_095.wav,24.8,0.0,30.0,beat_this
hainsworth_095.wav,25.22,0.0,30.0,beat_this
hainsworth_095.wav,25.64,0.0,30.0,beat_this
hainsworth_095.wav,26.02,0.0,30.0,beat_this
hainsworth_095.wav,26.44,0.0,30.0,beat_this
hainsworth_095.wav,26.84,0.0,30.0,beat_this
hainsworth_095.wav,27.26,0.0,30.0,beat_this
hainsworth_095.wav,27.66,0.0,30.0,beat_this
hainsworth_095.wav,28.08,0.0,30.0,beat_this
hainsworth_095.wav,28.5,0.0,30.0,beat_this
hainsworth_095.wav,28.9,0.0,30.0,beat_this
hainsworth_095.wav,29.32,0.0,30.0,beat_this
hainsworth_095.wav,29.72,0.0,30.0,beat_this
hainsworth_112.wav,0.02,0.0,30.0,beat_this
hainsworth_112.wav,0.4,0.0,30.0,beat_this
hainsworth_112.wav,0.8,0.0,30.0,beat_this
hainsworth_112.wav,1.22,0.0,30.0,beat_this
hainsworth_112.wav,1.64,0.0,30.0,beat_this
hainsworth_112.wav,2.06,0.0,30.0,beat_this
hainsworth_112.wav,2.46,0.0,30.0,beat_this
hainsworth_112.wav,2.86,0.0,30.0,beat_this
hainsworth_112.wav,3.28,0.0,30.0,beat_this
hainsworth_112.wav,3.68,0.0,30.0,beat_this
hainsworth_112.wav,4.08,0.0,30.0,beat_this
hainsworth_112.wav,4.5,0.0,30.0,beat_this
hainsworth_112.wav,4.92,0.0,30.0,beat_this
hainsworth_112.wav,5.34,0.0,30.0,beat_this
hainsworth_112.wav,5.76,0.0,30.0,beat_this
hainsworth_112.wav,6.16,0.0,30.0,beat_this
hainsworth_112.wav,6.6,0.0,30.0,beat_this
hainsworth_112.wav,7.02,0.0,30.0,beat_this
hainsworth_112.wav,7.42,0.0,30.0,beat_this
hainsworth_112.wav,7.84,0.0,30.0,beat_this
hainsworth_112.wav,8.26,0.0,30.0,beat_this
hainsworth_112.wav,8.66,0.0,30.0,beat_this
hainsworth_112.wav,9.06,0.0,30.0,beat_this
hainsworth_112.wav,9.48,0.0,30.0,beat_this
hainsworth_112.wav,9.9,0.0,30.0,beat_this
hainsworth_112.wav,10.32,0.0,30.0,beat_this
hainsworth_112.wav,10.74,0.0,30.0,beat_this
hainsworth_112.wav,11.14,0.0,30.0,beat_this
hainsworth_112.wav,11.54,0.0,30.0,beat_this
hainsworth_112.wav,11.96,0.0,30.0,beat_this
hainsworth_112.wav,12.36,0.0,30.0,beat_this
hainsworth_112.wav,12.78,0.0,30.0,beat_this
hainsworth_112.wav,13.2,0.0,30.0,beat_this
hainsworth_112.wav,13.6,0.0,30.0,beat_this
hainsworth_112.wav,14.02,0.0,30.0,beat_this
hainsworth_112.wav,14.44,0.0,30.0,beat_this
hainsworth_112.wav,14.86,0.0,30.0,beat_this
hainsworth_112.wav,15.24,0.0,30.0,beat_this
hainsworth_112.wav,15.64,0.0,30.0,beat_this
hainsworth_112.wav,16.06,0.0,30.0,beat_this
hainsworth_112.wav,16.48,0.0,30.0,beat_this
hainsworth_112.wav,16.9,0.0,30.0,beat_this
hainsworth_112.wav,17.3,0.0,30.0,beat_this
hainsworth_112.wav,17.72,0.0,30.0,beat_this
hainsworth_112.wav,18.16,0.0,30.0,beat_this
hainsworth_112.wav,18.56,0.0,30.0,beat_this
hainsworth_112.wav,18.96,0.0,30.0,beat_this
hainsworth_112.wav,19.38,0.0,30.0,beat_this
hainsworth_112.wav,19.8,0.0,30.0,beat_this
hainsworth_112.wav,20.22,0.0,30.0,beat_this
hainsworth_112.wav,20.64,0.0,30.0,beat_this
hainsworth_112.wav,21.04,0.0,30.0,beat_this
hainsworth_112.wav,21.48,0.0,30.0,beat_this
hainsworth_112.wav,21.88,0.0,30.0,beat_this
hainsworth_112.wav,22.28,0.0,30.0,beat_this
hainsworth_112.wav,22.7,0.0,30.0,beat_this
hainsworth_112.wav,23.12,0.0,30.0,beat_this
hainsworth_112.wav,23.52,0.0,30.0,beat_this
hainsworth_112.wav,23.94,0.0,30.0,beat_this
hainsworth_112.wav,24.36,0.0,30.0,beat_this
hainsworth_112.wav,24.8,0.0,30.0,beat_this
hainsworth_112.wav,25.2,0.0,30.0,beat_this
hainsworth_112.wav,25.62,0.0,30.0,beat_this
hainsworth_112.wav,26.04,0.0,30.0,beat_this
hainsworth_112.wav,26.46,0.0,30.0,beat_this
hainsworth_112.wav,26.88,0.0,30.0,beat_this
hainsworth_112.wav,27.32,0.0,30.0,beat_this
hainsworth_112.wav,27.72,0.0,30.0,beat_this
hainsworth_112.wav,28.16,0.0,30.0,beat_this
hainsworth_112.wav,28.58,0.0,30.0,beat_this
hainsworth_112.wav,29.0,0.0,30.0,beat_this
hainsworth_112.wav,29.42,0.0,30.0,beat_this
hainsworth_112.wav,29.84,0.0,30.0,beat_this
hainsworth_173.wav,0.0,0.0,30.0,beat_this
hainsworth_173.wav,0.48,0.0,30.0,beat_this
hainsworth_173.wav,0.98,0.0,30.0,beat_this
hainsworth_173.wav,1.46,0.0,30.0,beat_this
hainsworth_173.wav,1.94,0.0,30.0,beat_this
hainsworth_173.wav,2.44,0.0,30.0,beat_this
hainsworth_173.wav,2.92,0.0,30.0,beat_this
hainsworth_173.wav,3.4,0.0,30.0,beat_this
hainsworth_173.wav,3.88,0.0,30.0,beat_this
hainsworth_173.wav,4.36,0.0,30.0,beat_this
hainsworth_173.wav,4.84,0.0,30.0,beat_this
hainsworth_173.wav,5.34,0.0,30.0,beat_this
hainsworth_173.wav,5.82,0.0,30.0,beat_this
hainsworth_173.wav,6.3,0.0,30.0,beat_this
hainsworth_173.wav,6.8,0.0,30.0,beat_this
hainsworth_173.wav,7.28,0.0,30.0,beat_this
hainsworth_173.wav,7.76,0.0,30.0,beat_this
hainsworth_173.wav,8.24,0.0,30.0,beat_this
hainsworth_173.wav,8.72,0.0,30.0,beat_this
hainsworth_173.wav,9.2,0.0,30.0,beat_this
hainsworth_173.wav,9.7,0.0,30.0,beat_this
hainsworth_173.wav,10.18,0.0,30.0,beat_this
hainsworth_173.wav,10.66,0.0,30.0,beat_this
hainsworth_173.wav,11.14,0.0,30.0,beat_this
hainsworth_173.wav,11.62,0.0,30.0,beat_this
hainsworth_173.wav,12.1,0.0,30.0,beat_this
hainsworth_173.wav,12.6,0.0,30.0,beat_this
hainsworth_173.wav,13.08,0.0,30.0,beat_this
hainsworth_173.wav,13.56,0.0,30.0,beat_this
hainsworth_173.wav,14.04,0.0,30.0,beat_this
hainsworth_173.wav,14.54,0.0,30.0,beat_this
hainsworth_173.wav,15.0,0.0,30.0,beat_this
hainsworth_173.wav,15.48,0.0,30.0,beat_this
hainsworth_173.wav,15.96,0.0,30.0,beat_this
hainsworth_173.wav,16.46,0.0,30.0,beat_this
hainsworth_173.wav,16.94,0.0,30.0,beat_this
hainsworth_173.wav,17.44,0.0,30.0,beat_this
hainsworth_173.wav,17.9,0.0,30.0,beat_this
hainsworth_173.wav,18.4,0.0,30.0,beat_this
hainsworth_173.wav,18.88,0.0,30.0,beat_this
hainsworth_173.wav,19.38,0.0,30.0,beat_this
hainsworth_173.wav,19.86,0.0,30.0,beat_this
hainsworth_173.wav,20.34,0.0,30.0,beat_this
hainsworth_173.wav,20.82,0.0,30.0,beat_this
hainsworth_173.wav,21.32,0.0,30.0,beat_this
hainsworth_173.wav,21.78,0.0,30.0,beat_this
hainsworth_173.wav,22.26,0.0,30.0,beat_this
hainsworth_173.wav,22.76,0.0,30.0,beat_this
hainsworth_173.wav,23.24,0.0,30.0,beat_this
hainsworth_173.wav,23.74,0.0,30.0,beat_this
hainsworth_173.wav,24.22,0.0,30.0,beat_this
hainsworth_173.wav,24.7,0.0,30.0,beat_this
hainsworth_173.wav,25.2,0.0,30.0,beat_this
hainsworth_173.wav,25.68,0.0,30.0,beat_this
hainsworth_173.wav,26.16,0.0,30.0,beat_this
hainsworth_173.wav,26.64,0.0,30.0,beat_this
hainsworth_173.wav,27.14,0.0,30.0,beat_this
hainsworth_173.wav,27.62,0.0,30.0,beat_this
hainsworth_173.wav,28.1,0.0,30.0,beat_this
hainsworth_173.wav,28.58,0.0,30.0,beat_this
hainsworth_173.wav,29.08,0.0,30.0,beat_this
hainsworth_173.wav,29.56,0.0,30.0,beat_this
proyecto.1992_gimenez_02.wav,0.02,0.0,30.0,beat_this
proyecto.1992_gimenez_02.wav,0.5,0.0,30.0,beat_this
proyecto.1992_gimenez_02.wav,0.98,0.0,30.0,beat_this
proyecto.1992_gimenez_02.wav,1.44,0.0,30.0,beat_this
proyecto.1992_gimenez_02.wav,1.92,0.0,30.0,beat_this
proyecto.1992_gimenez_02.wav,2.4,0.0,30.0,beat_this
proyecto.1992_gimenez_02.wav,2.88,0.0,30.0,beat_this
proyecto.1992_gimenez_02.wav,3.34,0.0,30.0,beat_this
proyecto.1992_gimenez_02.wav,3.84,0.0,30.0,beat_this
proyecto.1992_gimenez_02.wav,4.32,0.0,30.0,beat_this
proyecto.1992_gimenez_02.wav,4.78,0.0,30.0,beat_this
proyecto.1992_gimenez_02.wav,5.26,0.0,30.0,beat_this
proyecto.1992_gimenez_02.wav,5.76,0.0,30.0,beat_this
proyecto.1992_gimenez_02.wav,6.24,0.0,30.0,beat_this
proyecto.1992_gimenez_02.wav,6.72,0.0,30.0,beat_this
proyecto.1992_gimenez_02.wav,7.2,0.0,30.0,beat_this
proyecto.1992_gimenez_02.wav,7.68,0.0,30.0,beat_this
proyecto.1992_gimenez_02.wav,8.16,0.0,30.0,beat_this
proyecto.1992_gimenez_02.wav,8.66,0.0,30.0,beat_this
proyecto.1992_gimenez_02.wav,9.14,0.0,30.0,beat_this
proyecto.1992_gimenez_02.wav,9.64,0.0,30.0,beat_this
proyecto.1992_gimenez_02.wav,10.12,0.0,30.0,beat_this
proyecto.1992_gimenez_02.wav,10.6,0.0,30.0,beat_this
proyecto.1992_gimenez_02.wav,11.1,0.0,30.0,beat_this
proyecto.1992_gimenez_02.wav,11.58,0.0,30.0,beat_this
proyecto.1992_gimenez_02.wav,12.08,0.0,30.0,beat_this
proyecto.1992_gimenez_02.wav,12.58,0.0,30.0,beat_this
proyecto.1992_gimenez_02.wav,13.06,0.0,30.0,beat_this
proyecto.1992_gimenez_02.wav,13.54,0.0,30.0,beat_this
proyecto.1992_gimenez_02.wav,14.02,0.0,30.0,beat_this
proyecto.1992_gimenez_02.wav,14.52,0.0,30.0,beat_this
proyecto.1992_gimenez_02.wav,15.0,0.0,30.0,beat_this
proyecto.1992_gimenez_02.wav,15.48,0.0,30.0,beat_this
proyecto.1992_gimenez_02.wav,15.96,0.0,30.0,beat_this
proyecto.1992_gimenez_02.wav,16.44,0.0,30.0,beat_this
proyecto.1992_gimenez_02.wav,16.94,0.0,30.0,beat_this
proyecto.1992_gimenez_02.wav,17.42,0.0,30.0,beat_this
proyecto.1992_gimenez_02.wav,17.9,0.0,30.0,beat_this
proyecto.1992_gimenez_02.wav,18.38,0.0,30.0,beat_this
proyecto.1992_gimenez_02.wav,18.84,0.0,30.0,beat_this
proyecto.1992_gimenez_02.wav,19.32,0.0,30.0,beat_this
proyecto.1992_gimenez_02.wav,19.8,0.0,30.0,beat_this
proyecto.1992_gimenez_02.wav,20.28,0.0,30.0,beat_this
proyecto.1992_gimenez_02.wav,20.76,0.0,30.0,beat_this
proyecto.1992_gimenez_02.wav,21.24,0.0,30.0,beat_this
proyecto.1992_gimenez_02.wav,21.72,0.0,30.0,beat_this
proyecto.1992_gimenez_02.wav,22.2,0.0,30.0,beat_this
proyecto.1992_gimenez_02.wav,22.68,0.0,30.0,beat_this
proyecto.1992_gimenez_02.wav,23.16,0.0,30.0,beat_this
proyecto.1992_gimenez_02.wav,23.64,0.0,30.0,beat_this
proyecto.1992_gimenez_02.wav,24.12,0.0,30.0,beat_this
proyecto.1992_gimenez_02.wav,24.6,0.0,30.0,beat_this
proyecto.1992_gimenez_02.wav,25.08,0.0,30.0,beat_this
proyecto.1992_gimenez_02.wav,25.56,0.0,30.0,beat_this
proyecto.1992_gimenez_02.wav,26.04,0.0,30.0,beat_this
proyecto.1992_gimenez_02.wav,26.52,0.0,30.0,beat_this
proyecto.1992_gimenez_02.wav,27.0,0.0,30.0,beat_this
proyecto.1992_gimenez_02.wav,27.48,0.0,30.0,beat_this
proyecto.1992_gimenez_02.wav,27.96,0.0,30.0,beat_this
proyecto.1992_gimenez_02.wav,28.44,0.0,30.0,beat_this
proyecto.1992_gimenez_02.wav,28.92,0.0,30.0,beat_this
proyecto.1992_gimenez_02.wav,29.4,0.0,30.0,beat_this
proyecto.1992_gimenez_02.wav,29.88,0.0,30.0,beat_this
proyecto.1992_gimenez_06.wav,0.02,0.0,30.0,beat_this
proyecto.1992_gimenez_06.wav,0.48,0.0,30.0,beat_this
proyecto.1992_gimenez_06.wav,0.94,0.0,30.0,beat_this
proyecto.1992_gimenez_06.wav,1.4,0.0,30.0,beat_this
proyecto.1992_gimenez_06.wav,1.86,0.0,30.0,beat_this
proyecto.1992_gimenez_06.wav,2.32,0.0,30.0,beat_this
proyecto.1992_gimenez_06.wav,2.76,0.0,30.0,beat_this
proyecto.1992_gimenez_06.wav,3.22,0.0,30.0,beat_this
proyecto.1992_gimenez_06.wav,3.68,0.0,30.0,beat_this
proyecto.1992_gimenez_06.wav,4.14,0.0,30.0,beat_this
proyecto.1992_gimenez_06.wav,4.58,0.0,30.0,beat_this
proyecto.1992_gimenez_06.wav,5.04,0.0,30.0,beat_this
proyecto.1992_gimenez_06.wav,5.5,0.0,30.0,beat_this
proyecto.1992_gimenez_06.wav,5.96,0.0,30.0,beat_this
proyecto.1992_gimenez_06.wav,6.4,0.0,30.0,beat_this
proyecto.1992_gimenez_06.wav,6.86,0.0,30.0,beat_this
proyecto.1992_gimenez_06.wav,7.32,0.0,30.0,beat_this
proyecto.1992_gimenez_06.wav,7.78,0.0,30.0,beat_this
proyecto.1992_gimenez_06.wav,8.24,0.0,30.0,beat_this
proyecto.1992_gimenez_06.wav,8.7,0.0,30.0,beat_this
proyecto.1992_gimenez_06.wav,9.14,0.0,30.0,beat_this
proyecto.1992_gimenez_06.wav,9.6,0.0,30.0,beat_this
proyecto.1992_gimenez_06.wav,10.06,0.0,30.0,beat_this
proyecto.1992_gimenez_06.wav,10.52,0.0,30.0,beat_this
proyecto.1992_gimenez_06.wav,10.98,0.0,30.0,beat_this
proyecto.1992_gimenez_06.wav,11.44,0.0,30.0,beat_this
proyecto.1992_gimenez_06.wav,11.9,0.0,30.0,beat_this
proyecto.1992_gimenez_06.wav,12.36,0.0,30.0,beat_this
proyecto.1992_gimenez_06.wav,12.82,0.0,30.0,beat_this
proyecto.1992_gimenez_06.wav,13.28,0.0,30.0,beat_this
proyecto.1992_gimenez_06.wav,13.74,0.0,30.0,beat_this
proyecto.1992_gimenez_06.wav,14.2,0.0,30.0,beat_this
proyecto.1992_gimenez_06.wav,14.66,0.0,30.0,beat_this
proyecto.1992_gimenez_06.wav,15.14,0.0,30.0,beat_this
proyecto.1992_gimenez_06.wav,15.6,0.0,30.0,beat_this
proyecto.1992_gimenez_06.wav,16.06,0.0,30.0,beat_this
proyecto.1992_gimenez_06.wav,16.54,0.0,30.0,beat_this
proyecto.1992_gimenez_06.wav,17.0,0.0,30.0,beat_this
proyecto.1992_gimenez_06.wav,17.46,0.0,30.0,beat_this
proyecto.1992_gimenez_06.wav,17.92,0.0,30.0,beat_this
proyecto.1992_gimenez_06.wav,18.4,0.0,30.0,beat_this
proyecto.1992_gimenez_06.wav,18.86,0.0,30.0,beat_this
proyecto.1992_gimenez_06.wav,19.32,0.0,30.0,beat_this
proyecto.1992_gimenez_06.wav,19.8,0.0,30.0,beat_this
proyecto.1992_gimenez_06.wav,20.28,0.0,30.0,beat_this
proyecto.1992_gimenez_06.wav,20.74,0.0,30.0,beat_this
proyecto.1992_gimenez_06.wav,21.2,0.0,30.0,beat_this
proyecto.1992_gimenez_06.wav,21.68,0.0,30.0,beat_this
proyecto.1992_gimenez_06.wav,22.16,0.0,30.0,beat_this
proyecto.1992_gimenez_06.wav,22.62,0.0,30.0,beat_this
proyecto.1992_gimenez_06.wav,23.08,0.0,30.0,beat_this
proyecto.1992_gimenez_06.wav,23.56,0.0,30.0,beat_this
proyecto.1992_gimenez_06.wav,24.02,0.0,30.0,beat_this
proyecto.1992_gimenez_06.wav,24.48,0.0,30.0,beat_this
proyecto.1992_gimenez_06.wav,24.96,0.0,30.0,beat_this
proyecto.1992_gimenez_06.wav,25.42,0.0,30.0,beat_this
proyecto.1992_gimenez_06.wav,25.88,0.0,30.0,beat_this
proyecto.1992_gimenez_06.wav,26.34,0.0,30.0,beat_this
proyecto.1992_gimenez_06.wav,26.82,0.0,30.0,beat_this
proyecto.1992_gimenez_06.wav,27.28,0.0,30.0,beat_this
proyecto.1992_gimenez_06.wav,27.74,0.0,30.0,beat_this
proyecto.1992_gimenez_06.wav,28.2,0.0,30.0,beat_this
proyecto.1992_gimenez_06.wav,28.66,0.0,30.0,beat_this
proyecto.1992_gimenez_06.wav,29.12,0.0,30.0,beat_this
proyecto.1992_gimenez_06.wav,29.6,0.0,30.0,beat_this
proyecto.1992_lobo_01.wav,0.0,0.0,30.0,beat_this
proyecto.1992_lobo_01.wav,0.44,0.0,30.0,beat_this
proyecto.1992_lobo_01.wav,0.9,0.0,30.0,beat_this
proyecto.1992_lobo_01.wav,1.36,0.0,30.0,beat_this
proyecto.1992_lobo_01.wav,1.82,0.0,30.0,beat_this
proyecto.1992_lobo_01.wav,2.28,0.0,30.0,beat_this
proyecto.1992_lobo_01.wav,2.74,0.0,30.0,beat_this
proyecto.1992_lobo_01.wav,3.2,0.0,30.0,beat_this
proyecto.1992_lobo_01.wav,3.68,0.0,30.0,beat_this
proyecto.1992_lobo_01.wav,4.14,0.0,30.0,beat_this
proyecto.1992_lobo_01.wav,4.6,0.0,30.0,beat_this
proyecto.1992_lobo_01.wav,5.08,0.0,30.0,beat_this
proyecto.1992_lobo_01.wav,5.54,0.0,30.0,beat_this
proyecto.1992_lobo_01.wav,6.0,0.0,30.0,beat_this
proyecto.1992_lobo_01.wav,6.46,0.0,30.0,beat_this
proyecto.1992_lobo_01.wav,6.94,0.0,30.0,beat_this
proyecto.1992_lobo_01.wav,7.4,0.0,30.0,beat_this
proyecto.1992_lobo_01.wav,7.86,0.0,30.0,beat_this
proyecto.1992_lobo_01.wav,8.34,0.0,30.0,beat_this
proyecto.1992_lobo_01.wav,8.8,0.0,30.0,beat_this
proyecto.1992_lobo_01.wav,9.28,0.0,30.0,beat_this
proyecto.1992_lobo_01.wav,9.74,0.0,30.0,beat_this
proyecto.1992_lobo_01.wav,10.2,0.0,30.0,beat_this
proyecto.1992_lobo_01.wav,10.68,0.0,30.0,beat_this
proyecto.1992_lobo_01.wav,11.14,0.0,30.0,beat_this
proyecto.1992_lobo_01.wav,11.62,0.0,30.0,beat_this
proyecto.1992_lobo_01.wav,12.1,0.0,30.0,beat_this
proyecto.1992_lobo_01.wav,12.56,0.0,30.0,beat_this
proyecto.1992_lobo_01.wav,13.02,0.0,30.0,beat_this
proyecto.1992_lobo_01.wav,13.5,0.0,30.0,beat_this
proyecto.1992_lobo_01.wav,13.96,0.0,30.0,beat_this
proyecto.1992_lobo_01.wav,14.44,0.0,30.0,beat_this
proyecto.1992_lobo_01.wav,14.92,0.0,30.0,beat_this
proyecto.1992_lobo_01.wav,15.38,0.0,30.0,beat_this
proyecto.1992_lobo_01.wav,15.86,0.0,30.0,beat_this
proyecto.1992_lobo_01.wav,16.34,0.0,30.0,beat_this
proyecto.1992_lobo_01.wav,16.82,0.0,30.0,beat_this
proyecto.1992_lobo_01.wav,17.3,0.0,30.0,beat_this
proyecto.1992_lobo_01.wav,17.76,0.0,30.0,beat_this
proyecto.1992_lobo_01.wav,18.24,0.0,30.0,beat_this
proyecto.1992_lobo_01.wav,18.72,0.0,30.0,beat_this
proyecto.1992_lobo_01.wav,19.2,0.0,30.0,beat_this
proyecto.1992_lobo_01.wav,19.66,0.0,30.0,beat_this
proyecto.1992_lobo_01.wav,20.14,0.0,30.0,beat_this
proyecto.1992_lobo_01.wav,20.62,0.0,30.0,beat_this
proyecto.1992_lobo_01.wav,21.08,0.0,30.0,beat_this
proyecto.1992_lobo_01.wav,21.56,0.0,30.0,beat_this
proyecto.1992_lobo_01.wav,22.02,0.0,30.0,beat_this
proyecto.1992_lobo_01.wav,22.5,0.0,30.0,beat_this
proyecto.1992_lobo_01.wav,22.96,0.0,30.0,beat_this
proyecto.1992_lobo_01.wav,23.44,0.0,30.0,beat_this
proyecto.1992_lobo_01.wav,23.9,0.0,30.0,beat_this
proyecto.1992_lobo_01.wav,24.38,0.0,30.0,beat_this
proyecto.1992_lobo_01.wav,24.86,0.0,30.0,beat_this
proyecto.1992_lobo_01.wav,25.32,0.0,30.0,beat_this
proyecto.1992_lobo_01.wav,25.8,0.0,30.0,beat_this
proyecto.1992_lobo_01.wav,26.28,0.0,30.0,beat_this
proyecto.1992_lobo_01.wav,26.76,0.0,30.0,beat_this
proyecto.1992_lobo_01.wav,27.22,0.0,30.0,beat_this
proyecto.1992_lobo_01.wav,27.7,0.0,30.0,beat_this
proyecto.1992_lobo_01.wav,28.18,0.0,30.0,beat_this
proyecto.1992_lobo_01.wav,28.66,0.0,30.0,beat_this
proyecto.1992_lobo_01.wav,29.14,0.0,30.0,beat_this
proyecto.1992_lobo_01.wav,29.6,0.0,30.0,beat_this
proyecto.1992_lobo_06.wav,0.0,0.0,30.0,beat_this
proyecto.1992_lobo_06.wav,0.46,0.0,30.0,beat_this
proyecto.1992_lobo_06.wav,0.92,0.0,30.0,beat_this
proyecto.1992_lobo_06.wav,1.38,0.0,30.0,beat_this
proyecto.1992_lobo_06.wav,1.82,0.0,30.0,beat_this
proyecto.1992_lobo_06.wav,2.3,0.0,30.0,beat_this
proyecto.1992_lobo_06.wav,2.74,0.0,30.0,beat_this
proyecto.1992_lobo_06.wav,3.2,0.0,30.0,beat_this
proyecto.1992_lobo_06.wav,3.64,0.0,30.0,beat_this
proyecto.1992_lobo_06.wav,4.1,0.0,30.0,beat_this
proyecto.1992_lobo_06.wav,4.56,0.0,30.0,beat_this
proyecto.1992_lobo_06.wav,5.02,0.0,30.0,beat_this
proyecto.1992_lobo_06.wav,5.48,0.0,30.0,beat_this
proyecto.1992_lobo_06.wav,5.94,0.0,30.0,beat_this
proyecto.1992_lobo_06.wav,6.38,0.0,30.0,beat_this
proyecto.1992_lobo_06.wav,6.84,0.0,30.0,beat_this
proyecto.1992_lobo_06.wav,7.3,0.0,30.0,beat_this
proyecto.1992_lobo_06.wav,7.76,0.0,30.0,beat_this
proyecto.1992_lobo_06.wav,8.22,0.0,30.0,beat_this
proyecto.1992_lobo_06.wav,8.66,0.0,30.0,beat_this
proyecto.1992_lobo_06.wav,9.12,0.0,30.0,beat_this
proyecto.1992_lobo_06.wav,9.58,0.0,30.0,beat_this
proyecto.1992_lobo_06.wav,10.04,0.0,30.0,beat_this
proyecto.1992_lobo_06.wav,10.5,0.0,30.0,beat_this
proyecto.1992_lobo_06.wav,10.96,0.0,30.0,beat_this
proyecto.1992_lobo_06.wav,11.4,0.0,30.0,beat_this
proyecto.1992_lobo_06.wav,11.86,0.0,30.0,beat_this
proyecto.1992_lobo_06.wav,12.3,0.0,30.0,beat_this
proyecto.1992_lobo_06.wav,12.76,0.0,30.0,beat_this
proyecto.1992_lobo_06.wav,13.22,0.0,30.0,beat_this
proyecto.1992_lobo_06.wav,13.68,0.0,30.0,beat_this
proyecto.1992_lobo_06.wav,14.14,0.0,30.0,beat_this
proyecto.1992_lobo_06.wav,14.6,0.0,30.0,beat_this
proyecto.1992_lobo_06.wav,15.04,0.0,30.0,beat_this
proyecto.1992_lobo_06.wav,15.5,0.0,30.0,beat_this
proyecto.1992_lobo_06.wav,15.96,0.0,30.0,beat_this
proyecto.1992_lobo_06.wav,16.42,0.0,30.0,beat_this
proyecto.1992_lobo_06.wav,16.88,0.0,30.0,beat_this
proyecto.1992_lobo_06.wav,17.32,0.0,30.0,beat_this
proyecto.1992_lobo_06.wav,17.78,0.0,30.0,beat_this
proyecto.1992_lobo_06.wav,18.24,0.0,30.0,beat_this
proyecto.1992_lobo_06.wav,18.7,0.0,30.0,beat_this
proyecto.1992_lobo_06.wav,19.16,0.0,30.0,beat_this
proyecto.1992_lobo_06.wav,19.6,0.0,30.0,beat_this
proyecto.1992_lobo_06.wav,20.08,0.0,30.0,beat_this
proyecto.1992_lobo_06.wav,20.52,0.0,30.0,beat_this
proyecto.1992_lobo_06.wav,20.98,0.0,30.0,beat_this
proyecto.1992_lobo_06.wav,21.44,0.0,30.0,beat_this
proyecto.1992_lobo_06.wav,21.9,0.0,30.0,beat_this
proyecto.1992_lobo_06.wav,22.36,0.0,30.0,beat_this
proyecto.1992_lobo_06.wav,22.82,0.0,30.0,beat_this
proyecto.1992_lobo_06.wav,23.26,0.0,30.0,beat_this
proyecto.1992_lobo_06.wav,23.72,0.0,30.0,beat_this
proyecto.1992_lobo_06.wav,24.18,0.0,30.0,beat_this
proyecto.1992_lobo_06.wav,24.64,0.0,30.0,beat_this
proyecto.1992_lobo_06.wav,25.08,0.0,30.0,beat_this
proyecto.1992_lobo_06.wav,25.54,0.0,30.0,beat_this
proyecto.1992_lobo_06.wav,25.98,0.0,30.0,beat_this
proyecto.1992_lobo_06.wav,26.44,0.0,30.0,beat_this
proyecto.1992_lobo_06.wav,26.9,0.0,30.0,beat_this
proyecto.1992_lobo_06.wav,27.34,0.0,30.0,beat_this
proyecto.1992_lobo_06.wav,27.8,0.0,30.0,beat_this
proyecto.1992_lobo_06.wav,28.24,0.0,30.0,beat_this
proyecto.1992_lobo_06.wav,28.7,0.0,30.0,beat_this
proyecto.1992_lobo_06.wav,29.16,0.0,30.0,beat_this
proyecto.1992_lobo_06.wav,29.6,0.0,30.0,beat_this
proyecto.1992_magarinos_02.wav,0.02,0.0,30.0,beat_this
proyecto.1992_magarinos_02.wav,0.54,0.0,30.0,beat_this
proyecto.1992_magarinos_02.wav,1.04,0.0,30.0,beat_this
proyecto.1992_magarinos_02.wav,1.58,0.0,30.0,beat_this
proyecto.1992_magarinos_02.wav,2.1,0.0,30.0,beat_this
proyecto.1992_magarinos_02.wav,2.62,0.0,30.0,beat_this
proyecto.1992_magarinos_02.wav,3.12,0.0,30.0,beat_this
proyecto.1992_magarinos_02.wav,3.64,0.0,30.0,beat_this
proyecto.1992_magarinos_02.wav,4.16,0.0,30.0,beat_this
proyecto.1992_magarinos_02.wav,4.68,0.0,30.0,beat_this
proyecto.1992_magarinos_02.wav,5.2,0.0,30.0,beat_this
proyecto.1992_magarinos_02.wav,5.72,0.0,30.0,beat_this
proyecto.1992_magarinos_02.wav,6.24,0.0,30.0,beat_this
proyecto.1992_magarinos_02.wav,6.78,0.0,30.0,beat_this
proyecto.1992_magarinos_02.wav,7.3,0.0,30.0,beat_this
proyecto.1992_magarinos_02.wav,7.82,0.0,30.0,beat_this
proyecto.1992_magarinos_02.wav,8.34,0.0,30.0,beat_this
proyecto.1992_magarinos_02.wav,8.88,0.0,30.0,beat_this
proyecto.1992_magarinos_02.wav,9.4,0.0,30.0,beat_this
proyecto.1992_magarinos_02.wav,9.94,0.0,30.0,beat_this
proyecto.1992_magarinos_02.wav,10.44,0.0,30.0,beat_this
proyecto.1992_magarinos_02.wav,10.98,0.0,30.0,beat_this
proyecto.1992_magarinos_02.wav,11.52,0.0,30.0,beat_this
proyecto.1992_magarinos_02.wav,12.04,0.0,30.0,beat_this
proyecto.1992_magarinos_02.wav,12.58,0.0,30.0,beat_this
proyecto.1992_magarinos_02.wav,13.1,0.0,30.0,beat_this
proyecto.1992_magarinos_02.wav,13.64,0.0,30.0,beat_this
proyecto.1992_magarinos_02.wav,14.16,0.0,30.0,beat_this
proyecto.1992_magarinos_02.wav,14.68,0.0,30.0,beat_this
proyecto.1992_magarinos_02.wav,15.22,0.0,30.0,beat_this
proyecto.1992_magarinos_02.wav,15.74,0.0,30.0,beat_this
proyecto.1992_magarinos_02.wav,16.26,0.0,30.0,beat_this
proyecto.1992_magarinos_02.wav,16.8,0.0,30.0,beat_this
proyecto.1992_magarinos_02.wav,17.34,0.0,30.0,beat_this
proyecto.1992_magarinos_02.wav,17.88,0.0,30.0,beat_this
proyecto.1992_magarinos_02.wav,18.4,0.0,30.0,beat_this
proyecto.1992_magarinos_02.wav,18.94,0.0,30.0,beat_this
proyecto.1992_magarinos_02.wav,19.48,0.0,30.0,beat_this
proyecto.1992_magarinos_02.wav,20.02,0.0,30.0,beat_this
proyecto.1992_magarinos_02.wav,20.56,0.0,30.0,beat_this
proyecto.1992_magarinos_02.wav,21.1,0.0,30.0,beat_this
proyecto.1992_magarinos_02.wav,21.64,0.0,30.0,beat_this
proyecto.1992_magarinos_02.wav,22.18,0.0,30.0,beat_this
proyecto.1992_magarinos_02.wav,22.72,0.0,30.0,beat_this
proyecto.1992_magarinos_02.wav,23.26,0.0,30.0,beat_this
proyecto.1992_magarinos_02.wav,23.8,0.0,30.0,beat_this
proyecto.1992_magarinos_02.wav,24.34,0.0,30.0,beat_this
proyecto.1992_magarinos_02.wav,24.88,0.0,30.0,beat_this
proyecto.1992_magarinos_02.wav,25.42,0.0,30.0,beat_this
proyecto.1992_magarinos_02.wav,25.96,0.0,30.0,beat_this
proyecto.1992_magarinos_02.wav,26.5,0.0,30.0,beat_this
proyecto.1992_magarinos_02.wav,27.04,0.0,30.0,beat_this
proyecto.1992_magarinos_02.wav,27.58,0.0,30.0,beat_this
proyecto.1992_magarinos_02.wav,28.14,0.0,30.0,beat_this
proyecto.1992_magarinos_02.wav,28.66,0.0,30.0,beat_this
proyecto.1992_magarinos_02.wav,29.22,0.0,30.0,beat_this
proyecto.1992_magarinos_02.wav,29.76,0.0,30.0,beat_this
proyecto.1992_pelado_01.wav,0.04,0.0,30.0,beat_this
proyecto.1992_pelado_01.wav,0.5,0.0,30.0,beat_this
proyecto.1992_pelado_01.wav,0.96,0.0,30.0,beat_this
proyecto.1992_pelado_01.wav,1.44,0.0,30.0,beat_this
proyecto.1992_pelado_01.wav,1.92,0.0,30.0,beat_this
proyecto.1992_pelado_01.wav,2.4,0.0,30.0,beat_this
proyecto.1992_pelado_01.wav,2.86,0.0,30.0,beat_this
proyecto.1992_pelado_01.wav,3.34,0.0,30.0,beat_this
proyecto.1992_pelado_01.wav,3.82,0.0,30.0,beat_this
proyecto.1992_pelado_01.wav,4.3,0.0,30.0,beat_this
proyecto.1992_pelado_01.wav,4.76,0.0,30.0,beat_this
proyecto.1992_pelado_01.wav,5.22,0.0,30.0,beat_this
proyecto.1992_pelado_01.wav,5.7,0.0,30.0,beat_this
proyecto.1992_pelado_01.wav,6.16,0.0,30.0,beat_this
proyecto.1992_pelado_01.wav,6.62,0.0,30.0,beat_this
proyecto.1992_pelado_01.wav,7.1,0.0,30.0,beat_this
proyecto.1992_pelado_01.wav,7.56,0.0,30.0,beat_this
proyecto.1992_pelado_01.wav,8.04,0.0,30.0,beat_this
proyecto.1992_pelado_01.wav,8.5,0.0,30.0,beat_this
proyecto.1992_pelado_01.wav,8.98,0.0,30.0,beat_this
proyecto.1992_pelado_01.wav,9.44,0.0,30.0,beat_this
proyecto.1992_pelado_01.wav,9.9,0.0,30.0,beat_this
proyecto.1992_pelado_01.wav,10.36,0.0,30.0,beat_this
proyecto.1992_pelado_01.wav,10.84,0.0,30.0,beat_this
proyecto.1992_pelado_01.wav,11.3,0.0,30.0,beat_this
proyecto.1992_pelado_01.wav,11.76,0.0,30.0,beat_this
proyecto.1992_pelado_01.wav,12.22,0.0,30.0,beat_this
proyecto.1992_pelado_01.wav,12.68,0.0,30.0,beat_this
proyecto.1992_pelado_01.wav,13.16,0.0,30.0,beat_this
proyecto.1992_pelado_01.wav,13.64,0.0,30.0,beat_this
proyecto.1992_pelado_01.wav,14.1,0.0,30.0,beat_this
proyecto.1992_pelado_01.wav,14.58,0.0,30.0,beat_this
proyecto.1992_pelado_01.wav,15.04,0.0,30.0,beat_this
proyecto.1992_pelado_01.wav,15.52,0.0,30.0,beat_this
proyecto.1992_pelado_01.wav,16.0,0.0,30.0,beat_this
proyecto.1992_pelado_01.wav,16.48,0.0,30.0,beat_this
proyecto.1992_pelado_01.wav,16.94,0.0,30.0,beat_this
proyecto.1992_pelado_01.wav,17.4,0.0,30.0,beat_this
proyecto.1992_pelado_01.wav,17.88,0.0,30.0,beat_this
proyecto.1992_pelado_01.wav,18.34,0.0,30.0,beat_this
proyecto.1992_pelado_01.wav,18.82,0.0,30.0,beat_this
proyecto.1992_pelado_01.wav,19.3,0.0,30.0,beat_this
proyecto.1992_pelado_01.wav,19.76,0.0,30.0,beat_this
proyecto.1992_pelado_01.wav,20.24,0.0,30.0,beat_this
proyecto.1992_pelado_01.wav,20.72,0.0,30.0,beat_this
proyecto.1992_pelado_01.wav,21.2,0.0,30.0,beat_this
proyecto.1992_pelado_01.wav,21.66,0.0,30.0,beat_this
proyecto.1992_pelado_01.wav,22.14,0.0,30.0,beat_this
proyecto.1992_pelado_01.wav,22.62,0.0,30.0,beat_this
proyecto.1992_pelado_01.wav,23.1,0.0,30.0,beat_this
proyecto.1992_pelado_01.wav,23.58,0.0,30.0,beat_this
proyecto.1992_pelado_01.wav,24.06,0.0,30.0,beat_this
proyecto.1992_pelado_01.wav,24.52,0.0,30.0,beat_this
proyecto.1992_pelado_01.wav,25.0,0.0,30.0,beat_this
proyecto.1992_pelado_01.wav,25.48,0.0,30.0,beat_this
proyecto.1992_pelado_01.wav,25.96,0.0,30.0,beat_this
proyecto.1992_pelado_01.wav,26.44,0.0,30.0,beat_this
proyecto.1992_pelado_01.wav,26.92,0.0,30.0,beat_this
proyecto.1992_pelado_01.wav,27.38,0.0,30.0,beat_this
proyecto.1992_pelado_01.wav,27.86,0.0,30.0,beat_this
proyecto.1992_pelado_01.wav,28.34,0.0,30.0,beat_this
proyecto.1992_pelado_01.wav,28.8,0.0,30.0,beat_this
proyecto.1992_pelado_01.wav,29.26,0.0,30.0,beat_this
proyecto.1992_pelado_01.wav,29.74,0.0,30.0,beat_this
rwc_classical_CD1_01.wav,0.0,0.0,30.0,beat_this
rwc_classical_CD1_01.wav,1.0,0.0,30.0,beat_this
rwc_classical_CD1_01.wav,2.06,0.0,30.0,beat_this
rwc_classical_CD1_01.wav,4.58,0.0,30.0,beat_this
rwc_classical_CD1_01.wav,5.64,0.0,30.0,beat_this
rwc_classical_CD1_01.wav,6.56,0.0,30.0,beat_this
rwc_classical_CD1_01.wav,7.44,0.0,30.0,beat_this
rwc_classical_CD1_01.wav,8.36,0.0,30.0,beat_this
rwc_classical_CD1_01.wav,9.3,0.0,30.0,beat_this
rwc_classical_CD1_01.wav,10.24,0.0,30.0,beat_this
rwc_classical_CD1_01.wav,11.2,0.0,30.0,beat_this
rwc_classical_CD1_01.wav,12.08,0.0,30.0,beat_this
rwc_classical_CD1_01.wav,12.96,0.0,30.0,beat_this
rwc_classical_CD1_01.wav,13.9,0.0,30.0,beat_this
rwc_classical_CD1_01.wav,14.84,0.0,30.0,beat_this
rwc_classical_CD1_01.wav,15.74,0.0,30.0,beat_this
rwc_classical_CD1_01.wav,16.74,0.0,30.0,beat_this
rwc_classical_CD1_01.wav,18.42,0.0,30.0,beat_this
rwc_classical_CD1_01.wav,20.12,0.0,30.0,beat_this
rwc_classical_CD1_01.wav,21.74,0.0,30.0,beat_this
rwc_classical_CD1_01.wav,22.7,0.0,30.0,beat_this
rwc_classical_CD1_01.wav,23.64,0.0,30.0,beat_this
rwc_classical_CD1_01.wav,26.22,0.0,30.0,beat_this
rwc_classical_CD1_01.wav,27.18,0.0,30.0,beat_this
rwc_classical_CD1_01.wav,28.06,0.0,30.0,beat_this
rwc_classical_CD1_01.wav,28.94,0.0,30.0,beat_this
rwc_classical_CD1_01.wav,29.86,0.0,30.0,beat_this
rwc_classical_CD1_02.wav,0.0,0.0,30.0,beat_this
rwc_classical_CD1_02.wav,0.24,0.0,30.0,beat_this
rwc_classical_CD1_02.wav,0.54,0.0,30.0,beat_this
rwc_classical_CD1_02.wav,0.8,0.0,30.0,beat_this
rwc_classical_CD1_02.wav,1.08,0.0,30.0,beat_this
rwc_classical_CD1_02.wav,1.36,0.0,30.0,beat_this
rwc_classical_CD1_02.wav,1.66,0.0,30.0,beat_this
rwc_classical_CD1_02.wav,1.94,0.0,30.0,beat_this
rwc_classical_CD1_02.wav,2.2,0.0,30.0,beat_this
rwc_classical_CD1_02.wav,2.48,0.0,30.0,beat_this
rwc_classical_CD1_02.wav,2.76,0.0,30.0,beat_this
rwc_classical_CD1_02.wav,3.06,0.0,30.0,beat_this
rwc_classical_CD1_02.wav,3.32,0.0,30.0,beat_this
rwc_classical_CD1_02.wav,3.6,0.0,30.0,beat_this
rwc_classical_CD1_02.wav,3.9,0.0,30.0,beat_this
rwc_classical_CD1_02.wav,4.16,0.0,30.0,beat_this
rwc_classical_CD1_02.wav,4.44,0.0,30.0,beat_this
rwc_classical_CD1_02.wav,4.74,0.0,30.0,beat_this
rwc_classical_CD1_02.wav,5.0,0.0,30.0,beat_this
rwc_classical_CD1_02.wav,5.28,0.0,30.0,beat_this
rwc_classical_CD1_02.wav,5.58,0.0,30.0,beat_this
rwc_classical_CD1_02.wav,5.86,0.0,30.0,beat_this
rwc_classical_CD1_02.wav,6.14,0.0,30.0,beat_this
rwc_classical_CD1_02.wav,6.42,0.0,30.0,beat_this
rwc_classical_CD1_02.wav,6.7,0.0,30.0,beat_this
rwc_classical_CD1_02.wav,6.98,0.0,30.0,beat_this
rwc_classical_CD1_02.wav,7.26,0.0,30.0,beat_this
rwc_classical_CD1_02.wav,7.56,0.0,30.0,beat_this
rwc_classical_CD1_02.wav,7.84,0.0,30.0,beat_this
rwc_classical_CD1_02.wav,8.12,0.0,30.0,beat_this
rwc_classical_CD1_02.wav,8.4,0.0,30.0,beat_this
rwc_classical_CD1_02.wav,8.68,0.0,30.0,beat_this
rwc_classical_CD1_02.wav,8.98,0.0,30.0,beat_this
rwc_classical_CD1_02.wav,9.26,0.0,30.0,beat_this
rwc_classical_CD1_02.wav,9.56,0.0,30.0,beat_this
rwc_classical_CD1_02.wav,9.84,0.0,30.0,beat_this
rwc_classical_CD1_02.wav,10.14,0.0,30.0,beat_this
rwc_classical_CD1_02.wav,10.4,0.0,30.0,beat_this
rwc_classical_CD1_02.wav,10.68,0.0,30.0,beat_this
rwc_classical_CD1_02.wav,10.94,0.0,30.0,beat_this
rwc_classical_CD1_02.wav,11.22,0.0,30.0,beat_this
rwc_classical_CD1_02.wav,11.5,0.0,30.0,beat_this
rwc_classical_CD1_02.wav,11.8,0.0,30.0,beat_this
rwc_classical_CD1_02.wav,12.06,0.0,30.0,beat_this
rwc_classical_CD1_02.wav,12.34,0.0,30.0,beat_this
rwc_classical_CD1_02.wav,12.64,0.0,30.0,beat_this
rwc_classical_CD1_02.wav,12.94,0.0,30.0,beat_this
rwc_classical_CD1_02.wav,13.24,0.0,30.0,beat_this
rwc_classical_CD1_02.wav,13.52,0.0,30.0,beat_this
rwc_classical_CD1_02.wav,13.8,0.0,30.0,beat_this
rwc_classical_CD1_02.wav,14.08,0.0,30.0,beat_this
rwc_classical_CD1_02.wav,14.38,0.0,30.0,beat_this
rwc_classical_CD1_02.wav,14.66,0.0,30.0,beat_this
rwc_classical_CD1_02.wav,14.94,0.0,30.0,beat_this
rwc_classical_CD1_02.wav,15.22,0.0,30.0,beat_this
rwc_classical_CD1_02.wav,15.52,0.0,30.0,beat_this
rwc_classical_CD1_02.wav,15.78,0.0,30.0,beat_this
rwc_classical_CD1_02.wav,16.06,0.0,30.0,beat_this
rwc_classical_CD1_02.wav,16.34,0.0,30.0,beat_this
rwc_classical_CD1_02.wav,16.62,0.0,30.0,beat_this
rwc_classical_CD1_02.wav,16.9,0.0,30.0,beat_this
rwc_classical_CD1_02.wav,17.2,0.0,30.0,beat_this
rwc_classical_CD1_02.wav,17.5,0.0,30.0,beat_this
rwc_classical_CD1_02.wav,17.78,0.0,30.0,beat_this
rwc_classical_CD1_02.wav,18.08,0.0,30.0,beat_this
rwc_classical_CD1_02.wav,18.38,0.0,30.0,beat_this
rwc_classical_CD1_02.wav,18.66,0.0,30.0,beat_this
rwc_classical_CD1_02.wav,18.94,0.0,30.0,beat_this
rwc_classical_CD1_02.wav,19.24,0.0,30.0,beat_this
rwc_classical_CD1_02.wav,19.52,0.0,30.0,beat_this
rwc_classical_CD1_02.wav,19.82,0.0,30.0,beat_this
rwc_classical_CD1_02.wav,20.12,0.0,30.0,beat_this
rwc_classical_CD1_02.wav,20.4,0.0,30.0,beat_this
rwc_classical_CD1_02.wav,20.68,0.0,30.0,beat_this
rwc_classical_CD1_02.wav,20.96,0.0,30.0,beat_this
rwc_classical_CD1_02.wav,21.24,0.0,30.0,beat_this
rwc_classical_CD1_02.wav,21.5,0.0,30.0,beat_this
rwc_classical_CD1_02.wav,21.8,0.0,30.0,beat_this
rwc_classical_CD1_02.wav,22.08,0.0,30.0,beat_this
rwc_classical_CD1_02.wav,22.36,0.0,30.0,beat_this
rwc_classical_CD1_02.wav,22.64,0.0,30.0,beat_this
rwc_classical_CD1_02.wav,22.92,0.0,30.0,beat_this
rwc_classical_CD1_02.wav,23.22,0.0,30.0,beat_this
rwc_classical_CD1_02.wav,23.5,0.0,30.0,beat_this
rwc_classical_CD1_02.wav,23.76,0.0,30.0,beat_this
rwc_classical_CD1_02.wav,24.04,0.0,30.0,beat_this
rwc_classical_CD1_02.wav,24.34,0.0,30.0,beat_this
rwc_classical_CD1_02.wav,24.62,0.0,30.0,beat_this
rwc_classical_CD1_02.wav,24.9,0.0,30.0,beat_this
rwc_classical_CD1_02.wav,25.18,0.0,30.0,beat_this
rwc_classical_CD1_02.wav,25.46,0.0,30.0,beat_this
rwc_classical_CD1_02.wav,25.74,0.0,30.0,beat_this
rwc_classical_CD1_02.wav,26.02,0.0,30.0,beat_this
rwc_classical_CD1_02.wav,26.32,0.0,30.0,beat_this
rwc_classical_CD1_02.wav,26.6,0.0,30.0,beat_this
rwc_classical_CD1_02.wav,26.86,0.0,30.0,beat_this
rwc_classical_CD1_02.wav,27.14,0.0,30.0,beat_this
rwc_classical_CD1_02.wav,27.42,0.0,30.0,beat_this
rwc_classical_CD1_02.wav,27.7,0.0,30.0,beat_this
rwc_classical_CD1_02.wav,27.98,0.0,30.0,beat_this
rwc_classical_CD1_02.wav,28.26,0.0,30.0,beat_this
rwc_classical_CD1_02.wav,28.54,0.0,30.0,beat_this
rwc_classical_CD1_02.wav,28.82,0.0,30.0,beat_this
rwc_classical_CD1_02.wav,29.1,0.0,30.0,beat_this
rwc_classical_CD1_02.wav,29.38,0.0,30.0,beat_this
rwc_classical_CD1_02.wav,29.66,0.0,30.0,beat_this
rwc_classical_CD1_02.wav,29.94,0.0,30.0,beat_this
rwc_classical_CD1_03.wav,0.0,0.0,30.0,beat_this
rwc_classical_CD1_03.wav,0.46,0.0,30.0,beat_this
rwc_classical_CD1_03.wav,0.84,0.0,30.0,beat_this
rwc_classical_CD1_03.wav,1.1,0.0,30.0,beat_this
rwc_classical_CD1_03.wav,1.4,0.0,30.0,beat_this
rwc_classical_CD1_03.wav,1.76,0.0,30.0,beat_this
rwc_classical_CD1_03.wav,2.1,0.0,30.0,beat_this
rwc_classical_CD1_03.wav,2.4,0.0,30.0,beat_this
rwc_classical_CD1_03.wav,2.72,0.0,30.0,beat_this
rwc_classical_CD1_03.wav,3.02,0.0,30.0,beat_this
rwc_classical_CD1_03.wav,3.34,0.0,30.0,beat_this
rwc_classical_CD1_03.wav,3.64,0.0,30.0,beat_this
rwc_classical_CD1_03.wav,3.96,0.0,30.0,beat_this
rwc_classical_CD1_03.wav,4.24,0.0,30.0,beat_this
rwc_classical_CD1_03.wav,4.6,0.0,30.0,beat_this
rwc_classical_CD1_03.wav,4.88,0.0,30.0,beat_this
rwc_classical_CD1_03.wav,5.24,0.0,30.0,beat_this
rwc_classical_CD1_03.wav,5.54,0.0,30.0,beat_this
rwc_classical_CD1_03.wav,5.86,0.0,30.0,beat_this
rwc_classical_CD1_03.wav,6.16,0.0,30.0,beat_this
rwc_classical_CD1_03.wav,6.46,0.0,30.0,beat_this
rwc_classical_CD1_03.wav,6.76,0.0,30.0,beat_this
rwc_classical_CD1_03.wav,7.08,0.0,30.0,beat_this
rwc_classical_CD1_03.wav,7.4,0.0,30.0,beat_this
rwc_classical_CD1_03.wav,7.7,0.0,30.0,beat_this
rwc_classical_CD1_03.wav,8.02,0.0,30.0,beat_this
rwc_classical_CD1_03.wav,8.34,0.0,30.0,beat_this
rwc_classical_CD1_03.wav,8.66,0.0,30.0,beat_this
rwc_classical_CD1_03.wav,8.96,0.0,30.0,beat_this
rwc_classical_CD1_03.wav,9.28,0.0,30.0,beat_this
rwc_classical_CD1_03.wav,9.64,0.0,30.0,beat_this
rwc_classical_CD1_03.wav,9.96,0.0,30.0,beat_this
rwc_classical_CD1_03.wav,10.34,0.0,30.0,beat_this
rwc_classical_CD1_03.wav,10.74,0.0,30.0,beat_this
rwc_classical_CD1_03.wav,13.54,0.0,30.0,beat_this
rwc_classical_CD1_03.wav,13.82,0.0,30.0,beat_this
rwc_classical_CD1_03.wav,14.14,0.0,30.0,beat_this
rwc_classical_CD1_03.wav,17.08,0.0,30.0,beat_this
rwc_classical_CD1_03.wav,17.46,0.0,30.0,beat_this
rwc_classical_CD1_03.wav,17.76,0.0,30.0,beat_this
rwc_classical_CD1_03.wav,18.1,0.0,30.0,beat_this
rwc_classical_CD1_03.wav,18.4,0.0,30.0,beat_this
rwc_classical_CD1_03.wav,18.74,0.0,30.0,beat_this
rwc_classical_CD1_03.wav,19.04,0.0,30.0,beat_this
rwc_classical_CD1_03.wav,19.36,0.0,30.0,beat_this
rwc_classical_CD1_03.wav,19.68,0.0,30.0,beat_this
rwc_classical_CD1_03.wav,20.0,0.0,30.0,beat_this
rwc_classical_CD1_03.wav,20.3,0.0,30.0,beat_this
rwc_classical_CD1_03.wav,20.62,0.0,30.0,beat_this
rwc_classical_CD1_03.wav,20.94,0.0,30.0,beat_this
rwc_classical_CD1_03.wav,21.26,0.0,30.0,beat_this
rwc_classical_CD1_03.wav,21.56,0.0,30.0,beat_this
rwc_classical_CD1_03.wav,21.88,0.0,30.0,beat_this
rwc_classical_CD1_03.wav,22.18,0.0,30.0,beat_this
rwc_classical_CD1_03.wav,22.5,0.0,30.0,beat_this
rwc_classical_CD1_03.wav,22.82,0.0,30.0,beat_this
rwc_classical_CD1_03.wav,23.14,0.0,30.0,beat_this
rwc_classical_CD1_03.wav,23.46,0.0,30.0,beat_this
rwc_classical_CD1_03.wav,23.78,0.0,30.0,beat_this
rwc_classical_CD1_03.wav,24.08,0.0,30.0,beat_this
rwc_classical_CD1_03.wav,24.4,0.0,30.0,beat_this
rwc_classical_CD1_03.wav,24.72,0.0,30.0,beat_this
rwc_classical_CD1_03.wav,25.04,0.0,30.0,beat_this
rwc_classical_CD1_03.wav,25.34,0.0,30.0,beat_this
rwc_classical_CD1_03.wav,25.66,0.0,30.0,beat_this
rwc_classical_CD1_03.wav,25.96,0.0,30.0,beat_this
rwc_classical_CD1_03.wav,26.28,0.0,30.0,beat_this
rwc_classical_CD1_03.wav,26.58,0.0,30.0,beat_this
rwc_classical_CD1_03.wav,26.9,0.0,30.0,beat_this
rwc_classical_CD1_03.wav,27.22,0.0,30.0,beat_this
rwc_classical_CD1_03.wav,27.54,0.0,30.0,beat_this
rwc_classical_CD1_03.wav,27.84,0.0,30.0,beat_this
rwc_classical_CD1_03.wav,28.16,0.0,30.0,beat_this
rwc_classical_CD1_03.wav,28.46,0.0,30.0,beat_this
rwc_classical_CD1_03.wav,28.78,0.0,30.0,beat_this
rwc_classical_CD1_03.wav,29.08,0.0,30.0,beat_this
rwc_classical_CD1_03.wav,29.4,0.0,30.0,beat_this
rwc_classical_CD1_03.wav,29.7,0.0,30.0,beat_this
rwc_classical_CD1_03.wav,29.96,0.0,30.0,beat_this
rwc_jazz_CD1_13.wav,0.0,0.0,30.0,beat_this
rwc_jazz_CD1_13.wav,0.68,0.0,30.0,beat_this
rwc_jazz_CD1_13.wav,1.34,0.0,30.0,beat_this
rwc_jazz_CD1_13.wav,2.04,0.0,30.0,beat_this
rwc_jazz_CD1_13.wav,2.72,0.0,30.0,beat_this
rwc_jazz_CD1_13.wav,3.38,0.0,30.0,beat_this
rwc_jazz_CD1_13.wav,4.06,0.0,30.0,beat_this
rwc_jazz_CD1_13.wav,4.74,0.0,30.0,beat_this
rwc_jazz_CD1_13.wav,5.38,0.0,30.0,beat_this
rwc_jazz_CD1_13.wav,6.04,0.0,30.0,beat_this
rwc_jazz_CD1_13.wav,6.7,0.0,30.0,beat_this
rwc_jazz_CD1_13.wav,7.38,0.0,30.0,beat_this
rwc_jazz_CD1_13.wav,8.04,0.0,30.0,beat_this
rwc_jazz_CD1_13.wav,8.72,0.0,30.0,beat_this
rwc_jazz_CD1_13.wav,9.4,0.0,30.0,beat_this
rwc_jazz_CD1_13.wav,10.1,0.0,30.0,beat_this
rwc_jazz_CD1_13.wav,10.8,0.0,30.0,beat_this
rwc_jazz_CD1_13.wav,11.5,0.0,30.0,beat_this
rwc_jazz_CD1_13.wav,12.2,0.0,30.0,beat_this
rwc_jazz_CD1_13.wav,12.86,0.0,30.0,beat_this
rwc_jazz_CD1_13.wav,13.56,0.0,30.0,beat_this
rwc_jazz_CD1_13.wav,14.24,0.0,30.0,beat_this
rwc_jazz_CD1_13.wav,14.94,0.0,30.0,beat_this
rwc_jazz_CD1_13.wav,15.62,0.0,30.0,beat_this
rwc_jazz_CD1_13.wav,16.32,0.0,30.0,beat_this
rwc_jazz_CD1_13.wav,17.02,0.0,30.0,beat_this
rwc_jazz_CD1_13.wav,17.74,0.0,30.0,beat_this
rwc_jazz_CD1_13.wav,18.46,0.0,30.0,beat_this
rwc_jazz_CD1_13.wav,19.16,0.0,30.0,beat_this
rwc_jazz_CD1_13.wav,19.84,0.0,30.0,beat_this
rwc_jazz_CD1_13.wav,20.54,0.0,30.0,beat_this
rwc_jazz_CD1_13.wav,21.22,0.0,30.0,beat_this
rwc_jazz_CD1_13.wav,21.92,0.0,30.0,beat_this
rwc_jazz_CD1_13.wav,22.58,0.0,30.0,beat_this
rwc_jazz_CD1_13.wav,23.24,0.0,30.0,beat_this
rwc_jazz_CD1_13.wav,23.92,0.0,30.0,beat_this
rwc_jazz_CD1_13.wav,24.58,0.0,30.0,beat_this
rwc_jazz_CD1_13.wav,25.28,0.0,30.0,beat_this
rwc_jazz_CD1_13.wav,25.98,0.0,30.0,beat_this
rwc_jazz_CD1_13.wav,26.68,0.0,30.0,beat_this
rwc_jazz_CD1_13.wav,27.36,0.0,30.0,beat_this
rwc_jazz_CD1_13.wav,28.08,0.0,30.0,beat_this
rwc_jazz_CD1_13.wav,28.78,0.0,30.0,beat_this
rwc_jazz_CD1_13.wav,29.48,0.0,30.0,beat_this
rwc_jazz_CD4_14.wav,0.0,0.0,30.0,beat_this
rwc_jazz_CD4_14.wav,0.52,0.0,30.0,beat_this
rwc_jazz_CD4_14.wav,1.04,0.0,30.0,beat_this
rwc_jazz_CD4_14.wav,1.56,0.0,30.0,beat_this
rwc_jazz_CD4_14.wav,2.08,0.0,30.0,beat_this
rwc_jazz_CD4_14.wav,2.6,0.0,30.0,beat_this
rwc_jazz_CD4_14.wav,3.12,0.0,30.0,beat_this
rwc_jazz_CD4_14.wav,3.64,0.0,30.0,beat_this
rwc_jazz_CD4_14.wav,4.16,0.0,30.0,beat_this
rwc_jazz_CD4_14.wav,4.66,0.0,30.0,beat_this
rwc_jazz_CD4_14.wav,5.18,0.0,30.0,beat_this
rwc_jazz_CD4_14.wav,5.7,0.0,30.0,beat_this
rwc_jazz_CD4_14.wav,6.22,0.0,30.0,beat_this
rwc_jazz_CD4_14.wav,6.74,0.0,30.0,beat_this
rwc_jazz_CD4_14.wav,7.24,0.0,30.0,beat_this
rwc_jazz_CD4_14.wav,7.76,0.0,30.0,beat_this
rwc_jazz_CD4_14.wav,8.28,0.0,30.0,beat_this
rwc_jazz_CD4_14.wav,8.8,0.0,30.0,beat_this
rwc_jazz_CD4_14.wav,9.32,0.0,30.0,beat_this
rwc_jazz_CD4_14.wav,9.84,0.0,30.0,beat_this
rwc_jazz_CD4_14.wav,10.36,0.0,30.0,beat_this
rwc_jazz_CD4_14.wav,10.88,0.0,30.0,beat_this
rwc_jazz_CD4_14.wav,11.4,0.0,30.0,beat_this
rwc_jazz_CD4_14.wav,11.9,0.0,30.0,beat_this
rwc_jazz_CD4_14.wav,12.44,0.0,30.0,beat_this
rwc_jazz_CD4_14.wav,12.96,0.0,30.0,beat_this
rwc_jazz_CD4_14.wav,13.46,0.0,30.0,beat_this
rwc_jazz_CD4_14.wav,13.98,0.0,30.0,beat_this
rwc_jazz_CD4_14.wav,14.5,0.0,30.0,beat_this
rwc_jazz_CD4_14.wav,15.02,0.0,30.0,beat_this
rwc_jazz_CD4_14.wav,15.54,0.0,30.0,beat_this
rwc_jazz_CD4_14.wav,16.04,0.0,30.0,beat_this
rwc_jazz_CD4_14.wav,16.58,0.0,30.0,beat_this
rwc_jazz_CD4_14.wav,17.08,0.0,30.0,beat_this
rwc_jazz_CD4_14.wav,17.6,0.0,30.0,beat_this
rwc_jazz_CD4_14.wav,18.1,0.0,30.0,beat_this
rwc_jazz_CD4_14.wav,18.64,0.0,30.0,beat_this
rwc_jazz_CD4_14.wav,19.14,0.0,30.0,beat_this
rwc_jazz_CD4_14.wav,19.66,0.0,30.0,beat_this
rwc_jazz_CD4_14.wav,20.18,0.0,30.0,beat_this
rwc_jazz_CD4_14.wav,20.7,0.0,30.0,beat_this
rwc_jazz_CD4_14.wav,21.22,0.0,30.0,beat_this
rwc_jazz_CD4_14.wav,21.74,0.0,30.0,beat_this
rwc_jazz_CD4_14.wav,22.24,0.0,30.0,beat_this
rwc_jazz_CD4_14.wav,22.76,0.0,30.0,beat_this
rwc_jazz_CD4_14.wav,23.28,0.0,30.0,beat_this
rwc_jazz_CD4_14.wav,23.8,0.0,30.0,beat_this
rwc_jazz_CD4_14.wav,24.32,0.0,30.0,beat_this
rwc_jazz_CD4_14.wav,24.84,0.0,30.0,beat_this
rwc_jazz_CD4_14.wav,25.36,0.0,30.0,beat_this
rwc_jazz_CD4_14.wav,25.88,0.0,30.0,beat_this
rwc_jazz_CD4_14.wav,26.4,0.0,30.0,beat_this
rwc_jazz_CD4_14.wav,26.92,0.0,30.0,beat_this
rwc_jazz_CD4_14.wav,27.44,0.0,30.0,beat_this
rwc_jazz_CD4_14.wav,27.94,0.0,30.0,beat_this
rwc_jazz_CD4_14.wav,28.46,0.0,30.0,beat_this
rwc_jazz_CD4_14.wav,28.98,0.0,30.0,beat_this
rwc_jazz_CD4_14.wav,29.5,0.0,30.0,beat_this
rwc_popular_CD1_01.wav,0.0,0.0,30.0,beat_this
rwc_popular_CD1_01.wav,0.44,0.0,30.0,beat_this
rwc_popular_CD1_01.wav,0.88,0.0,30.0,beat_this
rwc_popular_CD1_01.wav,1.32,0.0,30.0,beat_this
rwc_popular_CD1_01.wav,1.76,0.0,30.0,beat_this
rwc_popular_CD1_01.wav,2.22,0.0,30.0,beat_this
rwc_popular_CD1_01.wav,2.64,0.0,30.0,beat_this
rwc_popular_CD1_01.wav,3.06,0.0,30.0,beat_this
rwc_popular_CD1_01.wav,3.52,0.0,30.0,beat_this
rwc_popular_CD1_01.wav,4.0,0.0,30.0,beat_this
rwc_popular_CD1_01.wav,4.44,0.0,30.0,beat_this
rwc_popular_CD1_01.wav,4.9,0.0,30.0,beat_this
rwc_popular_CD1_01.wav,5.32,0.0,30.0,beat_this
rwc_popular_CD1_01.wav,5.76,0.0,30.0,beat_this
rwc_popular_CD1_01.wav,6.2,0.0,30.0,beat_this
rwc_popular_CD1_01.wav,6.66,0.0,30.0,beat_this
rwc_popular_CD1_01.wav,7.1,0.0,30.0,beat_this
rwc_popular_CD1_01.wav,7.54,0.0,30.0,beat_this
rwc_popular_CD1_01.wav,7.98,0.0,30.0,beat_this
rwc_popular_CD1_01.wav,8.44,0.0,30.0,beat_this
rwc_popular_CD1_01.wav,8.88,0.0,30.0,beat_this
rwc_popular_CD1_01.wav,9.32,0.0,30.0,beat_this
rwc_popular_CD1_01.wav,9.78,0.0,30.0,beat_this
rwc_popular_CD1_01.wav,10.22,0.0,30.0,beat_this
rwc_popular_CD1_01.wav,10.66,0.0,30.0,beat_this
rwc_popular_CD1_01.wav,11.1,0.0,30.0,beat_this
rwc_popular_CD1_01.wav,11.56,0.0,30.0,beat_this
rwc_popular_CD1_01.wav,12.0,0.0,30.0,beat_this
rwc_popular_CD1_01.wav,12.44,0.0,30.0,beat_this
rwc_popular_CD1_01.wav,12.88,0.0,30.0,beat_this
rwc_popular_CD1_01.wav,13.34,0.0,30.0,beat_this
rwc_popular_CD1_01.wav,13.78,0.0,30.0,beat_this
rwc_popular_CD1_01.wav,14.22,0.0,30.0,beat_this
rwc_popular_CD1_01.wav,14.66,0.0,30.0,beat_this
rwc_popular_CD1_01.wav,15.1,0.0,30.0,beat_this
rwc_popular_CD1_01.wav,15.56,0.0,30.0,beat_this
rwc_popular_CD1_01.wav,16.0,0.0,30.0,beat_this
rwc_popular_CD1_01.wav,16.44,0.0,30.0,beat_this
rwc_popular_CD1_01.wav,16.88,0.0,30.0,beat_this
rwc_popular_CD1_01.wav,17.32,0.0,30.0,beat_this
rwc_popular_CD1_01.wav,17.78,0.0,30.0,beat_this
rwc_popular_CD1_01.wav,18.22,0.0,30.0,beat_this
rwc_popular_CD1_01.wav,18.66,0.0,30.0,beat_this
rwc_popular_CD1_01.wav,19.12,0.0,30.0,beat_this
rwc_popular_CD1_01.wav,19.56,0.0,30.0,beat_this
rwc_popular_CD1_01.wav,19.98,0.0,30.0,beat_this
rwc_popular_CD1_01.wav,20.44,0.0,30.0,beat_this
rwc_popular_CD1_01.wav,20.88,0.0,30.0,beat_this
rwc_popular_CD1_01.wav,21.32,0.0,30.0,beat_this
rwc_popular_CD1_01.wav,21.78,0.0,30.0,beat_this
rwc_popular_CD1_01.wav,22.22,0.0,30.0,beat_this
rwc_popular_CD1_01.wav,22.66,0.0,30.0,beat_this
rwc_popular_CD1_01.wav,23.1,0.0,30.0,beat_this
rwc_popular_CD1_01.wav,23.54,0.0,30.0,beat_this
rwc_popular_CD1_01.wav,24.0,0.0,30.0,beat_this
rwc_popular_CD1_01.wav,24.44,0.0,30.0,beat_this
rwc_popular_CD1_01.wav,24.88,0.0,30.0,beat_this
rwc_popular_CD1_01.wav,25.32,0.0,30.0,beat_this
rwc_popular_CD1_01.wav,25.76,0.0,30.0,beat_this
rwc_popular_CD1_01.wav,26.2,0.0,30.0,beat_this
rwc_popular_CD1_01.wav,26.66,0.0,30.0,beat_this
rwc_popular_CD1_01.wav,27.1,0.0,30.0,beat_this
rwc_popular_CD1_01.wav,27.56,0.0,30.0,beat_this
rwc_popular_CD1_01.wav,28.0,0.0,30.0,beat_this
rwc_popular_CD1_01.wav,28.44,0.0,30.0,beat_this
rwc_popular_CD1_01.wav,28.88,0.0,30.0,beat_this
rwc_popular_CD1_01.wav,29.32,0.0,30.0,beat_this
rwc_popular_CD1_01.wav,29.76,0.0,30.0,beat_this
rwc_popular_CD2_05.wav,0.0,0.0,30.0,beat_this
rwc_popular_CD2_05.wav,0.6,0.0,30.0,beat_this
rwc_popular_CD2_05.wav,1.22,0.0,30.0,beat_this
rwc_popular_CD2_05.wav,1.82,0.0,30.0,beat_this
rwc_popular_CD2_05.wav,2.44,0.0,30.0,beat_this
rwc_popular_CD2_05.wav,3.04,0.0,30.0,beat_this
rwc_popular_CD2_05.wav,3.66,0.0,30.0,beat_this
rwc_popular_CD2_05.wav,4.26,0.0,30.0,beat_this
rwc_popular_CD2_05.wav,4.88,0.0,30.0,beat_this
rwc_popular_CD2_05.wav,5.5,0.0,30.0,beat_this
rwc_popular_CD2_05.wav,6.1,0.0,30.0,beat_this
rwc_popular_CD2_05.wav,6.72,0.0,30.0,beat_this
rwc_popular_CD2_05.wav,7.32,0.0,30.0,beat_this
rwc_popular_CD2_05.wav,7.94,0.0,30.0,beat_this
rwc_popular_CD2_05.wav,8.56,0.0,30.0,beat_this
rwc_popular_CD2_05.wav,9.16,0.0,30.0,beat_this
rwc_popular_CD2_05.wav,9.78,0.0,30.0,beat_this
rwc_popular_CD2_05.wav,10.38,0.0,30.0,beat_this
rwc_popular_CD2_05.wav,11.0,0.0,30.0,beat_this
rwc_popular_CD2_05.wav,11.62,0.0,30.0,beat_this
rwc_popular_CD2_05.wav,12.22,0.0,30.0,beat_this
rwc_popular_CD2_05.wav,12.84,0.0,30.0,beat_this
rwc_popular_CD2_05.wav,13.46,0.0,30.0,beat_this
rwc_popular_CD2_05.wav,14.06,0.0,30.0,beat_this
rwc_popular_CD2_05.wav,14.68,0.0,30.0,beat_this
rwc_popular_CD2_05.wav,15.28,0.0,30.0,beat_this
rwc_popular_CD2_05.wav,15.9,0.0,30.0,beat_this
rwc_popular_CD2_05.wav,16.5,0.0,30.0,beat_this
rwc_popular_CD2_05.wav,17.12,0.0,30.0,beat_this
rwc_popular_CD2_05.wav,17.74,0.0,30.0,beat_this
rwc_popular_CD2_05.wav,18.34,0.0,30.0,beat_this
rwc_popular_CD2_05.wav,18.96,0.0,30.0,beat_this
rwc_popular_CD2_05.wav,19.56,0.0,30.0,beat_this
rwc_popular_CD2_05.wav,20.18,0.0,30.0,beat_this
rwc_popular_CD2_05.wav,20.8,0.0,30.0,beat_this
rwc_popular_CD2_05.wav,21.4,0.0,30.0,beat_this
rwc_popular_CD2_05.wav,22.02,0.0,30.0,beat_this
rwc_popular_CD2_05.wav,22.64,0.0,30.0,beat_this
rwc_popular_CD2_05.wav,23.24,0.0,30.0,beat_this
rwc_popular_CD2_05.wav,23.86,0.0,30.0,beat_this
rwc_popular_CD2_05.wav,24.48,0.0,30.0,beat_this
rwc_popular_CD2_05.wav,25.08,0.0,30.0,beat_this
rwc_popular_CD2_05.wav,25.7,0.0,30.0,beat_this
rwc_popular_CD2_05.wav,26.3,0.0,30.0,beat_this
rwc_popular_CD2_05.wav,26.92,0.0,30.0,beat_this
rwc_popular_CD2_05.wav,27.52,0.0,30.0,beat_this
rwc_popular_CD2_05.wav,28.14,0.0,30.0,beat_this
rwc_popular_CD2_05.wav,28.76,0.0,30.0,beat_this
rwc_popular_CD2_05.wav,29.36,0.0,30.0,beat_this
rwc_popular_CD2_05.wav,29.98,0.0,30.0,beat_this
rwc_popular_CD3_03.wav,0.0,0.0,30.0,beat_this
rwc_popular_CD3_03.wav,0.32,0.0,30.0,beat_this
rwc_popular_CD3_03.wav,0.68,0.0,30.0,beat_this
rwc_popular_CD3_03.wav,1.02,0.0,30.0,beat_this
rwc_popular_CD3_03.wav,1.38,0.0,30.0,beat_this
rwc_popular_CD3_03.wav,1.74,0.0,30.0,beat_this
rwc_popular_CD3_03.wav,2.06,0.0,30.0,beat_this
rwc_popular_CD3_03.wav,2.44,0.0,30.0,beat_this
rwc_popular_CD3_03.wav,2.78,0.0,30.0,beat_this
rwc_popular_CD3_03.wav,3.14,0.0,30.0,beat_this
rwc_popular_CD3_03.wav,3.48,0.0,30.0,beat_this
rwc_popular_CD3_03.wav,3.84,0.0,30.0,beat_this
rwc_popular_CD3_03.wav,4.2,0.0,30.0,beat_this
rwc_popular_CD3_03.wav,4.56,0.0,30.0,beat_this
rwc_popular_CD3_03.wav,4.9,0.0,30.0,beat_this
rwc_popular_CD3_03.wav,5.28,0.0,30.0,beat_this
rwc_popular_CD3_03.wav,5.64,0.0,30.0,beat_this
rwc_popular_CD3_03.wav,5.98,0.0,30.0,beat_this
rwc_popular_CD3_03.wav,6.32,0.0,30.0,beat_this
rwc_popular_CD3_03.wav,6.68,0.0,30.0,beat_this
rwc_popular_CD3_03.wav,7.04,0.0,30.0,beat_this
rwc_popular_CD3_03.wav,7.38,0.0,30.0,beat_this
rwc_popular_CD3_03.wav,7.74,0.0,30.0,beat_this
rwc_popular_CD3_03.wav,8.08,0.0,30.0,beat_this
rwc_popular_CD3_03.wav,8.44,0.0,30.0,beat_this
rwc_popular_CD3_03.wav,8.8,0.0,30.0,beat_this
rwc_popular_CD3_03.wav,9.14,0.0,30.0,beat_this
rwc_popular_CD3_03.wav,9.5,0.0,30.0,beat_this
rwc_popular_CD3_03.wav,9.86,0.0,30.0,beat_this
rwc_popular_CD3_03.wav,10.2,0.0,30.0,beat_this
rwc_popular_CD3_03.wav,10.54,0.0,30.0,beat_this
rwc_popular_CD3_03.wav,10.9,0.0,30.0,beat_this
rwc_popular_CD3_03.wav,11.26,0.0,30.0,beat_this
rwc_popular_CD3_03.wav,11.6,0.0,30.0,beat_this
rwc_popular_CD3_03.wav,11.96,0.0,30.0,beat_this
rwc_popular_CD3_03.wav,12.32,0.0,30.0,beat_this
rwc_popular_CD3_03.wav,12.68,0.0,30.0,beat_this
rwc_popular_CD3_03.wav,13.02,0.0,30.0,beat_this
rwc_popular_CD3_03.wav,13.38,0.0,30.0,beat_this
rwc_popular_CD3_03.wav,13.72,0.0,30.0,beat_this
rwc_popular_CD3_03.wav,14.08,0.0,30.0,beat_this
rwc_popular_CD3_03.wav,14.44,0.0,30.0,beat_this
rwc_popular_CD3_03.wav,14.78,0.0,30.0,beat_this
rwc_popular_CD3_03.wav,15.14,0.0,30.0,beat_this
rwc_popular_CD3_03.wav,15.5,0.0,30.0,beat_this
rwc_popular_CD3_03.wav,15.86,0.0,30.0,beat_this
rwc_popular_CD3_03.wav,16.2,0.0,30.0,beat_this
rwc_popular_CD3_03.wav,16.56,0.0,30.0,beat_this
rwc_popular_CD3_03.wav,16.92,0.0,30.0,beat_this
rwc_popular_CD3_03.wav,17.26,0.0,30.0,beat_this
rwc_popular_CD3_03.wav,17.62,0.0,30.0,beat_this
rwc_popular_CD3_03.wav,17.96,0.0,30.0,beat_this
rwc_popular_CD3_03.wav,18.32,0.0,30.0,beat_this
rwc_popular_CD3_03.wav,18.68,0.0,30.0,beat_this
rwc_popular_CD3_03.wav,19.02,0.0,30.0,beat_this
rwc_popular_CD3_03.wav,19.36,0.0,30.0,beat_this
rwc_popular_CD3_03.wav,19.72,0.0,30.0,beat_this
rwc_popular_CD3_03.wav,20.08,0.0,30.0,beat_this
rwc_popular_CD3_03.wav,20.44,0.0,30.0,beat_this
rwc_popular_CD3_03.wav,20.78,0.0,30.0,beat_this
rwc_popular_CD3_03.wav,21.14,0.0,30.0,beat_this
rwc_popular_CD3_03.wav,21.5,0.0,30.0,beat_this
rwc_popular_CD3_03.wav,21.86,0.0,30.0,beat_this
rwc_popular_CD3_03.wav,22.18,0.0,30.0,beat_this
rwc_popular_CD3_03.wav,22.56,0.0,30.0,beat_this
rwc_popular_CD3_03.wav,22.9,0.0,30.0,beat_this
rwc_popular_CD3_03.wav,23.26,0.0,30.0,beat_this
rwc_popular_CD3_03.wav,23.6,0.0,30.0,beat_this
rwc_popular_CD3_03.wav,23.96,0.0,30.0,beat_this
rwc_popular_CD3_03.wav,24.32,0.0,30.0,beat_this
rwc_popular_CD3_03.wav,24.68,0.0,30.0,beat_this
rwc_popular_CD3_03.wav,25.02,0.0,30.0,beat_this
rwc_popular_CD3_03.wav,25.38,0.0,30.0,beat_this
rwc_popular_CD3_03.wav,25.72,0.0,30.0,beat_this
rwc_popular_CD3_03.wav,26.08,0.0,30.0,beat_this
rwc_popular_CD3_03.wav,26.42,0.0,30.0,beat_this
rwc_popular_CD3_03.wav,26.78,0.0,30.0,beat_this
rwc_popular_CD3_03.wav,27.14,0.0,30.0,beat_this
rwc_popular_CD3_03.wav,27.48,0.0,30.0,beat_this
rwc_popular_CD3_03.wav,27.84,0.0,30.0,beat_this
rwc_popular_CD3_03.wav,28.2,0.0,30.0,beat_this
rwc_popular_CD3_03.wav,28.56,0.0,30.0,beat_this
rwc_popular_CD3_03.wav,28.9,0.0,30.0,beat_this
rwc_popular_CD3_03.wav,29.26,0.0,30.0,beat_this
rwc_popular_CD3_03.wav,29.62,0.0,30.0,beat_this
rwc_popular_CD3_03.wav,29.96,0.0,30.0,beat_this
sofyan1.wav,0.0,0.0,30.0,beat_this
sofyan1.wav,0.76,0.0,30.0,beat_this
sofyan1.wav,1.56,0.0,30.0,beat_this
sofyan1.wav,2.34,0.0,30.0,beat_this
sofyan1.wav,3.14,0.0,30.0,beat_this
sofyan1.wav,3.92,0.0,30.0,beat_this
sofyan1.wav,4.72,0.0,30.0,beat_this
sofyan1.wav,5.5,0.0,30.0,beat_this
sofyan1.wav,6.32,0.0,30.0,beat_this
sofyan1.wav,7.1,0.0,30.0,beat_this
sofyan1.wav,7.86,0.0,30.0,beat_this
sofyan1.wav,8.68,0.0,30.0,beat_this
sofyan1.wav,9.46,0.0,30.0,beat_this
sofyan1.wav,10.26,0.0,30.0,beat_this
sofyan1.wav,11.04,0.0,30.0,beat_this
sofyan1.wav,11.82,0.0,30.0,beat_this
sofyan1.wav,12.6,0.0,30.0,beat_this
sofyan1.wav,13.4,0.0,30.0,beat_this
sofyan1.wav,14.2,0.0,30.0,beat_this
sofyan1.wav,15.0,0.0,30.0,beat_this
sofyan1.wav,15.78,0.0,30.0,beat_this
sofyan1.wav,16.56,0.0,30.0,beat_this
sofyan1.wav,17.34,0.0,30.0,beat_this
sofyan1.wav,18.14,0.0,30.0,beat_this
sofyan1.wav,18.92,0.0,30.0,beat_this
sofyan1.wav,19.72,0.0,30.0,beat_this
sofyan1.wav,20.52,0.0,30.0,beat_this
sofyan1.wav,21.34,0.0,30.0,beat_this
sofyan1.wav,22.2,0.0,30.0,beat_this
sofyan1.wav,23.02,0.0,30.0,beat_this
sofyan1.wav,23.9,0.0,30.0,beat_this
sofyan1.wav,24.76,0.0,30.0,beat_this
sofyan1.wav,25.6,0.0,30.0,beat_this
sofyan1.wav,26.42,0.0,30.0,beat_this
sofyan1.wav,27.3,0.0,30.0,beat_this
sofyan1.wav,28.14,0.0,30.0,beat_this
sofyan1.wav,28.96,0.0,30.0,beat_this
sofyan1.wav,29.78,0.0,30.0,beat_this
sofyan2.wav,0.28,0.0,30.0,beat_this
sofyan2.wav,0.84,0.0,30.0,beat_this
sofyan2.wav,1.42,0.0,30.0,beat_this
sofyan2.wav,1.98,0.0,30.0,beat_this
sofyan2.wav,2.56,0.0,30.0,beat_this
sofyan2.wav,2.86,0.0,30.0,beat_this
sofyan2.wav,3.14,0.0,30.0,beat_this
sofyan2.wav,3.72,0.0,30.0,beat_this
sofyan2.wav,4.0,0.0,30.0,beat_this
sofyan2.wav,4.28,0.0,30.0,beat_this
sofyan2.wav,4.84,0.0,30.0,beat_this
sofyan2.wav,5.42,0.0,30.0,beat_this
sofyan2.wav,6.0,0.0,30.0,beat_this
sofyan2.wav,6.56,0.0,30.0,beat_this
sofyan2.wav,7.14,0.0,30.0,beat_this
sofyan2.wav,7.42,0.0,30.0,beat_this
sofyan2.wav,7.72,0.0,30.0,beat_this
sofyan2.wav,8.0,0.0,30.0,beat_this
sofyan2.wav,8.58,0.0,30.0,beat_this
sofyan2.wav,9.14,0.0,30.0,beat_this
sofyan2.wav,9.74,0.0,30.0,beat_this
sofyan2.wav,10.3,0.0,30.0,beat_this
sofyan2.wav,10.88,0.0,30.0,beat_this
sofyan2.wav,11.44,0.0,30.0,beat_this
sofyan2.wav,12.02,0.0,30.0,beat_this
sofyan2.wav,12.58,0.0,30.0,beat_this
sofyan2.wav,13.16,0.0,30.0,beat_this
sofyan2.wav,13.76,0.0,30.0,beat_this
sofyan2.wav,14.34,0.0,30.0,beat_this
sofyan2.wav,14.92,0.0,30.0,beat_this
sofyan2.wav,15.5,0.0,30.0,beat_this
sofyan2.wav,16.04,0.0,30.0,beat_this
sofyan2.wav,16.62,0.0,30.0,beat_this
sofyan2.wav,17.2,0.0,30.0,beat_this
sofyan2.wav,17.78,0.0,30.0,beat_this
sofyan2.wav,18.34,0.0,30.0,beat_this
sofyan2.wav,18.94,0.0,30.0,beat_this
sofyan2.wav,19.52,0.0,30.0,beat_this
sofyan2.wav,20.08,0.0,30.0,beat_this
sofyan2.wav,20.64,0.0,30.0,beat_this
sofyan2.wav,21.22,0.0,30.0,beat_this
sofyan2.wav,21.8,0.0,30.0,beat_this
sofyan2.wav,22.36,0.0,30.0,beat_this
sofyan2.wav,22.94,0.0,30.0,beat_this
sofyan2.wav,23.52,0.0,30.0,beat_this
sofyan2.wav,24.08,0.0,30.0,beat_this
sofyan2.wav,24.62,0.0,30.0,beat_this
sofyan2.wav,25.22,0.0,30.0,beat_this
sofyan2.wav,25.8,0.0,30.0,beat_this
sofyan2.wav,26.36,0.0,30.0,beat_this
sofyan2.wav,26.96,0.0,30.0,beat_this
sofyan2.wav,27.54,0.0,30.0,beat_this
sofyan2.wav,28.1,0.0,30.0,beat_this
sofyan2.wav,28.68,0.0,30.0,beat_this
sofyan2.wav,29.26,0.0,30.0,beat_this
sofyan2.wav,29.82,0.0,30.0,beat_this
train1.wav,0.28,0.0,30.0,beat_this
train1.wav,0.78,0.0,30.0,beat_this
train1.wav,1.24,0.0,30.0,beat_this
train1.wav,1.72,0.0,30.0,beat_this
train1.wav,2.18,0.0,30.0,beat_this
train1.wav,2.64,0.0,30.0,beat_this
train1.wav,3.1,0.0,30.0,beat_this
train1.wav,3.58,0.0,30.0,beat_this
train1.wav,4.04,0.0,30.0,beat_this
train1.wav,4.5,0.0,30.0,beat_this
train1.wav,4.96,0.0,30.0,beat_this
train1.wav,5.44,0.0,30.0,beat_this
train1.wav,5.9,0.0,30.0,beat_this
train1.wav,6.36,0.0,30.0,beat_this
train1.wav,6.82,0.0,30.0,beat_this
train1.wav,7.3,0.0,30.0,beat_this
train1.wav,7.78,0.0,30.0,beat_this
train1.wav,8.26,0.0,30.0,beat_this
train1.wav,8.72,0.0,30.0,beat_this
train1.wav,9.2,0.0,30.0,beat_this
train1.wav,9.66,0.0,30.0,beat_this
train1.wav,10.12,0.0,30.0,beat_this
train1.wav,10.58,0.0,30.0,beat_this
train1.wav,11.06,0.0,30.0,beat_this
train1.wav,11.52,0.0,30.0,beat_this
train1.wav,11.98,0.0,30.0,beat_this
train1.wav,12.44,0.0,30.0,beat_this
train1.wav,12.9,0.0,30.0,beat_this
train1.wav,13.36,0.0,30.0,beat_this
train1.wav,13.82,0.0,30.0,beat_this
train1.wav,14.28,0.0,30.0,beat_this
train1.wav,14.72,0.0,30.0,beat_this
train1.wav,15.18,0.0,30.0,beat_this
train1.wav,15.64,0.0,30.0,beat_this
train1.wav,16.12,0.0,30.0,beat_this
train1.wav,16.58,0.0,30.0,beat_this
train1.wav,17.04,0.0,30.0,beat_this
train1.wav,17.52,0.0,30.0,beat_this
train1.wav,17.94,0.0,30.0,beat_this
train1.wav,18.42,0.0,30.0,beat_this
train1.wav,18.9,0.0,30.0,beat_this
train1.wav,19.34,0.0,30.0,beat_this
train1.wav,19.8,0.0,30.0,beat_this
train1.wav,20.28,0.0,30.0,beat_this
train1.wav,20.74,0.0,30.0,beat_this
train1.wav,21.2,0.0,30.0,beat_this
train1.wav,21.66,0.0,30.0,beat_this
train1.wav,22.12,0.0,30.0,beat_this
train1.wav,22.6,0.0,30.0,beat_this
train1.wav,23.06,0.0,30.0,beat_this
train1.wav,23.5,0.0,30.0,beat_this
train1.wav,23.98,0.0,30.0,beat_this
train1.wav,24.44,0.0,30.0,beat_this
train1.wav,24.9,0.0,30.0,beat_this
train1.wav,25.36,0.0,30.0,beat_this
train1.wav,25.86,0.0,30.0,beat_this
train1.wav,26.3,0.0,30.0,beat_this
train1.wav,26.76,0.0,30.0,beat_this
train1.wav,27.22,0.0,30.0,beat_this
train1.wav,27.68,0.0,30.0,beat_this
train1.wav,28.14,0.0,30.0,beat_this
train1.wav,28.6,0.0,30.0,beat_this
train1.wav,29.06,0.0,30.0,beat_this
train1.wav,29.56,0.0,30.0,beat_this
train1.wav,30.0,0.0,30.0,beat_this
train10.wav,0.14,0.0,30.0,beat_this
train10.wav,0.64,0.0,30.0,beat_this
train10.wav,1.12,0.0,30.0,beat_this
train10.wav,1.64,0.0,30.0,beat_this
train10.wav,2.12,0.0,30.0,beat_this
train10.wav,2.6,0.0,30.0,beat_this
train10.wav,3.08,0.0,30.0,beat_this
train10.wav,3.54,0.0,30.0,beat_this
train10.wav,4.04,0.0,30.0,beat_this
train10.wav,4.52,0.0,30.0,beat_this
train10.wav,5.0,0.0,30.0,beat_this
train10.wav,5.48,0.0,30.0,beat_this
train10.wav,5.98,0.0,30.0,beat_this
train10.wav,6.46,0.0,30.0,beat_this
train10.wav,6.94,0.0,30.0,beat_this
train10.wav,7.42,0.0,30.0,beat_this
train10.wav,7.9,0.0,30.0,beat_this
train10.wav,8.4,0.0,30.0,beat_this
train10.wav,8.88,0.0,30.0,beat_this
train10.wav,9.38,0.0,30.0,beat_this
train10.wav,9.88,0.0,30.0,beat_this
train10.wav,10.36,0.0,30.0,beat_this
train10.wav,10.88,0.0,30.0,beat_this
train10.wav,11.36,0.0,30.0,beat_this
train10.wav,11.84,0.0,30.0,beat_this
train10.wav,12.34,0.0,30.0,beat_this
train10.wav,12.82,0.0,30.0,beat_this
train10.wav,13.32,0.0,30.0,beat_this
train10.wav,13.82,0.0,30.0,beat_this
train10.wav,14.3,0.0,30.0,beat_this
train10.wav,14.8,0.0,30.0,beat_this
train10.wav,15.3,0.0,30.0,beat_this
train10.wav,15.8,0.0,30.0,beat_this
train10.wav,16.28,0.0,30.0,beat_this
train10.wav,16.78,0.0,30.0,beat_this
train10.wav,17.26,0.0,30.0,beat_this
train10.wav,17.74,0.0,30.0,beat_this
train10.wav,18.24,0.0,30.0,beat_this
train10.wav,18.72,0.0,30.0,beat_this
train10.wav,19.2,0.0,30.0,beat_this
train10.wav,19.68,0.0,30.0,beat_this
train10.wav,20.16,0.0,30.0,beat_this
train10.wav,20.66,0.0,30.0,beat_this
train10.wav,21.16,0.0,30.0,beat_this
train10.wav,21.66,0.0,30.0,beat_this
train10.wav,22.14,0.0,30.0,beat_this
train10.wav,22.64,0.0,30.0,beat_this
train10.wav,23.12,0.0,30.0,beat_this
train10.wav,23.6,0.0,30.0,beat_this
train10.wav,24.1,0.0,30.0,beat_this
train10.wav,24.6,0.0,30.0,beat_this
train10.wav,25.1,0.0,30.0,beat_this
train10.wav,25.62,0.0,30.0,beat_this
train10.wav,26.12,0.0,30.0,beat_this
train10.wav,26.6,0.0,30.0,beat_this
train10.wav,27.08,0.0,30.0,beat_this
train10.wav,27.6,0.0,30.0,beat_this
train10.wav,28.08,0.0,30.0,beat_this
train10.wav,28.58,0.0,30.0,beat_this
train10.wav,29.06,0.0,30.0,beat_this
train10.wav,29.58,0.0,30.0,beat_this
train11.wav,0.08,0.0,30.0,beat_this
train11.wav,0.52,0.0,30.0,beat_this
train11.wav,0.96,0.0,30.0,beat_this
train11.wav,1.38,0.0,30.0,beat_this
train11.wav,1.8,0.0,30.0,beat_this
train11.wav,2.24,0.0,30.0,beat_this
train11.wav,2.66,0.0,30.0,beat_this
train11.wav,3.1,0.0,30.0,beat_this
train11.wav,3.52,0.0,30.0,beat_this
train11.wav,3.96,0.0,30.0,beat_this
train11.wav,4.36,0.0,30.0,beat_this
train11.wav,4.8,0.0,30.0,beat_this
train11.wav,5.22,0.0,30.0,beat_this
train11.wav,5.66,0.0,30.0,beat_this
train11.wav,6.08,0.0,30.0,beat_this
train11.wav,6.52,0.0,30.0,beat_this
train11.wav,6.94,0.0,30.0,beat_this
train11.wav,7.38,0.0,30.0,beat_this
train11.wav,7.8,0.0,30.0,beat_this
train11.wav,8.22,0.0,30.0,beat_this
train11.wav,8.66,0.0,30.0,beat_this
train11.wav,9.08,0.0,30.0,beat_this
train11.wav,9.5,0.0,30.0,beat_this
train11.wav,9.94,0.0,30.0,beat_this
train11.wav,10.36,0.0,30.0,beat_this
train11.wav,10.8,0.0,30.0,beat_this
train11.wav,11.22,0.0,30.0,beat_this
train11.wav,11.66,0.0,30.0,beat_this
train11.wav,12.1,0.0,30.0,beat_this
train11.wav,12.52,0.0,30.0,beat_this
train11.wav,12.94,0.0,30.0,beat_this
train11.wav,13.36,0.0,30.0,beat_this
train11.wav,13.8,0.0,30.0,beat_this
train11.wav,14.24,0.0,30.0,beat_this
train11.wav,14.66,0.0,30.0,beat_this
train11.wav,15.1,0.0,30.0,beat_this
train11.wav,15.52,0.0,30.0,beat_this
train11.wav,15.94,0.0,30.0,beat_this
train11.wav,16.38,0.0,30.0,beat_this
train11.wav,16.8,0.0,30.0,beat_this
train11.wav,17.22,0.0,30.0,beat_this
train11.wav,17.66,0.0,30.0,beat_this
train11.wav,18.08,0.0,30.0,beat_this
train11.wav,18.52,0.0,30.0,beat_this
train11.wav,18.94,0.0,30.0,beat_this
train11.wav,19.38,0.0,30.0,beat_this
train11.wav,19.8,0.0,30.0,beat_this
train11.wav,20.22,0.0,30.0,beat_this
train11.wav,20.64,0.0,30.0,beat_this
train11.wav,21.08,0.0,30.0,beat_this
train11.wav,21.5,0.0,30.0,beat_this
train11.wav,21.94,0.0,30.0,beat_this
train11.wav,22.36,0.0,30.0,beat_this
train11.wav,22.8,0.0,30.0,beat_this
train11.wav,23.22,0.0,30.0,beat_this
train11.wav,23.66,0.0,30.0,beat_this
train11.wav,24.08,0.0,30.0,beat_this
train11.wav,24.54,0.0,30.0,beat_this
train11.wav,24.96,0.0,30.0,beat_this
train11.wav,25.38,0.0,30.0,beat_this
train11.wav,25.82,0.0,30.0,beat_this
train11.wav,26.24,0.0,30.0,beat_this
train11.wav,26.68,0.0,30.0,beat_this
train11.wav,27.1,0.0,30.0,beat_this
train11.wav,27.52,0.0,30.0,beat_this
train11.wav,27.96,0.0,30.0,beat_this
train11.wav,28.38,0.0,30.0,beat_this
train11.wav,28.82,0.0,30.0,beat_this
train11.wav,29.26,0.0,30.0,beat_this
train11.wav,29.68,0.0,30.0,beat_this
train12.wav,0.06,0.0,30.0,beat_this
train12.wav,0.44,0.0,30.0,beat_this
train12.wav,0.82,0.0,30.0,beat_this
train12.wav,1.18,0.0,30.0,beat_this
train12.wav,1.58,0.0,30.0,beat_this
train12.wav,1.94,0.0,30.0,beat_this
train12.wav,2.32,0.0,30.0,beat_this
train12.wav,2.7,0.0,30.0,beat_this
train12.wav,3.06,0.0,30.0,beat_this
train12.wav,3.42,0.0,30.0,beat_this
train12.wav,3.8,0.0,30.0,beat_this
train12.wav,4.16,0.0,30.0,beat_this
train12.wav,4.54,0.0,30.0,beat_this
train12.wav,4.9,0.0,30.0,beat_this
train12.wav,5.26,0.0,30.0,beat_this
train12.wav,5.64,0.0,30.0,beat_this
train12.wav,6.0,0.0,30.0,beat_this
train12.wav,6.36,0.0,30.0,beat_this
train12.wav,6.76,0.0,30.0,beat_this
train12.wav,7.12,0.0,30.0,beat_this
train12.wav,7.5,0.0,30.0,beat_this
train12.wav,7.86,0.0,30.0,beat_this
train12.wav,8.24,0.0,30.0,beat_this
train12.wav,8.6,0.0,30.0,beat_this
train12.wav,9.0,0.0,30.0,beat_this
train12.wav,9.36,0.0,30.0,beat_this
train12.wav,9.74,0.0,30.0,beat_this
train12.wav,10.08,0.0,30.0,beat_this
train12.wav,10.46,0.0,30.0,beat_this
train12.wav,10.82,0.0,30.0,beat_this
train12.wav,11.22,0.0,30.0,beat_this
train12.wav,11.54,0.0,30.0,beat_this
train12.wav,11.92,0.0,30.0,beat_this
train12.wav,12.28,0.0,30.0,beat_this
train12.wav,12.66,0.0,30.0,beat_this
train12.wav,13.02,0.0,30.0,beat_this
train12.wav,13.42,0.0,30.0,beat_this
train12.wav,13.76,0.0,30.0,beat_this
train12.wav,14.16,0.0,30.0,beat_this
train12.wav,14.5,0.0,30.0,beat_this
train12.wav,14.86,0.0,30.0,beat_this
train12.wav,15.24,0.0,30.0,beat_this
train12.wav,15.6,0.0,30.0,beat_this
train12.wav,15.96,0.0,30.0,beat_this
train12.wav,16.34,0.0,30.0,beat_this
train12.wav,16.72,0.0,30.0,beat_this
train12.wav,17.08,0.0,30.0,beat_this
train12.wav,17.46,0.0,30.0,beat_this
train12.wav,17.84,0.0,30.0,beat_this
train12.wav,18.22,0.0,30.0,beat_this
train12.wav,18.58,0.0,30.0,beat_this
train12.wav,18.96,0.0,30.0,beat_this
train12.wav,19.34,0.0,30.0,beat_this
train12.wav,19.72,0.0,30.0,beat_this
train12.wav,20.1,0.0,30.0,beat_this
train12.wav,20.44,0.0,30.0,beat_this
train12.wav,20.82,0.0,30.0,beat_this
train12.wav,21.2,0.0,30.0,beat_this
train12.wav,21.58,0.0,30.0,beat_this
train12.wav,21.96,0.0,30.0,beat_this
train12.wav,22.34,0.0,30.0,beat_this
train12.wav,22.7,0.0,30.0,beat_this
train12.wav,23.08,0.0,30.0,beat_this
train12.wav,23.46,0.0,30.0,beat_this
train12.wav,23.84,0.0,30.0,beat_this
train12.wav,24.2,0.0,30.0,beat_this
train12.wav,24.58,0.0,30.0,beat_this
train12.wav,24.96,0.0,30.0,beat_this
train12.wav,25.32,0.0,30.0,beat_this
train12.wav,25.68,0.0,30.0,beat_this
train12.wav,26.06,0.0,30.0,beat_this
train12.wav,26.44,0.0,30.0,beat_this
train12.wav,26.82,0.0,30.0,beat_this
train12.wav,27.2,0.0,30.0,beat_this
train12.wav,27.58,0.0,30.0,beat_this
train12.wav,27.96,0.0,30.0,beat_this
train12.wav,28.32,0.0,30.0,beat_this
train12.wav,28.7,0.0,30.0,beat_this
train12.wav,29.08,0.0,30.0,beat_this
train12.wav,29.46,0.0,30.0,beat_this
train12.wav,29.8,0.0,30.0,beat_this
train13.wav,0.0,0.0,30.0,beat_this
train13.wav,0.32,0.0,30.0,beat_this
train13.wav,0.66,0.0,30.0,beat_this
train13.wav,0.98,0.0,30.0,beat_this
train13.wav,1.32,0.0,30.0,beat_this
train13.wav,1.66,0.0,30.0,beat_this
train13.wav,1.98,0.0,30.0,beat_this
train13.wav,2.32,0.0,30.0,beat_this
train13.wav,2.66,0.0,30.0,beat_this
train13.wav,2.98,0.0,30.0,beat_this
train13.wav,3.32,0.0,30.0,beat_this
train13.wav,3.66,0.0,30.0,beat_this
train13.wav,4.0,0.0,30.0,beat_this
train13.wav,4.3,0.0,30.0,beat_this
train13.wav,4.64,0.0,30.0,beat_this
train13.wav,4.8,0.0,30.0,beat_this
train13.wav,4.96,0.0,30.0,beat_this
train13.wav,5.1,0.0,30.0,beat_this
train13.wav,5.3,0.0,30.0,beat_this
train13.wav,5.62,0.0,30.0,beat_this
train13.wav,5.78,0.0,30.0,beat_this
train13.wav,5.94,0.0,30.0,beat_this
train13.wav,6.12,0.0,30.0,beat_this
train13.wav,6.3,0.0,30.0,beat_this
train13.wav,6.46,0.0,30.0,beat_this
train13.wav,6.64,0.0,30.0,beat_this
train13.wav,6.76,0.0,30.0,beat_this
train13.wav,6.96,0.0,30.0,beat_this
train13.wav,7.12,0.0,30.0,beat_this
train13.wav,7.3,0.0,30.0,beat_this
train13.wav,7.46,0.0,30.0,beat_this
train13.wav,7.62,0.0,30.0,beat_this
train13.wav,7.8,0.0,30.0,beat_this
train13.wav,7.96,0.0,30.0,beat_this
train13.wav,8.28,0.0,30.0,beat_this
train13.wav,8.46,0.0,30.0,beat_this
train13.wav,8.62,0.0,30.0,beat_this
train13.wav,8.8,0.0,30.0,beat_this
train13.wav,8.96,0.0,30.0,beat_this
train13.wav,9.14,0.0,30.0,beat_this
train13.wav,9.3,0.0,30.0,beat_this
train13.wav,9.48,0.0,30.0,beat_this
train13.wav,9.64,0.0,30.0,beat_this
train13.wav,9.8,0.0,30.0,beat_this
train13.wav,9.98,0.0,30.0,beat_this
train13.wav,10.14,0.0,30.0,beat_this
train13.wav,10.32,0.0,30.0,beat_this
train13.wav,10.48,0.0,30.0,beat_this
train13.wav,10.82,0.0,30.0,beat_this
train13.wav,11.14,0.0,30.0,beat_this
train13.wav,11.48,0.0,30.0,beat_this
train13.wav,11.8,0.0,30.0,beat_this
train13.wav,12.14,0.0,30.0,beat_this
train13.wav,12.46,0.0,30.0,beat_this
train13.wav,12.82,0.0,30.0,beat_this
train13.wav,13.14,0.0,30.0,beat_this
train13.wav,13.48,0.0,30.0,beat_this
train13.wav,13.8,0.0,30.0,beat_this
train13.wav,14.14,0.0,30.0,beat_this
train13.wav,14.46,0.0,30.0,beat_this
train13.wav,14.8,0.0,30.0,beat_this
train13.wav,15.12,0.0,30.0,beat_this
train13.wav,15.46,0.0,30.0,beat_this
train13.wav,15.8,0.0,30.0,beat_this
train13.wav,16.14,0.0,30.0,beat_this
train13.wav,16.46,0.0,30.0,beat_this
train13.wav,16.82,0.0,30.0,beat_this
train13.wav,17.14,0.0,30.0,beat_this
train13.wav,17.46,0.0,30.0,beat_this
train13.wav,17.8,0.0,30.0,beat_this
train13.wav,17.98,0.0,30.0,beat_this
train13.wav,18.14,0.0,30.0,beat_this
train13.wav,18.3,0.0,30.0,beat_this
train13.wav,18.48,0.0,30.0,beat_this
train13.wav,18.66,0.0,30.0,beat_this
train13.wav,18.78,0.0,30.0,beat_this
train13.wav,18.96,0.0,30.0,beat_this
train13.wav,19.14,0.0,30.0,beat_this
train13.wav,19.32,0.0,30.0,beat_this
train13.wav,19.62,0.0,30.0,beat_this
train13.wav,19.98,0.0,30.0,beat_this
train13.wav,20.3,0.0,30.0,beat_this
train13.wav,20.64,0.0,30.0,beat_this
train13.wav,20.98,0.0,30.0,beat_this
train13.wav,21.3,0.0,30.0,beat_this
train13.wav,21.64,0.0,30.0,beat_this
train13.wav,21.96,0.0,30.0,beat_this
train13.wav,22.3,0.0,30.0,beat_this
train13.wav,22.64,0.0,30.0,beat_this
train13.wav,22.96,0.0,30.0,beat_this
train13.wav,23.3,0.0,30.0,beat_this
train13.wav,23.64,0.0,30.0,beat_this
train13.wav,23.98,0.0,30.0,beat_this
train13.wav,24.3,0.0,30.0,beat_this
train13.wav,24.64,0.0,30.0,beat_this
train13.wav,24.98,0.0,30.0,beat_this
train13.wav,25.3,0.0,30.0,beat_this
train13.wav,25.64,0.0,30.0,beat_this
train13.wav,25.96,0.0,30.0,beat_this
train13.wav,26.3,0.0,30.0,beat_this
train13.wav,26.64,0.0,30.0,beat_this
train13.wav,26.96,0.0,30.0,beat_this
train13.wav,27.3,0.0,30.0,beat_this
train13.wav,27.62,0.0,30.0,beat_this
train13.wav,27.96,0.0,30.0,beat_this
train13.wav,28.3,0.0,30.0,beat_this
train13.wav,28.64,0.0,30.0,beat_this
train13.wav,28.96,0.0,30.0,beat_this
train13.wav,29.3,0.0,30.0,beat_this
train13.wav,29.62,0.0,30.0,beat_this
train13.wav,29.96,0.0,30.0,beat_this
train14.wav,0.02,0.0,30.0,beat_this
train14.wav,0.48,0.0,30.0,beat_this
train14.wav,0.94,0.0,30.0,beat_this
train14.wav,1.4,0.0,30.0,beat_this
train14.wav,1.86,0.0,30.0,beat_this
train14.wav,2.32,0.0,30.0,beat_this
train14.wav,2.78,0.0,30.0,beat_this
train14.wav,3.26,0.0,30.0,beat_this
train14.wav,3.7,0.0,30.0,beat_this
train14.wav,4.18,0.0,30.0,beat_this
train14.wav,4.64,0.0,30.0,beat_this
train14.wav,5.1,0.0,30.0,beat_this
train14.wav,5.54,0.0,30.0,beat_this
train14.wav,6.02,0.0,30.0,beat_this
train14.wav,6.48,0.0,30.0,beat_this
train14.wav,6.94,0.0,30.0,beat_this
train14.wav,7.4,0.0,30.0,beat_this
train14.wav,7.86,0.0,30.0,beat_this
train14.wav,8.32,0.0,30.0,beat_this
train14.wav,8.78,0.0,30.0,beat_this
train14.wav,9.24,0.0,30.0,beat_this
train14.wav,9.7,0.0,30.0,beat_this
train14.wav,10.16,0.0,30.0,beat_this
train14.wav,10.62,0.0,30.0,beat_this
train14.wav,11.08,0.0,30.0,beat_this
train14.wav,11.54,0.0,30.0,beat_this
train14.wav,12.0,0.0,30.0,beat_this
train14.wav,12.48,0.0,30.0,beat_this
train14.wav,12.92,0.0,30.0,beat_this
train14.wav,13.4,0.0,30.0,beat_this
train14.wav,13.86,0.0,30.0,beat_this
train14.wav,14.32,0.0,30.0,beat_this
train14.wav,14.78,0.0,30.0,beat_this
train14.wav,15.24,0.0,30.0,beat_this
train14.wav,15.7,0.0,30.0,beat_this
train14.wav,16.16,0.0,30.0,beat_this
train14.wav,16.62,0.0,30.0,beat_this
train14.wav,17.08,0.0,30.0,beat_this
train14.wav,17.54,0.0,30.0,beat_this
train14.wav,18.0,0.0,30.0,beat_this
train14.wav,18.46,0.0,30.0,beat_this
train14.wav,18.94,0.0,30.0,beat_this
train14.wav,19.4,0.0,30.0,beat_this
train14.wav,19.86,0.0,30.0,beat_this
train14.wav,20.32,0.0,30.0,beat_this
train14.wav,20.78,0.0,30.0,beat_this
train14.wav,21.24,0.0,30.0,beat_this
train14.wav,21.7,0.0,30.0,beat_this
train14.wav,22.16,0.0,30.0,beat_this
train14.wav,22.62,0.0,30.0,beat_this
train14.wav,23.1,0.0,30.0,beat_this
train14.wav,23.56,0.0,30.0,beat_this
train14.wav,24.0,0.0,30.0,beat_this
train14.wav,24.48,0.0,30.0,beat_this
train14.wav,24.94,0.0,30.0,beat_this
train14.wav,25.4,0.0,30.0,beat_this
train14.wav,25.86,0.0,30.0,beat_this
train14.wav,26.32,0.0,30.0,beat_this
train14.wav,26.78,0.0,30.0,beat_this
train14.wav,27.26,0.0,30.0,beat_this
train14.wav,27.7,0.0,30.0,beat_this
train14.wav,28.18,0.0,30.0,beat_this
train14.wav,28.62,0.0,30.0,beat_this
train14.wav,29.1,0.0,30.0,beat_this
train14.wav,29.56,0.0,30.0,beat_this
train14.wav,30.0,0.0,30.0,beat_this
train15.wav,0.02,0.0,30.0,beat_this
train15.wav,0.36,0.0,30.0,beat_this
train15.wav,0.68,0.0,30.0,beat_this
train15.wav,1.02,0.0,30.0,beat_this
train15.wav,1.34,0.0,30.0,beat_this
train15.wav,1.66,0.0,30.0,beat_this
train15.wav,2.0,0.0,30.0,beat_this
train15.wav,2.34,0.0,30.0,beat_this
train15.wav,2.66,0.0,30.0,beat_this
train15.wav,2.98,0.0,30.0,beat_this
train15.wav,3.32,0.0,30.0,beat_this
train15.wav,3.64,0.0,30.0,beat_this
train15.wav,3.96,0.0,30.0,beat_this
train15.wav,4.3,0.0,30.0,beat_this
train15.wav,4.6,0.0,30.0,beat_this
train15.wav,4.94,0.0,30.0,beat_this
train15.wav,5.26,0.0,30.0,beat_this
train15.wav,5.58,0.0,30.0,beat_this
train15.wav,5.9,0.0,30.0,beat_this
train15.wav,6.22,0.0,30.0,beat_this
train15.wav,6.54,0.0,30.0,beat_this
train15.wav,6.86,0.0,30.0,beat_this
train15.wav,7.2,0.0,30.0,beat_this
train15.wav,7.52,0.0,30.0,beat_this
train15.wav,7.84,0.0,30.0,beat_this
train15.wav,8.16,0.0,30.0,beat_this
train15.wav,8.48,0.0,30.0,beat_this
train15.wav,8.8,0.0,30.0,beat_this
train15.wav,9.12,0.0,30.0,beat_this
train15.wav,9.44,0.0,30.0,beat_this
train15.wav,9.76,0.0,30.0,beat_this
train15.wav,10.08,0.0,30.0,beat_this
train15.wav,10.4,0.0,30.0,beat_this
train15.wav,10.72,0.0,30.0,beat_this
train15.wav,11.06,0.0,30.0,beat_this
train15.wav,11.38,0.0,30.0,beat_this
train15.wav,11.7,0.0,30.0,beat_this
train15.wav,12.02,0.0,30.0,beat_this
train15.wav,12.34,0.0,30.0,beat_this
train15.wav,12.66,0.0,30.0,beat_this
train15.wav,13.0,0.0,30.0,beat_this
train15.wav,13.32,0.0,30.0,beat_this
train15.wav,13.64,0.0,30.0,beat_this
train15.wav,13.96,0.0,30.0,beat_this
train15.wav,14.28,0.0,30.0,beat_this
train15.wav,14.6,0.0,30.0,beat_this
train15.wav,14.94,0.0,30.0,beat_this
train15.wav,15.26,0.0,30.0,beat_this
train15.wav,15.58,0.0,30.0,beat_this
train15.wav,15.9,0.0,30.0,beat_this
train15.wav,16.24,0.0,30.0,beat_this
train15.wav,16.56,0.0,30.0,beat_this
train15.wav,16.88,0.0,30.0,beat_this
train15.wav,17.2,0.0,30.0,beat_this
train15.wav,17.52,0.0,30.0,beat_this
train15.wav,17.86,0.0,30.0,beat_this
train15.wav,18.18,0.0,30.0,beat_this
train15.wav,18.5,0.0,30.0,beat_this
train15.wav,18.84,0.0,30.0,beat_this
train15.wav,19.14,0.0,30.0,beat_this
train15.wav,19.48,0.0,30.0,beat_this
train15.wav,19.8,0.0,30.0,beat_this
train15.wav,20.12,0.0,30.0,beat_this
train15.wav,20.44,0.0,30.0,beat_this
train15.wav,20.78,0.0,30.0,beat_this
train15.wav,21.1,0.0,30.0,beat_this
train15.wav,21.42,0.0,30.0,beat_this
train15.wav,21.74,0.0,30.0,beat_this
train15.wav,22.06,0.0,30.0,beat_this
train15.wav,22.38,0.0,30.0,beat_this
train15.wav,22.72,0.0,30.0,beat_this
train15.wav,23.02,0.0,30.0,beat_this
train15.wav,23.36,0.0,30.0,beat_this
train15.wav,23.68,0.0,30.0,beat_this
train15.wav,24.0,0.0,30.0,beat_this
train15.wav,24.32,0.0,30.0,beat_this
train15.wav,24.64,0.0,30.0,beat_this
train15.wav,24.96,0.0,30.0,beat_this
train15.wav,25.28,0.0,30.0,beat_this
train15.wav,25.6,0.0,30.0,beat_this
train15.wav,25.9,0.0,30.0,beat_this
train15.wav,26.22,0.0,30.0,beat_this
train15.wav,26.54,0.0,30.0,beat_this
train15.wav,26.86,0.0,30.0,beat_this
train15.wav,27.18,0.0,30.0,beat_this
train15.wav,27.5,0.0,30.0,beat_this
train15.wav,27.82,0.0,30.0,beat_this
train15.wav,28.14,0.0,30.0,beat_this
train15.wav,28.46,0.0,30.0,beat_this
train15.wav,28.78,0.0,30.0,beat_this
train15.wav,29.1,0.0,30.0,beat_this
train15.wav,29.44,0.0,30.0,beat_this
train15.wav,29.76,0.0,30.0,beat_this
train16.wav,0.44,0.0,30.0,beat_this
train16.wav,1.18,0.0,30.0,beat_this
train16.wav,1.86,0.0,30.0,beat_this
train16.wav,2.52,0.0,30.0,beat_this
train16.wav,3.16,0.0,30.0,beat_this
train16.wav,3.8,0.0,30.0,beat_this
train16.wav,4.44,0.0,30.0,beat_this
train16.wav,5.08,0.0,30.0,beat_this
train16.wav,5.76,0.0,30.0,beat_this
train16.wav,6.38,0.0,30.0,beat_this
train16.wav,7.04,0.0,30.0,beat_this
train16.wav,7.68,0.0,30.0,beat_this
train16.wav,8.36,0.0,30.0,beat_this
train16.wav,9.0,0.0,30.0,beat_this
train16.wav,9.66,0.0,30.0,beat_this
train16.wav,10.32,0.0,30.0,beat_this
train16.wav,10.98,0.0,30.0,beat_this
train16.wav,11.64,0.0,30.0,beat_this
train16.wav,12.3,0.0,30.0,beat_this
train16.wav,12.96,0.0,30.0,beat_this
train16.wav,13.62,0.0,30.0,beat_this
train16.wav,14.28,0.0,30.0,beat_this
train16.wav,14.92,0.0,30.0,beat_this
train16.wav,15.58,0.0,30.0,beat_this
train16.wav,16.26,0.0,30.0,beat_this
train16.wav,16.92,0.0,30.0,beat_this
train16.wav,17.58,0.0,30.0,beat_this
train16.wav,18.26,0.0,30.0,beat_this
train16.wav,18.94,0.0,30.0,beat_this
train16.wav,19.62,0.0,30.0,beat_this
train16.wav,20.28,0.0,30.0,beat_this
train16.wav,20.98,0.0,30.0,beat_this
train16.wav,21.64,0.0,30.0,beat_this
train16.wav,22.3,0.0,30.0,beat_this
train16.wav,22.96,0.0,30.0,beat_this
train16.wav,23.62,0.0,30.0,beat_this
train16.wav,24.3,0.0,30.0,beat_this
train16.wav,24.96,0.0,30.0,beat_this
train16.wav,25.62,0.0,30.0,beat_this
train16.wav,26.3,0.0,30.0,beat_this
train16.wav,26.96,0.0,30.0,beat_this
train16.wav,27.64,0.0,30.0,beat_this
train16.wav,28.32,0.0,30.0,beat_this
train16.wav,28.98,0.0,30.0,beat_this
train16.wav,29.64,0.0,30.0,beat_this
train17.wav,0.36,0.0,30.0,beat_this
train17.wav,1.0,0.0,30.0,beat_this
train17.wav,1.68,0.0,30.0,beat_this
train17.wav,2.32,0.0,30.0,beat_this
train17.wav,2.94,0.0,30.0,beat_this
train17.wav,3.58,0.0,30.0,beat_this
train17.wav,4.26,0.0,30.0,beat_this
train17.wav,4.94,0.0,30.0,beat_this
train17.wav,5.64,0.0,30.0,beat_this
train17.wav,6.4,0.0,30.0,beat_this
train17.wav,7.06,0.0,30.0,beat_this
train17.wav,7.74,0.0,30.0,beat_this
train17.wav,8.4,0.0,30.0,beat_this
train17.wav,9.08,0.0,30.0,beat_this
train17.wav,9.76,0.0,30.0,beat_this
train17.wav,10.42,0.0,30.0,beat_this
train17.wav,11.1,0.0,30.0,beat_this
train17.wav,11.76,0.0,30.0,beat_this
train17.wav,12.44,0.0,30.0,beat_this
train17.wav,13.08,0.0,30.0,beat_this
train17.wav,13.7,0.0,30.0,beat_this
train17.wav,14.34,0.0,30.0,beat_this
train17.wav,14.98,0.0,30.0,beat_this
train17.wav,15.62,0.0,30.0,beat_this
train17.wav,16.3,0.0,30.0,beat_this
train17.wav,16.98,0.0,30.0,beat_this
train17.wav,17.62,0.0,30.0,beat_this
train17.wav,18.24,0.0,30.0,beat_this
train17.wav,18.84,0.0,30.0,beat_this
train17.wav,19.48,0.0,30.0,beat_this
train17.wav,20.14,0.0,30.0,beat_this
train17.wav,20.78,0.0,30.0,beat_this
train17.wav,21.44,0.0,30.0,beat_this
train17.wav,22.1,0.0,30.0,beat_this
train17.wav,22.74,0.0,30.0,beat_this
train17.wav,23.4,0.0,30.0,beat_this
train17.wav,24.04,0.0,30.0,beat_this
train17.wav,24.68,0.0,30.0,beat_this
train17.wav,25.36,0.0,30.0,beat_this
train17.wav,26.02,0.0,30.0,beat_this
train17.wav,26.68,0.0,30.0,beat_this
train17.wav,27.34,0.0,30.0,beat_this
train17.wav,28.0,0.0,30.0,beat_this
train17.wav,28.66,0.0,30.0,beat_this
train17.wav,29.3,0.0,30.0,beat_this
train17.wav,29.96,0.0,30.0,beat_this
train18.wav,0.16,0.0,30.0,beat_this
train18.wav,0.66,0.0,30.0,beat_this
train18.wav,1.16,0.0,30.0,beat_this
train18.wav,1.66,0.0,30.0,beat_this
train18.wav,2.16,0.0,30.0,beat_this
train18.wav,2.68,0.0,30.0,beat_this
train18.wav,3.2,0.0,30.0,beat_this
train18.wav,3.7,0.0,30.0,beat_this
train18.wav,4.18,0.0,30.0,beat_this
train18.wav,4.68,0.0,30.0,beat_this
train18.wav,5.18,0.0,30.0,beat_this
train18.wav,5.68,0.0,30.0,beat_this
train18.wav,6.18,0.0,30.0,beat_this
train18.wav,6.7,0.0,30.0,beat_this
train18.wav,7.18,0.0,30.0,beat_this
train18.wav,7.68,0.0,30.0,beat_this
train18.wav,8.16,0.0,30.0,beat_this
train18.wav,8.66,0.0,30.0,beat_this
train18.wav,9.16,0.0,30.0,beat_this
train18.wav,9.66,0.0,30.0,beat_this
train18.wav,10.16,0.0,30.0,beat_this
train18.wav,10.66,0.0,30.0,beat_this
train18.wav,11.16,0.0,30.0,beat_this
train18.wav,11.68,0.0,30.0,beat_this
train18.wav,12.16,0.0,30.0,beat_this
train18.wav,12.64,0.0,30.0,beat_this
train18.wav,13.12,0.0,30.0,beat_this
train18.wav,13.6,0.0,30.0,beat_this
train18.wav,14.1,0.0,30.0,beat_this
train18.wav,14.6,0.0,30.0,beat_this
train18.wav,15.08,0.0,30.0,beat_this
train18.wav,15.58,0.0,30.0,beat_this
train18.wav,16.08,0.0,30.0,beat_this
train18.wav,16.56,0.0,30.0,beat_this
train18.wav,17.06,0.0,30.0,beat_this
train18.wav,17.56,0.0,30.0,beat_this
train18.wav,18.06,0.0,30.0,beat_this
train18.wav,18.58,0.0,30.0,beat_this
train18.wav,19.06,0.0,30.0,beat_this
train18.wav,19.56,0.0,30.0,beat_this
train18.wav,20.04,0.0,30.0,beat_this
train18.wav,20.52,0.0,30.0,beat_this
train18.wav,21.02,0.0,30.0,beat_this
train18.wav,21.52,0.0,30.0,beat_this
train18.wav,22.02,0.0,30.0,beat_this
train18.wav,22.52,0.0,30.0,beat_this
train18.wav,23.02,0.0,30.0,beat_this
train18.wav,23.5,0.0,30.0,beat_this
train18.wav,24.0,0.0,30.0,beat_this
train18.wav,24.46,0.0,30.0,beat_this
train18.wav,24.96,0.0,30.0,beat_this
train18.wav,25.44,0.0,30.0,beat_this
train18.wav,25.92,0.0,30.0,beat_this
train18.wav,26.42,0.0,30.0,beat_this
train18.wav,26.94,0.0,30.0,beat_this
train18.wav,27.44,0.0,30.0,beat_this
train18.wav,27.94,0.0,30.0,beat_this
train18.wav,28.42,0.0,30.0,beat_this
train18.wav,28.92,0.0,30.0,beat_this
train18.wav,29.42,0.0,30.0,beat_this
train19.wav,0.04,0.0,30.0,beat_this
train19.wav,0.36,0.0,30.0,beat_this
train19.wav,0.68,0.0,30.0,beat_this
train19.wav,1.0,0.0,30.0,beat_this
train19.wav,1.32,0.0,30.0,beat_this
train19.wav,1.62,0.0,30.0,beat_this
train19.wav,1.94,0.0,30.0,beat_this
train19.wav,2.26,0.0,30.0,beat_this
train19.wav,2.58,0.0,30.0,beat_this
train19.wav,2.9,0.0,30.0,beat_this
train19.wav,3.22,0.0,30.0,beat_this
train19.wav,3.54,0.0,30.0,beat_this
train19.wav,3.86,0.0,30.0,beat_this
train19.wav,4.18,0.0,30.0,beat_this
train19.wav,4.5,0.0,30.0,beat_this
train19.wav,4.82,0.0,30.0,beat_this
train19.wav,5.14,0.0,30.0,beat_this
train19.wav,5.46,0.0,30.0,beat_this
train19.wav,5.78,0.0,30.0,beat_this
train19.wav,6.1,0.0,30.0,beat_this
train19.wav,6.42,0.0,30.0,beat_this
train19.wav,6.74,0.0,30.0,beat_this
train19.wav,7.04,0.0,30.0,beat_this
train19.wav,7.36,0.0,30.0,beat_this
train19.wav,7.68,0.0,30.0,beat_this
train19.wav,8.0,0.0,30.0,beat_this
train19.wav,8.32,0.0,30.0,beat_this
train19.wav,8.64,0.0,30.0,beat_this
train19.wav,8.96,0.0,30.0,beat_this
train19.wav,9.26,0.0,30.0,beat_this
train19.wav,9.58,0.0,30.0,beat_this
train19.wav,9.9,0.0,30.0,beat_this
train19.wav,10.24,0.0,30.0,beat_this
train19.wav,10.54,0.0,30.0,beat_this
train19.wav,10.86,0.0,30.0,beat_this
train19.wav,11.2,0.0,30.0,beat_this
train19.wav,11.52,0.0,30.0,beat_this
train19.wav,11.82,0.0,30.0,beat_this
train19.wav,12.14,0.0,30.0,beat_this
train19.wav,12.48,0.0,30.0,beat_this
train19.wav,12.8,0.0,30.0,beat_this
train19.wav,13.1,0.0,30.0,beat_this
train19.wav,13.42,0.0,30.0,beat_this
train19.wav,13.76,0.0,30.0,beat_this
train19.wav,14.06,0.0,30.0,beat_this
train19.wav,14.38,0.0,30.0,beat_this
train19.wav,14.68,0.0,30.0,beat_this
train19.wav,15.02,0.0,30.0,beat_this
train19.wav,15.34,0.0,30.0,beat_this
train19.wav,15.66,0.0,30.0,beat_this
train19.wav,15.96,0.0,30.0,beat_this
train19.wav,16.28,0.0,30.0,beat_this
train19.wav,16.6,0.0,30.0,beat_this
train19.wav,16.92,0.0,30.0,beat_this
train19.wav,17.24,0.0,30.0,beat_this
train19.wav,17.56,0.0,30.0,beat_this
train19.wav,17.86,0.0,30.0,beat_this
train19.wav,18.2,0.0,30.0,beat_this
train19.wav,18.52,0.0,30.0,beat_this
train19.wav,18.86,0.0,30.0,beat_this
train19.wav,19.18,0.0,30.0,beat_this
train19.wav,19.48,0.0,30.0,beat_this
train19.wav,19.82,0.0,30.0,beat_this
train19.wav,20.14,0.0,30.0,beat_this
train19.wav,20.46,0.0,30.0,beat_this
train19.wav,20.78,0.0,30.0,beat_this
train19.wav,21.1,0.0,30.0,beat_this
train19.wav,21.42,0.0,30.0,beat_this
train19.wav,21.74,0.0,30.0,beat_this
train19.wav,22.06,0.0,30.0,beat_this
train19.wav,22.4,0.0,30.0,beat_this
train19.wav,22.7,0.0,30.0,beat_this
train19.wav,23.02,0.0,30.0,beat_this
train19.wav,23.36,0.0,30.0,beat_this
train19.wav,23.68,0.0,30.0,beat_this
train19.wav,24.02,0.0,30.0,beat_this
train19.wav,24.34,0.0,30.0,beat_this
train19.wav,24.64,0.0,30.0,beat_this
train19.wav,24.98,0.0,30.0,beat_this
train19.wav,25.3,0.0,30.0,beat_this
train19.wav,25.62,0.0,30.0,beat_this
train19.wav,25.94,0.0,30.0,beat_this
train19.wav,26.26,0.0,30.0,beat_this
train19.wav,26.58,0.0,30.0,beat_this
train19.wav,26.9,0.0,30.0,beat_this
train19.wav,27.22,0.0,30.0,beat_this
train19.wav,27.56,0.0,30.0,beat_this
train19.wav,27.86,0.0,30.0,beat_this
train19.wav,28.18,0.0,30.0,beat_this
train19.wav,28.5,0.0,30.0,beat_this
train19.wav,28.82,0.0,30.0,beat_this
train19.wav,29.14,0.0,30.0,beat_this
train19.wav,29.46,0.0,30.0,beat_this
train19.wav,29.78,0.0,30.0,beat_this
train2.wav,0.02,0.0,30.0,beat_this
train2.wav,0.38,0.0,30.0,beat_this
train2.wav,0.74,0.0,30.0,beat_this
train2.wav,1.1,0.0,30.0,beat_this
train2.wav,1.48,0.0,30.0,beat_this
train2.wav,1.84,0.0,30.0,beat_this
train2.wav,2.22,0.0,30.0,beat_this
train2.wav,2.58,0.0,30.0,beat_this
train2.wav,2.96,0.0,30.0,beat_this
train2.wav,3.32,0.0,30.0,beat_this
train2.wav,3.68,0.0,30.0,beat_this
train2.wav,4.06,0.0,30.0,beat_this
train2.wav,4.42,0.0,30.0,beat_this
train2.wav,4.8,0.0,30.0,beat_this
train2.wav,5.16,0.0,30.0,beat_this
train2.wav,5.54,0.0,30.0,beat_this
train2.wav,5.9,0.0,30.0,beat_this
train2.wav,6.26,0.0,30.0,beat_this
train2.wav,6.64,0.0,30.0,beat_this
train2.wav,7.0,0.0,30.0,beat_this
train2.wav,7.36,0.0,30.0,beat_this
train2.wav,7.7,0.0,30.0,beat_this
train2.wav,8.08,0.0,30.0,beat_this
train2.wav,8.42,0.0,30.0,beat_this
train2.wav,8.78,0.0,30.0,beat_this
train2.wav,9.14,0.0,30.0,beat_this
train2.wav,9.5,0.0,30.0,beat_this
train2.wav,9.86,0.0,30.0,beat_this
train2.wav,10.22,0.0,30.0,beat_this
train2.wav,10.58,0.0,30.0,beat_this
train2.wav,10.92,0.0,30.0,beat_this
train2.wav,11.26,0.0,30.0,beat_this
train2.wav,11.46,0.0,30.0,beat_this
train2.wav,11.62,0.0,30.0,beat_this
train2.wav,11.82,0.0,30.0,beat_this
train2.wav,11.96,0.0,30.0,beat_this
train2.wav,12.18,0.0,30.0,beat_this
train2.wav,12.34,0.0,30.0,beat_this
train2.wav,12.52,0.0,30.0,beat_this
train2.wav,12.7,0.0,30.0,beat_this
train2.wav,13.06,0.0,30.0,beat_this
train2.wav,13.24,0.0,30.0,beat_this
train2.wav,13.42,0.0,30.0,beat_this
train2.wav,13.78,0.0,30.0,beat_this
train2.wav,14.16,0.0,30.0,beat_this
train2.wav,14.52,0.0,30.0,beat_this
train2.wav,14.88,0.0,30.0,beat_this
train2.wav,15.22,0.0,30.0,beat_this
train2.wav,15.4,0.0,30.0,beat_this
train2.wav,15.58,0.0,30.0,beat_this
train2.wav,15.76,0.0,30.0,beat_this
train2.wav,15.96,0.0,30.0,beat_this
train2.wav,16.14,0.0,30.0,beat_this
train2.wav,16.26,0.0,30.0,beat_this
train2.wav,16.64,0.0,30.0,beat_this
train2.wav,17.0,0.0,30.0,beat_this
train2.wav,17.34,0.0,30.0,beat_this
train2.wav,17.7,0.0,30.0,beat_this
train2.wav,18.06,0.0,30.0,beat_this
train2.wav,18.4,0.0,30.0,beat_this
train2.wav,18.76,0.0,30.0,beat_this
train2.wav,19.12,0.0,30.0,beat_this
train2.wav,19.48,0.0,30.0,beat_this
train2.wav,19.84,0.0,30.0,beat_this
train2.wav,20.2,0.0,30.0,beat_this
train2.wav,20.56,0.0,30.0,beat_this
train2.wav,20.92,0.0,30.0,beat_this
train2.wav,21.3,0.0,30.0,beat_this
train2.wav,21.66,0.0,30.0,beat_this
train2.wav,22.02,0.0,30.0,beat_this
train2.wav,22.38,0.0,30.0,beat_this
train2.wav,22.74,0.0,30.0,beat_this
train2.wav,23.1,0.0,30.0,beat_this
train2.wav,23.46,0.0,30.0,beat_this
train2.wav,23.8,0.0,30.0,beat_this
train2.wav,24.16,0.0,30.0,beat_this
train2.wav,24.52,0.0,30.0,beat_this
train2.wav,24.86,0.0,30.0,beat_this
train2.wav,25.22,0.0,30.0,beat_this
train2.wav,25.58,0.0,30.0,beat_this
train2.wav,25.94,0.0,30.0,beat_this
train2.wav,26.32,0.0,30.0,beat_this
train2.wav,26.68,0.0,30.0,beat_this
train2.wav,27.04,0.0,30.0,beat_this
train2.wav,27.4,0.0,30.0,beat_this
train2.wav,27.76,0.0,30.0,beat_this
train2.wav,28.1,0.0,30.0,beat_this
train2.wav,28.46,0.0,30.0,beat_this
train2.wav,28.82,0.0,30.0,beat_this
train2.wav,29.18,0.0,30.0,beat_this
train2.wav,29.52,0.0,30.0,beat_this
train2.wav,29.9,0.0,30.0,beat_this
train20.wav,0.1,0.0,30.0,beat_this
train20.wav,0.38,0.0,30.0,beat_this
train20.wav,0.66,0.0,30.0,beat_this
train20.wav,0.92,0.0,30.0,beat_this
train20.wav,1.2,0.0,30.0,beat_this
train20.wav,1.46,0.0,30.0,beat_this
train20.wav,1.74,0.0,30.0,beat_this
train20.wav,2.02,0.0,30.0,beat_this
train20.wav,2.3,0.0,30.0,beat_this
train20.wav,2.56,0.0,30.0,beat_this
train20.wav,2.82,0.0,30.0,beat_this
train20.wav,3.1,0.0,30.0,beat_this
train20.wav,3.38,0.0,30.0,beat_this
train20.wav,3.64,0.0,30.0,beat_this
train20.wav,3.92,0.0,30.0,beat_this
train20.wav,4.18,0.0,30.0,beat_this
train20.wav,4.46,0.0,30.0,beat_this
train20.wav,4.74,0.0,30.0,beat_this
train20.wav,5.0,0.0,30.0,beat_this
train20.wav,5.28,0.0,30.0,beat_this
train20.wav,5.54,0.0,30.0,beat_this
train20.wav,5.84,0.0,30.0,beat_this
train20.wav,6.1,0.0,30.0,beat_this
train20.wav,6.38,0.0,30.0,beat_this
train20.wav,6.66,0.0,30.0,beat_this
train20.wav,6.92,0.0,30.0,beat_this
train20.wav,7.18,0.0,30.0,beat_this
train20.wav,7.46,0.0,30.0,beat_this
train20.wav,7.74,0.0,30.0,beat_this
train20.wav,8.02,0.0,30.0,beat_this
train20.wav,8.28,0.0,30.0,beat_this
train20.wav,8.58,0.0,30.0,beat_this
train20.wav,8.84,0.0,30.0,beat_this
train20.wav,9.12,0.0,30.0,beat_this
train20.wav,9.38,0.0,30.0,beat_this
train20.wav,9.64,0.0,30.0,beat_this
train20.wav,9.92,0.0,30.0,beat_this
train20.wav,10.2,0.0,30.0,beat_this
train20.wav,10.46,0.0,30.0,beat_this
train20.wav,10.74,0.0,30.0,beat_this
train20.wav,11.0,0.0,30.0,beat_this
train20.wav,11.26,0.0,30.0,beat_this
train20.wav,11.54,0.0,30.0,beat_this
train20.wav,11.82,0.0,30.0,beat_this
train20.wav,12.08,0.0,30.0,beat_this
train20.wav,12.36,0.0,30.0,beat_this
train20.wav,12.64,0.0,30.0,beat_this
train20.wav,12.92,0.0,30.0,beat_this
train20.wav,13.18,0.0,30.0,beat_this
train20.wav,13.46,0.0,30.0,beat_this
train20.wav,13.74,0.0,30.0,beat_this
train20.wav,14.0,0.0,30.0,beat_this
train20.wav,14.28,0.0,30.0,beat_this
train20.wav,14.56,0.0,30.0,beat_this
train20.wav,14.82,0.0,30.0,beat_this
train20.wav,15.08,0.0,30.0,beat_this
train20.wav,15.36,0.0,30.0,beat_this
train20.wav,15.64,0.0,30.0,beat_this
train20.wav,15.9,0.0,30.0,beat_this
train20.wav,16.18,0.0,30.0,beat_this
train20.wav,16.46,0.0,30.0,beat_this
train20.wav,16.74,0.0,30.0,beat_this
train20.wav,17.02,0.0,30.0,beat_this
train20.wav,17.3,0.0,30.0,beat_this
train20.wav,17.58,0.0,30.0,beat_this
train20.wav,17.84,0.0,30.0,beat_this
train20.wav,18.1,0.0,30.0,beat_this
train20.wav,18.38,0.0,30.0,beat_this
train20.wav,18.66,0.0,30.0,beat_this
train20.wav,18.94,0.0,30.0,beat_this
train20.wav,19.2,0.0,30.0,beat_this
train20.wav,19.48,0.0,30.0,beat_this
train20.wav,19.74,0.0,30.0,beat_this
train20.wav,20.0,0.0,30.0,beat_this
train20.wav,20.26,0.0,30.0,beat_this
train20.wav,20.54,0.0,30.0,beat_this
train20.wav,20.82,0.0,30.0,beat_this
train20.wav,21.1,0.0,30.0,beat_this
train20.wav,21.36,0.0,30.0,beat_this
train20.wav,21.64,0.0,30.0,beat_this
train20.wav,21.9,0.0,30.0,beat_this
train20.wav,22.18,0.0,30.0,beat_this
train20.wav,22.44,0.0,30.0,beat_this
train20.wav,22.72,0.0,30.0,beat_this
train20.wav,23.0,0.0,30.0,beat_this
train20.wav,23.28,0.0,30.0,beat_this
train20.wav,23.54,0.0,30.0,beat_this
train20.wav,23.82,0.0,30.0,beat_this
train20.wav,24.08,0.0,30.0,beat_this
train20.wav,24.36,0.0,30.0,beat_this
train20.wav,24.62,0.0,30.0,beat_this
train20.wav,24.9,0.0,30.0,beat_this
train20.wav,25.18,0.0,30.0,beat_this
train20.wav,25.46,0.0,30.0,beat_this
train20.wav,25.74,0.0,30.0,beat_this
train20.wav,26.02,0.0,30.0,beat_this
train20.wav,26.28,0.0,30.0,beat_this
train20.wav,26.56,0.0,30.0,beat_this
train20.wav,26.84,0.0,30.0,beat_this
train20.wav,27.1,0.0,30.0,beat_this
train20.wav,27.36,0.0,30.0,beat_this
train20.wav,27.64,0.0,30.0,beat_this
train20.wav,27.9,0.0,30.0,beat_this
train20.wav,28.18,0.0,30.0,beat_this
train20.wav,28.46,0.0,30.0,beat_this
train20.wav,28.72,0.0,30.0,beat_this
train20.wav,29.0,0.0,30.0,beat_this
train20.wav,29.26,0.0,30.0,beat_this
train20.wav,29.54,0.0,30.0,beat_this
train20.wav,29.82,0.0,30.0,beat_this
train3.wav,0.08,0.0,30.0,beat_this
train3.wav,0.26,0.0,30.0,beat_this
train3.wav,0.48,0.0,30.0,beat_this
train3.wav,0.66,0.0,30.0,beat_this
train3.wav,0.88,0.0,30.0,beat_this
train3.wav,1.04,0.0,30.0,beat_this
train3.wav,1.28,0.0,30.0,beat_this
train3.wav,1.46,0.0,30.0,beat_this
train3.wav,1.66,0.0,30.0,beat_this
train3.wav,1.86,0.0,30.0,beat_this
train3.wav,2.04,0.0,30.0,beat_this
train3.wav,2.24,0.0,30.0,beat_this
train3.wav,2.46,0.0,30.0,beat_this
train3.wav,2.64,0.0,30.0,beat_this
train3.wav,2.86,0.0,30.0,beat_this
train3.wav,3.04,0.0,30.0,beat_this
train3.wav,3.26,0.0,30.0,beat_this
train3.wav,3.44,0.0,30.0,beat_this
train3.wav,3.64,0.0,30.0,beat_this
train3.wav,3.84,0.0,30.0,beat_this
train3.wav,4.06,0.0,30.0,beat_this
train3.wav,4.22,0.0,30.0,beat_this
train3.wav,4.46,0.0,30.0,beat_this
train3.wav,4.62,0.0,30.0,beat_this
train3.wav,4.84,0.0,30.0,beat_this
train3.wav,5.02,0.0,30.0,beat_this
train3.wav,5.24,0.0,30.0,beat_this
train3.wav,5.42,0.0,30.0,beat_this
train3.wav,5.64,0.0,30.0,beat_this
train3.wav,5.8,0.0,30.0,beat_this
train3.wav,6.02,0.0,30.0,beat_this
train3.wav,6.18,0.0,30.0,beat_this
train3.wav,6.4,0.0,30.0,beat_this
train3.wav,6.6,0.0,30.0,beat_this
train3.wav,6.8,0.0,30.0,beat_this
train3.wav,6.98,0.0,30.0,beat_this
train3.wav,7.22,0.0,30.0,beat_this
train3.wav,7.38,0.0,30.0,beat_this
train3.wav,7.58,0.0,30.0,beat_this
train3.wav,7.76,0.0,30.0,beat_this
train3.wav,8.0,0.0,30.0,beat_this
train3.wav,8.16,0.0,30.0,beat_this
train3.wav,8.38,0.0,30.0,beat_this
train3.wav,8.56,0.0,30.0,beat_this
train3.wav,8.76,0.0,30.0,beat_this
train3.wav,8.94,0.0,30.0,beat_this
train3.wav,9.16,0.0,30.0,beat_this
train3.wav,9.34,0.0,30.0,beat_this
train3.wav,9.54,0.0,30.0,beat_this
train3.wav,9.72,0.0,30.0,beat_this
train3.wav,9.92,0.0,30.0,beat_this
train3.wav,10.12,0.0,30.0,beat_this
train3.wav,10.3,0.0,30.0,beat_this
train3.wav,10.5,0.0,30.0,beat_this
train3.wav,10.7,0.0,30.0,beat_this
train3.wav,10.88,0.0,30.0,beat_this
train3.wav,11.08,0.0,30.0,beat_this
train3.wav,11.28,0.0,30.0,beat_this
train3.wav,11.46,0.0,30.0,beat_this
train3.wav,11.66,0.0,30.0,beat_this
train3.wav,11.86,0.0,30.0,beat_this
train3.wav,12.04,0.0,30.0,beat_this
train3.wav,12.26,0.0,30.0,beat_this
train3.wav,12.44,0.0,30.0,beat_this
train3.wav,12.66,0.0,30.0,beat_this
train3.wav,12.82,0.0,30.0,beat_this
train3.wav,13.04,0.0,30.0,beat_this
train3.wav,13.22,0.0,30.0,beat_this
train3.wav,13.42,0.0,30.0,beat_this
train3.wav,13.6,0.0,30.0,beat_this
train3.wav,13.82,0.0,30.0,beat_this
train3.wav,14.0,0.0,30.0,beat_this
train3.wav,14.2,0.0,30.0,beat_this
train3.wav,14.38,0.0,30.0,beat_this
train3.wav,14.58,0.0,30.0,beat_this
train3.wav,14.78,0.0,30.0,beat_this
train3.wav,14.98,0.0,30.0,beat_this
train3.wav,15.16,0.0,30.0,beat_this
train3.wav,15.36,0.0,30.0,beat_this
train3.wav,15.56,0.0,30.0,beat_this
train3.wav,15.78,0.0,30.0,beat_this
train3.wav,15.96,0.0,30.0,beat_this
train3.wav,16.16,0.0,30.0,beat_this
train3.wav,16.34,0.0,30.0,beat_this
train3.wav,16.56,0.0,30.0,beat_this
train3.wav,16.76,0.0,30.0,beat_this
train3.wav,16.96,0.0,30.0,beat_this
train3.wav,17.14,0.0,30.0,beat_this
train3.wav,17.36,0.0,30.0,beat_this
train3.wav,17.54,0.0,30.0,beat_this
train3.wav,17.92,0.0,30.0,beat_this
train3.wav,18.16,0.0,30.0,beat_this
train3.wav,18.32,0.0,30.0,beat_this
train3.wav,18.54,0.0,30.0,beat_this
train3.wav,18.72,0.0,30.0,beat_this
train3.wav,18.94,0.0,30.0,beat_this
train3.wav,19.12,0.0,30.0,beat_this
train3.wav,19.34,0.0,30.0,beat_this
train3.wav,19.52,0.0,30.0,beat_this
train3.wav,19.7,0.0,30.0,beat_this
train3.wav,19.9,0.0,30.0,beat_this
train3.wav,20.14,0.0,30.0,beat_this
train3.wav,20.3,0.0,30.0,beat_this
train3.wav,20.5,0.0,30.0,beat_this
train3.wav,20.7,0.0,30.0,beat_this
train3.wav,20.92,0.0,30.0,beat_this
train3.wav,21.1,0.0,30.0,beat_this
train3.wav,21.34,0.0,30.0,beat_this
train3.wav,21.48,0.0,30.0,beat_this
train3.wav,21.72,0.0,30.0,beat_this
train3.wav,21.88,0.0,30.0,beat_this
train3.wav,22.08,0.0,30.0,beat_this
train3.wav,22.28,0.0,30.0,beat_this
train3.wav,22.5,0.0,30.0,beat_this
train3.wav,22.66,0.0,30.0,beat_this
train3.wav,22.88,0.0,30.0,beat_this
train3.wav,23.08,0.0,30.0,beat_this
train3.wav,23.3,0.0,30.0,beat_this
train3.wav,23.46,0.0,30.0,beat_this
train3.wav,23.68,0.0,30.0,beat_this
train3.wav,23.86,0.0,30.0,beat_this
train3.wav,24.08,0.0,30.0,beat_this
train3.wav,24.26,0.0,30.0,beat_this
train3.wav,24.46,0.0,30.0,beat_this
train3.wav,24.64,0.0,30.0,beat_this
train3.wav,24.86,0.0,30.0,beat_this
train3.wav,25.04,0.0,30.0,beat_this
train3.wav,25.26,0.0,30.0,beat_this
train3.wav,25.44,0.0,30.0,beat_this
train3.wav,25.62,0.0,30.0,beat_this
train3.wav,25.84,0.0,30.0,beat_this
train3.wav,26.02,0.0,30.0,beat_this
train3.wav,26.22,0.0,30.0,beat_this
train3.wav,26.42,0.0,30.0,beat_this
train3.wav,26.62,0.0,30.0,beat_this
train3.wav,26.8,0.0,30.0,beat_this
train3.wav,27.0,0.0,30.0,beat_this
train3.wav,27.22,0.0,30.0,beat_this
train3.wav,27.4,0.0,30.0,beat_this
train3.wav,27.6,0.0,30.0,beat_this
train3.wav,27.78,0.0,30.0,beat_this
train3.wav,28.0,0.0,30.0,beat_this
train3.wav,28.18,0.0,30.0,beat_this
train3.wav,28.38,0.0,30.0,beat_this
train3.wav,28.56,0.0,30.0,beat_this
train3.wav,28.74,0.0,30.0,beat_this
train3.wav,28.94,0.0,30.0,beat_this
train3.wav,29.14,0.0,30.0,beat_this
train3.wav,29.32,0.0,30.0,beat_this
train3.wav,29.5,0.0,30.0,beat_this
train3.wav,29.7,0.0,30.0,beat_this
train4.wav,0.18,0.0,30.0,beat_this
train4.wav,0.68,0.0,30.0,beat_this
train4.wav,1.18,0.0,30.0,beat_this
train4.wav,1.66,0.0,30.0,beat_this
train4.wav,2.14,0.0,30.0,beat_this
train4.wav,2.64,0.0,30.0,beat_this
train4.wav,3.12,0.0,30.0,beat_this
train4.wav,3.62,0.0,30.0,beat_this
train4.wav,4.1,0.0,30.0,beat_this
train4.wav,4.58,0.0,30.0,beat_this
train4.wav,5.04,0.0,30.0,beat_this
train4.wav,5.52,0.0,30.0,beat_this
train4.wav,6.0,0.0,30.0,beat_this
train4.wav,6.48,0.0,30.0,beat_this
train4.wav,6.94,0.0,30.0,beat_this
train4.wav,7.4,0.0,30.0,beat_this
train4.wav,7.88,0.0,30.0,beat_this
train4.wav,8.36,0.0,30.0,beat_this
train4.wav,8.82,0.0,30.0,beat_this
train4.wav,9.3,0.0,30.0,beat_this
train4.wav,9.78,0.0,30.0,beat_this
train4.wav,10.24,0.0,30.0,beat_this
train4.wav,10.7,0.0,30.0,beat_this
train4.wav,11.18,0.0,30.0,beat_this
train4.wav,11.66,0.0,30.0,beat_this
train4.wav,12.14,0.0,30.0,beat_this
train4.wav,12.64,0.0,30.0,beat_this
train4.wav,13.12,0.0,30.0,beat_this
train4.wav,13.6,0.0,30.0,beat_this
train4.wav,14.1,0.0,30.0,beat_this
train4.wav,14.56,0.0,30.0,beat_this
train4.wav,15.06,0.0,30.0,beat_this
train4.wav,15.56,0.0,30.0,beat_this
train4.wav,16.02,0.0,30.0,beat_this
train4.wav,16.5,0.0,30.0,beat_this
train4.wav,16.98,0.0,30.0,beat_this
train4.wav,17.44,0.0,30.0,beat_this
train4.wav,17.92,0.0,30.0,beat_this
train4.wav,18.42,0.0,30.0,beat_this
train4.wav,18.88,0.0,30.0,beat_this
train4.wav,19.36,0.0,30.0,beat_this
train4.wav,19.86,0.0,30.0,beat_this
train4.wav,20.32,0.0,30.0,beat_this
train4.wav,20.8,0.0,30.0,beat_this
train4.wav,21.3,0.0,30.0,beat_this
train4.wav,21.76,0.0,30.0,beat_this
train4.wav,22.24,0.0,30.0,beat_this
train4.wav,22.7,0.0,30.0,beat_this
train4.wav,23.16,0.0,30.0,beat_this
train4.wav,23.64,0.0,30.0,beat_this
train4.wav,24.12,0.0,30.0,beat_this
train4.wav,24.58,0.0,30.0,beat_this
train4.wav,25.06,0.0,30.0,beat_this
train4.wav,25.52,0.0,30.0,beat_this
train4.wav,25.96,0.0,30.0,beat_this
train4.wav,26.44,0.0,30.0,beat_this
train4.wav,26.94,0.0,30.0,beat_this
train4.wav,27.42,0.0,30.0,beat_this
train4.wav,27.88,0.0,30.0,beat_this
train4.wav,28.38,0.0,30.0,beat_this
train4.wav,28.84,0.0,30.0,beat_this
train4.wav,29.34,0.0,30.0,beat_this
train4.wav,29.8,0.0,30.0,beat_this
train5.wav,0.0,0.0,30.0,beat_this
train5.wav,0.24,0.0,30.0,beat_this
train5.wav,0.54,0.0,30.0,beat_this
train5.wav,0.84,0.0,30.0,beat_this
train5.wav,1.12,0.0,30.0,beat_this
train5.wav,1.42,0.0,30.0,beat_this
train5.wav,1.7,0.0,30.0,beat_this
train5.wav,1.98,0.0,30.0,beat_this
train5.wav,2.3,0.0,30.0,beat_this
train5.wav,2.6,0.0,30.0,beat_this
train5.wav,2.88,0.0,30.0,beat_this
train5.wav,3.2,0.0,30.0,beat_this
train5.wav,3.48,0.0,30.0,beat_this
train5.wav,3.76,0.0,30.0,beat_this
train5.wav,4.08,0.0,30.0,beat_this
train5.wav,4.36,0.0,30.0,beat_this
train5.wav,4.64,0.0,30.0,beat_this
train5.wav,4.94,0.0,30.0,beat_this
train5.wav,5.24,0.0,30.0,beat_this
train5.wav,5.52,0.0,30.0,beat_this
train5.wav,5.82,0.0,30.0,beat_this
train5.wav,6.1,0.0,30.0,beat_this
train5.wav,6.38,0.0,30.0,beat_this
train5.wav,6.7,0.0,30.0,beat_this
train5.wav,7.0,0.0,30.0,beat_this
train5.wav,7.3,0.0,30.0,beat_this
train5.wav,7.6,0.0,30.0,beat_this
train5.wav,7.88,0.0,30.0,beat_this
train5.wav,8.16,0.0,30.0,beat_this
train5.wav,8.48,0.0,30.0,beat_this
train5.wav,8.76,0.0,30.0,beat_this
train5.wav,9.04,0.0,30.0,beat_this
train5.wav,9.36,0.0,30.0,beat_this
train5.wav,9.64,0.0,30.0,beat_this
train5.wav,9.92,0.0,30.0,beat_this
train5.wav,10.22,0.0,30.0,beat_this
train5.wav,10.52,0.0,30.0,beat_this
train5.wav,10.8,0.0,30.0,beat_this
train5.wav,11.08,0.0,30.0,beat_this
train5.wav,11.38,0.0,30.0,beat_this
train5.wav,11.68,0.0,30.0,beat_this
train5.wav,11.98,0.0,30.0,beat_this
train5.wav,12.26,0.0,30.0,beat_this
train5.wav,12.54,0.0,30.0,beat_this
train5.wav,12.84,0.0,30.0,beat_this
train5.wav,13.12,0.0,30.0,beat_this
train5.wav,13.4,0.0,30.0,beat_this
train5.wav,13.7,0.0,30.0,beat_this
train5.wav,14.0,0.0,30.0,beat_this
train5.wav,14.26,0.0,30.0,beat_this
train5.wav,14.58,0.0,30.0,beat_this
train5.wav,14.88,0.0,30.0,beat_this
train5.wav,15.14,0.0,30.0,beat_this
train5.wav,15.46,0.0,30.0,beat_this
train5.wav,15.74,0.0,30.0,beat_this
train5.wav,16.02,0.0,30.0,beat_this
train5.wav,16.32,0.0,30.0,beat_this
train5.wav,16.62,0.0,30.0,beat_this
train5.wav,16.9,0.0,30.0,beat_this
train5.wav,17.22,0.0,30.0,beat_this
train5.wav,17.5,0.0,30.0,beat_this
train5.wav,17.78,0.0,30.0,beat_this
train5.wav,18.08,0.0,30.0,beat_this
train5.wav,18.36,0.0,30.0,beat_this
train5.wav,18.64,0.0,30.0,beat_this
train5.wav,18.94,0.0,30.0,beat_this
train5.wav,19.24,0.0,30.0,beat_this
train5.wav,19.52,0.0,30.0,beat_this
train5.wav,19.82,0.0,30.0,beat_this
train5.wav,20.12,0.0,30.0,beat_this
train5.wav,20.42,0.0,30.0,beat_this
train5.wav,20.72,0.0,30.0,beat_this
train5.wav,21.02,0.0,30.0,beat_this
train5.wav,21.3,0.0,30.0,beat_this
train5.wav,21.62,0.0,30.0,beat_this
train5.wav,21.9,0.0,30.0,beat_this
train5.wav,22.2,0.0,30.0,beat_this
train5.wav,22.5,0.0,30.0,beat_this
train5.wav,22.78,0.0,30.0,beat_this
train5.wav,23.06,0.0,30.0,beat_this
train5.wav,23.36,0.0,30.0,beat_this
train5.wav,23.66,0.0,30.0,beat_this
train5.wav,23.94,0.0,30.0,beat_this
train5.wav,24.26,0.0,30.0,beat_this
train5.wav,24.54,0.0,30.0,beat_this
train5.wav,24.82,0.0,30.0,beat_this
train5.wav,25.12,0.0,30.0,beat_this
train5.wav,25.4,0.0,30.0,beat_this
train5.wav,25.68,0.0,30.0,beat_this
train5.wav,25.98,0.0,30.0,beat_this
train5.wav,26.28,0.0,30.0,beat_this
train5.wav,26.56,0.0,30.0,beat_this
train5.wav,26.86,0.0,30.0,beat_this
train5.wav,27.14,0.0,30.0,beat_this
train5.wav,27.42,0.0,30.0,beat_this
train5.wav,27.74,0.0,30.0,beat_this
train5.wav,28.02,0.0,30.0,beat_this
train5.wav,28.3,0.0,30.0,beat_this
train5.wav,28.62,0.0,30.0,beat_this
train5.wav,28.9,0.0,30.0,beat_this
train5.wav,29.2,0.0,30.0,beat_this
train5.wav,29.5,0.0,30.0,beat_this
train5.wav,29.8,0.0,30.0,beat_this
train6.wav,0.46,0.0,30.0,beat_this
train6.wav,1.2,0.0,30.0,beat_this
train6.wav,1.94,0.0,30.0,beat_this
train6.wav,2.68,0.0,30.0,beat_this
train6.wav,3.4,0.0,30.0,beat_this
train6.wav,4.14,0.0,30.0,beat_this
train6.wav,4.86,0.0,30.0,beat_this
train6.wav,5.6,0.0,30.0,beat_this
train6.wav,6.32,0.0,30.0,beat_this
train6.wav,7.06,0.0,30.0,beat_this
train6.wav,7.8,0.0,30.0,beat_this
train6.wav,8.52,0.0,30.0,beat_this
train6.wav,9.26,0.0,30.0,beat_this
train6.wav,10.0,0.0,30.0,beat_this
train6.wav,10.72,0.0,30.0,beat_this
train6.wav,11.46,0.0,30.0,beat_this
train6.wav,12.18,0.0,30.0,beat_this
train6.wav,12.92,0.0,30.0,beat_this
train6.wav,13.64,0.0,30.0,beat_this
train6.wav,14.38,0.0,30.0,beat_this
train6.wav,15.12,0.0,30.0,beat_this
train6.wav,15.84,0.0,30.0,beat_this
train6.wav,16.56,0.0,30.0,beat_this
train6.wav,17.32,0.0,30.0,beat_this
train6.wav,18.04,0.0,30.0,beat_this
train6.wav,18.76,0.0,30.0,beat_this
train6.wav,19.5,0.0,30.0,beat_this
train6.wav,20.24,0.0,30.0,beat_this
train6.wav,20.96,0.0,30.0,beat_this
train6.wav,21.7,0.0,30.0,beat_this
train6.wav,22.42,0.0,30.0,beat_this
train6.wav,23.18,0.0,30.0,beat_this
train6.wav,23.9,0.0,30.0,beat_this
train6.wav,24.62,0.0,30.0,beat_this
train6.wav,25.36,0.0,30.0,beat_this
train6.wav,26.08,0.0,30.0,beat_this
train6.wav,26.82,0.0,30.0,beat_this
train6.wav,27.54,0.0,30.0,beat_this
train6.wav,28.28,0.0,30.0,beat_this
train6.wav,29.02,0.0,30.0,beat_this
train6.wav,29.74,0.0,30.0,beat_this
train7.wav,0.04,0.0,30.0,beat_this
train7.wav,0.5,0.0,30.0,beat_this
train7.wav,1.02,0.0,30.0,beat_this
train7.wav,1.52,0.0,30.0,beat_this
train7.wav,2.06,0.0,30.0,beat_this
train7.wav,2.6,0.0,30.0,beat_this
train7.wav,3.14,0.0,30.0,beat_this
train7.wav,3.66,0.0,30.0,beat_this
train7.wav,4.18,0.0,30.0,beat_this
train7.wav,4.7,0.0,30.0,beat_this
train7.wav,5.24,0.0,30.0,beat_this
train7.wav,5.78,0.0,30.0,beat_this
train7.wav,6.3,0.0,30.0,beat_this
train7.wav,6.86,0.0,30.0,beat_this
train7.wav,7.38,0.0,30.0,beat_this
train7.wav,7.92,0.0,30.0,beat_this
train7.wav,8.44,0.0,30.0,beat_this
train7.wav,8.98,0.0,30.0,beat_this
train7.wav,9.52,0.0,30.0,beat_this
train7.wav,10.08,0.0,30.0,beat_this
train7.wav,10.6,0.0,30.0,beat_this
train7.wav,11.12,0.0,30.0,beat_this
train7.wav,11.66,0.0,30.0,beat_this
train7.wav,12.2,0.0,30.0,beat_this
train7.wav,12.74,0.0,30.0,beat_this
train7.wav,13.3,0.0,30.0,beat_this
train7.wav,13.84,0.0,30.0,beat_this
train7.wav,14.38,0.0,30.0,beat_this
train7.wav,14.88,0.0,30.0,beat_this
train7.wav,15.4,0.0,30.0,beat_this
train7.wav,15.92,0.0,30.0,beat_this
train7.wav,16.44,0.0,30.0,beat_this
train7.wav,16.96,0.0,30.0,beat_this
train7.wav,17.5,0.0,30.0,beat_this
train7.wav,18.04,0.0,30.0,beat_this
train7.wav,18.56,0.0,30.0,beat_this
train7.wav,19.1,0.0,30.0,beat_this
train7.wav,19.68,0.0,30.0,beat_this
train7.wav,20.2,0.0,30.0,beat_this
train7.wav,20.7,0.0,30.0,beat_this
train7.wav,21.22,0.0,30.0,beat_this
train7.wav,21.74,0.0,30.0,beat_this
train7.wav,22.24,0.0,30.0,beat_this
train7.wav,22.78,0.0,30.0,beat_this
train7.wav,23.28,0.0,30.0,beat_this
train7.wav,23.8,0.0,30.0,beat_this
train7.wav,24.34,0.0,30.0,beat_this
train7.wav,24.88,0.0,30.0,beat_this
train7.wav,25.42,0.0,30.0,beat_this
train7.wav,25.92,0.0,30.0,beat_this
train7.wav,26.44,0.0,30.0,beat_this
train7.wav,27.02,0.0,30.0,beat_this
train7.wav,27.56,0.0,30.0,beat_this
train7.wav,28.1,0.0,30.0,beat_this
train7.wav,28.62,0.0,30.0,beat_this
train7.wav,29.16,0.0,30.0,beat_this
train7.wav,29.68,0.0,30.0,beat_this
train8.wav,0.02,0.0,30.0,beat_this
train8.wav,0.44,0.0,30.0,beat_this
train8.wav,0.84,0.0,30.0,beat_this
train8.wav,1.26,0.0,30.0,beat_this
train8.wav,1.66,0.0,30.0,beat_this
train8.wav,2.06,0.0,30.0,beat_this
train8.wav,2.46,0.0,30.0,beat_this
train8.wav,2.86,0.0,30.0,beat_this
train8.wav,3.28,0.0,30.0,beat_this
train8.wav,3.68,0.0,30.0,beat_this
train8.wav,4.08,0.0,30.0,beat_this
train8.wav,4.5,0.0,30.0,beat_this
train8.wav,4.9,0.0,30.0,beat_this
train8.wav,5.32,0.0,30.0,beat_this
train8.wav,5.72,0.0,30.0,beat_this
train8.wav,6.12,0.0,30.0,beat_this
train8.wav,6.52,0.0,30.0,beat_this
train8.wav,6.94,0.0,30.0,beat_this
train8.wav,7.34,0.0,30.0,beat_this
train8.wav,7.74,0.0,30.0,beat_this
train8.wav,8.14,0.0,30.0,beat_this
train8.wav,8.56,0.0,30.0,beat_this
train8.wav,8.96,0.0,30.0,beat_this
train8.wav,9.38,0.0,30.0,beat_this
train8.wav,9.78,0.0,30.0,beat_this
train8.wav,10.16,0.0,30.0,beat_this
train8.wav,10.58,0.0,30.0,beat_this
train8.wav,11.0,0.0,30.0,beat_this
train8.wav,11.4,0.0,30.0,beat_this
train8.wav,11.8,0.0,30.0,beat_this
train8.wav,12.2,0.0,30.0,beat_this
train8.wav,12.62,0.0,30.0,beat_this
train8.wav,13.02,0.0,30.0,beat_this
train8.wav,13.42,0.0,30.0,beat_this
train8.wav,13.82,0.0,30.0,beat_this
train8.wav,14.24,0.0,30.0,beat_this
train8.wav,14.64,0.0,30.0,beat_this
train8.wav,15.06,0.0,30.0,beat_this
train8.wav,15.46,0.0,30.0,beat_this
train8.wav,15.88,0.0,30.0,beat_this
train8.wav,16.28,0.0,30.0,beat_this
train8.wav,16.68,0.0,30.0,beat_this
train8.wav,17.08,0.0,30.0,beat_this
train8.wav,17.48,0.0,30.0,beat_this
train8.wav,17.88,0.0,30.0,beat_this
train8.wav,18.28,0.0,30.0,beat_this
train8.wav,18.7,0.0,30.0,beat_this
train8.wav,19.12,0.0,30.0,beat_this
train8.wav,19.52,0.0,30.0,beat_this
train8.wav,19.94,0.0,30.0,beat_this
train8.wav,20.32,0.0,30.0,beat_this
train8.wav,20.72,0.0,30.0,beat_this
train8.wav,21.14,0.0,30.0,beat_this
train8.wav,21.54,0.0,30.0,beat_this
train8.wav,21.96,0.0,30.0,beat_this
train8.wav,22.36,0.0,30.0,beat_this
train8.wav,22.78,0.0,30.0,beat_this
train8.wav,23.18,0.0,30.0,beat_this
train8.wav,23.58,0.0,30.0,beat_this
train8.wav,23.98,0.0,30.0,beat_this
train8.wav,24.4,0.0,30.0,beat_this
train8.wav,24.8,0.0,30.0,beat_this
train8.wav,25.2,0.0,30.0,beat_this
train8.wav,25.62,0.0,30.0,beat_this
train8.wav,26.02,0.0,30.0,beat_this
train8.wav,26.42,0.0,30.0,beat_this
train8.wav,26.84,0.0,30.0,beat_this
train8.wav,27.24,0.0,30.0,beat_this
train8.wav,27.64,0.0,30.0,beat_this
train8.wav,28.04,0.0,30.0,beat_this
train8.wav,28.44,0.0,30.0,beat_this
train8.wav,28.86,0.0,30.0,beat_this
train8.wav,29.26,0.0,30.0,beat_this
train8.wav,29.68,0.0,30.0,beat_this
train9.wav,0.0,0.0,30.0,beat_this
train9.wav,0.46,0.0,30.0,beat_this
train9.wav,0.92,0.0,30.0,beat_this
train9.wav,1.42,0.0,30.0,beat_this
train9.wav,1.9,0.0,30.0,beat_this
train9.wav,2.38,0.0,30.0,beat_this
train9.wav,2.88,0.0,30.0,beat_this
train9.wav,3.36,0.0,30.0,beat_this
train9.wav,3.84,0.0,30.0,beat_this
train9.wav,4.32,0.0,30.0,beat_this
train9.wav,4.8,0.0,30.0,beat_this
train9.wav,5.28,0.0,30.0,beat_this
train9.wav,5.74,0.0,30.0,beat_this
train9.wav,6.22,0.0,30.0,beat_this
train9.wav,6.7,0.0,30.0,beat_this
train9.wav,7.18,0.0,30.0,beat_this
train9.wav,7.64,0.0,30.0,beat_this
train9.wav,8.1,0.0,30.0,beat_this
train9.wav,8.56,0.0,30.0,beat_this
train9.wav,9.04,0.0,30.0,beat_this
train9.wav,9.5,0.0,30.0,beat_this
train9.wav,9.98,0.0,30.0,beat_this
train9.wav,10.44,0.0,30.0,beat_this
train9.wav,10.9,0.0,30.0,beat_this
train9.wav,11.36,0.0,30.0,beat_this
train9.wav,11.84,0.0,30.0,beat_this
train9.wav,12.3,0.0,30.0,beat_this
train9.wav,12.76,0.0,30.0,beat_this
train9.wav,13.22,0.0,30.0,beat_this
train9.wav,13.68,0.0,30.0,beat_this
train9.wav,14.14,0.0,30.0,beat_this
train9.wav,14.62,0.0,30.0,beat_this
train9.wav,15.08,0.0,30.0,beat_this
train9.wav,15.54,0.0,30.0,beat_this
train9.wav,16.0,0.0,30.0,beat_this
train9.wav,16.48,0.0,30.0,beat_this
train9.wav,16.94,0.0,30.0,beat_this
train9.wav,17.4,0.0,30.0,beat_this
train9.wav,17.86,0.0,30.0,beat_this
train9.wav,18.32,0.0,30.0,beat_this
train9.wav,18.78,0.0,30.0,beat_this
train9.wav,19.26,0.0,30.0,beat_this
train9.wav,19.72,0.0,30.0,beat_this
train9.wav,20.18,0.0,30.0,beat_this
train9.wav,20.64,0.0,30.0,beat_this
train9.wav,21.1,0.0,30.0,beat_this
train9.wav,21.56,0.0,30.0,beat_this
train9.wav,22.02,0.0,30.0,beat_this
train9.wav,22.48,0.0,30.0,beat_this
train9.wav,22.94,0.0,30.0,beat_this
train9.wav,23.4,0.0,30.0,beat_this
train9.wav,23.86,0.0,30.0,beat_this
train9.wav,24.34,0.0,30.0,beat_this
train9.wav,24.82,0.0,30.0,beat_this
train9.wav,25.3,0.0,30.0,beat_this
train9.wav,25.78,0.0,30.0,beat_this
train9.wav,26.24,0.0,30.0,beat_this
train9.wav,26.72,0.0,30.0,beat_this
train9.wav,27.18,0.0,30.0,beat_this
train9.wav,27.66,0.0,30.0,beat_this
train9.wav,28.12,0.0,30.0,beat_this
train9.wav,28.6,0.0,30.0,beat_this
train9.wav,29.08,0.0,30.0,beat_this
train9.wav,29.56,0.0,30.0,beat_this
zavala.muniz.2014_42.wav,0.02,0.0,30.0,beat_this
zavala.muniz.2014_42.wav,0.62,0.0,30.0,beat_this
zavala.muniz.2014_42.wav,1.2,0.0,30.0,beat_this
zavala.muniz.2014_42.wav,1.8,0.0,30.0,beat_this
zavala.muniz.2014_42.wav,2.4,0.0,30.0,beat_this
zavala.muniz.2014_42.wav,2.98,0.0,30.0,beat_this
zavala.muniz.2014_42.wav,3.58,0.0,30.0,beat_this
zavala.muniz.2014_42.wav,4.14,0.0,30.0,beat_this
zavala.muniz.2014_42.wav,4.72,0.0,30.0,beat_this
zavala.muniz.2014_42.wav,5.3,0.0,30.0,beat_this
zavala.muniz.2014_42.wav,5.88,0.0,30.0,beat_this
zavala.muniz.2014_42.wav,6.44,0.0,30.0,beat_this
zavala.muniz.2014_42.wav,7.0,0.0,30.0,beat_this
zavala.muniz.2014_42.wav,7.58,0.0,30.0,beat_this
zavala.muniz.2014_42.wav,8.14,0.0,30.0,beat_this
zavala.muniz.2014_42.wav,8.7,0.0,30.0,beat_this
zavala.muniz.2014_42.wav,9.26,0.0,30.0,beat_this
zavala.muniz.2014_42.wav,9.8,0.0,30.0,beat_this
zavala.muniz.2014_42.wav,10.36,0.0,30.0,beat_this
zavala.muniz.2014_42.wav,10.94,0.0,30.0,beat_this
zavala.muniz.2014_42.wav,11.5,0.0,30.0,beat_this
zavala.muniz.2014_42.wav,12.06,0.0,30.0,beat_this
zavala.muniz.2014_42.wav,12.62,0.0,30.0,beat_this
zavala.muniz.2014_42.wav,13.18,0.0,30.0,beat_this
zavala.muniz.2014_42.wav,13.74,0.0,30.0,beat_this
zavala.muniz.2014_42.wav,14.32,0.0,30.0,beat_this
zavala.muniz.2014_42.wav,14.88,0.0,30.0,beat_this
zavala.muniz.2014_42.wav,15.46,0.0,30.0,beat_this
zavala.muniz.2014_42.wav,16.02,0.0,30.0,beat_this
zavala.muniz.2014_42.wav,16.58,0.0,30.0,beat_this
zavala.muniz.2014_42.wav,17.16,0.0,30.0,beat_this
zavala.muniz.2014_42.wav,17.72,0.0,30.0,beat_this
zavala.muniz.2014_42.wav,18.3,0.0,30.0,beat_this
zavala.muniz.2014_42.wav,18.86,0.0,30.0,beat_this
zavala.muniz.2014_42.wav,19.44,0.0,30.0,beat_this
zavala.muniz.2014_42.wav,20.0,0.0,30.0,beat_this
zavala.muniz.2014_42.wav,20.58,0.0,30.0,beat_this
zavala.muniz.2014_42.wav,21.16,0.0,30.0,beat_this
zavala.muniz.2014_42.wav,21.72,0.0,30.0,beat_this
zavala.muniz.2014_42.wav,22.3,0.0,30.0,beat_this
zavala.muniz.2014_42.wav,22.88,0.0,30.0,beat_this
zavala.muniz.2014_42.wav,23.46,0.0,30.0,beat_this
zavala.muniz.2014_42.wav,24.04,0.0,30.0,beat_this
zavala.muniz.2014_42.wav,24.64,0.0,30.0,beat_this
zavala.muniz.2014_42.wav,25.22,0.0,30.0,beat_this
zavala.muniz.2014_42.wav,25.8,0.0,30.0,beat_this
zavala.muniz.2014_42.wav,26.4,0.0,30.0,beat_this
zavala.muniz.2014_42.wav,27.0,0.0,30.0,beat_this
zavala.muniz.2014_42.wav,27.58,0.0,30.0,beat_this
zavala.muniz.2014_42.wav,28.18,0.0,30.0,beat_this
zavala.muniz.2014_42.wav,28.76,0.0,30.0,beat_this
zavala.muniz.2014_42.wav,29.36,0.0,30.0,beat_this
zavala.muniz.2014_42.wav,29.94,0.0,30.0,beat_this
zavala.muniz.2014_45.wav,0.02,0.0,30.0,beat_this
zavala.muniz.2014_45.wav,0.52,0.0,30.0,beat_this
zavala.muniz.2014_45.wav,1.02,0.0,30.0,beat_this
zavala.muniz.2014_45.wav,1.52,0.0,30.0,beat_this
zavala.muniz.2014_45.wav,2.0,0.0,30.0,beat_this
zavala.muniz.2014_45.wav,2.5,0.0,30.0,beat_this
zavala.muniz.2014_45.wav,2.98,0.0,30.0,beat_this
zavala.muniz.2014_45.wav,3.46,0.0,30.0,beat_this
zavala.muniz.2014_45.wav,3.96,0.0,30.0,beat_this
zavala.muniz.2014_45.wav,4.44,0.0,30.0,beat_this
zavala.muniz.2014_45.wav,4.92,0.0,30.0,beat_this
zavala.muniz.2014_45.wav,5.42,0.0,30.0,beat_this
zavala.muniz.2014_45.wav,5.9,0.0,30.0,beat_this
zavala.muniz.2014_45.wav,6.38,0.0,30.0,beat_this
zavala.muniz.2014_45.wav,6.86,0.0,30.0,beat_this
zavala.muniz.2014_45.wav,7.34,0.0,30.0,beat_this
zavala.muniz.2014_45.wav,7.84,0.0,30.0,beat_this
zavala.muniz.2014_45.wav,8.32,0.0,30.0,beat_this
zavala.muniz.2014_45.wav,8.8,0.0,30.0,beat_this
zavala.muniz.2014_45.wav,9.28,0.0,30.0,beat_this
zavala.muniz.2014_45.wav,9.76,0.0,30.0,beat_this
zavala.muniz.2014_45.wav,10.24,0.0,30.0,beat_this
zavala.muniz.2014_45.wav,10.72,0.0,30.0,beat_this
zavala.muniz.2014_45.wav,11.18,0.0,30.0,beat_this
zavala.muniz.2014_45.wav,11.66,0.0,30.0,beat_this
zavala.muniz.2014_45.wav,12.12,0.0,30.0,beat_this
zavala.muniz.2014_45.wav,12.6,0.0,30.0,beat_this
zavala.muniz.2014_45.wav,13.06,0.0,30.0,beat_this
zavala.muniz.2014_45.wav,13.54,0.0,30.0,beat_this
zavala.muniz.2014_45.wav,14.0,0.0,30.0,beat_this
zavala.muniz.2014_45.wav,14.48,0.0,30.0,beat_this
zavala.muniz.2014_45.wav,14.92,0.0,30.0,beat_this
zavala.muniz.2014_45.wav,15.42,0.0,30.0,beat_this
zavala.muniz.2014_45.wav,15.88,0.0,30.0,beat_this
zavala.muniz.2014_45.wav,16.34,0.0,30.0,beat_this
zavala.muniz.2014_45.wav,16.82,0.0,30.0,beat_this
zavala.muniz.2014_45.wav,17.28,0.0,30.0,beat_this
zavala.muniz.2014_45.wav,17.76,0.0,30.0,beat_this
zavala.muniz.2014_45.wav,18.24,0.0,30.0,beat_this
zavala.muniz.2014_45.wav,18.7,0.0,30.0,beat_this
zavala.muniz.2014_45.wav,19.18,0.0,30.0,beat_this
zavala.muniz.2014_45.wav,19.66,0.0,30.0,beat_this
zavala.muniz.2014_45.wav,20.12,0.0,30.0,beat_this
zavala.muniz.2014_45.wav,20.58,0.0,30.0,beat_this
zavala.muniz.2014_45.wav,21.04,0.0,30.0,beat_this
zavala.muniz.2014_45.wav,21.52,0.0,30.0,beat_this
zavala.muniz.2014_45.wav,21.98,0.0,30.0,beat_this
zavala.muniz.2014_45.wav,22.42,0.0,30.0,beat_this
zavala.muniz.2014_45.wav,22.86,0.0,30.0,beat_this
zavala.muniz.2014_45.wav,23.32,0.0,30.0,beat_this
zavala.muniz.2014_45.wav,23.78,0.0,30.0,beat_this
zavala.muniz.2014_45.wav,24.24,0.0,30.0,beat_this
zavala.muniz.2014_45.wav,24.68,0.0,30.0,beat_this
zavala.muniz.2014_45.wav,25.14,0.0,30.0,beat_this
zavala.muniz.2014_45.wav,25.6,0.0,30.0,beat_this
zavala.muniz.2014_45.wav,26.06,0.0,30.0,beat_this
zavala.muniz.2014_45.wav,26.52,0.0,30.0,beat_this
zavala.muniz.2014_45.wav,26.96,0.0,30.0,beat_this
zavala.muniz.2014_45.wav,27.42,0.0,30.0,beat_this
zavala.muniz.2014_45.wav,27.86,0.0,30.0,beat_this
zavala.muniz.2014_45.wav,28.32,0.0,30.0,beat_this
zavala.muniz.2014_45.wav,28.78,0.0,30.0,beat_this
zavala.muniz.2014_45.wav,29.24,0.0,30.0,beat_this
zavala.muniz.2014_45.wav,29.7,0.0,30.0,beat_this
