wav,beat_time_s,window_start,window_end,algorithm
-15MmJrqU38.wav,0.31,0.0,30.0,madmom
-15MmJrqU38.wav,0.88,0.0,30.0,madmom
-15MmJrqU38.wav,1.46,0.0,30.0,madmom
-15MmJrqU38.wav,2.03,0.0,30.0,madmom
-15MmJrqU38.wav,2.64,0.0,30.0,madmom
-15MmJrqU38.wav,3.21,0.0,30.0,madmom
-15MmJrqU38.wav,3.82,0.0,30.0,madmom
-15MmJrqU38.wav,4.38,0.0,30.0,madmom
-15MmJrqU38.wav,4.96,0.0,30.0,madmom
-15MmJrqU38.wav,5.55,0.0,30.0,madmom
-15MmJrqU38.wav,6.12,0.0,30.0,madmom
-15MmJrqU38.wav,6.71,0.0,30.0,madmom
-15MmJrqU38.wav,7.3,0.0,30.0,madmom
-15MmJrqU38.wav,7.86,0.0,30.0,madmom
-15MmJrqU38.wav,8.45,0.0,30.0,madmom
-15MmJrqU38.wav,9.06,0.0,30.0,madmom
-15MmJrqU38.wav,9.63,0.0,30.0,madmom
-15MmJrqU38.wav,10.2,0.0,30.0,madmom
-15MmJrqU38.wav,10.78,0.0,30.0,madmom
-15MmJrqU38.wav,11.38,0.0,30.0,madmom
-15MmJrqU38.wav,11.95,0.0,30.0,madmom
-15MmJrqU38.wav,12.53,0.0,30.0,madmom
-15MmJrqU38.wav,13.11,0.0,30.0,madmom
-15MmJrqU38.wav,13.69,0.0,30.0,madmom
-15MmJrqU38.wav,14.28,0.0,30.0,madmom
-15MmJrqU38.wav,14.86,0.0,30.0,madmom
-15MmJrqU38.wav,15.44,0.0,30.0,madmom
-15MmJrqU38.wav,16.03,0.0,30.0,madmom
-15MmJrqU38.wav,16.62,0.0,30.0,madmom
-15MmJrqU38.wav,17.19,0.0,30.0,madmom
-15MmJrqU38.wav,17.77,0.0,30.0,madmom
-15MmJrqU38.wav,18.38,0.0,30.0,madmom
-15MmJrqU38.wav,18.95,0.0,30.0,madmom
-15MmJrqU38.wav,19.52,0.0,30.0,madmom
-15MmJrqU38.wav,20.1,0.0,30.0,madmom
-15MmJrqU38.wav,20.7,0.0,30.0,madmom
-15MmJrqU38.wav,21.26,0.0,30.0,madmom
-15MmJrqU38.wav,21.85,0.0,30.0,madmom
-15MmJrqU38.wav,22.43,0.0,30.0,madmom
-15MmJrqU38.wav,23.01,0.0,30.0,madmom
-15MmJrqU38.wav,23.6,0.0,30.0,madmom
-15MmJrqU38.wav,24.18,0.0,30.0,madmom
-15MmJrqU38.wav,24.76,0.0,30.0,madmom
-15MmJrqU38.wav,25.37,0.0,30.0,madmom
-15MmJrqU38.wav,25.95,0.0,30.0,madmom
-15MmJrqU38.wav,26.51,0.0,30.0,madmom
-15MmJrqU38.wav,27.09,0.0,30.0,madmom
-15MmJrqU38.wav,27.67,0.0,30.0,madmom
-15MmJrqU38.wav,28.26,0.0,30.0,madmom
-15MmJrqU38.wav,28.84,0.0,30.0,madmom
-15MmJrqU38.wav,29.42,0.0,30.0,madmom
-15MmJrqU38.wav,29.99,0.0,30.0,madmom
-4sq1sUI7-I.wav,0.04,0.0,30.0,madmom
-4sq1sUI7-I.wav,0.47,0.0,30.0,madmom
-4sq1sUI7-I.wav,0.87,0.0,30.0,madmom
-4sq1sUI7-I.wav,1.28,0.0,30.0,madmom
-4sq1sUI7-I.wav,1.7,0.0,30.0,madmom
-4sq1sUI7-I.wav,2.09,0.0,30.0,madmom
-4sq1sUI7-I.wav,2.5,0.0,30.0,madmom
-4sq1sUI7-I.wav,2.93,0.0,30.0,madmom
-4sq1sUI7-I.wav,3.32,0.0,30.0,madmom
-4sq1sUI7-I.wav,3.74,0.0,30.0,madmom
-4sq1sUI7-I.wav,4.16,0.0,30.0,madmom
-4sq1sUI7-I.wav,4.57,0.0,30.0,madmom
-4sq1sUI7-I.wav,4.98,0.0,30.0,madmom
-4sq1sUI7-I.wav,5.39,0.0,30.0,madmom
-4sq1sUI7-I.wav,5.79,0.0,30.0,madmom
-4sq1sUI7-I.wav,6.17,0.0,30.0,madmom
-4sq1sUI7-I.wav,6.57,0.0,30.0,madmom
-4sq1sUI7-I.wav,6.97,0.0,30.0,madmom
-4sq1sUI7-I.wav,7.39,0.0,30.0,madmom
-4sq1sUI7-I.wav,7.79,0.0,30.0,madmom
-4sq1sUI7-I.wav,8.17,0.0,30.0,madmom
-4sq1sUI7-I.wav,8.6,0.0,30.0,madmom
-4sq1sUI7-I.wav,9.0,0.0,30.0,madmom
-4sq1sUI7-I.wav,9.42,0.0,30.0,madmom
-4sq1sUI7-I.wav,9.83,0.0,30.0,madmom
-4sq1sUI7-I.wav,10.24,0.0,30.0,madmom
-4sq1sUI7-I.wav,10.63,0.0,30.0,madmom
-4sq1sUI7-I.wav,11.02,0.0,30.0,madmom
-4sq1sUI7-I.wav,11.42,0.0,30.0,madmom
-4sq1sUI7-I.wav,11.83,0.0,30.0,madmom
-4sq1sUI7-I.wav,12.22,0.0,30.0,madmom
-4sq1sUI7-I.wav,12.65,0.0,30.0,madmom
-4sq1sUI7-I.wav,13.06,0.0,30.0,madmom
-4sq1sUI7-I.wav,13.45,0.0,30.0,madmom
-4sq1sUI7-I.wav,13.87,0.0,30.0,madmom
-4sq1sUI7-I.wav,14.27,0.0,30.0,madmom
-4sq1sUI7-I.wav,14.67,0.0,30.0,madmom
-4sq1sUI7-I.wav,15.07,0.0,30.0,madmom
-4sq1sUI7-I.wav,15.49,0.0,30.0,madmom
-4sq1sUI7-I.wav,15.89,0.0,30.0,madmom
-4sq1sUI7-I.wav,16.29,0.0,30.0,madmom
-4sq1sUI7-I.wav,16.68,0.0,30.0,madmom
-4sq1sUI7-I.wav,17.07,0.0,30.0,madmom
-4sq1sUI7-I.wav,17.47,0.0,30.0,madmom
-4sq1sUI7-I.wav,17.89,0.0,30.0,madmom
-4sq1sUI7-I.wav,18.31,0.0,30.0,madmom
-4sq1sUI7-I.wav,18.71,0.0,30.0,madmom
-4sq1sUI7-I.wav,19.12,0.0,30.0,madmom
-4sq1sUI7-I.wav,19.52,0.0,30.0,madmom
-4sq1sUI7-I.wav,19.93,0.0,30.0,madmom
-4sq1sUI7-I.wav,20.33,0.0,30.0,madmom
-4sq1sUI7-I.wav,20.73,0.0,30.0,madmom
-4sq1sUI7-I.wav,21.14,0.0,30.0,madmom
-4sq1sUI7-I.wav,21.55,0.0,30.0,madmom
-4sq1sUI7-I.wav,21.95,0.0,30.0,madmom
-4sq1sUI7-I.wav,22.36,0.0,30.0,madmom
-4sq1sUI7-I.wav,22.77,0.0,30.0,madmom
-4sq1sUI7-I.wav,23.17,0.0,30.0,madmom
-4sq1sUI7-I.wav,23.58,0.0,30.0,madmom
-4sq1sUI7-I.wav,23.98,0.0,30.0,madmom
-4sq1sUI7-I.wav,24.37,0.0,30.0,madmom
-4sq1sUI7-I.wav,24.79,0.0,30.0,madmom
-4sq1sUI7-I.wav,25.2,0.0,30.0,madmom
-4sq1sUI7-I.wav,25.6,0.0,30.0,madmom
-4sq1sUI7-I.wav,26.01,0.0,30.0,madmom
-4sq1sUI7-I.wav,26.42,0.0,30.0,madmom
-4sq1sUI7-I.wav,26.82,0.0,30.0,madmom
-4sq1sUI7-I.wav,27.21,0.0,30.0,madmom
-4sq1sUI7-I.wav,27.63,0.0,30.0,madmom
-4sq1sUI7-I.wav,28.03,0.0,30.0,madmom
-4sq1sUI7-I.wav,28.44,0.0,30.0,madmom
-4sq1sUI7-I.wav,28.84,0.0,30.0,madmom
-4sq1sUI7-I.wav,29.25,0.0,30.0,madmom
-4sq1sUI7-I.wav,29.66,0.0,30.0,madmom
-E5lmFh_0x0.wav,0.76,0.0,30.0,madmom
-E5lmFh_0x0.wav,1.58,0.0,30.0,madmom
-E5lmFh_0x0.wav,2.45,0.0,30.0,madmom
-E5lmFh_0x0.wav,3.3,0.0,30.0,madmom
-E5lmFh_0x0.wav,4.13,0.0,30.0,madmom
-E5lmFh_0x0.wav,4.95,0.0,30.0,madmom
-E5lmFh_0x0.wav,5.79,0.0,30.0,madmom
-E5lmFh_0x0.wav,6.6,0.0,30.0,madmom
-E5lmFh_0x0.wav,7.44,0.0,30.0,madmom
-E5lmFh_0x0.wav,8.3,0.0,30.0,madmom
-E5lmFh_0x0.wav,9.09,0.0,30.0,madmom
-E5lmFh_0x0.wav,9.96,0.0,30.0,madmom
-E5lmFh_0x0.wav,10.79,0.0,30.0,madmom
-E5lmFh_0x0.wav,11.63,0.0,30.0,madmom
-E5lmFh_0x0.wav,12.48,0.0,30.0,madmom
-E5lmFh_0x0.wav,13.29,0.0,30.0,madmom
-E5lmFh_0x0.wav,14.09,0.0,30.0,madmom
-E5lmFh_0x0.wav,14.94,0.0,30.0,madmom
-E5lmFh_0x0.wav,15.77,0.0,30.0,madmom
-E5lmFh_0x0.wav,16.61,0.0,30.0,madmom
-E5lmFh_0x0.wav,17.4,0.0,30.0,madmom
-E5lmFh_0x0.wav,18.27,0.0,30.0,madmom
-E5lmFh_0x0.wav,19.12,0.0,30.0,madmom
-E5lmFh_0x0.wav,19.94,0.0,30.0,madmom
-E5lmFh_0x0.wav,20.8,0.0,30.0,madmom
-E5lmFh_0x0.wav,21.63,0.0,30.0,madmom
-E5lmFh_0x0.wav,22.45,0.0,30.0,madmom
-E5lmFh_0x0.wav,23.28,0.0,30.0,madmom
-E5lmFh_0x0.wav,24.09,0.0,30.0,madmom
-E5lmFh_0x0.wav,24.92,0.0,30.0,madmom
-E5lmFh_0x0.wav,25.78,0.0,30.0,madmom
-E5lmFh_0x0.wav,26.59,0.0,30.0,madmom
-E5lmFh_0x0.wav,27.34,0.0,30.0,madmom
-E5lmFh_0x0.wav,28.17,0.0,30.0,madmom
-E5lmFh_0x0.wav,28.95,0.0,30.0,madmom
-E5lmFh_0x0.wav,29.72,0.0,30.0,madmom
-Gvgb3K5iOE.wav,0.1,0.0,30.0,madmom
-Gvgb3K5iOE.wav,0.7,0.0,30.0,madmom
-Gvgb3K5iOE.wav,1.3,0.0,30.0,madmom
-Gvgb3K5iOE.wav,1.9,0.0,30.0,madmom
-Gvgb3K5iOE.wav,2.5,0.0,30.0,madmom
-Gvgb3K5iOE.wav,3.1,0.0,30.0,madmom
-Gvgb3K5iOE.wav,3.7,0.0,30.0,madmom
-Gvgb3K5iOE.wav,4.3,0.0,30.0,madmom
-Gvgb3K5iOE.wav,4.9,0.0,30.0,madmom
-Gvgb3K5iOE.wav,5.5,0.0,30.0,madmom
-Gvgb3K5iOE.wav,6.1,0.0,30.0,madmom
-Gvgb3K5iOE.wav,6.7,0.0,30.0,madmom
-Gvgb3K5iOE.wav,7.3,0.0,30.0,madmom
-Gvgb3K5iOE.wav,7.9,0.0,30.0,madmom
-Gvgb3K5iOE.wav,8.5,0.0,30.0,madmom
-Gvgb3K5iOE.wav,9.1,0.0,30.0,madmom
-Gvgb3K5iOE.wav,9.7,0.0,30.0,madmom
-Gvgb3K5iOE.wav,10.3,0.0,30.0,madmom
-Gvgb3K5iOE.wav,10.9,0.0,30.0,madmom
-Gvgb3K5iOE.wav,11.5,0.0,30.0,madmom
-Gvgb3K5iOE.wav,12.1,0.0,30.0,madmom
-Gvgb3K5iOE.wav,12.7,0.0,30.0,madmom
-Gvgb3K5iOE.wav,13.3,0.0,30.0,madmom
-Gvgb3K5iOE.wav,13.9,0.0,30.0,madmom
-Gvgb3K5iOE.wav,14.5,0.0,30.0,madmom
-Gvgb3K5iOE.wav,15.1,0.0,30.0,madmom
-Gvgb3K5iOE.wav,15.7,0.0,30.0,madmom
-Gvgb3K5iOE.wav,16.3,0.0,30.0,madmom
-Gvgb3K5iOE.wav,16.9,0.0,30.0,madmom
-Gvgb3K5iOE.wav,17.5,0.0,30.0,madmom
-Gvgb3K5iOE.wav,18.1,0.0,30.0,madmom
-Gvgb3K5iOE.wav,18.7,0.0,30.0,madmom
-Gvgb3K5iOE.wav,19.3,0.0,30.0,madmom
-Gvgb3K5iOE.wav,19.9,0.0,30.0,madmom
-Gvgb3K5iOE.wav,20.5,0.0,30.0,madmom
-Gvgb3K5iOE.wav,21.1,0.0,30.0,madmom
-Gvgb3K5iOE.wav,21.7,0.0,30.0,madmom
-Gvgb3K5iOE.wav,22.3,0.0,30.0,madmom
-Gvgb3K5iOE.wav,22.9,0.0,30.0,madmom
-Gvgb3K5iOE.wav,23.5,0.0,30.0,madmom
-Gvgb3K5iOE.wav,24.1,0.0,30.0,madmom
-Gvgb3K5iOE.wav,24.7,0.0,30.0,madmom
-Gvgb3K5iOE.wav,25.3,0.0,30.0,madmom
-Gvgb3K5iOE.wav,25.9,0.0,30.0,madmom
-Gvgb3K5iOE.wav,26.5,0.0,30.0,madmom
-Gvgb3K5iOE.wav,27.1,0.0,30.0,madmom
-Gvgb3K5iOE.wav,27.7,0.0,30.0,madmom
-Gvgb3K5iOE.wav,28.3,0.0,30.0,madmom
-Gvgb3K5iOE.wav,28.9,0.0,30.0,madmom
-Gvgb3K5iOE.wav,29.5,0.0,30.0,madmom
-rT_0DJQygY.wav,0.04,0.0,30.0,madmom
-rT_0DJQygY.wav,0.4,0.0,30.0,madmom
-rT_0DJQygY.wav,0.73,0.0,30.0,madmom
-rT_0DJQygY.wav,1.07,0.0,30.0,madmom
-rT_0DJQygY.wav,1.41,0.0,30.0,madmom
-rT_0DJQygY.wav,1.75,0.0,30.0,madmom
-rT_0DJQygY.wav,2.09,0.0,30.0,madmom
-rT_0DJQygY.wav,2.43,0.0,30.0,madmom
-rT_0DJQygY.wav,2.77,0.0,30.0,madmom
-rT_0DJQygY.wav,3.11,0.0,30.0,madmom
-rT_0DJQygY.wav,3.45,0.0,30.0,madmom
-rT_0DJQygY.wav,3.8,0.0,30.0,madmom
-rT_0DJQygY.wav,4.14,0.0,30.0,madmom
-rT_0DJQygY.wav,4.48,0.0,30.0,madmom
-rT_0DJQygY.wav,4.82,0.0,30.0,madmom
-rT_0DJQygY.wav,5.16,0.0,30.0,madmom
-rT_0DJQygY.wav,5.5,0.0,30.0,madmom
-rT_0DJQygY.wav,5.84,0.0,30.0,madmom
-rT_0DJQygY.wav,6.18,0.0,30.0,madmom
-rT_0DJQygY.wav,6.53,0.0,30.0,madmom
-rT_0DJQygY.wav,6.87,0.0,30.0,madmom
-rT_0DJQygY.wav,7.21,0.0,30.0,madmom
-rT_0DJQygY.wav,7.54,0.0,30.0,madmom
-rT_0DJQygY.wav,7.89,0.0,30.0,madmom
-rT_0DJQygY.wav,8.23,0.0,30.0,madmom
-rT_0DJQygY.wav,8.57,0.0,30.0,madmom
-rT_0DJQygY.wav,8.91,0.0,30.0,madmom
-rT_0DJQygY.wav,9.25,0.0,30.0,madmom
-rT_0DJQygY.wav,9.59,0.0,30.0,madmom
-rT_0DJQygY.wav,9.93,0.0,30.0,madmom
-rT_0DJQygY.wav,10.27,0.0,30.0,madmom
-rT_0DJQygY.wav,10.61,0.0,30.0,madmom
-rT_0DJQygY.wav,10.96,0.0,30.0,madmom
-rT_0DJQygY.wav,11.3,0.0,30.0,madmom
-rT_0DJQygY.wav,11.64,0.0,30.0,madmom
-rT_0DJQygY.wav,11.98,0.0,30.0,madmom
-rT_0DJQygY.wav,12.32,0.0,30.0,madmom
-rT_0DJQygY.wav,12.66,0.0,30.0,madmom
-rT_0DJQygY.wav,13.0,0.0,30.0,madmom
-rT_0DJQygY.wav,13.34,0.0,30.0,madmom
-rT_0DJQygY.wav,13.68,0.0,30.0,madmom
-rT_0DJQygY.wav,14.02,0.0,30.0,madmom
-rT_0DJQygY.wav,14.36,0.0,30.0,madmom
-rT_0DJQygY.wav,14.7,0.0,30.0,madmom
-rT_0DJQygY.wav,15.05,0.0,30.0,madmom
-rT_0DJQygY.wav,15.39,0.0,30.0,madmom
-rT_0DJQygY.wav,15.73,0.0,30.0,madmom
-rT_0DJQygY.wav,16.06,0.0,30.0,madmom
-rT_0DJQygY.wav,16.41,0.0,30.0,madmom
-rT_0DJQygY.wav,16.75,0.0,30.0,madmom
-rT_0DJQygY.wav,17.09,0.0,30.0,madmom
-rT_0DJQygY.wav,17.43,0.0,30.0,madmom
-rT_0DJQygY.wav,17.77,0.0,30.0,madmom
-rT_0DJQygY.wav,18.11,0.0,30.0,madmom
-rT_0DJQygY.wav,18.45,0.0,30.0,madmom
-rT_0DJQygY.wav,18.8,0.0,30.0,madmom
-rT_0DJQygY.wav,19.14,0.0,30.0,madmom
-rT_0DJQygY.wav,19.48,0.0,30.0,madmom
-rT_0DJQygY.wav,19.82,0.0,30.0,madmom
-rT_0DJQygY.wav,20.16,0.0,30.0,madmom
-rT_0DJQygY.wav,20.5,0.0,30.0,madmom
-rT_0DJQygY.wav,20.84,0.0,30.0,madmom
-rT_0DJQygY.wav,21.18,0.0,30.0,madmom
-rT_0DJQygY.wav,21.52,0.0,30.0,madmom
-rT_0DJQygY.wav,21.86,0.0,30.0,madmom
-rT_0DJQygY.wav,22.21,0.0,30.0,madmom
-rT_0DJQygY.wav,22.54,0.0,30.0,madmom
-rT_0DJQygY.wav,22.89,0.0,30.0,madmom
-rT_0DJQygY.wav,23.23,0.0,30.0,madmom
-rT_0DJQygY.wav,23.57,0.0,30.0,madmom
-rT_0DJQygY.wav,23.91,0.0,30.0,madmom
-rT_0DJQygY.wav,24.25,0.0,30.0,madmom
-rT_0DJQygY.wav,24.59,0.0,30.0,madmom
-rT_0DJQygY.wav,24.93,0.0,30.0,madmom
-rT_0DJQygY.wav,25.27,0.0,30.0,madmom
-rT_0DJQygY.wav,25.61,0.0,30.0,madmom
-rT_0DJQygY.wav,25.95,0.0,30.0,madmom
-rT_0DJQygY.wav,26.3,0.0,30.0,madmom
-rT_0DJQygY.wav,26.64,0.0,30.0,madmom
-rT_0DJQygY.wav,26.98,0.0,30.0,madmom
-rT_0DJQygY.wav,27.32,0.0,30.0,madmom
-rT_0DJQygY.wav,27.66,0.0,30.0,madmom
-rT_0DJQygY.wav,28.0,0.0,30.0,madmom
-rT_0DJQygY.wav,28.34,0.0,30.0,madmom
-rT_0DJQygY.wav,28.68,0.0,30.0,madmom
-rT_0DJQygY.wav,29.02,0.0,30.0,madmom
-rT_0DJQygY.wav,29.36,0.0,30.0,madmom
-rT_0DJQygY.wav,29.71,0.0,30.0,madmom
0FfElnIC8mM.wav,0.43,0.0,30.0,madmom
0FfElnIC8mM.wav,1.17,0.0,30.0,madmom
0FfElnIC8mM.wav,1.91,0.0,30.0,madmom
0FfElnIC8mM.wav,2.65,0.0,30.0,madmom
0FfElnIC8mM.wav,3.39,0.0,30.0,madmom
0FfElnIC8mM.wav,4.11,0.0,30.0,madmom
0FfElnIC8mM.wav,4.87,0.0,30.0,madmom
0FfElnIC8mM.wav,5.61,0.0,30.0,madmom
0FfElnIC8mM.wav,6.36,0.0,30.0,madmom
0FfElnIC8mM.wav,7.1,0.0,30.0,madmom
0FfElnIC8mM.wav,7.84,0.0,30.0,madmom
0FfElnIC8mM.wav,8.58,0.0,30.0,madmom
0FfElnIC8mM.wav,9.33,0.0,30.0,madmom
0FfElnIC8mM.wav,10.06,0.0,30.0,madmom
0FfElnIC8mM.wav,10.8,0.0,30.0,madmom
0FfElnIC8mM.wav,11.54,0.0,30.0,madmom
0FfElnIC8mM.wav,12.29,0.0,30.0,madmom
0FfElnIC8mM.wav,13.02,0.0,30.0,madmom
0FfElnIC8mM.wav,13.77,0.0,30.0,madmom
0FfElnIC8mM.wav,14.5,0.0,30.0,madmom
0FfElnIC8mM.wav,15.25,0.0,30.0,madmom
0FfElnIC8mM.wav,16.0,0.0,30.0,madmom
0FfElnIC8mM.wav,16.72,0.0,30.0,madmom
0FfElnIC8mM.wav,17.47,0.0,30.0,madmom
0FfElnIC8mM.wav,18.21,0.0,30.0,madmom
0FfElnIC8mM.wav,18.95,0.0,30.0,madmom
0FfElnIC8mM.wav,19.69,0.0,30.0,madmom
0FfElnIC8mM.wav,20.43,0.0,30.0,madmom
0FfElnIC8mM.wav,21.17,0.0,30.0,madmom
0FfElnIC8mM.wav,21.91,0.0,30.0,madmom
0FfElnIC8mM.wav,22.65,0.0,30.0,madmom
0FfElnIC8mM.wav,23.39,0.0,30.0,madmom
0FfElnIC8mM.wav,24.14,0.0,30.0,madmom
0FfElnIC8mM.wav,24.87,0.0,30.0,madmom
0FfElnIC8mM.wav,25.62,0.0,30.0,madmom
0FfElnIC8mM.wav,26.35,0.0,30.0,madmom
0FfElnIC8mM.wav,27.1,0.0,30.0,madmom
0FfElnIC8mM.wav,27.81,0.0,30.0,madmom
0FfElnIC8mM.wav,28.58,0.0,30.0,madmom
0FfElnIC8mM.wav,29.31,0.0,30.0,madmom
0m0w1wEReOI.wav,0.07,0.0,30.0,madmom
0m0w1wEReOI.wav,0.61,0.0,30.0,madmom
0m0w1wEReOI.wav,1.14,0.0,30.0,madmom
0m0w1wEReOI.wav,1.68,0.0,30.0,madmom
0m0w1wEReOI.wav,2.22,0.0,30.0,madmom
0m0w1wEReOI.wav,2.75,0.0,30.0,madmom
0m0w1wEReOI.wav,3.28,0.0,30.0,madmom
0m0w1wEReOI.wav,3.82,0.0,30.0,madmom
0m0w1wEReOI.wav,4.36,0.0,30.0,madmom
0m0w1wEReOI.wav,4.89,0.0,30.0,madmom
0m0w1wEReOI.wav,5.43,0.0,30.0,madmom
0m0w1wEReOI.wav,5.97,0.0,30.0,madmom
0m0w1wEReOI.wav,6.5,0.0,30.0,madmom
0m0w1wEReOI.wav,7.03,0.0,30.0,madmom
0m0w1wEReOI.wav,7.57,0.0,30.0,madmom
0m0w1wEReOI.wav,8.1,0.0,30.0,madmom
0m0w1wEReOI.wav,8.65,0.0,30.0,madmom
0m0w1wEReOI.wav,9.18,0.0,30.0,madmom
0m0w1wEReOI.wav,9.71,0.0,30.0,madmom
0m0w1wEReOI.wav,10.25,0.0,30.0,madmom
0m0w1wEReOI.wav,10.78,0.0,30.0,madmom
0m0w1wEReOI.wav,11.32,0.0,30.0,madmom
0m0w1wEReOI.wav,11.86,0.0,30.0,madmom
0m0w1wEReOI.wav,12.39,0.0,30.0,madmom
0m0w1wEReOI.wav,12.93,0.0,30.0,madmom
0m0w1wEReOI.wav,13.46,0.0,30.0,madmom
0m0w1wEReOI.wav,14.0,0.0,30.0,madmom
0m0w1wEReOI.wav,14.54,0.0,30.0,madmom
0m0w1wEReOI.wav,15.07,0.0,30.0,madmom
0m0w1wEReOI.wav,15.61,0.0,30.0,madmom
0m0w1wEReOI.wav,16.14,0.0,30.0,madmom
0m0w1wEReOI.wav,16.68,0.0,30.0,madmom
0m0w1wEReOI.wav,17.21,0.0,30.0,madmom
0m0w1wEReOI.wav,17.75,0.0,30.0,madmom
0m0w1wEReOI.wav,18.29,0.0,30.0,madmom
0m0w1wEReOI.wav,18.82,0.0,30.0,madmom
0m0w1wEReOI.wav,19.36,0.0,30.0,madmom
0m0w1wEReOI.wav,19.9,0.0,30.0,madmom
0m0w1wEReOI.wav,20.43,0.0,30.0,madmom
0m0w1wEReOI.wav,20.96,0.0,30.0,madmom
0m0w1wEReOI.wav,21.5,0.0,30.0,madmom
0m0w1wEReOI.wav,22.03,0.0,30.0,madmom
0m0w1wEReOI.wav,22.57,0.0,30.0,madmom
0m0w1wEReOI.wav,23.11,0.0,30.0,madmom
0m0w1wEReOI.wav,23.64,0.0,30.0,madmom
0m0w1wEReOI.wav,24.18,0.0,30.0,madmom
0m0w1wEReOI.wav,24.71,0.0,30.0,madmom
0m0w1wEReOI.wav,25.25,0.0,30.0,madmom
0m0w1wEReOI.wav,25.78,0.0,30.0,madmom
0m0w1wEReOI.wav,26.32,0.0,30.0,madmom
0m0w1wEReOI.wav,26.86,0.0,30.0,madmom
0m0w1wEReOI.wav,27.39,0.0,30.0,madmom
0m0w1wEReOI.wav,27.93,0.0,30.0,madmom
0m0w1wEReOI.wav,28.46,0.0,30.0,madmom
0m0w1wEReOI.wav,29.0,0.0,30.0,madmom
0m0w1wEReOI.wav,29.54,0.0,30.0,madmom
18fkHq5tbmQ.wav,0.05,0.0,30.0,madmom
18fkHq5tbmQ.wav,0.48,0.0,30.0,madmom
18fkHq5tbmQ.wav,0.88,0.0,30.0,madmom
18fkHq5tbmQ.wav,1.3,0.0,30.0,madmom
18fkHq5tbmQ.wav,1.72,0.0,30.0,madmom
18fkHq5tbmQ.wav,2.13,0.0,30.0,madmom
18fkHq5tbmQ.wav,2.54,0.0,30.0,madmom
18fkHq5tbmQ.wav,2.96,0.0,30.0,madmom
18fkHq5tbmQ.wav,3.38,0.0,30.0,madmom
18fkHq5tbmQ.wav,3.81,0.0,30.0,madmom
18fkHq5tbmQ.wav,4.21,0.0,30.0,madmom
18fkHq5tbmQ.wav,4.64,0.0,30.0,madmom
18fkHq5tbmQ.wav,5.05,0.0,30.0,madmom
18fkHq5tbmQ.wav,5.47,0.0,30.0,madmom
18fkHq5tbmQ.wav,5.9,0.0,30.0,madmom
18fkHq5tbmQ.wav,6.31,0.0,30.0,madmom
18fkHq5tbmQ.wav,6.72,0.0,30.0,madmom
18fkHq5tbmQ.wav,7.12,0.0,30.0,madmom
18fkHq5tbmQ.wav,7.55,0.0,30.0,madmom
18fkHq5tbmQ.wav,7.97,0.0,30.0,madmom
18fkHq5tbmQ.wav,8.39,0.0,30.0,madmom
18fkHq5tbmQ.wav,8.8,0.0,30.0,madmom
18fkHq5tbmQ.wav,9.22,0.0,30.0,madmom
18fkHq5tbmQ.wav,9.63,0.0,30.0,madmom
18fkHq5tbmQ.wav,10.05,0.0,30.0,madmom
18fkHq5tbmQ.wav,10.48,0.0,30.0,madmom
18fkHq5tbmQ.wav,10.88,0.0,30.0,madmom
18fkHq5tbmQ.wav,11.3,0.0,30.0,madmom
18fkHq5tbmQ.wav,11.71,0.0,30.0,madmom
18fkHq5tbmQ.wav,12.13,0.0,30.0,madmom
18fkHq5tbmQ.wav,12.55,0.0,30.0,madmom
18fkHq5tbmQ.wav,12.97,0.0,30.0,madmom
18fkHq5tbmQ.wav,13.38,0.0,30.0,madmom
18fkHq5tbmQ.wav,13.81,0.0,30.0,madmom
18fkHq5tbmQ.wav,14.21,0.0,30.0,madmom
18fkHq5tbmQ.wav,14.63,0.0,30.0,madmom
18fkHq5tbmQ.wav,15.05,0.0,30.0,madmom
18fkHq5tbmQ.wav,15.47,0.0,30.0,madmom
18fkHq5tbmQ.wav,15.88,0.0,30.0,madmom
18fkHq5tbmQ.wav,16.29,0.0,30.0,madmom
18fkHq5tbmQ.wav,16.72,0.0,30.0,madmom
18fkHq5tbmQ.wav,17.15,0.0,30.0,madmom
18fkHq5tbmQ.wav,17.55,0.0,30.0,madmom
18fkHq5tbmQ.wav,17.97,0.0,30.0,madmom
18fkHq5tbmQ.wav,18.38,0.0,30.0,madmom
18fkHq5tbmQ.wav,18.79,0.0,30.0,madmom
18fkHq5tbmQ.wav,19.22,0.0,30.0,madmom
18fkHq5tbmQ.wav,19.64,0.0,30.0,madmom
18fkHq5tbmQ.wav,20.05,0.0,30.0,madmom
18fkHq5tbmQ.wav,20.48,0.0,30.0,madmom
18fkHq5tbmQ.wav,20.88,0.0,30.0,madmom
18fkHq5tbmQ.wav,21.3,0.0,30.0,madmom
18fkHq5tbmQ.wav,21.72,0.0,30.0,madmom
18fkHq5tbmQ.wav,22.14,0.0,30.0,madmom
18fkHq5tbmQ.wav,22.55,0.0,30.0,madmom
18fkHq5tbmQ.wav,22.97,0.0,30.0,madmom
18fkHq5tbmQ.wav,23.38,0.0,30.0,madmom
18fkHq5tbmQ.wav,23.81,0.0,30.0,madmom
18fkHq5tbmQ.wav,24.21,0.0,30.0,madmom
18fkHq5tbmQ.wav,24.63,0.0,30.0,madmom
18fkHq5tbmQ.wav,25.05,0.0,30.0,madmom
18fkHq5tbmQ.wav,25.46,0.0,30.0,madmom
18fkHq5tbmQ.wav,25.88,0.0,30.0,madmom
18fkHq5tbmQ.wav,26.3,0.0,30.0,madmom
18fkHq5tbmQ.wav,26.72,0.0,30.0,madmom
18fkHq5tbmQ.wav,27.14,0.0,30.0,madmom
18fkHq5tbmQ.wav,27.55,0.0,30.0,madmom
18fkHq5tbmQ.wav,27.97,0.0,30.0,madmom
18fkHq5tbmQ.wav,28.38,0.0,30.0,madmom
18fkHq5tbmQ.wav,28.8,0.0,30.0,madmom
18fkHq5tbmQ.wav,29.21,0.0,30.0,madmom
18fkHq5tbmQ.wav,29.63,0.0,30.0,madmom
1ec5zdJPbnU.wav,0.15,0.0,30.0,madmom
1ec5zdJPbnU.wav,0.61,0.0,30.0,madmom
1ec5zdJPbnU.wav,1.05,0.0,30.0,madmom
1ec5zdJPbnU.wav,1.52,0.0,30.0,madmom
1ec5zdJPbnU.wav,1.96,0.0,30.0,madmom
1ec5zdJPbnU.wav,2.42,0.0,30.0,madmom
1ec5zdJPbnU.wav,2.87,0.0,30.0,madmom
1ec5zdJPbnU.wav,3.33,0.0,30.0,madmom
1ec5zdJPbnU.wav,3.78,0.0,30.0,madmom
1ec5zdJPbnU.wav,4.24,0.0,30.0,madmom
1ec5zdJPbnU.wav,4.69,0.0,30.0,madmom
1ec5zdJPbnU.wav,5.15,0.0,30.0,madmom
1ec5zdJPbnU.wav,5.6,0.0,30.0,madmom
1ec5zdJPbnU.wav,6.06,0.0,30.0,madmom
1ec5zdJPbnU.wav,6.51,0.0,30.0,madmom
1ec5zdJPbnU.wav,6.97,0.0,30.0,madmom
1ec5zdJPbnU.wav,7.42,0.0,30.0,madmom
1ec5zdJPbnU.wav,7.88,0.0,30.0,madmom
1ec5zdJPbnU.wav,8.33,0.0,30.0,madmom
1ec5zdJPbnU.wav,8.79,0.0,30.0,madmom
1ec5zdJPbnU.wav,9.24,0.0,30.0,madmom
1ec5zdJPbnU.wav,9.69,0.0,30.0,madmom
1ec5zdJPbnU.wav,10.14,0.0,30.0,madmom
1ec5zdJPbnU.wav,10.6,0.0,30.0,madmom
1ec5zdJPbnU.wav,11.06,0.0,30.0,madmom
1ec5zdJPbnU.wav,11.53,0.0,30.0,madmom
1ec5zdJPbnU.wav,11.97,0.0,30.0,madmom
1ec5zdJPbnU.wav,12.42,0.0,30.0,madmom
1ec5zdJPbnU.wav,12.88,0.0,30.0,madmom
1ec5zdJPbnU.wav,13.33,0.0,30.0,madmom
1ec5zdJPbnU.wav,13.78,0.0,30.0,madmom
1ec5zdJPbnU.wav,14.24,0.0,30.0,madmom
1ec5zdJPbnU.wav,14.69,0.0,30.0,madmom
1ec5zdJPbnU.wav,15.15,0.0,30.0,madmom
1ec5zdJPbnU.wav,15.6,0.0,30.0,madmom
1ec5zdJPbnU.wav,16.05,0.0,30.0,madmom
1ec5zdJPbnU.wav,16.51,0.0,30.0,madmom
1ec5zdJPbnU.wav,16.96,0.0,30.0,madmom
1ec5zdJPbnU.wav,17.42,0.0,30.0,madmom
1ec5zdJPbnU.wav,17.87,0.0,30.0,madmom
1ec5zdJPbnU.wav,18.33,0.0,30.0,madmom
1ec5zdJPbnU.wav,18.78,0.0,30.0,madmom
1ec5zdJPbnU.wav,19.24,0.0,30.0,madmom
1ec5zdJPbnU.wav,19.69,0.0,30.0,madmom
1ec5zdJPbnU.wav,20.14,0.0,30.0,madmom
1ec5zdJPbnU.wav,20.6,0.0,30.0,madmom
1ec5zdJPbnU.wav,21.05,0.0,30.0,madmom
1ec5zdJPbnU.wav,21.51,0.0,30.0,madmom
1ec5zdJPbnU.wav,21.96,0.0,30.0,madmom
1ec5zdJPbnU.wav,22.42,0.0,30.0,madmom
1ec5zdJPbnU.wav,22.87,0.0,30.0,madmom
1ec5zdJPbnU.wav,23.33,0.0,30.0,madmom
1ec5zdJPbnU.wav,23.78,0.0,30.0,madmom
1ec5zdJPbnU.wav,24.24,0.0,30.0,madmom
1ec5zdJPbnU.wav,24.69,0.0,30.0,madmom
1ec5zdJPbnU.wav,25.15,0.0,30.0,madmom
1ec5zdJPbnU.wav,25.6,0.0,30.0,madmom
1ec5zdJPbnU.wav,26.06,0.0,30.0,madmom
1ec5zdJPbnU.wav,26.51,0.0,30.0,madmom
1ec5zdJPbnU.wav,26.96,0.0,30.0,madmom
1ec5zdJPbnU.wav,27.42,0.0,30.0,madmom
1ec5zdJPbnU.wav,27.88,0.0,30.0,madmom
1ec5zdJPbnU.wav,28.33,0.0,30.0,madmom
1ec5zdJPbnU.wav,28.79,0.0,30.0,madmom
1ec5zdJPbnU.wav,29.24,0.0,30.0,madmom
1ec5zdJPbnU.wav,29.7,0.0,30.0,madmom
1uldbfT264k.wav,0.54,0.0,30.0,madmom
1uldbfT264k.wav,1.14,0.0,30.0,madmom
1uldbfT264k.wav,1.71,0.0,30.0,madmom
1uldbfT264k.wav,2.29,0.0,30.0,madmom
1uldbfT264k.wav,2.87,0.0,30.0,madmom
1uldbfT264k.wav,3.44,0.0,30.0,madmom
1uldbfT264k.wav,4.02,0.0,30.0,madmom
1uldbfT264k.wav,4.58,0.0,30.0,madmom
1uldbfT264k.wav,5.14,0.0,30.0,madmom
1uldbfT264k.wav,5.68,0.0,30.0,madmom
1uldbfT264k.wav,6.23,0.0,30.0,madmom
1uldbfT264k.wav,6.77,0.0,30.0,madmom
1uldbfT264k.wav,7.31,0.0,30.0,madmom
1uldbfT264k.wav,7.86,0.0,30.0,madmom
1uldbfT264k.wav,8.39,0.0,30.0,madmom
1uldbfT264k.wav,8.9,0.0,30.0,madmom
1uldbfT264k.wav,9.43,0.0,30.0,madmom
1uldbfT264k.wav,9.94,0.0,30.0,madmom
1uldbfT264k.wav,10.46,0.0,30.0,madmom
1uldbfT264k.wav,10.98,0.0,30.0,madmom
1uldbfT264k.wav,11.49,0.0,30.0,madmom
1uldbfT264k.wav,12.0,0.0,30.0,madmom
1uldbfT264k.wav,12.51,0.0,30.0,madmom
1uldbfT264k.wav,13.03,0.0,30.0,madmom
1uldbfT264k.wav,13.53,0.0,30.0,madmom
1uldbfT264k.wav,14.06,0.0,30.0,madmom
1uldbfT264k.wav,14.56,0.0,30.0,madmom
1uldbfT264k.wav,15.07,0.0,30.0,madmom
1uldbfT264k.wav,15.58,0.0,30.0,madmom
1uldbfT264k.wav,16.09,0.0,30.0,madmom
1uldbfT264k.wav,16.61,0.0,30.0,madmom
1uldbfT264k.wav,17.1,0.0,30.0,madmom
1uldbfT264k.wav,17.61,0.0,30.0,madmom
1uldbfT264k.wav,18.08,0.0,30.0,madmom
1uldbfT264k.wav,18.61,0.0,30.0,madmom
1uldbfT264k.wav,19.1,0.0,30.0,madmom
1uldbfT264k.wav,19.6,0.0,30.0,madmom
1uldbfT264k.wav,20.09,0.0,30.0,madmom
1uldbfT264k.wav,20.6,0.0,30.0,madmom
1uldbfT264k.wav,21.09,0.0,30.0,madmom
1uldbfT264k.wav,21.56,0.0,30.0,madmom
1uldbfT264k.wav,22.04,0.0,30.0,madmom
1uldbfT264k.wav,22.52,0.0,30.0,madmom
1uldbfT264k.wav,23.0,0.0,30.0,madmom
1uldbfT264k.wav,23.5,0.0,30.0,madmom
1uldbfT264k.wav,23.98,0.0,30.0,madmom
1uldbfT264k.wav,24.47,0.0,30.0,madmom
1uldbfT264k.wav,24.95,0.0,30.0,madmom
1uldbfT264k.wav,25.44,0.0,30.0,madmom
1uldbfT264k.wav,25.92,0.0,30.0,madmom
1uldbfT264k.wav,26.41,0.0,30.0,madmom
1uldbfT264k.wav,26.89,0.0,30.0,madmom
1uldbfT264k.wav,27.38,0.0,30.0,madmom
1uldbfT264k.wav,27.86,0.0,30.0,madmom
1uldbfT264k.wav,28.34,0.0,30.0,madmom
1uldbfT264k.wav,28.82,0.0,30.0,madmom
1uldbfT264k.wav,29.3,0.0,30.0,madmom
1uldbfT264k.wav,29.76,0.0,30.0,madmom
28JvbWHN6w0.wav,0.36,0.0,30.0,madmom
28JvbWHN6w0.wav,0.96,0.0,30.0,madmom
28JvbWHN6w0.wav,1.57,0.0,30.0,madmom
28JvbWHN6w0.wav,2.21,0.0,30.0,madmom
28JvbWHN6w0.wav,2.81,0.0,30.0,madmom
28JvbWHN6w0.wav,3.42,0.0,30.0,madmom
28JvbWHN6w0.wav,3.99,0.0,30.0,madmom
28JvbWHN6w0.wav,4.59,0.0,30.0,madmom
28JvbWHN6w0.wav,5.22,0.0,30.0,madmom
28JvbWHN6w0.wav,5.79,0.0,30.0,madmom
28JvbWHN6w0.wav,6.36,0.0,30.0,madmom
28JvbWHN6w0.wav,6.93,0.0,30.0,madmom
28JvbWHN6w0.wav,7.52,0.0,30.0,madmom
28JvbWHN6w0.wav,8.12,0.0,30.0,madmom
28JvbWHN6w0.wav,8.67,0.0,30.0,madmom
28JvbWHN6w0.wav,9.25,0.0,30.0,madmom
28JvbWHN6w0.wav,9.88,0.0,30.0,madmom
28JvbWHN6w0.wav,10.45,0.0,30.0,madmom
28JvbWHN6w0.wav,11.09,0.0,30.0,madmom
28JvbWHN6w0.wav,11.71,0.0,30.0,madmom
28JvbWHN6w0.wav,12.32,0.0,30.0,madmom
28JvbWHN6w0.wav,12.93,0.0,30.0,madmom
28JvbWHN6w0.wav,13.57,0.0,30.0,madmom
28JvbWHN6w0.wav,14.2,0.0,30.0,madmom
28JvbWHN6w0.wav,14.78,0.0,30.0,madmom
28JvbWHN6w0.wav,15.41,0.0,30.0,madmom
28JvbWHN6w0.wav,15.99,0.0,30.0,madmom
28JvbWHN6w0.wav,16.6,0.0,30.0,madmom
28JvbWHN6w0.wav,17.22,0.0,30.0,madmom
28JvbWHN6w0.wav,17.82,0.0,30.0,madmom
28JvbWHN6w0.wav,18.4,0.0,30.0,madmom
28JvbWHN6w0.wav,18.96,0.0,30.0,madmom
28JvbWHN6w0.wav,19.54,0.0,30.0,madmom
28JvbWHN6w0.wav,20.11,0.0,30.0,madmom
28JvbWHN6w0.wav,20.69,0.0,30.0,madmom
28JvbWHN6w0.wav,21.26,0.0,30.0,madmom
28JvbWHN6w0.wav,21.83,0.0,30.0,madmom
28JvbWHN6w0.wav,22.41,0.0,30.0,madmom
28JvbWHN6w0.wav,22.98,0.0,30.0,madmom
28JvbWHN6w0.wav,23.55,0.0,30.0,madmom
28JvbWHN6w0.wav,24.12,0.0,30.0,madmom
28JvbWHN6w0.wav,24.7,0.0,30.0,madmom
28JvbWHN6w0.wav,25.27,0.0,30.0,madmom
28JvbWHN6w0.wav,25.84,0.0,30.0,madmom
28JvbWHN6w0.wav,26.42,0.0,30.0,madmom
28JvbWHN6w0.wav,26.99,0.0,30.0,madmom
28JvbWHN6w0.wav,27.57,0.0,30.0,madmom
28JvbWHN6w0.wav,28.14,0.0,30.0,madmom
28JvbWHN6w0.wav,28.71,0.0,30.0,madmom
28JvbWHN6w0.wav,29.28,0.0,30.0,madmom
28JvbWHN6w0.wav,29.86,0.0,30.0,madmom
2SeNCoP6Zy8.wav,0.14,0.0,30.0,madmom
2SeNCoP6Zy8.wav,0.61,0.0,30.0,madmom
2SeNCoP6Zy8.wav,1.08,0.0,30.0,madmom
2SeNCoP6Zy8.wav,1.55,0.0,30.0,madmom
2SeNCoP6Zy8.wav,2.02,0.0,30.0,madmom
2SeNCoP6Zy8.wav,2.48,0.0,30.0,madmom
2SeNCoP6Zy8.wav,2.95,0.0,30.0,madmom
2SeNCoP6Zy8.wav,3.42,0.0,30.0,madmom
2SeNCoP6Zy8.wav,3.89,0.0,30.0,madmom
2SeNCoP6Zy8.wav,4.36,0.0,30.0,madmom
2SeNCoP6Zy8.wav,4.83,0.0,30.0,madmom
2SeNCoP6Zy8.wav,5.3,0.0,30.0,madmom
2SeNCoP6Zy8.wav,5.77,0.0,30.0,madmom
2SeNCoP6Zy8.wav,6.23,0.0,30.0,madmom
2SeNCoP6Zy8.wav,6.7,0.0,30.0,madmom
2SeNCoP6Zy8.wav,7.18,0.0,30.0,madmom
2SeNCoP6Zy8.wav,7.64,0.0,30.0,madmom
2SeNCoP6Zy8.wav,8.11,0.0,30.0,madmom
2SeNCoP6Zy8.wav,8.57,0.0,30.0,madmom
2SeNCoP6Zy8.wav,9.05,0.0,30.0,madmom
2SeNCoP6Zy8.wav,9.52,0.0,30.0,madmom
2SeNCoP6Zy8.wav,9.98,0.0,30.0,madmom
2SeNCoP6Zy8.wav,10.45,0.0,30.0,madmom
2SeNCoP6Zy8.wav,10.92,0.0,30.0,madmom
2SeNCoP6Zy8.wav,11.39,0.0,30.0,madmom
2SeNCoP6Zy8.wav,11.85,0.0,30.0,madmom
2SeNCoP6Zy8.wav,12.32,0.0,30.0,madmom
2SeNCoP6Zy8.wav,12.79,0.0,30.0,madmom
2SeNCoP6Zy8.wav,13.26,0.0,30.0,madmom
2SeNCoP6Zy8.wav,13.73,0.0,30.0,madmom
2SeNCoP6Zy8.wav,14.2,0.0,30.0,madmom
2SeNCoP6Zy8.wav,14.67,0.0,30.0,madmom
2SeNCoP6Zy8.wav,15.14,0.0,30.0,madmom
2SeNCoP6Zy8.wav,15.6,0.0,30.0,madmom
2SeNCoP6Zy8.wav,16.07,0.0,30.0,madmom
2SeNCoP6Zy8.wav,16.54,0.0,30.0,madmom
2SeNCoP6Zy8.wav,17.01,0.0,30.0,madmom
2SeNCoP6Zy8.wav,17.48,0.0,30.0,madmom
2SeNCoP6Zy8.wav,17.95,0.0,30.0,madmom
2SeNCoP6Zy8.wav,18.42,0.0,30.0,madmom
2SeNCoP6Zy8.wav,18.89,0.0,30.0,madmom
2SeNCoP6Zy8.wav,19.35,0.0,30.0,madmom
2SeNCoP6Zy8.wav,19.82,0.0,30.0,madmom
2SeNCoP6Zy8.wav,20.29,0.0,30.0,madmom
2SeNCoP6Zy8.wav,20.76,0.0,30.0,madmom
2SeNCoP6Zy8.wav,21.23,0.0,30.0,madmom
2SeNCoP6Zy8.wav,21.7,0.0,30.0,madmom
2SeNCoP6Zy8.wav,22.17,0.0,30.0,madmom
2SeNCoP6Zy8.wav,22.64,0.0,30.0,madmom
2SeNCoP6Zy8.wav,23.1,0.0,30.0,madmom
2SeNCoP6Zy8.wav,23.57,0.0,30.0,madmom
2SeNCoP6Zy8.wav,24.04,0.0,30.0,madmom
2SeNCoP6Zy8.wav,24.51,0.0,30.0,madmom
2SeNCoP6Zy8.wav,24.98,0.0,30.0,madmom
2SeNCoP6Zy8.wav,25.45,0.0,30.0,madmom
2SeNCoP6Zy8.wav,25.92,0.0,30.0,madmom
2SeNCoP6Zy8.wav,26.39,0.0,30.0,madmom
2SeNCoP6Zy8.wav,26.85,0.0,30.0,madmom
2SeNCoP6Zy8.wav,27.32,0.0,30.0,madmom
2SeNCoP6Zy8.wav,27.79,0.0,30.0,madmom
2SeNCoP6Zy8.wav,28.26,0.0,30.0,madmom
2SeNCoP6Zy8.wav,28.74,0.0,30.0,madmom
2SeNCoP6Zy8.wav,29.2,0.0,30.0,madmom
2SeNCoP6Zy8.wav,29.66,0.0,30.0,madmom
30zfbFdeY7g.wav,0.24,0.0,30.0,madmom
30zfbFdeY7g.wav,0.8,0.0,30.0,madmom
30zfbFdeY7g.wav,1.37,0.0,30.0,madmom
30zfbFdeY7g.wav,1.9,0.0,30.0,madmom
30zfbFdeY7g.wav,2.42,0.0,30.0,madmom
30zfbFdeY7g.wav,2.97,0.0,30.0,madmom
30zfbFdeY7g.wav,3.55,0.0,30.0,madmom
30zfbFdeY7g.wav,4.07,0.0,30.0,madmom
30zfbFdeY7g.wav,4.61,0.0,30.0,madmom
30zfbFdeY7g.wav,5.17,0.0,30.0,madmom
30zfbFdeY7g.wav,5.68,0.0,30.0,madmom
30zfbFdeY7g.wav,6.23,0.0,30.0,madmom
30zfbFdeY7g.wav,6.79,0.0,30.0,madmom
30zfbFdeY7g.wav,7.32,0.0,30.0,madmom
30zfbFdeY7g.wav,7.87,0.0,30.0,madmom
30zfbFdeY7g.wav,8.44,0.0,30.0,madmom
30zfbFdeY7g.wav,8.96,0.0,30.0,madmom
30zfbFdeY7g.wav,9.5,0.0,30.0,madmom
30zfbFdeY7g.wav,10.05,0.0,30.0,madmom
30zfbFdeY7g.wav,10.61,0.0,30.0,madmom
30zfbFdeY7g.wav,11.15,0.0,30.0,madmom
30zfbFdeY7g.wav,11.68,0.0,30.0,madmom
30zfbFdeY7g.wav,12.25,0.0,30.0,madmom
30zfbFdeY7g.wav,12.79,0.0,30.0,madmom
30zfbFdeY7g.wav,13.32,0.0,30.0,madmom
30zfbFdeY7g.wav,13.86,0.0,30.0,madmom
30zfbFdeY7g.wav,14.43,0.0,30.0,madmom
30zfbFdeY7g.wav,14.95,0.0,30.0,madmom
30zfbFdeY7g.wav,15.52,0.0,30.0,madmom
30zfbFdeY7g.wav,16.08,0.0,30.0,madmom
30zfbFdeY7g.wav,16.63,0.0,30.0,madmom
30zfbFdeY7g.wav,17.17,0.0,30.0,madmom
30zfbFdeY7g.wav,17.69,0.0,30.0,madmom
30zfbFdeY7g.wav,18.23,0.0,30.0,madmom
30zfbFdeY7g.wav,18.79,0.0,30.0,madmom
30zfbFdeY7g.wav,19.32,0.0,30.0,madmom
30zfbFdeY7g.wav,19.87,0.0,30.0,madmom
30zfbFdeY7g.wav,20.42,0.0,30.0,madmom
30zfbFdeY7g.wav,20.98,0.0,30.0,madmom
30zfbFdeY7g.wav,21.53,0.0,30.0,madmom
30zfbFdeY7g.wav,22.05,0.0,30.0,madmom
30zfbFdeY7g.wav,22.61,0.0,30.0,madmom
30zfbFdeY7g.wav,23.15,0.0,30.0,madmom
30zfbFdeY7g.wav,23.68,0.0,30.0,madmom
30zfbFdeY7g.wav,24.23,0.0,30.0,madmom
30zfbFdeY7g.wav,24.78,0.0,30.0,madmom
30zfbFdeY7g.wav,25.33,0.0,30.0,madmom
30zfbFdeY7g.wav,25.89,0.0,30.0,madmom
30zfbFdeY7g.wav,26.43,0.0,30.0,madmom
30zfbFdeY7g.wav,26.98,0.0,30.0,madmom
30zfbFdeY7g.wav,27.52,0.0,30.0,madmom
30zfbFdeY7g.wav,28.07,0.0,30.0,madmom
30zfbFdeY7g.wav,28.61,0.0,30.0,madmom
30zfbFdeY7g.wav,29.16,0.0,30.0,madmom
30zfbFdeY7g.wav,29.71,0.0,30.0,madmom
3NqMmAYSrJw.wav,0.41,0.0,30.0,madmom
3NqMmAYSrJw.wav,0.96,0.0,30.0,madmom
3NqMmAYSrJw.wav,1.51,0.0,30.0,madmom
3NqMmAYSrJw.wav,2.05,0.0,30.0,madmom
3NqMmAYSrJw.wav,2.6,0.0,30.0,madmom
3NqMmAYSrJw.wav,3.14,0.0,30.0,madmom
3NqMmAYSrJw.wav,3.69,0.0,30.0,madmom
3NqMmAYSrJw.wav,4.24,0.0,30.0,madmom
3NqMmAYSrJw.wav,4.78,0.0,30.0,madmom
3NqMmAYSrJw.wav,5.33,0.0,30.0,madmom
3NqMmAYSrJw.wav,5.9,0.0,30.0,madmom
3NqMmAYSrJw.wav,6.42,0.0,30.0,madmom
3NqMmAYSrJw.wav,6.97,0.0,30.0,madmom
3NqMmAYSrJw.wav,7.51,0.0,30.0,madmom
3NqMmAYSrJw.wav,8.06,0.0,30.0,madmom
3NqMmAYSrJw.wav,8.6,0.0,30.0,madmom
3NqMmAYSrJw.wav,9.15,0.0,30.0,madmom
3NqMmAYSrJw.wav,9.69,0.0,30.0,madmom
3NqMmAYSrJw.wav,10.24,0.0,30.0,madmom
3NqMmAYSrJw.wav,10.78,0.0,30.0,madmom
3NqMmAYSrJw.wav,11.33,0.0,30.0,madmom
3NqMmAYSrJw.wav,11.87,0.0,30.0,madmom
3NqMmAYSrJw.wav,12.42,0.0,30.0,madmom
3NqMmAYSrJw.wav,12.96,0.0,30.0,madmom
3NqMmAYSrJw.wav,13.5,0.0,30.0,madmom
3NqMmAYSrJw.wav,14.05,0.0,30.0,madmom
3NqMmAYSrJw.wav,14.6,0.0,30.0,madmom
3NqMmAYSrJw.wav,15.15,0.0,30.0,madmom
3NqMmAYSrJw.wav,15.69,0.0,30.0,madmom
3NqMmAYSrJw.wav,16.23,0.0,30.0,madmom
3NqMmAYSrJw.wav,16.78,0.0,30.0,madmom
3NqMmAYSrJw.wav,17.33,0.0,30.0,madmom
3NqMmAYSrJw.wav,17.88,0.0,30.0,madmom
3NqMmAYSrJw.wav,18.42,0.0,30.0,madmom
3NqMmAYSrJw.wav,18.97,0.0,30.0,madmom
3NqMmAYSrJw.wav,19.51,0.0,30.0,madmom
3NqMmAYSrJw.wav,20.05,0.0,30.0,madmom
3NqMmAYSrJw.wav,20.6,0.0,30.0,madmom
3NqMmAYSrJw.wav,21.15,0.0,30.0,madmom
3NqMmAYSrJw.wav,21.69,0.0,30.0,madmom
3NqMmAYSrJw.wav,22.23,0.0,30.0,madmom
3NqMmAYSrJw.wav,22.78,0.0,30.0,madmom
3NqMmAYSrJw.wav,23.35,0.0,30.0,madmom
3NqMmAYSrJw.wav,23.87,0.0,30.0,madmom
3NqMmAYSrJw.wav,24.42,0.0,30.0,madmom
3NqMmAYSrJw.wav,24.96,0.0,30.0,madmom
3NqMmAYSrJw.wav,25.51,0.0,30.0,madmom
3NqMmAYSrJw.wav,26.06,0.0,30.0,madmom
3NqMmAYSrJw.wav,26.6,0.0,30.0,madmom
3NqMmAYSrJw.wav,27.14,0.0,30.0,madmom
3NqMmAYSrJw.wav,27.69,0.0,30.0,madmom
3NqMmAYSrJw.wav,28.24,0.0,30.0,madmom
3NqMmAYSrJw.wav,28.78,0.0,30.0,madmom
3NqMmAYSrJw.wav,29.33,0.0,30.0,madmom
3NqMmAYSrJw.wav,29.87,0.0,30.0,madmom
3OByv5luEjc.wav,0.32,0.0,30.0,madmom
3OByv5luEjc.wav,0.94,0.0,30.0,madmom
3OByv5luEjc.wav,1.63,0.0,30.0,madmom
3OByv5luEjc.wav,2.24,0.0,30.0,madmom
3OByv5luEjc.wav,2.94,0.0,30.0,madmom
3OByv5luEjc.wav,3.59,0.0,30.0,madmom
3OByv5luEjc.wav,4.25,0.0,30.0,madmom
3OByv5luEjc.wav,4.88,0.0,30.0,madmom
3OByv5luEjc.wav,5.58,0.0,30.0,madmom
3OByv5luEjc.wav,6.23,0.0,30.0,madmom
3OByv5luEjc.wav,6.88,0.0,30.0,madmom
3OByv5luEjc.wav,7.53,0.0,30.0,madmom
3OByv5luEjc.wav,8.2,0.0,30.0,madmom
3OByv5luEjc.wav,8.84,0.0,30.0,madmom
3OByv5luEjc.wav,9.5,0.0,30.0,madmom
3OByv5luEjc.wav,10.18,0.0,30.0,madmom
3OByv5luEjc.wav,10.88,0.0,30.0,madmom
3OByv5luEjc.wav,11.57,0.0,30.0,madmom
3OByv5luEjc.wav,12.22,0.0,30.0,madmom
3OByv5luEjc.wav,12.88,0.0,30.0,madmom
3OByv5luEjc.wav,13.56,0.0,30.0,madmom
3OByv5luEjc.wav,14.23,0.0,30.0,madmom
3OByv5luEjc.wav,14.79,0.0,30.0,madmom
3OByv5luEjc.wav,15.32,0.0,30.0,madmom
3OByv5luEjc.wav,15.82,0.0,30.0,madmom
3OByv5luEjc.wav,16.35,0.0,30.0,madmom
3OByv5luEjc.wav,16.89,0.0,30.0,madmom
3OByv5luEjc.wav,17.39,0.0,30.0,madmom
3OByv5luEjc.wav,17.91,0.0,30.0,madmom
3OByv5luEjc.wav,18.39,0.0,30.0,madmom
3OByv5luEjc.wav,18.92,0.0,30.0,madmom
3OByv5luEjc.wav,19.4,0.0,30.0,madmom
3OByv5luEjc.wav,19.92,0.0,30.0,madmom
3OByv5luEjc.wav,20.4,0.0,30.0,madmom
3OByv5luEjc.wav,20.92,0.0,30.0,madmom
3OByv5luEjc.wav,21.39,0.0,30.0,madmom
3OByv5luEjc.wav,21.9,0.0,30.0,madmom
3OByv5luEjc.wav,22.39,0.0,30.0,madmom
3OByv5luEjc.wav,22.9,0.0,30.0,madmom
3OByv5luEjc.wav,23.39,0.0,30.0,madmom
3OByv5luEjc.wav,23.89,0.0,30.0,madmom
3OByv5luEjc.wav,24.39,0.0,30.0,madmom
3OByv5luEjc.wav,24.91,0.0,30.0,madmom
3OByv5luEjc.wav,25.39,0.0,30.0,madmom
3OByv5luEjc.wav,25.9,0.0,30.0,madmom
3OByv5luEjc.wav,26.39,0.0,30.0,madmom
3OByv5luEjc.wav,26.89,0.0,30.0,madmom
3OByv5luEjc.wav,27.39,0.0,30.0,madmom
3OByv5luEjc.wav,27.89,0.0,30.0,madmom
3OByv5luEjc.wav,28.4,0.0,30.0,madmom
3OByv5luEjc.wav,28.91,0.0,30.0,madmom
3OByv5luEjc.wav,29.39,0.0,30.0,madmom
3OByv5luEjc.wav,29.9,0.0,30.0,madmom
3QuyNWZoKgk.wav,0.5,0.0,30.0,madmom
3QuyNWZoKgk.wav,1.1,0.0,30.0,madmom
3QuyNWZoKgk.wav,1.7,0.0,30.0,madmom
3QuyNWZoKgk.wav,2.3,0.0,30.0,madmom
3QuyNWZoKgk.wav,2.9,0.0,30.0,madmom
3QuyNWZoKgk.wav,3.5,0.0,30.0,madmom
3QuyNWZoKgk.wav,4.1,0.0,30.0,madmom
3QuyNWZoKgk.wav,4.7,0.0,30.0,madmom
3QuyNWZoKgk.wav,5.3,0.0,30.0,madmom
3QuyNWZoKgk.wav,5.9,0.0,30.0,madmom
3QuyNWZoKgk.wav,6.5,0.0,30.0,madmom
3QuyNWZoKgk.wav,7.1,0.0,30.0,madmom
3QuyNWZoKgk.wav,7.7,0.0,30.0,madmom
3QuyNWZoKgk.wav,8.3,0.0,30.0,madmom
3QuyNWZoKgk.wav,8.9,0.0,30.0,madmom
3QuyNWZoKgk.wav,9.5,0.0,30.0,madmom
3QuyNWZoKgk.wav,10.1,0.0,30.0,madmom
3QuyNWZoKgk.wav,10.7,0.0,30.0,madmom
3QuyNWZoKgk.wav,11.3,0.0,30.0,madmom
3QuyNWZoKgk.wav,11.9,0.0,30.0,madmom
3QuyNWZoKgk.wav,12.5,0.0,30.0,madmom
3QuyNWZoKgk.wav,13.1,0.0,30.0,madmom
3QuyNWZoKgk.wav,13.7,0.0,30.0,madmom
3QuyNWZoKgk.wav,14.3,0.0,30.0,madmom
3QuyNWZoKgk.wav,14.9,0.0,30.0,madmom
3QuyNWZoKgk.wav,15.5,0.0,30.0,madmom
3QuyNWZoKgk.wav,16.1,0.0,30.0,madmom
3QuyNWZoKgk.wav,16.7,0.0,30.0,madmom
3QuyNWZoKgk.wav,17.3,0.0,30.0,madmom
3QuyNWZoKgk.wav,17.9,0.0,30.0,madmom
3QuyNWZoKgk.wav,18.51,0.0,30.0,madmom
3QuyNWZoKgk.wav,19.12,0.0,30.0,madmom
3QuyNWZoKgk.wav,19.71,0.0,30.0,madmom
3QuyNWZoKgk.wav,20.31,0.0,30.0,madmom
3QuyNWZoKgk.wav,20.91,0.0,30.0,madmom
3QuyNWZoKgk.wav,21.51,0.0,30.0,madmom
3QuyNWZoKgk.wav,22.12,0.0,30.0,madmom
3QuyNWZoKgk.wav,22.72,0.0,30.0,madmom
3QuyNWZoKgk.wav,23.31,0.0,30.0,madmom
3QuyNWZoKgk.wav,23.91,0.0,30.0,madmom
3QuyNWZoKgk.wav,24.51,0.0,30.0,madmom
3QuyNWZoKgk.wav,25.11,0.0,30.0,madmom
3QuyNWZoKgk.wav,25.71,0.0,30.0,madmom
3QuyNWZoKgk.wav,26.3,0.0,30.0,madmom
3QuyNWZoKgk.wav,26.9,0.0,30.0,madmom
3QuyNWZoKgk.wav,27.52,0.0,30.0,madmom
3QuyNWZoKgk.wav,28.1,0.0,30.0,madmom
3QuyNWZoKgk.wav,28.7,0.0,30.0,madmom
3QuyNWZoKgk.wav,29.3,0.0,30.0,madmom
3QuyNWZoKgk.wav,29.9,0.0,30.0,madmom
3WqrNqX1lsI.wav,0.45,0.0,30.0,madmom
3WqrNqX1lsI.wav,0.92,0.0,30.0,madmom
3WqrNqX1lsI.wav,1.39,0.0,30.0,madmom
3WqrNqX1lsI.wav,1.87,0.0,30.0,madmom
3WqrNqX1lsI.wav,2.32,0.0,30.0,madmom
3WqrNqX1lsI.wav,2.8,0.0,30.0,madmom
3WqrNqX1lsI.wav,3.26,0.0,30.0,madmom
3WqrNqX1lsI.wav,3.73,0.0,30.0,madmom
3WqrNqX1lsI.wav,4.2,0.0,30.0,madmom
3WqrNqX1lsI.wav,4.67,0.0,30.0,madmom
3WqrNqX1lsI.wav,5.14,0.0,30.0,madmom
3WqrNqX1lsI.wav,5.61,0.0,30.0,madmom
3WqrNqX1lsI.wav,6.08,0.0,30.0,madmom
3WqrNqX1lsI.wav,6.54,0.0,30.0,madmom
3WqrNqX1lsI.wav,7.01,0.0,30.0,madmom
3WqrNqX1lsI.wav,7.48,0.0,30.0,madmom
3WqrNqX1lsI.wav,7.95,0.0,30.0,madmom
3WqrNqX1lsI.wav,8.42,0.0,30.0,madmom
3WqrNqX1lsI.wav,8.89,0.0,30.0,madmom
3WqrNqX1lsI.wav,9.36,0.0,30.0,madmom
3WqrNqX1lsI.wav,9.83,0.0,30.0,madmom
3WqrNqX1lsI.wav,10.3,0.0,30.0,madmom
3WqrNqX1lsI.wav,10.76,0.0,30.0,madmom
3WqrNqX1lsI.wav,11.23,0.0,30.0,madmom
3WqrNqX1lsI.wav,11.7,0.0,30.0,madmom
3WqrNqX1lsI.wav,12.17,0.0,30.0,madmom
3WqrNqX1lsI.wav,12.64,0.0,30.0,madmom
3WqrNqX1lsI.wav,13.11,0.0,30.0,madmom
3WqrNqX1lsI.wav,13.58,0.0,30.0,madmom
3WqrNqX1lsI.wav,14.05,0.0,30.0,madmom
3WqrNqX1lsI.wav,14.51,0.0,30.0,madmom
3WqrNqX1lsI.wav,14.98,0.0,30.0,madmom
3WqrNqX1lsI.wav,15.45,0.0,30.0,madmom
3WqrNqX1lsI.wav,15.92,0.0,30.0,madmom
3WqrNqX1lsI.wav,16.39,0.0,30.0,madmom
3WqrNqX1lsI.wav,16.86,0.0,30.0,madmom
3WqrNqX1lsI.wav,17.33,0.0,30.0,madmom
3WqrNqX1lsI.wav,17.8,0.0,30.0,madmom
3WqrNqX1lsI.wav,18.27,0.0,30.0,madmom
3WqrNqX1lsI.wav,18.73,0.0,30.0,madmom
3WqrNqX1lsI.wav,19.2,0.0,30.0,madmom
3WqrNqX1lsI.wav,19.67,0.0,30.0,madmom
3WqrNqX1lsI.wav,20.14,0.0,30.0,madmom
3WqrNqX1lsI.wav,20.61,0.0,30.0,madmom
3WqrNqX1lsI.wav,21.08,0.0,30.0,madmom
3WqrNqX1lsI.wav,21.55,0.0,30.0,madmom
3WqrNqX1lsI.wav,22.01,0.0,30.0,madmom
3WqrNqX1lsI.wav,22.48,0.0,30.0,madmom
3WqrNqX1lsI.wav,22.95,0.0,30.0,madmom
3WqrNqX1lsI.wav,23.42,0.0,30.0,madmom
3WqrNqX1lsI.wav,23.89,0.0,30.0,madmom
3WqrNqX1lsI.wav,24.36,0.0,30.0,madmom
3WqrNqX1lsI.wav,24.83,0.0,30.0,madmom
3WqrNqX1lsI.wav,25.3,0.0,30.0,madmom
3WqrNqX1lsI.wav,25.76,0.0,30.0,madmom
3WqrNqX1lsI.wav,26.23,0.0,30.0,madmom
3WqrNqX1lsI.wav,26.7,0.0,30.0,madmom
3WqrNqX1lsI.wav,27.17,0.0,30.0,madmom
3WqrNqX1lsI.wav,27.64,0.0,30.0,madmom
3WqrNqX1lsI.wav,28.11,0.0,30.0,madmom
3WqrNqX1lsI.wav,28.58,0.0,30.0,madmom
3WqrNqX1lsI.wav,29.05,0.0,30.0,madmom
3WqrNqX1lsI.wav,29.51,0.0,30.0,madmom
3WqrNqX1lsI.wav,29.98,0.0,30.0,madmom
3jmQ3-LNeAU.wav,0.05,0.0,30.0,madmom
3jmQ3-LNeAU.wav,0.43,0.0,30.0,madmom
3jmQ3-LNeAU.wav,0.81,0.0,30.0,madmom
3jmQ3-LNeAU.wav,1.19,0.0,30.0,madmom
3jmQ3-LNeAU.wav,1.56,0.0,30.0,madmom
3jmQ3-LNeAU.wav,1.94,0.0,30.0,madmom
3jmQ3-LNeAU.wav,2.32,0.0,30.0,madmom
3jmQ3-LNeAU.wav,2.68,0.0,30.0,madmom
3jmQ3-LNeAU.wav,3.06,0.0,30.0,madmom
3jmQ3-LNeAU.wav,3.43,0.0,30.0,madmom
3jmQ3-LNeAU.wav,3.81,0.0,30.0,madmom
3jmQ3-LNeAU.wav,4.18,0.0,30.0,madmom
3jmQ3-LNeAU.wav,4.55,0.0,30.0,madmom
3jmQ3-LNeAU.wav,4.94,0.0,30.0,madmom
3jmQ3-LNeAU.wav,5.31,0.0,30.0,madmom
3jmQ3-LNeAU.wav,5.69,0.0,30.0,madmom
3jmQ3-LNeAU.wav,6.06,0.0,30.0,madmom
3jmQ3-LNeAU.wav,6.44,0.0,30.0,madmom
3jmQ3-LNeAU.wav,6.81,0.0,30.0,madmom
3jmQ3-LNeAU.wav,7.18,0.0,30.0,madmom
3jmQ3-LNeAU.wav,7.55,0.0,30.0,madmom
3jmQ3-LNeAU.wav,7.93,0.0,30.0,madmom
3jmQ3-LNeAU.wav,8.31,0.0,30.0,madmom
3jmQ3-LNeAU.wav,8.69,0.0,30.0,madmom
3jmQ3-LNeAU.wav,9.06,0.0,30.0,madmom
3jmQ3-LNeAU.wav,9.44,0.0,30.0,madmom
3jmQ3-LNeAU.wav,9.81,0.0,30.0,madmom
3jmQ3-LNeAU.wav,10.19,0.0,30.0,madmom
3jmQ3-LNeAU.wav,10.57,0.0,30.0,madmom
3jmQ3-LNeAU.wav,10.94,0.0,30.0,madmom
3jmQ3-LNeAU.wav,11.32,0.0,30.0,madmom
3jmQ3-LNeAU.wav,11.68,0.0,30.0,madmom
3jmQ3-LNeAU.wav,12.06,0.0,30.0,madmom
3jmQ3-LNeAU.wav,12.44,0.0,30.0,madmom
3jmQ3-LNeAU.wav,12.81,0.0,30.0,madmom
3jmQ3-LNeAU.wav,13.18,0.0,30.0,madmom
3jmQ3-LNeAU.wav,13.56,0.0,30.0,madmom
3jmQ3-LNeAU.wav,13.94,0.0,30.0,madmom
3jmQ3-LNeAU.wav,14.31,0.0,30.0,madmom
3jmQ3-LNeAU.wav,14.68,0.0,30.0,madmom
3jmQ3-LNeAU.wav,15.06,0.0,30.0,madmom
3jmQ3-LNeAU.wav,15.43,0.0,30.0,madmom
3jmQ3-LNeAU.wav,15.81,0.0,30.0,madmom
3jmQ3-LNeAU.wav,16.18,0.0,30.0,madmom
3jmQ3-LNeAU.wav,16.56,0.0,30.0,madmom
3jmQ3-LNeAU.wav,16.94,0.0,30.0,madmom
3jmQ3-LNeAU.wav,17.31,0.0,30.0,madmom
3jmQ3-LNeAU.wav,17.66,0.0,30.0,madmom
3jmQ3-LNeAU.wav,18.05,0.0,30.0,madmom
3jmQ3-LNeAU.wav,18.43,0.0,30.0,madmom
3jmQ3-LNeAU.wav,18.81,0.0,30.0,madmom
3jmQ3-LNeAU.wav,19.18,0.0,30.0,madmom
3jmQ3-LNeAU.wav,19.56,0.0,30.0,madmom
3jmQ3-LNeAU.wav,19.94,0.0,30.0,madmom
3jmQ3-LNeAU.wav,20.31,0.0,30.0,madmom
3jmQ3-LNeAU.wav,20.69,0.0,30.0,madmom
3jmQ3-LNeAU.wav,21.06,0.0,30.0,madmom
3jmQ3-LNeAU.wav,21.43,0.0,30.0,madmom
3jmQ3-LNeAU.wav,21.81,0.0,30.0,madmom
3jmQ3-LNeAU.wav,22.18,0.0,30.0,madmom
3jmQ3-LNeAU.wav,22.56,0.0,30.0,madmom
3jmQ3-LNeAU.wav,22.93,0.0,30.0,madmom
3jmQ3-LNeAU.wav,23.31,0.0,30.0,madmom
3jmQ3-LNeAU.wav,23.67,0.0,30.0,madmom
3jmQ3-LNeAU.wav,24.04,0.0,30.0,madmom
3jmQ3-LNeAU.wav,24.42,0.0,30.0,madmom
3jmQ3-LNeAU.wav,24.81,0.0,30.0,madmom
3jmQ3-LNeAU.wav,25.19,0.0,30.0,madmom
3jmQ3-LNeAU.wav,25.56,0.0,30.0,madmom
3jmQ3-LNeAU.wav,25.94,0.0,30.0,madmom
3jmQ3-LNeAU.wav,26.31,0.0,30.0,madmom
3jmQ3-LNeAU.wav,26.68,0.0,30.0,madmom
3jmQ3-LNeAU.wav,27.06,0.0,30.0,madmom
3jmQ3-LNeAU.wav,27.43,0.0,30.0,madmom
3jmQ3-LNeAU.wav,27.79,0.0,30.0,madmom
3jmQ3-LNeAU.wav,28.18,0.0,30.0,madmom
3jmQ3-LNeAU.wav,28.55,0.0,30.0,madmom
3jmQ3-LNeAU.wav,28.94,0.0,30.0,madmom
3jmQ3-LNeAU.wav,29.31,0.0,30.0,madmom
3jmQ3-LNeAU.wav,29.68,0.0,30.0,madmom
44j8lJU2dqM.wav,0.21,0.0,30.0,madmom
44j8lJU2dqM.wav,0.56,0.0,30.0,madmom
44j8lJU2dqM.wav,0.9,0.0,30.0,madmom
44j8lJU2dqM.wav,1.26,0.0,30.0,madmom
44j8lJU2dqM.wav,1.64,0.0,30.0,madmom
44j8lJU2dqM.wav,2.0,0.0,30.0,madmom
44j8lJU2dqM.wav,2.35,0.0,30.0,madmom
44j8lJU2dqM.wav,2.71,0.0,30.0,madmom
44j8lJU2dqM.wav,3.07,0.0,30.0,madmom
44j8lJU2dqM.wav,3.42,0.0,30.0,madmom
44j8lJU2dqM.wav,3.78,0.0,30.0,madmom
44j8lJU2dqM.wav,4.14,0.0,30.0,madmom
44j8lJU2dqM.wav,4.5,0.0,30.0,madmom
44j8lJU2dqM.wav,4.86,0.0,30.0,madmom
44j8lJU2dqM.wav,5.19,0.0,30.0,madmom
44j8lJU2dqM.wav,5.57,0.0,30.0,madmom
44j8lJU2dqM.wav,5.93,0.0,30.0,madmom
44j8lJU2dqM.wav,6.28,0.0,30.0,madmom
44j8lJU2dqM.wav,6.63,0.0,30.0,madmom
44j8lJU2dqM.wav,6.99,0.0,30.0,madmom
44j8lJU2dqM.wav,7.36,0.0,30.0,madmom
44j8lJU2dqM.wav,7.71,0.0,30.0,madmom
44j8lJU2dqM.wav,8.06,0.0,30.0,madmom
44j8lJU2dqM.wav,8.43,0.0,30.0,madmom
44j8lJU2dqM.wav,8.78,0.0,30.0,madmom
44j8lJU2dqM.wav,9.13,0.0,30.0,madmom
44j8lJU2dqM.wav,9.47,0.0,30.0,madmom
44j8lJU2dqM.wav,9.81,0.0,30.0,madmom
44j8lJU2dqM.wav,10.17,0.0,30.0,madmom
44j8lJU2dqM.wav,10.53,0.0,30.0,madmom
44j8lJU2dqM.wav,10.9,0.0,30.0,madmom
44j8lJU2dqM.wav,11.27,0.0,30.0,madmom
44j8lJU2dqM.wav,11.63,0.0,30.0,madmom
44j8lJU2dqM.wav,11.99,0.0,30.0,madmom
44j8lJU2dqM.wav,12.33,0.0,30.0,madmom
44j8lJU2dqM.wav,12.71,0.0,30.0,madmom
44j8lJU2dqM.wav,13.07,0.0,30.0,madmom
44j8lJU2dqM.wav,13.43,0.0,30.0,madmom
44j8lJU2dqM.wav,13.79,0.0,30.0,madmom
44j8lJU2dqM.wav,14.14,0.0,30.0,madmom
44j8lJU2dqM.wav,14.5,0.0,30.0,madmom
44j8lJU2dqM.wav,14.85,0.0,30.0,madmom
44j8lJU2dqM.wav,15.18,0.0,30.0,madmom
44j8lJU2dqM.wav,15.54,0.0,30.0,madmom
44j8lJU2dqM.wav,15.92,0.0,30.0,madmom
44j8lJU2dqM.wav,16.28,0.0,30.0,madmom
44j8lJU2dqM.wav,16.64,0.0,30.0,madmom
44j8lJU2dqM.wav,17.0,0.0,30.0,madmom
44j8lJU2dqM.wav,17.35,0.0,30.0,madmom
44j8lJU2dqM.wav,17.71,0.0,30.0,madmom
44j8lJU2dqM.wav,18.06,0.0,30.0,madmom
44j8lJU2dqM.wav,18.43,0.0,30.0,madmom
44j8lJU2dqM.wav,18.78,0.0,30.0,madmom
44j8lJU2dqM.wav,19.14,0.0,30.0,madmom
44j8lJU2dqM.wav,19.5,0.0,30.0,madmom
44j8lJU2dqM.wav,19.86,0.0,30.0,madmom
44j8lJU2dqM.wav,20.2,0.0,30.0,madmom
44j8lJU2dqM.wav,20.56,0.0,30.0,madmom
44j8lJU2dqM.wav,20.9,0.0,30.0,madmom
44j8lJU2dqM.wav,21.25,0.0,30.0,madmom
44j8lJU2dqM.wav,21.61,0.0,30.0,madmom
44j8lJU2dqM.wav,21.97,0.0,30.0,madmom
44j8lJU2dqM.wav,22.33,0.0,30.0,madmom
44j8lJU2dqM.wav,22.71,0.0,30.0,madmom
44j8lJU2dqM.wav,23.07,0.0,30.0,madmom
44j8lJU2dqM.wav,23.42,0.0,30.0,madmom
44j8lJU2dqM.wav,23.77,0.0,30.0,madmom
44j8lJU2dqM.wav,24.14,0.0,30.0,madmom
44j8lJU2dqM.wav,24.5,0.0,30.0,madmom
44j8lJU2dqM.wav,24.86,0.0,30.0,madmom
44j8lJU2dqM.wav,25.21,0.0,30.0,madmom
44j8lJU2dqM.wav,25.57,0.0,30.0,madmom
44j8lJU2dqM.wav,25.93,0.0,30.0,madmom
44j8lJU2dqM.wav,26.28,0.0,30.0,madmom
44j8lJU2dqM.wav,26.61,0.0,30.0,madmom
44j8lJU2dqM.wav,26.97,0.0,30.0,madmom
44j8lJU2dqM.wav,27.35,0.0,30.0,madmom
44j8lJU2dqM.wav,27.71,0.0,30.0,madmom
44j8lJU2dqM.wav,28.05,0.0,30.0,madmom
44j8lJU2dqM.wav,28.43,0.0,30.0,madmom
44j8lJU2dqM.wav,28.79,0.0,30.0,madmom
44j8lJU2dqM.wav,29.13,0.0,30.0,madmom
44j8lJU2dqM.wav,29.49,0.0,30.0,madmom
44j8lJU2dqM.wav,29.85,0.0,30.0,madmom
4VKiwmQJ4Lo.wav,0.12,0.0,30.0,madmom
4VKiwmQJ4Lo.wav,0.57,0.0,30.0,madmom
4VKiwmQJ4Lo.wav,1.02,0.0,30.0,madmom
4VKiwmQJ4Lo.wav,1.48,0.0,30.0,madmom
4VKiwmQJ4Lo.wav,1.93,0.0,30.0,madmom
4VKiwmQJ4Lo.wav,2.38,0.0,30.0,madmom
4VKiwmQJ4Lo.wav,2.83,0.0,30.0,madmom
4VKiwmQJ4Lo.wav,3.29,0.0,30.0,madmom
4VKiwmQJ4Lo.wav,3.75,0.0,30.0,madmom
4VKiwmQJ4Lo.wav,4.2,0.0,30.0,madmom
4VKiwmQJ4Lo.wav,4.65,0.0,30.0,madmom
4VKiwmQJ4Lo.wav,5.12,0.0,30.0,madmom
4VKiwmQJ4Lo.wav,5.57,0.0,30.0,madmom
4VKiwmQJ4Lo.wav,6.04,0.0,30.0,madmom
4VKiwmQJ4Lo.wav,6.47,0.0,30.0,madmom
4VKiwmQJ4Lo.wav,6.93,0.0,30.0,madmom
4VKiwmQJ4Lo.wav,7.38,0.0,30.0,madmom
4VKiwmQJ4Lo.wav,7.84,0.0,30.0,madmom
4VKiwmQJ4Lo.wav,8.29,0.0,30.0,madmom
4VKiwmQJ4Lo.wav,8.75,0.0,30.0,madmom
4VKiwmQJ4Lo.wav,9.2,0.0,30.0,madmom
4VKiwmQJ4Lo.wav,9.66,0.0,30.0,madmom
4VKiwmQJ4Lo.wav,10.11,0.0,30.0,madmom
4VKiwmQJ4Lo.wav,10.57,0.0,30.0,madmom
4VKiwmQJ4Lo.wav,11.02,0.0,30.0,madmom
4VKiwmQJ4Lo.wav,11.47,0.0,30.0,madmom
4VKiwmQJ4Lo.wav,11.92,0.0,30.0,madmom
4VKiwmQJ4Lo.wav,12.39,0.0,30.0,madmom
4VKiwmQJ4Lo.wav,12.84,0.0,30.0,madmom
4VKiwmQJ4Lo.wav,13.31,0.0,30.0,madmom
4VKiwmQJ4Lo.wav,13.74,0.0,30.0,madmom
4VKiwmQJ4Lo.wav,14.21,0.0,30.0,madmom
4VKiwmQJ4Lo.wav,14.66,0.0,30.0,madmom
4VKiwmQJ4Lo.wav,15.11,0.0,30.0,madmom
4VKiwmQJ4Lo.wav,15.56,0.0,30.0,madmom
4VKiwmQJ4Lo.wav,16.02,0.0,30.0,madmom
4VKiwmQJ4Lo.wav,16.47,0.0,30.0,madmom
4VKiwmQJ4Lo.wav,16.93,0.0,30.0,madmom
4VKiwmQJ4Lo.wav,17.38,0.0,30.0,madmom
4VKiwmQJ4Lo.wav,17.84,0.0,30.0,madmom
4VKiwmQJ4Lo.wav,18.29,0.0,30.0,madmom
4VKiwmQJ4Lo.wav,18.75,0.0,30.0,madmom
4VKiwmQJ4Lo.wav,19.2,0.0,30.0,madmom
4VKiwmQJ4Lo.wav,19.66,0.0,30.0,madmom
4VKiwmQJ4Lo.wav,20.11,0.0,30.0,madmom
4VKiwmQJ4Lo.wav,20.57,0.0,30.0,madmom
4VKiwmQJ4Lo.wav,21.02,0.0,30.0,madmom
4VKiwmQJ4Lo.wav,21.48,0.0,30.0,madmom
4VKiwmQJ4Lo.wav,21.91,0.0,30.0,madmom
4VKiwmQJ4Lo.wav,22.37,0.0,30.0,madmom
4VKiwmQJ4Lo.wav,22.84,0.0,30.0,madmom
4VKiwmQJ4Lo.wav,23.31,0.0,30.0,madmom
4VKiwmQJ4Lo.wav,23.77,0.0,30.0,madmom
4VKiwmQJ4Lo.wav,24.23,0.0,30.0,madmom
4VKiwmQJ4Lo.wav,24.66,0.0,30.0,madmom
4VKiwmQJ4Lo.wav,25.12,0.0,30.0,madmom
4VKiwmQJ4Lo.wav,25.56,0.0,30.0,madmom
4VKiwmQJ4Lo.wav,26.03,0.0,30.0,madmom
4VKiwmQJ4Lo.wav,26.47,0.0,30.0,madmom
4VKiwmQJ4Lo.wav,26.94,0.0,30.0,madmom
4VKiwmQJ4Lo.wav,27.39,0.0,30.0,madmom
4VKiwmQJ4Lo.wav,27.86,0.0,30.0,madmom
4VKiwmQJ4Lo.wav,28.29,0.0,30.0,madmom
4VKiwmQJ4Lo.wav,28.76,0.0,30.0,madmom
4VKiwmQJ4Lo.wav,29.2,0.0,30.0,madmom
4VKiwmQJ4Lo.wav,29.66,0.0,30.0,madmom
4XIvB4rPehs.wav,0.48,0.0,30.0,madmom
4XIvB4rPehs.wav,1.09,0.0,30.0,madmom
4XIvB4rPehs.wav,1.71,0.0,30.0,madmom
4XIvB4rPehs.wav,2.31,0.0,30.0,madmom
4XIvB4rPehs.wav,2.93,0.0,30.0,madmom
4XIvB4rPehs.wav,3.54,0.0,30.0,madmom
4XIvB4rPehs.wav,4.16,0.0,30.0,madmom
4XIvB4rPehs.wav,4.77,0.0,30.0,madmom
4XIvB4rPehs.wav,5.38,0.0,30.0,madmom
4XIvB4rPehs.wav,6.0,0.0,30.0,madmom
4XIvB4rPehs.wav,6.59,0.0,30.0,madmom
4XIvB4rPehs.wav,7.21,0.0,30.0,madmom
4XIvB4rPehs.wav,7.83,0.0,30.0,madmom
4XIvB4rPehs.wav,8.45,0.0,30.0,madmom
4XIvB4rPehs.wav,9.06,0.0,30.0,madmom
4XIvB4rPehs.wav,9.66,0.0,30.0,madmom
4XIvB4rPehs.wav,10.28,0.0,30.0,madmom
4XIvB4rPehs.wav,10.9,0.0,30.0,madmom
4XIvB4rPehs.wav,11.52,0.0,30.0,madmom
4XIvB4rPehs.wav,12.11,0.0,30.0,madmom
4XIvB4rPehs.wav,12.73,0.0,30.0,madmom
4XIvB4rPehs.wav,13.32,0.0,30.0,madmom
4XIvB4rPehs.wav,13.96,0.0,30.0,madmom
4XIvB4rPehs.wav,14.56,0.0,30.0,madmom
4XIvB4rPehs.wav,15.18,0.0,30.0,madmom
4XIvB4rPehs.wav,15.8,0.0,30.0,madmom
4XIvB4rPehs.wav,16.41,0.0,30.0,madmom
4XIvB4rPehs.wav,17.01,0.0,30.0,madmom
4XIvB4rPehs.wav,17.62,0.0,30.0,madmom
4XIvB4rPehs.wav,18.23,0.0,30.0,madmom
4XIvB4rPehs.wav,18.85,0.0,30.0,madmom
4XIvB4rPehs.wav,19.46,0.0,30.0,madmom
4XIvB4rPehs.wav,20.07,0.0,30.0,madmom
4XIvB4rPehs.wav,20.68,0.0,30.0,madmom
4XIvB4rPehs.wav,21.31,0.0,30.0,madmom
4XIvB4rPehs.wav,21.91,0.0,30.0,madmom
4XIvB4rPehs.wav,22.52,0.0,30.0,madmom
4XIvB4rPehs.wav,23.13,0.0,30.0,madmom
4XIvB4rPehs.wav,23.75,0.0,30.0,madmom
4XIvB4rPehs.wav,24.36,0.0,30.0,madmom
4XIvB4rPehs.wav,24.97,0.0,30.0,madmom
4XIvB4rPehs.wav,25.56,0.0,30.0,madmom
4XIvB4rPehs.wav,26.19,0.0,30.0,madmom
4XIvB4rPehs.wav,26.81,0.0,30.0,madmom
4XIvB4rPehs.wav,27.42,0.0,30.0,madmom
4XIvB4rPehs.wav,28.04,0.0,30.0,madmom
4XIvB4rPehs.wav,28.66,0.0,30.0,madmom
4XIvB4rPehs.wav,29.26,0.0,30.0,madmom
4XIvB4rPehs.wav,29.87,0.0,30.0,madmom
4liY0E7XBTw.wav,0.18,0.0,30.0,madmom
4liY0E7XBTw.wav,0.73,0.0,30.0,madmom
4liY0E7XBTw.wav,1.27,0.0,30.0,madmom
4liY0E7XBTw.wav,1.81,0.0,30.0,madmom
4liY0E7XBTw.wav,2.37,0.0,30.0,madmom
4liY0E7XBTw.wav,2.92,0.0,30.0,madmom
4liY0E7XBTw.wav,3.47,0.0,30.0,madmom
4liY0E7XBTw.wav,4.0,0.0,30.0,madmom
4liY0E7XBTw.wav,4.55,0.0,30.0,madmom
4liY0E7XBTw.wav,5.09,0.0,30.0,madmom
4liY0E7XBTw.wav,5.62,0.0,30.0,madmom
4liY0E7XBTw.wav,6.18,0.0,30.0,madmom
4liY0E7XBTw.wav,6.72,0.0,30.0,madmom
4liY0E7XBTw.wav,7.28,0.0,30.0,madmom
4liY0E7XBTw.wav,7.81,0.0,30.0,madmom
4liY0E7XBTw.wav,8.36,0.0,30.0,madmom
4liY0E7XBTw.wav,8.9,0.0,30.0,madmom
4liY0E7XBTw.wav,9.46,0.0,30.0,madmom
4liY0E7XBTw.wav,10.0,0.0,30.0,madmom
4liY0E7XBTw.wav,10.55,0.0,30.0,madmom
4liY0E7XBTw.wav,11.07,0.0,30.0,madmom
4liY0E7XBTw.wav,11.6,0.0,30.0,madmom
4liY0E7XBTw.wav,12.17,0.0,30.0,madmom
4liY0E7XBTw.wav,12.7,0.0,30.0,madmom
4liY0E7XBTw.wav,13.28,0.0,30.0,madmom
4liY0E7XBTw.wav,13.82,0.0,30.0,madmom
4liY0E7XBTw.wav,14.35,0.0,30.0,madmom
4liY0E7XBTw.wav,14.91,0.0,30.0,madmom
4liY0E7XBTw.wav,15.44,0.0,30.0,madmom
4liY0E7XBTw.wav,16.01,0.0,30.0,madmom
4liY0E7XBTw.wav,16.55,0.0,30.0,madmom
4liY0E7XBTw.wav,17.09,0.0,30.0,madmom
4liY0E7XBTw.wav,17.64,0.0,30.0,madmom
4liY0E7XBTw.wav,18.2,0.0,30.0,madmom
4liY0E7XBTw.wav,18.73,0.0,30.0,madmom
4liY0E7XBTw.wav,19.27,0.0,30.0,madmom
4liY0E7XBTw.wav,19.82,0.0,30.0,madmom
4liY0E7XBTw.wav,20.36,0.0,30.0,madmom
4liY0E7XBTw.wav,20.91,0.0,30.0,madmom
4liY0E7XBTw.wav,21.46,0.0,30.0,madmom
4liY0E7XBTw.wav,22.01,0.0,30.0,madmom
4liY0E7XBTw.wav,22.54,0.0,30.0,madmom
4liY0E7XBTw.wav,23.09,0.0,30.0,madmom
4liY0E7XBTw.wav,23.64,0.0,30.0,madmom
4liY0E7XBTw.wav,24.18,0.0,30.0,madmom
4liY0E7XBTw.wav,24.74,0.0,30.0,madmom
4liY0E7XBTw.wav,25.28,0.0,30.0,madmom
4liY0E7XBTw.wav,25.82,0.0,30.0,madmom
4liY0E7XBTw.wav,26.36,0.0,30.0,madmom
4liY0E7XBTw.wav,26.9,0.0,30.0,madmom
4liY0E7XBTw.wav,27.45,0.0,30.0,madmom
4liY0E7XBTw.wav,27.99,0.0,30.0,madmom
4liY0E7XBTw.wav,28.54,0.0,30.0,madmom
4liY0E7XBTw.wav,29.09,0.0,30.0,madmom
4liY0E7XBTw.wav,29.62,0.0,30.0,madmom
4nbBTmGOusA.wav,0.24,0.0,30.0,madmom
4nbBTmGOusA.wav,0.63,0.0,30.0,madmom
4nbBTmGOusA.wav,1.05,0.0,30.0,madmom
4nbBTmGOusA.wav,1.47,0.0,30.0,madmom
4nbBTmGOusA.wav,1.86,0.0,30.0,madmom
4nbBTmGOusA.wav,2.29,0.0,30.0,madmom
4nbBTmGOusA.wav,2.68,0.0,30.0,madmom
4nbBTmGOusA.wav,3.12,0.0,30.0,madmom
4nbBTmGOusA.wav,3.57,0.0,30.0,madmom
4nbBTmGOusA.wav,4.01,0.0,30.0,madmom
4nbBTmGOusA.wav,4.45,0.0,30.0,madmom
4nbBTmGOusA.wav,4.89,0.0,30.0,madmom
4nbBTmGOusA.wav,5.33,0.0,30.0,madmom
4nbBTmGOusA.wav,5.77,0.0,30.0,madmom
4nbBTmGOusA.wav,6.21,0.0,30.0,madmom
4nbBTmGOusA.wav,6.65,0.0,30.0,madmom
4nbBTmGOusA.wav,7.1,0.0,30.0,madmom
4nbBTmGOusA.wav,7.54,0.0,30.0,madmom
4nbBTmGOusA.wav,7.98,0.0,30.0,madmom
4nbBTmGOusA.wav,8.42,0.0,30.0,madmom
4nbBTmGOusA.wav,8.86,0.0,30.0,madmom
4nbBTmGOusA.wav,9.3,0.0,30.0,madmom
4nbBTmGOusA.wav,9.74,0.0,30.0,madmom
4nbBTmGOusA.wav,10.18,0.0,30.0,madmom
4nbBTmGOusA.wav,10.63,0.0,30.0,madmom
4nbBTmGOusA.wav,11.07,0.0,30.0,madmom
4nbBTmGOusA.wav,11.51,0.0,30.0,madmom
4nbBTmGOusA.wav,11.95,0.0,30.0,madmom
4nbBTmGOusA.wav,12.39,0.0,30.0,madmom
4nbBTmGOusA.wav,12.83,0.0,30.0,madmom
4nbBTmGOusA.wav,13.27,0.0,30.0,madmom
4nbBTmGOusA.wav,13.71,0.0,30.0,madmom
4nbBTmGOusA.wav,14.15,0.0,30.0,madmom
4nbBTmGOusA.wav,14.59,0.0,30.0,madmom
4nbBTmGOusA.wav,15.04,0.0,30.0,madmom
4nbBTmGOusA.wav,15.48,0.0,30.0,madmom
4nbBTmGOusA.wav,15.93,0.0,30.0,madmom
4nbBTmGOusA.wav,16.36,0.0,30.0,madmom
4nbBTmGOusA.wav,16.8,0.0,30.0,madmom
4nbBTmGOusA.wav,17.24,0.0,30.0,madmom
4nbBTmGOusA.wav,17.69,0.0,30.0,madmom
4nbBTmGOusA.wav,18.13,0.0,30.0,madmom
4nbBTmGOusA.wav,18.57,0.0,30.0,madmom
4nbBTmGOusA.wav,19.01,0.0,30.0,madmom
4nbBTmGOusA.wav,19.45,0.0,30.0,madmom
4nbBTmGOusA.wav,19.89,0.0,30.0,madmom
4nbBTmGOusA.wav,20.32,0.0,30.0,madmom
4nbBTmGOusA.wav,20.77,0.0,30.0,madmom
4nbBTmGOusA.wav,21.21,0.0,30.0,madmom
4nbBTmGOusA.wav,21.65,0.0,30.0,madmom
4nbBTmGOusA.wav,22.1,0.0,30.0,madmom
4nbBTmGOusA.wav,22.54,0.0,30.0,madmom
4nbBTmGOusA.wav,22.98,0.0,30.0,madmom
4nbBTmGOusA.wav,23.42,0.0,30.0,madmom
4nbBTmGOusA.wav,23.86,0.0,30.0,madmom
4nbBTmGOusA.wav,24.3,0.0,30.0,madmom
4nbBTmGOusA.wav,24.74,0.0,30.0,madmom
4nbBTmGOusA.wav,25.18,0.0,30.0,madmom
4nbBTmGOusA.wav,25.63,0.0,30.0,madmom
4nbBTmGOusA.wav,26.07,0.0,30.0,madmom
4nbBTmGOusA.wav,26.52,0.0,30.0,madmom
4nbBTmGOusA.wav,26.95,0.0,30.0,madmom
4nbBTmGOusA.wav,27.39,0.0,30.0,madmom
4nbBTmGOusA.wav,27.83,0.0,30.0,madmom
4nbBTmGOusA.wav,28.27,0.0,30.0,madmom
4nbBTmGOusA.wav,28.71,0.0,30.0,madmom
4nbBTmGOusA.wav,29.15,0.0,30.0,madmom
4nbBTmGOusA.wav,29.6,0.0,30.0,madmom
55W2LxbQoHc.wav,0.06,0.0,30.0,madmom
55W2LxbQoHc.wav,0.66,0.0,30.0,madmom
55W2LxbQoHc.wav,1.26,0.0,30.0,madmom
55W2LxbQoHc.wav,1.86,0.0,30.0,madmom
55W2LxbQoHc.wav,2.46,0.0,30.0,madmom
55W2LxbQoHc.wav,3.06,0.0,30.0,madmom
55W2LxbQoHc.wav,3.66,0.0,30.0,madmom
55W2LxbQoHc.wav,4.26,0.0,30.0,madmom
55W2LxbQoHc.wav,4.86,0.0,30.0,madmom
55W2LxbQoHc.wav,5.46,0.0,30.0,madmom
55W2LxbQoHc.wav,6.06,0.0,30.0,madmom
55W2LxbQoHc.wav,6.66,0.0,30.0,madmom
55W2LxbQoHc.wav,7.26,0.0,30.0,madmom
55W2LxbQoHc.wav,7.86,0.0,30.0,madmom
55W2LxbQoHc.wav,8.46,0.0,30.0,madmom
55W2LxbQoHc.wav,9.06,0.0,30.0,madmom
55W2LxbQoHc.wav,9.66,0.0,30.0,madmom
55W2LxbQoHc.wav,10.26,0.0,30.0,madmom
55W2LxbQoHc.wav,10.85,0.0,30.0,madmom
55W2LxbQoHc.wav,11.46,0.0,30.0,madmom
55W2LxbQoHc.wav,12.06,0.0,30.0,madmom
55W2LxbQoHc.wav,12.66,0.0,30.0,madmom
55W2LxbQoHc.wav,13.26,0.0,30.0,madmom
55W2LxbQoHc.wav,13.86,0.0,30.0,madmom
55W2LxbQoHc.wav,14.46,0.0,30.0,madmom
55W2LxbQoHc.wav,15.06,0.0,30.0,madmom
55W2LxbQoHc.wav,15.66,0.0,30.0,madmom
55W2LxbQoHc.wav,16.26,0.0,30.0,madmom
55W2LxbQoHc.wav,16.86,0.0,30.0,madmom
55W2LxbQoHc.wav,17.46,0.0,30.0,madmom
55W2LxbQoHc.wav,18.06,0.0,30.0,madmom
55W2LxbQoHc.wav,18.66,0.0,30.0,madmom
55W2LxbQoHc.wav,19.19,0.0,30.0,madmom
55W2LxbQoHc.wav,19.71,0.0,30.0,madmom
55W2LxbQoHc.wav,20.31,0.0,30.0,madmom
55W2LxbQoHc.wav,20.91,0.0,30.0,madmom
55W2LxbQoHc.wav,21.51,0.0,30.0,madmom
55W2LxbQoHc.wav,22.11,0.0,30.0,madmom
55W2LxbQoHc.wav,22.7,0.0,30.0,madmom
55W2LxbQoHc.wav,23.31,0.0,30.0,madmom
55W2LxbQoHc.wav,23.91,0.0,30.0,madmom
55W2LxbQoHc.wav,24.51,0.0,30.0,madmom
55W2LxbQoHc.wav,25.11,0.0,30.0,madmom
55W2LxbQoHc.wav,25.71,0.0,30.0,madmom
55W2LxbQoHc.wav,26.31,0.0,30.0,madmom
55W2LxbQoHc.wav,26.91,0.0,30.0,madmom
55W2LxbQoHc.wav,27.51,0.0,30.0,madmom
55W2LxbQoHc.wav,28.11,0.0,30.0,madmom
55W2LxbQoHc.wav,28.71,0.0,30.0,madmom
55W2LxbQoHc.wav,29.31,0.0,30.0,madmom
55W2LxbQoHc.wav,29.91,0.0,30.0,madmom
5Fj-VIslrFc.wav,0.43,0.0,30.0,madmom
5Fj-VIslrFc.wav,0.92,0.0,30.0,madmom
5Fj-VIslrFc.wav,1.43,0.0,30.0,madmom
5Fj-VIslrFc.wav,1.96,0.0,30.0,madmom
5Fj-VIslrFc.wav,2.44,0.0,30.0,madmom
5Fj-VIslrFc.wav,2.97,0.0,30.0,madmom
5Fj-VIslrFc.wav,3.43,0.0,30.0,madmom
5Fj-VIslrFc.wav,3.93,0.0,30.0,madmom
5Fj-VIslrFc.wav,4.43,0.0,30.0,madmom
5Fj-VIslrFc.wav,4.93,0.0,30.0,madmom
5Fj-VIslrFc.wav,5.43,0.0,30.0,madmom
5Fj-VIslrFc.wav,5.93,0.0,30.0,madmom
5Fj-VIslrFc.wav,6.44,0.0,30.0,madmom
5Fj-VIslrFc.wav,6.93,0.0,30.0,madmom
5Fj-VIslrFc.wav,7.43,0.0,30.0,madmom
5Fj-VIslrFc.wav,7.93,0.0,30.0,madmom
5Fj-VIslrFc.wav,8.43,0.0,30.0,madmom
5Fj-VIslrFc.wav,8.93,0.0,30.0,madmom
5Fj-VIslrFc.wav,9.43,0.0,30.0,madmom
5Fj-VIslrFc.wav,9.93,0.0,30.0,madmom
5Fj-VIslrFc.wav,10.43,0.0,30.0,madmom
5Fj-VIslrFc.wav,10.93,0.0,30.0,madmom
5Fj-VIslrFc.wav,11.43,0.0,30.0,madmom
5Fj-VIslrFc.wav,11.93,0.0,30.0,madmom
5Fj-VIslrFc.wav,12.43,0.0,30.0,madmom
5Fj-VIslrFc.wav,12.93,0.0,30.0,madmom
5Fj-VIslrFc.wav,13.43,0.0,30.0,madmom
5Fj-VIslrFc.wav,13.93,0.0,30.0,madmom
5Fj-VIslrFc.wav,14.43,0.0,30.0,madmom
5Fj-VIslrFc.wav,14.93,0.0,30.0,madmom
5Fj-VIslrFc.wav,15.43,0.0,30.0,madmom
5Fj-VIslrFc.wav,15.93,0.0,30.0,madmom
5Fj-VIslrFc.wav,16.41,0.0,30.0,madmom
5Fj-VIslrFc.wav,16.92,0.0,30.0,madmom
5Fj-VIslrFc.wav,17.43,0.0,30.0,madmom
5Fj-VIslrFc.wav,17.91,0.0,30.0,madmom
5Fj-VIslrFc.wav,18.39,0.0,30.0,madmom
5Fj-VIslrFc.wav,18.84,0.0,30.0,madmom
5Fj-VIslrFc.wav,19.31,0.0,30.0,madmom
5Fj-VIslrFc.wav,19.8,0.0,30.0,madmom
5Fj-VIslrFc.wav,20.27,0.0,30.0,madmom
5Fj-VIslrFc.wav,20.75,0.0,30.0,madmom
5Fj-VIslrFc.wav,21.24,0.0,30.0,madmom
5Fj-VIslrFc.wav,21.71,0.0,30.0,madmom
5Fj-VIslrFc.wav,22.21,0.0,30.0,madmom
5Fj-VIslrFc.wav,22.67,0.0,30.0,madmom
5Fj-VIslrFc.wav,23.17,0.0,30.0,madmom
5Fj-VIslrFc.wav,23.64,0.0,30.0,madmom
5Fj-VIslrFc.wav,24.11,0.0,30.0,madmom
5Fj-VIslrFc.wav,24.61,0.0,30.0,madmom
5Fj-VIslrFc.wav,25.07,0.0,30.0,madmom
5Fj-VIslrFc.wav,25.59,0.0,30.0,madmom
5Fj-VIslrFc.wav,26.08,0.0,30.0,madmom
5Fj-VIslrFc.wav,26.59,0.0,30.0,madmom
5Fj-VIslrFc.wav,27.09,0.0,30.0,madmom
5Fj-VIslrFc.wav,27.58,0.0,30.0,madmom
5Fj-VIslrFc.wav,28.09,0.0,30.0,madmom
5Fj-VIslrFc.wav,28.58,0.0,30.0,madmom
5Fj-VIslrFc.wav,29.09,0.0,30.0,madmom
5Fj-VIslrFc.wav,29.61,0.0,30.0,madmom
5bF0V6bAwjc.wav,0.24,0.0,30.0,madmom
5bF0V6bAwjc.wav,0.6,0.0,30.0,madmom
5bF0V6bAwjc.wav,0.95,0.0,30.0,madmom
5bF0V6bAwjc.wav,1.31,0.0,30.0,madmom
5bF0V6bAwjc.wav,1.67,0.0,30.0,madmom
5bF0V6bAwjc.wav,2.03,0.0,30.0,madmom
5bF0V6bAwjc.wav,2.38,0.0,30.0,madmom
5bF0V6bAwjc.wav,2.74,0.0,30.0,madmom
5bF0V6bAwjc.wav,3.1,0.0,30.0,madmom
5bF0V6bAwjc.wav,3.46,0.0,30.0,madmom
5bF0V6bAwjc.wav,3.81,0.0,30.0,madmom
5bF0V6bAwjc.wav,4.17,0.0,30.0,madmom
5bF0V6bAwjc.wav,4.53,0.0,30.0,madmom
5bF0V6bAwjc.wav,4.89,0.0,30.0,madmom
5bF0V6bAwjc.wav,5.24,0.0,30.0,madmom
5bF0V6bAwjc.wav,5.59,0.0,30.0,madmom
5bF0V6bAwjc.wav,5.95,0.0,30.0,madmom
5bF0V6bAwjc.wav,6.31,0.0,30.0,madmom
5bF0V6bAwjc.wav,6.67,0.0,30.0,madmom
5bF0V6bAwjc.wav,7.03,0.0,30.0,madmom
5bF0V6bAwjc.wav,7.39,0.0,30.0,madmom
5bF0V6bAwjc.wav,7.74,0.0,30.0,madmom
5bF0V6bAwjc.wav,8.1,0.0,30.0,madmom
5bF0V6bAwjc.wav,8.46,0.0,30.0,madmom
5bF0V6bAwjc.wav,8.81,0.0,30.0,madmom
5bF0V6bAwjc.wav,9.17,0.0,30.0,madmom
5bF0V6bAwjc.wav,9.53,0.0,30.0,madmom
5bF0V6bAwjc.wav,9.89,0.0,30.0,madmom
5bF0V6bAwjc.wav,10.24,0.0,30.0,madmom
5bF0V6bAwjc.wav,10.61,0.0,30.0,madmom
5bF0V6bAwjc.wav,10.96,0.0,30.0,madmom
5bF0V6bAwjc.wav,11.31,0.0,30.0,madmom
5bF0V6bAwjc.wav,11.67,0.0,30.0,madmom
5bF0V6bAwjc.wav,12.03,0.0,30.0,madmom
5bF0V6bAwjc.wav,12.38,0.0,30.0,madmom
5bF0V6bAwjc.wav,12.74,0.0,30.0,madmom
5bF0V6bAwjc.wav,13.1,0.0,30.0,madmom
5bF0V6bAwjc.wav,13.44,0.0,30.0,madmom
5bF0V6bAwjc.wav,13.81,0.0,30.0,madmom
5bF0V6bAwjc.wav,14.17,0.0,30.0,madmom
5bF0V6bAwjc.wav,14.54,0.0,30.0,madmom
5bF0V6bAwjc.wav,14.88,0.0,30.0,madmom
5bF0V6bAwjc.wav,15.24,0.0,30.0,madmom
5bF0V6bAwjc.wav,15.61,0.0,30.0,madmom
5bF0V6bAwjc.wav,15.96,0.0,30.0,madmom
5bF0V6bAwjc.wav,16.31,0.0,30.0,madmom
5bF0V6bAwjc.wav,16.67,0.0,30.0,madmom
5bF0V6bAwjc.wav,17.03,0.0,30.0,madmom
5bF0V6bAwjc.wav,17.38,0.0,30.0,madmom
5bF0V6bAwjc.wav,17.74,0.0,30.0,madmom
5bF0V6bAwjc.wav,18.1,0.0,30.0,madmom
5bF0V6bAwjc.wav,18.45,0.0,30.0,madmom
5bF0V6bAwjc.wav,18.81,0.0,30.0,madmom
5bF0V6bAwjc.wav,19.17,0.0,30.0,madmom
5bF0V6bAwjc.wav,19.53,0.0,30.0,madmom
5bF0V6bAwjc.wav,19.88,0.0,30.0,madmom
5bF0V6bAwjc.wav,20.24,0.0,30.0,madmom
5bF0V6bAwjc.wav,20.6,0.0,30.0,madmom
5bF0V6bAwjc.wav,20.95,0.0,30.0,madmom
5bF0V6bAwjc.wav,21.3,0.0,30.0,madmom
5bF0V6bAwjc.wav,21.67,0.0,30.0,madmom
5bF0V6bAwjc.wav,22.02,0.0,30.0,madmom
5bF0V6bAwjc.wav,22.38,0.0,30.0,madmom
5bF0V6bAwjc.wav,22.74,0.0,30.0,madmom
5bF0V6bAwjc.wav,23.1,0.0,30.0,madmom
5bF0V6bAwjc.wav,23.45,0.0,30.0,madmom
5bF0V6bAwjc.wav,23.81,0.0,30.0,madmom
5bF0V6bAwjc.wav,24.16,0.0,30.0,madmom
5bF0V6bAwjc.wav,24.52,0.0,30.0,madmom
5bF0V6bAwjc.wav,24.88,0.0,30.0,madmom
5bF0V6bAwjc.wav,25.24,0.0,30.0,madmom
5bF0V6bAwjc.wav,25.6,0.0,30.0,madmom
5bF0V6bAwjc.wav,25.95,0.0,30.0,madmom
5bF0V6bAwjc.wav,26.31,0.0,30.0,madmom
5bF0V6bAwjc.wav,26.67,0.0,30.0,madmom
5bF0V6bAwjc.wav,27.04,0.0,30.0,madmom
5bF0V6bAwjc.wav,27.38,0.0,30.0,madmom
5bF0V6bAwjc.wav,27.75,0.0,30.0,madmom
5bF0V6bAwjc.wav,28.1,0.0,30.0,madmom
5bF0V6bAwjc.wav,28.46,0.0,30.0,madmom
5bF0V6bAwjc.wav,28.81,0.0,30.0,madmom
5bF0V6bAwjc.wav,29.17,0.0,30.0,madmom
5bF0V6bAwjc.wav,29.53,0.0,30.0,madmom
5bF0V6bAwjc.wav,29.89,0.0,30.0,madmom
5sIaUu2igUY.wav,0.51,0.0,30.0,madmom
5sIaUu2igUY.wav,1.13,0.0,30.0,madmom
5sIaUu2igUY.wav,1.75,0.0,30.0,madmom
5sIaUu2igUY.wav,2.4,0.0,30.0,madmom
5sIaUu2igUY.wav,3.03,0.0,30.0,madmom
5sIaUu2igUY.wav,3.66,0.0,30.0,madmom
5sIaUu2igUY.wav,4.3,0.0,30.0,madmom
5sIaUu2igUY.wav,4.93,0.0,30.0,madmom
5sIaUu2igUY.wav,5.56,0.0,30.0,madmom
5sIaUu2igUY.wav,6.19,0.0,30.0,madmom
5sIaUu2igUY.wav,6.82,0.0,30.0,madmom
5sIaUu2igUY.wav,7.46,0.0,30.0,madmom
5sIaUu2igUY.wav,8.06,0.0,30.0,madmom
5sIaUu2igUY.wav,8.71,0.0,30.0,madmom
5sIaUu2igUY.wav,9.34,0.0,30.0,madmom
5sIaUu2igUY.wav,9.97,0.0,30.0,madmom
5sIaUu2igUY.wav,10.61,0.0,30.0,madmom
5sIaUu2igUY.wav,11.24,0.0,30.0,madmom
5sIaUu2igUY.wav,11.88,0.0,30.0,madmom
5sIaUu2igUY.wav,12.51,0.0,30.0,madmom
5sIaUu2igUY.wav,13.13,0.0,30.0,madmom
5sIaUu2igUY.wav,13.77,0.0,30.0,madmom
5sIaUu2igUY.wav,14.4,0.0,30.0,madmom
5sIaUu2igUY.wav,15.03,0.0,30.0,madmom
5sIaUu2igUY.wav,15.66,0.0,30.0,madmom
5sIaUu2igUY.wav,16.29,0.0,30.0,madmom
5sIaUu2igUY.wav,16.92,0.0,30.0,madmom
5sIaUu2igUY.wav,17.54,0.0,30.0,madmom
5sIaUu2igUY.wav,18.17,0.0,30.0,madmom
5sIaUu2igUY.wav,18.8,0.0,30.0,madmom
5sIaUu2igUY.wav,19.45,0.0,30.0,madmom
5sIaUu2igUY.wav,20.08,0.0,30.0,madmom
5sIaUu2igUY.wav,20.69,0.0,30.0,madmom
5sIaUu2igUY.wav,21.35,0.0,30.0,madmom
5sIaUu2igUY.wav,21.97,0.0,30.0,madmom
5sIaUu2igUY.wav,22.6,0.0,30.0,madmom
5sIaUu2igUY.wav,23.23,0.0,30.0,madmom
5sIaUu2igUY.wav,23.87,0.0,30.0,madmom
5sIaUu2igUY.wav,24.51,0.0,30.0,madmom
5sIaUu2igUY.wav,25.12,0.0,30.0,madmom
5sIaUu2igUY.wav,25.77,0.0,30.0,madmom
5sIaUu2igUY.wav,26.4,0.0,30.0,madmom
5sIaUu2igUY.wav,27.03,0.0,30.0,madmom
5sIaUu2igUY.wav,27.67,0.0,30.0,madmom
5sIaUu2igUY.wav,28.29,0.0,30.0,madmom
5sIaUu2igUY.wav,28.92,0.0,30.0,madmom
5sIaUu2igUY.wav,29.57,0.0,30.0,madmom
6FQLjcGmOaU.wav,0.09,0.0,30.0,madmom
6FQLjcGmOaU.wav,0.66,0.0,30.0,madmom
6FQLjcGmOaU.wav,1.26,0.0,30.0,madmom
6FQLjcGmOaU.wav,1.86,0.0,30.0,madmom
6FQLjcGmOaU.wav,2.43,0.0,30.0,madmom
6FQLjcGmOaU.wav,3.01,0.0,30.0,madmom
6FQLjcGmOaU.wav,3.61,0.0,30.0,madmom
6FQLjcGmOaU.wav,4.19,0.0,30.0,madmom
6FQLjcGmOaU.wav,4.77,0.0,30.0,madmom
6FQLjcGmOaU.wav,5.35,0.0,30.0,madmom
6FQLjcGmOaU.wav,5.96,0.0,30.0,madmom
6FQLjcGmOaU.wav,6.54,0.0,30.0,madmom
6FQLjcGmOaU.wav,7.15,0.0,30.0,madmom
6FQLjcGmOaU.wav,7.71,0.0,30.0,madmom
6FQLjcGmOaU.wav,8.3,0.0,30.0,madmom
6FQLjcGmOaU.wav,8.92,0.0,30.0,madmom
6FQLjcGmOaU.wav,9.49,0.0,30.0,madmom
6FQLjcGmOaU.wav,10.09,0.0,30.0,madmom
6FQLjcGmOaU.wav,10.69,0.0,30.0,madmom
6FQLjcGmOaU.wav,11.24,0.0,30.0,madmom
6FQLjcGmOaU.wav,11.82,0.0,30.0,madmom
6FQLjcGmOaU.wav,12.42,0.0,30.0,madmom
6FQLjcGmOaU.wav,13.01,0.0,30.0,madmom
6FQLjcGmOaU.wav,13.59,0.0,30.0,madmom
6FQLjcGmOaU.wav,14.17,0.0,30.0,madmom
6FQLjcGmOaU.wav,14.75,0.0,30.0,madmom
6FQLjcGmOaU.wav,15.37,0.0,30.0,madmom
6FQLjcGmOaU.wav,15.96,0.0,30.0,madmom
6FQLjcGmOaU.wav,16.54,0.0,30.0,madmom
6FQLjcGmOaU.wav,17.13,0.0,30.0,madmom
6FQLjcGmOaU.wav,17.72,0.0,30.0,madmom
6FQLjcGmOaU.wav,18.29,0.0,30.0,madmom
6FQLjcGmOaU.wav,18.91,0.0,30.0,madmom
6FQLjcGmOaU.wav,19.5,0.0,30.0,madmom
6FQLjcGmOaU.wav,20.09,0.0,30.0,madmom
6FQLjcGmOaU.wav,20.65,0.0,30.0,madmom
6FQLjcGmOaU.wav,21.26,0.0,30.0,madmom
6FQLjcGmOaU.wav,21.85,0.0,30.0,madmom
6FQLjcGmOaU.wav,22.44,0.0,30.0,madmom
6FQLjcGmOaU.wav,23.02,0.0,30.0,madmom
6FQLjcGmOaU.wav,23.6,0.0,30.0,madmom
6FQLjcGmOaU.wav,24.2,0.0,30.0,madmom
6FQLjcGmOaU.wav,24.79,0.0,30.0,madmom
6FQLjcGmOaU.wav,25.37,0.0,30.0,madmom
6FQLjcGmOaU.wav,25.98,0.0,30.0,madmom
6FQLjcGmOaU.wav,26.56,0.0,30.0,madmom
6FQLjcGmOaU.wav,27.12,0.0,30.0,madmom
6FQLjcGmOaU.wav,27.73,0.0,30.0,madmom
6FQLjcGmOaU.wav,28.31,0.0,30.0,madmom
6FQLjcGmOaU.wav,28.87,0.0,30.0,madmom
6FQLjcGmOaU.wav,29.46,0.0,30.0,madmom
6Rqy3BpSr_U.wav,0.45,0.0,30.0,madmom
6Rqy3BpSr_U.wav,1.01,0.0,30.0,madmom
6Rqy3BpSr_U.wav,1.57,0.0,30.0,madmom
6Rqy3BpSr_U.wav,2.13,0.0,30.0,madmom
6Rqy3BpSr_U.wav,2.7,0.0,30.0,madmom
6Rqy3BpSr_U.wav,3.26,0.0,30.0,madmom
6Rqy3BpSr_U.wav,3.82,0.0,30.0,madmom
6Rqy3BpSr_U.wav,4.38,0.0,30.0,madmom
6Rqy3BpSr_U.wav,4.94,0.0,30.0,madmom
6Rqy3BpSr_U.wav,5.5,0.0,30.0,madmom
6Rqy3BpSr_U.wav,6.06,0.0,30.0,madmom
6Rqy3BpSr_U.wav,6.62,0.0,30.0,madmom
6Rqy3BpSr_U.wav,7.18,0.0,30.0,madmom
6Rqy3BpSr_U.wav,7.75,0.0,30.0,madmom
6Rqy3BpSr_U.wav,8.3,0.0,30.0,madmom
6Rqy3BpSr_U.wav,8.87,0.0,30.0,madmom
6Rqy3BpSr_U.wav,9.42,0.0,30.0,madmom
6Rqy3BpSr_U.wav,9.99,0.0,30.0,madmom
6Rqy3BpSr_U.wav,10.55,0.0,30.0,madmom
6Rqy3BpSr_U.wav,11.11,0.0,30.0,madmom
6Rqy3BpSr_U.wav,11.67,0.0,30.0,madmom
6Rqy3BpSr_U.wav,12.23,0.0,30.0,madmom
6Rqy3BpSr_U.wav,12.79,0.0,30.0,madmom
6Rqy3BpSr_U.wav,13.35,0.0,30.0,madmom
6Rqy3BpSr_U.wav,13.91,0.0,30.0,madmom
6Rqy3BpSr_U.wav,14.47,0.0,30.0,madmom
6Rqy3BpSr_U.wav,15.03,0.0,30.0,madmom
6Rqy3BpSr_U.wav,15.59,0.0,30.0,madmom
6Rqy3BpSr_U.wav,16.15,0.0,30.0,madmom
6Rqy3BpSr_U.wav,16.72,0.0,30.0,madmom
6Rqy3BpSr_U.wav,17.27,0.0,30.0,madmom
6Rqy3BpSr_U.wav,17.84,0.0,30.0,madmom
6Rqy3BpSr_U.wav,18.4,0.0,30.0,madmom
6Rqy3BpSr_U.wav,18.96,0.0,30.0,madmom
6Rqy3BpSr_U.wav,19.52,0.0,30.0,madmom
6Rqy3BpSr_U.wav,20.08,0.0,30.0,madmom
6Rqy3BpSr_U.wav,20.64,0.0,30.0,madmom
6Rqy3BpSr_U.wav,21.2,0.0,30.0,madmom
6Rqy3BpSr_U.wav,21.76,0.0,30.0,madmom
6Rqy3BpSr_U.wav,22.32,0.0,30.0,madmom
6Rqy3BpSr_U.wav,22.88,0.0,30.0,madmom
6Rqy3BpSr_U.wav,23.44,0.0,30.0,madmom
6Rqy3BpSr_U.wav,24.01,0.0,30.0,madmom
6Rqy3BpSr_U.wav,24.57,0.0,30.0,madmom
6Rqy3BpSr_U.wav,25.13,0.0,30.0,madmom
6Rqy3BpSr_U.wav,25.69,0.0,30.0,madmom
6Rqy3BpSr_U.wav,26.25,0.0,30.0,madmom
6Rqy3BpSr_U.wav,26.82,0.0,30.0,madmom
6Rqy3BpSr_U.wav,27.37,0.0,30.0,madmom
6Rqy3BpSr_U.wav,27.93,0.0,30.0,madmom
6Rqy3BpSr_U.wav,28.49,0.0,30.0,madmom
6Rqy3BpSr_U.wav,29.05,0.0,30.0,madmom
6Rqy3BpSr_U.wav,29.61,0.0,30.0,madmom
6c8RiGGHEYY.wav,0.02,0.0,30.0,madmom
6c8RiGGHEYY.wav,0.55,0.0,30.0,madmom
6c8RiGGHEYY.wav,1.06,0.0,30.0,madmom
6c8RiGGHEYY.wav,1.56,0.0,30.0,madmom
6c8RiGGHEYY.wav,2.07,0.0,30.0,madmom
6c8RiGGHEYY.wav,2.58,0.0,30.0,madmom
6c8RiGGHEYY.wav,3.08,0.0,30.0,madmom
6c8RiGGHEYY.wav,3.59,0.0,30.0,madmom
6c8RiGGHEYY.wav,4.11,0.0,30.0,madmom
6c8RiGGHEYY.wav,4.63,0.0,30.0,madmom
6c8RiGGHEYY.wav,5.12,0.0,30.0,madmom
6c8RiGGHEYY.wav,5.64,0.0,30.0,madmom
6c8RiGGHEYY.wav,6.14,0.0,30.0,madmom
6c8RiGGHEYY.wav,6.63,0.0,30.0,madmom
6c8RiGGHEYY.wav,7.14,0.0,30.0,madmom
6c8RiGGHEYY.wav,7.64,0.0,30.0,madmom
6c8RiGGHEYY.wav,8.16,0.0,30.0,madmom
6c8RiGGHEYY.wav,8.69,0.0,30.0,madmom
6c8RiGGHEYY.wav,9.19,0.0,30.0,madmom
6c8RiGGHEYY.wav,9.69,0.0,30.0,madmom
6c8RiGGHEYY.wav,10.21,0.0,30.0,madmom
6c8RiGGHEYY.wav,10.73,0.0,30.0,madmom
6c8RiGGHEYY.wav,11.22,0.0,30.0,madmom
6c8RiGGHEYY.wav,11.73,0.0,30.0,madmom
6c8RiGGHEYY.wav,12.25,0.0,30.0,madmom
6c8RiGGHEYY.wav,12.76,0.0,30.0,madmom
6c8RiGGHEYY.wav,13.25,0.0,30.0,madmom
6c8RiGGHEYY.wav,13.76,0.0,30.0,madmom
6c8RiGGHEYY.wav,14.27,0.0,30.0,madmom
6c8RiGGHEYY.wav,14.78,0.0,30.0,madmom
6c8RiGGHEYY.wav,15.29,0.0,30.0,madmom
6c8RiGGHEYY.wav,15.8,0.0,30.0,madmom
6c8RiGGHEYY.wav,16.32,0.0,30.0,madmom
6c8RiGGHEYY.wav,16.82,0.0,30.0,madmom
6c8RiGGHEYY.wav,17.32,0.0,30.0,madmom
6c8RiGGHEYY.wav,17.85,0.0,30.0,madmom
6c8RiGGHEYY.wav,18.34,0.0,30.0,madmom
6c8RiGGHEYY.wav,18.87,0.0,30.0,madmom
6c8RiGGHEYY.wav,19.36,0.0,30.0,madmom
6c8RiGGHEYY.wav,19.87,0.0,30.0,madmom
6c8RiGGHEYY.wav,20.38,0.0,30.0,madmom
6c8RiGGHEYY.wav,20.89,0.0,30.0,madmom
6c8RiGGHEYY.wav,21.39,0.0,30.0,madmom
6c8RiGGHEYY.wav,21.93,0.0,30.0,madmom
6c8RiGGHEYY.wav,22.42,0.0,30.0,madmom
6c8RiGGHEYY.wav,22.91,0.0,30.0,madmom
6c8RiGGHEYY.wav,23.42,0.0,30.0,madmom
6c8RiGGHEYY.wav,23.94,0.0,30.0,madmom
6c8RiGGHEYY.wav,24.44,0.0,30.0,madmom
6c8RiGGHEYY.wav,24.95,0.0,30.0,madmom
6c8RiGGHEYY.wav,25.46,0.0,30.0,madmom
6c8RiGGHEYY.wav,25.97,0.0,30.0,madmom
6c8RiGGHEYY.wav,26.47,0.0,30.0,madmom
6c8RiGGHEYY.wav,26.98,0.0,30.0,madmom
6c8RiGGHEYY.wav,27.49,0.0,30.0,madmom
6c8RiGGHEYY.wav,28.0,0.0,30.0,madmom
6c8RiGGHEYY.wav,28.51,0.0,30.0,madmom
6c8RiGGHEYY.wav,29.02,0.0,30.0,madmom
6c8RiGGHEYY.wav,29.52,0.0,30.0,madmom
6gPAjNCyHB8.wav,0.2,0.0,30.0,madmom
6gPAjNCyHB8.wav,0.65,0.0,30.0,madmom
6gPAjNCyHB8.wav,1.07,0.0,30.0,madmom
6gPAjNCyHB8.wav,1.51,0.0,30.0,madmom
6gPAjNCyHB8.wav,1.95,0.0,30.0,madmom
6gPAjNCyHB8.wav,2.37,0.0,30.0,madmom
6gPAjNCyHB8.wav,2.8,0.0,30.0,madmom
6gPAjNCyHB8.wav,3.25,0.0,30.0,madmom
6gPAjNCyHB8.wav,3.67,0.0,30.0,madmom
6gPAjNCyHB8.wav,4.1,0.0,30.0,madmom
6gPAjNCyHB8.wav,4.52,0.0,30.0,madmom
6gPAjNCyHB8.wav,4.96,0.0,30.0,madmom
6gPAjNCyHB8.wav,5.4,0.0,30.0,madmom
6gPAjNCyHB8.wav,5.82,0.0,30.0,madmom
6gPAjNCyHB8.wav,6.26,0.0,30.0,madmom
6gPAjNCyHB8.wav,6.69,0.0,30.0,madmom
6gPAjNCyHB8.wav,7.13,0.0,30.0,madmom
6gPAjNCyHB8.wav,7.56,0.0,30.0,madmom
6gPAjNCyHB8.wav,8.0,0.0,30.0,madmom
6gPAjNCyHB8.wav,8.43,0.0,30.0,madmom
6gPAjNCyHB8.wav,8.87,0.0,30.0,madmom
6gPAjNCyHB8.wav,9.32,0.0,30.0,madmom
6gPAjNCyHB8.wav,9.74,0.0,30.0,madmom
6gPAjNCyHB8.wav,10.18,0.0,30.0,madmom
6gPAjNCyHB8.wav,10.6,0.0,30.0,madmom
6gPAjNCyHB8.wav,11.03,0.0,30.0,madmom
6gPAjNCyHB8.wav,11.45,0.0,30.0,madmom
6gPAjNCyHB8.wav,11.88,0.0,30.0,madmom
6gPAjNCyHB8.wav,12.31,0.0,30.0,madmom
6gPAjNCyHB8.wav,12.75,0.0,30.0,madmom
6gPAjNCyHB8.wav,13.17,0.0,30.0,madmom
6gPAjNCyHB8.wav,13.63,0.0,30.0,madmom
6gPAjNCyHB8.wav,14.07,0.0,30.0,madmom
6gPAjNCyHB8.wav,14.5,0.0,30.0,madmom
6gPAjNCyHB8.wav,14.93,0.0,30.0,madmom
6gPAjNCyHB8.wav,15.35,0.0,30.0,madmom
6gPAjNCyHB8.wav,15.79,0.0,30.0,madmom
6gPAjNCyHB8.wav,16.21,0.0,30.0,madmom
6gPAjNCyHB8.wav,16.65,0.0,30.0,madmom
6gPAjNCyHB8.wav,17.08,0.0,30.0,madmom
6gPAjNCyHB8.wav,17.5,0.0,30.0,madmom
6gPAjNCyHB8.wav,17.95,0.0,30.0,madmom
6gPAjNCyHB8.wav,18.39,0.0,30.0,madmom
6gPAjNCyHB8.wav,18.82,0.0,30.0,madmom
6gPAjNCyHB8.wav,19.26,0.0,30.0,madmom
6gPAjNCyHB8.wav,19.71,0.0,30.0,madmom
6gPAjNCyHB8.wav,20.12,0.0,30.0,madmom
6gPAjNCyHB8.wav,20.56,0.0,30.0,madmom
6gPAjNCyHB8.wav,20.99,0.0,30.0,madmom
6gPAjNCyHB8.wav,21.41,0.0,30.0,madmom
6gPAjNCyHB8.wav,21.85,0.0,30.0,madmom
6gPAjNCyHB8.wav,22.28,0.0,30.0,madmom
6gPAjNCyHB8.wav,22.71,0.0,30.0,madmom
6gPAjNCyHB8.wav,23.13,0.0,30.0,madmom
6gPAjNCyHB8.wav,23.53,0.0,30.0,madmom
6gPAjNCyHB8.wav,23.91,0.0,30.0,madmom
6gPAjNCyHB8.wav,24.33,0.0,30.0,madmom
6gPAjNCyHB8.wav,24.71,0.0,30.0,madmom
6gPAjNCyHB8.wav,25.11,0.0,30.0,madmom
6gPAjNCyHB8.wav,25.53,0.0,30.0,madmom
6gPAjNCyHB8.wav,25.96,0.0,30.0,madmom
6gPAjNCyHB8.wav,26.39,0.0,30.0,madmom
6gPAjNCyHB8.wav,26.83,0.0,30.0,madmom
6gPAjNCyHB8.wav,27.25,0.0,30.0,madmom
6gPAjNCyHB8.wav,27.7,0.0,30.0,madmom
6gPAjNCyHB8.wav,28.14,0.0,30.0,madmom
6gPAjNCyHB8.wav,28.58,0.0,30.0,madmom
6gPAjNCyHB8.wav,29.02,0.0,30.0,madmom
6gPAjNCyHB8.wav,29.44,0.0,30.0,madmom
6gPAjNCyHB8.wav,29.86,0.0,30.0,madmom
6tniJKkjVv0.wav,0.11,0.0,30.0,madmom
6tniJKkjVv0.wav,0.5,0.0,30.0,madmom
6tniJKkjVv0.wav,0.89,0.0,30.0,madmom
6tniJKkjVv0.wav,1.26,0.0,30.0,madmom
6tniJKkjVv0.wav,1.67,0.0,30.0,madmom
6tniJKkjVv0.wav,2.05,0.0,30.0,madmom
6tniJKkjVv0.wav,2.45,0.0,30.0,madmom
6tniJKkjVv0.wav,2.84,0.0,30.0,madmom
6tniJKkjVv0.wav,3.23,0.0,30.0,madmom
6tniJKkjVv0.wav,3.6,0.0,30.0,madmom
6tniJKkjVv0.wav,4.0,0.0,30.0,madmom
6tniJKkjVv0.wav,4.39,0.0,30.0,madmom
6tniJKkjVv0.wav,4.77,0.0,30.0,madmom
6tniJKkjVv0.wav,5.16,0.0,30.0,madmom
6tniJKkjVv0.wav,5.56,0.0,30.0,madmom
6tniJKkjVv0.wav,5.96,0.0,30.0,madmom
6tniJKkjVv0.wav,6.35,0.0,30.0,madmom
6tniJKkjVv0.wav,6.72,0.0,30.0,madmom
6tniJKkjVv0.wav,7.12,0.0,30.0,madmom
6tniJKkjVv0.wav,7.51,0.0,30.0,madmom
6tniJKkjVv0.wav,7.91,0.0,30.0,madmom
6tniJKkjVv0.wav,8.3,0.0,30.0,madmom
6tniJKkjVv0.wav,8.68,0.0,30.0,madmom
6tniJKkjVv0.wav,9.07,0.0,30.0,madmom
6tniJKkjVv0.wav,9.46,0.0,30.0,madmom
6tniJKkjVv0.wav,9.82,0.0,30.0,madmom
6tniJKkjVv0.wav,10.22,0.0,30.0,madmom
6tniJKkjVv0.wav,10.58,0.0,30.0,madmom
6tniJKkjVv0.wav,10.97,0.0,30.0,madmom
6tniJKkjVv0.wav,11.34,0.0,30.0,madmom
6tniJKkjVv0.wav,11.73,0.0,30.0,madmom
6tniJKkjVv0.wav,12.11,0.0,30.0,madmom
6tniJKkjVv0.wav,12.53,0.0,30.0,madmom
6tniJKkjVv0.wav,12.91,0.0,30.0,madmom
6tniJKkjVv0.wav,13.32,0.0,30.0,madmom
6tniJKkjVv0.wav,13.71,0.0,30.0,madmom
6tniJKkjVv0.wav,14.13,0.0,30.0,madmom
6tniJKkjVv0.wav,14.53,0.0,30.0,madmom
6tniJKkjVv0.wav,14.93,0.0,30.0,madmom
6tniJKkjVv0.wav,15.31,0.0,30.0,madmom
6tniJKkjVv0.wav,15.7,0.0,30.0,madmom
6tniJKkjVv0.wav,16.08,0.0,30.0,madmom
6tniJKkjVv0.wav,16.47,0.0,30.0,madmom
6tniJKkjVv0.wav,16.87,0.0,30.0,madmom
6tniJKkjVv0.wav,17.26,0.0,30.0,madmom
6tniJKkjVv0.wav,17.65,0.0,30.0,madmom
6tniJKkjVv0.wav,18.03,0.0,30.0,madmom
6tniJKkjVv0.wav,18.42,0.0,30.0,madmom
6tniJKkjVv0.wav,18.82,0.0,30.0,madmom
6tniJKkjVv0.wav,19.21,0.0,30.0,madmom
6tniJKkjVv0.wav,19.59,0.0,30.0,madmom
6tniJKkjVv0.wav,19.99,0.0,30.0,madmom
6tniJKkjVv0.wav,20.37,0.0,30.0,madmom
6tniJKkjVv0.wav,20.78,0.0,30.0,madmom
6tniJKkjVv0.wav,21.17,0.0,30.0,madmom
6tniJKkjVv0.wav,21.56,0.0,30.0,madmom
6tniJKkjVv0.wav,21.93,0.0,30.0,madmom
6tniJKkjVv0.wav,22.3,0.0,30.0,madmom
6tniJKkjVv0.wav,22.71,0.0,30.0,madmom
6tniJKkjVv0.wav,23.09,0.0,30.0,madmom
6tniJKkjVv0.wav,23.49,0.0,30.0,madmom
6tniJKkjVv0.wav,23.87,0.0,30.0,madmom
6tniJKkjVv0.wav,24.27,0.0,30.0,madmom
6tniJKkjVv0.wav,24.65,0.0,30.0,madmom
6tniJKkjVv0.wav,25.05,0.0,30.0,madmom
6tniJKkjVv0.wav,25.43,0.0,30.0,madmom
6tniJKkjVv0.wav,25.82,0.0,30.0,madmom
6tniJKkjVv0.wav,26.2,0.0,30.0,madmom
6tniJKkjVv0.wav,26.61,0.0,30.0,madmom
6tniJKkjVv0.wav,26.98,0.0,30.0,madmom
6tniJKkjVv0.wav,27.38,0.0,30.0,madmom
6tniJKkjVv0.wav,27.77,0.0,30.0,madmom
6tniJKkjVv0.wav,28.16,0.0,30.0,madmom
6tniJKkjVv0.wav,28.56,0.0,30.0,madmom
6tniJKkjVv0.wav,28.94,0.0,30.0,madmom
6tniJKkjVv0.wav,29.34,0.0,30.0,madmom
6tniJKkjVv0.wav,29.73,0.0,30.0,madmom
7976yzHXBJc.wav,0.14,0.0,30.0,madmom
7976yzHXBJc.wav,0.48,0.0,30.0,madmom
7976yzHXBJc.wav,0.85,0.0,30.0,madmom
7976yzHXBJc.wav,1.2,0.0,30.0,madmom
7976yzHXBJc.wav,1.57,0.0,30.0,madmom
7976yzHXBJc.wav,1.94,0.0,30.0,madmom
7976yzHXBJc.wav,2.29,0.0,30.0,madmom
7976yzHXBJc.wav,2.66,0.0,30.0,madmom
7976yzHXBJc.wav,3.04,0.0,30.0,madmom
7976yzHXBJc.wav,3.4,0.0,30.0,madmom
7976yzHXBJc.wav,3.76,0.0,30.0,madmom
7976yzHXBJc.wav,4.14,0.0,30.0,madmom
7976yzHXBJc.wav,4.49,0.0,30.0,madmom
7976yzHXBJc.wav,4.85,0.0,30.0,madmom
7976yzHXBJc.wav,5.2,0.0,30.0,madmom
7976yzHXBJc.wav,5.56,0.0,30.0,madmom
7976yzHXBJc.wav,5.94,0.0,30.0,madmom
7976yzHXBJc.wav,6.3,0.0,30.0,madmom
7976yzHXBJc.wav,6.65,0.0,30.0,madmom
7976yzHXBJc.wav,7.01,0.0,30.0,madmom
7976yzHXBJc.wav,7.38,0.0,30.0,madmom
7976yzHXBJc.wav,7.73,0.0,30.0,madmom
7976yzHXBJc.wav,8.1,0.0,30.0,madmom
7976yzHXBJc.wav,8.46,0.0,30.0,madmom
7976yzHXBJc.wav,8.82,0.0,30.0,madmom
7976yzHXBJc.wav,9.19,0.0,30.0,madmom
7976yzHXBJc.wav,9.55,0.0,30.0,madmom
7976yzHXBJc.wav,9.92,0.0,30.0,madmom
7976yzHXBJc.wav,10.29,0.0,30.0,madmom
7976yzHXBJc.wav,10.65,0.0,30.0,madmom
7976yzHXBJc.wav,11.01,0.0,30.0,madmom
7976yzHXBJc.wav,11.37,0.0,30.0,madmom
7976yzHXBJc.wav,11.74,0.0,30.0,madmom
7976yzHXBJc.wav,12.1,0.0,30.0,madmom
7976yzHXBJc.wav,12.45,0.0,30.0,madmom
7976yzHXBJc.wav,12.82,0.0,30.0,madmom
7976yzHXBJc.wav,13.17,0.0,30.0,madmom
7976yzHXBJc.wav,13.54,0.0,30.0,madmom
7976yzHXBJc.wav,13.9,0.0,30.0,madmom
7976yzHXBJc.wav,14.26,0.0,30.0,madmom
7976yzHXBJc.wav,14.62,0.0,30.0,madmom
7976yzHXBJc.wav,14.99,0.0,30.0,madmom
7976yzHXBJc.wav,15.35,0.0,30.0,madmom
7976yzHXBJc.wav,15.72,0.0,30.0,madmom
7976yzHXBJc.wav,16.09,0.0,30.0,madmom
7976yzHXBJc.wav,16.46,0.0,30.0,madmom
7976yzHXBJc.wav,16.82,0.0,30.0,madmom
7976yzHXBJc.wav,17.19,0.0,30.0,madmom
7976yzHXBJc.wav,17.55,0.0,30.0,madmom
7976yzHXBJc.wav,17.91,0.0,30.0,madmom
7976yzHXBJc.wav,18.25,0.0,30.0,madmom
7976yzHXBJc.wav,18.62,0.0,30.0,madmom
7976yzHXBJc.wav,18.98,0.0,30.0,madmom
7976yzHXBJc.wav,19.34,0.0,30.0,madmom
7976yzHXBJc.wav,19.69,0.0,30.0,madmom
7976yzHXBJc.wav,20.05,0.0,30.0,madmom
7976yzHXBJc.wav,20.41,0.0,30.0,madmom
7976yzHXBJc.wav,20.77,0.0,30.0,madmom
7976yzHXBJc.wav,21.13,0.0,30.0,madmom
7976yzHXBJc.wav,21.51,0.0,30.0,madmom
7976yzHXBJc.wav,21.85,0.0,30.0,madmom
7976yzHXBJc.wav,22.2,0.0,30.0,madmom
7976yzHXBJc.wav,22.55,0.0,30.0,madmom
7976yzHXBJc.wav,22.91,0.0,30.0,madmom
7976yzHXBJc.wav,23.27,0.0,30.0,madmom
7976yzHXBJc.wav,23.63,0.0,30.0,madmom
7976yzHXBJc.wav,23.98,0.0,30.0,madmom
7976yzHXBJc.wav,24.35,0.0,30.0,madmom
7976yzHXBJc.wav,24.7,0.0,30.0,madmom
7976yzHXBJc.wav,25.06,0.0,30.0,madmom
7976yzHXBJc.wav,25.42,0.0,30.0,madmom
7976yzHXBJc.wav,25.78,0.0,30.0,madmom
7976yzHXBJc.wav,26.13,0.0,30.0,madmom
7976yzHXBJc.wav,26.51,0.0,30.0,madmom
7976yzHXBJc.wav,26.87,0.0,30.0,madmom
7976yzHXBJc.wav,27.22,0.0,30.0,madmom
7976yzHXBJc.wav,27.59,0.0,30.0,madmom
7976yzHXBJc.wav,27.94,0.0,30.0,madmom
7976yzHXBJc.wav,28.29,0.0,30.0,madmom
7976yzHXBJc.wav,28.67,0.0,30.0,madmom
7976yzHXBJc.wav,29.01,0.0,30.0,madmom
7976yzHXBJc.wav,29.36,0.0,30.0,madmom
7976yzHXBJc.wav,29.72,0.0,30.0,madmom
7VuqbMbgLHk.wav,0.32,0.0,30.0,madmom
7VuqbMbgLHk.wav,1.36,0.0,30.0,madmom
7VuqbMbgLHk.wav,2.4,0.0,30.0,madmom
7VuqbMbgLHk.wav,3.45,0.0,30.0,madmom
7VuqbMbgLHk.wav,4.5,0.0,30.0,madmom
7VuqbMbgLHk.wav,5.57,0.0,30.0,madmom
7VuqbMbgLHk.wav,6.58,0.0,30.0,madmom
7VuqbMbgLHk.wav,7.62,0.0,30.0,madmom
7VuqbMbgLHk.wav,8.66,0.0,30.0,madmom
7VuqbMbgLHk.wav,9.71,0.0,30.0,madmom
7VuqbMbgLHk.wav,10.75,0.0,30.0,madmom
7VuqbMbgLHk.wav,11.8,0.0,30.0,madmom
7VuqbMbgLHk.wav,12.85,0.0,30.0,madmom
7VuqbMbgLHk.wav,13.92,0.0,30.0,madmom
7VuqbMbgLHk.wav,14.92,0.0,30.0,madmom
7VuqbMbgLHk.wav,15.97,0.0,30.0,madmom
7VuqbMbgLHk.wav,17.02,0.0,30.0,madmom
7VuqbMbgLHk.wav,18.06,0.0,30.0,madmom
7VuqbMbgLHk.wav,19.1,0.0,30.0,madmom
7VuqbMbgLHk.wav,20.14,0.0,30.0,madmom
7VuqbMbgLHk.wav,21.19,0.0,30.0,madmom
7VuqbMbgLHk.wav,22.23,0.0,30.0,madmom
7VuqbMbgLHk.wav,23.27,0.0,30.0,madmom
7VuqbMbgLHk.wav,24.32,0.0,30.0,madmom
7VuqbMbgLHk.wav,25.36,0.0,30.0,madmom
7VuqbMbgLHk.wav,26.41,0.0,30.0,madmom
7VuqbMbgLHk.wav,27.45,0.0,30.0,madmom
7VuqbMbgLHk.wav,28.49,0.0,30.0,madmom
7VuqbMbgLHk.wav,29.54,0.0,30.0,madmom
8W1ij30ACGg.wav,0.61,0.0,30.0,madmom
8W1ij30ACGg.wav,1.23,0.0,30.0,madmom
8W1ij30ACGg.wav,1.86,0.0,30.0,madmom
8W1ij30ACGg.wav,2.5,0.0,30.0,madmom
8W1ij30ACGg.wav,3.13,0.0,30.0,madmom
8W1ij30ACGg.wav,3.76,0.0,30.0,madmom
8W1ij30ACGg.wav,4.39,0.0,30.0,madmom
8W1ij30ACGg.wav,5.02,0.0,30.0,madmom
8W1ij30ACGg.wav,5.66,0.0,30.0,madmom
8W1ij30ACGg.wav,6.29,0.0,30.0,madmom
8W1ij30ACGg.wav,6.92,0.0,30.0,madmom
8W1ij30ACGg.wav,7.55,0.0,30.0,madmom
8W1ij30ACGg.wav,8.18,0.0,30.0,madmom
8W1ij30ACGg.wav,8.81,0.0,30.0,madmom
8W1ij30ACGg.wav,9.45,0.0,30.0,madmom
8W1ij30ACGg.wav,10.08,0.0,30.0,madmom
8W1ij30ACGg.wav,10.71,0.0,30.0,madmom
8W1ij30ACGg.wav,11.34,0.0,30.0,madmom
8W1ij30ACGg.wav,11.96,0.0,30.0,madmom
8W1ij30ACGg.wav,12.6,0.0,30.0,madmom
8W1ij30ACGg.wav,13.24,0.0,30.0,madmom
8W1ij30ACGg.wav,13.86,0.0,30.0,madmom
8W1ij30ACGg.wav,14.5,0.0,30.0,madmom
8W1ij30ACGg.wav,15.13,0.0,30.0,madmom
8W1ij30ACGg.wav,15.76,0.0,30.0,madmom
8W1ij30ACGg.wav,16.39,0.0,30.0,madmom
8W1ij30ACGg.wav,17.03,0.0,30.0,madmom
8W1ij30ACGg.wav,17.65,0.0,30.0,madmom
8W1ij30ACGg.wav,18.29,0.0,30.0,madmom
8W1ij30ACGg.wav,18.93,0.0,30.0,madmom
8W1ij30ACGg.wav,19.54,0.0,30.0,madmom
8W1ij30ACGg.wav,20.18,0.0,30.0,madmom
8W1ij30ACGg.wav,20.81,0.0,30.0,madmom
8W1ij30ACGg.wav,21.44,0.0,30.0,madmom
8W1ij30ACGg.wav,22.08,0.0,30.0,madmom
8W1ij30ACGg.wav,22.71,0.0,30.0,madmom
8W1ij30ACGg.wav,23.34,0.0,30.0,madmom
8W1ij30ACGg.wav,23.97,0.0,30.0,madmom
8W1ij30ACGg.wav,24.61,0.0,30.0,madmom
8W1ij30ACGg.wav,25.23,0.0,30.0,madmom
8W1ij30ACGg.wav,25.87,0.0,30.0,madmom
8W1ij30ACGg.wav,26.5,0.0,30.0,madmom
8W1ij30ACGg.wav,27.13,0.0,30.0,madmom
8W1ij30ACGg.wav,27.76,0.0,30.0,madmom
8W1ij30ACGg.wav,28.39,0.0,30.0,madmom
8W1ij30ACGg.wav,29.02,0.0,30.0,madmom
8W1ij30ACGg.wav,29.66,0.0,30.0,madmom
94LD5nwivVs.wav,0.45,0.0,30.0,madmom
94LD5nwivVs.wav,1.21,0.0,30.0,madmom
94LD5nwivVs.wav,1.95,0.0,30.0,madmom
94LD5nwivVs.wav,2.71,0.0,30.0,madmom
94LD5nwivVs.wav,3.45,0.0,30.0,madmom
94LD5nwivVs.wav,4.21,0.0,30.0,madmom
94LD5nwivVs.wav,4.95,0.0,30.0,madmom
94LD5nwivVs.wav,5.7,0.0,30.0,madmom
94LD5nwivVs.wav,6.45,0.0,30.0,madmom
94LD5nwivVs.wav,7.2,0.0,30.0,madmom
94LD5nwivVs.wav,7.95,0.0,30.0,madmom
94LD5nwivVs.wav,8.71,0.0,30.0,madmom
94LD5nwivVs.wav,9.45,0.0,30.0,madmom
94LD5nwivVs.wav,10.21,0.0,30.0,madmom
94LD5nwivVs.wav,10.95,0.0,30.0,madmom
94LD5nwivVs.wav,11.71,0.0,30.0,madmom
94LD5nwivVs.wav,12.45,0.0,30.0,madmom
94LD5nwivVs.wav,13.21,0.0,30.0,madmom
94LD5nwivVs.wav,13.95,0.0,30.0,madmom
94LD5nwivVs.wav,14.7,0.0,30.0,madmom
94LD5nwivVs.wav,15.45,0.0,30.0,madmom
94LD5nwivVs.wav,16.21,0.0,30.0,madmom
94LD5nwivVs.wav,16.95,0.0,30.0,madmom
94LD5nwivVs.wav,17.71,0.0,30.0,madmom
94LD5nwivVs.wav,18.45,0.0,30.0,madmom
94LD5nwivVs.wav,19.2,0.0,30.0,madmom
94LD5nwivVs.wav,19.95,0.0,30.0,madmom
94LD5nwivVs.wav,20.7,0.0,30.0,madmom
94LD5nwivVs.wav,21.45,0.0,30.0,madmom
94LD5nwivVs.wav,22.2,0.0,30.0,madmom
94LD5nwivVs.wav,22.95,0.0,30.0,madmom
94LD5nwivVs.wav,23.71,0.0,30.0,madmom
94LD5nwivVs.wav,24.45,0.0,30.0,madmom
94LD5nwivVs.wav,25.21,0.0,30.0,madmom
94LD5nwivVs.wav,25.95,0.0,30.0,madmom
94LD5nwivVs.wav,26.71,0.0,30.0,madmom
94LD5nwivVs.wav,27.45,0.0,30.0,madmom
94LD5nwivVs.wav,28.21,0.0,30.0,madmom
94LD5nwivVs.wav,28.95,0.0,30.0,madmom
94LD5nwivVs.wav,29.7,0.0,30.0,madmom
98s7mqb_II0.wav,0.22,0.0,30.0,madmom
98s7mqb_II0.wav,0.69,0.0,30.0,madmom
98s7mqb_II0.wav,1.15,0.0,30.0,madmom
98s7mqb_II0.wav,1.61,0.0,30.0,madmom
98s7mqb_II0.wav,2.06,0.0,30.0,madmom
98s7mqb_II0.wav,2.53,0.0,30.0,madmom
98s7mqb_II0.wav,2.99,0.0,30.0,madmom
98s7mqb_II0.wav,3.44,0.0,30.0,madmom
98s7mqb_II0.wav,3.89,0.0,30.0,madmom
98s7mqb_II0.wav,4.36,0.0,30.0,madmom
98s7mqb_II0.wav,4.82,0.0,30.0,madmom
98s7mqb_II0.wav,5.29,0.0,30.0,madmom
98s7mqb_II0.wav,5.72,0.0,30.0,madmom
98s7mqb_II0.wav,6.19,0.0,30.0,madmom
98s7mqb_II0.wav,6.65,0.0,30.0,madmom
98s7mqb_II0.wav,7.09,0.0,30.0,madmom
98s7mqb_II0.wav,7.55,0.0,30.0,madmom
98s7mqb_II0.wav,8.02,0.0,30.0,madmom
98s7mqb_II0.wav,8.49,0.0,30.0,madmom
98s7mqb_II0.wav,8.93,0.0,30.0,madmom
98s7mqb_II0.wav,9.38,0.0,30.0,madmom
98s7mqb_II0.wav,9.85,0.0,30.0,madmom
98s7mqb_II0.wav,10.3,0.0,30.0,madmom
98s7mqb_II0.wav,10.76,0.0,30.0,madmom
98s7mqb_II0.wav,11.22,0.0,30.0,madmom
98s7mqb_II0.wav,11.69,0.0,30.0,madmom
98s7mqb_II0.wav,12.15,0.0,30.0,madmom
98s7mqb_II0.wav,12.59,0.0,30.0,madmom
98s7mqb_II0.wav,13.05,0.0,30.0,madmom
98s7mqb_II0.wav,13.52,0.0,30.0,madmom
98s7mqb_II0.wav,13.97,0.0,30.0,madmom
98s7mqb_II0.wav,14.42,0.0,30.0,madmom
98s7mqb_II0.wav,14.88,0.0,30.0,madmom
98s7mqb_II0.wav,15.35,0.0,30.0,madmom
98s7mqb_II0.wav,15.82,0.0,30.0,madmom
98s7mqb_II0.wav,16.26,0.0,30.0,madmom
98s7mqb_II0.wav,16.71,0.0,30.0,madmom
98s7mqb_II0.wav,17.17,0.0,30.0,madmom
98s7mqb_II0.wav,17.62,0.0,30.0,madmom
98s7mqb_II0.wav,18.08,0.0,30.0,madmom
98s7mqb_II0.wav,18.55,0.0,30.0,madmom
98s7mqb_II0.wav,19.01,0.0,30.0,madmom
98s7mqb_II0.wav,19.46,0.0,30.0,madmom
98s7mqb_II0.wav,19.92,0.0,30.0,madmom
98s7mqb_II0.wav,20.38,0.0,30.0,madmom
98s7mqb_II0.wav,20.85,0.0,30.0,madmom
98s7mqb_II0.wav,21.3,0.0,30.0,madmom
98s7mqb_II0.wav,21.75,0.0,30.0,madmom
98s7mqb_II0.wav,22.21,0.0,30.0,madmom
98s7mqb_II0.wav,22.67,0.0,30.0,madmom
98s7mqb_II0.wav,23.14,0.0,30.0,madmom
98s7mqb_II0.wav,23.6,0.0,30.0,madmom
98s7mqb_II0.wav,24.05,0.0,30.0,madmom
98s7mqb_II0.wav,24.52,0.0,30.0,madmom
98s7mqb_II0.wav,24.97,0.0,30.0,madmom
98s7mqb_II0.wav,25.43,0.0,30.0,madmom
98s7mqb_II0.wav,25.88,0.0,30.0,madmom
98s7mqb_II0.wav,26.36,0.0,30.0,madmom
98s7mqb_II0.wav,26.82,0.0,30.0,madmom
98s7mqb_II0.wav,27.28,0.0,30.0,madmom
98s7mqb_II0.wav,27.71,0.0,30.0,madmom
98s7mqb_II0.wav,28.17,0.0,30.0,madmom
98s7mqb_II0.wav,28.63,0.0,30.0,madmom
98s7mqb_II0.wav,29.08,0.0,30.0,madmom
98s7mqb_II0.wav,29.54,0.0,30.0,madmom
98s7mqb_II0.wav,29.99,0.0,30.0,madmom
9f8xPaRWAbg.wav,0.03,0.0,30.0,madmom
9f8xPaRWAbg.wav,0.55,0.0,30.0,madmom
9f8xPaRWAbg.wav,1.05,0.0,30.0,madmom
9f8xPaRWAbg.wav,1.55,0.0,30.0,madmom
9f8xPaRWAbg.wav,2.04,0.0,30.0,madmom
9f8xPaRWAbg.wav,2.53,0.0,30.0,madmom
9f8xPaRWAbg.wav,3.04,0.0,30.0,madmom
9f8xPaRWAbg.wav,3.55,0.0,30.0,madmom
9f8xPaRWAbg.wav,4.05,0.0,30.0,madmom
9f8xPaRWAbg.wav,4.55,0.0,30.0,madmom
9f8xPaRWAbg.wav,5.04,0.0,30.0,madmom
9f8xPaRWAbg.wav,5.54,0.0,30.0,madmom
9f8xPaRWAbg.wav,6.05,0.0,30.0,madmom
9f8xPaRWAbg.wav,6.55,0.0,30.0,madmom
9f8xPaRWAbg.wav,7.04,0.0,30.0,madmom
9f8xPaRWAbg.wav,7.55,0.0,30.0,madmom
9f8xPaRWAbg.wav,8.05,0.0,30.0,madmom
9f8xPaRWAbg.wav,8.56,0.0,30.0,madmom
9f8xPaRWAbg.wav,9.04,0.0,30.0,madmom
9f8xPaRWAbg.wav,9.55,0.0,30.0,madmom
9f8xPaRWAbg.wav,10.05,0.0,30.0,madmom
9f8xPaRWAbg.wav,10.55,0.0,30.0,madmom
9f8xPaRWAbg.wav,11.04,0.0,30.0,madmom
9f8xPaRWAbg.wav,11.55,0.0,30.0,madmom
9f8xPaRWAbg.wav,12.05,0.0,30.0,madmom
9f8xPaRWAbg.wav,12.55,0.0,30.0,madmom
9f8xPaRWAbg.wav,13.05,0.0,30.0,madmom
9f8xPaRWAbg.wav,13.55,0.0,30.0,madmom
9f8xPaRWAbg.wav,14.05,0.0,30.0,madmom
9f8xPaRWAbg.wav,14.54,0.0,30.0,madmom
9f8xPaRWAbg.wav,15.04,0.0,30.0,madmom
9f8xPaRWAbg.wav,15.55,0.0,30.0,madmom
9f8xPaRWAbg.wav,16.05,0.0,30.0,madmom
9f8xPaRWAbg.wav,16.55,0.0,30.0,madmom
9f8xPaRWAbg.wav,17.04,0.0,30.0,madmom
9f8xPaRWAbg.wav,17.55,0.0,30.0,madmom
9f8xPaRWAbg.wav,18.06,0.0,30.0,madmom
9f8xPaRWAbg.wav,18.56,0.0,30.0,madmom
9f8xPaRWAbg.wav,19.04,0.0,30.0,madmom
9f8xPaRWAbg.wav,19.54,0.0,30.0,madmom
9f8xPaRWAbg.wav,20.06,0.0,30.0,madmom
9f8xPaRWAbg.wav,20.56,0.0,30.0,madmom
9f8xPaRWAbg.wav,21.05,0.0,30.0,madmom
9f8xPaRWAbg.wav,21.54,0.0,30.0,madmom
9f8xPaRWAbg.wav,22.06,0.0,30.0,madmom
9f8xPaRWAbg.wav,22.55,0.0,30.0,madmom
9f8xPaRWAbg.wav,23.04,0.0,30.0,madmom
9f8xPaRWAbg.wav,23.54,0.0,30.0,madmom
9f8xPaRWAbg.wav,24.03,0.0,30.0,madmom
9f8xPaRWAbg.wav,24.55,0.0,30.0,madmom
9f8xPaRWAbg.wav,25.04,0.0,30.0,madmom
9f8xPaRWAbg.wav,25.53,0.0,30.0,madmom
9f8xPaRWAbg.wav,26.06,0.0,30.0,madmom
9f8xPaRWAbg.wav,26.55,0.0,30.0,madmom
9f8xPaRWAbg.wav,27.04,0.0,30.0,madmom
9f8xPaRWAbg.wav,27.55,0.0,30.0,madmom
9f8xPaRWAbg.wav,28.03,0.0,30.0,madmom
9f8xPaRWAbg.wav,28.55,0.0,30.0,madmom
9f8xPaRWAbg.wav,29.04,0.0,30.0,madmom
9f8xPaRWAbg.wav,29.55,0.0,30.0,madmom
9hODzWIY7Hc.wav,0.09,0.0,30.0,madmom
9hODzWIY7Hc.wav,0.61,0.0,30.0,madmom
9hODzWIY7Hc.wav,1.18,0.0,30.0,madmom
9hODzWIY7Hc.wav,1.71,0.0,30.0,madmom
9hODzWIY7Hc.wav,2.25,0.0,30.0,madmom
9hODzWIY7Hc.wav,2.73,0.0,30.0,madmom
9hODzWIY7Hc.wav,3.27,0.0,30.0,madmom
9hODzWIY7Hc.wav,3.75,0.0,30.0,madmom
9hODzWIY7Hc.wav,4.29,0.0,30.0,madmom
9hODzWIY7Hc.wav,4.79,0.0,30.0,madmom
9hODzWIY7Hc.wav,5.31,0.0,30.0,madmom
9hODzWIY7Hc.wav,5.82,0.0,30.0,madmom
9hODzWIY7Hc.wav,6.33,0.0,30.0,madmom
9hODzWIY7Hc.wav,6.81,0.0,30.0,madmom
9hODzWIY7Hc.wav,7.33,0.0,30.0,madmom
9hODzWIY7Hc.wav,7.86,0.0,30.0,madmom
9hODzWIY7Hc.wav,8.37,0.0,30.0,madmom
9hODzWIY7Hc.wav,8.85,0.0,30.0,madmom
9hODzWIY7Hc.wav,9.36,0.0,30.0,madmom
9hODzWIY7Hc.wav,9.87,0.0,30.0,madmom
9hODzWIY7Hc.wav,10.4,0.0,30.0,madmom
9hODzWIY7Hc.wav,10.89,0.0,30.0,madmom
9hODzWIY7Hc.wav,11.4,0.0,30.0,madmom
9hODzWIY7Hc.wav,11.94,0.0,30.0,madmom
9hODzWIY7Hc.wav,12.42,0.0,30.0,madmom
9hODzWIY7Hc.wav,12.94,0.0,30.0,madmom
9hODzWIY7Hc.wav,13.42,0.0,30.0,madmom
9hODzWIY7Hc.wav,13.93,0.0,30.0,madmom
9hODzWIY7Hc.wav,14.44,0.0,30.0,madmom
9hODzWIY7Hc.wav,14.91,0.0,30.0,madmom
9hODzWIY7Hc.wav,15.44,0.0,30.0,madmom
9hODzWIY7Hc.wav,15.94,0.0,30.0,madmom
9hODzWIY7Hc.wav,16.47,0.0,30.0,madmom
9hODzWIY7Hc.wav,16.95,0.0,30.0,madmom
9hODzWIY7Hc.wav,17.49,0.0,30.0,madmom
9hODzWIY7Hc.wav,17.99,0.0,30.0,madmom
9hODzWIY7Hc.wav,18.5,0.0,30.0,madmom
9hODzWIY7Hc.wav,18.98,0.0,30.0,madmom
9hODzWIY7Hc.wav,19.49,0.0,30.0,madmom
9hODzWIY7Hc.wav,19.99,0.0,30.0,madmom
9hODzWIY7Hc.wav,20.5,0.0,30.0,madmom
9hODzWIY7Hc.wav,21.02,0.0,30.0,madmom
9hODzWIY7Hc.wav,21.52,0.0,30.0,madmom
9hODzWIY7Hc.wav,22.03,0.0,30.0,madmom
9hODzWIY7Hc.wav,22.54,0.0,30.0,madmom
9hODzWIY7Hc.wav,23.05,0.0,30.0,madmom
9hODzWIY7Hc.wav,23.56,0.0,30.0,madmom
9hODzWIY7Hc.wav,24.06,0.0,30.0,madmom
9hODzWIY7Hc.wav,24.57,0.0,30.0,madmom
9hODzWIY7Hc.wav,25.08,0.0,30.0,madmom
9hODzWIY7Hc.wav,25.59,0.0,30.0,madmom
9hODzWIY7Hc.wav,26.1,0.0,30.0,madmom
9hODzWIY7Hc.wav,26.6,0.0,30.0,madmom
9hODzWIY7Hc.wav,27.12,0.0,30.0,madmom
9hODzWIY7Hc.wav,27.66,0.0,30.0,madmom
9hODzWIY7Hc.wav,28.16,0.0,30.0,madmom
9hODzWIY7Hc.wav,28.7,0.0,30.0,madmom
9hODzWIY7Hc.wav,29.19,0.0,30.0,madmom
9hODzWIY7Hc.wav,29.71,0.0,30.0,madmom
9tP_cphjz3E.wav,0.36,0.0,30.0,madmom
9tP_cphjz3E.wav,0.99,0.0,30.0,madmom
9tP_cphjz3E.wav,1.62,0.0,30.0,madmom
9tP_cphjz3E.wav,2.25,0.0,30.0,madmom
9tP_cphjz3E.wav,2.88,0.0,30.0,madmom
9tP_cphjz3E.wav,3.51,0.0,30.0,madmom
9tP_cphjz3E.wav,4.14,0.0,30.0,madmom
9tP_cphjz3E.wav,4.78,0.0,30.0,madmom
9tP_cphjz3E.wav,5.41,0.0,30.0,madmom
9tP_cphjz3E.wav,6.04,0.0,30.0,madmom
9tP_cphjz3E.wav,6.67,0.0,30.0,madmom
9tP_cphjz3E.wav,7.3,0.0,30.0,madmom
9tP_cphjz3E.wav,7.93,0.0,30.0,madmom
9tP_cphjz3E.wav,8.56,0.0,30.0,madmom
9tP_cphjz3E.wav,9.19,0.0,30.0,madmom
9tP_cphjz3E.wav,9.83,0.0,30.0,madmom
9tP_cphjz3E.wav,10.46,0.0,30.0,madmom
9tP_cphjz3E.wav,11.09,0.0,30.0,madmom
9tP_cphjz3E.wav,11.72,0.0,30.0,madmom
9tP_cphjz3E.wav,12.36,0.0,30.0,madmom
9tP_cphjz3E.wav,12.99,0.0,30.0,madmom
9tP_cphjz3E.wav,13.62,0.0,30.0,madmom
9tP_cphjz3E.wav,14.25,0.0,30.0,madmom
9tP_cphjz3E.wav,14.88,0.0,30.0,madmom
9tP_cphjz3E.wav,15.51,0.0,30.0,madmom
9tP_cphjz3E.wav,16.14,0.0,30.0,madmom
9tP_cphjz3E.wav,16.78,0.0,30.0,madmom
9tP_cphjz3E.wav,17.41,0.0,30.0,madmom
9tP_cphjz3E.wav,18.04,0.0,30.0,madmom
9tP_cphjz3E.wav,18.67,0.0,30.0,madmom
9tP_cphjz3E.wav,19.3,0.0,30.0,madmom
9tP_cphjz3E.wav,19.94,0.0,30.0,madmom
9tP_cphjz3E.wav,20.57,0.0,30.0,madmom
9tP_cphjz3E.wav,21.2,0.0,30.0,madmom
9tP_cphjz3E.wav,21.83,0.0,30.0,madmom
9tP_cphjz3E.wav,22.46,0.0,30.0,madmom
9tP_cphjz3E.wav,23.09,0.0,30.0,madmom
9tP_cphjz3E.wav,23.72,0.0,30.0,madmom
9tP_cphjz3E.wav,24.35,0.0,30.0,madmom
9tP_cphjz3E.wav,24.99,0.0,30.0,madmom
9tP_cphjz3E.wav,25.62,0.0,30.0,madmom
9tP_cphjz3E.wav,26.25,0.0,30.0,madmom
9tP_cphjz3E.wav,26.88,0.0,30.0,madmom
9tP_cphjz3E.wav,27.51,0.0,30.0,madmom
9tP_cphjz3E.wav,28.14,0.0,30.0,madmom
9tP_cphjz3E.wav,28.77,0.0,30.0,madmom
9tP_cphjz3E.wav,29.4,0.0,30.0,madmom
Ai9l_8xy_pc.wav,0.4,0.0,30.0,madmom
Ai9l_8xy_pc.wav,0.88,0.0,30.0,madmom
Ai9l_8xy_pc.wav,1.35,0.0,30.0,madmom
Ai9l_8xy_pc.wav,1.82,0.0,30.0,madmom
Ai9l_8xy_pc.wav,2.29,0.0,30.0,madmom
Ai9l_8xy_pc.wav,2.77,0.0,30.0,madmom
Ai9l_8xy_pc.wav,3.24,0.0,30.0,madmom
Ai9l_8xy_pc.wav,3.72,0.0,30.0,madmom
Ai9l_8xy_pc.wav,4.18,0.0,30.0,madmom
Ai9l_8xy_pc.wav,4.65,0.0,30.0,madmom
Ai9l_8xy_pc.wav,5.12,0.0,30.0,madmom
Ai9l_8xy_pc.wav,5.59,0.0,30.0,madmom
Ai9l_8xy_pc.wav,6.05,0.0,30.0,madmom
Ai9l_8xy_pc.wav,6.53,0.0,30.0,madmom
Ai9l_8xy_pc.wav,7.01,0.0,30.0,madmom
Ai9l_8xy_pc.wav,7.48,0.0,30.0,madmom
Ai9l_8xy_pc.wav,7.96,0.0,30.0,madmom
Ai9l_8xy_pc.wav,8.43,0.0,30.0,madmom
Ai9l_8xy_pc.wav,8.91,0.0,30.0,madmom
Ai9l_8xy_pc.wav,9.37,0.0,30.0,madmom
Ai9l_8xy_pc.wav,9.85,0.0,30.0,madmom
Ai9l_8xy_pc.wav,10.32,0.0,30.0,madmom
Ai9l_8xy_pc.wav,10.79,0.0,30.0,madmom
Ai9l_8xy_pc.wav,11.26,0.0,30.0,madmom
Ai9l_8xy_pc.wav,11.71,0.0,30.0,madmom
Ai9l_8xy_pc.wav,12.15,0.0,30.0,madmom
Ai9l_8xy_pc.wav,12.57,0.0,30.0,madmom
Ai9l_8xy_pc.wav,13.02,0.0,30.0,madmom
Ai9l_8xy_pc.wav,13.47,0.0,30.0,madmom
Ai9l_8xy_pc.wav,13.9,0.0,30.0,madmom
Ai9l_8xy_pc.wav,14.38,0.0,30.0,madmom
Ai9l_8xy_pc.wav,14.84,0.0,30.0,madmom
Ai9l_8xy_pc.wav,15.3,0.0,30.0,madmom
Ai9l_8xy_pc.wav,15.77,0.0,30.0,madmom
Ai9l_8xy_pc.wav,16.26,0.0,30.0,madmom
Ai9l_8xy_pc.wav,16.73,0.0,30.0,madmom
Ai9l_8xy_pc.wav,17.21,0.0,30.0,madmom
Ai9l_8xy_pc.wav,17.68,0.0,30.0,madmom
Ai9l_8xy_pc.wav,18.15,0.0,30.0,madmom
Ai9l_8xy_pc.wav,18.62,0.0,30.0,madmom
Ai9l_8xy_pc.wav,19.1,0.0,30.0,madmom
Ai9l_8xy_pc.wav,19.57,0.0,30.0,madmom
Ai9l_8xy_pc.wav,20.02,0.0,30.0,madmom
Ai9l_8xy_pc.wav,20.49,0.0,30.0,madmom
Ai9l_8xy_pc.wav,20.96,0.0,30.0,madmom
Ai9l_8xy_pc.wav,21.43,0.0,30.0,madmom
Ai9l_8xy_pc.wav,21.91,0.0,30.0,madmom
Ai9l_8xy_pc.wav,22.38,0.0,30.0,madmom
Ai9l_8xy_pc.wav,22.84,0.0,30.0,madmom
Ai9l_8xy_pc.wav,23.31,0.0,30.0,madmom
Ai9l_8xy_pc.wav,23.78,0.0,30.0,madmom
Ai9l_8xy_pc.wav,24.25,0.0,30.0,madmom
Ai9l_8xy_pc.wav,24.72,0.0,30.0,madmom
Ai9l_8xy_pc.wav,25.2,0.0,30.0,madmom
Ai9l_8xy_pc.wav,25.68,0.0,30.0,madmom
Ai9l_8xy_pc.wav,26.15,0.0,30.0,madmom
Ai9l_8xy_pc.wav,26.62,0.0,30.0,madmom
Ai9l_8xy_pc.wav,27.08,0.0,30.0,madmom
Ai9l_8xy_pc.wav,27.54,0.0,30.0,madmom
Ai9l_8xy_pc.wav,28.02,0.0,30.0,madmom
Ai9l_8xy_pc.wav,28.5,0.0,30.0,madmom
Ai9l_8xy_pc.wav,28.96,0.0,30.0,madmom
Ai9l_8xy_pc.wav,29.44,0.0,30.0,madmom
Ai9l_8xy_pc.wav,29.91,0.0,30.0,madmom
AkYhR1lc8QM.wav,0.26,0.0,30.0,madmom
AkYhR1lc8QM.wav,0.8,0.0,30.0,madmom
AkYhR1lc8QM.wav,1.29,0.0,30.0,madmom
AkYhR1lc8QM.wav,1.84,0.0,30.0,madmom
AkYhR1lc8QM.wav,2.33,0.0,30.0,madmom
AkYhR1lc8QM.wav,2.83,0.0,30.0,madmom
AkYhR1lc8QM.wav,3.36,0.0,30.0,madmom
AkYhR1lc8QM.wav,3.88,0.0,30.0,madmom
AkYhR1lc8QM.wav,4.4,0.0,30.0,madmom
AkYhR1lc8QM.wav,4.91,0.0,30.0,madmom
AkYhR1lc8QM.wav,5.43,0.0,30.0,madmom
AkYhR1lc8QM.wav,5.95,0.0,30.0,madmom
AkYhR1lc8QM.wav,6.47,0.0,30.0,madmom
AkYhR1lc8QM.wav,6.99,0.0,30.0,madmom
AkYhR1lc8QM.wav,7.5,0.0,30.0,madmom
AkYhR1lc8QM.wav,8.02,0.0,30.0,madmom
AkYhR1lc8QM.wav,8.54,0.0,30.0,madmom
AkYhR1lc8QM.wav,9.05,0.0,30.0,madmom
AkYhR1lc8QM.wav,9.57,0.0,30.0,madmom
AkYhR1lc8QM.wav,10.09,0.0,30.0,madmom
AkYhR1lc8QM.wav,10.61,0.0,30.0,madmom
AkYhR1lc8QM.wav,11.12,0.0,30.0,madmom
AkYhR1lc8QM.wav,11.64,0.0,30.0,madmom
AkYhR1lc8QM.wav,12.16,0.0,30.0,madmom
AkYhR1lc8QM.wav,12.67,0.0,30.0,madmom
AkYhR1lc8QM.wav,13.19,0.0,30.0,madmom
AkYhR1lc8QM.wav,13.71,0.0,30.0,madmom
AkYhR1lc8QM.wav,14.22,0.0,30.0,madmom
AkYhR1lc8QM.wav,14.74,0.0,30.0,madmom
AkYhR1lc8QM.wav,15.26,0.0,30.0,madmom
AkYhR1lc8QM.wav,15.78,0.0,30.0,madmom
AkYhR1lc8QM.wav,16.3,0.0,30.0,madmom
AkYhR1lc8QM.wav,16.81,0.0,30.0,madmom
AkYhR1lc8QM.wav,17.33,0.0,30.0,madmom
AkYhR1lc8QM.wav,17.85,0.0,30.0,madmom
AkYhR1lc8QM.wav,18.37,0.0,30.0,madmom
AkYhR1lc8QM.wav,18.88,0.0,30.0,madmom
AkYhR1lc8QM.wav,19.4,0.0,30.0,madmom
AkYhR1lc8QM.wav,19.91,0.0,30.0,madmom
AkYhR1lc8QM.wav,20.43,0.0,30.0,madmom
AkYhR1lc8QM.wav,20.95,0.0,30.0,madmom
AkYhR1lc8QM.wav,21.47,0.0,30.0,madmom
AkYhR1lc8QM.wav,21.98,0.0,30.0,madmom
AkYhR1lc8QM.wav,22.52,0.0,30.0,madmom
AkYhR1lc8QM.wav,23.02,0.0,30.0,madmom
AkYhR1lc8QM.wav,23.55,0.0,30.0,madmom
AkYhR1lc8QM.wav,24.06,0.0,30.0,madmom
AkYhR1lc8QM.wav,24.57,0.0,30.0,madmom
AkYhR1lc8QM.wav,25.08,0.0,30.0,madmom
AkYhR1lc8QM.wav,25.61,0.0,30.0,madmom
AkYhR1lc8QM.wav,26.12,0.0,30.0,madmom
AkYhR1lc8QM.wav,26.64,0.0,30.0,madmom
AkYhR1lc8QM.wav,27.16,0.0,30.0,madmom
AkYhR1lc8QM.wav,27.68,0.0,30.0,madmom
AkYhR1lc8QM.wav,28.2,0.0,30.0,madmom
AkYhR1lc8QM.wav,28.71,0.0,30.0,madmom
AkYhR1lc8QM.wav,29.19,0.0,30.0,madmom
AkYhR1lc8QM.wav,29.72,0.0,30.0,madmom
BXbKa0EqW8E.wav,0.27,0.0,30.0,madmom
BXbKa0EqW8E.wav,0.68,0.0,30.0,madmom
BXbKa0EqW8E.wav,1.09,0.0,30.0,madmom
BXbKa0EqW8E.wav,1.5,0.0,30.0,madmom
BXbKa0EqW8E.wav,1.9,0.0,30.0,madmom
BXbKa0EqW8E.wav,2.3,0.0,30.0,madmom
BXbKa0EqW8E.wav,2.71,0.0,30.0,madmom
BXbKa0EqW8E.wav,3.11,0.0,30.0,madmom
BXbKa0EqW8E.wav,3.52,0.0,30.0,madmom
BXbKa0EqW8E.wav,3.92,0.0,30.0,madmom
BXbKa0EqW8E.wav,4.33,0.0,30.0,madmom
BXbKa0EqW8E.wav,4.74,0.0,30.0,madmom
BXbKa0EqW8E.wav,5.15,0.0,30.0,madmom
BXbKa0EqW8E.wav,5.56,0.0,30.0,madmom
BXbKa0EqW8E.wav,5.95,0.0,30.0,madmom
BXbKa0EqW8E.wav,6.36,0.0,30.0,madmom
BXbKa0EqW8E.wav,6.76,0.0,30.0,madmom
BXbKa0EqW8E.wav,7.17,0.0,30.0,madmom
BXbKa0EqW8E.wav,7.57,0.0,30.0,madmom
BXbKa0EqW8E.wav,7.98,0.0,30.0,madmom
BXbKa0EqW8E.wav,8.38,0.0,30.0,madmom
BXbKa0EqW8E.wav,8.81,0.0,30.0,madmom
BXbKa0EqW8E.wav,9.19,0.0,30.0,madmom
BXbKa0EqW8E.wav,9.6,0.0,30.0,madmom
BXbKa0EqW8E.wav,10.01,0.0,30.0,madmom
BXbKa0EqW8E.wav,10.41,0.0,30.0,madmom
BXbKa0EqW8E.wav,10.82,0.0,30.0,madmom
BXbKa0EqW8E.wav,11.22,0.0,30.0,madmom
BXbKa0EqW8E.wav,11.63,0.0,30.0,madmom
BXbKa0EqW8E.wav,12.04,0.0,30.0,madmom
BXbKa0EqW8E.wav,12.45,0.0,30.0,madmom
BXbKa0EqW8E.wav,12.86,0.0,30.0,madmom
BXbKa0EqW8E.wav,13.27,0.0,30.0,madmom
BXbKa0EqW8E.wav,13.68,0.0,30.0,madmom
BXbKa0EqW8E.wav,14.09,0.0,30.0,madmom
BXbKa0EqW8E.wav,14.48,0.0,30.0,madmom
BXbKa0EqW8E.wav,14.88,0.0,30.0,madmom
BXbKa0EqW8E.wav,15.29,0.0,30.0,madmom
BXbKa0EqW8E.wav,15.68,0.0,30.0,madmom
BXbKa0EqW8E.wav,16.08,0.0,30.0,madmom
BXbKa0EqW8E.wav,16.49,0.0,30.0,madmom
BXbKa0EqW8E.wav,16.9,0.0,30.0,madmom
BXbKa0EqW8E.wav,17.3,0.0,30.0,madmom
BXbKa0EqW8E.wav,17.71,0.0,30.0,madmom
BXbKa0EqW8E.wav,18.11,0.0,30.0,madmom
BXbKa0EqW8E.wav,18.52,0.0,30.0,madmom
BXbKa0EqW8E.wav,18.92,0.0,30.0,madmom
BXbKa0EqW8E.wav,19.33,0.0,30.0,madmom
BXbKa0EqW8E.wav,19.74,0.0,30.0,madmom
BXbKa0EqW8E.wav,20.14,0.0,30.0,madmom
BXbKa0EqW8E.wav,20.55,0.0,30.0,madmom
BXbKa0EqW8E.wav,20.95,0.0,30.0,madmom
BXbKa0EqW8E.wav,21.36,0.0,30.0,madmom
BXbKa0EqW8E.wav,21.76,0.0,30.0,madmom
BXbKa0EqW8E.wav,22.17,0.0,30.0,madmom
BXbKa0EqW8E.wav,22.57,0.0,30.0,madmom
BXbKa0EqW8E.wav,22.98,0.0,30.0,madmom
BXbKa0EqW8E.wav,23.38,0.0,30.0,madmom
BXbKa0EqW8E.wav,23.79,0.0,30.0,madmom
BXbKa0EqW8E.wav,24.2,0.0,30.0,madmom
BXbKa0EqW8E.wav,24.6,0.0,30.0,madmom
BXbKa0EqW8E.wav,25.0,0.0,30.0,madmom
BXbKa0EqW8E.wav,25.41,0.0,30.0,madmom
BXbKa0EqW8E.wav,25.82,0.0,30.0,madmom
BXbKa0EqW8E.wav,26.22,0.0,30.0,madmom
BXbKa0EqW8E.wav,26.63,0.0,30.0,madmom
BXbKa0EqW8E.wav,27.03,0.0,30.0,madmom
BXbKa0EqW8E.wav,27.44,0.0,30.0,madmom
BXbKa0EqW8E.wav,27.84,0.0,30.0,madmom
BXbKa0EqW8E.wav,28.25,0.0,30.0,madmom
BXbKa0EqW8E.wav,28.65,0.0,30.0,madmom
BXbKa0EqW8E.wav,29.06,0.0,30.0,madmom
BXbKa0EqW8E.wav,29.47,0.0,30.0,madmom
BXbKa0EqW8E.wav,29.87,0.0,30.0,madmom
BZs2ixvEyKM.wav,0.1,0.0,30.0,madmom
BZs2ixvEyKM.wav,0.54,0.0,30.0,madmom
BZs2ixvEyKM.wav,1.01,0.0,30.0,madmom
BZs2ixvEyKM.wav,1.47,0.0,30.0,madmom
BZs2ixvEyKM.wav,1.92,0.0,30.0,madmom
BZs2ixvEyKM.wav,2.39,0.0,30.0,madmom
BZs2ixvEyKM.wav,2.85,0.0,30.0,madmom
BZs2ixvEyKM.wav,3.31,0.0,30.0,madmom
BZs2ixvEyKM.wav,3.76,0.0,30.0,madmom
BZs2ixvEyKM.wav,4.22,0.0,30.0,madmom
BZs2ixvEyKM.wav,4.7,0.0,30.0,madmom
BZs2ixvEyKM.wav,5.16,0.0,30.0,madmom
BZs2ixvEyKM.wav,5.61,0.0,30.0,madmom
BZs2ixvEyKM.wav,6.08,0.0,30.0,madmom
BZs2ixvEyKM.wav,6.54,0.0,30.0,madmom
BZs2ixvEyKM.wav,7.01,0.0,30.0,madmom
BZs2ixvEyKM.wav,7.48,0.0,30.0,madmom
BZs2ixvEyKM.wav,7.93,0.0,30.0,madmom
BZs2ixvEyKM.wav,8.39,0.0,30.0,madmom
BZs2ixvEyKM.wav,8.87,0.0,30.0,madmom
BZs2ixvEyKM.wav,9.33,0.0,30.0,madmom
BZs2ixvEyKM.wav,9.79,0.0,30.0,madmom
BZs2ixvEyKM.wav,10.23,0.0,30.0,madmom
BZs2ixvEyKM.wav,10.71,0.0,30.0,madmom
BZs2ixvEyKM.wav,11.17,0.0,30.0,madmom
BZs2ixvEyKM.wav,11.63,0.0,30.0,madmom
BZs2ixvEyKM.wav,12.09,0.0,30.0,madmom
BZs2ixvEyKM.wav,12.53,0.0,30.0,madmom
BZs2ixvEyKM.wav,12.99,0.0,30.0,madmom
BZs2ixvEyKM.wav,13.45,0.0,30.0,madmom
BZs2ixvEyKM.wav,13.93,0.0,30.0,madmom
BZs2ixvEyKM.wav,14.39,0.0,30.0,madmom
BZs2ixvEyKM.wav,14.83,0.0,30.0,madmom
BZs2ixvEyKM.wav,15.31,0.0,30.0,madmom
BZs2ixvEyKM.wav,15.76,0.0,30.0,madmom
BZs2ixvEyKM.wav,16.22,0.0,30.0,madmom
BZs2ixvEyKM.wav,16.67,0.0,30.0,madmom
BZs2ixvEyKM.wav,17.13,0.0,30.0,madmom
BZs2ixvEyKM.wav,17.62,0.0,30.0,madmom
BZs2ixvEyKM.wav,18.08,0.0,30.0,madmom
BZs2ixvEyKM.wav,18.54,0.0,30.0,madmom
BZs2ixvEyKM.wav,19.01,0.0,30.0,madmom
BZs2ixvEyKM.wav,19.47,0.0,30.0,madmom
BZs2ixvEyKM.wav,19.93,0.0,30.0,madmom
BZs2ixvEyKM.wav,20.39,0.0,30.0,madmom
BZs2ixvEyKM.wav,20.85,0.0,30.0,madmom
BZs2ixvEyKM.wav,21.31,0.0,30.0,madmom
BZs2ixvEyKM.wav,21.77,0.0,30.0,madmom
BZs2ixvEyKM.wav,22.24,0.0,30.0,madmom
BZs2ixvEyKM.wav,22.7,0.0,30.0,madmom
BZs2ixvEyKM.wav,23.16,0.0,30.0,madmom
BZs2ixvEyKM.wav,23.62,0.0,30.0,madmom
BZs2ixvEyKM.wav,24.08,0.0,30.0,madmom
BZs2ixvEyKM.wav,24.54,0.0,30.0,madmom
BZs2ixvEyKM.wav,25.0,0.0,30.0,madmom
BZs2ixvEyKM.wav,25.47,0.0,30.0,madmom
BZs2ixvEyKM.wav,25.94,0.0,30.0,madmom
BZs2ixvEyKM.wav,26.39,0.0,30.0,madmom
BZs2ixvEyKM.wav,26.85,0.0,30.0,madmom
BZs2ixvEyKM.wav,27.31,0.0,30.0,madmom
BZs2ixvEyKM.wav,27.76,0.0,30.0,madmom
BZs2ixvEyKM.wav,28.23,0.0,30.0,madmom
BZs2ixvEyKM.wav,28.7,0.0,30.0,madmom
BZs2ixvEyKM.wav,29.16,0.0,30.0,madmom
BZs2ixvEyKM.wav,29.62,0.0,30.0,madmom
C0vS_SbaaFI.wav,0.24,0.0,30.0,madmom
C0vS_SbaaFI.wav,0.75,0.0,30.0,madmom
C0vS_SbaaFI.wav,1.29,0.0,30.0,madmom
C0vS_SbaaFI.wav,1.83,0.0,30.0,madmom
C0vS_SbaaFI.wav,2.35,0.0,30.0,madmom
C0vS_SbaaFI.wav,2.86,0.0,30.0,madmom
C0vS_SbaaFI.wav,3.4,0.0,30.0,madmom
C0vS_SbaaFI.wav,3.92,0.0,30.0,madmom
C0vS_SbaaFI.wav,4.46,0.0,30.0,madmom
C0vS_SbaaFI.wav,4.97,0.0,30.0,madmom
C0vS_SbaaFI.wav,5.5,0.0,30.0,madmom
C0vS_SbaaFI.wav,6.0,0.0,30.0,madmom
C0vS_SbaaFI.wav,6.55,0.0,30.0,madmom
C0vS_SbaaFI.wav,7.08,0.0,30.0,madmom
C0vS_SbaaFI.wav,7.61,0.0,30.0,madmom
C0vS_SbaaFI.wav,8.13,0.0,30.0,madmom
C0vS_SbaaFI.wav,8.64,0.0,30.0,madmom
C0vS_SbaaFI.wav,9.18,0.0,30.0,madmom
C0vS_SbaaFI.wav,9.71,0.0,30.0,madmom
C0vS_SbaaFI.wav,10.26,0.0,30.0,madmom
C0vS_SbaaFI.wav,10.76,0.0,30.0,madmom
C0vS_SbaaFI.wav,11.28,0.0,30.0,madmom
C0vS_SbaaFI.wav,11.82,0.0,30.0,madmom
C0vS_SbaaFI.wav,12.34,0.0,30.0,madmom
C0vS_SbaaFI.wav,12.86,0.0,30.0,madmom
C0vS_SbaaFI.wav,13.39,0.0,30.0,madmom
C0vS_SbaaFI.wav,13.92,0.0,30.0,madmom
C0vS_SbaaFI.wav,14.44,0.0,30.0,madmom
C0vS_SbaaFI.wav,14.98,0.0,30.0,madmom
C0vS_SbaaFI.wav,15.5,0.0,30.0,madmom
C0vS_SbaaFI.wav,16.03,0.0,30.0,madmom
C0vS_SbaaFI.wav,16.55,0.0,30.0,madmom
C0vS_SbaaFI.wav,17.09,0.0,30.0,madmom
C0vS_SbaaFI.wav,17.6,0.0,30.0,madmom
C0vS_SbaaFI.wav,18.13,0.0,30.0,madmom
C0vS_SbaaFI.wav,18.66,0.0,30.0,madmom
C0vS_SbaaFI.wav,19.19,0.0,30.0,madmom
C0vS_SbaaFI.wav,19.7,0.0,30.0,madmom
C0vS_SbaaFI.wav,20.24,0.0,30.0,madmom
C0vS_SbaaFI.wav,20.77,0.0,30.0,madmom
C0vS_SbaaFI.wav,21.29,0.0,30.0,madmom
C0vS_SbaaFI.wav,21.82,0.0,30.0,madmom
C0vS_SbaaFI.wav,22.34,0.0,30.0,madmom
C0vS_SbaaFI.wav,22.88,0.0,30.0,madmom
C0vS_SbaaFI.wav,23.4,0.0,30.0,madmom
C0vS_SbaaFI.wav,23.92,0.0,30.0,madmom
C0vS_SbaaFI.wav,24.45,0.0,30.0,madmom
C0vS_SbaaFI.wav,24.98,0.0,30.0,madmom
C0vS_SbaaFI.wav,25.52,0.0,30.0,madmom
C0vS_SbaaFI.wav,26.02,0.0,30.0,madmom
C0vS_SbaaFI.wav,26.55,0.0,30.0,madmom
C0vS_SbaaFI.wav,27.1,0.0,30.0,madmom
C0vS_SbaaFI.wav,27.63,0.0,30.0,madmom
C0vS_SbaaFI.wav,28.13,0.0,30.0,madmom
C0vS_SbaaFI.wav,28.65,0.0,30.0,madmom
C0vS_SbaaFI.wav,29.19,0.0,30.0,madmom
C0vS_SbaaFI.wav,29.73,0.0,30.0,madmom
CDetbKTJ1dY.wav,0.21,0.0,30.0,madmom
CDetbKTJ1dY.wav,0.79,0.0,30.0,madmom
CDetbKTJ1dY.wav,1.39,0.0,30.0,madmom
CDetbKTJ1dY.wav,1.95,0.0,30.0,madmom
CDetbKTJ1dY.wav,2.52,0.0,30.0,madmom
CDetbKTJ1dY.wav,3.09,0.0,30.0,madmom
CDetbKTJ1dY.wav,3.68,0.0,30.0,madmom
CDetbKTJ1dY.wav,4.25,0.0,30.0,madmom
CDetbKTJ1dY.wav,4.82,0.0,30.0,madmom
CDetbKTJ1dY.wav,5.4,0.0,30.0,madmom
CDetbKTJ1dY.wav,6.01,0.0,30.0,madmom
CDetbKTJ1dY.wav,6.56,0.0,30.0,madmom
CDetbKTJ1dY.wav,7.17,0.0,30.0,madmom
CDetbKTJ1dY.wav,7.71,0.0,30.0,madmom
CDetbKTJ1dY.wav,8.31,0.0,30.0,madmom
CDetbKTJ1dY.wav,8.87,0.0,30.0,madmom
CDetbKTJ1dY.wav,9.46,0.0,30.0,madmom
CDetbKTJ1dY.wav,10.02,0.0,30.0,madmom
CDetbKTJ1dY.wav,10.61,0.0,30.0,madmom
CDetbKTJ1dY.wav,11.18,0.0,30.0,madmom
CDetbKTJ1dY.wav,11.78,0.0,30.0,madmom
CDetbKTJ1dY.wav,12.33,0.0,30.0,madmom
CDetbKTJ1dY.wav,12.93,0.0,30.0,madmom
CDetbKTJ1dY.wav,13.48,0.0,30.0,madmom
CDetbKTJ1dY.wav,14.05,0.0,30.0,madmom
CDetbKTJ1dY.wav,14.64,0.0,30.0,madmom
CDetbKTJ1dY.wav,15.21,0.0,30.0,madmom
CDetbKTJ1dY.wav,15.79,0.0,30.0,madmom
CDetbKTJ1dY.wav,16.39,0.0,30.0,madmom
CDetbKTJ1dY.wav,16.95,0.0,30.0,madmom
CDetbKTJ1dY.wav,17.54,0.0,30.0,madmom
CDetbKTJ1dY.wav,18.1,0.0,30.0,madmom
CDetbKTJ1dY.wav,18.68,0.0,30.0,madmom
CDetbKTJ1dY.wav,19.25,0.0,30.0,madmom
CDetbKTJ1dY.wav,19.85,0.0,30.0,madmom
CDetbKTJ1dY.wav,20.41,0.0,30.0,madmom
CDetbKTJ1dY.wav,21.0,0.0,30.0,madmom
CDetbKTJ1dY.wav,21.56,0.0,30.0,madmom
CDetbKTJ1dY.wav,22.15,0.0,30.0,madmom
CDetbKTJ1dY.wav,22.71,0.0,30.0,madmom
CDetbKTJ1dY.wav,23.32,0.0,30.0,madmom
CDetbKTJ1dY.wav,23.88,0.0,30.0,madmom
CDetbKTJ1dY.wav,24.46,0.0,30.0,madmom
CDetbKTJ1dY.wav,25.02,0.0,30.0,madmom
CDetbKTJ1dY.wav,25.6,0.0,30.0,madmom
CDetbKTJ1dY.wav,26.18,0.0,30.0,madmom
CDetbKTJ1dY.wav,26.74,0.0,30.0,madmom
CDetbKTJ1dY.wav,27.33,0.0,30.0,madmom
CDetbKTJ1dY.wav,27.9,0.0,30.0,madmom
CDetbKTJ1dY.wav,28.48,0.0,30.0,madmom
CDetbKTJ1dY.wav,29.06,0.0,30.0,madmom
CDetbKTJ1dY.wav,29.64,0.0,30.0,madmom
CpJMjyTMg1Q.wav,0.31,0.0,30.0,madmom
CpJMjyTMg1Q.wav,0.82,0.0,30.0,madmom
CpJMjyTMg1Q.wav,1.34,0.0,30.0,madmom
CpJMjyTMg1Q.wav,1.84,0.0,30.0,madmom
CpJMjyTMg1Q.wav,2.36,0.0,30.0,madmom
CpJMjyTMg1Q.wav,2.87,0.0,30.0,madmom
CpJMjyTMg1Q.wav,3.39,0.0,30.0,madmom
CpJMjyTMg1Q.wav,3.9,0.0,30.0,madmom
CpJMjyTMg1Q.wav,4.41,0.0,30.0,madmom
CpJMjyTMg1Q.wav,4.92,0.0,30.0,madmom
CpJMjyTMg1Q.wav,5.44,0.0,30.0,madmom
CpJMjyTMg1Q.wav,5.95,0.0,30.0,madmom
CpJMjyTMg1Q.wav,6.46,0.0,30.0,madmom
CpJMjyTMg1Q.wav,6.97,0.0,30.0,madmom
CpJMjyTMg1Q.wav,7.49,0.0,30.0,madmom
CpJMjyTMg1Q.wav,8.0,0.0,30.0,madmom
CpJMjyTMg1Q.wav,8.51,0.0,30.0,madmom
CpJMjyTMg1Q.wav,9.02,0.0,30.0,madmom
CpJMjyTMg1Q.wav,9.54,0.0,30.0,madmom
CpJMjyTMg1Q.wav,10.05,0.0,30.0,madmom
CpJMjyTMg1Q.wav,10.57,0.0,30.0,madmom
CpJMjyTMg1Q.wav,11.07,0.0,30.0,madmom
CpJMjyTMg1Q.wav,11.59,0.0,30.0,madmom
CpJMjyTMg1Q.wav,12.1,0.0,30.0,madmom
CpJMjyTMg1Q.wav,12.62,0.0,30.0,madmom
CpJMjyTMg1Q.wav,13.12,0.0,30.0,madmom
CpJMjyTMg1Q.wav,13.64,0.0,30.0,madmom
CpJMjyTMg1Q.wav,14.15,0.0,30.0,madmom
CpJMjyTMg1Q.wav,14.67,0.0,30.0,madmom
CpJMjyTMg1Q.wav,15.18,0.0,30.0,madmom
CpJMjyTMg1Q.wav,15.69,0.0,30.0,madmom
CpJMjyTMg1Q.wav,16.2,0.0,30.0,madmom
CpJMjyTMg1Q.wav,16.72,0.0,30.0,madmom
CpJMjyTMg1Q.wav,17.23,0.0,30.0,madmom
CpJMjyTMg1Q.wav,17.74,0.0,30.0,madmom
CpJMjyTMg1Q.wav,18.25,0.0,30.0,madmom
CpJMjyTMg1Q.wav,18.76,0.0,30.0,madmom
CpJMjyTMg1Q.wav,19.28,0.0,30.0,madmom
CpJMjyTMg1Q.wav,19.8,0.0,30.0,madmom
CpJMjyTMg1Q.wav,20.31,0.0,30.0,madmom
CpJMjyTMg1Q.wav,20.82,0.0,30.0,madmom
CpJMjyTMg1Q.wav,21.33,0.0,30.0,madmom
CpJMjyTMg1Q.wav,21.85,0.0,30.0,madmom
CpJMjyTMg1Q.wav,22.36,0.0,30.0,madmom
CpJMjyTMg1Q.wav,22.87,0.0,30.0,madmom
CpJMjyTMg1Q.wav,23.38,0.0,30.0,madmom
CpJMjyTMg1Q.wav,23.9,0.0,30.0,madmom
CpJMjyTMg1Q.wav,24.41,0.0,30.0,madmom
CpJMjyTMg1Q.wav,24.92,0.0,30.0,madmom
CpJMjyTMg1Q.wav,25.43,0.0,30.0,madmom
CpJMjyTMg1Q.wav,25.95,0.0,30.0,madmom
CpJMjyTMg1Q.wav,26.46,0.0,30.0,madmom
CpJMjyTMg1Q.wav,26.98,0.0,30.0,madmom
CpJMjyTMg1Q.wav,27.48,0.0,30.0,madmom
CpJMjyTMg1Q.wav,28.0,0.0,30.0,madmom
CpJMjyTMg1Q.wav,28.51,0.0,30.0,madmom
CpJMjyTMg1Q.wav,29.03,0.0,30.0,madmom
CpJMjyTMg1Q.wav,29.53,0.0,30.0,madmom
Cwkej79U3ek.wav,0.0,0.0,30.0,madmom
Cwkej79U3ek.wav,0.67,0.0,30.0,madmom
Cwkej79U3ek.wav,1.3,0.0,30.0,madmom
Cwkej79U3ek.wav,1.93,0.0,30.0,madmom
Cwkej79U3ek.wav,2.56,0.0,30.0,madmom
Cwkej79U3ek.wav,3.19,0.0,30.0,madmom
Cwkej79U3ek.wav,3.82,0.0,30.0,madmom
Cwkej79U3ek.wav,4.46,0.0,30.0,madmom
Cwkej79U3ek.wav,5.09,0.0,30.0,madmom
Cwkej79U3ek.wav,5.72,0.0,30.0,madmom
Cwkej79U3ek.wav,6.35,0.0,30.0,madmom
Cwkej79U3ek.wav,6.99,0.0,30.0,madmom
Cwkej79U3ek.wav,7.61,0.0,30.0,madmom
Cwkej79U3ek.wav,8.25,0.0,30.0,madmom
Cwkej79U3ek.wav,8.87,0.0,30.0,madmom
Cwkej79U3ek.wav,9.51,0.0,30.0,madmom
Cwkej79U3ek.wav,10.14,0.0,30.0,madmom
Cwkej79U3ek.wav,10.77,0.0,30.0,madmom
Cwkej79U3ek.wav,11.4,0.0,30.0,madmom
Cwkej79U3ek.wav,12.04,0.0,30.0,madmom
Cwkej79U3ek.wav,12.67,0.0,30.0,madmom
Cwkej79U3ek.wav,13.3,0.0,30.0,madmom
Cwkej79U3ek.wav,13.93,0.0,30.0,madmom
Cwkej79U3ek.wav,14.56,0.0,30.0,madmom
Cwkej79U3ek.wav,15.19,0.0,30.0,madmom
Cwkej79U3ek.wav,15.82,0.0,30.0,madmom
Cwkej79U3ek.wav,16.45,0.0,30.0,madmom
Cwkej79U3ek.wav,17.1,0.0,30.0,madmom
Cwkej79U3ek.wav,17.72,0.0,30.0,madmom
Cwkej79U3ek.wav,18.35,0.0,30.0,madmom
Cwkej79U3ek.wav,18.98,0.0,30.0,madmom
Cwkej79U3ek.wav,19.62,0.0,30.0,madmom
Cwkej79U3ek.wav,20.24,0.0,30.0,madmom
Cwkej79U3ek.wav,20.87,0.0,30.0,madmom
Cwkej79U3ek.wav,21.5,0.0,30.0,madmom
Cwkej79U3ek.wav,22.14,0.0,30.0,madmom
Cwkej79U3ek.wav,22.76,0.0,30.0,madmom
Cwkej79U3ek.wav,23.4,0.0,30.0,madmom
Cwkej79U3ek.wav,24.03,0.0,30.0,madmom
Cwkej79U3ek.wav,24.67,0.0,30.0,madmom
Cwkej79U3ek.wav,25.29,0.0,30.0,madmom
Cwkej79U3ek.wav,25.93,0.0,30.0,madmom
Cwkej79U3ek.wav,26.56,0.0,30.0,madmom
Cwkej79U3ek.wav,27.19,0.0,30.0,madmom
Cwkej79U3ek.wav,27.82,0.0,30.0,madmom
Cwkej79U3ek.wav,28.45,0.0,30.0,madmom
Cwkej79U3ek.wav,29.07,0.0,30.0,madmom
Cwkej79U3ek.wav,29.72,0.0,30.0,madmom
CzYrMns8QAg.wav,0.11,0.0,30.0,madmom
CzYrMns8QAg.wav,0.56,0.0,30.0,madmom
CzYrMns8QAg.wav,0.99,0.0,30.0,madmom
CzYrMns8QAg.wav,1.44,0.0,30.0,madmom
CzYrMns8QAg.wav,1.89,0.0,30.0,madmom
CzYrMns8QAg.wav,2.35,0.0,30.0,madmom
CzYrMns8QAg.wav,2.81,0.0,30.0,madmom
CzYrMns8QAg.wav,3.27,0.0,30.0,madmom
CzYrMns8QAg.wav,3.75,0.0,30.0,madmom
CzYrMns8QAg.wav,4.21,0.0,30.0,madmom
CzYrMns8QAg.wav,4.66,0.0,30.0,madmom
CzYrMns8QAg.wav,5.11,0.0,30.0,madmom
CzYrMns8QAg.wav,5.58,0.0,30.0,madmom
CzYrMns8QAg.wav,6.05,0.0,30.0,madmom
CzYrMns8QAg.wav,6.51,0.0,30.0,madmom
CzYrMns8QAg.wav,6.95,0.0,30.0,madmom
CzYrMns8QAg.wav,7.41,0.0,30.0,madmom
CzYrMns8QAg.wav,7.87,0.0,30.0,madmom
CzYrMns8QAg.wav,8.33,0.0,30.0,madmom
CzYrMns8QAg.wav,8.79,0.0,30.0,madmom
CzYrMns8QAg.wav,9.26,0.0,30.0,madmom
CzYrMns8QAg.wav,9.71,0.0,30.0,madmom
CzYrMns8QAg.wav,10.18,0.0,30.0,madmom
CzYrMns8QAg.wav,10.64,0.0,30.0,madmom
CzYrMns8QAg.wav,11.1,0.0,30.0,madmom
CzYrMns8QAg.wav,11.56,0.0,30.0,madmom
CzYrMns8QAg.wav,12.02,0.0,30.0,madmom
CzYrMns8QAg.wav,12.48,0.0,30.0,madmom
CzYrMns8QAg.wav,12.94,0.0,30.0,madmom
CzYrMns8QAg.wav,13.4,0.0,30.0,madmom
CzYrMns8QAg.wav,13.87,0.0,30.0,madmom
CzYrMns8QAg.wav,14.33,0.0,30.0,madmom
CzYrMns8QAg.wav,14.79,0.0,30.0,madmom
CzYrMns8QAg.wav,15.25,0.0,30.0,madmom
CzYrMns8QAg.wav,15.71,0.0,30.0,madmom
CzYrMns8QAg.wav,16.17,0.0,30.0,madmom
CzYrMns8QAg.wav,16.63,0.0,30.0,madmom
CzYrMns8QAg.wav,17.1,0.0,30.0,madmom
CzYrMns8QAg.wav,17.56,0.0,30.0,madmom
CzYrMns8QAg.wav,18.02,0.0,30.0,madmom
CzYrMns8QAg.wav,18.48,0.0,30.0,madmom
CzYrMns8QAg.wav,18.94,0.0,30.0,madmom
CzYrMns8QAg.wav,19.4,0.0,30.0,madmom
CzYrMns8QAg.wav,19.86,0.0,30.0,madmom
CzYrMns8QAg.wav,20.32,0.0,30.0,madmom
CzYrMns8QAg.wav,20.78,0.0,30.0,madmom
CzYrMns8QAg.wav,21.25,0.0,30.0,madmom
CzYrMns8QAg.wav,21.71,0.0,30.0,madmom
CzYrMns8QAg.wav,22.17,0.0,30.0,madmom
CzYrMns8QAg.wav,22.63,0.0,30.0,madmom
CzYrMns8QAg.wav,23.09,0.0,30.0,madmom
CzYrMns8QAg.wav,23.55,0.0,30.0,madmom
CzYrMns8QAg.wav,24.02,0.0,30.0,madmom
CzYrMns8QAg.wav,24.48,0.0,30.0,madmom
CzYrMns8QAg.wav,24.94,0.0,30.0,madmom
CzYrMns8QAg.wav,25.4,0.0,30.0,madmom
CzYrMns8QAg.wav,25.86,0.0,30.0,madmom
CzYrMns8QAg.wav,26.32,0.0,30.0,madmom
CzYrMns8QAg.wav,26.78,0.0,30.0,madmom
CzYrMns8QAg.wav,27.25,0.0,30.0,madmom
CzYrMns8QAg.wav,27.71,0.0,30.0,madmom
CzYrMns8QAg.wav,28.17,0.0,30.0,madmom
CzYrMns8QAg.wav,28.63,0.0,30.0,madmom
CzYrMns8QAg.wav,29.09,0.0,30.0,madmom
CzYrMns8QAg.wav,29.55,0.0,30.0,madmom
CzYrMns8QAg.wav,29.99,0.0,30.0,madmom
D3sueyrnhNw.wav,0.39,0.0,30.0,madmom
D3sueyrnhNw.wav,0.89,0.0,30.0,madmom
D3sueyrnhNw.wav,1.38,0.0,30.0,madmom
D3sueyrnhNw.wav,1.88,0.0,30.0,madmom
D3sueyrnhNw.wav,2.38,0.0,30.0,madmom
D3sueyrnhNw.wav,2.87,0.0,30.0,madmom
D3sueyrnhNw.wav,3.39,0.0,30.0,madmom
D3sueyrnhNw.wav,3.89,0.0,30.0,madmom
D3sueyrnhNw.wav,4.4,0.0,30.0,madmom
D3sueyrnhNw.wav,4.89,0.0,30.0,madmom
D3sueyrnhNw.wav,5.4,0.0,30.0,madmom
D3sueyrnhNw.wav,5.9,0.0,30.0,madmom
D3sueyrnhNw.wav,6.4,0.0,30.0,madmom
D3sueyrnhNw.wav,6.89,0.0,30.0,madmom
D3sueyrnhNw.wav,7.39,0.0,30.0,madmom
D3sueyrnhNw.wav,7.9,0.0,30.0,madmom
D3sueyrnhNw.wav,8.39,0.0,30.0,madmom
D3sueyrnhNw.wav,8.89,0.0,30.0,madmom
D3sueyrnhNw.wav,9.41,0.0,30.0,madmom
D3sueyrnhNw.wav,9.9,0.0,30.0,madmom
D3sueyrnhNw.wav,10.4,0.0,30.0,madmom
D3sueyrnhNw.wav,10.89,0.0,30.0,madmom
D3sueyrnhNw.wav,11.4,0.0,30.0,madmom
D3sueyrnhNw.wav,11.9,0.0,30.0,madmom
D3sueyrnhNw.wav,12.4,0.0,30.0,madmom
D3sueyrnhNw.wav,12.9,0.0,30.0,madmom
D3sueyrnhNw.wav,13.39,0.0,30.0,madmom
D3sueyrnhNw.wav,13.89,0.0,30.0,madmom
D3sueyrnhNw.wav,14.39,0.0,30.0,madmom
D3sueyrnhNw.wav,14.9,0.0,30.0,madmom
D3sueyrnhNw.wav,15.4,0.0,30.0,madmom
D3sueyrnhNw.wav,15.9,0.0,30.0,madmom
D3sueyrnhNw.wav,16.4,0.0,30.0,madmom
D3sueyrnhNw.wav,16.9,0.0,30.0,madmom
D3sueyrnhNw.wav,17.39,0.0,30.0,madmom
D3sueyrnhNw.wav,17.9,0.0,30.0,madmom
D3sueyrnhNw.wav,18.4,0.0,30.0,madmom
D3sueyrnhNw.wav,18.9,0.0,30.0,madmom
D3sueyrnhNw.wav,19.39,0.0,30.0,madmom
D3sueyrnhNw.wav,19.88,0.0,30.0,madmom
D3sueyrnhNw.wav,20.38,0.0,30.0,madmom
D3sueyrnhNw.wav,20.87,0.0,30.0,madmom
D3sueyrnhNw.wav,21.37,0.0,30.0,madmom
D3sueyrnhNw.wav,21.88,0.0,30.0,madmom
D3sueyrnhNw.wav,22.38,0.0,30.0,madmom
D3sueyrnhNw.wav,22.89,0.0,30.0,madmom
D3sueyrnhNw.wav,23.4,0.0,30.0,madmom
D3sueyrnhNw.wav,23.9,0.0,30.0,madmom
D3sueyrnhNw.wav,24.4,0.0,30.0,madmom
D3sueyrnhNw.wav,24.89,0.0,30.0,madmom
D3sueyrnhNw.wav,25.39,0.0,30.0,madmom
D3sueyrnhNw.wav,25.9,0.0,30.0,madmom
D3sueyrnhNw.wav,26.39,0.0,30.0,madmom
D3sueyrnhNw.wav,26.89,0.0,30.0,madmom
D3sueyrnhNw.wav,27.41,0.0,30.0,madmom
D3sueyrnhNw.wav,27.89,0.0,30.0,madmom
D3sueyrnhNw.wav,28.4,0.0,30.0,madmom
D3sueyrnhNw.wav,28.88,0.0,30.0,madmom
D3sueyrnhNw.wav,29.4,0.0,30.0,madmom
D3sueyrnhNw.wav,29.89,0.0,30.0,madmom
DGZLtb-MWp4.wav,0.01,0.0,30.0,madmom
DGZLtb-MWp4.wav,0.53,0.0,30.0,madmom
DGZLtb-MWp4.wav,1.06,0.0,30.0,madmom
DGZLtb-MWp4.wav,1.58,0.0,30.0,madmom
DGZLtb-MWp4.wav,2.11,0.0,30.0,madmom
DGZLtb-MWp4.wav,2.64,0.0,30.0,madmom
DGZLtb-MWp4.wav,3.16,0.0,30.0,madmom
DGZLtb-MWp4.wav,3.69,0.0,30.0,madmom
DGZLtb-MWp4.wav,4.21,0.0,30.0,madmom
DGZLtb-MWp4.wav,4.74,0.0,30.0,madmom
DGZLtb-MWp4.wav,5.27,0.0,30.0,madmom
DGZLtb-MWp4.wav,5.79,0.0,30.0,madmom
DGZLtb-MWp4.wav,6.32,0.0,30.0,madmom
DGZLtb-MWp4.wav,6.85,0.0,30.0,madmom
DGZLtb-MWp4.wav,7.37,0.0,30.0,madmom
DGZLtb-MWp4.wav,7.9,0.0,30.0,madmom
DGZLtb-MWp4.wav,8.42,0.0,30.0,madmom
DGZLtb-MWp4.wav,8.95,0.0,30.0,madmom
DGZLtb-MWp4.wav,9.48,0.0,30.0,madmom
DGZLtb-MWp4.wav,10.0,0.0,30.0,madmom
DGZLtb-MWp4.wav,10.54,0.0,30.0,madmom
DGZLtb-MWp4.wav,11.06,0.0,30.0,madmom
DGZLtb-MWp4.wav,11.59,0.0,30.0,madmom
DGZLtb-MWp4.wav,12.11,0.0,30.0,madmom
DGZLtb-MWp4.wav,12.65,0.0,30.0,madmom
DGZLtb-MWp4.wav,13.16,0.0,30.0,madmom
DGZLtb-MWp4.wav,13.69,0.0,30.0,madmom
DGZLtb-MWp4.wav,14.21,0.0,30.0,madmom
DGZLtb-MWp4.wav,14.75,0.0,30.0,madmom
DGZLtb-MWp4.wav,15.28,0.0,30.0,madmom
DGZLtb-MWp4.wav,15.79,0.0,30.0,madmom
DGZLtb-MWp4.wav,16.32,0.0,30.0,madmom
DGZLtb-MWp4.wav,16.84,0.0,30.0,madmom
DGZLtb-MWp4.wav,17.37,0.0,30.0,madmom
DGZLtb-MWp4.wav,17.9,0.0,30.0,madmom
DGZLtb-MWp4.wav,18.42,0.0,30.0,madmom
DGZLtb-MWp4.wav,18.94,0.0,30.0,madmom
DGZLtb-MWp4.wav,19.47,0.0,30.0,madmom
DGZLtb-MWp4.wav,19.98,0.0,30.0,madmom
DGZLtb-MWp4.wav,20.52,0.0,30.0,madmom
DGZLtb-MWp4.wav,21.06,0.0,30.0,madmom
DGZLtb-MWp4.wav,21.58,0.0,30.0,madmom
DGZLtb-MWp4.wav,22.11,0.0,30.0,madmom
DGZLtb-MWp4.wav,22.63,0.0,30.0,madmom
DGZLtb-MWp4.wav,23.16,0.0,30.0,madmom
DGZLtb-MWp4.wav,23.69,0.0,30.0,madmom
DGZLtb-MWp4.wav,24.21,0.0,30.0,madmom
DGZLtb-MWp4.wav,24.74,0.0,30.0,madmom
DGZLtb-MWp4.wav,25.27,0.0,30.0,madmom
DGZLtb-MWp4.wav,25.79,0.0,30.0,madmom
DGZLtb-MWp4.wav,26.32,0.0,30.0,madmom
DGZLtb-MWp4.wav,26.85,0.0,30.0,madmom
DGZLtb-MWp4.wav,27.38,0.0,30.0,madmom
DGZLtb-MWp4.wav,27.88,0.0,30.0,madmom
DGZLtb-MWp4.wav,28.42,0.0,30.0,madmom
DGZLtb-MWp4.wav,28.95,0.0,30.0,madmom
DGZLtb-MWp4.wav,29.47,0.0,30.0,madmom
DGZLtb-MWp4.wav,29.99,0.0,30.0,madmom
DO5TjDsrRpM.wav,0.29,0.0,30.0,madmom
DO5TjDsrRpM.wav,0.93,0.0,30.0,madmom
DO5TjDsrRpM.wav,1.54,0.0,30.0,madmom
DO5TjDsrRpM.wav,2.16,0.0,30.0,madmom
DO5TjDsrRpM.wav,2.77,0.0,30.0,madmom
DO5TjDsrRpM.wav,3.41,0.0,30.0,madmom
DO5TjDsrRpM.wav,4.01,0.0,30.0,madmom
DO5TjDsrRpM.wav,4.64,0.0,30.0,madmom
DO5TjDsrRpM.wav,5.24,0.0,30.0,madmom
DO5TjDsrRpM.wav,5.88,0.0,30.0,madmom
DO5TjDsrRpM.wav,6.48,0.0,30.0,madmom
DO5TjDsrRpM.wav,7.11,0.0,30.0,madmom
DO5TjDsrRpM.wav,7.72,0.0,30.0,madmom
DO5TjDsrRpM.wav,8.35,0.0,30.0,madmom
DO5TjDsrRpM.wav,8.96,0.0,30.0,madmom
DO5TjDsrRpM.wav,9.59,0.0,30.0,madmom
DO5TjDsrRpM.wav,10.19,0.0,30.0,madmom
DO5TjDsrRpM.wav,10.82,0.0,30.0,madmom
DO5TjDsrRpM.wav,11.43,0.0,30.0,madmom
DO5TjDsrRpM.wav,12.06,0.0,30.0,madmom
DO5TjDsrRpM.wav,12.66,0.0,30.0,madmom
DO5TjDsrRpM.wav,13.3,0.0,30.0,madmom
DO5TjDsrRpM.wav,13.9,0.0,30.0,madmom
DO5TjDsrRpM.wav,14.53,0.0,30.0,madmom
DO5TjDsrRpM.wav,15.14,0.0,30.0,madmom
DO5TjDsrRpM.wav,15.77,0.0,30.0,madmom
DO5TjDsrRpM.wav,16.38,0.0,30.0,madmom
DO5TjDsrRpM.wav,17.01,0.0,30.0,madmom
DO5TjDsrRpM.wav,17.61,0.0,30.0,madmom
DO5TjDsrRpM.wav,18.25,0.0,30.0,madmom
DO5TjDsrRpM.wav,18.85,0.0,30.0,madmom
DO5TjDsrRpM.wav,19.48,0.0,30.0,madmom
DO5TjDsrRpM.wav,20.09,0.0,30.0,madmom
DO5TjDsrRpM.wav,20.72,0.0,30.0,madmom
DO5TjDsrRpM.wav,21.33,0.0,30.0,madmom
DO5TjDsrRpM.wav,21.96,0.0,30.0,madmom
DO5TjDsrRpM.wav,22.56,0.0,30.0,madmom
DO5TjDsrRpM.wav,23.19,0.0,30.0,madmom
DO5TjDsrRpM.wav,23.8,0.0,30.0,madmom
DO5TjDsrRpM.wav,24.43,0.0,30.0,madmom
DO5TjDsrRpM.wav,25.04,0.0,30.0,madmom
DO5TjDsrRpM.wav,25.67,0.0,30.0,madmom
DO5TjDsrRpM.wav,26.27,0.0,30.0,madmom
DO5TjDsrRpM.wav,26.91,0.0,30.0,madmom
DO5TjDsrRpM.wav,27.51,0.0,30.0,madmom
DO5TjDsrRpM.wav,28.14,0.0,30.0,madmom
DO5TjDsrRpM.wav,28.75,0.0,30.0,madmom
DO5TjDsrRpM.wav,29.38,0.0,30.0,madmom
DO5TjDsrRpM.wav,29.98,0.0,30.0,madmom
DgT4CPv_CCE.wav,0.46,0.0,30.0,madmom
DgT4CPv_CCE.wav,0.96,0.0,30.0,madmom
DgT4CPv_CCE.wav,1.47,0.0,30.0,madmom
DgT4CPv_CCE.wav,1.96,0.0,30.0,madmom
DgT4CPv_CCE.wav,2.47,0.0,30.0,madmom
DgT4CPv_CCE.wav,2.97,0.0,30.0,madmom
DgT4CPv_CCE.wav,3.47,0.0,30.0,madmom
DgT4CPv_CCE.wav,3.96,0.0,30.0,madmom
DgT4CPv_CCE.wav,4.47,0.0,30.0,madmom
DgT4CPv_CCE.wav,4.96,0.0,30.0,madmom
DgT4CPv_CCE.wav,5.47,0.0,30.0,madmom
DgT4CPv_CCE.wav,5.96,0.0,30.0,madmom
DgT4CPv_CCE.wav,6.47,0.0,30.0,madmom
DgT4CPv_CCE.wav,6.97,0.0,30.0,madmom
DgT4CPv_CCE.wav,7.46,0.0,30.0,madmom
DgT4CPv_CCE.wav,7.96,0.0,30.0,madmom
DgT4CPv_CCE.wav,8.47,0.0,30.0,madmom
DgT4CPv_CCE.wav,8.96,0.0,30.0,madmom
DgT4CPv_CCE.wav,9.46,0.0,30.0,madmom
DgT4CPv_CCE.wav,9.96,0.0,30.0,madmom
DgT4CPv_CCE.wav,10.47,0.0,30.0,madmom
DgT4CPv_CCE.wav,10.98,0.0,30.0,madmom
DgT4CPv_CCE.wav,11.46,0.0,30.0,madmom
DgT4CPv_CCE.wav,11.96,0.0,30.0,madmom
DgT4CPv_CCE.wav,12.47,0.0,30.0,madmom
DgT4CPv_CCE.wav,12.96,0.0,30.0,madmom
DgT4CPv_CCE.wav,13.47,0.0,30.0,madmom
DgT4CPv_CCE.wav,13.96,0.0,30.0,madmom
DgT4CPv_CCE.wav,14.46,0.0,30.0,madmom
DgT4CPv_CCE.wav,14.97,0.0,30.0,madmom
DgT4CPv_CCE.wav,15.46,0.0,30.0,madmom
DgT4CPv_CCE.wav,15.97,0.0,30.0,madmom
DgT4CPv_CCE.wav,16.47,0.0,30.0,madmom
DgT4CPv_CCE.wav,16.97,0.0,30.0,madmom
DgT4CPv_CCE.wav,17.47,0.0,30.0,madmom
DgT4CPv_CCE.wav,17.96,0.0,30.0,madmom
DgT4CPv_CCE.wav,18.46,0.0,30.0,madmom
DgT4CPv_CCE.wav,18.96,0.0,30.0,madmom
DgT4CPv_CCE.wav,19.46,0.0,30.0,madmom
DgT4CPv_CCE.wav,19.97,0.0,30.0,madmom
DgT4CPv_CCE.wav,20.47,0.0,30.0,madmom
DgT4CPv_CCE.wav,20.97,0.0,30.0,madmom
DgT4CPv_CCE.wav,21.47,0.0,30.0,madmom
DgT4CPv_CCE.wav,21.97,0.0,30.0,madmom
DgT4CPv_CCE.wav,22.46,0.0,30.0,madmom
DgT4CPv_CCE.wav,22.96,0.0,30.0,madmom
DgT4CPv_CCE.wav,23.46,0.0,30.0,madmom
DgT4CPv_CCE.wav,23.97,0.0,30.0,madmom
DgT4CPv_CCE.wav,24.47,0.0,30.0,madmom
DgT4CPv_CCE.wav,24.97,0.0,30.0,madmom
DgT4CPv_CCE.wav,25.47,0.0,30.0,madmom
DgT4CPv_CCE.wav,25.97,0.0,30.0,madmom
DgT4CPv_CCE.wav,26.46,0.0,30.0,madmom
DgT4CPv_CCE.wav,26.96,0.0,30.0,madmom
DgT4CPv_CCE.wav,27.47,0.0,30.0,madmom
DgT4CPv_CCE.wav,27.97,0.0,30.0,madmom
DgT4CPv_CCE.wav,28.46,0.0,30.0,madmom
DgT4CPv_CCE.wav,28.96,0.0,30.0,madmom
DgT4CPv_CCE.wav,29.47,0.0,30.0,madmom
DgT4CPv_CCE.wav,29.97,0.0,30.0,madmom
E2fPGGZgp-M.wav,0.15,0.0,30.0,madmom
E2fPGGZgp-M.wav,0.79,0.0,30.0,madmom
E2fPGGZgp-M.wav,1.41,0.0,30.0,madmom
E2fPGGZgp-M.wav,2.04,0.0,30.0,madmom
E2fPGGZgp-M.wav,2.68,0.0,30.0,madmom
E2fPGGZgp-M.wav,3.31,0.0,30.0,madmom
E2fPGGZgp-M.wav,3.94,0.0,30.0,madmom
E2fPGGZgp-M.wav,4.57,0.0,30.0,madmom
E2fPGGZgp-M.wav,5.2,0.0,30.0,madmom
E2fPGGZgp-M.wav,5.83,0.0,30.0,madmom
E2fPGGZgp-M.wav,6.46,0.0,30.0,madmom
E2fPGGZgp-M.wav,7.1,0.0,30.0,madmom
E2fPGGZgp-M.wav,7.74,0.0,30.0,madmom
E2fPGGZgp-M.wav,8.36,0.0,30.0,madmom
E2fPGGZgp-M.wav,8.98,0.0,30.0,madmom
E2fPGGZgp-M.wav,9.61,0.0,30.0,madmom
E2fPGGZgp-M.wav,10.24,0.0,30.0,madmom
E2fPGGZgp-M.wav,10.89,0.0,30.0,madmom
E2fPGGZgp-M.wav,11.49,0.0,30.0,madmom
E2fPGGZgp-M.wav,12.15,0.0,30.0,madmom
E2fPGGZgp-M.wav,12.79,0.0,30.0,madmom
E2fPGGZgp-M.wav,13.41,0.0,30.0,madmom
E2fPGGZgp-M.wav,14.05,0.0,30.0,madmom
E2fPGGZgp-M.wav,14.67,0.0,30.0,madmom
E2fPGGZgp-M.wav,15.31,0.0,30.0,madmom
E2fPGGZgp-M.wav,15.94,0.0,30.0,madmom
E2fPGGZgp-M.wav,16.57,0.0,30.0,madmom
E2fPGGZgp-M.wav,17.2,0.0,30.0,madmom
E2fPGGZgp-M.wav,17.84,0.0,30.0,madmom
E2fPGGZgp-M.wav,18.47,0.0,30.0,madmom
E2fPGGZgp-M.wav,19.07,0.0,30.0,madmom
E2fPGGZgp-M.wav,19.73,0.0,30.0,madmom
E2fPGGZgp-M.wav,20.36,0.0,30.0,madmom
E2fPGGZgp-M.wav,20.99,0.0,30.0,madmom
E2fPGGZgp-M.wav,21.63,0.0,30.0,madmom
E2fPGGZgp-M.wav,22.25,0.0,30.0,madmom
E2fPGGZgp-M.wav,22.88,0.0,30.0,madmom
E2fPGGZgp-M.wav,23.52,0.0,30.0,madmom
E2fPGGZgp-M.wav,24.15,0.0,30.0,madmom
E2fPGGZgp-M.wav,24.78,0.0,30.0,madmom
E2fPGGZgp-M.wav,25.42,0.0,30.0,madmom
E2fPGGZgp-M.wav,26.04,0.0,30.0,madmom
E2fPGGZgp-M.wav,26.68,0.0,30.0,madmom
E2fPGGZgp-M.wav,27.31,0.0,30.0,madmom
E2fPGGZgp-M.wav,27.94,0.0,30.0,madmom
E2fPGGZgp-M.wav,28.57,0.0,30.0,madmom
E2fPGGZgp-M.wav,29.21,0.0,30.0,madmom
E2fPGGZgp-M.wav,29.83,0.0,30.0,madmom
E3bbJ3GMi48.wav,0.07,0.0,30.0,madmom
E3bbJ3GMi48.wav,0.66,0.0,30.0,madmom
E3bbJ3GMi48.wav,1.25,0.0,30.0,madmom
E3bbJ3GMi48.wav,1.88,0.0,30.0,madmom
E3bbJ3GMi48.wav,2.5,0.0,30.0,madmom
E3bbJ3GMi48.wav,3.11,0.0,30.0,madmom
E3bbJ3GMi48.wav,3.72,0.0,30.0,madmom
E3bbJ3GMi48.wav,4.31,0.0,30.0,madmom
E3bbJ3GMi48.wav,4.9,0.0,30.0,madmom
E3bbJ3GMi48.wav,5.54,0.0,30.0,madmom
E3bbJ3GMi48.wav,6.14,0.0,30.0,madmom
E3bbJ3GMi48.wav,6.73,0.0,30.0,madmom
E3bbJ3GMi48.wav,7.34,0.0,30.0,madmom
E3bbJ3GMi48.wav,7.96,0.0,30.0,madmom
E3bbJ3GMi48.wav,8.57,0.0,30.0,madmom
E3bbJ3GMi48.wav,9.2,0.0,30.0,madmom
E3bbJ3GMi48.wav,9.79,0.0,30.0,madmom
E3bbJ3GMi48.wav,10.37,0.0,30.0,madmom
E3bbJ3GMi48.wav,10.99,0.0,30.0,madmom
E3bbJ3GMi48.wav,11.6,0.0,30.0,madmom
E3bbJ3GMi48.wav,12.22,0.0,30.0,madmom
E3bbJ3GMi48.wav,12.84,0.0,30.0,madmom
E3bbJ3GMi48.wav,13.43,0.0,30.0,madmom
E3bbJ3GMi48.wav,14.03,0.0,30.0,madmom
E3bbJ3GMi48.wav,14.67,0.0,30.0,madmom
E3bbJ3GMi48.wav,15.27,0.0,30.0,madmom
E3bbJ3GMi48.wav,15.87,0.0,30.0,madmom
E3bbJ3GMi48.wav,16.48,0.0,30.0,madmom
E3bbJ3GMi48.wav,17.11,0.0,30.0,madmom
E3bbJ3GMi48.wav,17.69,0.0,30.0,madmom
E3bbJ3GMi48.wav,18.31,0.0,30.0,madmom
E3bbJ3GMi48.wav,18.94,0.0,30.0,madmom
E3bbJ3GMi48.wav,19.55,0.0,30.0,madmom
E3bbJ3GMi48.wav,20.15,0.0,30.0,madmom
E3bbJ3GMi48.wav,20.77,0.0,30.0,madmom
E3bbJ3GMi48.wav,21.36,0.0,30.0,madmom
E3bbJ3GMi48.wav,21.96,0.0,30.0,madmom
E3bbJ3GMi48.wav,22.6,0.0,30.0,madmom
E3bbJ3GMi48.wav,23.21,0.0,30.0,madmom
E3bbJ3GMi48.wav,23.81,0.0,30.0,madmom
E3bbJ3GMi48.wav,24.42,0.0,30.0,madmom
E3bbJ3GMi48.wav,25.02,0.0,30.0,madmom
E3bbJ3GMi48.wav,25.62,0.0,30.0,madmom
E3bbJ3GMi48.wav,26.26,0.0,30.0,madmom
E3bbJ3GMi48.wav,26.87,0.0,30.0,madmom
E3bbJ3GMi48.wav,27.47,0.0,30.0,madmom
E3bbJ3GMi48.wav,28.06,0.0,30.0,madmom
E3bbJ3GMi48.wav,28.67,0.0,30.0,madmom
E3bbJ3GMi48.wav,29.27,0.0,30.0,madmom
E3bbJ3GMi48.wav,29.88,0.0,30.0,madmom
E6uudzXoTJo.wav,0.27,0.0,30.0,madmom
E6uudzXoTJo.wav,0.75,0.0,30.0,madmom
E6uudzXoTJo.wav,1.23,0.0,30.0,madmom
E6uudzXoTJo.wav,1.71,0.0,30.0,madmom
E6uudzXoTJo.wav,2.2,0.0,30.0,madmom
E6uudzXoTJo.wav,2.67,0.0,30.0,madmom
E6uudzXoTJo.wav,3.15,0.0,30.0,madmom
E6uudzXoTJo.wav,3.64,0.0,30.0,madmom
E6uudzXoTJo.wav,4.12,0.0,30.0,madmom
E6uudzXoTJo.wav,4.59,0.0,30.0,madmom
E6uudzXoTJo.wav,5.07,0.0,30.0,madmom
E6uudzXoTJo.wav,5.55,0.0,30.0,madmom
E6uudzXoTJo.wav,6.04,0.0,30.0,madmom
E6uudzXoTJo.wav,6.51,0.0,30.0,madmom
E6uudzXoTJo.wav,7.0,0.0,30.0,madmom
E6uudzXoTJo.wav,7.47,0.0,30.0,madmom
E6uudzXoTJo.wav,7.96,0.0,30.0,madmom
E6uudzXoTJo.wav,8.43,0.0,30.0,madmom
E6uudzXoTJo.wav,8.91,0.0,30.0,madmom
E6uudzXoTJo.wav,9.4,0.0,30.0,madmom
E6uudzXoTJo.wav,9.88,0.0,30.0,madmom
E6uudzXoTJo.wav,10.36,0.0,30.0,madmom
E6uudzXoTJo.wav,10.83,0.0,30.0,madmom
E6uudzXoTJo.wav,11.32,0.0,30.0,madmom
E6uudzXoTJo.wav,11.8,0.0,30.0,madmom
E6uudzXoTJo.wav,12.27,0.0,30.0,madmom
E6uudzXoTJo.wav,12.75,0.0,30.0,madmom
E6uudzXoTJo.wav,13.23,0.0,30.0,madmom
E6uudzXoTJo.wav,13.72,0.0,30.0,madmom
E6uudzXoTJo.wav,14.19,0.0,30.0,madmom
E6uudzXoTJo.wav,14.67,0.0,30.0,madmom
E6uudzXoTJo.wav,15.15,0.0,30.0,madmom
E6uudzXoTJo.wav,15.63,0.0,30.0,madmom
E6uudzXoTJo.wav,16.11,0.0,30.0,madmom
E6uudzXoTJo.wav,16.59,0.0,30.0,madmom
E6uudzXoTJo.wav,17.08,0.0,30.0,madmom
E6uudzXoTJo.wav,17.56,0.0,30.0,madmom
E6uudzXoTJo.wav,18.04,0.0,30.0,madmom
E6uudzXoTJo.wav,18.51,0.0,30.0,madmom
E6uudzXoTJo.wav,19.0,0.0,30.0,madmom
E6uudzXoTJo.wav,19.46,0.0,30.0,madmom
E6uudzXoTJo.wav,19.96,0.0,30.0,madmom
E6uudzXoTJo.wav,20.44,0.0,30.0,madmom
E6uudzXoTJo.wav,20.92,0.0,30.0,madmom
E6uudzXoTJo.wav,21.39,0.0,30.0,madmom
E6uudzXoTJo.wav,21.87,0.0,30.0,madmom
E6uudzXoTJo.wav,22.35,0.0,30.0,madmom
E6uudzXoTJo.wav,22.82,0.0,30.0,madmom
E6uudzXoTJo.wav,23.32,0.0,30.0,madmom
E6uudzXoTJo.wav,23.79,0.0,30.0,madmom
E6uudzXoTJo.wav,24.27,0.0,30.0,madmom
E6uudzXoTJo.wav,24.76,0.0,30.0,madmom
E6uudzXoTJo.wav,25.23,0.0,30.0,madmom
E6uudzXoTJo.wav,25.72,0.0,30.0,madmom
E6uudzXoTJo.wav,26.19,0.0,30.0,madmom
E6uudzXoTJo.wav,26.68,0.0,30.0,madmom
E6uudzXoTJo.wav,27.15,0.0,30.0,madmom
E6uudzXoTJo.wav,27.64,0.0,30.0,madmom
E6uudzXoTJo.wav,28.11,0.0,30.0,madmom
E6uudzXoTJo.wav,28.58,0.0,30.0,madmom
E6uudzXoTJo.wav,29.07,0.0,30.0,madmom
E6uudzXoTJo.wav,29.55,0.0,30.0,madmom
Fwc3x6UOTUw.wav,0.34,0.0,30.0,madmom
Fwc3x6UOTUw.wav,0.9,0.0,30.0,madmom
Fwc3x6UOTUw.wav,1.47,0.0,30.0,madmom
Fwc3x6UOTUw.wav,2.03,0.0,30.0,madmom
Fwc3x6UOTUw.wav,2.61,0.0,30.0,madmom
Fwc3x6UOTUw.wav,3.19,0.0,30.0,madmom
Fwc3x6UOTUw.wav,3.76,0.0,30.0,madmom
Fwc3x6UOTUw.wav,4.33,0.0,30.0,madmom
Fwc3x6UOTUw.wav,4.89,0.0,30.0,madmom
Fwc3x6UOTUw.wav,5.47,0.0,30.0,madmom
Fwc3x6UOTUw.wav,6.04,0.0,30.0,madmom
Fwc3x6UOTUw.wav,6.62,0.0,30.0,madmom
Fwc3x6UOTUw.wav,7.19,0.0,30.0,madmom
Fwc3x6UOTUw.wav,7.78,0.0,30.0,madmom
Fwc3x6UOTUw.wav,8.32,0.0,30.0,madmom
Fwc3x6UOTUw.wav,8.9,0.0,30.0,madmom
Fwc3x6UOTUw.wav,9.48,0.0,30.0,madmom
Fwc3x6UOTUw.wav,10.06,0.0,30.0,madmom
Fwc3x6UOTUw.wav,10.61,0.0,30.0,madmom
Fwc3x6UOTUw.wav,11.19,0.0,30.0,madmom
Fwc3x6UOTUw.wav,11.77,0.0,30.0,madmom
Fwc3x6UOTUw.wav,12.33,0.0,30.0,madmom
Fwc3x6UOTUw.wav,12.9,0.0,30.0,madmom
Fwc3x6UOTUw.wav,13.47,0.0,30.0,madmom
Fwc3x6UOTUw.wav,14.04,0.0,30.0,madmom
Fwc3x6UOTUw.wav,14.61,0.0,30.0,madmom
Fwc3x6UOTUw.wav,15.16,0.0,30.0,madmom
Fwc3x6UOTUw.wav,15.76,0.0,30.0,madmom
Fwc3x6UOTUw.wav,16.34,0.0,30.0,madmom
Fwc3x6UOTUw.wav,16.9,0.0,30.0,madmom
Fwc3x6UOTUw.wav,17.46,0.0,30.0,madmom
Fwc3x6UOTUw.wav,18.05,0.0,30.0,madmom
Fwc3x6UOTUw.wav,18.6,0.0,30.0,madmom
Fwc3x6UOTUw.wav,19.18,0.0,30.0,madmom
Fwc3x6UOTUw.wav,19.76,0.0,30.0,madmom
Fwc3x6UOTUw.wav,20.33,0.0,30.0,madmom
Fwc3x6UOTUw.wav,20.9,0.0,30.0,madmom
Fwc3x6UOTUw.wav,21.46,0.0,30.0,madmom
Fwc3x6UOTUw.wav,22.04,0.0,30.0,madmom
Fwc3x6UOTUw.wav,22.62,0.0,30.0,madmom
Fwc3x6UOTUw.wav,23.19,0.0,30.0,madmom
Fwc3x6UOTUw.wav,23.76,0.0,30.0,madmom
Fwc3x6UOTUw.wav,24.34,0.0,30.0,madmom
Fwc3x6UOTUw.wav,24.9,0.0,30.0,madmom
Fwc3x6UOTUw.wav,25.48,0.0,30.0,madmom
Fwc3x6UOTUw.wav,26.05,0.0,30.0,madmom
Fwc3x6UOTUw.wav,26.62,0.0,30.0,madmom
Fwc3x6UOTUw.wav,27.2,0.0,30.0,madmom
Fwc3x6UOTUw.wav,27.77,0.0,30.0,madmom
Fwc3x6UOTUw.wav,28.33,0.0,30.0,madmom
Fwc3x6UOTUw.wav,28.91,0.0,30.0,madmom
Fwc3x6UOTUw.wav,29.48,0.0,30.0,madmom
G4WTl1KqSVw.wav,0.14,0.0,30.0,madmom
G4WTl1KqSVw.wav,0.62,0.0,30.0,madmom
G4WTl1KqSVw.wav,1.14,0.0,30.0,madmom
G4WTl1KqSVw.wav,1.63,0.0,30.0,madmom
G4WTl1KqSVw.wav,2.14,0.0,30.0,madmom
G4WTl1KqSVw.wav,2.62,0.0,30.0,madmom
G4WTl1KqSVw.wav,3.13,0.0,30.0,madmom
G4WTl1KqSVw.wav,3.61,0.0,30.0,madmom
G4WTl1KqSVw.wav,4.13,0.0,30.0,madmom
G4WTl1KqSVw.wav,4.63,0.0,30.0,madmom
G4WTl1KqSVw.wav,5.14,0.0,30.0,madmom
G4WTl1KqSVw.wav,5.62,0.0,30.0,madmom
G4WTl1KqSVw.wav,6.13,0.0,30.0,madmom
G4WTl1KqSVw.wav,6.64,0.0,30.0,madmom
G4WTl1KqSVw.wav,7.12,0.0,30.0,madmom
G4WTl1KqSVw.wav,7.63,0.0,30.0,madmom
G4WTl1KqSVw.wav,8.14,0.0,30.0,madmom
G4WTl1KqSVw.wav,8.61,0.0,30.0,madmom
G4WTl1KqSVw.wav,9.11,0.0,30.0,madmom
G4WTl1KqSVw.wav,9.62,0.0,30.0,madmom
G4WTl1KqSVw.wav,10.13,0.0,30.0,madmom
G4WTl1KqSVw.wav,10.62,0.0,30.0,madmom
G4WTl1KqSVw.wav,11.12,0.0,30.0,madmom
G4WTl1KqSVw.wav,11.63,0.0,30.0,madmom
G4WTl1KqSVw.wav,12.13,0.0,30.0,madmom
G4WTl1KqSVw.wav,12.62,0.0,30.0,madmom
G4WTl1KqSVw.wav,13.14,0.0,30.0,madmom
G4WTl1KqSVw.wav,13.63,0.0,30.0,madmom
G4WTl1KqSVw.wav,14.12,0.0,30.0,madmom
G4WTl1KqSVw.wav,14.64,0.0,30.0,madmom
G4WTl1KqSVw.wav,15.14,0.0,30.0,madmom
G4WTl1KqSVw.wav,15.64,0.0,30.0,madmom
G4WTl1KqSVw.wav,16.14,0.0,30.0,madmom
G4WTl1KqSVw.wav,16.61,0.0,30.0,madmom
G4WTl1KqSVw.wav,17.11,0.0,30.0,madmom
G4WTl1KqSVw.wav,17.62,0.0,30.0,madmom
G4WTl1KqSVw.wav,18.13,0.0,30.0,madmom
G4WTl1KqSVw.wav,18.63,0.0,30.0,madmom
G4WTl1KqSVw.wav,19.14,0.0,30.0,madmom
G4WTl1KqSVw.wav,19.64,0.0,30.0,madmom
G4WTl1KqSVw.wav,20.14,0.0,30.0,madmom
G4WTl1KqSVw.wav,20.62,0.0,30.0,madmom
G4WTl1KqSVw.wav,21.13,0.0,30.0,madmom
G4WTl1KqSVw.wav,21.61,0.0,30.0,madmom
G4WTl1KqSVw.wav,22.14,0.0,30.0,madmom
G4WTl1KqSVw.wav,22.64,0.0,30.0,madmom
G4WTl1KqSVw.wav,23.13,0.0,30.0,madmom
G4WTl1KqSVw.wav,23.63,0.0,30.0,madmom
G4WTl1KqSVw.wav,24.14,0.0,30.0,madmom
G4WTl1KqSVw.wav,24.61,0.0,30.0,madmom
G4WTl1KqSVw.wav,25.12,0.0,30.0,madmom
G4WTl1KqSVw.wav,25.62,0.0,30.0,madmom
G4WTl1KqSVw.wav,26.13,0.0,30.0,madmom
G4WTl1KqSVw.wav,26.63,0.0,30.0,madmom
G4WTl1KqSVw.wav,27.13,0.0,30.0,madmom
G4WTl1KqSVw.wav,27.63,0.0,30.0,madmom
G4WTl1KqSVw.wav,28.14,0.0,30.0,madmom
G4WTl1KqSVw.wav,28.63,0.0,30.0,madmom
G4WTl1KqSVw.wav,29.13,0.0,30.0,madmom
G4WTl1KqSVw.wav,29.63,0.0,30.0,madmom
G7lUD3Bz-wY.wav,0.1,0.0,30.0,madmom
G7lUD3Bz-wY.wav,0.78,0.0,30.0,madmom
G7lUD3Bz-wY.wav,1.47,0.0,30.0,madmom
G7lUD3Bz-wY.wav,2.15,0.0,30.0,madmom
G7lUD3Bz-wY.wav,2.83,0.0,30.0,madmom
G7lUD3Bz-wY.wav,3.51,0.0,30.0,madmom
G7lUD3Bz-wY.wav,4.18,0.0,30.0,madmom
G7lUD3Bz-wY.wav,4.87,0.0,30.0,madmom
G7lUD3Bz-wY.wav,5.55,0.0,30.0,madmom
G7lUD3Bz-wY.wav,6.23,0.0,30.0,madmom
G7lUD3Bz-wY.wav,6.92,0.0,30.0,madmom
G7lUD3Bz-wY.wav,7.6,0.0,30.0,madmom
G7lUD3Bz-wY.wav,8.28,0.0,30.0,madmom
G7lUD3Bz-wY.wav,8.96,0.0,30.0,madmom
G7lUD3Bz-wY.wav,9.64,0.0,30.0,madmom
G7lUD3Bz-wY.wav,10.33,0.0,30.0,madmom
G7lUD3Bz-wY.wav,11.01,0.0,30.0,madmom
G7lUD3Bz-wY.wav,11.68,0.0,30.0,madmom
G7lUD3Bz-wY.wav,12.35,0.0,30.0,madmom
G7lUD3Bz-wY.wav,13.07,0.0,30.0,madmom
G7lUD3Bz-wY.wav,13.73,0.0,30.0,madmom
G7lUD3Bz-wY.wav,14.41,0.0,30.0,madmom
G7lUD3Bz-wY.wav,15.1,0.0,30.0,madmom
G7lUD3Bz-wY.wav,15.78,0.0,30.0,madmom
G7lUD3Bz-wY.wav,16.46,0.0,30.0,madmom
G7lUD3Bz-wY.wav,17.14,0.0,30.0,madmom
G7lUD3Bz-wY.wav,17.82,0.0,30.0,madmom
G7lUD3Bz-wY.wav,18.51,0.0,30.0,madmom
G7lUD3Bz-wY.wav,19.19,0.0,30.0,madmom
G7lUD3Bz-wY.wav,19.87,0.0,30.0,madmom
G7lUD3Bz-wY.wav,20.55,0.0,30.0,madmom
G7lUD3Bz-wY.wav,21.23,0.0,30.0,madmom
G7lUD3Bz-wY.wav,21.92,0.0,30.0,madmom
G7lUD3Bz-wY.wav,22.59,0.0,30.0,madmom
G7lUD3Bz-wY.wav,23.28,0.0,30.0,madmom
G7lUD3Bz-wY.wav,23.96,0.0,30.0,madmom
G7lUD3Bz-wY.wav,24.64,0.0,30.0,madmom
G7lUD3Bz-wY.wav,25.32,0.0,30.0,madmom
G7lUD3Bz-wY.wav,26.0,0.0,30.0,madmom
G7lUD3Bz-wY.wav,26.68,0.0,30.0,madmom
G7lUD3Bz-wY.wav,27.37,0.0,30.0,madmom
G7lUD3Bz-wY.wav,28.05,0.0,30.0,madmom
G7lUD3Bz-wY.wav,28.73,0.0,30.0,madmom
G7lUD3Bz-wY.wav,29.41,0.0,30.0,madmom
GC5E8ie2pdM.wav,0.09,0.0,30.0,madmom
GC5E8ie2pdM.wav,0.67,0.0,30.0,madmom
GC5E8ie2pdM.wav,1.26,0.0,30.0,madmom
GC5E8ie2pdM.wav,1.83,0.0,30.0,madmom
GC5E8ie2pdM.wav,2.41,0.0,30.0,madmom
GC5E8ie2pdM.wav,2.99,0.0,30.0,madmom
GC5E8ie2pdM.wav,3.57,0.0,30.0,madmom
GC5E8ie2pdM.wav,4.14,0.0,30.0,madmom
GC5E8ie2pdM.wav,4.72,0.0,30.0,madmom
GC5E8ie2pdM.wav,5.31,0.0,30.0,madmom
GC5E8ie2pdM.wav,5.89,0.0,30.0,madmom
GC5E8ie2pdM.wav,6.45,0.0,30.0,madmom
GC5E8ie2pdM.wav,7.04,0.0,30.0,madmom
GC5E8ie2pdM.wav,7.62,0.0,30.0,madmom
GC5E8ie2pdM.wav,8.21,0.0,30.0,madmom
GC5E8ie2pdM.wav,8.77,0.0,30.0,madmom
GC5E8ie2pdM.wav,9.35,0.0,30.0,madmom
GC5E8ie2pdM.wav,9.92,0.0,30.0,madmom
GC5E8ie2pdM.wav,10.51,0.0,30.0,madmom
GC5E8ie2pdM.wav,11.08,0.0,30.0,madmom
GC5E8ie2pdM.wav,11.66,0.0,30.0,madmom
GC5E8ie2pdM.wav,12.24,0.0,30.0,madmom
GC5E8ie2pdM.wav,12.83,0.0,30.0,madmom
GC5E8ie2pdM.wav,13.39,0.0,30.0,madmom
GC5E8ie2pdM.wav,13.98,0.0,30.0,madmom
GC5E8ie2pdM.wav,14.55,0.0,30.0,madmom
GC5E8ie2pdM.wav,15.14,0.0,30.0,madmom
GC5E8ie2pdM.wav,15.72,0.0,30.0,madmom
GC5E8ie2pdM.wav,16.3,0.0,30.0,madmom
GC5E8ie2pdM.wav,16.88,0.0,30.0,madmom
GC5E8ie2pdM.wav,17.47,0.0,30.0,madmom
GC5E8ie2pdM.wav,18.04,0.0,30.0,madmom
GC5E8ie2pdM.wav,18.62,0.0,30.0,madmom
GC5E8ie2pdM.wav,19.19,0.0,30.0,madmom
GC5E8ie2pdM.wav,19.77,0.0,30.0,madmom
GC5E8ie2pdM.wav,20.34,0.0,30.0,madmom
GC5E8ie2pdM.wav,20.91,0.0,30.0,madmom
GC5E8ie2pdM.wav,21.49,0.0,30.0,madmom
GC5E8ie2pdM.wav,22.08,0.0,30.0,madmom
GC5E8ie2pdM.wav,22.65,0.0,30.0,madmom
GC5E8ie2pdM.wav,23.25,0.0,30.0,madmom
GC5E8ie2pdM.wav,23.82,0.0,30.0,madmom
GC5E8ie2pdM.wav,24.41,0.0,30.0,madmom
GC5E8ie2pdM.wav,24.97,0.0,30.0,madmom
GC5E8ie2pdM.wav,25.54,0.0,30.0,madmom
GC5E8ie2pdM.wav,26.13,0.0,30.0,madmom
GC5E8ie2pdM.wav,26.72,0.0,30.0,madmom
GC5E8ie2pdM.wav,27.28,0.0,30.0,madmom
GC5E8ie2pdM.wav,27.87,0.0,30.0,madmom
GC5E8ie2pdM.wav,28.44,0.0,30.0,madmom
GC5E8ie2pdM.wav,29.03,0.0,30.0,madmom
GC5E8ie2pdM.wav,29.59,0.0,30.0,madmom
Gp_CtNDepiI.wav,0.18,0.0,30.0,madmom
Gp_CtNDepiI.wav,0.52,0.0,30.0,madmom
Gp_CtNDepiI.wav,0.85,0.0,30.0,madmom
Gp_CtNDepiI.wav,1.18,0.0,30.0,madmom
Gp_CtNDepiI.wav,1.52,0.0,30.0,madmom
Gp_CtNDepiI.wav,1.85,0.0,30.0,madmom
Gp_CtNDepiI.wav,2.18,0.0,30.0,madmom
Gp_CtNDepiI.wav,2.52,0.0,30.0,madmom
Gp_CtNDepiI.wav,2.85,0.0,30.0,madmom
Gp_CtNDepiI.wav,3.19,0.0,30.0,madmom
Gp_CtNDepiI.wav,3.52,0.0,30.0,madmom
Gp_CtNDepiI.wav,3.85,0.0,30.0,madmom
Gp_CtNDepiI.wav,4.18,0.0,30.0,madmom
Gp_CtNDepiI.wav,4.52,0.0,30.0,madmom
Gp_CtNDepiI.wav,4.85,0.0,30.0,madmom
Gp_CtNDepiI.wav,5.18,0.0,30.0,madmom
Gp_CtNDepiI.wav,5.52,0.0,30.0,madmom
Gp_CtNDepiI.wav,5.85,0.0,30.0,madmom
Gp_CtNDepiI.wav,6.19,0.0,30.0,madmom
Gp_CtNDepiI.wav,6.52,0.0,30.0,madmom
Gp_CtNDepiI.wav,6.85,0.0,30.0,madmom
Gp_CtNDepiI.wav,7.18,0.0,30.0,madmom
Gp_CtNDepiI.wav,7.52,0.0,30.0,madmom
Gp_CtNDepiI.wav,7.85,0.0,30.0,madmom
Gp_CtNDepiI.wav,8.18,0.0,30.0,madmom
Gp_CtNDepiI.wav,8.52,0.0,30.0,madmom
Gp_CtNDepiI.wav,8.85,0.0,30.0,madmom
Gp_CtNDepiI.wav,9.18,0.0,30.0,madmom
Gp_CtNDepiI.wav,9.51,0.0,30.0,madmom
Gp_CtNDepiI.wav,9.85,0.0,30.0,madmom
Gp_CtNDepiI.wav,10.19,0.0,30.0,madmom
Gp_CtNDepiI.wav,10.52,0.0,30.0,madmom
Gp_CtNDepiI.wav,10.85,0.0,30.0,madmom
Gp_CtNDepiI.wav,11.19,0.0,30.0,madmom
Gp_CtNDepiI.wav,11.52,0.0,30.0,madmom
Gp_CtNDepiI.wav,11.85,0.0,30.0,madmom
Gp_CtNDepiI.wav,12.18,0.0,30.0,madmom
Gp_CtNDepiI.wav,12.51,0.0,30.0,madmom
Gp_CtNDepiI.wav,12.85,0.0,30.0,madmom
Gp_CtNDepiI.wav,13.18,0.0,30.0,madmom
Gp_CtNDepiI.wav,13.51,0.0,30.0,madmom
Gp_CtNDepiI.wav,13.85,0.0,30.0,madmom
Gp_CtNDepiI.wav,14.19,0.0,30.0,madmom
Gp_CtNDepiI.wav,14.52,0.0,30.0,madmom
Gp_CtNDepiI.wav,14.85,0.0,30.0,madmom
Gp_CtNDepiI.wav,15.19,0.0,30.0,madmom
Gp_CtNDepiI.wav,15.52,0.0,30.0,madmom
Gp_CtNDepiI.wav,15.85,0.0,30.0,madmom
Gp_CtNDepiI.wav,16.18,0.0,30.0,madmom
Gp_CtNDepiI.wav,16.52,0.0,30.0,madmom
Gp_CtNDepiI.wav,16.86,0.0,30.0,madmom
Gp_CtNDepiI.wav,17.19,0.0,30.0,madmom
Gp_CtNDepiI.wav,17.52,0.0,30.0,madmom
Gp_CtNDepiI.wav,17.85,0.0,30.0,madmom
Gp_CtNDepiI.wav,18.18,0.0,30.0,madmom
Gp_CtNDepiI.wav,18.52,0.0,30.0,madmom
Gp_CtNDepiI.wav,18.85,0.0,30.0,madmom
Gp_CtNDepiI.wav,19.18,0.0,30.0,madmom
Gp_CtNDepiI.wav,19.51,0.0,30.0,madmom
Gp_CtNDepiI.wav,19.85,0.0,30.0,madmom
Gp_CtNDepiI.wav,20.18,0.0,30.0,madmom
Gp_CtNDepiI.wav,20.52,0.0,30.0,madmom
Gp_CtNDepiI.wav,20.85,0.0,30.0,madmom
Gp_CtNDepiI.wav,21.18,0.0,30.0,madmom
Gp_CtNDepiI.wav,21.52,0.0,30.0,madmom
Gp_CtNDepiI.wav,21.85,0.0,30.0,madmom
Gp_CtNDepiI.wav,22.19,0.0,30.0,madmom
Gp_CtNDepiI.wav,22.52,0.0,30.0,madmom
Gp_CtNDepiI.wav,22.85,0.0,30.0,madmom
Gp_CtNDepiI.wav,23.18,0.0,30.0,madmom
Gp_CtNDepiI.wav,23.52,0.0,30.0,madmom
Gp_CtNDepiI.wav,23.85,0.0,30.0,madmom
Gp_CtNDepiI.wav,24.18,0.0,30.0,madmom
Gp_CtNDepiI.wav,24.52,0.0,30.0,madmom
Gp_CtNDepiI.wav,24.85,0.0,30.0,madmom
Gp_CtNDepiI.wav,25.18,0.0,30.0,madmom
Gp_CtNDepiI.wav,25.51,0.0,30.0,madmom
Gp_CtNDepiI.wav,25.85,0.0,30.0,madmom
Gp_CtNDepiI.wav,26.18,0.0,30.0,madmom
Gp_CtNDepiI.wav,26.52,0.0,30.0,madmom
Gp_CtNDepiI.wav,26.85,0.0,30.0,madmom
Gp_CtNDepiI.wav,27.19,0.0,30.0,madmom
Gp_CtNDepiI.wav,27.53,0.0,30.0,madmom
Gp_CtNDepiI.wav,27.85,0.0,30.0,madmom
Gp_CtNDepiI.wav,28.18,0.0,30.0,madmom
Gp_CtNDepiI.wav,28.51,0.0,30.0,madmom
Gp_CtNDepiI.wav,28.85,0.0,30.0,madmom
Gp_CtNDepiI.wav,29.18,0.0,30.0,madmom
Gp_CtNDepiI.wav,29.52,0.0,30.0,madmom
Gp_CtNDepiI.wav,29.85,0.0,30.0,madmom
HyIEZPubbEk.wav,0.11,0.0,30.0,madmom
HyIEZPubbEk.wav,0.45,0.0,30.0,madmom
HyIEZPubbEk.wav,0.78,0.0,30.0,madmom
HyIEZPubbEk.wav,1.1,0.0,30.0,madmom
HyIEZPubbEk.wav,1.43,0.0,30.0,madmom
HyIEZPubbEk.wav,1.78,0.0,30.0,madmom
HyIEZPubbEk.wav,2.1,0.0,30.0,madmom
HyIEZPubbEk.wav,2.44,0.0,30.0,madmom
HyIEZPubbEk.wav,2.76,0.0,30.0,madmom
HyIEZPubbEk.wav,3.1,0.0,30.0,madmom
HyIEZPubbEk.wav,3.43,0.0,30.0,madmom
HyIEZPubbEk.wav,3.77,0.0,30.0,madmom
HyIEZPubbEk.wav,4.11,0.0,30.0,madmom
HyIEZPubbEk.wav,4.43,0.0,30.0,madmom
HyIEZPubbEk.wav,4.77,0.0,30.0,madmom
HyIEZPubbEk.wav,5.11,0.0,30.0,madmom
HyIEZPubbEk.wav,5.44,0.0,30.0,madmom
HyIEZPubbEk.wav,5.77,0.0,30.0,madmom
HyIEZPubbEk.wav,6.08,0.0,30.0,madmom
HyIEZPubbEk.wav,6.43,0.0,30.0,madmom
HyIEZPubbEk.wav,6.77,0.0,30.0,madmom
HyIEZPubbEk.wav,7.11,0.0,30.0,madmom
HyIEZPubbEk.wav,7.44,0.0,30.0,madmom
HyIEZPubbEk.wav,7.78,0.0,30.0,madmom
HyIEZPubbEk.wav,8.1,0.0,30.0,madmom
HyIEZPubbEk.wav,8.44,0.0,30.0,madmom
HyIEZPubbEk.wav,8.78,0.0,30.0,madmom
HyIEZPubbEk.wav,9.1,0.0,30.0,madmom
HyIEZPubbEk.wav,9.44,0.0,30.0,madmom
HyIEZPubbEk.wav,9.78,0.0,30.0,madmom
HyIEZPubbEk.wav,10.1,0.0,30.0,madmom
HyIEZPubbEk.wav,10.46,0.0,30.0,madmom
HyIEZPubbEk.wav,10.78,0.0,30.0,madmom
HyIEZPubbEk.wav,11.13,0.0,30.0,madmom
HyIEZPubbEk.wav,11.45,0.0,30.0,madmom
HyIEZPubbEk.wav,11.78,0.0,30.0,madmom
HyIEZPubbEk.wav,12.12,0.0,30.0,madmom
HyIEZPubbEk.wav,12.45,0.0,30.0,madmom
HyIEZPubbEk.wav,12.77,0.0,30.0,madmom
HyIEZPubbEk.wav,13.11,0.0,30.0,madmom
HyIEZPubbEk.wav,13.43,0.0,30.0,madmom
HyIEZPubbEk.wav,13.78,0.0,30.0,madmom
HyIEZPubbEk.wav,14.11,0.0,30.0,madmom
HyIEZPubbEk.wav,14.44,0.0,30.0,madmom
HyIEZPubbEk.wav,14.76,0.0,30.0,madmom
HyIEZPubbEk.wav,15.1,0.0,30.0,madmom
HyIEZPubbEk.wav,15.44,0.0,30.0,madmom
HyIEZPubbEk.wav,15.78,0.0,30.0,madmom
HyIEZPubbEk.wav,16.11,0.0,30.0,madmom
HyIEZPubbEk.wav,16.45,0.0,30.0,madmom
HyIEZPubbEk.wav,16.78,0.0,30.0,madmom
HyIEZPubbEk.wav,17.11,0.0,30.0,madmom
HyIEZPubbEk.wav,17.46,0.0,30.0,madmom
HyIEZPubbEk.wav,17.78,0.0,30.0,madmom
HyIEZPubbEk.wav,18.1,0.0,30.0,madmom
HyIEZPubbEk.wav,18.44,0.0,30.0,madmom
HyIEZPubbEk.wav,18.77,0.0,30.0,madmom
HyIEZPubbEk.wav,19.11,0.0,30.0,madmom
HyIEZPubbEk.wav,19.42,0.0,30.0,madmom
HyIEZPubbEk.wav,19.77,0.0,30.0,madmom
HyIEZPubbEk.wav,20.09,0.0,30.0,madmom
HyIEZPubbEk.wav,20.44,0.0,30.0,madmom
HyIEZPubbEk.wav,20.77,0.0,30.0,madmom
HyIEZPubbEk.wav,21.12,0.0,30.0,madmom
HyIEZPubbEk.wav,21.44,0.0,30.0,madmom
HyIEZPubbEk.wav,21.78,0.0,30.0,madmom
HyIEZPubbEk.wav,22.1,0.0,30.0,madmom
HyIEZPubbEk.wav,22.43,0.0,30.0,madmom
HyIEZPubbEk.wav,22.77,0.0,30.0,madmom
HyIEZPubbEk.wav,23.11,0.0,30.0,madmom
HyIEZPubbEk.wav,23.43,0.0,30.0,madmom
HyIEZPubbEk.wav,23.75,0.0,30.0,madmom
HyIEZPubbEk.wav,24.09,0.0,30.0,madmom
HyIEZPubbEk.wav,24.42,0.0,30.0,madmom
HyIEZPubbEk.wav,24.76,0.0,30.0,madmom
HyIEZPubbEk.wav,25.1,0.0,30.0,madmom
HyIEZPubbEk.wav,25.45,0.0,30.0,madmom
HyIEZPubbEk.wav,25.78,0.0,30.0,madmom
HyIEZPubbEk.wav,26.11,0.0,30.0,madmom
HyIEZPubbEk.wav,26.44,0.0,30.0,madmom
HyIEZPubbEk.wav,26.78,0.0,30.0,madmom
HyIEZPubbEk.wav,27.11,0.0,30.0,madmom
HyIEZPubbEk.wav,27.43,0.0,30.0,madmom
HyIEZPubbEk.wav,27.77,0.0,30.0,madmom
HyIEZPubbEk.wav,28.11,0.0,30.0,madmom
HyIEZPubbEk.wav,28.44,0.0,30.0,madmom
HyIEZPubbEk.wav,28.76,0.0,30.0,madmom
HyIEZPubbEk.wav,29.08,0.0,30.0,madmom
HyIEZPubbEk.wav,29.43,0.0,30.0,madmom
HyIEZPubbEk.wav,29.78,0.0,30.0,madmom
HzKQfrNseoI.wav,0.5,0.0,30.0,madmom
HzKQfrNseoI.wav,1.28,0.0,30.0,madmom
HzKQfrNseoI.wav,2.07,0.0,30.0,madmom
HzKQfrNseoI.wav,2.85,0.0,30.0,madmom
HzKQfrNseoI.wav,3.64,0.0,30.0,madmom
HzKQfrNseoI.wav,4.41,0.0,30.0,madmom
HzKQfrNseoI.wav,5.2,0.0,30.0,madmom
HzKQfrNseoI.wav,5.94,0.0,30.0,madmom
HzKQfrNseoI.wav,6.71,0.0,30.0,madmom
HzKQfrNseoI.wav,7.48,0.0,30.0,madmom
HzKQfrNseoI.wav,8.27,0.0,30.0,madmom
HzKQfrNseoI.wav,9.06,0.0,30.0,madmom
HzKQfrNseoI.wav,9.83,0.0,30.0,madmom
HzKQfrNseoI.wav,10.6,0.0,30.0,madmom
HzKQfrNseoI.wav,11.35,0.0,30.0,madmom
HzKQfrNseoI.wav,12.14,0.0,30.0,madmom
HzKQfrNseoI.wav,12.93,0.0,30.0,madmom
HzKQfrNseoI.wav,13.7,0.0,30.0,madmom
HzKQfrNseoI.wav,14.49,0.0,30.0,madmom
HzKQfrNseoI.wav,15.25,0.0,30.0,madmom
HzKQfrNseoI.wav,16.03,0.0,30.0,madmom
HzKQfrNseoI.wav,16.79,0.0,30.0,madmom
HzKQfrNseoI.wav,17.59,0.0,30.0,madmom
HzKQfrNseoI.wav,18.36,0.0,30.0,madmom
HzKQfrNseoI.wav,19.12,0.0,30.0,madmom
HzKQfrNseoI.wav,19.87,0.0,30.0,madmom
HzKQfrNseoI.wav,20.61,0.0,30.0,madmom
HzKQfrNseoI.wav,21.37,0.0,30.0,madmom
HzKQfrNseoI.wav,22.14,0.0,30.0,madmom
HzKQfrNseoI.wav,22.94,0.0,30.0,madmom
HzKQfrNseoI.wav,23.68,0.0,30.0,madmom
HzKQfrNseoI.wav,24.45,0.0,30.0,madmom
HzKQfrNseoI.wav,25.22,0.0,30.0,madmom
HzKQfrNseoI.wav,25.99,0.0,30.0,madmom
HzKQfrNseoI.wav,26.78,0.0,30.0,madmom
HzKQfrNseoI.wav,27.54,0.0,30.0,madmom
HzKQfrNseoI.wav,28.3,0.0,30.0,madmom
HzKQfrNseoI.wav,29.06,0.0,30.0,madmom
HzKQfrNseoI.wav,29.85,0.0,30.0,madmom
K7Ayxc_RaU4.wav,0.06,0.0,30.0,madmom
K7Ayxc_RaU4.wav,0.43,0.0,30.0,madmom
K7Ayxc_RaU4.wav,0.82,0.0,30.0,madmom
K7Ayxc_RaU4.wav,1.19,0.0,30.0,madmom
K7Ayxc_RaU4.wav,1.55,0.0,30.0,madmom
K7Ayxc_RaU4.wav,1.91,0.0,30.0,madmom
K7Ayxc_RaU4.wav,2.29,0.0,30.0,madmom
K7Ayxc_RaU4.wav,2.67,0.0,30.0,madmom
K7Ayxc_RaU4.wav,3.04,0.0,30.0,madmom
K7Ayxc_RaU4.wav,3.43,0.0,30.0,madmom
K7Ayxc_RaU4.wav,3.81,0.0,30.0,madmom
K7Ayxc_RaU4.wav,4.17,0.0,30.0,madmom
K7Ayxc_RaU4.wav,4.53,0.0,30.0,madmom
K7Ayxc_RaU4.wav,4.9,0.0,30.0,madmom
K7Ayxc_RaU4.wav,5.28,0.0,30.0,madmom
K7Ayxc_RaU4.wav,5.65,0.0,30.0,madmom
K7Ayxc_RaU4.wav,6.02,0.0,30.0,madmom
K7Ayxc_RaU4.wav,6.42,0.0,30.0,madmom
K7Ayxc_RaU4.wav,6.79,0.0,30.0,madmom
K7Ayxc_RaU4.wav,7.18,0.0,30.0,madmom
K7Ayxc_RaU4.wav,7.56,0.0,30.0,madmom
K7Ayxc_RaU4.wav,7.93,0.0,30.0,madmom
K7Ayxc_RaU4.wav,8.3,0.0,30.0,madmom
K7Ayxc_RaU4.wav,8.7,0.0,30.0,madmom
K7Ayxc_RaU4.wav,9.05,0.0,30.0,madmom
K7Ayxc_RaU4.wav,9.42,0.0,30.0,madmom
K7Ayxc_RaU4.wav,9.8,0.0,30.0,madmom
K7Ayxc_RaU4.wav,10.18,0.0,30.0,madmom
K7Ayxc_RaU4.wav,10.55,0.0,30.0,madmom
K7Ayxc_RaU4.wav,10.92,0.0,30.0,madmom
K7Ayxc_RaU4.wav,11.29,0.0,30.0,madmom
K7Ayxc_RaU4.wav,11.66,0.0,30.0,madmom
K7Ayxc_RaU4.wav,12.04,0.0,30.0,madmom
K7Ayxc_RaU4.wav,12.43,0.0,30.0,madmom
K7Ayxc_RaU4.wav,12.8,0.0,30.0,madmom
K7Ayxc_RaU4.wav,13.19,0.0,30.0,madmom
K7Ayxc_RaU4.wav,13.56,0.0,30.0,madmom
K7Ayxc_RaU4.wav,13.93,0.0,30.0,madmom
K7Ayxc_RaU4.wav,14.3,0.0,30.0,madmom
K7Ayxc_RaU4.wav,14.69,0.0,30.0,madmom
K7Ayxc_RaU4.wav,15.05,0.0,30.0,madmom
K7Ayxc_RaU4.wav,15.43,0.0,30.0,madmom
K7Ayxc_RaU4.wav,15.78,0.0,30.0,madmom
K7Ayxc_RaU4.wav,16.17,0.0,30.0,madmom
K7Ayxc_RaU4.wav,16.53,0.0,30.0,madmom
K7Ayxc_RaU4.wav,16.91,0.0,30.0,madmom
K7Ayxc_RaU4.wav,17.28,0.0,30.0,madmom
K7Ayxc_RaU4.wav,17.65,0.0,30.0,madmom
K7Ayxc_RaU4.wav,18.03,0.0,30.0,madmom
K7Ayxc_RaU4.wav,18.43,0.0,30.0,madmom
K7Ayxc_RaU4.wav,18.81,0.0,30.0,madmom
K7Ayxc_RaU4.wav,19.18,0.0,30.0,madmom
K7Ayxc_RaU4.wav,19.55,0.0,30.0,madmom
K7Ayxc_RaU4.wav,19.94,0.0,30.0,madmom
K7Ayxc_RaU4.wav,20.29,0.0,30.0,madmom
K7Ayxc_RaU4.wav,20.66,0.0,30.0,madmom
K7Ayxc_RaU4.wav,21.05,0.0,30.0,madmom
K7Ayxc_RaU4.wav,21.44,0.0,30.0,madmom
K7Ayxc_RaU4.wav,21.8,0.0,30.0,madmom
K7Ayxc_RaU4.wav,22.19,0.0,30.0,madmom
K7Ayxc_RaU4.wav,22.55,0.0,30.0,madmom
K7Ayxc_RaU4.wav,22.92,0.0,30.0,madmom
K7Ayxc_RaU4.wav,23.29,0.0,30.0,madmom
K7Ayxc_RaU4.wav,23.66,0.0,30.0,madmom
K7Ayxc_RaU4.wav,24.04,0.0,30.0,madmom
K7Ayxc_RaU4.wav,24.42,0.0,30.0,madmom
K7Ayxc_RaU4.wav,24.79,0.0,30.0,madmom
K7Ayxc_RaU4.wav,25.16,0.0,30.0,madmom
K7Ayxc_RaU4.wav,25.54,0.0,30.0,madmom
K7Ayxc_RaU4.wav,25.93,0.0,30.0,madmom
K7Ayxc_RaU4.wav,26.3,0.0,30.0,madmom
K7Ayxc_RaU4.wav,26.68,0.0,30.0,madmom
K7Ayxc_RaU4.wav,27.07,0.0,30.0,madmom
K7Ayxc_RaU4.wav,27.44,0.0,30.0,madmom
K7Ayxc_RaU4.wav,27.81,0.0,30.0,madmom
K7Ayxc_RaU4.wav,28.21,0.0,30.0,madmom
K7Ayxc_RaU4.wav,28.58,0.0,30.0,madmom
K7Ayxc_RaU4.wav,28.94,0.0,30.0,madmom
K7Ayxc_RaU4.wav,29.31,0.0,30.0,madmom
K7Ayxc_RaU4.wav,29.68,0.0,30.0,madmom
K7LnjbxJB9E.wav,0.67,0.0,30.0,madmom
K7LnjbxJB9E.wav,1.52,0.0,30.0,madmom
K7LnjbxJB9E.wav,2.4,0.0,30.0,madmom
K7LnjbxJB9E.wav,3.27,0.0,30.0,madmom
K7LnjbxJB9E.wav,4.15,0.0,30.0,madmom
K7LnjbxJB9E.wav,5.01,0.0,30.0,madmom
K7LnjbxJB9E.wav,5.88,0.0,30.0,madmom
K7LnjbxJB9E.wav,6.77,0.0,30.0,madmom
K7LnjbxJB9E.wav,7.64,0.0,30.0,madmom
K7LnjbxJB9E.wav,8.51,0.0,30.0,madmom
K7LnjbxJB9E.wav,9.38,0.0,30.0,madmom
K7LnjbxJB9E.wav,10.25,0.0,30.0,madmom
K7LnjbxJB9E.wav,11.13,0.0,30.0,madmom
K7LnjbxJB9E.wav,11.99,0.0,30.0,madmom
K7LnjbxJB9E.wav,12.85,0.0,30.0,madmom
K7LnjbxJB9E.wav,13.72,0.0,30.0,madmom
K7LnjbxJB9E.wav,14.59,0.0,30.0,madmom
K7LnjbxJB9E.wav,15.46,0.0,30.0,madmom
K7LnjbxJB9E.wav,16.33,0.0,30.0,madmom
K7LnjbxJB9E.wav,17.18,0.0,30.0,madmom
K7LnjbxJB9E.wav,18.07,0.0,30.0,madmom
K7LnjbxJB9E.wav,18.94,0.0,30.0,madmom
K7LnjbxJB9E.wav,19.83,0.0,30.0,madmom
K7LnjbxJB9E.wav,20.69,0.0,30.0,madmom
K7LnjbxJB9E.wav,21.56,0.0,30.0,madmom
K7LnjbxJB9E.wav,22.42,0.0,30.0,madmom
K7LnjbxJB9E.wav,23.3,0.0,30.0,madmom
K7LnjbxJB9E.wav,24.16,0.0,30.0,madmom
K7LnjbxJB9E.wav,25.06,0.0,30.0,madmom
K7LnjbxJB9E.wav,25.91,0.0,30.0,madmom
K7LnjbxJB9E.wav,26.76,0.0,30.0,madmom
K7LnjbxJB9E.wav,27.64,0.0,30.0,madmom
K7LnjbxJB9E.wav,28.51,0.0,30.0,madmom
K7LnjbxJB9E.wav,29.38,0.0,30.0,madmom
KCHoaz1DG_4.wav,0.14,0.0,30.0,madmom
KCHoaz1DG_4.wav,0.64,0.0,30.0,madmom
KCHoaz1DG_4.wav,1.13,0.0,30.0,madmom
KCHoaz1DG_4.wav,1.62,0.0,30.0,madmom
KCHoaz1DG_4.wav,2.11,0.0,30.0,madmom
KCHoaz1DG_4.wav,2.6,0.0,30.0,madmom
KCHoaz1DG_4.wav,3.1,0.0,30.0,madmom
KCHoaz1DG_4.wav,3.59,0.0,30.0,madmom
KCHoaz1DG_4.wav,4.08,0.0,30.0,madmom
KCHoaz1DG_4.wav,4.57,0.0,30.0,madmom
KCHoaz1DG_4.wav,5.06,0.0,30.0,madmom
KCHoaz1DG_4.wav,5.55,0.0,30.0,madmom
KCHoaz1DG_4.wav,6.05,0.0,30.0,madmom
KCHoaz1DG_4.wav,6.54,0.0,30.0,madmom
KCHoaz1DG_4.wav,7.03,0.0,30.0,madmom
KCHoaz1DG_4.wav,7.52,0.0,30.0,madmom
KCHoaz1DG_4.wav,8.01,0.0,30.0,madmom
KCHoaz1DG_4.wav,8.5,0.0,30.0,madmom
KCHoaz1DG_4.wav,9.0,0.0,30.0,madmom
KCHoaz1DG_4.wav,9.49,0.0,30.0,madmom
KCHoaz1DG_4.wav,9.98,0.0,30.0,madmom
KCHoaz1DG_4.wav,10.47,0.0,30.0,madmom
KCHoaz1DG_4.wav,10.96,0.0,30.0,madmom
KCHoaz1DG_4.wav,11.45,0.0,30.0,madmom
KCHoaz1DG_4.wav,11.94,0.0,30.0,madmom
KCHoaz1DG_4.wav,12.44,0.0,30.0,madmom
KCHoaz1DG_4.wav,12.93,0.0,30.0,madmom
KCHoaz1DG_4.wav,13.42,0.0,30.0,madmom
KCHoaz1DG_4.wav,13.91,0.0,30.0,madmom
KCHoaz1DG_4.wav,14.39,0.0,30.0,madmom
KCHoaz1DG_4.wav,14.9,0.0,30.0,madmom
KCHoaz1DG_4.wav,15.38,0.0,30.0,madmom
KCHoaz1DG_4.wav,15.88,0.0,30.0,madmom
KCHoaz1DG_4.wav,16.4,0.0,30.0,madmom
KCHoaz1DG_4.wav,16.86,0.0,30.0,madmom
KCHoaz1DG_4.wav,17.36,0.0,30.0,madmom
KCHoaz1DG_4.wav,17.85,0.0,30.0,madmom
KCHoaz1DG_4.wav,18.33,0.0,30.0,madmom
KCHoaz1DG_4.wav,18.85,0.0,30.0,madmom
KCHoaz1DG_4.wav,19.32,0.0,30.0,madmom
KCHoaz1DG_4.wav,19.82,0.0,30.0,madmom
KCHoaz1DG_4.wav,20.32,0.0,30.0,madmom
KCHoaz1DG_4.wav,20.8,0.0,30.0,madmom
KCHoaz1DG_4.wav,21.29,0.0,30.0,madmom
KCHoaz1DG_4.wav,21.78,0.0,30.0,madmom
KCHoaz1DG_4.wav,22.28,0.0,30.0,madmom
KCHoaz1DG_4.wav,22.77,0.0,30.0,madmom
KCHoaz1DG_4.wav,23.26,0.0,30.0,madmom
KCHoaz1DG_4.wav,23.75,0.0,30.0,madmom
KCHoaz1DG_4.wav,24.25,0.0,30.0,madmom
KCHoaz1DG_4.wav,24.74,0.0,30.0,madmom
KCHoaz1DG_4.wav,25.23,0.0,30.0,madmom
KCHoaz1DG_4.wav,25.72,0.0,30.0,madmom
KCHoaz1DG_4.wav,26.21,0.0,30.0,madmom
KCHoaz1DG_4.wav,26.7,0.0,30.0,madmom
KCHoaz1DG_4.wav,27.19,0.0,30.0,madmom
KCHoaz1DG_4.wav,27.69,0.0,30.0,madmom
KCHoaz1DG_4.wav,28.18,0.0,30.0,madmom
KCHoaz1DG_4.wav,28.67,0.0,30.0,madmom
KCHoaz1DG_4.wav,29.16,0.0,30.0,madmom
KCHoaz1DG_4.wav,29.65,0.0,30.0,madmom
KOC46hclHDA.wav,0.24,0.0,30.0,madmom
KOC46hclHDA.wav,0.73,0.0,30.0,madmom
KOC46hclHDA.wav,1.2,0.0,30.0,madmom
KOC46hclHDA.wav,1.69,0.0,30.0,madmom
KOC46hclHDA.wav,2.16,0.0,30.0,madmom
KOC46hclHDA.wav,2.66,0.0,30.0,madmom
KOC46hclHDA.wav,3.12,0.0,30.0,madmom
KOC46hclHDA.wav,3.62,0.0,30.0,madmom
KOC46hclHDA.wav,4.1,0.0,30.0,madmom
KOC46hclHDA.wav,4.57,0.0,30.0,madmom
KOC46hclHDA.wav,5.05,0.0,30.0,madmom
KOC46hclHDA.wav,5.53,0.0,30.0,madmom
KOC46hclHDA.wav,6.01,0.0,30.0,madmom
KOC46hclHDA.wav,6.49,0.0,30.0,madmom
KOC46hclHDA.wav,6.97,0.0,30.0,madmom
KOC46hclHDA.wav,7.45,0.0,30.0,madmom
KOC46hclHDA.wav,7.92,0.0,30.0,madmom
KOC46hclHDA.wav,8.41,0.0,30.0,madmom
KOC46hclHDA.wav,8.89,0.0,30.0,madmom
KOC46hclHDA.wav,9.38,0.0,30.0,madmom
KOC46hclHDA.wav,9.84,0.0,30.0,madmom
KOC46hclHDA.wav,10.33,0.0,30.0,madmom
KOC46hclHDA.wav,10.8,0.0,30.0,madmom
KOC46hclHDA.wav,11.29,0.0,30.0,madmom
KOC46hclHDA.wav,11.76,0.0,30.0,madmom
KOC46hclHDA.wav,12.25,0.0,30.0,madmom
KOC46hclHDA.wav,12.72,0.0,30.0,madmom
KOC46hclHDA.wav,13.21,0.0,30.0,madmom
KOC46hclHDA.wav,13.69,0.0,30.0,madmom
KOC46hclHDA.wav,14.17,0.0,30.0,madmom
KOC46hclHDA.wav,14.65,0.0,30.0,madmom
KOC46hclHDA.wav,15.13,0.0,30.0,madmom
KOC46hclHDA.wav,15.6,0.0,30.0,madmom
KOC46hclHDA.wav,16.09,0.0,30.0,madmom
KOC46hclHDA.wav,16.56,0.0,30.0,madmom
KOC46hclHDA.wav,17.05,0.0,30.0,madmom
KOC46hclHDA.wav,17.53,0.0,30.0,madmom
KOC46hclHDA.wav,18.01,0.0,30.0,madmom
KOC46hclHDA.wav,18.48,0.0,30.0,madmom
KOC46hclHDA.wav,18.97,0.0,30.0,madmom
KOC46hclHDA.wav,19.45,0.0,30.0,madmom
KOC46hclHDA.wav,19.93,0.0,30.0,madmom
KOC46hclHDA.wav,20.4,0.0,30.0,madmom
KOC46hclHDA.wav,20.9,0.0,30.0,madmom
KOC46hclHDA.wav,21.37,0.0,30.0,madmom
KOC46hclHDA.wav,21.85,0.0,30.0,madmom
KOC46hclHDA.wav,22.32,0.0,30.0,madmom
KOC46hclHDA.wav,22.81,0.0,30.0,madmom
KOC46hclHDA.wav,23.28,0.0,30.0,madmom
KOC46hclHDA.wav,23.77,0.0,30.0,madmom
KOC46hclHDA.wav,24.25,0.0,30.0,madmom
KOC46hclHDA.wav,24.74,0.0,30.0,madmom
KOC46hclHDA.wav,25.2,0.0,30.0,madmom
KOC46hclHDA.wav,25.69,0.0,30.0,madmom
KOC46hclHDA.wav,26.16,0.0,30.0,madmom
KOC46hclHDA.wav,26.65,0.0,30.0,madmom
KOC46hclHDA.wav,27.12,0.0,30.0,madmom
KOC46hclHDA.wav,27.61,0.0,30.0,madmom
KOC46hclHDA.wav,28.08,0.0,30.0,madmom
KOC46hclHDA.wav,28.57,0.0,30.0,madmom
KOC46hclHDA.wav,29.04,0.0,30.0,madmom
KOC46hclHDA.wav,29.53,0.0,30.0,madmom
L4BVG7rL88I.wav,0.35,0.0,30.0,madmom
L4BVG7rL88I.wav,1.0,0.0,30.0,madmom
L4BVG7rL88I.wav,1.66,0.0,30.0,madmom
L4BVG7rL88I.wav,2.31,0.0,30.0,madmom
L4BVG7rL88I.wav,2.95,0.0,30.0,madmom
L4BVG7rL88I.wav,3.61,0.0,30.0,madmom
L4BVG7rL88I.wav,4.26,0.0,30.0,madmom
L4BVG7rL88I.wav,4.91,0.0,30.0,madmom
L4BVG7rL88I.wav,5.56,0.0,30.0,madmom
L4BVG7rL88I.wav,6.22,0.0,30.0,madmom
L4BVG7rL88I.wav,6.87,0.0,30.0,madmom
L4BVG7rL88I.wav,7.52,0.0,30.0,madmom
L4BVG7rL88I.wav,8.17,0.0,30.0,madmom
L4BVG7rL88I.wav,8.83,0.0,30.0,madmom
L4BVG7rL88I.wav,9.47,0.0,30.0,madmom
L4BVG7rL88I.wav,10.12,0.0,30.0,madmom
L4BVG7rL88I.wav,10.78,0.0,30.0,madmom
L4BVG7rL88I.wav,11.45,0.0,30.0,madmom
L4BVG7rL88I.wav,12.1,0.0,30.0,madmom
L4BVG7rL88I.wav,12.75,0.0,30.0,madmom
L4BVG7rL88I.wav,13.41,0.0,30.0,madmom
L4BVG7rL88I.wav,14.05,0.0,30.0,madmom
L4BVG7rL88I.wav,14.7,0.0,30.0,madmom
L4BVG7rL88I.wav,15.35,0.0,30.0,madmom
L4BVG7rL88I.wav,16.01,0.0,30.0,madmom
L4BVG7rL88I.wav,16.65,0.0,30.0,madmom
L4BVG7rL88I.wav,17.3,0.0,30.0,madmom
L4BVG7rL88I.wav,17.96,0.0,30.0,madmom
L4BVG7rL88I.wav,18.62,0.0,30.0,madmom
L4BVG7rL88I.wav,19.27,0.0,30.0,madmom
L4BVG7rL88I.wav,19.9,0.0,30.0,madmom
L4BVG7rL88I.wav,20.56,0.0,30.0,madmom
L4BVG7rL88I.wav,21.21,0.0,30.0,madmom
L4BVG7rL88I.wav,21.89,0.0,30.0,madmom
L4BVG7rL88I.wav,22.52,0.0,30.0,madmom
L4BVG7rL88I.wav,23.17,0.0,30.0,madmom
L4BVG7rL88I.wav,23.84,0.0,30.0,madmom
L4BVG7rL88I.wav,24.49,0.0,30.0,madmom
L4BVG7rL88I.wav,25.12,0.0,30.0,madmom
L4BVG7rL88I.wav,25.78,0.0,30.0,madmom
L4BVG7rL88I.wav,26.43,0.0,30.0,madmom
L4BVG7rL88I.wav,27.08,0.0,30.0,madmom
L4BVG7rL88I.wav,27.73,0.0,30.0,madmom
L4BVG7rL88I.wav,28.39,0.0,30.0,madmom
L4BVG7rL88I.wav,29.05,0.0,30.0,madmom
L4BVG7rL88I.wav,29.7,0.0,30.0,madmom
LmQMjWVzJMs.wav,0.21,0.0,30.0,madmom
LmQMjWVzJMs.wav,0.79,0.0,30.0,madmom
LmQMjWVzJMs.wav,1.37,0.0,30.0,madmom
LmQMjWVzJMs.wav,1.95,0.0,30.0,madmom
LmQMjWVzJMs.wav,2.53,0.0,30.0,madmom
LmQMjWVzJMs.wav,3.11,0.0,30.0,madmom
LmQMjWVzJMs.wav,3.69,0.0,30.0,madmom
LmQMjWVzJMs.wav,4.27,0.0,30.0,madmom
LmQMjWVzJMs.wav,4.85,0.0,30.0,madmom
LmQMjWVzJMs.wav,5.43,0.0,30.0,madmom
LmQMjWVzJMs.wav,6.01,0.0,30.0,madmom
LmQMjWVzJMs.wav,6.59,0.0,30.0,madmom
LmQMjWVzJMs.wav,7.17,0.0,30.0,madmom
LmQMjWVzJMs.wav,7.75,0.0,30.0,madmom
LmQMjWVzJMs.wav,8.33,0.0,30.0,madmom
LmQMjWVzJMs.wav,8.91,0.0,30.0,madmom
LmQMjWVzJMs.wav,9.49,0.0,30.0,madmom
LmQMjWVzJMs.wav,10.07,0.0,30.0,madmom
LmQMjWVzJMs.wav,10.65,0.0,30.0,madmom
LmQMjWVzJMs.wav,11.23,0.0,30.0,madmom
LmQMjWVzJMs.wav,11.81,0.0,30.0,madmom
LmQMjWVzJMs.wav,12.39,0.0,30.0,madmom
LmQMjWVzJMs.wav,12.96,0.0,30.0,madmom
LmQMjWVzJMs.wav,13.54,0.0,30.0,madmom
LmQMjWVzJMs.wav,14.12,0.0,30.0,madmom
LmQMjWVzJMs.wav,14.71,0.0,30.0,madmom
LmQMjWVzJMs.wav,15.28,0.0,30.0,madmom
LmQMjWVzJMs.wav,15.86,0.0,30.0,madmom
LmQMjWVzJMs.wav,16.44,0.0,30.0,madmom
LmQMjWVzJMs.wav,17.02,0.0,30.0,madmom
LmQMjWVzJMs.wav,17.6,0.0,30.0,madmom
LmQMjWVzJMs.wav,18.18,0.0,30.0,madmom
LmQMjWVzJMs.wav,18.76,0.0,30.0,madmom
LmQMjWVzJMs.wav,19.34,0.0,30.0,madmom
LmQMjWVzJMs.wav,19.92,0.0,30.0,madmom
LmQMjWVzJMs.wav,20.5,0.0,30.0,madmom
LmQMjWVzJMs.wav,21.08,0.0,30.0,madmom
LmQMjWVzJMs.wav,21.65,0.0,30.0,madmom
LmQMjWVzJMs.wav,22.25,0.0,30.0,madmom
LmQMjWVzJMs.wav,22.8,0.0,30.0,madmom
LmQMjWVzJMs.wav,23.41,0.0,30.0,madmom
LmQMjWVzJMs.wav,23.96,0.0,30.0,madmom
LmQMjWVzJMs.wav,24.56,0.0,30.0,madmom
LmQMjWVzJMs.wav,25.13,0.0,30.0,madmom
LmQMjWVzJMs.wav,25.72,0.0,30.0,madmom
LmQMjWVzJMs.wav,26.32,0.0,30.0,madmom
LmQMjWVzJMs.wav,26.92,0.0,30.0,madmom
LmQMjWVzJMs.wav,27.46,0.0,30.0,madmom
LmQMjWVzJMs.wav,28.04,0.0,30.0,madmom
LmQMjWVzJMs.wav,28.61,0.0,30.0,madmom
LmQMjWVzJMs.wav,29.19,0.0,30.0,madmom
LmQMjWVzJMs.wav,29.78,0.0,30.0,madmom
M04cGx5wulA.wav,0.02,0.0,30.0,madmom
M04cGx5wulA.wav,0.41,0.0,30.0,madmom
M04cGx5wulA.wav,0.81,0.0,30.0,madmom
M04cGx5wulA.wav,1.21,0.0,30.0,madmom
M04cGx5wulA.wav,1.61,0.0,30.0,madmom
M04cGx5wulA.wav,2.01,0.0,30.0,madmom
M04cGx5wulA.wav,2.41,0.0,30.0,madmom
M04cGx5wulA.wav,2.81,0.0,30.0,madmom
M04cGx5wulA.wav,3.21,0.0,30.0,madmom
M04cGx5wulA.wav,3.61,0.0,30.0,madmom
M04cGx5wulA.wav,4.01,0.0,30.0,madmom
M04cGx5wulA.wav,4.41,0.0,30.0,madmom
M04cGx5wulA.wav,4.82,0.0,30.0,madmom
M04cGx5wulA.wav,5.21,0.0,30.0,madmom
M04cGx5wulA.wav,5.61,0.0,30.0,madmom
M04cGx5wulA.wav,6.01,0.0,30.0,madmom
M04cGx5wulA.wav,6.41,0.0,30.0,madmom
M04cGx5wulA.wav,6.81,0.0,30.0,madmom
M04cGx5wulA.wav,7.21,0.0,30.0,madmom
M04cGx5wulA.wav,7.61,0.0,30.0,madmom
M04cGx5wulA.wav,8.01,0.0,30.0,madmom
M04cGx5wulA.wav,8.4,0.0,30.0,madmom
M04cGx5wulA.wav,8.8,0.0,30.0,madmom
M04cGx5wulA.wav,9.21,0.0,30.0,madmom
M04cGx5wulA.wav,9.61,0.0,30.0,madmom
M04cGx5wulA.wav,10.01,0.0,30.0,madmom
M04cGx5wulA.wav,10.41,0.0,30.0,madmom
M04cGx5wulA.wav,10.81,0.0,30.0,madmom
M04cGx5wulA.wav,11.21,0.0,30.0,madmom
M04cGx5wulA.wav,11.61,0.0,30.0,madmom
M04cGx5wulA.wav,12.01,0.0,30.0,madmom
M04cGx5wulA.wav,12.41,0.0,30.0,madmom
M04cGx5wulA.wav,12.81,0.0,30.0,madmom
M04cGx5wulA.wav,13.21,0.0,30.0,madmom
M04cGx5wulA.wav,13.61,0.0,30.0,madmom
M04cGx5wulA.wav,14.01,0.0,30.0,madmom
M04cGx5wulA.wav,14.41,0.0,30.0,madmom
M04cGx5wulA.wav,14.81,0.0,30.0,madmom
M04cGx5wulA.wav,15.21,0.0,30.0,madmom
M04cGx5wulA.wav,15.61,0.0,30.0,madmom
M04cGx5wulA.wav,16.01,0.0,30.0,madmom
M04cGx5wulA.wav,16.41,0.0,30.0,madmom
M04cGx5wulA.wav,16.81,0.0,30.0,madmom
M04cGx5wulA.wav,17.21,0.0,30.0,madmom
M04cGx5wulA.wav,17.61,0.0,30.0,madmom
M04cGx5wulA.wav,18.01,0.0,30.0,madmom
M04cGx5wulA.wav,18.41,0.0,30.0,madmom
M04cGx5wulA.wav,18.81,0.0,30.0,madmom
M04cGx5wulA.wav,19.21,0.0,30.0,madmom
M04cGx5wulA.wav,19.61,0.0,30.0,madmom
M04cGx5wulA.wav,20.01,0.0,30.0,madmom
M04cGx5wulA.wav,20.41,0.0,30.0,madmom
M04cGx5wulA.wav,20.81,0.0,30.0,madmom
M04cGx5wulA.wav,21.22,0.0,30.0,madmom
M04cGx5wulA.wav,21.61,0.0,30.0,madmom
M04cGx5wulA.wav,22.01,0.0,30.0,madmom
M04cGx5wulA.wav,22.41,0.0,30.0,madmom
M04cGx5wulA.wav,22.81,0.0,30.0,madmom
M04cGx5wulA.wav,23.21,0.0,30.0,madmom
M04cGx5wulA.wav,23.61,0.0,30.0,madmom
M04cGx5wulA.wav,24.02,0.0,30.0,madmom
M04cGx5wulA.wav,24.42,0.0,30.0,madmom
M04cGx5wulA.wav,24.81,0.0,30.0,madmom
M04cGx5wulA.wav,25.21,0.0,30.0,madmom
M04cGx5wulA.wav,25.61,0.0,30.0,madmom
M04cGx5wulA.wav,26.01,0.0,30.0,madmom
M04cGx5wulA.wav,26.41,0.0,30.0,madmom
M04cGx5wulA.wav,26.8,0.0,30.0,madmom
M04cGx5wulA.wav,27.21,0.0,30.0,madmom
M04cGx5wulA.wav,27.61,0.0,30.0,madmom
M04cGx5wulA.wav,28.01,0.0,30.0,madmom
M04cGx5wulA.wav,28.41,0.0,30.0,madmom
M04cGx5wulA.wav,28.81,0.0,30.0,madmom
M04cGx5wulA.wav,29.21,0.0,30.0,madmom
M04cGx5wulA.wav,29.61,0.0,30.0,madmom
MHiQDvejiZE.wav,0.27,0.0,30.0,madmom
MHiQDvejiZE.wav,0.81,0.0,30.0,madmom
MHiQDvejiZE.wav,1.37,0.0,30.0,madmom
MHiQDvejiZE.wav,1.94,0.0,30.0,madmom
MHiQDvejiZE.wav,2.48,0.0,30.0,madmom
MHiQDvejiZE.wav,3.04,0.0,30.0,madmom
MHiQDvejiZE.wav,3.59,0.0,30.0,madmom
MHiQDvejiZE.wav,4.15,0.0,30.0,madmom
MHiQDvejiZE.wav,4.69,0.0,30.0,madmom
MHiQDvejiZE.wav,5.26,0.0,30.0,madmom
MHiQDvejiZE.wav,5.81,0.0,30.0,madmom
MHiQDvejiZE.wav,6.37,0.0,30.0,madmom
MHiQDvejiZE.wav,6.92,0.0,30.0,madmom
MHiQDvejiZE.wav,7.48,0.0,30.0,madmom
MHiQDvejiZE.wav,8.04,0.0,30.0,madmom
MHiQDvejiZE.wav,8.59,0.0,30.0,madmom
MHiQDvejiZE.wav,9.15,0.0,30.0,madmom
MHiQDvejiZE.wav,9.7,0.0,30.0,madmom
MHiQDvejiZE.wav,10.26,0.0,30.0,madmom
MHiQDvejiZE.wav,10.82,0.0,30.0,madmom
MHiQDvejiZE.wav,11.39,0.0,30.0,madmom
MHiQDvejiZE.wav,11.93,0.0,30.0,madmom
MHiQDvejiZE.wav,12.48,0.0,30.0,madmom
MHiQDvejiZE.wav,13.04,0.0,30.0,madmom
MHiQDvejiZE.wav,13.6,0.0,30.0,madmom
MHiQDvejiZE.wav,14.15,0.0,30.0,madmom
MHiQDvejiZE.wav,14.7,0.0,30.0,madmom
MHiQDvejiZE.wav,15.26,0.0,30.0,madmom
MHiQDvejiZE.wav,15.81,0.0,30.0,madmom
MHiQDvejiZE.wav,16.37,0.0,30.0,madmom
MHiQDvejiZE.wav,16.92,0.0,30.0,madmom
MHiQDvejiZE.wav,17.48,0.0,30.0,madmom
MHiQDvejiZE.wav,18.04,0.0,30.0,madmom
MHiQDvejiZE.wav,18.59,0.0,30.0,madmom
MHiQDvejiZE.wav,19.15,0.0,30.0,madmom
MHiQDvejiZE.wav,19.7,0.0,30.0,madmom
MHiQDvejiZE.wav,20.26,0.0,30.0,madmom
MHiQDvejiZE.wav,20.81,0.0,30.0,madmom
MHiQDvejiZE.wav,21.37,0.0,30.0,madmom
MHiQDvejiZE.wav,21.92,0.0,30.0,madmom
MHiQDvejiZE.wav,22.48,0.0,30.0,madmom
MHiQDvejiZE.wav,23.04,0.0,30.0,madmom
MHiQDvejiZE.wav,23.59,0.0,30.0,madmom
MHiQDvejiZE.wav,24.15,0.0,30.0,madmom
MHiQDvejiZE.wav,24.7,0.0,30.0,madmom
MHiQDvejiZE.wav,25.26,0.0,30.0,madmom
MHiQDvejiZE.wav,25.81,0.0,30.0,madmom
MHiQDvejiZE.wav,26.37,0.0,30.0,madmom
MHiQDvejiZE.wav,26.93,0.0,30.0,madmom
MHiQDvejiZE.wav,27.48,0.0,30.0,madmom
MHiQDvejiZE.wav,28.04,0.0,30.0,madmom
MHiQDvejiZE.wav,28.59,0.0,30.0,madmom
MHiQDvejiZE.wav,29.14,0.0,30.0,madmom
MHiQDvejiZE.wav,29.7,0.0,30.0,madmom
N8TkD2R-hPY.wav,0.01,0.0,30.0,madmom
N8TkD2R-hPY.wav,0.51,0.0,30.0,madmom
N8TkD2R-hPY.wav,1.04,0.0,30.0,madmom
N8TkD2R-hPY.wav,1.56,0.0,30.0,madmom
N8TkD2R-hPY.wav,2.08,0.0,30.0,madmom
N8TkD2R-hPY.wav,2.6,0.0,30.0,madmom
N8TkD2R-hPY.wav,3.12,0.0,30.0,madmom
N8TkD2R-hPY.wav,3.65,0.0,30.0,madmom
N8TkD2R-hPY.wav,4.17,0.0,30.0,madmom
N8TkD2R-hPY.wav,4.72,0.0,30.0,madmom
N8TkD2R-hPY.wav,5.24,0.0,30.0,madmom
N8TkD2R-hPY.wav,5.76,0.0,30.0,madmom
N8TkD2R-hPY.wav,6.26,0.0,30.0,madmom
N8TkD2R-hPY.wav,6.78,0.0,30.0,madmom
N8TkD2R-hPY.wav,7.29,0.0,30.0,madmom
N8TkD2R-hPY.wav,7.82,0.0,30.0,madmom
N8TkD2R-hPY.wav,8.35,0.0,30.0,madmom
N8TkD2R-hPY.wav,8.86,0.0,30.0,madmom
N8TkD2R-hPY.wav,9.38,0.0,30.0,madmom
N8TkD2R-hPY.wav,9.91,0.0,30.0,madmom
N8TkD2R-hPY.wav,10.43,0.0,30.0,madmom
N8TkD2R-hPY.wav,10.95,0.0,30.0,madmom
N8TkD2R-hPY.wav,11.47,0.0,30.0,madmom
N8TkD2R-hPY.wav,11.99,0.0,30.0,madmom
N8TkD2R-hPY.wav,12.52,0.0,30.0,madmom
N8TkD2R-hPY.wav,13.04,0.0,30.0,madmom
N8TkD2R-hPY.wav,13.56,0.0,30.0,madmom
N8TkD2R-hPY.wav,14.08,0.0,30.0,madmom
N8TkD2R-hPY.wav,14.6,0.0,30.0,madmom
N8TkD2R-hPY.wav,15.12,0.0,30.0,madmom
N8TkD2R-hPY.wav,15.65,0.0,30.0,madmom
N8TkD2R-hPY.wav,16.17,0.0,30.0,madmom
N8TkD2R-hPY.wav,16.7,0.0,30.0,madmom
N8TkD2R-hPY.wav,17.21,0.0,30.0,madmom
N8TkD2R-hPY.wav,17.73,0.0,30.0,madmom
N8TkD2R-hPY.wav,18.26,0.0,30.0,madmom
N8TkD2R-hPY.wav,18.78,0.0,30.0,madmom
N8TkD2R-hPY.wav,19.3,0.0,30.0,madmom
N8TkD2R-hPY.wav,19.83,0.0,30.0,madmom
N8TkD2R-hPY.wav,20.34,0.0,30.0,madmom
N8TkD2R-hPY.wav,20.87,0.0,30.0,madmom
N8TkD2R-hPY.wav,21.39,0.0,30.0,madmom
N8TkD2R-hPY.wav,21.91,0.0,30.0,madmom
N8TkD2R-hPY.wav,22.43,0.0,30.0,madmom
N8TkD2R-hPY.wav,22.95,0.0,30.0,madmom
N8TkD2R-hPY.wav,23.47,0.0,30.0,madmom
N8TkD2R-hPY.wav,23.99,0.0,30.0,madmom
N8TkD2R-hPY.wav,24.51,0.0,30.0,madmom
N8TkD2R-hPY.wav,25.04,0.0,30.0,madmom
N8TkD2R-hPY.wav,25.56,0.0,30.0,madmom
N8TkD2R-hPY.wav,26.09,0.0,30.0,madmom
N8TkD2R-hPY.wav,26.6,0.0,30.0,madmom
N8TkD2R-hPY.wav,27.13,0.0,30.0,madmom
N8TkD2R-hPY.wav,27.65,0.0,30.0,madmom
N8TkD2R-hPY.wav,28.17,0.0,30.0,madmom
N8TkD2R-hPY.wav,28.69,0.0,30.0,madmom
N8TkD2R-hPY.wav,29.21,0.0,30.0,madmom
N8TkD2R-hPY.wav,29.73,0.0,30.0,madmom
NwiINF6FU2I.wav,0.11,0.0,30.0,madmom
NwiINF6FU2I.wav,0.76,0.0,30.0,madmom
NwiINF6FU2I.wav,1.45,0.0,30.0,madmom
NwiINF6FU2I.wav,2.11,0.0,30.0,madmom
NwiINF6FU2I.wav,2.78,0.0,30.0,madmom
NwiINF6FU2I.wav,3.44,0.0,30.0,madmom
NwiINF6FU2I.wav,4.11,0.0,30.0,madmom
NwiINF6FU2I.wav,4.76,0.0,30.0,madmom
NwiINF6FU2I.wav,5.45,0.0,30.0,madmom
NwiINF6FU2I.wav,6.11,0.0,30.0,madmom
NwiINF6FU2I.wav,6.78,0.0,30.0,madmom
NwiINF6FU2I.wav,7.44,0.0,30.0,madmom
NwiINF6FU2I.wav,8.11,0.0,30.0,madmom
NwiINF6FU2I.wav,8.78,0.0,30.0,madmom
NwiINF6FU2I.wav,9.44,0.0,30.0,madmom
NwiINF6FU2I.wav,10.11,0.0,30.0,madmom
NwiINF6FU2I.wav,10.77,0.0,30.0,madmom
NwiINF6FU2I.wav,11.43,0.0,30.0,madmom
NwiINF6FU2I.wav,12.11,0.0,30.0,madmom
NwiINF6FU2I.wav,12.77,0.0,30.0,madmom
NwiINF6FU2I.wav,13.45,0.0,30.0,madmom
NwiINF6FU2I.wav,14.11,0.0,30.0,madmom
NwiINF6FU2I.wav,14.78,0.0,30.0,madmom
NwiINF6FU2I.wav,15.45,0.0,30.0,madmom
NwiINF6FU2I.wav,16.11,0.0,30.0,madmom
NwiINF6FU2I.wav,16.78,0.0,30.0,madmom
NwiINF6FU2I.wav,17.44,0.0,30.0,madmom
NwiINF6FU2I.wav,18.11,0.0,30.0,madmom
NwiINF6FU2I.wav,18.77,0.0,30.0,madmom
NwiINF6FU2I.wav,19.44,0.0,30.0,madmom
NwiINF6FU2I.wav,20.11,0.0,30.0,madmom
NwiINF6FU2I.wav,20.78,0.0,30.0,madmom
NwiINF6FU2I.wav,21.44,0.0,30.0,madmom
NwiINF6FU2I.wav,22.12,0.0,30.0,madmom
NwiINF6FU2I.wav,22.78,0.0,30.0,madmom
NwiINF6FU2I.wav,23.45,0.0,30.0,madmom
NwiINF6FU2I.wav,24.11,0.0,30.0,madmom
NwiINF6FU2I.wav,24.78,0.0,30.0,madmom
NwiINF6FU2I.wav,25.45,0.0,30.0,madmom
NwiINF6FU2I.wav,26.12,0.0,30.0,madmom
NwiINF6FU2I.wav,26.78,0.0,30.0,madmom
NwiINF6FU2I.wav,27.44,0.0,30.0,madmom
NwiINF6FU2I.wav,28.11,0.0,30.0,madmom
NwiINF6FU2I.wav,28.78,0.0,30.0,madmom
NwiINF6FU2I.wav,29.45,0.0,30.0,madmom
O0Bb7vvDyuM.wav,0.1,0.0,30.0,madmom
O0Bb7vvDyuM.wav,0.51,0.0,30.0,madmom
O0Bb7vvDyuM.wav,0.92,0.0,30.0,madmom
O0Bb7vvDyuM.wav,1.36,0.0,30.0,madmom
O0Bb7vvDyuM.wav,1.78,0.0,30.0,madmom
O0Bb7vvDyuM.wav,2.19,0.0,30.0,madmom
O0Bb7vvDyuM.wav,2.64,0.0,30.0,madmom
O0Bb7vvDyuM.wav,3.05,0.0,30.0,madmom
O0Bb7vvDyuM.wav,3.48,0.0,30.0,madmom
O0Bb7vvDyuM.wav,3.91,0.0,30.0,madmom
O0Bb7vvDyuM.wav,4.36,0.0,30.0,madmom
O0Bb7vvDyuM.wav,4.79,0.0,30.0,madmom
O0Bb7vvDyuM.wav,5.19,0.0,30.0,madmom
O0Bb7vvDyuM.wav,5.63,0.0,30.0,madmom
O0Bb7vvDyuM.wav,6.05,0.0,30.0,madmom
O0Bb7vvDyuM.wav,6.46,0.0,30.0,madmom
O0Bb7vvDyuM.wav,6.89,0.0,30.0,madmom
O0Bb7vvDyuM.wav,7.33,0.0,30.0,madmom
O0Bb7vvDyuM.wav,7.76,0.0,30.0,madmom
O0Bb7vvDyuM.wav,8.19,0.0,30.0,madmom
O0Bb7vvDyuM.wav,8.62,0.0,30.0,madmom
O0Bb7vvDyuM.wav,9.04,0.0,30.0,madmom
O0Bb7vvDyuM.wav,9.48,0.0,30.0,madmom
O0Bb7vvDyuM.wav,9.91,0.0,30.0,madmom
O0Bb7vvDyuM.wav,10.33,0.0,30.0,madmom
O0Bb7vvDyuM.wav,10.76,0.0,30.0,madmom
O0Bb7vvDyuM.wav,11.19,0.0,30.0,madmom
O0Bb7vvDyuM.wav,11.61,0.0,30.0,madmom
O0Bb7vvDyuM.wav,12.05,0.0,30.0,madmom
O0Bb7vvDyuM.wav,12.47,0.0,30.0,madmom
O0Bb7vvDyuM.wav,12.9,0.0,30.0,madmom
O0Bb7vvDyuM.wav,13.33,0.0,30.0,madmom
O0Bb7vvDyuM.wav,13.76,0.0,30.0,madmom
O0Bb7vvDyuM.wav,14.2,0.0,30.0,madmom
O0Bb7vvDyuM.wav,14.62,0.0,30.0,madmom
O0Bb7vvDyuM.wav,15.05,0.0,30.0,madmom
O0Bb7vvDyuM.wav,15.48,0.0,30.0,madmom
O0Bb7vvDyuM.wav,15.91,0.0,30.0,madmom
O0Bb7vvDyuM.wav,16.33,0.0,30.0,madmom
O0Bb7vvDyuM.wav,16.77,0.0,30.0,madmom
O0Bb7vvDyuM.wav,17.19,0.0,30.0,madmom
O0Bb7vvDyuM.wav,17.62,0.0,30.0,madmom
O0Bb7vvDyuM.wav,18.04,0.0,30.0,madmom
O0Bb7vvDyuM.wav,18.47,0.0,30.0,madmom
O0Bb7vvDyuM.wav,18.9,0.0,30.0,madmom
O0Bb7vvDyuM.wav,19.33,0.0,30.0,madmom
O0Bb7vvDyuM.wav,19.76,0.0,30.0,madmom
O0Bb7vvDyuM.wav,20.19,0.0,30.0,madmom
O0Bb7vvDyuM.wav,20.62,0.0,30.0,madmom
O0Bb7vvDyuM.wav,21.04,0.0,30.0,madmom
O0Bb7vvDyuM.wav,21.47,0.0,30.0,madmom
O0Bb7vvDyuM.wav,21.9,0.0,30.0,madmom
O0Bb7vvDyuM.wav,22.33,0.0,30.0,madmom
O0Bb7vvDyuM.wav,22.76,0.0,30.0,madmom
O0Bb7vvDyuM.wav,23.19,0.0,30.0,madmom
O0Bb7vvDyuM.wav,23.62,0.0,30.0,madmom
O0Bb7vvDyuM.wav,24.05,0.0,30.0,madmom
O0Bb7vvDyuM.wav,24.47,0.0,30.0,madmom
O0Bb7vvDyuM.wav,24.91,0.0,30.0,madmom
O0Bb7vvDyuM.wav,25.33,0.0,30.0,madmom
O0Bb7vvDyuM.wav,25.75,0.0,30.0,madmom
O0Bb7vvDyuM.wav,26.17,0.0,30.0,madmom
O0Bb7vvDyuM.wav,26.62,0.0,30.0,madmom
O0Bb7vvDyuM.wav,27.05,0.0,30.0,madmom
O0Bb7vvDyuM.wav,27.48,0.0,30.0,madmom
O0Bb7vvDyuM.wav,27.9,0.0,30.0,madmom
O0Bb7vvDyuM.wav,28.33,0.0,30.0,madmom
O0Bb7vvDyuM.wav,28.76,0.0,30.0,madmom
O0Bb7vvDyuM.wav,29.19,0.0,30.0,madmom
O0Bb7vvDyuM.wav,29.62,0.0,30.0,madmom
O76LY5X46rg.wav,0.01,0.0,30.0,madmom
O76LY5X46rg.wav,0.47,0.0,30.0,madmom
O76LY5X46rg.wav,0.94,0.0,30.0,madmom
O76LY5X46rg.wav,1.41,0.0,30.0,madmom
O76LY5X46rg.wav,1.88,0.0,30.0,madmom
O76LY5X46rg.wav,2.35,0.0,30.0,madmom
O76LY5X46rg.wav,2.82,0.0,30.0,madmom
O76LY5X46rg.wav,3.28,0.0,30.0,madmom
O76LY5X46rg.wav,3.75,0.0,30.0,madmom
O76LY5X46rg.wav,4.22,0.0,30.0,madmom
O76LY5X46rg.wav,4.69,0.0,30.0,madmom
O76LY5X46rg.wav,5.16,0.0,30.0,madmom
O76LY5X46rg.wav,5.63,0.0,30.0,madmom
O76LY5X46rg.wav,6.1,0.0,30.0,madmom
O76LY5X46rg.wav,6.56,0.0,30.0,madmom
O76LY5X46rg.wav,7.03,0.0,30.0,madmom
O76LY5X46rg.wav,7.5,0.0,30.0,madmom
O76LY5X46rg.wav,7.97,0.0,30.0,madmom
O76LY5X46rg.wav,8.44,0.0,30.0,madmom
O76LY5X46rg.wav,8.91,0.0,30.0,madmom
O76LY5X46rg.wav,9.38,0.0,30.0,madmom
O76LY5X46rg.wav,9.85,0.0,30.0,madmom
O76LY5X46rg.wav,10.31,0.0,30.0,madmom
O76LY5X46rg.wav,10.78,0.0,30.0,madmom
O76LY5X46rg.wav,11.25,0.0,30.0,madmom
O76LY5X46rg.wav,11.72,0.0,30.0,madmom
O76LY5X46rg.wav,12.19,0.0,30.0,madmom
O76LY5X46rg.wav,12.66,0.0,30.0,madmom
O76LY5X46rg.wav,13.13,0.0,30.0,madmom
O76LY5X46rg.wav,13.59,0.0,30.0,madmom
O76LY5X46rg.wav,14.06,0.0,30.0,madmom
O76LY5X46rg.wav,14.53,0.0,30.0,madmom
O76LY5X46rg.wav,15.0,0.0,30.0,madmom
O76LY5X46rg.wav,15.47,0.0,30.0,madmom
O76LY5X46rg.wav,15.94,0.0,30.0,madmom
O76LY5X46rg.wav,16.41,0.0,30.0,madmom
O76LY5X46rg.wav,16.88,0.0,30.0,madmom
O76LY5X46rg.wav,17.35,0.0,30.0,madmom
O76LY5X46rg.wav,17.81,0.0,30.0,madmom
O76LY5X46rg.wav,18.28,0.0,30.0,madmom
O76LY5X46rg.wav,18.75,0.0,30.0,madmom
O76LY5X46rg.wav,19.22,0.0,30.0,madmom
O76LY5X46rg.wav,19.69,0.0,30.0,madmom
O76LY5X46rg.wav,20.16,0.0,30.0,madmom
O76LY5X46rg.wav,20.63,0.0,30.0,madmom
O76LY5X46rg.wav,21.1,0.0,30.0,madmom
O76LY5X46rg.wav,21.56,0.0,30.0,madmom
O76LY5X46rg.wav,22.03,0.0,30.0,madmom
O76LY5X46rg.wav,22.5,0.0,30.0,madmom
O76LY5X46rg.wav,22.97,0.0,30.0,madmom
O76LY5X46rg.wav,23.44,0.0,30.0,madmom
O76LY5X46rg.wav,23.91,0.0,30.0,madmom
O76LY5X46rg.wav,24.38,0.0,30.0,madmom
O76LY5X46rg.wav,24.85,0.0,30.0,madmom
O76LY5X46rg.wav,25.31,0.0,30.0,madmom
O76LY5X46rg.wav,25.78,0.0,30.0,madmom
O76LY5X46rg.wav,26.25,0.0,30.0,madmom
O76LY5X46rg.wav,26.72,0.0,30.0,madmom
O76LY5X46rg.wav,27.19,0.0,30.0,madmom
O76LY5X46rg.wav,27.66,0.0,30.0,madmom
O76LY5X46rg.wav,28.13,0.0,30.0,madmom
O76LY5X46rg.wav,28.6,0.0,30.0,madmom
O76LY5X46rg.wav,29.07,0.0,30.0,madmom
O76LY5X46rg.wav,29.53,0.0,30.0,madmom
ONTJkxINr1U.wav,0.1,0.0,30.0,madmom
ONTJkxINr1U.wav,0.71,0.0,30.0,madmom
ONTJkxINr1U.wav,1.32,0.0,30.0,madmom
ONTJkxINr1U.wav,1.92,0.0,30.0,madmom
ONTJkxINr1U.wav,2.53,0.0,30.0,madmom
ONTJkxINr1U.wav,3.13,0.0,30.0,madmom
ONTJkxINr1U.wav,3.74,0.0,30.0,madmom
ONTJkxINr1U.wav,4.35,0.0,30.0,madmom
ONTJkxINr1U.wav,4.95,0.0,30.0,madmom
ONTJkxINr1U.wav,5.56,0.0,30.0,madmom
ONTJkxINr1U.wav,6.16,0.0,30.0,madmom
ONTJkxINr1U.wav,6.77,0.0,30.0,madmom
ONTJkxINr1U.wav,7.38,0.0,30.0,madmom
ONTJkxINr1U.wav,7.98,0.0,30.0,madmom
ONTJkxINr1U.wav,8.59,0.0,30.0,madmom
ONTJkxINr1U.wav,9.19,0.0,30.0,madmom
ONTJkxINr1U.wav,9.8,0.0,30.0,madmom
ONTJkxINr1U.wav,10.4,0.0,30.0,madmom
ONTJkxINr1U.wav,11.01,0.0,30.0,madmom
ONTJkxINr1U.wav,11.62,0.0,30.0,madmom
ONTJkxINr1U.wav,12.23,0.0,30.0,madmom
ONTJkxINr1U.wav,12.83,0.0,30.0,madmom
ONTJkxINr1U.wav,13.44,0.0,30.0,madmom
ONTJkxINr1U.wav,14.04,0.0,30.0,madmom
ONTJkxINr1U.wav,14.65,0.0,30.0,madmom
ONTJkxINr1U.wav,15.25,0.0,30.0,madmom
ONTJkxINr1U.wav,15.86,0.0,30.0,madmom
ONTJkxINr1U.wav,16.47,0.0,30.0,madmom
ONTJkxINr1U.wav,17.07,0.0,30.0,madmom
ONTJkxINr1U.wav,17.68,0.0,30.0,madmom
ONTJkxINr1U.wav,18.28,0.0,30.0,madmom
ONTJkxINr1U.wav,18.89,0.0,30.0,madmom
ONTJkxINr1U.wav,19.5,0.0,30.0,madmom
ONTJkxINr1U.wav,20.1,0.0,30.0,madmom
ONTJkxINr1U.wav,20.71,0.0,30.0,madmom
ONTJkxINr1U.wav,21.32,0.0,30.0,madmom
ONTJkxINr1U.wav,21.92,0.0,30.0,madmom
ONTJkxINr1U.wav,22.53,0.0,30.0,madmom
ONTJkxINr1U.wav,23.13,0.0,30.0,madmom
ONTJkxINr1U.wav,23.74,0.0,30.0,madmom
ONTJkxINr1U.wav,24.34,0.0,30.0,madmom
ONTJkxINr1U.wav,24.93,0.0,30.0,madmom
ONTJkxINr1U.wav,25.53,0.0,30.0,madmom
ONTJkxINr1U.wav,26.16,0.0,30.0,madmom
ONTJkxINr1U.wav,26.74,0.0,30.0,madmom
ONTJkxINr1U.wav,27.38,0.0,30.0,madmom
ONTJkxINr1U.wav,27.98,0.0,30.0,madmom
ONTJkxINr1U.wav,28.59,0.0,30.0,madmom
ONTJkxINr1U.wav,29.2,0.0,30.0,madmom
ONTJkxINr1U.wav,29.8,0.0,30.0,madmom
ORDVCeBjJdM.wav,0.28,0.0,30.0,madmom
ORDVCeBjJdM.wav,0.72,0.0,30.0,madmom
ORDVCeBjJdM.wav,1.13,0.0,30.0,madmom
ORDVCeBjJdM.wav,1.56,0.0,30.0,madmom
ORDVCeBjJdM.wav,2.0,0.0,30.0,madmom
ORDVCeBjJdM.wav,2.43,0.0,30.0,madmom
ORDVCeBjJdM.wav,2.86,0.0,30.0,madmom
ORDVCeBjJdM.wav,3.3,0.0,30.0,madmom
ORDVCeBjJdM.wav,3.73,0.0,30.0,madmom
ORDVCeBjJdM.wav,4.16,0.0,30.0,madmom
ORDVCeBjJdM.wav,4.58,0.0,30.0,madmom
ORDVCeBjJdM.wav,5.01,0.0,30.0,madmom
ORDVCeBjJdM.wav,5.44,0.0,30.0,madmom
ORDVCeBjJdM.wav,5.86,0.0,30.0,madmom
ORDVCeBjJdM.wav,6.27,0.0,30.0,madmom
ORDVCeBjJdM.wav,6.7,0.0,30.0,madmom
ORDVCeBjJdM.wav,7.12,0.0,30.0,madmom
ORDVCeBjJdM.wav,7.54,0.0,30.0,madmom
ORDVCeBjJdM.wav,7.96,0.0,30.0,madmom
ORDVCeBjJdM.wav,8.4,0.0,30.0,madmom
ORDVCeBjJdM.wav,8.82,0.0,30.0,madmom
ORDVCeBjJdM.wav,9.26,0.0,30.0,madmom
ORDVCeBjJdM.wav,9.68,0.0,30.0,madmom
ORDVCeBjJdM.wav,10.12,0.0,30.0,madmom
ORDVCeBjJdM.wav,10.54,0.0,30.0,madmom
ORDVCeBjJdM.wav,10.98,0.0,30.0,madmom
ORDVCeBjJdM.wav,11.42,0.0,30.0,madmom
ORDVCeBjJdM.wav,11.85,0.0,30.0,madmom
ORDVCeBjJdM.wav,12.29,0.0,30.0,madmom
ORDVCeBjJdM.wav,12.72,0.0,30.0,madmom
ORDVCeBjJdM.wav,13.16,0.0,30.0,madmom
ORDVCeBjJdM.wav,13.62,0.0,30.0,madmom
ORDVCeBjJdM.wav,14.07,0.0,30.0,madmom
ORDVCeBjJdM.wav,14.52,0.0,30.0,madmom
ORDVCeBjJdM.wav,14.96,0.0,30.0,madmom
ORDVCeBjJdM.wav,15.41,0.0,30.0,madmom
ORDVCeBjJdM.wav,15.86,0.0,30.0,madmom
ORDVCeBjJdM.wav,16.3,0.0,30.0,madmom
ORDVCeBjJdM.wav,16.74,0.0,30.0,madmom
ORDVCeBjJdM.wav,17.2,0.0,30.0,madmom
ORDVCeBjJdM.wav,17.63,0.0,30.0,madmom
ORDVCeBjJdM.wav,18.07,0.0,30.0,madmom
ORDVCeBjJdM.wav,18.5,0.0,30.0,madmom
ORDVCeBjJdM.wav,18.94,0.0,30.0,madmom
ORDVCeBjJdM.wav,19.39,0.0,30.0,madmom
ORDVCeBjJdM.wav,19.82,0.0,30.0,madmom
ORDVCeBjJdM.wav,20.26,0.0,30.0,madmom
ORDVCeBjJdM.wav,20.72,0.0,30.0,madmom
ORDVCeBjJdM.wav,21.16,0.0,30.0,madmom
ORDVCeBjJdM.wav,21.6,0.0,30.0,madmom
ORDVCeBjJdM.wav,22.04,0.0,30.0,madmom
ORDVCeBjJdM.wav,22.48,0.0,30.0,madmom
ORDVCeBjJdM.wav,22.92,0.0,30.0,madmom
ORDVCeBjJdM.wav,23.36,0.0,30.0,madmom
ORDVCeBjJdM.wav,23.8,0.0,30.0,madmom
ORDVCeBjJdM.wav,24.24,0.0,30.0,madmom
ORDVCeBjJdM.wav,24.68,0.0,30.0,madmom
ORDVCeBjJdM.wav,25.12,0.0,30.0,madmom
ORDVCeBjJdM.wav,25.54,0.0,30.0,madmom
ORDVCeBjJdM.wav,26.0,0.0,30.0,madmom
ORDVCeBjJdM.wav,26.43,0.0,30.0,madmom
ORDVCeBjJdM.wav,26.86,0.0,30.0,madmom
ORDVCeBjJdM.wav,27.3,0.0,30.0,madmom
ORDVCeBjJdM.wav,27.76,0.0,30.0,madmom
ORDVCeBjJdM.wav,28.2,0.0,30.0,madmom
ORDVCeBjJdM.wav,28.62,0.0,30.0,madmom
ORDVCeBjJdM.wav,29.07,0.0,30.0,madmom
ORDVCeBjJdM.wav,29.5,0.0,30.0,madmom
ORDVCeBjJdM.wav,29.96,0.0,30.0,madmom
OSkUD7S_WSs.wav,0.4,0.0,30.0,madmom
OSkUD7S_WSs.wav,1.26,0.0,30.0,madmom
OSkUD7S_WSs.wav,2.11,0.0,30.0,madmom
OSkUD7S_WSs.wav,2.98,0.0,30.0,madmom
OSkUD7S_WSs.wav,3.83,0.0,30.0,madmom
OSkUD7S_WSs.wav,4.7,0.0,30.0,madmom
OSkUD7S_WSs.wav,5.54,0.0,30.0,madmom
OSkUD7S_WSs.wav,6.4,0.0,30.0,madmom
OSkUD7S_WSs.wav,7.27,0.0,30.0,madmom
OSkUD7S_WSs.wav,8.12,0.0,30.0,madmom
OSkUD7S_WSs.wav,8.98,0.0,30.0,madmom
OSkUD7S_WSs.wav,9.84,0.0,30.0,madmom
OSkUD7S_WSs.wav,10.69,0.0,30.0,madmom
OSkUD7S_WSs.wav,11.55,0.0,30.0,madmom
OSkUD7S_WSs.wav,12.4,0.0,30.0,madmom
OSkUD7S_WSs.wav,13.26,0.0,30.0,madmom
OSkUD7S_WSs.wav,14.11,0.0,30.0,madmom
OSkUD7S_WSs.wav,14.98,0.0,30.0,madmom
OSkUD7S_WSs.wav,15.83,0.0,30.0,madmom
OSkUD7S_WSs.wav,16.69,0.0,30.0,madmom
OSkUD7S_WSs.wav,17.54,0.0,30.0,madmom
OSkUD7S_WSs.wav,18.41,0.0,30.0,madmom
OSkUD7S_WSs.wav,19.27,0.0,30.0,madmom
OSkUD7S_WSs.wav,20.12,0.0,30.0,madmom
OSkUD7S_WSs.wav,20.97,0.0,30.0,madmom
OSkUD7S_WSs.wav,21.83,0.0,30.0,madmom
OSkUD7S_WSs.wav,22.69,0.0,30.0,madmom
OSkUD7S_WSs.wav,23.55,0.0,30.0,madmom
OSkUD7S_WSs.wav,24.4,0.0,30.0,madmom
OSkUD7S_WSs.wav,25.27,0.0,30.0,madmom
OSkUD7S_WSs.wav,26.12,0.0,30.0,madmom
OSkUD7S_WSs.wav,26.99,0.0,30.0,madmom
OSkUD7S_WSs.wav,27.84,0.0,30.0,madmom
OSkUD7S_WSs.wav,28.7,0.0,30.0,madmom
OSkUD7S_WSs.wav,29.57,0.0,30.0,madmom
Odh8Oe5sZa0.wav,0.18,0.0,30.0,madmom
Odh8Oe5sZa0.wav,0.83,0.0,30.0,madmom
Odh8Oe5sZa0.wav,1.49,0.0,30.0,madmom
Odh8Oe5sZa0.wav,2.15,0.0,30.0,madmom
Odh8Oe5sZa0.wav,2.79,0.0,30.0,madmom
Odh8Oe5sZa0.wav,3.46,0.0,30.0,madmom
Odh8Oe5sZa0.wav,4.11,0.0,30.0,madmom
Odh8Oe5sZa0.wav,4.75,0.0,30.0,madmom
Odh8Oe5sZa0.wav,5.41,0.0,30.0,madmom
Odh8Oe5sZa0.wav,6.09,0.0,30.0,madmom
Odh8Oe5sZa0.wav,6.73,0.0,30.0,madmom
Odh8Oe5sZa0.wav,7.39,0.0,30.0,madmom
Odh8Oe5sZa0.wav,8.04,0.0,30.0,madmom
Odh8Oe5sZa0.wav,8.68,0.0,30.0,madmom
Odh8Oe5sZa0.wav,9.36,0.0,30.0,madmom
Odh8Oe5sZa0.wav,9.99,0.0,30.0,madmom
Odh8Oe5sZa0.wav,10.65,0.0,30.0,madmom
Odh8Oe5sZa0.wav,11.3,0.0,30.0,madmom
Odh8Oe5sZa0.wav,11.96,0.0,30.0,madmom
Odh8Oe5sZa0.wav,12.59,0.0,30.0,madmom
Odh8Oe5sZa0.wav,13.27,0.0,30.0,madmom
Odh8Oe5sZa0.wav,13.9,0.0,30.0,madmom
Odh8Oe5sZa0.wav,14.58,0.0,30.0,madmom
Odh8Oe5sZa0.wav,15.22,0.0,30.0,madmom
Odh8Oe5sZa0.wav,15.9,0.0,30.0,madmom
Odh8Oe5sZa0.wav,16.56,0.0,30.0,madmom
Odh8Oe5sZa0.wav,17.2,0.0,30.0,madmom
Odh8Oe5sZa0.wav,17.87,0.0,30.0,madmom
Odh8Oe5sZa0.wav,18.51,0.0,30.0,madmom
Odh8Oe5sZa0.wav,19.18,0.0,30.0,madmom
Odh8Oe5sZa0.wav,19.82,0.0,30.0,madmom
Odh8Oe5sZa0.wav,20.48,0.0,30.0,madmom
Odh8Oe5sZa0.wav,21.13,0.0,30.0,madmom
Odh8Oe5sZa0.wav,21.78,0.0,30.0,madmom
Odh8Oe5sZa0.wav,22.43,0.0,30.0,madmom
Odh8Oe5sZa0.wav,23.09,0.0,30.0,madmom
Odh8Oe5sZa0.wav,23.74,0.0,30.0,madmom
Odh8Oe5sZa0.wav,24.39,0.0,30.0,madmom
Odh8Oe5sZa0.wav,25.05,0.0,30.0,madmom
Odh8Oe5sZa0.wav,25.71,0.0,30.0,madmom
Odh8Oe5sZa0.wav,26.36,0.0,30.0,madmom
Odh8Oe5sZa0.wav,27.01,0.0,30.0,madmom
Odh8Oe5sZa0.wav,27.67,0.0,30.0,madmom
Odh8Oe5sZa0.wav,28.32,0.0,30.0,madmom
Odh8Oe5sZa0.wav,28.98,0.0,30.0,madmom
Odh8Oe5sZa0.wav,29.63,0.0,30.0,madmom
PIFXJ4XQX4E.wav,0.25,0.0,30.0,madmom
PIFXJ4XQX4E.wav,0.86,0.0,30.0,madmom
PIFXJ4XQX4E.wav,1.46,0.0,30.0,madmom
PIFXJ4XQX4E.wav,2.08,0.0,30.0,madmom
PIFXJ4XQX4E.wav,2.69,0.0,30.0,madmom
PIFXJ4XQX4E.wav,3.29,0.0,30.0,madmom
PIFXJ4XQX4E.wav,3.89,0.0,30.0,madmom
PIFXJ4XQX4E.wav,4.49,0.0,30.0,madmom
PIFXJ4XQX4E.wav,5.11,0.0,30.0,madmom
PIFXJ4XQX4E.wav,5.71,0.0,30.0,madmom
PIFXJ4XQX4E.wav,6.32,0.0,30.0,madmom
PIFXJ4XQX4E.wav,6.93,0.0,30.0,madmom
PIFXJ4XQX4E.wav,7.53,0.0,30.0,madmom
PIFXJ4XQX4E.wav,8.12,0.0,30.0,madmom
PIFXJ4XQX4E.wav,8.74,0.0,30.0,madmom
PIFXJ4XQX4E.wav,9.34,0.0,30.0,madmom
PIFXJ4XQX4E.wav,9.96,0.0,30.0,madmom
PIFXJ4XQX4E.wav,10.55,0.0,30.0,madmom
PIFXJ4XQX4E.wav,11.16,0.0,30.0,madmom
PIFXJ4XQX4E.wav,11.77,0.0,30.0,madmom
PIFXJ4XQX4E.wav,12.38,0.0,30.0,madmom
PIFXJ4XQX4E.wav,12.98,0.0,30.0,madmom
PIFXJ4XQX4E.wav,13.59,0.0,30.0,madmom
PIFXJ4XQX4E.wav,14.19,0.0,30.0,madmom
PIFXJ4XQX4E.wav,14.8,0.0,30.0,madmom
PIFXJ4XQX4E.wav,15.4,0.0,30.0,madmom
PIFXJ4XQX4E.wav,16.01,0.0,30.0,madmom
PIFXJ4XQX4E.wav,16.62,0.0,30.0,madmom
PIFXJ4XQX4E.wav,17.23,0.0,30.0,madmom
PIFXJ4XQX4E.wav,17.83,0.0,30.0,madmom
PIFXJ4XQX4E.wav,18.43,0.0,30.0,madmom
PIFXJ4XQX4E.wav,19.05,0.0,30.0,madmom
PIFXJ4XQX4E.wav,19.66,0.0,30.0,madmom
PIFXJ4XQX4E.wav,20.25,0.0,30.0,madmom
PIFXJ4XQX4E.wav,20.86,0.0,30.0,madmom
PIFXJ4XQX4E.wav,21.46,0.0,30.0,madmom
PIFXJ4XQX4E.wav,22.07,0.0,30.0,madmom
PIFXJ4XQX4E.wav,22.67,0.0,30.0,madmom
PIFXJ4XQX4E.wav,23.28,0.0,30.0,madmom
PIFXJ4XQX4E.wav,23.89,0.0,30.0,madmom
PIFXJ4XQX4E.wav,24.49,0.0,30.0,madmom
PIFXJ4XQX4E.wav,25.1,0.0,30.0,madmom
PIFXJ4XQX4E.wav,25.7,0.0,30.0,madmom
PIFXJ4XQX4E.wav,26.31,0.0,30.0,madmom
PIFXJ4XQX4E.wav,26.91,0.0,30.0,madmom
PIFXJ4XQX4E.wav,27.52,0.0,30.0,madmom
PIFXJ4XQX4E.wav,28.13,0.0,30.0,madmom
PIFXJ4XQX4E.wav,28.73,0.0,30.0,madmom
PIFXJ4XQX4E.wav,29.34,0.0,30.0,madmom
PIFXJ4XQX4E.wav,29.95,0.0,30.0,madmom
PRP1fU8obtA.wav,0.05,0.0,30.0,madmom
PRP1fU8obtA.wav,0.46,0.0,30.0,madmom
PRP1fU8obtA.wav,0.84,0.0,30.0,madmom
PRP1fU8obtA.wav,1.26,0.0,30.0,madmom
PRP1fU8obtA.wav,1.65,0.0,30.0,madmom
PRP1fU8obtA.wav,2.05,0.0,30.0,madmom
PRP1fU8obtA.wav,2.45,0.0,30.0,madmom
PRP1fU8obtA.wav,2.84,0.0,30.0,madmom
PRP1fU8obtA.wav,3.24,0.0,30.0,madmom
PRP1fU8obtA.wav,3.66,0.0,30.0,madmom
PRP1fU8obtA.wav,4.05,0.0,30.0,madmom
PRP1fU8obtA.wav,4.45,0.0,30.0,madmom
PRP1fU8obtA.wav,4.86,0.0,30.0,madmom
PRP1fU8obtA.wav,5.24,0.0,30.0,madmom
PRP1fU8obtA.wav,5.65,0.0,30.0,madmom
PRP1fU8obtA.wav,6.06,0.0,30.0,madmom
PRP1fU8obtA.wav,6.45,0.0,30.0,madmom
PRP1fU8obtA.wav,6.86,0.0,30.0,madmom
PRP1fU8obtA.wav,7.26,0.0,30.0,madmom
PRP1fU8obtA.wav,7.66,0.0,30.0,madmom
PRP1fU8obtA.wav,8.04,0.0,30.0,madmom
PRP1fU8obtA.wav,8.44,0.0,30.0,madmom
PRP1fU8obtA.wav,8.84,0.0,30.0,madmom
PRP1fU8obtA.wav,9.24,0.0,30.0,madmom
PRP1fU8obtA.wav,9.65,0.0,30.0,madmom
PRP1fU8obtA.wav,10.05,0.0,30.0,madmom
PRP1fU8obtA.wav,10.45,0.0,30.0,madmom
PRP1fU8obtA.wav,10.85,0.0,30.0,madmom
PRP1fU8obtA.wav,11.24,0.0,30.0,madmom
PRP1fU8obtA.wav,11.65,0.0,30.0,madmom
PRP1fU8obtA.wav,12.05,0.0,30.0,madmom
PRP1fU8obtA.wav,12.45,0.0,30.0,madmom
PRP1fU8obtA.wav,12.86,0.0,30.0,madmom
PRP1fU8obtA.wav,13.26,0.0,30.0,madmom
PRP1fU8obtA.wav,13.66,0.0,30.0,madmom
PRP1fU8obtA.wav,14.06,0.0,30.0,madmom
PRP1fU8obtA.wav,14.48,0.0,30.0,madmom
PRP1fU8obtA.wav,14.88,0.0,30.0,madmom
PRP1fU8obtA.wav,15.3,0.0,30.0,madmom
PRP1fU8obtA.wav,15.69,0.0,30.0,madmom
PRP1fU8obtA.wav,16.08,0.0,30.0,madmom
PRP1fU8obtA.wav,16.48,0.0,30.0,madmom
PRP1fU8obtA.wav,16.87,0.0,30.0,madmom
PRP1fU8obtA.wav,17.27,0.0,30.0,madmom
PRP1fU8obtA.wav,17.66,0.0,30.0,madmom
PRP1fU8obtA.wav,18.05,0.0,30.0,madmom
PRP1fU8obtA.wav,18.46,0.0,30.0,madmom
PRP1fU8obtA.wav,18.85,0.0,30.0,madmom
PRP1fU8obtA.wav,19.25,0.0,30.0,madmom
PRP1fU8obtA.wav,19.67,0.0,30.0,madmom
PRP1fU8obtA.wav,20.07,0.0,30.0,madmom
PRP1fU8obtA.wav,20.46,0.0,30.0,madmom
PRP1fU8obtA.wav,20.86,0.0,30.0,madmom
PRP1fU8obtA.wav,21.25,0.0,30.0,madmom
PRP1fU8obtA.wav,21.65,0.0,30.0,madmom
PRP1fU8obtA.wav,22.05,0.0,30.0,madmom
PRP1fU8obtA.wav,22.44,0.0,30.0,madmom
PRP1fU8obtA.wav,22.84,0.0,30.0,madmom
PRP1fU8obtA.wav,23.24,0.0,30.0,madmom
PRP1fU8obtA.wav,23.65,0.0,30.0,madmom
PRP1fU8obtA.wav,24.04,0.0,30.0,madmom
PRP1fU8obtA.wav,24.44,0.0,30.0,madmom
PRP1fU8obtA.wav,24.84,0.0,30.0,madmom
PRP1fU8obtA.wav,25.24,0.0,30.0,madmom
PRP1fU8obtA.wav,25.64,0.0,30.0,madmom
PRP1fU8obtA.wav,26.04,0.0,30.0,madmom
PRP1fU8obtA.wav,26.44,0.0,30.0,madmom
PRP1fU8obtA.wav,26.84,0.0,30.0,madmom
PRP1fU8obtA.wav,27.25,0.0,30.0,madmom
PRP1fU8obtA.wav,27.64,0.0,30.0,madmom
PRP1fU8obtA.wav,28.03,0.0,30.0,madmom
PRP1fU8obtA.wav,28.44,0.0,30.0,madmom
PRP1fU8obtA.wav,28.84,0.0,30.0,madmom
PRP1fU8obtA.wav,29.25,0.0,30.0,madmom
PRP1fU8obtA.wav,29.64,0.0,30.0,madmom
PuHJRHiXNMQ.wav,0.05,0.0,30.0,madmom
PuHJRHiXNMQ.wav,0.44,0.0,30.0,madmom
PuHJRHiXNMQ.wav,0.83,0.0,30.0,madmom
PuHJRHiXNMQ.wav,1.23,0.0,30.0,madmom
PuHJRHiXNMQ.wav,1.63,0.0,30.0,madmom
PuHJRHiXNMQ.wav,2.02,0.0,30.0,madmom
PuHJRHiXNMQ.wav,2.41,0.0,30.0,madmom
PuHJRHiXNMQ.wav,2.8,0.0,30.0,madmom
PuHJRHiXNMQ.wav,3.22,0.0,30.0,madmom
PuHJRHiXNMQ.wav,3.6,0.0,30.0,madmom
PuHJRHiXNMQ.wav,3.99,0.0,30.0,madmom
PuHJRHiXNMQ.wav,4.39,0.0,30.0,madmom
PuHJRHiXNMQ.wav,4.78,0.0,30.0,madmom
PuHJRHiXNMQ.wav,5.17,0.0,30.0,madmom
PuHJRHiXNMQ.wav,5.56,0.0,30.0,madmom
PuHJRHiXNMQ.wav,5.93,0.0,30.0,madmom
PuHJRHiXNMQ.wav,6.34,0.0,30.0,madmom
PuHJRHiXNMQ.wav,6.74,0.0,30.0,madmom
PuHJRHiXNMQ.wav,7.14,0.0,30.0,madmom
PuHJRHiXNMQ.wav,7.54,0.0,30.0,madmom
PuHJRHiXNMQ.wav,7.93,0.0,30.0,madmom
PuHJRHiXNMQ.wav,8.32,0.0,30.0,madmom
PuHJRHiXNMQ.wav,8.73,0.0,30.0,madmom
PuHJRHiXNMQ.wav,9.12,0.0,30.0,madmom
PuHJRHiXNMQ.wav,9.53,0.0,30.0,madmom
PuHJRHiXNMQ.wav,9.91,0.0,30.0,madmom
PuHJRHiXNMQ.wav,10.31,0.0,30.0,madmom
PuHJRHiXNMQ.wav,10.7,0.0,30.0,madmom
PuHJRHiXNMQ.wav,11.1,0.0,30.0,madmom
PuHJRHiXNMQ.wav,11.47,0.0,30.0,madmom
PuHJRHiXNMQ.wav,11.88,0.0,30.0,madmom
PuHJRHiXNMQ.wav,12.28,0.0,30.0,madmom
PuHJRHiXNMQ.wav,12.68,0.0,30.0,madmom
PuHJRHiXNMQ.wav,13.07,0.0,30.0,madmom
PuHJRHiXNMQ.wav,13.46,0.0,30.0,madmom
PuHJRHiXNMQ.wav,13.87,0.0,30.0,madmom
PuHJRHiXNMQ.wav,14.25,0.0,30.0,madmom
PuHJRHiXNMQ.wav,14.65,0.0,30.0,madmom
PuHJRHiXNMQ.wav,15.04,0.0,30.0,madmom
PuHJRHiXNMQ.wav,15.44,0.0,30.0,madmom
PuHJRHiXNMQ.wav,15.83,0.0,30.0,madmom
PuHJRHiXNMQ.wav,16.23,0.0,30.0,madmom
PuHJRHiXNMQ.wav,16.62,0.0,30.0,madmom
PuHJRHiXNMQ.wav,17.04,0.0,30.0,madmom
PuHJRHiXNMQ.wav,17.43,0.0,30.0,madmom
PuHJRHiXNMQ.wav,17.84,0.0,30.0,madmom
PuHJRHiXNMQ.wav,18.22,0.0,30.0,madmom
PuHJRHiXNMQ.wav,18.63,0.0,30.0,madmom
PuHJRHiXNMQ.wav,19.02,0.0,30.0,madmom
PuHJRHiXNMQ.wav,19.41,0.0,30.0,madmom
PuHJRHiXNMQ.wav,19.81,0.0,30.0,madmom
PuHJRHiXNMQ.wav,20.18,0.0,30.0,madmom
PuHJRHiXNMQ.wav,20.57,0.0,30.0,madmom
PuHJRHiXNMQ.wav,20.97,0.0,30.0,madmom
PuHJRHiXNMQ.wav,21.36,0.0,30.0,madmom
PuHJRHiXNMQ.wav,21.75,0.0,30.0,madmom
PuHJRHiXNMQ.wav,22.14,0.0,30.0,madmom
PuHJRHiXNMQ.wav,22.53,0.0,30.0,madmom
PuHJRHiXNMQ.wav,22.93,0.0,30.0,madmom
PuHJRHiXNMQ.wav,23.33,0.0,30.0,madmom
PuHJRHiXNMQ.wav,23.72,0.0,30.0,madmom
PuHJRHiXNMQ.wav,24.11,0.0,30.0,madmom
PuHJRHiXNMQ.wav,24.52,0.0,30.0,madmom
PuHJRHiXNMQ.wav,24.92,0.0,30.0,madmom
PuHJRHiXNMQ.wav,25.31,0.0,30.0,madmom
PuHJRHiXNMQ.wav,25.7,0.0,30.0,madmom
PuHJRHiXNMQ.wav,26.09,0.0,30.0,madmom
PuHJRHiXNMQ.wav,26.49,0.0,30.0,madmom
PuHJRHiXNMQ.wav,26.89,0.0,30.0,madmom
PuHJRHiXNMQ.wav,27.29,0.0,30.0,madmom
PuHJRHiXNMQ.wav,27.68,0.0,30.0,madmom
PuHJRHiXNMQ.wav,28.07,0.0,30.0,madmom
PuHJRHiXNMQ.wav,28.47,0.0,30.0,madmom
PuHJRHiXNMQ.wav,28.86,0.0,30.0,madmom
PuHJRHiXNMQ.wav,29.24,0.0,30.0,madmom
PuHJRHiXNMQ.wav,29.65,0.0,30.0,madmom
PzcCTtPanYQ.wav,0.02,0.0,30.0,madmom
PzcCTtPanYQ.wav,0.42,0.0,30.0,madmom
PzcCTtPanYQ.wav,0.82,0.0,30.0,madmom
PzcCTtPanYQ.wav,1.25,0.0,30.0,madmom
PzcCTtPanYQ.wav,1.65,0.0,30.0,madmom
PzcCTtPanYQ.wav,2.08,0.0,30.0,madmom
PzcCTtPanYQ.wav,2.5,0.0,30.0,madmom
PzcCTtPanYQ.wav,2.91,0.0,30.0,madmom
PzcCTtPanYQ.wav,3.33,0.0,30.0,madmom
PzcCTtPanYQ.wav,3.75,0.0,30.0,madmom
PzcCTtPanYQ.wav,4.16,0.0,30.0,madmom
PzcCTtPanYQ.wav,4.58,0.0,30.0,madmom
PzcCTtPanYQ.wav,5.0,0.0,30.0,madmom
PzcCTtPanYQ.wav,5.42,0.0,30.0,madmom
PzcCTtPanYQ.wav,5.84,0.0,30.0,madmom
PzcCTtPanYQ.wav,6.25,0.0,30.0,madmom
PzcCTtPanYQ.wav,6.67,0.0,30.0,madmom
PzcCTtPanYQ.wav,7.08,0.0,30.0,madmom
PzcCTtPanYQ.wav,7.5,0.0,30.0,madmom
PzcCTtPanYQ.wav,7.92,0.0,30.0,madmom
PzcCTtPanYQ.wav,8.34,0.0,30.0,madmom
PzcCTtPanYQ.wav,8.75,0.0,30.0,madmom
PzcCTtPanYQ.wav,9.16,0.0,30.0,madmom
PzcCTtPanYQ.wav,9.58,0.0,30.0,madmom
PzcCTtPanYQ.wav,9.99,0.0,30.0,madmom
PzcCTtPanYQ.wav,10.41,0.0,30.0,madmom
PzcCTtPanYQ.wav,10.83,0.0,30.0,madmom
PzcCTtPanYQ.wav,11.25,0.0,30.0,madmom
PzcCTtPanYQ.wav,11.66,0.0,30.0,madmom
PzcCTtPanYQ.wav,12.08,0.0,30.0,madmom
PzcCTtPanYQ.wav,12.5,0.0,30.0,madmom
PzcCTtPanYQ.wav,12.91,0.0,30.0,madmom
PzcCTtPanYQ.wav,13.33,0.0,30.0,madmom
PzcCTtPanYQ.wav,13.75,0.0,30.0,madmom
PzcCTtPanYQ.wav,14.17,0.0,30.0,madmom
PzcCTtPanYQ.wav,14.58,0.0,30.0,madmom
PzcCTtPanYQ.wav,15.01,0.0,30.0,madmom
PzcCTtPanYQ.wav,15.42,0.0,30.0,madmom
PzcCTtPanYQ.wav,15.84,0.0,30.0,madmom
PzcCTtPanYQ.wav,16.25,0.0,30.0,madmom
PzcCTtPanYQ.wav,16.67,0.0,30.0,madmom
PzcCTtPanYQ.wav,17.08,0.0,30.0,madmom
PzcCTtPanYQ.wav,17.5,0.0,30.0,madmom
PzcCTtPanYQ.wav,17.92,0.0,30.0,madmom
PzcCTtPanYQ.wav,18.35,0.0,30.0,madmom
PzcCTtPanYQ.wav,18.75,0.0,30.0,madmom
PzcCTtPanYQ.wav,19.17,0.0,30.0,madmom
PzcCTtPanYQ.wav,19.58,0.0,30.0,madmom
PzcCTtPanYQ.wav,20.0,0.0,30.0,madmom
PzcCTtPanYQ.wav,20.42,0.0,30.0,madmom
PzcCTtPanYQ.wav,20.84,0.0,30.0,madmom
PzcCTtPanYQ.wav,21.25,0.0,30.0,madmom
PzcCTtPanYQ.wav,21.67,0.0,30.0,madmom
PzcCTtPanYQ.wav,22.09,0.0,30.0,madmom
PzcCTtPanYQ.wav,22.48,0.0,30.0,madmom
PzcCTtPanYQ.wav,22.92,0.0,30.0,madmom
PzcCTtPanYQ.wav,23.33,0.0,30.0,madmom
PzcCTtPanYQ.wav,23.75,0.0,30.0,madmom
PzcCTtPanYQ.wav,24.17,0.0,30.0,madmom
PzcCTtPanYQ.wav,24.58,0.0,30.0,madmom
PzcCTtPanYQ.wav,25.0,0.0,30.0,madmom
PzcCTtPanYQ.wav,25.42,0.0,30.0,madmom
PzcCTtPanYQ.wav,25.83,0.0,30.0,madmom
PzcCTtPanYQ.wav,26.23,0.0,30.0,madmom
PzcCTtPanYQ.wav,26.66,0.0,30.0,madmom
PzcCTtPanYQ.wav,27.08,0.0,30.0,madmom
PzcCTtPanYQ.wav,27.49,0.0,30.0,madmom
PzcCTtPanYQ.wav,27.92,0.0,30.0,madmom
PzcCTtPanYQ.wav,28.32,0.0,30.0,madmom
PzcCTtPanYQ.wav,28.75,0.0,30.0,madmom
PzcCTtPanYQ.wav,29.17,0.0,30.0,madmom
PzcCTtPanYQ.wav,29.6,0.0,30.0,madmom
QYRQKFHbi3k.wav,0.16,0.0,30.0,madmom
QYRQKFHbi3k.wav,0.59,0.0,30.0,madmom
QYRQKFHbi3k.wav,1.01,0.0,30.0,madmom
QYRQKFHbi3k.wav,1.43,0.0,30.0,madmom
QYRQKFHbi3k.wav,1.85,0.0,30.0,madmom
QYRQKFHbi3k.wav,2.28,0.0,30.0,madmom
QYRQKFHbi3k.wav,2.7,0.0,30.0,madmom
QYRQKFHbi3k.wav,3.11,0.0,30.0,madmom
QYRQKFHbi3k.wav,3.52,0.0,30.0,madmom
QYRQKFHbi3k.wav,3.95,0.0,30.0,madmom
QYRQKFHbi3k.wav,4.39,0.0,30.0,madmom
QYRQKFHbi3k.wav,4.82,0.0,30.0,madmom
QYRQKFHbi3k.wav,5.24,0.0,30.0,madmom
QYRQKFHbi3k.wav,5.66,0.0,30.0,madmom
QYRQKFHbi3k.wav,6.08,0.0,30.0,madmom
QYRQKFHbi3k.wav,6.5,0.0,30.0,madmom
QYRQKFHbi3k.wav,6.92,0.0,30.0,madmom
QYRQKFHbi3k.wav,7.33,0.0,30.0,madmom
QYRQKFHbi3k.wav,7.76,0.0,30.0,madmom
QYRQKFHbi3k.wav,8.19,0.0,30.0,madmom
QYRQKFHbi3k.wav,8.61,0.0,30.0,madmom
QYRQKFHbi3k.wav,9.02,0.0,30.0,madmom
QYRQKFHbi3k.wav,9.45,0.0,30.0,madmom
QYRQKFHbi3k.wav,9.87,0.0,30.0,madmom
QYRQKFHbi3k.wav,10.29,0.0,30.0,madmom
QYRQKFHbi3k.wav,10.69,0.0,30.0,madmom
QYRQKFHbi3k.wav,11.14,0.0,30.0,madmom
QYRQKFHbi3k.wav,11.57,0.0,30.0,madmom
QYRQKFHbi3k.wav,11.99,0.0,30.0,madmom
QYRQKFHbi3k.wav,12.41,0.0,30.0,madmom
QYRQKFHbi3k.wav,12.84,0.0,30.0,madmom
QYRQKFHbi3k.wav,13.27,0.0,30.0,madmom
QYRQKFHbi3k.wav,13.69,0.0,30.0,madmom
QYRQKFHbi3k.wav,14.11,0.0,30.0,madmom
QYRQKFHbi3k.wav,14.53,0.0,30.0,madmom
QYRQKFHbi3k.wav,14.95,0.0,30.0,madmom
QYRQKFHbi3k.wav,15.38,0.0,30.0,madmom
QYRQKFHbi3k.wav,15.79,0.0,30.0,madmom
QYRQKFHbi3k.wav,16.22,0.0,30.0,madmom
QYRQKFHbi3k.wav,16.64,0.0,30.0,madmom
QYRQKFHbi3k.wav,17.06,0.0,30.0,madmom
QYRQKFHbi3k.wav,17.47,0.0,30.0,madmom
QYRQKFHbi3k.wav,17.9,0.0,30.0,madmom
QYRQKFHbi3k.wav,18.31,0.0,30.0,madmom
QYRQKFHbi3k.wav,18.72,0.0,30.0,madmom
QYRQKFHbi3k.wav,19.15,0.0,30.0,madmom
QYRQKFHbi3k.wav,19.59,0.0,30.0,madmom
QYRQKFHbi3k.wav,20.03,0.0,30.0,madmom
QYRQKFHbi3k.wav,20.44,0.0,30.0,madmom
QYRQKFHbi3k.wav,20.87,0.0,30.0,madmom
QYRQKFHbi3k.wav,21.29,0.0,30.0,madmom
QYRQKFHbi3k.wav,21.71,0.0,30.0,madmom
QYRQKFHbi3k.wav,22.14,0.0,30.0,madmom
QYRQKFHbi3k.wav,22.57,0.0,30.0,madmom
QYRQKFHbi3k.wav,22.98,0.0,30.0,madmom
QYRQKFHbi3k.wav,23.41,0.0,30.0,madmom
QYRQKFHbi3k.wav,23.83,0.0,30.0,madmom
QYRQKFHbi3k.wav,24.25,0.0,30.0,madmom
QYRQKFHbi3k.wav,24.67,0.0,30.0,madmom
QYRQKFHbi3k.wav,25.07,0.0,30.0,madmom
QYRQKFHbi3k.wav,25.49,0.0,30.0,madmom
QYRQKFHbi3k.wav,25.91,0.0,30.0,madmom
QYRQKFHbi3k.wav,26.36,0.0,30.0,madmom
QYRQKFHbi3k.wav,26.78,0.0,30.0,madmom
QYRQKFHbi3k.wav,27.21,0.0,30.0,madmom
QYRQKFHbi3k.wav,27.63,0.0,30.0,madmom
QYRQKFHbi3k.wav,28.05,0.0,30.0,madmom
QYRQKFHbi3k.wav,28.48,0.0,30.0,madmom
QYRQKFHbi3k.wav,28.9,0.0,30.0,madmom
QYRQKFHbi3k.wav,29.32,0.0,30.0,madmom
QYRQKFHbi3k.wav,29.74,0.0,30.0,madmom
RHTvwPwBpF0.wav,0.0,0.0,30.0,madmom
RHTvwPwBpF0.wav,0.66,0.0,30.0,madmom
RHTvwPwBpF0.wav,1.3,0.0,30.0,madmom
RHTvwPwBpF0.wav,1.96,0.0,30.0,madmom
RHTvwPwBpF0.wav,2.62,0.0,30.0,madmom
RHTvwPwBpF0.wav,3.27,0.0,30.0,madmom
RHTvwPwBpF0.wav,3.91,0.0,30.0,madmom
RHTvwPwBpF0.wav,4.56,0.0,30.0,madmom
RHTvwPwBpF0.wav,5.22,0.0,30.0,madmom
RHTvwPwBpF0.wav,5.84,0.0,30.0,madmom
RHTvwPwBpF0.wav,6.53,0.0,30.0,madmom
RHTvwPwBpF0.wav,7.18,0.0,30.0,madmom
RHTvwPwBpF0.wav,7.83,0.0,30.0,madmom
RHTvwPwBpF0.wav,8.48,0.0,30.0,madmom
RHTvwPwBpF0.wav,9.13,0.0,30.0,madmom
RHTvwPwBpF0.wav,9.78,0.0,30.0,madmom
RHTvwPwBpF0.wav,10.44,0.0,30.0,madmom
RHTvwPwBpF0.wav,11.09,0.0,30.0,madmom
RHTvwPwBpF0.wav,11.74,0.0,30.0,madmom
RHTvwPwBpF0.wav,12.39,0.0,30.0,madmom
RHTvwPwBpF0.wav,13.05,0.0,30.0,madmom
RHTvwPwBpF0.wav,13.7,0.0,30.0,madmom
RHTvwPwBpF0.wav,14.35,0.0,30.0,madmom
RHTvwPwBpF0.wav,15.0,0.0,30.0,madmom
RHTvwPwBpF0.wav,15.65,0.0,30.0,madmom
RHTvwPwBpF0.wav,16.31,0.0,30.0,madmom
RHTvwPwBpF0.wav,16.96,0.0,30.0,madmom
RHTvwPwBpF0.wav,17.61,0.0,30.0,madmom
RHTvwPwBpF0.wav,18.26,0.0,30.0,madmom
RHTvwPwBpF0.wav,18.92,0.0,30.0,madmom
RHTvwPwBpF0.wav,19.57,0.0,30.0,madmom
RHTvwPwBpF0.wav,20.22,0.0,30.0,madmom
RHTvwPwBpF0.wav,20.87,0.0,30.0,madmom
RHTvwPwBpF0.wav,21.52,0.0,30.0,madmom
RHTvwPwBpF0.wav,22.17,0.0,30.0,madmom
RHTvwPwBpF0.wav,22.83,0.0,30.0,madmom
RHTvwPwBpF0.wav,23.48,0.0,30.0,madmom
RHTvwPwBpF0.wav,24.13,0.0,30.0,madmom
RHTvwPwBpF0.wav,24.78,0.0,30.0,madmom
RHTvwPwBpF0.wav,25.44,0.0,30.0,madmom
RHTvwPwBpF0.wav,26.09,0.0,30.0,madmom
RHTvwPwBpF0.wav,26.74,0.0,30.0,madmom
RHTvwPwBpF0.wav,27.39,0.0,30.0,madmom
RHTvwPwBpF0.wav,28.05,0.0,30.0,madmom
RHTvwPwBpF0.wav,28.7,0.0,30.0,madmom
RHTvwPwBpF0.wav,29.35,0.0,30.0,madmom
RHTvwPwBpF0.wav,29.97,0.0,30.0,madmom
S6LOS5R8LQU.wav,0.01,0.0,30.0,madmom
S6LOS5R8LQU.wav,0.63,0.0,30.0,madmom
S6LOS5R8LQU.wav,1.25,0.0,30.0,madmom
S6LOS5R8LQU.wav,1.87,0.0,30.0,madmom
S6LOS5R8LQU.wav,2.5,0.0,30.0,madmom
S6LOS5R8LQU.wav,3.12,0.0,30.0,madmom
S6LOS5R8LQU.wav,3.74,0.0,30.0,madmom
S6LOS5R8LQU.wav,4.37,0.0,30.0,madmom
S6LOS5R8LQU.wav,5.0,0.0,30.0,madmom
S6LOS5R8LQU.wav,5.62,0.0,30.0,madmom
S6LOS5R8LQU.wav,6.24,0.0,30.0,madmom
S6LOS5R8LQU.wav,6.87,0.0,30.0,madmom
S6LOS5R8LQU.wav,7.5,0.0,30.0,madmom
S6LOS5R8LQU.wav,8.13,0.0,30.0,madmom
S6LOS5R8LQU.wav,8.76,0.0,30.0,madmom
S6LOS5R8LQU.wav,9.37,0.0,30.0,madmom
S6LOS5R8LQU.wav,10.0,0.0,30.0,madmom
S6LOS5R8LQU.wav,10.63,0.0,30.0,madmom
S6LOS5R8LQU.wav,11.25,0.0,30.0,madmom
S6LOS5R8LQU.wav,11.88,0.0,30.0,madmom
S6LOS5R8LQU.wav,12.5,0.0,30.0,madmom
S6LOS5R8LQU.wav,13.13,0.0,30.0,madmom
S6LOS5R8LQU.wav,13.75,0.0,30.0,madmom
S6LOS5R8LQU.wav,14.38,0.0,30.0,madmom
S6LOS5R8LQU.wav,15.0,0.0,30.0,madmom
S6LOS5R8LQU.wav,15.63,0.0,30.0,madmom
S6LOS5R8LQU.wav,16.26,0.0,30.0,madmom
S6LOS5R8LQU.wav,16.88,0.0,30.0,madmom
S6LOS5R8LQU.wav,17.5,0.0,30.0,madmom
S6LOS5R8LQU.wav,18.12,0.0,30.0,madmom
S6LOS5R8LQU.wav,18.75,0.0,30.0,madmom
S6LOS5R8LQU.wav,19.37,0.0,30.0,madmom
S6LOS5R8LQU.wav,20.0,0.0,30.0,madmom
S6LOS5R8LQU.wav,20.62,0.0,30.0,madmom
S6LOS5R8LQU.wav,21.25,0.0,30.0,madmom
S6LOS5R8LQU.wav,21.87,0.0,30.0,madmom
S6LOS5R8LQU.wav,22.5,0.0,30.0,madmom
S6LOS5R8LQU.wav,23.13,0.0,30.0,madmom
S6LOS5R8LQU.wav,23.74,0.0,30.0,madmom
S6LOS5R8LQU.wav,24.38,0.0,30.0,madmom
S6LOS5R8LQU.wav,25.0,0.0,30.0,madmom
S6LOS5R8LQU.wav,25.62,0.0,30.0,madmom
S6LOS5R8LQU.wav,26.25,0.0,30.0,madmom
S6LOS5R8LQU.wav,26.87,0.0,30.0,madmom
S6LOS5R8LQU.wav,27.5,0.0,30.0,madmom
S6LOS5R8LQU.wav,28.12,0.0,30.0,madmom
S6LOS5R8LQU.wav,28.75,0.0,30.0,madmom
S6LOS5R8LQU.wav,29.37,0.0,30.0,madmom
S6LOS5R8LQU.wav,29.97,0.0,30.0,madmom
SAheAwnUbcE.wav,0.4,0.0,30.0,madmom
SAheAwnUbcE.wav,1.12,0.0,30.0,madmom
SAheAwnUbcE.wav,1.84,0.0,30.0,madmom
SAheAwnUbcE.wav,2.56,0.0,30.0,madmom
SAheAwnUbcE.wav,3.29,0.0,30.0,madmom
SAheAwnUbcE.wav,4.0,0.0,30.0,madmom
SAheAwnUbcE.wav,4.73,0.0,30.0,madmom
SAheAwnUbcE.wav,5.46,0.0,30.0,madmom
SAheAwnUbcE.wav,6.18,0.0,30.0,madmom
SAheAwnUbcE.wav,6.9,0.0,30.0,madmom
SAheAwnUbcE.wav,7.62,0.0,30.0,madmom
SAheAwnUbcE.wav,8.35,0.0,30.0,madmom
SAheAwnUbcE.wav,9.07,0.0,30.0,madmom
SAheAwnUbcE.wav,9.78,0.0,30.0,madmom
SAheAwnUbcE.wav,10.51,0.0,30.0,madmom
SAheAwnUbcE.wav,11.24,0.0,30.0,madmom
SAheAwnUbcE.wav,11.96,0.0,30.0,madmom
SAheAwnUbcE.wav,12.68,0.0,30.0,madmom
SAheAwnUbcE.wav,13.41,0.0,30.0,madmom
SAheAwnUbcE.wav,14.13,0.0,30.0,madmom
SAheAwnUbcE.wav,14.85,0.0,30.0,madmom
SAheAwnUbcE.wav,15.57,0.0,30.0,madmom
SAheAwnUbcE.wav,16.3,0.0,30.0,madmom
SAheAwnUbcE.wav,17.02,0.0,30.0,madmom
SAheAwnUbcE.wav,17.74,0.0,30.0,madmom
SAheAwnUbcE.wav,18.47,0.0,30.0,madmom
SAheAwnUbcE.wav,19.19,0.0,30.0,madmom
SAheAwnUbcE.wav,19.92,0.0,30.0,madmom
SAheAwnUbcE.wav,20.63,0.0,30.0,madmom
SAheAwnUbcE.wav,21.36,0.0,30.0,madmom
SAheAwnUbcE.wav,22.08,0.0,30.0,madmom
SAheAwnUbcE.wav,22.8,0.0,30.0,madmom
SAheAwnUbcE.wav,23.53,0.0,30.0,madmom
SAheAwnUbcE.wav,24.25,0.0,30.0,madmom
SAheAwnUbcE.wav,24.97,0.0,30.0,madmom
SAheAwnUbcE.wav,25.7,0.0,30.0,madmom
SAheAwnUbcE.wav,26.42,0.0,30.0,madmom
SAheAwnUbcE.wav,27.14,0.0,30.0,madmom
SAheAwnUbcE.wav,27.86,0.0,30.0,madmom
SAheAwnUbcE.wav,28.59,0.0,30.0,madmom
SAheAwnUbcE.wav,29.31,0.0,30.0,madmom
Sko7dU0qJN0.wav,0.35,0.0,30.0,madmom
Sko7dU0qJN0.wav,1.19,0.0,30.0,madmom
Sko7dU0qJN0.wav,2.04,0.0,30.0,madmom
Sko7dU0qJN0.wav,2.9,0.0,30.0,madmom
Sko7dU0qJN0.wav,3.74,0.0,30.0,madmom
Sko7dU0qJN0.wav,4.6,0.0,30.0,madmom
Sko7dU0qJN0.wav,5.44,0.0,30.0,madmom
Sko7dU0qJN0.wav,6.24,0.0,30.0,madmom
Sko7dU0qJN0.wav,7.05,0.0,30.0,madmom
Sko7dU0qJN0.wav,7.88,0.0,30.0,madmom
Sko7dU0qJN0.wav,8.71,0.0,30.0,madmom
Sko7dU0qJN0.wav,9.52,0.0,30.0,madmom
Sko7dU0qJN0.wav,10.4,0.0,30.0,madmom
Sko7dU0qJN0.wav,11.23,0.0,30.0,madmom
Sko7dU0qJN0.wav,12.08,0.0,30.0,madmom
Sko7dU0qJN0.wav,12.95,0.0,30.0,madmom
Sko7dU0qJN0.wav,13.73,0.0,30.0,madmom
Sko7dU0qJN0.wav,14.58,0.0,30.0,madmom
Sko7dU0qJN0.wav,15.43,0.0,30.0,madmom
Sko7dU0qJN0.wav,16.27,0.0,30.0,madmom
Sko7dU0qJN0.wav,17.1,0.0,30.0,madmom
Sko7dU0qJN0.wav,17.93,0.0,30.0,madmom
Sko7dU0qJN0.wav,18.81,0.0,30.0,madmom
Sko7dU0qJN0.wav,19.6,0.0,30.0,madmom
Sko7dU0qJN0.wav,20.49,0.0,30.0,madmom
Sko7dU0qJN0.wav,21.31,0.0,30.0,madmom
Sko7dU0qJN0.wav,22.1,0.0,30.0,madmom
Sko7dU0qJN0.wav,22.91,0.0,30.0,madmom
Sko7dU0qJN0.wav,23.75,0.0,30.0,madmom
Sko7dU0qJN0.wav,24.63,0.0,30.0,madmom
Sko7dU0qJN0.wav,25.45,0.0,30.0,madmom
Sko7dU0qJN0.wav,26.26,0.0,30.0,madmom
Sko7dU0qJN0.wav,27.11,0.0,30.0,madmom
Sko7dU0qJN0.wav,27.95,0.0,30.0,madmom
Sko7dU0qJN0.wav,28.76,0.0,30.0,madmom
Sko7dU0qJN0.wav,29.62,0.0,30.0,madmom
T9EKqFrer9U.wav,0.22,0.0,30.0,madmom
T9EKqFrer9U.wav,0.66,0.0,30.0,madmom
T9EKqFrer9U.wav,1.08,0.0,30.0,madmom
T9EKqFrer9U.wav,1.51,0.0,30.0,madmom
T9EKqFrer9U.wav,1.93,0.0,30.0,madmom
T9EKqFrer9U.wav,2.37,0.0,30.0,madmom
T9EKqFrer9U.wav,2.79,0.0,30.0,madmom
T9EKqFrer9U.wav,3.22,0.0,30.0,madmom
T9EKqFrer9U.wav,3.65,0.0,30.0,madmom
T9EKqFrer9U.wav,4.08,0.0,30.0,madmom
T9EKqFrer9U.wav,4.5,0.0,30.0,madmom
T9EKqFrer9U.wav,4.94,0.0,30.0,madmom
T9EKqFrer9U.wav,5.36,0.0,30.0,madmom
T9EKqFrer9U.wav,5.8,0.0,30.0,madmom
T9EKqFrer9U.wav,6.22,0.0,30.0,madmom
T9EKqFrer9U.wav,6.65,0.0,30.0,madmom
T9EKqFrer9U.wav,7.07,0.0,30.0,madmom
T9EKqFrer9U.wav,7.51,0.0,30.0,madmom
T9EKqFrer9U.wav,7.93,0.0,30.0,madmom
T9EKqFrer9U.wav,8.37,0.0,30.0,madmom
T9EKqFrer9U.wav,8.79,0.0,30.0,madmom
T9EKqFrer9U.wav,9.23,0.0,30.0,madmom
T9EKqFrer9U.wav,9.65,0.0,30.0,madmom
T9EKqFrer9U.wav,10.07,0.0,30.0,madmom
T9EKqFrer9U.wav,10.5,0.0,30.0,madmom
T9EKqFrer9U.wav,10.94,0.0,30.0,madmom
T9EKqFrer9U.wav,11.36,0.0,30.0,madmom
T9EKqFrer9U.wav,11.79,0.0,30.0,madmom
T9EKqFrer9U.wav,12.22,0.0,30.0,madmom
T9EKqFrer9U.wav,12.66,0.0,30.0,madmom
T9EKqFrer9U.wav,13.08,0.0,30.0,madmom
T9EKqFrer9U.wav,13.51,0.0,30.0,madmom
T9EKqFrer9U.wav,13.93,0.0,30.0,madmom
T9EKqFrer9U.wav,14.36,0.0,30.0,madmom
T9EKqFrer9U.wav,14.78,0.0,30.0,madmom
T9EKqFrer9U.wav,15.21,0.0,30.0,madmom
T9EKqFrer9U.wav,15.64,0.0,30.0,madmom
T9EKqFrer9U.wav,16.08,0.0,30.0,madmom
T9EKqFrer9U.wav,16.51,0.0,30.0,madmom
T9EKqFrer9U.wav,16.94,0.0,30.0,madmom
T9EKqFrer9U.wav,17.36,0.0,30.0,madmom
T9EKqFrer9U.wav,17.8,0.0,30.0,madmom
T9EKqFrer9U.wav,18.22,0.0,30.0,madmom
T9EKqFrer9U.wav,18.65,0.0,30.0,madmom
T9EKqFrer9U.wav,19.09,0.0,30.0,madmom
T9EKqFrer9U.wav,19.51,0.0,30.0,madmom
T9EKqFrer9U.wav,19.94,0.0,30.0,madmom
T9EKqFrer9U.wav,20.36,0.0,30.0,madmom
T9EKqFrer9U.wav,20.79,0.0,30.0,madmom
T9EKqFrer9U.wav,21.21,0.0,30.0,madmom
T9EKqFrer9U.wav,21.65,0.0,30.0,madmom
T9EKqFrer9U.wav,22.08,0.0,30.0,madmom
T9EKqFrer9U.wav,22.51,0.0,30.0,madmom
T9EKqFrer9U.wav,22.93,0.0,30.0,madmom
T9EKqFrer9U.wav,23.36,0.0,30.0,madmom
T9EKqFrer9U.wav,23.78,0.0,30.0,madmom
T9EKqFrer9U.wav,24.21,0.0,30.0,madmom
T9EKqFrer9U.wav,24.65,0.0,30.0,madmom
T9EKqFrer9U.wav,25.07,0.0,30.0,madmom
T9EKqFrer9U.wav,25.5,0.0,30.0,madmom
T9EKqFrer9U.wav,25.93,0.0,30.0,madmom
T9EKqFrer9U.wav,26.37,0.0,30.0,madmom
T9EKqFrer9U.wav,26.79,0.0,30.0,madmom
T9EKqFrer9U.wav,27.22,0.0,30.0,madmom
T9EKqFrer9U.wav,27.65,0.0,30.0,madmom
T9EKqFrer9U.wav,28.08,0.0,30.0,madmom
T9EKqFrer9U.wav,28.5,0.0,30.0,madmom
T9EKqFrer9U.wav,28.93,0.0,30.0,madmom
T9EKqFrer9U.wav,29.36,0.0,30.0,madmom
T9EKqFrer9U.wav,29.79,0.0,30.0,madmom
TTrdYIdxmy0.wav,0.52,0.0,30.0,madmom
TTrdYIdxmy0.wav,1.46,0.0,30.0,madmom
TTrdYIdxmy0.wav,2.4,0.0,30.0,madmom
TTrdYIdxmy0.wav,3.37,0.0,30.0,madmom
TTrdYIdxmy0.wav,4.32,0.0,30.0,madmom
TTrdYIdxmy0.wav,5.26,0.0,30.0,madmom
TTrdYIdxmy0.wav,6.2,0.0,30.0,madmom
TTrdYIdxmy0.wav,7.15,0.0,30.0,madmom
TTrdYIdxmy0.wav,8.09,0.0,30.0,madmom
TTrdYIdxmy0.wav,9.06,0.0,30.0,madmom
TTrdYIdxmy0.wav,9.99,0.0,30.0,madmom
TTrdYIdxmy0.wav,10.93,0.0,30.0,madmom
TTrdYIdxmy0.wav,11.87,0.0,30.0,madmom
TTrdYIdxmy0.wav,12.81,0.0,30.0,madmom
TTrdYIdxmy0.wav,13.79,0.0,30.0,madmom
TTrdYIdxmy0.wav,14.72,0.0,30.0,madmom
TTrdYIdxmy0.wav,15.66,0.0,30.0,madmom
TTrdYIdxmy0.wav,16.59,0.0,30.0,madmom
TTrdYIdxmy0.wav,17.53,0.0,30.0,madmom
TTrdYIdxmy0.wav,18.48,0.0,30.0,madmom
TTrdYIdxmy0.wav,19.43,0.0,30.0,madmom
TTrdYIdxmy0.wav,20.38,0.0,30.0,madmom
TTrdYIdxmy0.wav,21.32,0.0,30.0,madmom
TTrdYIdxmy0.wav,22.27,0.0,30.0,madmom
TTrdYIdxmy0.wav,23.21,0.0,30.0,madmom
TTrdYIdxmy0.wav,24.17,0.0,30.0,madmom
TTrdYIdxmy0.wav,25.11,0.0,30.0,madmom
TTrdYIdxmy0.wav,26.05,0.0,30.0,madmom
TTrdYIdxmy0.wav,26.99,0.0,30.0,madmom
TTrdYIdxmy0.wav,27.94,0.0,30.0,madmom
TTrdYIdxmy0.wav,28.88,0.0,30.0,madmom
TTrdYIdxmy0.wav,29.83,0.0,30.0,madmom
Tsdy0lD1SSs.wav,0.0,0.0,30.0,madmom
Tsdy0lD1SSs.wav,0.5,0.0,30.0,madmom
Tsdy0lD1SSs.wav,1.02,0.0,30.0,madmom
Tsdy0lD1SSs.wav,1.51,0.0,30.0,madmom
Tsdy0lD1SSs.wav,1.98,0.0,30.0,madmom
Tsdy0lD1SSs.wav,2.47,0.0,30.0,madmom
Tsdy0lD1SSs.wav,2.97,0.0,30.0,madmom
Tsdy0lD1SSs.wav,3.44,0.0,30.0,madmom
Tsdy0lD1SSs.wav,3.92,0.0,30.0,madmom
Tsdy0lD1SSs.wav,4.41,0.0,30.0,madmom
Tsdy0lD1SSs.wav,4.89,0.0,30.0,madmom
Tsdy0lD1SSs.wav,5.38,0.0,30.0,madmom
Tsdy0lD1SSs.wav,5.85,0.0,30.0,madmom
Tsdy0lD1SSs.wav,6.35,0.0,30.0,madmom
Tsdy0lD1SSs.wav,6.82,0.0,30.0,madmom
Tsdy0lD1SSs.wav,7.32,0.0,30.0,madmom
Tsdy0lD1SSs.wav,7.79,0.0,30.0,madmom
Tsdy0lD1SSs.wav,8.28,0.0,30.0,madmom
Tsdy0lD1SSs.wav,8.76,0.0,30.0,madmom
Tsdy0lD1SSs.wav,9.24,0.0,30.0,madmom
Tsdy0lD1SSs.wav,9.72,0.0,30.0,madmom
Tsdy0lD1SSs.wav,10.2,0.0,30.0,madmom
Tsdy0lD1SSs.wav,10.68,0.0,30.0,madmom
Tsdy0lD1SSs.wav,11.18,0.0,30.0,madmom
Tsdy0lD1SSs.wav,11.66,0.0,30.0,madmom
Tsdy0lD1SSs.wav,12.15,0.0,30.0,madmom
Tsdy0lD1SSs.wav,12.63,0.0,30.0,madmom
Tsdy0lD1SSs.wav,13.11,0.0,30.0,madmom
Tsdy0lD1SSs.wav,13.59,0.0,30.0,madmom
Tsdy0lD1SSs.wav,14.08,0.0,30.0,madmom
Tsdy0lD1SSs.wav,14.56,0.0,30.0,madmom
Tsdy0lD1SSs.wav,15.04,0.0,30.0,madmom
Tsdy0lD1SSs.wav,15.53,0.0,30.0,madmom
Tsdy0lD1SSs.wav,16.02,0.0,30.0,madmom
Tsdy0lD1SSs.wav,16.5,0.0,30.0,madmom
Tsdy0lD1SSs.wav,16.98,0.0,30.0,madmom
Tsdy0lD1SSs.wav,17.47,0.0,30.0,madmom
Tsdy0lD1SSs.wav,17.98,0.0,30.0,madmom
Tsdy0lD1SSs.wav,18.46,0.0,30.0,madmom
Tsdy0lD1SSs.wav,18.92,0.0,30.0,madmom
Tsdy0lD1SSs.wav,19.4,0.0,30.0,madmom
Tsdy0lD1SSs.wav,19.9,0.0,30.0,madmom
Tsdy0lD1SSs.wav,20.37,0.0,30.0,madmom
Tsdy0lD1SSs.wav,20.84,0.0,30.0,madmom
Tsdy0lD1SSs.wav,21.34,0.0,30.0,madmom
Tsdy0lD1SSs.wav,21.82,0.0,30.0,madmom
Tsdy0lD1SSs.wav,22.31,0.0,30.0,madmom
Tsdy0lD1SSs.wav,22.79,0.0,30.0,madmom
Tsdy0lD1SSs.wav,23.28,0.0,30.0,madmom
Tsdy0lD1SSs.wav,23.77,0.0,30.0,madmom
Tsdy0lD1SSs.wav,24.25,0.0,30.0,madmom
Tsdy0lD1SSs.wav,24.73,0.0,30.0,madmom
Tsdy0lD1SSs.wav,25.21,0.0,30.0,madmom
Tsdy0lD1SSs.wav,25.7,0.0,30.0,madmom
Tsdy0lD1SSs.wav,26.17,0.0,30.0,madmom
Tsdy0lD1SSs.wav,26.66,0.0,30.0,madmom
Tsdy0lD1SSs.wav,27.14,0.0,30.0,madmom
Tsdy0lD1SSs.wav,27.64,0.0,30.0,madmom
Tsdy0lD1SSs.wav,28.1,0.0,30.0,madmom
Tsdy0lD1SSs.wav,28.59,0.0,30.0,madmom
Tsdy0lD1SSs.wav,29.08,0.0,30.0,madmom
Tsdy0lD1SSs.wav,29.56,0.0,30.0,madmom
TyFYPz2V2ZY.wav,0.26,0.0,30.0,madmom
TyFYPz2V2ZY.wav,1.2,0.0,30.0,madmom
TyFYPz2V2ZY.wav,2.08,0.0,30.0,madmom
TyFYPz2V2ZY.wav,2.99,0.0,30.0,madmom
TyFYPz2V2ZY.wav,3.88,0.0,30.0,madmom
TyFYPz2V2ZY.wav,4.78,0.0,30.0,madmom
TyFYPz2V2ZY.wav,5.71,0.0,30.0,madmom
TyFYPz2V2ZY.wav,6.64,0.0,30.0,madmom
TyFYPz2V2ZY.wav,7.53,0.0,30.0,madmom
TyFYPz2V2ZY.wav,8.41,0.0,30.0,madmom
TyFYPz2V2ZY.wav,9.34,0.0,30.0,madmom
TyFYPz2V2ZY.wav,10.26,0.0,30.0,madmom
TyFYPz2V2ZY.wav,11.16,0.0,30.0,madmom
TyFYPz2V2ZY.wav,12.06,0.0,30.0,madmom
TyFYPz2V2ZY.wav,12.98,0.0,30.0,madmom
TyFYPz2V2ZY.wav,13.88,0.0,30.0,madmom
TyFYPz2V2ZY.wav,14.79,0.0,30.0,madmom
TyFYPz2V2ZY.wav,15.7,0.0,30.0,madmom
TyFYPz2V2ZY.wav,16.64,0.0,30.0,madmom
TyFYPz2V2ZY.wav,17.54,0.0,30.0,madmom
TyFYPz2V2ZY.wav,18.43,0.0,30.0,madmom
TyFYPz2V2ZY.wav,19.35,0.0,30.0,madmom
TyFYPz2V2ZY.wav,20.25,0.0,30.0,madmom
TyFYPz2V2ZY.wav,21.18,0.0,30.0,madmom
TyFYPz2V2ZY.wav,22.07,0.0,30.0,madmom
TyFYPz2V2ZY.wav,22.99,0.0,30.0,madmom
TyFYPz2V2ZY.wav,23.88,0.0,30.0,madmom
TyFYPz2V2ZY.wav,24.82,0.0,30.0,madmom
TyFYPz2V2ZY.wav,25.7,0.0,30.0,madmom
TyFYPz2V2ZY.wav,26.63,0.0,30.0,madmom
TyFYPz2V2ZY.wav,27.52,0.0,30.0,madmom
TyFYPz2V2ZY.wav,28.44,0.0,30.0,madmom
TyFYPz2V2ZY.wav,29.34,0.0,30.0,madmom
UpLwQAN25so.wav,0.32,0.0,30.0,madmom
UpLwQAN25so.wav,0.75,0.0,30.0,madmom
UpLwQAN25so.wav,1.18,0.0,30.0,madmom
UpLwQAN25so.wav,1.62,0.0,30.0,madmom
UpLwQAN25so.wav,2.05,0.0,30.0,madmom
UpLwQAN25so.wav,2.48,0.0,30.0,madmom
UpLwQAN25so.wav,2.91,0.0,30.0,madmom
UpLwQAN25so.wav,3.34,0.0,30.0,madmom
UpLwQAN25so.wav,3.77,0.0,30.0,madmom
UpLwQAN25so.wav,4.21,0.0,30.0,madmom
UpLwQAN25so.wav,4.64,0.0,30.0,madmom
UpLwQAN25so.wav,5.07,0.0,30.0,madmom
UpLwQAN25so.wav,5.5,0.0,30.0,madmom
UpLwQAN25so.wav,5.93,0.0,30.0,madmom
UpLwQAN25so.wav,6.36,0.0,30.0,madmom
UpLwQAN25so.wav,6.79,0.0,30.0,madmom
UpLwQAN25so.wav,7.23,0.0,30.0,madmom
UpLwQAN25so.wav,7.66,0.0,30.0,madmom
UpLwQAN25so.wav,8.09,0.0,30.0,madmom
UpLwQAN25so.wav,8.52,0.0,30.0,madmom
UpLwQAN25so.wav,8.95,0.0,30.0,madmom
UpLwQAN25so.wav,9.39,0.0,30.0,madmom
UpLwQAN25so.wav,9.81,0.0,30.0,madmom
UpLwQAN25so.wav,10.25,0.0,30.0,madmom
UpLwQAN25so.wav,10.68,0.0,30.0,madmom
UpLwQAN25so.wav,11.11,0.0,30.0,madmom
UpLwQAN25so.wav,11.54,0.0,30.0,madmom
UpLwQAN25so.wav,11.98,0.0,30.0,madmom
UpLwQAN25so.wav,12.41,0.0,30.0,madmom
UpLwQAN25so.wav,12.84,0.0,30.0,madmom
UpLwQAN25so.wav,13.27,0.0,30.0,madmom
UpLwQAN25so.wav,13.71,0.0,30.0,madmom
UpLwQAN25so.wav,14.13,0.0,30.0,madmom
UpLwQAN25so.wav,14.57,0.0,30.0,madmom
UpLwQAN25so.wav,15.0,0.0,30.0,madmom
UpLwQAN25so.wav,15.43,0.0,30.0,madmom
UpLwQAN25so.wav,15.86,0.0,30.0,madmom
UpLwQAN25so.wav,16.29,0.0,30.0,madmom
UpLwQAN25so.wav,16.72,0.0,30.0,madmom
UpLwQAN25so.wav,17.16,0.0,30.0,madmom
UpLwQAN25so.wav,17.59,0.0,30.0,madmom
UpLwQAN25so.wav,18.02,0.0,30.0,madmom
UpLwQAN25so.wav,18.45,0.0,30.0,madmom
UpLwQAN25so.wav,18.89,0.0,30.0,madmom
UpLwQAN25so.wav,19.3,0.0,30.0,madmom
UpLwQAN25so.wav,19.75,0.0,30.0,madmom
UpLwQAN25so.wav,20.18,0.0,30.0,madmom
UpLwQAN25so.wav,20.61,0.0,30.0,madmom
UpLwQAN25so.wav,21.04,0.0,30.0,madmom
UpLwQAN25so.wav,21.48,0.0,30.0,madmom
UpLwQAN25so.wav,21.9,0.0,30.0,madmom
UpLwQAN25so.wav,22.34,0.0,30.0,madmom
UpLwQAN25so.wav,22.77,0.0,30.0,madmom
UpLwQAN25so.wav,23.2,0.0,30.0,madmom
UpLwQAN25so.wav,23.63,0.0,30.0,madmom
UpLwQAN25so.wav,24.06,0.0,30.0,madmom
UpLwQAN25so.wav,24.49,0.0,30.0,madmom
UpLwQAN25so.wav,24.93,0.0,30.0,madmom
UpLwQAN25so.wav,25.36,0.0,30.0,madmom
UpLwQAN25so.wav,25.79,0.0,30.0,madmom
UpLwQAN25so.wav,26.22,0.0,30.0,madmom
UpLwQAN25so.wav,26.65,0.0,30.0,madmom
UpLwQAN25so.wav,27.08,0.0,30.0,madmom
UpLwQAN25so.wav,27.52,0.0,30.0,madmom
UpLwQAN25so.wav,27.95,0.0,30.0,madmom
UpLwQAN25so.wav,28.38,0.0,30.0,madmom
UpLwQAN25so.wav,28.82,0.0,30.0,madmom
UpLwQAN25so.wav,29.25,0.0,30.0,madmom
UpLwQAN25so.wav,29.67,0.0,30.0,madmom
UsjvI9tG9u8.wav,0.21,0.0,30.0,madmom
UsjvI9tG9u8.wav,0.63,0.0,30.0,madmom
UsjvI9tG9u8.wav,1.03,0.0,30.0,madmom
UsjvI9tG9u8.wav,1.45,0.0,30.0,madmom
UsjvI9tG9u8.wav,1.88,0.0,30.0,madmom
UsjvI9tG9u8.wav,2.29,0.0,30.0,madmom
UsjvI9tG9u8.wav,2.72,0.0,30.0,madmom
UsjvI9tG9u8.wav,3.14,0.0,30.0,madmom
UsjvI9tG9u8.wav,3.55,0.0,30.0,madmom
UsjvI9tG9u8.wav,3.98,0.0,30.0,madmom
UsjvI9tG9u8.wav,4.4,0.0,30.0,madmom
UsjvI9tG9u8.wav,4.8,0.0,30.0,madmom
UsjvI9tG9u8.wav,5.23,0.0,30.0,madmom
UsjvI9tG9u8.wav,5.65,0.0,30.0,madmom
UsjvI9tG9u8.wav,6.06,0.0,30.0,madmom
UsjvI9tG9u8.wav,6.48,0.0,30.0,madmom
UsjvI9tG9u8.wav,6.92,0.0,30.0,madmom
UsjvI9tG9u8.wav,7.34,0.0,30.0,madmom
UsjvI9tG9u8.wav,7.76,0.0,30.0,madmom
UsjvI9tG9u8.wav,8.17,0.0,30.0,madmom
UsjvI9tG9u8.wav,8.59,0.0,30.0,madmom
UsjvI9tG9u8.wav,9.01,0.0,30.0,madmom
UsjvI9tG9u8.wav,9.42,0.0,30.0,madmom
UsjvI9tG9u8.wav,9.86,0.0,30.0,madmom
UsjvI9tG9u8.wav,10.28,0.0,30.0,madmom
UsjvI9tG9u8.wav,10.68,0.0,30.0,madmom
UsjvI9tG9u8.wav,11.12,0.0,30.0,madmom
UsjvI9tG9u8.wav,11.54,0.0,30.0,madmom
UsjvI9tG9u8.wav,11.95,0.0,30.0,madmom
UsjvI9tG9u8.wav,12.37,0.0,30.0,madmom
UsjvI9tG9u8.wav,12.79,0.0,30.0,madmom
UsjvI9tG9u8.wav,13.2,0.0,30.0,madmom
UsjvI9tG9u8.wav,13.62,0.0,30.0,madmom
UsjvI9tG9u8.wav,14.06,0.0,30.0,madmom
UsjvI9tG9u8.wav,14.47,0.0,30.0,madmom
UsjvI9tG9u8.wav,14.88,0.0,30.0,madmom
UsjvI9tG9u8.wav,15.3,0.0,30.0,madmom
UsjvI9tG9u8.wav,15.73,0.0,30.0,madmom
UsjvI9tG9u8.wav,16.14,0.0,30.0,madmom
UsjvI9tG9u8.wav,16.58,0.0,30.0,madmom
UsjvI9tG9u8.wav,16.99,0.0,30.0,madmom
UsjvI9tG9u8.wav,17.41,0.0,30.0,madmom
UsjvI9tG9u8.wav,17.82,0.0,30.0,madmom
UsjvI9tG9u8.wav,18.25,0.0,30.0,madmom
UsjvI9tG9u8.wav,18.67,0.0,30.0,madmom
UsjvI9tG9u8.wav,19.09,0.0,30.0,madmom
UsjvI9tG9u8.wav,19.5,0.0,30.0,madmom
UsjvI9tG9u8.wav,19.93,0.0,30.0,madmom
UsjvI9tG9u8.wav,20.35,0.0,30.0,madmom
UsjvI9tG9u8.wav,20.76,0.0,30.0,madmom
UsjvI9tG9u8.wav,21.2,0.0,30.0,madmom
UsjvI9tG9u8.wav,21.61,0.0,30.0,madmom
UsjvI9tG9u8.wav,22.02,0.0,30.0,madmom
UsjvI9tG9u8.wav,22.44,0.0,30.0,madmom
UsjvI9tG9u8.wav,22.86,0.0,30.0,madmom
UsjvI9tG9u8.wav,23.29,0.0,30.0,madmom
UsjvI9tG9u8.wav,23.71,0.0,30.0,madmom
UsjvI9tG9u8.wav,24.12,0.0,30.0,madmom
UsjvI9tG9u8.wav,24.53,0.0,30.0,madmom
UsjvI9tG9u8.wav,24.96,0.0,30.0,madmom
UsjvI9tG9u8.wav,25.37,0.0,30.0,madmom
UsjvI9tG9u8.wav,25.76,0.0,30.0,madmom
UsjvI9tG9u8.wav,26.18,0.0,30.0,madmom
UsjvI9tG9u8.wav,26.61,0.0,30.0,madmom
UsjvI9tG9u8.wav,27.05,0.0,30.0,madmom
UsjvI9tG9u8.wav,27.47,0.0,30.0,madmom
UsjvI9tG9u8.wav,27.9,0.0,30.0,madmom
UsjvI9tG9u8.wav,28.32,0.0,30.0,madmom
UsjvI9tG9u8.wav,28.77,0.0,30.0,madmom
UsjvI9tG9u8.wav,29.16,0.0,30.0,madmom
UsjvI9tG9u8.wav,29.58,0.0,30.0,madmom
UsjvI9tG9u8.wav,29.98,0.0,30.0,madmom
UxD-yc9RWPA.wav,0.34,0.0,30.0,madmom
UxD-yc9RWPA.wav,0.91,0.0,30.0,madmom
UxD-yc9RWPA.wav,1.48,0.0,30.0,madmom
UxD-yc9RWPA.wav,2.05,0.0,30.0,madmom
UxD-yc9RWPA.wav,2.62,0.0,30.0,madmom
UxD-yc9RWPA.wav,3.2,0.0,30.0,madmom
UxD-yc9RWPA.wav,3.76,0.0,30.0,madmom
UxD-yc9RWPA.wav,4.34,0.0,30.0,madmom
UxD-yc9RWPA.wav,4.91,0.0,30.0,madmom
UxD-yc9RWPA.wav,5.48,0.0,30.0,madmom
UxD-yc9RWPA.wav,6.05,0.0,30.0,madmom
UxD-yc9RWPA.wav,6.63,0.0,30.0,madmom
UxD-yc9RWPA.wav,7.18,0.0,30.0,madmom
UxD-yc9RWPA.wav,7.76,0.0,30.0,madmom
UxD-yc9RWPA.wav,8.31,0.0,30.0,madmom
UxD-yc9RWPA.wav,8.9,0.0,30.0,madmom
UxD-yc9RWPA.wav,9.47,0.0,30.0,madmom
UxD-yc9RWPA.wav,10.05,0.0,30.0,madmom
UxD-yc9RWPA.wav,10.62,0.0,30.0,madmom
UxD-yc9RWPA.wav,11.19,0.0,30.0,madmom
UxD-yc9RWPA.wav,11.76,0.0,30.0,madmom
UxD-yc9RWPA.wav,12.34,0.0,30.0,madmom
UxD-yc9RWPA.wav,12.91,0.0,30.0,madmom
UxD-yc9RWPA.wav,13.48,0.0,30.0,madmom
UxD-yc9RWPA.wav,14.05,0.0,30.0,madmom
UxD-yc9RWPA.wav,14.62,0.0,30.0,madmom
UxD-yc9RWPA.wav,15.19,0.0,30.0,madmom
UxD-yc9RWPA.wav,15.77,0.0,30.0,madmom
UxD-yc9RWPA.wav,16.34,0.0,30.0,madmom
UxD-yc9RWPA.wav,16.91,0.0,30.0,madmom
UxD-yc9RWPA.wav,17.48,0.0,30.0,madmom
UxD-yc9RWPA.wav,18.05,0.0,30.0,madmom
UxD-yc9RWPA.wav,18.62,0.0,30.0,madmom
UxD-yc9RWPA.wav,19.2,0.0,30.0,madmom
UxD-yc9RWPA.wav,19.76,0.0,30.0,madmom
UxD-yc9RWPA.wav,20.34,0.0,30.0,madmom
UxD-yc9RWPA.wav,20.91,0.0,30.0,madmom
UxD-yc9RWPA.wav,21.48,0.0,30.0,madmom
UxD-yc9RWPA.wav,22.05,0.0,30.0,madmom
UxD-yc9RWPA.wav,22.62,0.0,30.0,madmom
UxD-yc9RWPA.wav,23.19,0.0,30.0,madmom
UxD-yc9RWPA.wav,23.77,0.0,30.0,madmom
UxD-yc9RWPA.wav,24.34,0.0,30.0,madmom
UxD-yc9RWPA.wav,24.91,0.0,30.0,madmom
UxD-yc9RWPA.wav,25.48,0.0,30.0,madmom
UxD-yc9RWPA.wav,26.05,0.0,30.0,madmom
UxD-yc9RWPA.wav,26.62,0.0,30.0,madmom
UxD-yc9RWPA.wav,27.2,0.0,30.0,madmom
UxD-yc9RWPA.wav,27.76,0.0,30.0,madmom
UxD-yc9RWPA.wav,28.34,0.0,30.0,madmom
UxD-yc9RWPA.wav,28.91,0.0,30.0,madmom
UxD-yc9RWPA.wav,29.48,0.0,30.0,madmom
V9Sd5QiDkkw.wav,0.51,0.0,30.0,madmom
V9Sd5QiDkkw.wav,1.14,0.0,30.0,madmom
V9Sd5QiDkkw.wav,1.79,0.0,30.0,madmom
V9Sd5QiDkkw.wav,2.44,0.0,30.0,madmom
V9Sd5QiDkkw.wav,3.08,0.0,30.0,madmom
V9Sd5QiDkkw.wav,3.72,0.0,30.0,madmom
V9Sd5QiDkkw.wav,4.34,0.0,30.0,madmom
V9Sd5QiDkkw.wav,4.98,0.0,30.0,madmom
V9Sd5QiDkkw.wav,5.63,0.0,30.0,madmom
V9Sd5QiDkkw.wav,6.32,0.0,30.0,madmom
V9Sd5QiDkkw.wav,6.96,0.0,30.0,madmom
V9Sd5QiDkkw.wav,7.6,0.0,30.0,madmom
V9Sd5QiDkkw.wav,8.25,0.0,30.0,madmom
V9Sd5QiDkkw.wav,8.89,0.0,30.0,madmom
V9Sd5QiDkkw.wav,9.54,0.0,30.0,madmom
V9Sd5QiDkkw.wav,10.18,0.0,30.0,madmom
V9Sd5QiDkkw.wav,10.82,0.0,30.0,madmom
V9Sd5QiDkkw.wav,11.47,0.0,30.0,madmom
V9Sd5QiDkkw.wav,12.12,0.0,30.0,madmom
V9Sd5QiDkkw.wav,12.76,0.0,30.0,madmom
V9Sd5QiDkkw.wav,13.41,0.0,30.0,madmom
V9Sd5QiDkkw.wav,14.05,0.0,30.0,madmom
V9Sd5QiDkkw.wav,14.7,0.0,30.0,madmom
V9Sd5QiDkkw.wav,15.34,0.0,30.0,madmom
V9Sd5QiDkkw.wav,16.0,0.0,30.0,madmom
V9Sd5QiDkkw.wav,16.63,0.0,30.0,madmom
V9Sd5QiDkkw.wav,17.27,0.0,30.0,madmom
V9Sd5QiDkkw.wav,17.92,0.0,30.0,madmom
V9Sd5QiDkkw.wav,18.56,0.0,30.0,madmom
V9Sd5QiDkkw.wav,19.21,0.0,30.0,madmom
V9Sd5QiDkkw.wav,19.86,0.0,30.0,madmom
V9Sd5QiDkkw.wav,20.5,0.0,30.0,madmom
V9Sd5QiDkkw.wav,21.15,0.0,30.0,madmom
V9Sd5QiDkkw.wav,21.79,0.0,30.0,madmom
V9Sd5QiDkkw.wav,22.43,0.0,30.0,madmom
V9Sd5QiDkkw.wav,23.09,0.0,30.0,madmom
V9Sd5QiDkkw.wav,23.72,0.0,30.0,madmom
V9Sd5QiDkkw.wav,24.37,0.0,30.0,madmom
V9Sd5QiDkkw.wav,25.02,0.0,30.0,madmom
V9Sd5QiDkkw.wav,25.66,0.0,30.0,madmom
V9Sd5QiDkkw.wav,26.3,0.0,30.0,madmom
V9Sd5QiDkkw.wav,26.96,0.0,30.0,madmom
V9Sd5QiDkkw.wav,27.59,0.0,30.0,madmom
V9Sd5QiDkkw.wav,28.24,0.0,30.0,madmom
V9Sd5QiDkkw.wav,28.89,0.0,30.0,madmom
V9Sd5QiDkkw.wav,29.53,0.0,30.0,madmom
VG-b7wi8nBM.wav,0.26,0.0,30.0,madmom
VG-b7wi8nBM.wav,1.1,0.0,30.0,madmom
VG-b7wi8nBM.wav,1.96,0.0,30.0,madmom
VG-b7wi8nBM.wav,2.81,0.0,30.0,madmom
VG-b7wi8nBM.wav,3.66,0.0,30.0,madmom
VG-b7wi8nBM.wav,4.54,0.0,30.0,madmom
VG-b7wi8nBM.wav,5.39,0.0,30.0,madmom
VG-b7wi8nBM.wav,6.24,0.0,30.0,madmom
VG-b7wi8nBM.wav,7.1,0.0,30.0,madmom
VG-b7wi8nBM.wav,7.92,0.0,30.0,madmom
VG-b7wi8nBM.wav,8.82,0.0,30.0,madmom
VG-b7wi8nBM.wav,9.66,0.0,30.0,madmom
VG-b7wi8nBM.wav,10.52,0.0,30.0,madmom
VG-b7wi8nBM.wav,11.37,0.0,30.0,madmom
VG-b7wi8nBM.wav,12.24,0.0,30.0,madmom
VG-b7wi8nBM.wav,13.08,0.0,30.0,madmom
VG-b7wi8nBM.wav,13.95,0.0,30.0,madmom
VG-b7wi8nBM.wav,14.78,0.0,30.0,madmom
VG-b7wi8nBM.wav,15.67,0.0,30.0,madmom
VG-b7wi8nBM.wav,16.52,0.0,30.0,madmom
VG-b7wi8nBM.wav,17.38,0.0,30.0,madmom
VG-b7wi8nBM.wav,18.23,0.0,30.0,madmom
VG-b7wi8nBM.wav,19.1,0.0,30.0,madmom
VG-b7wi8nBM.wav,19.95,0.0,30.0,madmom
VG-b7wi8nBM.wav,20.81,0.0,30.0,madmom
VG-b7wi8nBM.wav,21.67,0.0,30.0,madmom
VG-b7wi8nBM.wav,22.54,0.0,30.0,madmom
VG-b7wi8nBM.wav,23.41,0.0,30.0,madmom
VG-b7wi8nBM.wav,24.21,0.0,30.0,madmom
VG-b7wi8nBM.wav,25.06,0.0,30.0,madmom
VG-b7wi8nBM.wav,25.96,0.0,30.0,madmom
VG-b7wi8nBM.wav,26.81,0.0,30.0,madmom
VG-b7wi8nBM.wav,27.67,0.0,30.0,madmom
VG-b7wi8nBM.wav,28.53,0.0,30.0,madmom
VG-b7wi8nBM.wav,29.38,0.0,30.0,madmom
VRPsiH-UpDc.wav,0.12,0.0,30.0,madmom
VRPsiH-UpDc.wav,0.49,0.0,30.0,madmom
VRPsiH-UpDc.wav,0.86,0.0,30.0,madmom
VRPsiH-UpDc.wav,1.22,0.0,30.0,madmom
VRPsiH-UpDc.wav,1.6,0.0,30.0,madmom
VRPsiH-UpDc.wav,1.97,0.0,30.0,madmom
VRPsiH-UpDc.wav,2.34,0.0,30.0,madmom
VRPsiH-UpDc.wav,2.71,0.0,30.0,madmom
VRPsiH-UpDc.wav,3.08,0.0,30.0,madmom
VRPsiH-UpDc.wav,3.46,0.0,30.0,madmom
VRPsiH-UpDc.wav,3.82,0.0,30.0,madmom
VRPsiH-UpDc.wav,4.2,0.0,30.0,madmom
VRPsiH-UpDc.wav,4.57,0.0,30.0,madmom
VRPsiH-UpDc.wav,4.92,0.0,30.0,madmom
VRPsiH-UpDc.wav,5.31,0.0,30.0,madmom
VRPsiH-UpDc.wav,5.66,0.0,30.0,madmom
VRPsiH-UpDc.wav,6.05,0.0,30.0,madmom
VRPsiH-UpDc.wav,6.41,0.0,30.0,madmom
VRPsiH-UpDc.wav,6.78,0.0,30.0,madmom
VRPsiH-UpDc.wav,7.17,0.0,30.0,madmom
VRPsiH-UpDc.wav,7.53,0.0,30.0,madmom
VRPsiH-UpDc.wav,7.89,0.0,30.0,madmom
VRPsiH-UpDc.wav,8.27,0.0,30.0,madmom
VRPsiH-UpDc.wav,8.64,0.0,30.0,madmom
VRPsiH-UpDc.wav,9.01,0.0,30.0,madmom
VRPsiH-UpDc.wav,9.38,0.0,30.0,madmom
VRPsiH-UpDc.wav,9.75,0.0,30.0,madmom
VRPsiH-UpDc.wav,10.11,0.0,30.0,madmom
VRPsiH-UpDc.wav,10.48,0.0,30.0,madmom
VRPsiH-UpDc.wav,10.85,0.0,30.0,madmom
VRPsiH-UpDc.wav,11.23,0.0,30.0,madmom
VRPsiH-UpDc.wav,11.6,0.0,30.0,madmom
VRPsiH-UpDc.wav,11.96,0.0,30.0,madmom
VRPsiH-UpDc.wav,12.33,0.0,30.0,madmom
VRPsiH-UpDc.wav,12.71,0.0,30.0,madmom
VRPsiH-UpDc.wav,13.09,0.0,30.0,madmom
VRPsiH-UpDc.wav,13.45,0.0,30.0,madmom
VRPsiH-UpDc.wav,13.81,0.0,30.0,madmom
VRPsiH-UpDc.wav,14.19,0.0,30.0,madmom
VRPsiH-UpDc.wav,14.57,0.0,30.0,madmom
VRPsiH-UpDc.wav,14.94,0.0,30.0,madmom
VRPsiH-UpDc.wav,15.31,0.0,30.0,madmom
VRPsiH-UpDc.wav,15.68,0.0,30.0,madmom
VRPsiH-UpDc.wav,16.06,0.0,30.0,madmom
VRPsiH-UpDc.wav,16.42,0.0,30.0,madmom
VRPsiH-UpDc.wav,16.78,0.0,30.0,madmom
VRPsiH-UpDc.wav,17.16,0.0,30.0,madmom
VRPsiH-UpDc.wav,17.52,0.0,30.0,madmom
VRPsiH-UpDc.wav,17.91,0.0,30.0,madmom
VRPsiH-UpDc.wav,18.27,0.0,30.0,madmom
VRPsiH-UpDc.wav,18.64,0.0,30.0,madmom
VRPsiH-UpDc.wav,19.02,0.0,30.0,madmom
VRPsiH-UpDc.wav,19.38,0.0,30.0,madmom
VRPsiH-UpDc.wav,19.75,0.0,30.0,madmom
VRPsiH-UpDc.wav,20.11,0.0,30.0,madmom
VRPsiH-UpDc.wav,20.49,0.0,30.0,madmom
VRPsiH-UpDc.wav,20.86,0.0,30.0,madmom
VRPsiH-UpDc.wav,21.23,0.0,30.0,madmom
VRPsiH-UpDc.wav,21.6,0.0,30.0,madmom
VRPsiH-UpDc.wav,21.98,0.0,30.0,madmom
VRPsiH-UpDc.wav,22.34,0.0,30.0,madmom
VRPsiH-UpDc.wav,22.71,0.0,30.0,madmom
VRPsiH-UpDc.wav,23.08,0.0,30.0,madmom
VRPsiH-UpDc.wav,23.46,0.0,30.0,madmom
VRPsiH-UpDc.wav,23.82,0.0,30.0,madmom
VRPsiH-UpDc.wav,24.2,0.0,30.0,madmom
VRPsiH-UpDc.wav,24.57,0.0,30.0,madmom
VRPsiH-UpDc.wav,24.94,0.0,30.0,madmom
VRPsiH-UpDc.wav,25.31,0.0,30.0,madmom
VRPsiH-UpDc.wav,25.68,0.0,30.0,madmom
VRPsiH-UpDc.wav,26.03,0.0,30.0,madmom
VRPsiH-UpDc.wav,26.42,0.0,30.0,madmom
VRPsiH-UpDc.wav,26.77,0.0,30.0,madmom
VRPsiH-UpDc.wav,27.14,0.0,30.0,madmom
VRPsiH-UpDc.wav,27.53,0.0,30.0,madmom
VRPsiH-UpDc.wav,27.9,0.0,30.0,madmom
VRPsiH-UpDc.wav,28.26,0.0,30.0,madmom
VRPsiH-UpDc.wav,28.64,0.0,30.0,madmom
VRPsiH-UpDc.wav,28.99,0.0,30.0,madmom
VRPsiH-UpDc.wav,29.37,0.0,30.0,madmom
VRPsiH-UpDc.wav,29.75,0.0,30.0,madmom
W0M-eje90TU.wav,0.26,0.0,30.0,madmom
W0M-eje90TU.wav,0.68,0.0,30.0,madmom
W0M-eje90TU.wav,1.1,0.0,30.0,madmom
W0M-eje90TU.wav,1.52,0.0,30.0,madmom
W0M-eje90TU.wav,1.94,0.0,30.0,madmom
W0M-eje90TU.wav,2.37,0.0,30.0,madmom
W0M-eje90TU.wav,2.79,0.0,30.0,madmom
W0M-eje90TU.wav,3.22,0.0,30.0,madmom
W0M-eje90TU.wav,3.64,0.0,30.0,madmom
W0M-eje90TU.wav,4.06,0.0,30.0,madmom
W0M-eje90TU.wav,4.48,0.0,30.0,madmom
W0M-eje90TU.wav,4.91,0.0,30.0,madmom
W0M-eje90TU.wav,5.32,0.0,30.0,madmom
W0M-eje90TU.wav,5.75,0.0,30.0,madmom
W0M-eje90TU.wav,6.17,0.0,30.0,madmom
W0M-eje90TU.wav,6.6,0.0,30.0,madmom
W0M-eje90TU.wav,7.02,0.0,30.0,madmom
W0M-eje90TU.wav,7.44,0.0,30.0,madmom
W0M-eje90TU.wav,7.86,0.0,30.0,madmom
W0M-eje90TU.wav,8.29,0.0,30.0,madmom
W0M-eje90TU.wav,8.71,0.0,30.0,madmom
W0M-eje90TU.wav,9.13,0.0,30.0,madmom
W0M-eje90TU.wav,9.56,0.0,30.0,madmom
W0M-eje90TU.wav,9.98,0.0,30.0,madmom
W0M-eje90TU.wav,10.4,0.0,30.0,madmom
W0M-eje90TU.wav,10.82,0.0,30.0,madmom
W0M-eje90TU.wav,11.24,0.0,30.0,madmom
W0M-eje90TU.wav,11.67,0.0,30.0,madmom
W0M-eje90TU.wav,12.09,0.0,30.0,madmom
W0M-eje90TU.wav,12.51,0.0,30.0,madmom
W0M-eje90TU.wav,12.93,0.0,30.0,madmom
W0M-eje90TU.wav,13.36,0.0,30.0,madmom
W0M-eje90TU.wav,13.78,0.0,30.0,madmom
W0M-eje90TU.wav,14.2,0.0,30.0,madmom
W0M-eje90TU.wav,14.63,0.0,30.0,madmom
W0M-eje90TU.wav,15.05,0.0,30.0,madmom
W0M-eje90TU.wav,15.47,0.0,30.0,madmom
W0M-eje90TU.wav,15.89,0.0,30.0,madmom
W0M-eje90TU.wav,16.31,0.0,30.0,madmom
W0M-eje90TU.wav,16.74,0.0,30.0,madmom
W0M-eje90TU.wav,17.16,0.0,30.0,madmom
W0M-eje90TU.wav,17.59,0.0,30.0,madmom
W0M-eje90TU.wav,18.0,0.0,30.0,madmom
W0M-eje90TU.wav,18.43,0.0,30.0,madmom
W0M-eje90TU.wav,18.85,0.0,30.0,madmom
W0M-eje90TU.wav,19.27,0.0,30.0,madmom
W0M-eje90TU.wav,19.69,0.0,30.0,madmom
W0M-eje90TU.wav,20.12,0.0,30.0,madmom
W0M-eje90TU.wav,20.54,0.0,30.0,madmom
W0M-eje90TU.wav,20.96,0.0,30.0,madmom
W0M-eje90TU.wav,21.39,0.0,30.0,madmom
W0M-eje90TU.wav,21.81,0.0,30.0,madmom
W0M-eje90TU.wav,22.24,0.0,30.0,madmom
W0M-eje90TU.wav,22.65,0.0,30.0,madmom
W0M-eje90TU.wav,23.08,0.0,30.0,madmom
W0M-eje90TU.wav,23.5,0.0,30.0,madmom
W0M-eje90TU.wav,23.92,0.0,30.0,madmom
W0M-eje90TU.wav,24.34,0.0,30.0,madmom
W0M-eje90TU.wav,24.76,0.0,30.0,madmom
W0M-eje90TU.wav,25.18,0.0,30.0,madmom
W0M-eje90TU.wav,25.61,0.0,30.0,madmom
W0M-eje90TU.wav,26.03,0.0,30.0,madmom
W0M-eje90TU.wav,26.45,0.0,30.0,madmom
W0M-eje90TU.wav,26.88,0.0,30.0,madmom
W0M-eje90TU.wav,27.31,0.0,30.0,madmom
W0M-eje90TU.wav,27.72,0.0,30.0,madmom
W0M-eje90TU.wav,28.14,0.0,30.0,madmom
W0M-eje90TU.wav,28.57,0.0,30.0,madmom
W0M-eje90TU.wav,28.99,0.0,30.0,madmom
W0M-eje90TU.wav,29.41,0.0,30.0,madmom
W0M-eje90TU.wav,29.83,0.0,30.0,madmom
W2trq2APLIw.wav,0.05,0.0,30.0,madmom
W2trq2APLIw.wav,0.56,0.0,30.0,madmom
W2trq2APLIw.wav,1.05,0.0,30.0,madmom
W2trq2APLIw.wav,1.51,0.0,30.0,madmom
W2trq2APLIw.wav,2.01,0.0,30.0,madmom
W2trq2APLIw.wav,2.51,0.0,30.0,madmom
W2trq2APLIw.wav,3.01,0.0,30.0,madmom
W2trq2APLIw.wav,3.51,0.0,30.0,madmom
W2trq2APLIw.wav,4.01,0.0,30.0,madmom
W2trq2APLIw.wav,4.51,0.0,30.0,madmom
W2trq2APLIw.wav,5.03,0.0,30.0,madmom
W2trq2APLIw.wav,5.53,0.0,30.0,madmom
W2trq2APLIw.wav,6.01,0.0,30.0,madmom
W2trq2APLIw.wav,6.51,0.0,30.0,madmom
W2trq2APLIw.wav,7.01,0.0,30.0,madmom
W2trq2APLIw.wav,7.51,0.0,30.0,madmom
W2trq2APLIw.wav,8.01,0.0,30.0,madmom
W2trq2APLIw.wav,8.5,0.0,30.0,madmom
W2trq2APLIw.wav,9.01,0.0,30.0,madmom
W2trq2APLIw.wav,9.51,0.0,30.0,madmom
W2trq2APLIw.wav,10.0,0.0,30.0,madmom
W2trq2APLIw.wav,10.51,0.0,30.0,madmom
W2trq2APLIw.wav,11.01,0.0,30.0,madmom
W2trq2APLIw.wav,11.51,0.0,30.0,madmom
W2trq2APLIw.wav,12.01,0.0,30.0,madmom
W2trq2APLIw.wav,12.51,0.0,30.0,madmom
W2trq2APLIw.wav,13.01,0.0,30.0,madmom
W2trq2APLIw.wav,13.52,0.0,30.0,madmom
W2trq2APLIw.wav,14.01,0.0,30.0,madmom
W2trq2APLIw.wav,14.51,0.0,30.0,madmom
W2trq2APLIw.wav,15.01,0.0,30.0,madmom
W2trq2APLIw.wav,15.51,0.0,30.0,madmom
W2trq2APLIw.wav,16.02,0.0,30.0,madmom
W2trq2APLIw.wav,16.51,0.0,30.0,madmom
W2trq2APLIw.wav,17.01,0.0,30.0,madmom
W2trq2APLIw.wav,17.52,0.0,30.0,madmom
W2trq2APLIw.wav,18.0,0.0,30.0,madmom
W2trq2APLIw.wav,18.51,0.0,30.0,madmom
W2trq2APLIw.wav,19.0,0.0,30.0,madmom
W2trq2APLIw.wav,19.52,0.0,30.0,madmom
W2trq2APLIw.wav,20.01,0.0,30.0,madmom
W2trq2APLIw.wav,20.5,0.0,30.0,madmom
W2trq2APLIw.wav,21.0,0.0,30.0,madmom
W2trq2APLIw.wav,21.52,0.0,30.0,madmom
W2trq2APLIw.wav,22.0,0.0,30.0,madmom
W2trq2APLIw.wav,22.49,0.0,30.0,madmom
W2trq2APLIw.wav,23.0,0.0,30.0,madmom
W2trq2APLIw.wav,23.49,0.0,30.0,madmom
W2trq2APLIw.wav,24.02,0.0,30.0,madmom
W2trq2APLIw.wav,24.51,0.0,30.0,madmom
W2trq2APLIw.wav,25.0,0.0,30.0,madmom
W2trq2APLIw.wav,25.52,0.0,30.0,madmom
W2trq2APLIw.wav,26.0,0.0,30.0,madmom
W2trq2APLIw.wav,26.52,0.0,30.0,madmom
W2trq2APLIw.wav,26.99,0.0,30.0,madmom
W2trq2APLIw.wav,27.52,0.0,30.0,madmom
W2trq2APLIw.wav,28.02,0.0,30.0,madmom
W2trq2APLIw.wav,28.5,0.0,30.0,madmom
W2trq2APLIw.wav,29.0,0.0,30.0,madmom
W2trq2APLIw.wav,29.52,0.0,30.0,madmom
W2trq2APLIw.wav,29.99,0.0,30.0,madmom
W93p02aU4YU.wav,0.32,0.0,30.0,madmom
W93p02aU4YU.wav,0.82,0.0,30.0,madmom
W93p02aU4YU.wav,1.33,0.0,30.0,madmom
W93p02aU4YU.wav,1.84,0.0,30.0,madmom
W93p02aU4YU.wav,2.34,0.0,30.0,madmom
W93p02aU4YU.wav,2.87,0.0,30.0,madmom
W93p02aU4YU.wav,3.37,0.0,30.0,madmom
W93p02aU4YU.wav,3.88,0.0,30.0,madmom
W93p02aU4YU.wav,4.4,0.0,30.0,madmom
W93p02aU4YU.wav,4.91,0.0,30.0,madmom
W93p02aU4YU.wav,5.39,0.0,30.0,madmom
W93p02aU4YU.wav,5.89,0.0,30.0,madmom
W93p02aU4YU.wav,6.41,0.0,30.0,madmom
W93p02aU4YU.wav,6.92,0.0,30.0,madmom
W93p02aU4YU.wav,7.43,0.0,30.0,madmom
W93p02aU4YU.wav,7.94,0.0,30.0,madmom
W93p02aU4YU.wav,8.45,0.0,30.0,madmom
W93p02aU4YU.wav,8.94,0.0,30.0,madmom
W93p02aU4YU.wav,9.46,0.0,30.0,madmom
W93p02aU4YU.wav,9.96,0.0,30.0,madmom
W93p02aU4YU.wav,10.45,0.0,30.0,madmom
W93p02aU4YU.wav,10.96,0.0,30.0,madmom
W93p02aU4YU.wav,11.46,0.0,30.0,madmom
W93p02aU4YU.wav,11.95,0.0,30.0,madmom
W93p02aU4YU.wav,12.49,0.0,30.0,madmom
W93p02aU4YU.wav,13.01,0.0,30.0,madmom
W93p02aU4YU.wav,13.52,0.0,30.0,madmom
W93p02aU4YU.wav,14.04,0.0,30.0,madmom
W93p02aU4YU.wav,14.54,0.0,30.0,madmom
W93p02aU4YU.wav,15.05,0.0,30.0,madmom
W93p02aU4YU.wav,15.56,0.0,30.0,madmom
W93p02aU4YU.wav,16.06,0.0,30.0,madmom
W93p02aU4YU.wav,16.57,0.0,30.0,madmom
W93p02aU4YU.wav,17.08,0.0,30.0,madmom
W93p02aU4YU.wav,17.59,0.0,30.0,madmom
W93p02aU4YU.wav,18.1,0.0,30.0,madmom
W93p02aU4YU.wav,18.6,0.0,30.0,madmom
W93p02aU4YU.wav,19.11,0.0,30.0,madmom
W93p02aU4YU.wav,19.62,0.0,30.0,madmom
W93p02aU4YU.wav,20.13,0.0,30.0,madmom
W93p02aU4YU.wav,20.64,0.0,30.0,madmom
W93p02aU4YU.wav,21.15,0.0,30.0,madmom
W93p02aU4YU.wav,21.67,0.0,30.0,madmom
W93p02aU4YU.wav,22.16,0.0,30.0,madmom
W93p02aU4YU.wav,22.67,0.0,30.0,madmom
W93p02aU4YU.wav,23.19,0.0,30.0,madmom
W93p02aU4YU.wav,23.7,0.0,30.0,madmom
W93p02aU4YU.wav,24.2,0.0,30.0,madmom
W93p02aU4YU.wav,24.71,0.0,30.0,madmom
W93p02aU4YU.wav,25.22,0.0,30.0,madmom
W93p02aU4YU.wav,25.73,0.0,30.0,madmom
W93p02aU4YU.wav,26.23,0.0,30.0,madmom
W93p02aU4YU.wav,26.74,0.0,30.0,madmom
W93p02aU4YU.wav,27.25,0.0,30.0,madmom
W93p02aU4YU.wav,27.76,0.0,30.0,madmom
W93p02aU4YU.wav,28.27,0.0,30.0,madmom
W93p02aU4YU.wav,28.77,0.0,30.0,madmom
W93p02aU4YU.wav,29.28,0.0,30.0,madmom
W93p02aU4YU.wav,29.79,0.0,30.0,madmom
WCdht_9tf1M.wav,0.03,0.0,30.0,madmom
WCdht_9tf1M.wav,0.41,0.0,30.0,madmom
WCdht_9tf1M.wav,0.78,0.0,30.0,madmom
WCdht_9tf1M.wav,1.15,0.0,30.0,madmom
WCdht_9tf1M.wav,1.52,0.0,30.0,madmom
WCdht_9tf1M.wav,1.89,0.0,30.0,madmom
WCdht_9tf1M.wav,2.26,0.0,30.0,madmom
WCdht_9tf1M.wav,2.63,0.0,30.0,madmom
WCdht_9tf1M.wav,2.99,0.0,30.0,madmom
WCdht_9tf1M.wav,3.37,0.0,30.0,madmom
WCdht_9tf1M.wav,3.74,0.0,30.0,madmom
WCdht_9tf1M.wav,4.11,0.0,30.0,madmom
WCdht_9tf1M.wav,4.48,0.0,30.0,madmom
WCdht_9tf1M.wav,4.85,0.0,30.0,madmom
WCdht_9tf1M.wav,5.23,0.0,30.0,madmom
WCdht_9tf1M.wav,5.6,0.0,30.0,madmom
WCdht_9tf1M.wav,5.96,0.0,30.0,madmom
WCdht_9tf1M.wav,6.33,0.0,30.0,madmom
WCdht_9tf1M.wav,6.71,0.0,30.0,madmom
WCdht_9tf1M.wav,7.08,0.0,30.0,madmom
WCdht_9tf1M.wav,7.45,0.0,30.0,madmom
WCdht_9tf1M.wav,7.81,0.0,30.0,madmom
WCdht_9tf1M.wav,8.19,0.0,30.0,madmom
WCdht_9tf1M.wav,8.56,0.0,30.0,madmom
WCdht_9tf1M.wav,8.92,0.0,30.0,madmom
WCdht_9tf1M.wav,9.29,0.0,30.0,madmom
WCdht_9tf1M.wav,9.66,0.0,30.0,madmom
WCdht_9tf1M.wav,10.03,0.0,30.0,madmom
WCdht_9tf1M.wav,10.41,0.0,30.0,madmom
WCdht_9tf1M.wav,10.78,0.0,30.0,madmom
WCdht_9tf1M.wav,11.15,0.0,30.0,madmom
WCdht_9tf1M.wav,11.52,0.0,30.0,madmom
WCdht_9tf1M.wav,11.88,0.0,30.0,madmom
WCdht_9tf1M.wav,12.26,0.0,30.0,madmom
WCdht_9tf1M.wav,12.63,0.0,30.0,madmom
WCdht_9tf1M.wav,13.0,0.0,30.0,madmom
WCdht_9tf1M.wav,13.37,0.0,30.0,madmom
WCdht_9tf1M.wav,13.74,0.0,30.0,madmom
WCdht_9tf1M.wav,14.11,0.0,30.0,madmom
WCdht_9tf1M.wav,14.48,0.0,30.0,madmom
WCdht_9tf1M.wav,14.85,0.0,30.0,madmom
WCdht_9tf1M.wav,15.22,0.0,30.0,madmom
WCdht_9tf1M.wav,15.59,0.0,30.0,madmom
WCdht_9tf1M.wav,15.96,0.0,30.0,madmom
WCdht_9tf1M.wav,16.34,0.0,30.0,madmom
WCdht_9tf1M.wav,16.7,0.0,30.0,madmom
WCdht_9tf1M.wav,17.07,0.0,30.0,madmom
WCdht_9tf1M.wav,17.45,0.0,30.0,madmom
WCdht_9tf1M.wav,17.81,0.0,30.0,madmom
WCdht_9tf1M.wav,18.19,0.0,30.0,madmom
WCdht_9tf1M.wav,18.55,0.0,30.0,madmom
WCdht_9tf1M.wav,18.92,0.0,30.0,madmom
WCdht_9tf1M.wav,19.3,0.0,30.0,madmom
WCdht_9tf1M.wav,19.67,0.0,30.0,madmom
WCdht_9tf1M.wav,20.04,0.0,30.0,madmom
WCdht_9tf1M.wav,20.41,0.0,30.0,madmom
WCdht_9tf1M.wav,20.77,0.0,30.0,madmom
WCdht_9tf1M.wav,21.15,0.0,30.0,madmom
WCdht_9tf1M.wav,21.51,0.0,30.0,madmom
WCdht_9tf1M.wav,21.88,0.0,30.0,madmom
WCdht_9tf1M.wav,22.26,0.0,30.0,madmom
WCdht_9tf1M.wav,22.62,0.0,30.0,madmom
WCdht_9tf1M.wav,22.99,0.0,30.0,madmom
WCdht_9tf1M.wav,23.37,0.0,30.0,madmom
WCdht_9tf1M.wav,23.74,0.0,30.0,madmom
WCdht_9tf1M.wav,24.11,0.0,30.0,madmom
WCdht_9tf1M.wav,24.48,0.0,30.0,madmom
WCdht_9tf1M.wav,24.85,0.0,30.0,madmom
WCdht_9tf1M.wav,25.22,0.0,30.0,madmom
WCdht_9tf1M.wav,25.59,0.0,30.0,madmom
WCdht_9tf1M.wav,25.95,0.0,30.0,madmom
WCdht_9tf1M.wav,26.33,0.0,30.0,madmom
WCdht_9tf1M.wav,26.7,0.0,30.0,madmom
WCdht_9tf1M.wav,27.07,0.0,30.0,madmom
WCdht_9tf1M.wav,27.44,0.0,30.0,madmom
WCdht_9tf1M.wav,27.81,0.0,30.0,madmom
WCdht_9tf1M.wav,28.18,0.0,30.0,madmom
WCdht_9tf1M.wav,28.55,0.0,30.0,madmom
WCdht_9tf1M.wav,28.92,0.0,30.0,madmom
WCdht_9tf1M.wav,29.29,0.0,30.0,madmom
WCdht_9tf1M.wav,29.66,0.0,30.0,madmom
WMeW6IJJGLo.wav,0.08,0.0,30.0,madmom
WMeW6IJJGLo.wav,0.43,0.0,30.0,madmom
WMeW6IJJGLo.wav,0.78,0.0,30.0,madmom
WMeW6IJJGLo.wav,1.15,0.0,30.0,madmom
WMeW6IJJGLo.wav,1.5,0.0,30.0,madmom
WMeW6IJJGLo.wav,1.86,0.0,30.0,madmom
WMeW6IJJGLo.wav,2.22,0.0,30.0,madmom
WMeW6IJJGLo.wav,2.58,0.0,30.0,madmom
WMeW6IJJGLo.wav,2.93,0.0,30.0,madmom
WMeW6IJJGLo.wav,3.29,0.0,30.0,madmom
WMeW6IJJGLo.wav,3.64,0.0,30.0,madmom
WMeW6IJJGLo.wav,4.0,0.0,30.0,madmom
WMeW6IJJGLo.wav,4.36,0.0,30.0,madmom
WMeW6IJJGLo.wav,4.72,0.0,30.0,madmom
WMeW6IJJGLo.wav,5.08,0.0,30.0,madmom
WMeW6IJJGLo.wav,5.44,0.0,30.0,madmom
WMeW6IJJGLo.wav,5.8,0.0,30.0,madmom
WMeW6IJJGLo.wav,6.15,0.0,30.0,madmom
WMeW6IJJGLo.wav,6.51,0.0,30.0,madmom
WMeW6IJJGLo.wav,6.87,0.0,30.0,madmom
WMeW6IJJGLo.wav,7.23,0.0,30.0,madmom
WMeW6IJJGLo.wav,7.58,0.0,30.0,madmom
WMeW6IJJGLo.wav,7.93,0.0,30.0,madmom
WMeW6IJJGLo.wav,8.29,0.0,30.0,madmom
WMeW6IJJGLo.wav,8.65,0.0,30.0,madmom
WMeW6IJJGLo.wav,9.0,0.0,30.0,madmom
WMeW6IJJGLo.wav,9.36,0.0,30.0,madmom
WMeW6IJJGLo.wav,9.72,0.0,30.0,madmom
WMeW6IJJGLo.wav,10.07,0.0,30.0,madmom
WMeW6IJJGLo.wav,10.43,0.0,30.0,madmom
WMeW6IJJGLo.wav,10.79,0.0,30.0,madmom
WMeW6IJJGLo.wav,11.15,0.0,30.0,madmom
WMeW6IJJGLo.wav,11.51,0.0,30.0,madmom
WMeW6IJJGLo.wav,11.86,0.0,30.0,madmom
WMeW6IJJGLo.wav,12.21,0.0,30.0,madmom
WMeW6IJJGLo.wav,12.58,0.0,30.0,madmom
WMeW6IJJGLo.wav,12.93,0.0,30.0,madmom
WMeW6IJJGLo.wav,13.29,0.0,30.0,madmom
WMeW6IJJGLo.wav,13.65,0.0,30.0,madmom
WMeW6IJJGLo.wav,14.01,0.0,30.0,madmom
WMeW6IJJGLo.wav,14.36,0.0,30.0,madmom
WMeW6IJJGLo.wav,14.72,0.0,30.0,madmom
WMeW6IJJGLo.wav,15.08,0.0,30.0,madmom
WMeW6IJJGLo.wav,15.43,0.0,30.0,madmom
WMeW6IJJGLo.wav,15.8,0.0,30.0,madmom
WMeW6IJJGLo.wav,16.14,0.0,30.0,madmom
WMeW6IJJGLo.wav,16.5,0.0,30.0,madmom
WMeW6IJJGLo.wav,16.86,0.0,30.0,madmom
WMeW6IJJGLo.wav,17.22,0.0,30.0,madmom
WMeW6IJJGLo.wav,17.57,0.0,30.0,madmom
WMeW6IJJGLo.wav,17.94,0.0,30.0,madmom
WMeW6IJJGLo.wav,18.29,0.0,30.0,madmom
WMeW6IJJGLo.wav,18.64,0.0,30.0,madmom
WMeW6IJJGLo.wav,19.01,0.0,30.0,madmom
WMeW6IJJGLo.wav,19.36,0.0,30.0,madmom
WMeW6IJJGLo.wav,19.72,0.0,30.0,madmom
WMeW6IJJGLo.wav,20.08,0.0,30.0,madmom
WMeW6IJJGLo.wav,20.43,0.0,30.0,madmom
WMeW6IJJGLo.wav,20.79,0.0,30.0,madmom
WMeW6IJJGLo.wav,21.15,0.0,30.0,madmom
WMeW6IJJGLo.wav,21.51,0.0,30.0,madmom
WMeW6IJJGLo.wav,21.86,0.0,30.0,madmom
WMeW6IJJGLo.wav,22.22,0.0,30.0,madmom
WMeW6IJJGLo.wav,22.58,0.0,30.0,madmom
WMeW6IJJGLo.wav,22.92,0.0,30.0,madmom
WMeW6IJJGLo.wav,23.29,0.0,30.0,madmom
WMeW6IJJGLo.wav,23.65,0.0,30.0,madmom
WMeW6IJJGLo.wav,24.01,0.0,30.0,madmom
WMeW6IJJGLo.wav,24.36,0.0,30.0,madmom
WMeW6IJJGLo.wav,24.72,0.0,30.0,madmom
WMeW6IJJGLo.wav,25.07,0.0,30.0,madmom
WMeW6IJJGLo.wav,25.43,0.0,30.0,madmom
WMeW6IJJGLo.wav,25.79,0.0,30.0,madmom
WMeW6IJJGLo.wav,26.14,0.0,30.0,madmom
WMeW6IJJGLo.wav,26.51,0.0,30.0,madmom
WMeW6IJJGLo.wav,26.86,0.0,30.0,madmom
WMeW6IJJGLo.wav,27.21,0.0,30.0,madmom
WMeW6IJJGLo.wav,27.57,0.0,30.0,madmom
WMeW6IJJGLo.wav,27.93,0.0,30.0,madmom
WMeW6IJJGLo.wav,28.29,0.0,30.0,madmom
WMeW6IJJGLo.wav,28.65,0.0,30.0,madmom
WMeW6IJJGLo.wav,29.0,0.0,30.0,madmom
WMeW6IJJGLo.wav,29.36,0.0,30.0,madmom
WMeW6IJJGLo.wav,29.72,0.0,30.0,madmom
WXgaSUb0X-o.wav,0.34,0.0,30.0,madmom
WXgaSUb0X-o.wav,1.01,0.0,30.0,madmom
WXgaSUb0X-o.wav,1.67,0.0,30.0,madmom
WXgaSUb0X-o.wav,2.34,0.0,30.0,madmom
WXgaSUb0X-o.wav,3.0,0.0,30.0,madmom
WXgaSUb0X-o.wav,3.67,0.0,30.0,madmom
WXgaSUb0X-o.wav,4.34,0.0,30.0,madmom
WXgaSUb0X-o.wav,5.01,0.0,30.0,madmom
WXgaSUb0X-o.wav,5.68,0.0,30.0,madmom
WXgaSUb0X-o.wav,6.34,0.0,30.0,madmom
WXgaSUb0X-o.wav,7.01,0.0,30.0,madmom
WXgaSUb0X-o.wav,7.67,0.0,30.0,madmom
WXgaSUb0X-o.wav,8.34,0.0,30.0,madmom
WXgaSUb0X-o.wav,9.01,0.0,30.0,madmom
WXgaSUb0X-o.wav,9.67,0.0,30.0,madmom
WXgaSUb0X-o.wav,10.34,0.0,30.0,madmom
WXgaSUb0X-o.wav,11.01,0.0,30.0,madmom
WXgaSUb0X-o.wav,11.68,0.0,30.0,madmom
WXgaSUb0X-o.wav,12.34,0.0,30.0,madmom
WXgaSUb0X-o.wav,13.01,0.0,30.0,madmom
WXgaSUb0X-o.wav,13.67,0.0,30.0,madmom
WXgaSUb0X-o.wav,14.34,0.0,30.0,madmom
WXgaSUb0X-o.wav,15.01,0.0,30.0,madmom
WXgaSUb0X-o.wav,15.68,0.0,30.0,madmom
WXgaSUb0X-o.wav,16.34,0.0,30.0,madmom
WXgaSUb0X-o.wav,17.01,0.0,30.0,madmom
WXgaSUb0X-o.wav,17.67,0.0,30.0,madmom
WXgaSUb0X-o.wav,18.34,0.0,30.0,madmom
WXgaSUb0X-o.wav,19.01,0.0,30.0,madmom
WXgaSUb0X-o.wav,19.67,0.0,30.0,madmom
WXgaSUb0X-o.wav,20.34,0.0,30.0,madmom
WXgaSUb0X-o.wav,21.01,0.0,30.0,madmom
WXgaSUb0X-o.wav,21.67,0.0,30.0,madmom
WXgaSUb0X-o.wav,22.34,0.0,30.0,madmom
WXgaSUb0X-o.wav,23.01,0.0,30.0,madmom
WXgaSUb0X-o.wav,23.67,0.0,30.0,madmom
WXgaSUb0X-o.wav,24.34,0.0,30.0,madmom
WXgaSUb0X-o.wav,25.01,0.0,30.0,madmom
WXgaSUb0X-o.wav,25.67,0.0,30.0,madmom
WXgaSUb0X-o.wav,26.34,0.0,30.0,madmom
WXgaSUb0X-o.wav,27.01,0.0,30.0,madmom
WXgaSUb0X-o.wav,27.67,0.0,30.0,madmom
WXgaSUb0X-o.wav,28.34,0.0,30.0,madmom
WXgaSUb0X-o.wav,29.0,0.0,30.0,madmom
WXgaSUb0X-o.wav,29.67,0.0,30.0,madmom
WuiBdljkU2E.wav,0.46,0.0,30.0,madmom
WuiBdljkU2E.wav,1.06,0.0,30.0,madmom
WuiBdljkU2E.wav,1.67,0.0,30.0,madmom
WuiBdljkU2E.wav,2.27,0.0,30.0,madmom
WuiBdljkU2E.wav,2.87,0.0,30.0,madmom
WuiBdljkU2E.wav,3.47,0.0,30.0,madmom
WuiBdljkU2E.wav,4.07,0.0,30.0,madmom
WuiBdljkU2E.wav,4.68,0.0,30.0,madmom
WuiBdljkU2E.wav,5.29,0.0,30.0,madmom
WuiBdljkU2E.wav,5.88,0.0,30.0,madmom
WuiBdljkU2E.wav,6.49,0.0,30.0,madmom
WuiBdljkU2E.wav,7.11,0.0,30.0,madmom
WuiBdljkU2E.wav,7.72,0.0,30.0,madmom
WuiBdljkU2E.wav,8.32,0.0,30.0,madmom
WuiBdljkU2E.wav,8.94,0.0,30.0,madmom
WuiBdljkU2E.wav,9.55,0.0,30.0,madmom
WuiBdljkU2E.wav,10.16,0.0,30.0,madmom
WuiBdljkU2E.wav,10.76,0.0,30.0,madmom
WuiBdljkU2E.wav,11.37,0.0,30.0,madmom
WuiBdljkU2E.wav,11.97,0.0,30.0,madmom
WuiBdljkU2E.wav,12.58,0.0,30.0,madmom
WuiBdljkU2E.wav,13.18,0.0,30.0,madmom
WuiBdljkU2E.wav,13.79,0.0,30.0,madmom
WuiBdljkU2E.wav,14.39,0.0,30.0,madmom
WuiBdljkU2E.wav,15.01,0.0,30.0,madmom
WuiBdljkU2E.wav,15.61,0.0,30.0,madmom
WuiBdljkU2E.wav,16.21,0.0,30.0,madmom
WuiBdljkU2E.wav,16.82,0.0,30.0,madmom
WuiBdljkU2E.wav,17.43,0.0,30.0,madmom
WuiBdljkU2E.wav,18.03,0.0,30.0,madmom
WuiBdljkU2E.wav,18.65,0.0,30.0,madmom
WuiBdljkU2E.wav,19.24,0.0,30.0,madmom
WuiBdljkU2E.wav,19.85,0.0,30.0,madmom
WuiBdljkU2E.wav,20.45,0.0,30.0,madmom
WuiBdljkU2E.wav,21.06,0.0,30.0,madmom
WuiBdljkU2E.wav,21.66,0.0,30.0,madmom
WuiBdljkU2E.wav,22.28,0.0,30.0,madmom
WuiBdljkU2E.wav,22.87,0.0,30.0,madmom
WuiBdljkU2E.wav,23.48,0.0,30.0,madmom
WuiBdljkU2E.wav,24.1,0.0,30.0,madmom
WuiBdljkU2E.wav,24.7,0.0,30.0,madmom
WuiBdljkU2E.wav,25.29,0.0,30.0,madmom
WuiBdljkU2E.wav,25.91,0.0,30.0,madmom
WuiBdljkU2E.wav,26.5,0.0,30.0,madmom
WuiBdljkU2E.wav,27.1,0.0,30.0,madmom
WuiBdljkU2E.wav,27.73,0.0,30.0,madmom
WuiBdljkU2E.wav,28.33,0.0,30.0,madmom
WuiBdljkU2E.wav,28.93,0.0,30.0,madmom
WuiBdljkU2E.wav,29.55,0.0,30.0,madmom
XLFAH6gkfb4.wav,0.32,0.0,30.0,madmom
XLFAH6gkfb4.wav,0.65,0.0,30.0,madmom
XLFAH6gkfb4.wav,1.0,0.0,30.0,madmom
XLFAH6gkfb4.wav,1.35,0.0,30.0,madmom
XLFAH6gkfb4.wav,1.72,0.0,30.0,madmom
XLFAH6gkfb4.wav,2.05,0.0,30.0,madmom
XLFAH6gkfb4.wav,2.41,0.0,30.0,madmom
XLFAH6gkfb4.wav,2.75,0.0,30.0,madmom
XLFAH6gkfb4.wav,3.11,0.0,30.0,madmom
XLFAH6gkfb4.wav,3.47,0.0,30.0,madmom
XLFAH6gkfb4.wav,3.81,0.0,30.0,madmom
XLFAH6gkfb4.wav,4.15,0.0,30.0,madmom
XLFAH6gkfb4.wav,4.47,0.0,30.0,madmom
XLFAH6gkfb4.wav,4.81,0.0,30.0,madmom
XLFAH6gkfb4.wav,5.17,0.0,30.0,madmom
XLFAH6gkfb4.wav,5.53,0.0,30.0,madmom
XLFAH6gkfb4.wav,5.88,0.0,30.0,madmom
XLFAH6gkfb4.wav,6.23,0.0,30.0,madmom
XLFAH6gkfb4.wav,6.58,0.0,30.0,madmom
XLFAH6gkfb4.wav,6.91,0.0,30.0,madmom
XLFAH6gkfb4.wav,7.27,0.0,30.0,madmom
XLFAH6gkfb4.wav,7.62,0.0,30.0,madmom
XLFAH6gkfb4.wav,7.96,0.0,30.0,madmom
XLFAH6gkfb4.wav,8.31,0.0,30.0,madmom
XLFAH6gkfb4.wav,8.63,0.0,30.0,madmom
XLFAH6gkfb4.wav,8.98,0.0,30.0,madmom
XLFAH6gkfb4.wav,9.34,0.0,30.0,madmom
XLFAH6gkfb4.wav,9.7,0.0,30.0,madmom
XLFAH6gkfb4.wav,10.04,0.0,30.0,madmom
XLFAH6gkfb4.wav,10.38,0.0,30.0,madmom
XLFAH6gkfb4.wav,10.73,0.0,30.0,madmom
XLFAH6gkfb4.wav,11.1,0.0,30.0,madmom
XLFAH6gkfb4.wav,11.43,0.0,30.0,madmom
XLFAH6gkfb4.wav,11.78,0.0,30.0,madmom
XLFAH6gkfb4.wav,12.13,0.0,30.0,madmom
XLFAH6gkfb4.wav,12.48,0.0,30.0,madmom
XLFAH6gkfb4.wav,12.83,0.0,30.0,madmom
XLFAH6gkfb4.wav,13.2,0.0,30.0,madmom
XLFAH6gkfb4.wav,13.53,0.0,30.0,madmom
XLFAH6gkfb4.wav,13.89,0.0,30.0,madmom
XLFAH6gkfb4.wav,14.21,0.0,30.0,madmom
XLFAH6gkfb4.wav,14.56,0.0,30.0,madmom
XLFAH6gkfb4.wav,14.91,0.0,30.0,madmom
XLFAH6gkfb4.wav,15.26,0.0,30.0,madmom
XLFAH6gkfb4.wav,15.62,0.0,30.0,madmom
XLFAH6gkfb4.wav,15.96,0.0,30.0,madmom
XLFAH6gkfb4.wav,16.3,0.0,30.0,madmom
XLFAH6gkfb4.wav,16.65,0.0,30.0,madmom
XLFAH6gkfb4.wav,17.0,0.0,30.0,madmom
XLFAH6gkfb4.wav,17.34,0.0,30.0,madmom
XLFAH6gkfb4.wav,17.7,0.0,30.0,madmom
XLFAH6gkfb4.wav,18.04,0.0,30.0,madmom
XLFAH6gkfb4.wav,18.39,0.0,30.0,madmom
XLFAH6gkfb4.wav,18.73,0.0,30.0,madmom
XLFAH6gkfb4.wav,19.08,0.0,30.0,madmom
XLFAH6gkfb4.wav,19.44,0.0,30.0,madmom
XLFAH6gkfb4.wav,19.79,0.0,30.0,madmom
XLFAH6gkfb4.wav,20.14,0.0,30.0,madmom
XLFAH6gkfb4.wav,20.48,0.0,30.0,madmom
XLFAH6gkfb4.wav,20.84,0.0,30.0,madmom
XLFAH6gkfb4.wav,21.18,0.0,30.0,madmom
XLFAH6gkfb4.wav,21.53,0.0,30.0,madmom
XLFAH6gkfb4.wav,21.9,0.0,30.0,madmom
XLFAH6gkfb4.wav,22.25,0.0,30.0,madmom
XLFAH6gkfb4.wav,22.57,0.0,30.0,madmom
XLFAH6gkfb4.wav,22.92,0.0,30.0,madmom
XLFAH6gkfb4.wav,23.26,0.0,30.0,madmom
XLFAH6gkfb4.wav,23.61,0.0,30.0,madmom
XLFAH6gkfb4.wav,23.96,0.0,30.0,madmom
XLFAH6gkfb4.wav,24.32,0.0,30.0,madmom
XLFAH6gkfb4.wav,24.65,0.0,30.0,madmom
XLFAH6gkfb4.wav,25.0,0.0,30.0,madmom
XLFAH6gkfb4.wav,25.35,0.0,30.0,madmom
XLFAH6gkfb4.wav,25.69,0.0,30.0,madmom
XLFAH6gkfb4.wav,26.04,0.0,30.0,madmom
XLFAH6gkfb4.wav,26.39,0.0,30.0,madmom
XLFAH6gkfb4.wav,26.74,0.0,30.0,madmom
XLFAH6gkfb4.wav,27.08,0.0,30.0,madmom
XLFAH6gkfb4.wav,27.44,0.0,30.0,madmom
XLFAH6gkfb4.wav,27.79,0.0,30.0,madmom
XLFAH6gkfb4.wav,28.13,0.0,30.0,madmom
XLFAH6gkfb4.wav,28.48,0.0,30.0,madmom
XLFAH6gkfb4.wav,28.82,0.0,30.0,madmom
XLFAH6gkfb4.wav,29.18,0.0,30.0,madmom
XLFAH6gkfb4.wav,29.52,0.0,30.0,madmom
XLFAH6gkfb4.wav,29.87,0.0,30.0,madmom
YO-JGE1c8hE.wav,0.02,0.0,30.0,madmom
YO-JGE1c8hE.wav,0.86,0.0,30.0,madmom
YO-JGE1c8hE.wav,1.7,0.0,30.0,madmom
YO-JGE1c8hE.wav,2.56,0.0,30.0,madmom
YO-JGE1c8hE.wav,3.4,0.0,30.0,madmom
YO-JGE1c8hE.wav,4.24,0.0,30.0,madmom
YO-JGE1c8hE.wav,5.1,0.0,30.0,madmom
YO-JGE1c8hE.wav,5.95,0.0,30.0,madmom
YO-JGE1c8hE.wav,6.78,0.0,30.0,madmom
YO-JGE1c8hE.wav,7.63,0.0,30.0,madmom
YO-JGE1c8hE.wav,8.45,0.0,30.0,madmom
YO-JGE1c8hE.wav,9.32,0.0,30.0,madmom
YO-JGE1c8hE.wav,10.16,0.0,30.0,madmom
YO-JGE1c8hE.wav,11.0,0.0,30.0,madmom
YO-JGE1c8hE.wav,11.86,0.0,30.0,madmom
YO-JGE1c8hE.wav,12.71,0.0,30.0,madmom
YO-JGE1c8hE.wav,13.54,0.0,30.0,madmom
YO-JGE1c8hE.wav,14.38,0.0,30.0,madmom
YO-JGE1c8hE.wav,15.24,0.0,30.0,madmom
YO-JGE1c8hE.wav,16.09,0.0,30.0,madmom
YO-JGE1c8hE.wav,16.91,0.0,30.0,madmom
YO-JGE1c8hE.wav,17.77,0.0,30.0,madmom
YO-JGE1c8hE.wav,18.62,0.0,30.0,madmom
YO-JGE1c8hE.wav,19.47,0.0,30.0,madmom
YO-JGE1c8hE.wav,20.27,0.0,30.0,madmom
YO-JGE1c8hE.wav,21.15,0.0,30.0,madmom
YO-JGE1c8hE.wav,21.99,0.0,30.0,madmom
YO-JGE1c8hE.wav,22.85,0.0,30.0,madmom
YO-JGE1c8hE.wav,23.69,0.0,30.0,madmom
YO-JGE1c8hE.wav,24.54,0.0,30.0,madmom
YO-JGE1c8hE.wav,25.4,0.0,30.0,madmom
YO-JGE1c8hE.wav,26.23,0.0,30.0,madmom
YO-JGE1c8hE.wav,27.06,0.0,30.0,madmom
YO-JGE1c8hE.wav,27.91,0.0,30.0,madmom
YO-JGE1c8hE.wav,28.76,0.0,30.0,madmom
YO-JGE1c8hE.wav,29.61,0.0,30.0,madmom
YbdoCyC9r4E.wav,0.18,0.0,30.0,madmom
YbdoCyC9r4E.wav,1.05,0.0,30.0,madmom
YbdoCyC9r4E.wav,1.91,0.0,30.0,madmom
YbdoCyC9r4E.wav,2.76,0.0,30.0,madmom
YbdoCyC9r4E.wav,3.63,0.0,30.0,madmom
YbdoCyC9r4E.wav,4.51,0.0,30.0,madmom
YbdoCyC9r4E.wav,5.33,0.0,30.0,madmom
YbdoCyC9r4E.wav,6.19,0.0,30.0,madmom
YbdoCyC9r4E.wav,7.04,0.0,30.0,madmom
YbdoCyC9r4E.wav,7.91,0.0,30.0,madmom
YbdoCyC9r4E.wav,8.77,0.0,30.0,madmom
YbdoCyC9r4E.wav,9.63,0.0,30.0,madmom
YbdoCyC9r4E.wav,10.47,0.0,30.0,madmom
YbdoCyC9r4E.wav,11.33,0.0,30.0,madmom
YbdoCyC9r4E.wav,12.19,0.0,30.0,madmom
YbdoCyC9r4E.wav,13.08,0.0,30.0,madmom
YbdoCyC9r4E.wav,13.91,0.0,30.0,madmom
YbdoCyC9r4E.wav,14.76,0.0,30.0,madmom
YbdoCyC9r4E.wav,15.6,0.0,30.0,madmom
YbdoCyC9r4E.wav,16.47,0.0,30.0,madmom
YbdoCyC9r4E.wav,17.33,0.0,30.0,madmom
YbdoCyC9r4E.wav,18.18,0.0,30.0,madmom
YbdoCyC9r4E.wav,19.04,0.0,30.0,madmom
YbdoCyC9r4E.wav,19.87,0.0,30.0,madmom
YbdoCyC9r4E.wav,20.75,0.0,30.0,madmom
YbdoCyC9r4E.wav,21.62,0.0,30.0,madmom
YbdoCyC9r4E.wav,22.48,0.0,30.0,madmom
YbdoCyC9r4E.wav,23.33,0.0,30.0,madmom
YbdoCyC9r4E.wav,24.17,0.0,30.0,madmom
YbdoCyC9r4E.wav,25.07,0.0,30.0,madmom
YbdoCyC9r4E.wav,25.91,0.0,30.0,madmom
YbdoCyC9r4E.wav,26.76,0.0,30.0,madmom
YbdoCyC9r4E.wav,27.6,0.0,30.0,madmom
YbdoCyC9r4E.wav,28.48,0.0,30.0,madmom
YbdoCyC9r4E.wav,29.34,0.0,30.0,madmom
YmpqEe8jKlU.wav,0.0,0.0,30.0,madmom
YmpqEe8jKlU.wav,0.55,0.0,30.0,madmom
YmpqEe8jKlU.wav,1.08,0.0,30.0,madmom
YmpqEe8jKlU.wav,1.63,0.0,30.0,madmom
YmpqEe8jKlU.wav,2.19,0.0,30.0,madmom
YmpqEe8jKlU.wav,2.72,0.0,30.0,madmom
YmpqEe8jKlU.wav,3.27,0.0,30.0,madmom
YmpqEe8jKlU.wav,3.79,0.0,30.0,madmom
YmpqEe8jKlU.wav,4.33,0.0,30.0,madmom
YmpqEe8jKlU.wav,4.88,0.0,30.0,madmom
YmpqEe8jKlU.wav,5.47,0.0,30.0,madmom
YmpqEe8jKlU.wav,6.03,0.0,30.0,madmom
YmpqEe8jKlU.wav,6.63,0.0,30.0,madmom
YmpqEe8jKlU.wav,7.2,0.0,30.0,madmom
YmpqEe8jKlU.wav,7.77,0.0,30.0,madmom
YmpqEe8jKlU.wav,8.34,0.0,30.0,madmom
YmpqEe8jKlU.wav,8.92,0.0,30.0,madmom
YmpqEe8jKlU.wav,9.48,0.0,30.0,madmom
YmpqEe8jKlU.wav,10.05,0.0,30.0,madmom
YmpqEe8jKlU.wav,10.62,0.0,30.0,madmom
YmpqEe8jKlU.wav,11.21,0.0,30.0,madmom
YmpqEe8jKlU.wav,11.77,0.0,30.0,madmom
YmpqEe8jKlU.wav,12.34,0.0,30.0,madmom
YmpqEe8jKlU.wav,12.91,0.0,30.0,madmom
YmpqEe8jKlU.wav,13.49,0.0,30.0,madmom
YmpqEe8jKlU.wav,14.05,0.0,30.0,madmom
YmpqEe8jKlU.wav,14.62,0.0,30.0,madmom
YmpqEe8jKlU.wav,15.2,0.0,30.0,madmom
YmpqEe8jKlU.wav,15.77,0.0,30.0,madmom
YmpqEe8jKlU.wav,16.34,0.0,30.0,madmom
YmpqEe8jKlU.wav,16.91,0.0,30.0,madmom
YmpqEe8jKlU.wav,17.49,0.0,30.0,madmom
YmpqEe8jKlU.wav,18.07,0.0,30.0,madmom
YmpqEe8jKlU.wav,18.62,0.0,30.0,madmom
YmpqEe8jKlU.wav,19.2,0.0,30.0,madmom
YmpqEe8jKlU.wav,19.77,0.0,30.0,madmom
YmpqEe8jKlU.wav,20.35,0.0,30.0,madmom
YmpqEe8jKlU.wav,20.91,0.0,30.0,madmom
YmpqEe8jKlU.wav,21.49,0.0,30.0,madmom
YmpqEe8jKlU.wav,22.05,0.0,30.0,madmom
YmpqEe8jKlU.wav,22.65,0.0,30.0,madmom
YmpqEe8jKlU.wav,23.22,0.0,30.0,madmom
YmpqEe8jKlU.wav,23.77,0.0,30.0,madmom
YmpqEe8jKlU.wav,24.34,0.0,30.0,madmom
YmpqEe8jKlU.wav,24.91,0.0,30.0,madmom
YmpqEe8jKlU.wav,25.48,0.0,30.0,madmom
YmpqEe8jKlU.wav,26.07,0.0,30.0,madmom
YmpqEe8jKlU.wav,26.63,0.0,30.0,madmom
YmpqEe8jKlU.wav,27.2,0.0,30.0,madmom
YmpqEe8jKlU.wav,27.77,0.0,30.0,madmom
YmpqEe8jKlU.wav,28.34,0.0,30.0,madmom
YmpqEe8jKlU.wav,28.91,0.0,30.0,madmom
YmpqEe8jKlU.wav,29.49,0.0,30.0,madmom
YoD4qPd6ntA.wav,0.69,0.0,30.0,madmom
YoD4qPd6ntA.wav,1.51,0.0,30.0,madmom
YoD4qPd6ntA.wav,2.29,0.0,30.0,madmom
YoD4qPd6ntA.wav,3.07,0.0,30.0,madmom
YoD4qPd6ntA.wav,3.86,0.0,30.0,madmom
YoD4qPd6ntA.wav,4.63,0.0,30.0,madmom
YoD4qPd6ntA.wav,5.44,0.0,30.0,madmom
YoD4qPd6ntA.wav,6.2,0.0,30.0,madmom
YoD4qPd6ntA.wav,6.96,0.0,30.0,madmom
YoD4qPd6ntA.wav,7.76,0.0,30.0,madmom
YoD4qPd6ntA.wav,8.47,0.0,30.0,madmom
YoD4qPd6ntA.wav,9.23,0.0,30.0,madmom
YoD4qPd6ntA.wav,9.94,0.0,30.0,madmom
YoD4qPd6ntA.wav,10.68,0.0,30.0,madmom
YoD4qPd6ntA.wav,11.43,0.0,30.0,madmom
YoD4qPd6ntA.wav,12.14,0.0,30.0,madmom
YoD4qPd6ntA.wav,12.83,0.0,30.0,madmom
YoD4qPd6ntA.wav,13.59,0.0,30.0,madmom
YoD4qPd6ntA.wav,14.31,0.0,30.0,madmom
YoD4qPd6ntA.wav,14.99,0.0,30.0,madmom
YoD4qPd6ntA.wav,15.73,0.0,30.0,madmom
YoD4qPd6ntA.wav,16.43,0.0,30.0,madmom
YoD4qPd6ntA.wav,17.17,0.0,30.0,madmom
YoD4qPd6ntA.wav,17.9,0.0,30.0,madmom
YoD4qPd6ntA.wav,18.65,0.0,30.0,madmom
YoD4qPd6ntA.wav,19.32,0.0,30.0,madmom
YoD4qPd6ntA.wav,20.07,0.0,30.0,madmom
YoD4qPd6ntA.wav,20.74,0.0,30.0,madmom
YoD4qPd6ntA.wav,21.45,0.0,30.0,madmom
YoD4qPd6ntA.wav,22.16,0.0,30.0,madmom
YoD4qPd6ntA.wav,22.88,0.0,30.0,madmom
YoD4qPd6ntA.wav,23.62,0.0,30.0,madmom
YoD4qPd6ntA.wav,24.36,0.0,30.0,madmom
YoD4qPd6ntA.wav,25.04,0.0,30.0,madmom
YoD4qPd6ntA.wav,25.8,0.0,30.0,madmom
YoD4qPd6ntA.wav,26.49,0.0,30.0,madmom
YoD4qPd6ntA.wav,27.17,0.0,30.0,madmom
YoD4qPd6ntA.wav,27.88,0.0,30.0,madmom
YoD4qPd6ntA.wav,28.6,0.0,30.0,madmom
YoD4qPd6ntA.wav,29.31,0.0,30.0,madmom
YoD4qPd6ntA.wav,29.99,0.0,30.0,madmom
Yxj0QTk4gko.wav,0.45,0.0,30.0,madmom
Yxj0QTk4gko.wav,0.97,0.0,30.0,madmom
Yxj0QTk4gko.wav,1.49,0.0,30.0,madmom
Yxj0QTk4gko.wav,2.01,0.0,30.0,madmom
Yxj0QTk4gko.wav,2.54,0.0,30.0,madmom
Yxj0QTk4gko.wav,3.07,0.0,30.0,madmom
Yxj0QTk4gko.wav,3.59,0.0,30.0,madmom
Yxj0QTk4gko.wav,4.12,0.0,30.0,madmom
Yxj0QTk4gko.wav,4.63,0.0,30.0,madmom
Yxj0QTk4gko.wav,5.16,0.0,30.0,madmom
Yxj0QTk4gko.wav,5.7,0.0,30.0,madmom
Yxj0QTk4gko.wav,6.22,0.0,30.0,madmom
Yxj0QTk4gko.wav,6.73,0.0,30.0,madmom
Yxj0QTk4gko.wav,7.27,0.0,30.0,madmom
Yxj0QTk4gko.wav,7.8,0.0,30.0,madmom
Yxj0QTk4gko.wav,8.33,0.0,30.0,madmom
Yxj0QTk4gko.wav,8.84,0.0,30.0,madmom
Yxj0QTk4gko.wav,9.4,0.0,30.0,madmom
Yxj0QTk4gko.wav,9.92,0.0,30.0,madmom
Yxj0QTk4gko.wav,10.44,0.0,30.0,madmom
Yxj0QTk4gko.wav,10.97,0.0,30.0,madmom
Yxj0QTk4gko.wav,11.49,0.0,30.0,madmom
Yxj0QTk4gko.wav,12.01,0.0,30.0,madmom
Yxj0QTk4gko.wav,12.53,0.0,30.0,madmom
Yxj0QTk4gko.wav,13.07,0.0,30.0,madmom
Yxj0QTk4gko.wav,13.59,0.0,30.0,madmom
Yxj0QTk4gko.wav,14.12,0.0,30.0,madmom
Yxj0QTk4gko.wav,14.64,0.0,30.0,madmom
Yxj0QTk4gko.wav,15.17,0.0,30.0,madmom
Yxj0QTk4gko.wav,15.7,0.0,30.0,madmom
Yxj0QTk4gko.wav,16.22,0.0,30.0,madmom
Yxj0QTk4gko.wav,16.74,0.0,30.0,madmom
Yxj0QTk4gko.wav,17.28,0.0,30.0,madmom
Yxj0QTk4gko.wav,17.8,0.0,30.0,madmom
Yxj0QTk4gko.wav,18.33,0.0,30.0,madmom
Yxj0QTk4gko.wav,18.85,0.0,30.0,madmom
Yxj0QTk4gko.wav,19.38,0.0,30.0,madmom
Yxj0QTk4gko.wav,19.9,0.0,30.0,madmom
Yxj0QTk4gko.wav,20.43,0.0,30.0,madmom
Yxj0QTk4gko.wav,20.96,0.0,30.0,madmom
Yxj0QTk4gko.wav,21.49,0.0,30.0,madmom
Yxj0QTk4gko.wav,22.01,0.0,30.0,madmom
Yxj0QTk4gko.wav,22.54,0.0,30.0,madmom
Yxj0QTk4gko.wav,23.06,0.0,30.0,madmom
Yxj0QTk4gko.wav,23.59,0.0,30.0,madmom
Yxj0QTk4gko.wav,24.11,0.0,30.0,madmom
Yxj0QTk4gko.wav,24.64,0.0,30.0,madmom
Yxj0QTk4gko.wav,25.17,0.0,30.0,madmom
Yxj0QTk4gko.wav,25.7,0.0,30.0,madmom
Yxj0QTk4gko.wav,26.22,0.0,30.0,madmom
Yxj0QTk4gko.wav,26.75,0.0,30.0,madmom
Yxj0QTk4gko.wav,27.27,0.0,30.0,madmom
Yxj0QTk4gko.wav,27.8,0.0,30.0,madmom
Yxj0QTk4gko.wav,28.32,0.0,30.0,madmom
Yxj0QTk4gko.wav,28.85,0.0,30.0,madmom
Yxj0QTk4gko.wav,29.38,0.0,30.0,madmom
Yxj0QTk4gko.wav,29.91,0.0,30.0,madmom
ZLgU_h1V6DA.wav,0.36,0.0,30.0,madmom
ZLgU_h1V6DA.wav,0.94,0.0,30.0,madmom
ZLgU_h1V6DA.wav,1.52,0.0,30.0,madmom
ZLgU_h1V6DA.wav,2.09,0.0,30.0,madmom
ZLgU_h1V6DA.wav,2.67,0.0,30.0,madmom
ZLgU_h1V6DA.wav,3.25,0.0,30.0,madmom
ZLgU_h1V6DA.wav,3.82,0.0,30.0,madmom
ZLgU_h1V6DA.wav,4.4,0.0,30.0,madmom
ZLgU_h1V6DA.wav,4.98,0.0,30.0,madmom
ZLgU_h1V6DA.wav,5.55,0.0,30.0,madmom
ZLgU_h1V6DA.wav,6.13,0.0,30.0,madmom
ZLgU_h1V6DA.wav,6.71,0.0,30.0,madmom
ZLgU_h1V6DA.wav,7.28,0.0,30.0,madmom
ZLgU_h1V6DA.wav,7.86,0.0,30.0,madmom
ZLgU_h1V6DA.wav,8.44,0.0,30.0,madmom
ZLgU_h1V6DA.wav,9.02,0.0,30.0,madmom
ZLgU_h1V6DA.wav,9.59,0.0,30.0,madmom
ZLgU_h1V6DA.wav,10.17,0.0,30.0,madmom
ZLgU_h1V6DA.wav,10.75,0.0,30.0,madmom
ZLgU_h1V6DA.wav,11.32,0.0,30.0,madmom
ZLgU_h1V6DA.wav,11.9,0.0,30.0,madmom
ZLgU_h1V6DA.wav,12.48,0.0,30.0,madmom
ZLgU_h1V6DA.wav,13.05,0.0,30.0,madmom
ZLgU_h1V6DA.wav,13.63,0.0,30.0,madmom
ZLgU_h1V6DA.wav,14.21,0.0,30.0,madmom
ZLgU_h1V6DA.wav,14.78,0.0,30.0,madmom
ZLgU_h1V6DA.wav,15.37,0.0,30.0,madmom
ZLgU_h1V6DA.wav,15.95,0.0,30.0,madmom
ZLgU_h1V6DA.wav,16.52,0.0,30.0,madmom
ZLgU_h1V6DA.wav,17.09,0.0,30.0,madmom
ZLgU_h1V6DA.wav,17.66,0.0,30.0,madmom
ZLgU_h1V6DA.wav,18.25,0.0,30.0,madmom
ZLgU_h1V6DA.wav,18.84,0.0,30.0,madmom
ZLgU_h1V6DA.wav,19.4,0.0,30.0,madmom
ZLgU_h1V6DA.wav,20.0,0.0,30.0,madmom
ZLgU_h1V6DA.wav,20.55,0.0,30.0,madmom
ZLgU_h1V6DA.wav,21.14,0.0,30.0,madmom
ZLgU_h1V6DA.wav,21.71,0.0,30.0,madmom
ZLgU_h1V6DA.wav,22.27,0.0,30.0,madmom
ZLgU_h1V6DA.wav,22.85,0.0,30.0,madmom
ZLgU_h1V6DA.wav,23.44,0.0,30.0,madmom
ZLgU_h1V6DA.wav,24.01,0.0,30.0,madmom
ZLgU_h1V6DA.wav,24.6,0.0,30.0,madmom
ZLgU_h1V6DA.wav,25.17,0.0,30.0,madmom
ZLgU_h1V6DA.wav,25.75,0.0,30.0,madmom
ZLgU_h1V6DA.wav,26.32,0.0,30.0,madmom
ZLgU_h1V6DA.wav,26.9,0.0,30.0,madmom
ZLgU_h1V6DA.wav,27.48,0.0,30.0,madmom
ZLgU_h1V6DA.wav,28.05,0.0,30.0,madmom
ZLgU_h1V6DA.wav,28.63,0.0,30.0,madmom
ZLgU_h1V6DA.wav,29.21,0.0,30.0,madmom
ZLgU_h1V6DA.wav,29.78,0.0,30.0,madmom
ZYE7UJSA7k0.wav,0.42,0.0,30.0,madmom
ZYE7UJSA7k0.wav,0.94,0.0,30.0,madmom
ZYE7UJSA7k0.wav,1.45,0.0,30.0,madmom
ZYE7UJSA7k0.wav,1.98,0.0,30.0,madmom
ZYE7UJSA7k0.wav,2.5,0.0,30.0,madmom
ZYE7UJSA7k0.wav,3.02,0.0,30.0,madmom
ZYE7UJSA7k0.wav,3.54,0.0,30.0,madmom
ZYE7UJSA7k0.wav,4.06,0.0,30.0,madmom
ZYE7UJSA7k0.wav,4.58,0.0,30.0,madmom
ZYE7UJSA7k0.wav,5.09,0.0,30.0,madmom
ZYE7UJSA7k0.wav,5.61,0.0,30.0,madmom
ZYE7UJSA7k0.wav,6.14,0.0,30.0,madmom
ZYE7UJSA7k0.wav,6.67,0.0,30.0,madmom
ZYE7UJSA7k0.wav,7.19,0.0,30.0,madmom
ZYE7UJSA7k0.wav,7.71,0.0,30.0,madmom
ZYE7UJSA7k0.wav,8.23,0.0,30.0,madmom
ZYE7UJSA7k0.wav,8.74,0.0,30.0,madmom
ZYE7UJSA7k0.wav,9.26,0.0,30.0,madmom
ZYE7UJSA7k0.wav,9.78,0.0,30.0,madmom
ZYE7UJSA7k0.wav,10.3,0.0,30.0,madmom
ZYE7UJSA7k0.wav,10.83,0.0,30.0,madmom
ZYE7UJSA7k0.wav,11.34,0.0,30.0,madmom
ZYE7UJSA7k0.wav,11.87,0.0,30.0,madmom
ZYE7UJSA7k0.wav,12.38,0.0,30.0,madmom
ZYE7UJSA7k0.wav,12.89,0.0,30.0,madmom
ZYE7UJSA7k0.wav,13.4,0.0,30.0,madmom
ZYE7UJSA7k0.wav,13.92,0.0,30.0,madmom
ZYE7UJSA7k0.wav,14.44,0.0,30.0,madmom
ZYE7UJSA7k0.wav,14.96,0.0,30.0,madmom
ZYE7UJSA7k0.wav,15.48,0.0,30.0,madmom
ZYE7UJSA7k0.wav,16.01,0.0,30.0,madmom
ZYE7UJSA7k0.wav,16.53,0.0,30.0,madmom
ZYE7UJSA7k0.wav,17.05,0.0,30.0,madmom
ZYE7UJSA7k0.wav,17.56,0.0,30.0,madmom
ZYE7UJSA7k0.wav,18.08,0.0,30.0,madmom
ZYE7UJSA7k0.wav,18.6,0.0,30.0,madmom
ZYE7UJSA7k0.wav,19.13,0.0,30.0,madmom
ZYE7UJSA7k0.wav,19.65,0.0,30.0,madmom
ZYE7UJSA7k0.wav,20.18,0.0,30.0,madmom
ZYE7UJSA7k0.wav,20.69,0.0,30.0,madmom
ZYE7UJSA7k0.wav,21.2,0.0,30.0,madmom
ZYE7UJSA7k0.wav,21.71,0.0,30.0,madmom
ZYE7UJSA7k0.wav,22.22,0.0,30.0,madmom
ZYE7UJSA7k0.wav,22.75,0.0,30.0,madmom
ZYE7UJSA7k0.wav,23.27,0.0,30.0,madmom
ZYE7UJSA7k0.wav,23.78,0.0,30.0,madmom
ZYE7UJSA7k0.wav,24.31,0.0,30.0,madmom
ZYE7UJSA7k0.wav,24.83,0.0,30.0,madmom
ZYE7UJSA7k0.wav,25.35,0.0,30.0,madmom
ZYE7UJSA7k0.wav,25.87,0.0,30.0,madmom
ZYE7UJSA7k0.wav,26.39,0.0,30.0,madmom
ZYE7UJSA7k0.wav,26.91,0.0,30.0,madmom
ZYE7UJSA7k0.wav,27.43,0.0,30.0,madmom
ZYE7UJSA7k0.wav,27.95,0.0,30.0,madmom
ZYE7UJSA7k0.wav,28.47,0.0,30.0,madmom
ZYE7UJSA7k0.wav,28.99,0.0,30.0,madmom
ZYE7UJSA7k0.wav,29.5,0.0,30.0,madmom
Z_czLm560A4.wav,0.3,0.0,30.0,madmom
Z_czLm560A4.wav,0.75,0.0,30.0,madmom
Z_czLm560A4.wav,1.19,0.0,30.0,madmom
Z_czLm560A4.wav,1.65,0.0,30.0,madmom
Z_czLm560A4.wav,2.1,0.0,30.0,madmom
Z_czLm560A4.wav,2.55,0.0,30.0,madmom
Z_czLm560A4.wav,3.01,0.0,30.0,madmom
Z_czLm560A4.wav,3.46,0.0,30.0,madmom
Z_czLm560A4.wav,3.94,0.0,30.0,madmom
Z_czLm560A4.wav,4.38,0.0,30.0,madmom
Z_czLm560A4.wav,4.84,0.0,30.0,madmom
Z_czLm560A4.wav,5.29,0.0,30.0,madmom
Z_czLm560A4.wav,5.73,0.0,30.0,madmom
Z_czLm560A4.wav,6.18,0.0,30.0,madmom
Z_czLm560A4.wav,6.65,0.0,30.0,madmom
Z_czLm560A4.wav,7.1,0.0,30.0,madmom
Z_czLm560A4.wav,7.55,0.0,30.0,madmom
Z_czLm560A4.wav,8.0,0.0,30.0,madmom
Z_czLm560A4.wav,8.46,0.0,30.0,madmom
Z_czLm560A4.wav,8.91,0.0,30.0,madmom
Z_czLm560A4.wav,9.38,0.0,30.0,madmom
Z_czLm560A4.wav,9.83,0.0,30.0,madmom
Z_czLm560A4.wav,10.31,0.0,30.0,madmom
Z_czLm560A4.wav,10.76,0.0,30.0,madmom
Z_czLm560A4.wav,11.19,0.0,30.0,madmom
Z_czLm560A4.wav,11.66,0.0,30.0,madmom
Z_czLm560A4.wav,12.11,0.0,30.0,madmom
Z_czLm560A4.wav,12.56,0.0,30.0,madmom
Z_czLm560A4.wav,13.01,0.0,30.0,madmom
Z_czLm560A4.wav,13.47,0.0,30.0,madmom
Z_czLm560A4.wav,13.94,0.0,30.0,madmom
Z_czLm560A4.wav,14.41,0.0,30.0,madmom
Z_czLm560A4.wav,14.84,0.0,30.0,madmom
Z_czLm560A4.wav,15.29,0.0,30.0,madmom
Z_czLm560A4.wav,15.76,0.0,30.0,madmom
Z_czLm560A4.wav,16.2,0.0,30.0,madmom
Z_czLm560A4.wav,16.65,0.0,30.0,madmom
Z_czLm560A4.wav,17.1,0.0,30.0,madmom
Z_czLm560A4.wav,17.56,0.0,30.0,madmom
Z_czLm560A4.wav,18.01,0.0,30.0,madmom
Z_czLm560A4.wav,18.47,0.0,30.0,madmom
Z_czLm560A4.wav,18.93,0.0,30.0,madmom
Z_czLm560A4.wav,19.38,0.0,30.0,madmom
Z_czLm560A4.wav,19.86,0.0,30.0,madmom
Z_czLm560A4.wav,20.29,0.0,30.0,madmom
Z_czLm560A4.wav,20.74,0.0,30.0,madmom
Z_czLm560A4.wav,21.21,0.0,30.0,madmom
Z_czLm560A4.wav,21.65,0.0,30.0,madmom
Z_czLm560A4.wav,22.1,0.0,30.0,madmom
Z_czLm560A4.wav,22.56,0.0,30.0,madmom
Z_czLm560A4.wav,23.01,0.0,30.0,madmom
Z_czLm560A4.wav,23.47,0.0,30.0,madmom
Z_czLm560A4.wav,23.92,0.0,30.0,madmom
Z_czLm560A4.wav,24.38,0.0,30.0,madmom
Z_czLm560A4.wav,24.83,0.0,30.0,madmom
Z_czLm560A4.wav,25.3,0.0,30.0,madmom
Z_czLm560A4.wav,25.75,0.0,30.0,madmom
Z_czLm560A4.wav,26.22,0.0,30.0,madmom
Z_czLm560A4.wav,26.66,0.0,30.0,madmom
Z_czLm560A4.wav,27.11,0.0,30.0,madmom
Z_czLm560A4.wav,27.56,0.0,30.0,madmom
Z_czLm560A4.wav,28.02,0.0,30.0,madmom
Z_czLm560A4.wav,28.48,0.0,30.0,madmom
Z_czLm560A4.wav,28.92,0.0,30.0,madmom
Z_czLm560A4.wav,29.38,0.0,30.0,madmom
Z_czLm560A4.wav,29.81,0.0,30.0,madmom
Zd_VDxlEZP8.wav,0.33,0.0,30.0,madmom
Zd_VDxlEZP8.wav,0.87,0.0,30.0,madmom
Zd_VDxlEZP8.wav,1.41,0.0,30.0,madmom
Zd_VDxlEZP8.wav,1.95,0.0,30.0,madmom
Zd_VDxlEZP8.wav,2.49,0.0,30.0,madmom
Zd_VDxlEZP8.wav,3.03,0.0,30.0,madmom
Zd_VDxlEZP8.wav,3.57,0.0,30.0,madmom
Zd_VDxlEZP8.wav,4.11,0.0,30.0,madmom
Zd_VDxlEZP8.wav,4.65,0.0,30.0,madmom
Zd_VDxlEZP8.wav,5.2,0.0,30.0,madmom
Zd_VDxlEZP8.wav,5.73,0.0,30.0,madmom
Zd_VDxlEZP8.wav,6.27,0.0,30.0,madmom
Zd_VDxlEZP8.wav,6.81,0.0,30.0,madmom
Zd_VDxlEZP8.wav,7.35,0.0,30.0,madmom
Zd_VDxlEZP8.wav,7.89,0.0,30.0,madmom
Zd_VDxlEZP8.wav,8.43,0.0,30.0,madmom
Zd_VDxlEZP8.wav,8.97,0.0,30.0,madmom
Zd_VDxlEZP8.wav,9.51,0.0,30.0,madmom
Zd_VDxlEZP8.wav,10.06,0.0,30.0,madmom
Zd_VDxlEZP8.wav,10.59,0.0,30.0,madmom
Zd_VDxlEZP8.wav,11.13,0.0,30.0,madmom
Zd_VDxlEZP8.wav,11.68,0.0,30.0,madmom
Zd_VDxlEZP8.wav,12.22,0.0,30.0,madmom
Zd_VDxlEZP8.wav,12.76,0.0,30.0,madmom
Zd_VDxlEZP8.wav,13.3,0.0,30.0,madmom
Zd_VDxlEZP8.wav,13.84,0.0,30.0,madmom
Zd_VDxlEZP8.wav,14.38,0.0,30.0,madmom
Zd_VDxlEZP8.wav,14.92,0.0,30.0,madmom
Zd_VDxlEZP8.wav,15.46,0.0,30.0,madmom
Zd_VDxlEZP8.wav,16.0,0.0,30.0,madmom
Zd_VDxlEZP8.wav,16.54,0.0,30.0,madmom
Zd_VDxlEZP8.wav,17.08,0.0,30.0,madmom
Zd_VDxlEZP8.wav,17.62,0.0,30.0,madmom
Zd_VDxlEZP8.wav,18.15,0.0,30.0,madmom
Zd_VDxlEZP8.wav,18.7,0.0,30.0,madmom
Zd_VDxlEZP8.wav,19.24,0.0,30.0,madmom
Zd_VDxlEZP8.wav,19.79,0.0,30.0,madmom
Zd_VDxlEZP8.wav,20.33,0.0,30.0,madmom
Zd_VDxlEZP8.wav,20.87,0.0,30.0,madmom
Zd_VDxlEZP8.wav,21.41,0.0,30.0,madmom
Zd_VDxlEZP8.wav,21.95,0.0,30.0,madmom
Zd_VDxlEZP8.wav,22.49,0.0,30.0,madmom
Zd_VDxlEZP8.wav,23.02,0.0,30.0,madmom
Zd_VDxlEZP8.wav,23.57,0.0,30.0,madmom
Zd_VDxlEZP8.wav,24.1,0.0,30.0,madmom
Zd_VDxlEZP8.wav,24.65,0.0,30.0,madmom
Zd_VDxlEZP8.wav,25.19,0.0,30.0,madmom
Zd_VDxlEZP8.wav,25.73,0.0,30.0,madmom
Zd_VDxlEZP8.wav,26.27,0.0,30.0,madmom
Zd_VDxlEZP8.wav,26.81,0.0,30.0,madmom
Zd_VDxlEZP8.wav,27.36,0.0,30.0,madmom
Zd_VDxlEZP8.wav,27.89,0.0,30.0,madmom
Zd_VDxlEZP8.wav,28.44,0.0,30.0,madmom
Zd_VDxlEZP8.wav,28.98,0.0,30.0,madmom
Zd_VDxlEZP8.wav,29.52,0.0,30.0,madmom
Zk8KnhrJpp8.wav,0.56,0.0,30.0,madmom
Zk8KnhrJpp8.wav,1.38,0.0,30.0,madmom
Zk8KnhrJpp8.wav,2.21,0.0,30.0,madmom
Zk8KnhrJpp8.wav,3.03,0.0,30.0,madmom
Zk8KnhrJpp8.wav,3.85,0.0,30.0,madmom
Zk8KnhrJpp8.wav,4.67,0.0,30.0,madmom
Zk8KnhrJpp8.wav,5.5,0.0,30.0,madmom
Zk8KnhrJpp8.wav,6.31,0.0,30.0,madmom
Zk8KnhrJpp8.wav,7.14,0.0,30.0,madmom
Zk8KnhrJpp8.wav,7.96,0.0,30.0,madmom
Zk8KnhrJpp8.wav,8.78,0.0,30.0,madmom
Zk8KnhrJpp8.wav,9.62,0.0,30.0,madmom
Zk8KnhrJpp8.wav,10.45,0.0,30.0,madmom
Zk8KnhrJpp8.wav,11.27,0.0,30.0,madmom
Zk8KnhrJpp8.wav,12.1,0.0,30.0,madmom
Zk8KnhrJpp8.wav,12.91,0.0,30.0,madmom
Zk8KnhrJpp8.wav,13.74,0.0,30.0,madmom
Zk8KnhrJpp8.wav,14.56,0.0,30.0,madmom
Zk8KnhrJpp8.wav,15.37,0.0,30.0,madmom
Zk8KnhrJpp8.wav,16.2,0.0,30.0,madmom
Zk8KnhrJpp8.wav,17.02,0.0,30.0,madmom
Zk8KnhrJpp8.wav,17.84,0.0,30.0,madmom
Zk8KnhrJpp8.wav,18.65,0.0,30.0,madmom
Zk8KnhrJpp8.wav,19.49,0.0,30.0,madmom
Zk8KnhrJpp8.wav,20.31,0.0,30.0,madmom
Zk8KnhrJpp8.wav,21.13,0.0,30.0,madmom
Zk8KnhrJpp8.wav,21.95,0.0,30.0,madmom
Zk8KnhrJpp8.wav,22.77,0.0,30.0,madmom
Zk8KnhrJpp8.wav,23.6,0.0,30.0,madmom
Zk8KnhrJpp8.wav,24.42,0.0,30.0,madmom
Zk8KnhrJpp8.wav,25.24,0.0,30.0,madmom
Zk8KnhrJpp8.wav,26.06,0.0,30.0,madmom
Zk8KnhrJpp8.wav,26.89,0.0,30.0,madmom
Zk8KnhrJpp8.wav,27.71,0.0,30.0,madmom
Zk8KnhrJpp8.wav,28.53,0.0,30.0,madmom
Zk8KnhrJpp8.wav,29.36,0.0,30.0,madmom
ZllgNaVpYz8.wav,0.12,0.0,30.0,madmom
ZllgNaVpYz8.wav,0.67,0.0,30.0,madmom
ZllgNaVpYz8.wav,1.25,0.0,30.0,madmom
ZllgNaVpYz8.wav,1.81,0.0,30.0,madmom
ZllgNaVpYz8.wav,2.39,0.0,30.0,madmom
ZllgNaVpYz8.wav,2.97,0.0,30.0,madmom
ZllgNaVpYz8.wav,3.54,0.0,30.0,madmom
ZllgNaVpYz8.wav,4.12,0.0,30.0,madmom
ZllgNaVpYz8.wav,4.7,0.0,30.0,madmom
ZllgNaVpYz8.wav,5.28,0.0,30.0,madmom
ZllgNaVpYz8.wav,5.86,0.0,30.0,madmom
ZllgNaVpYz8.wav,6.44,0.0,30.0,madmom
ZllgNaVpYz8.wav,7.01,0.0,30.0,madmom
ZllgNaVpYz8.wav,7.55,0.0,30.0,madmom
ZllgNaVpYz8.wav,8.12,0.0,30.0,madmom
ZllgNaVpYz8.wav,8.7,0.0,30.0,madmom
ZllgNaVpYz8.wav,9.3,0.0,30.0,madmom
ZllgNaVpYz8.wav,9.88,0.0,30.0,madmom
ZllgNaVpYz8.wav,10.46,0.0,30.0,madmom
ZllgNaVpYz8.wav,11.04,0.0,30.0,madmom
ZllgNaVpYz8.wav,11.62,0.0,30.0,madmom
ZllgNaVpYz8.wav,12.19,0.0,30.0,madmom
ZllgNaVpYz8.wav,12.77,0.0,30.0,madmom
ZllgNaVpYz8.wav,13.35,0.0,30.0,madmom
ZllgNaVpYz8.wav,13.92,0.0,30.0,madmom
ZllgNaVpYz8.wav,14.51,0.0,30.0,madmom
ZllgNaVpYz8.wav,15.11,0.0,30.0,madmom
ZllgNaVpYz8.wav,15.71,0.0,30.0,madmom
ZllgNaVpYz8.wav,16.28,0.0,30.0,madmom
ZllgNaVpYz8.wav,16.86,0.0,30.0,madmom
ZllgNaVpYz8.wav,17.42,0.0,30.0,madmom
ZllgNaVpYz8.wav,18.0,0.0,30.0,madmom
ZllgNaVpYz8.wav,18.55,0.0,30.0,madmom
ZllgNaVpYz8.wav,19.09,0.0,30.0,madmom
ZllgNaVpYz8.wav,19.65,0.0,30.0,madmom
ZllgNaVpYz8.wav,20.22,0.0,30.0,madmom
ZllgNaVpYz8.wav,20.79,0.0,30.0,madmom
ZllgNaVpYz8.wav,21.36,0.0,30.0,madmom
ZllgNaVpYz8.wav,21.92,0.0,30.0,madmom
ZllgNaVpYz8.wav,22.49,0.0,30.0,madmom
ZllgNaVpYz8.wav,23.05,0.0,30.0,madmom
ZllgNaVpYz8.wav,23.62,0.0,30.0,madmom
ZllgNaVpYz8.wav,24.19,0.0,30.0,madmom
ZllgNaVpYz8.wav,24.75,0.0,30.0,madmom
ZllgNaVpYz8.wav,25.32,0.0,30.0,madmom
ZllgNaVpYz8.wav,25.89,0.0,30.0,madmom
ZllgNaVpYz8.wav,26.45,0.0,30.0,madmom
ZllgNaVpYz8.wav,27.01,0.0,30.0,madmom
ZllgNaVpYz8.wav,27.55,0.0,30.0,madmom
ZllgNaVpYz8.wav,28.1,0.0,30.0,madmom
ZllgNaVpYz8.wav,28.66,0.0,30.0,madmom
ZllgNaVpYz8.wav,29.23,0.0,30.0,madmom
ZllgNaVpYz8.wav,29.79,0.0,30.0,madmom
_BcRXT8DUu0.wav,0.35,0.0,30.0,madmom
_BcRXT8DUu0.wav,0.78,0.0,30.0,madmom
_BcRXT8DUu0.wav,1.21,0.0,30.0,madmom
_BcRXT8DUu0.wav,1.65,0.0,30.0,madmom
_BcRXT8DUu0.wav,2.07,0.0,30.0,madmom
_BcRXT8DUu0.wav,2.51,0.0,30.0,madmom
_BcRXT8DUu0.wav,2.95,0.0,30.0,madmom
_BcRXT8DUu0.wav,3.38,0.0,30.0,madmom
_BcRXT8DUu0.wav,3.8,0.0,30.0,madmom
_BcRXT8DUu0.wav,4.22,0.0,30.0,madmom
_BcRXT8DUu0.wav,4.65,0.0,30.0,madmom
_BcRXT8DUu0.wav,5.08,0.0,30.0,madmom
_BcRXT8DUu0.wav,5.51,0.0,30.0,madmom
_BcRXT8DUu0.wav,5.94,0.0,30.0,madmom
_BcRXT8DUu0.wav,6.35,0.0,30.0,madmom
_BcRXT8DUu0.wav,6.78,0.0,30.0,madmom
_BcRXT8DUu0.wav,7.21,0.0,30.0,madmom
_BcRXT8DUu0.wav,7.63,0.0,30.0,madmom
_BcRXT8DUu0.wav,8.07,0.0,30.0,madmom
_BcRXT8DUu0.wav,8.5,0.0,30.0,madmom
_BcRXT8DUu0.wav,8.92,0.0,30.0,madmom
_BcRXT8DUu0.wav,9.36,0.0,30.0,madmom
_BcRXT8DUu0.wav,9.77,0.0,30.0,madmom
_BcRXT8DUu0.wav,10.2,0.0,30.0,madmom
_BcRXT8DUu0.wav,10.63,0.0,30.0,madmom
_BcRXT8DUu0.wav,11.07,0.0,30.0,madmom
_BcRXT8DUu0.wav,11.49,0.0,30.0,madmom
_BcRXT8DUu0.wav,11.94,0.0,30.0,madmom
_BcRXT8DUu0.wav,12.36,0.0,30.0,madmom
_BcRXT8DUu0.wav,12.78,0.0,30.0,madmom
_BcRXT8DUu0.wav,13.21,0.0,30.0,madmom
_BcRXT8DUu0.wav,13.64,0.0,30.0,madmom
_BcRXT8DUu0.wav,14.07,0.0,30.0,madmom
_BcRXT8DUu0.wav,14.52,0.0,30.0,madmom
_BcRXT8DUu0.wav,14.93,0.0,30.0,madmom
_BcRXT8DUu0.wav,15.38,0.0,30.0,madmom
_BcRXT8DUu0.wav,15.81,0.0,30.0,madmom
_BcRXT8DUu0.wav,16.24,0.0,30.0,madmom
_BcRXT8DUu0.wav,16.65,0.0,30.0,madmom
_BcRXT8DUu0.wav,17.09,0.0,30.0,madmom
_BcRXT8DUu0.wav,17.51,0.0,30.0,madmom
_BcRXT8DUu0.wav,17.94,0.0,30.0,madmom
_BcRXT8DUu0.wav,18.36,0.0,30.0,madmom
_BcRXT8DUu0.wav,18.77,0.0,30.0,madmom
_BcRXT8DUu0.wav,19.21,0.0,30.0,madmom
_BcRXT8DUu0.wav,19.63,0.0,30.0,madmom
_BcRXT8DUu0.wav,20.03,0.0,30.0,madmom
_BcRXT8DUu0.wav,20.46,0.0,30.0,madmom
_BcRXT8DUu0.wav,20.91,0.0,30.0,madmom
_BcRXT8DUu0.wav,21.34,0.0,30.0,madmom
_BcRXT8DUu0.wav,21.77,0.0,30.0,madmom
_BcRXT8DUu0.wav,22.19,0.0,30.0,madmom
_BcRXT8DUu0.wav,22.63,0.0,30.0,madmom
_BcRXT8DUu0.wav,23.05,0.0,30.0,madmom
_BcRXT8DUu0.wav,23.48,0.0,30.0,madmom
_BcRXT8DUu0.wav,23.92,0.0,30.0,madmom
_BcRXT8DUu0.wav,24.35,0.0,30.0,madmom
_BcRXT8DUu0.wav,24.78,0.0,30.0,madmom
_BcRXT8DUu0.wav,25.21,0.0,30.0,madmom
_BcRXT8DUu0.wav,25.63,0.0,30.0,madmom
_BcRXT8DUu0.wav,26.05,0.0,30.0,madmom
_BcRXT8DUu0.wav,26.49,0.0,30.0,madmom
_BcRXT8DUu0.wav,26.91,0.0,30.0,madmom
_BcRXT8DUu0.wav,27.34,0.0,30.0,madmom
_BcRXT8DUu0.wav,27.77,0.0,30.0,madmom
_BcRXT8DUu0.wav,28.21,0.0,30.0,madmom
_BcRXT8DUu0.wav,28.65,0.0,30.0,madmom
_BcRXT8DUu0.wav,29.07,0.0,30.0,madmom
_BcRXT8DUu0.wav,29.48,0.0,30.0,madmom
_BcRXT8DUu0.wav,29.89,0.0,30.0,madmom
_rOVBXw47mk.wav,0.03,0.0,30.0,madmom
_rOVBXw47mk.wav,0.42,0.0,30.0,madmom
_rOVBXw47mk.wav,0.82,0.0,30.0,madmom
_rOVBXw47mk.wav,1.22,0.0,30.0,madmom
_rOVBXw47mk.wav,1.62,0.0,30.0,madmom
_rOVBXw47mk.wav,2.02,0.0,30.0,madmom
_rOVBXw47mk.wav,2.42,0.0,30.0,madmom
_rOVBXw47mk.wav,2.83,0.0,30.0,madmom
_rOVBXw47mk.wav,3.22,0.0,30.0,madmom
_rOVBXw47mk.wav,3.63,0.0,30.0,madmom
_rOVBXw47mk.wav,4.02,0.0,30.0,madmom
_rOVBXw47mk.wav,4.43,0.0,30.0,madmom
_rOVBXw47mk.wav,4.83,0.0,30.0,madmom
_rOVBXw47mk.wav,5.22,0.0,30.0,madmom
_rOVBXw47mk.wav,5.63,0.0,30.0,madmom
_rOVBXw47mk.wav,6.03,0.0,30.0,madmom
_rOVBXw47mk.wav,6.42,0.0,30.0,madmom
_rOVBXw47mk.wav,6.83,0.0,30.0,madmom
_rOVBXw47mk.wav,7.22,0.0,30.0,madmom
_rOVBXw47mk.wav,7.63,0.0,30.0,madmom
_rOVBXw47mk.wav,8.03,0.0,30.0,madmom
_rOVBXw47mk.wav,8.42,0.0,30.0,madmom
_rOVBXw47mk.wav,8.82,0.0,30.0,madmom
_rOVBXw47mk.wav,9.22,0.0,30.0,madmom
_rOVBXw47mk.wav,9.62,0.0,30.0,madmom
_rOVBXw47mk.wav,10.02,0.0,30.0,madmom
_rOVBXw47mk.wav,10.42,0.0,30.0,madmom
_rOVBXw47mk.wav,10.83,0.0,30.0,madmom
_rOVBXw47mk.wav,11.22,0.0,30.0,madmom
_rOVBXw47mk.wav,11.62,0.0,30.0,madmom
_rOVBXw47mk.wav,12.02,0.0,30.0,madmom
_rOVBXw47mk.wav,12.42,0.0,30.0,madmom
_rOVBXw47mk.wav,12.83,0.0,30.0,madmom
_rOVBXw47mk.wav,13.23,0.0,30.0,madmom
_rOVBXw47mk.wav,13.62,0.0,30.0,madmom
_rOVBXw47mk.wav,14.01,0.0,30.0,madmom
_rOVBXw47mk.wav,14.41,0.0,30.0,madmom
_rOVBXw47mk.wav,14.82,0.0,30.0,madmom
_rOVBXw47mk.wav,15.23,0.0,30.0,madmom
_rOVBXw47mk.wav,15.63,0.0,30.0,madmom
_rOVBXw47mk.wav,16.03,0.0,30.0,madmom
_rOVBXw47mk.wav,16.43,0.0,30.0,madmom
_rOVBXw47mk.wav,16.83,0.0,30.0,madmom
_rOVBXw47mk.wav,17.23,0.0,30.0,madmom
_rOVBXw47mk.wav,17.63,0.0,30.0,madmom
_rOVBXw47mk.wav,18.02,0.0,30.0,madmom
_rOVBXw47mk.wav,18.42,0.0,30.0,madmom
_rOVBXw47mk.wav,18.82,0.0,30.0,madmom
_rOVBXw47mk.wav,19.22,0.0,30.0,madmom
_rOVBXw47mk.wav,19.62,0.0,30.0,madmom
_rOVBXw47mk.wav,20.03,0.0,30.0,madmom
_rOVBXw47mk.wav,20.42,0.0,30.0,madmom
_rOVBXw47mk.wav,20.82,0.0,30.0,madmom
_rOVBXw47mk.wav,21.22,0.0,30.0,madmom
_rOVBXw47mk.wav,21.62,0.0,30.0,madmom
_rOVBXw47mk.wav,22.02,0.0,30.0,madmom
_rOVBXw47mk.wav,22.43,0.0,30.0,madmom
_rOVBXw47mk.wav,22.82,0.0,30.0,madmom
_rOVBXw47mk.wav,23.22,0.0,30.0,madmom
_rOVBXw47mk.wav,23.62,0.0,30.0,madmom
_rOVBXw47mk.wav,24.01,0.0,30.0,madmom
_rOVBXw47mk.wav,24.43,0.0,30.0,madmom
_rOVBXw47mk.wav,24.82,0.0,30.0,madmom
_rOVBXw47mk.wav,25.19,0.0,30.0,madmom
_rOVBXw47mk.wav,25.59,0.0,30.0,madmom
_rOVBXw47mk.wav,25.98,0.0,30.0,madmom
_rOVBXw47mk.wav,26.39,0.0,30.0,madmom
_rOVBXw47mk.wav,26.78,0.0,30.0,madmom
_rOVBXw47mk.wav,27.19,0.0,30.0,madmom
_rOVBXw47mk.wav,27.62,0.0,30.0,madmom
_rOVBXw47mk.wav,28.02,0.0,30.0,madmom
_rOVBXw47mk.wav,28.42,0.0,30.0,madmom
_rOVBXw47mk.wav,28.82,0.0,30.0,madmom
_rOVBXw47mk.wav,29.23,0.0,30.0,madmom
_rOVBXw47mk.wav,29.63,0.0,30.0,madmom
a6U0NuNx6Rs.wav,0.44,0.0,30.0,madmom
a6U0NuNx6Rs.wav,0.89,0.0,30.0,madmom
a6U0NuNx6Rs.wav,1.32,0.0,30.0,madmom
a6U0NuNx6Rs.wav,1.78,0.0,30.0,madmom
a6U0NuNx6Rs.wav,2.23,0.0,30.0,madmom
a6U0NuNx6Rs.wav,2.68,0.0,30.0,madmom
a6U0NuNx6Rs.wav,3.13,0.0,30.0,madmom
a6U0NuNx6Rs.wav,3.59,0.0,30.0,madmom
a6U0NuNx6Rs.wav,4.02,0.0,30.0,madmom
a6U0NuNx6Rs.wav,4.47,0.0,30.0,madmom
a6U0NuNx6Rs.wav,4.92,0.0,30.0,madmom
a6U0NuNx6Rs.wav,5.37,0.0,30.0,madmom
a6U0NuNx6Rs.wav,5.84,0.0,30.0,madmom
a6U0NuNx6Rs.wav,6.29,0.0,30.0,madmom
a6U0NuNx6Rs.wav,6.71,0.0,30.0,madmom
a6U0NuNx6Rs.wav,7.15,0.0,30.0,madmom
a6U0NuNx6Rs.wav,7.6,0.0,30.0,madmom
a6U0NuNx6Rs.wav,8.04,0.0,30.0,madmom
a6U0NuNx6Rs.wav,8.49,0.0,30.0,madmom
a6U0NuNx6Rs.wav,8.92,0.0,30.0,madmom
a6U0NuNx6Rs.wav,9.34,0.0,30.0,madmom
a6U0NuNx6Rs.wav,9.78,0.0,30.0,madmom
a6U0NuNx6Rs.wav,10.22,0.0,30.0,madmom
a6U0NuNx6Rs.wav,10.64,0.0,30.0,madmom
a6U0NuNx6Rs.wav,11.09,0.0,30.0,madmom
a6U0NuNx6Rs.wav,11.54,0.0,30.0,madmom
a6U0NuNx6Rs.wav,12.0,0.0,30.0,madmom
a6U0NuNx6Rs.wav,12.44,0.0,30.0,madmom
a6U0NuNx6Rs.wav,12.89,0.0,30.0,madmom
a6U0NuNx6Rs.wav,13.35,0.0,30.0,madmom
a6U0NuNx6Rs.wav,13.8,0.0,30.0,madmom
a6U0NuNx6Rs.wav,14.24,0.0,30.0,madmom
a6U0NuNx6Rs.wav,14.7,0.0,30.0,madmom
a6U0NuNx6Rs.wav,15.14,0.0,30.0,madmom
a6U0NuNx6Rs.wav,15.56,0.0,30.0,madmom
a6U0NuNx6Rs.wav,16.0,0.0,30.0,madmom
a6U0NuNx6Rs.wav,16.44,0.0,30.0,madmom
a6U0NuNx6Rs.wav,16.89,0.0,30.0,madmom
a6U0NuNx6Rs.wav,17.34,0.0,30.0,madmom
a6U0NuNx6Rs.wav,17.78,0.0,30.0,madmom
a6U0NuNx6Rs.wav,18.22,0.0,30.0,madmom
a6U0NuNx6Rs.wav,18.66,0.0,30.0,madmom
a6U0NuNx6Rs.wav,19.12,0.0,30.0,madmom
a6U0NuNx6Rs.wav,19.58,0.0,30.0,madmom
a6U0NuNx6Rs.wav,20.01,0.0,30.0,madmom
a6U0NuNx6Rs.wav,20.47,0.0,30.0,madmom
a6U0NuNx6Rs.wav,20.92,0.0,30.0,madmom
a6U0NuNx6Rs.wav,21.37,0.0,30.0,madmom
a6U0NuNx6Rs.wav,21.81,0.0,30.0,madmom
a6U0NuNx6Rs.wav,22.25,0.0,30.0,madmom
a6U0NuNx6Rs.wav,22.69,0.0,30.0,madmom
a6U0NuNx6Rs.wav,23.13,0.0,30.0,madmom
a6U0NuNx6Rs.wav,23.59,0.0,30.0,madmom
a6U0NuNx6Rs.wav,24.02,0.0,30.0,madmom
a6U0NuNx6Rs.wav,24.45,0.0,30.0,madmom
a6U0NuNx6Rs.wav,24.9,0.0,30.0,madmom
a6U0NuNx6Rs.wav,25.35,0.0,30.0,madmom
a6U0NuNx6Rs.wav,25.79,0.0,30.0,madmom
a6U0NuNx6Rs.wav,26.23,0.0,30.0,madmom
a6U0NuNx6Rs.wav,26.66,0.0,30.0,madmom
a6U0NuNx6Rs.wav,27.13,0.0,30.0,madmom
a6U0NuNx6Rs.wav,27.56,0.0,30.0,madmom
a6U0NuNx6Rs.wav,28.01,0.0,30.0,madmom
a6U0NuNx6Rs.wav,28.46,0.0,30.0,madmom
a6U0NuNx6Rs.wav,28.93,0.0,30.0,madmom
a6U0NuNx6Rs.wav,29.38,0.0,30.0,madmom
a6U0NuNx6Rs.wav,29.82,0.0,30.0,madmom
aezgXC00hQw.wav,0.11,0.0,30.0,madmom
aezgXC00hQw.wav,0.75,0.0,30.0,madmom
aezgXC00hQw.wav,1.38,0.0,30.0,madmom
aezgXC00hQw.wav,1.99,0.0,30.0,madmom
aezgXC00hQw.wav,2.6,0.0,30.0,madmom
aezgXC00hQw.wav,3.23,0.0,30.0,madmom
aezgXC00hQw.wav,3.87,0.0,30.0,madmom
aezgXC00hQw.wav,4.47,0.0,30.0,madmom
aezgXC00hQw.wav,5.11,0.0,30.0,madmom
aezgXC00hQw.wav,5.74,0.0,30.0,madmom
aezgXC00hQw.wav,6.38,0.0,30.0,madmom
aezgXC00hQw.wav,6.99,0.0,30.0,madmom
aezgXC00hQw.wav,7.6,0.0,30.0,madmom
aezgXC00hQw.wav,8.23,0.0,30.0,madmom
aezgXC00hQw.wav,8.87,0.0,30.0,madmom
aezgXC00hQw.wav,9.48,0.0,30.0,madmom
aezgXC00hQw.wav,10.11,0.0,30.0,madmom
aezgXC00hQw.wav,10.74,0.0,30.0,madmom
aezgXC00hQw.wav,11.38,0.0,30.0,madmom
aezgXC00hQw.wav,11.99,0.0,30.0,madmom
aezgXC00hQw.wav,12.6,0.0,30.0,madmom
aezgXC00hQw.wav,13.23,0.0,30.0,madmom
aezgXC00hQw.wav,13.87,0.0,30.0,madmom
aezgXC00hQw.wav,14.48,0.0,30.0,madmom
aezgXC00hQw.wav,15.11,0.0,30.0,madmom
aezgXC00hQw.wav,15.75,0.0,30.0,madmom
aezgXC00hQw.wav,16.38,0.0,30.0,madmom
aezgXC00hQw.wav,17.02,0.0,30.0,madmom
aezgXC00hQw.wav,17.62,0.0,30.0,madmom
aezgXC00hQw.wav,18.22,0.0,30.0,madmom
aezgXC00hQw.wav,18.86,0.0,30.0,madmom
aezgXC00hQw.wav,19.49,0.0,30.0,madmom
aezgXC00hQw.wav,20.11,0.0,30.0,madmom
aezgXC00hQw.wav,20.74,0.0,30.0,madmom
aezgXC00hQw.wav,21.36,0.0,30.0,madmom
aezgXC00hQw.wav,21.99,0.0,30.0,madmom
aezgXC00hQw.wav,22.61,0.0,30.0,madmom
aezgXC00hQw.wav,23.22,0.0,30.0,madmom
aezgXC00hQw.wav,23.87,0.0,30.0,madmom
aezgXC00hQw.wav,24.49,0.0,30.0,madmom
aezgXC00hQw.wav,25.12,0.0,30.0,madmom
aezgXC00hQw.wav,25.74,0.0,30.0,madmom
aezgXC00hQw.wav,26.36,0.0,30.0,madmom
aezgXC00hQw.wav,26.99,0.0,30.0,madmom
aezgXC00hQw.wav,27.61,0.0,30.0,madmom
aezgXC00hQw.wav,28.23,0.0,30.0,madmom
aezgXC00hQw.wav,28.86,0.0,30.0,madmom
aezgXC00hQw.wav,29.5,0.0,30.0,madmom
bSmvp0w2zYY.wav,0.11,0.0,30.0,madmom
bSmvp0w2zYY.wav,0.55,0.0,30.0,madmom
bSmvp0w2zYY.wav,0.96,0.0,30.0,madmom
bSmvp0w2zYY.wav,1.37,0.0,30.0,madmom
bSmvp0w2zYY.wav,1.79,0.0,30.0,madmom
bSmvp0w2zYY.wav,2.23,0.0,30.0,madmom
bSmvp0w2zYY.wav,2.63,0.0,30.0,madmom
bSmvp0w2zYY.wav,3.06,0.0,30.0,madmom
bSmvp0w2zYY.wav,3.49,0.0,30.0,madmom
bSmvp0w2zYY.wav,3.91,0.0,30.0,madmom
bSmvp0w2zYY.wav,4.34,0.0,30.0,madmom
bSmvp0w2zYY.wav,4.77,0.0,30.0,madmom
bSmvp0w2zYY.wav,5.19,0.0,30.0,madmom
bSmvp0w2zYY.wav,5.62,0.0,30.0,madmom
bSmvp0w2zYY.wav,6.05,0.0,30.0,madmom
bSmvp0w2zYY.wav,6.48,0.0,30.0,madmom
bSmvp0w2zYY.wav,6.91,0.0,30.0,madmom
bSmvp0w2zYY.wav,7.34,0.0,30.0,madmom
bSmvp0w2zYY.wav,7.76,0.0,30.0,madmom
bSmvp0w2zYY.wav,8.19,0.0,30.0,madmom
bSmvp0w2zYY.wav,8.62,0.0,30.0,madmom
bSmvp0w2zYY.wav,9.05,0.0,30.0,madmom
bSmvp0w2zYY.wav,9.48,0.0,30.0,madmom
bSmvp0w2zYY.wav,9.9,0.0,30.0,madmom
bSmvp0w2zYY.wav,10.34,0.0,30.0,madmom
bSmvp0w2zYY.wav,10.76,0.0,30.0,madmom
bSmvp0w2zYY.wav,11.19,0.0,30.0,madmom
bSmvp0w2zYY.wav,11.62,0.0,30.0,madmom
bSmvp0w2zYY.wav,12.05,0.0,30.0,madmom
bSmvp0w2zYY.wav,12.48,0.0,30.0,madmom
bSmvp0w2zYY.wav,12.91,0.0,30.0,madmom
bSmvp0w2zYY.wav,13.34,0.0,30.0,madmom
bSmvp0w2zYY.wav,13.77,0.0,30.0,madmom
bSmvp0w2zYY.wav,14.19,0.0,30.0,madmom
bSmvp0w2zYY.wav,14.62,0.0,30.0,madmom
bSmvp0w2zYY.wav,15.05,0.0,30.0,madmom
bSmvp0w2zYY.wav,15.48,0.0,30.0,madmom
bSmvp0w2zYY.wav,15.91,0.0,30.0,madmom
bSmvp0w2zYY.wav,16.34,0.0,30.0,madmom
bSmvp0w2zYY.wav,16.77,0.0,30.0,madmom
bSmvp0w2zYY.wav,17.2,0.0,30.0,madmom
bSmvp0w2zYY.wav,17.62,0.0,30.0,madmom
bSmvp0w2zYY.wav,18.05,0.0,30.0,madmom
bSmvp0w2zYY.wav,18.48,0.0,30.0,madmom
bSmvp0w2zYY.wav,18.91,0.0,30.0,madmom
bSmvp0w2zYY.wav,19.34,0.0,30.0,madmom
bSmvp0w2zYY.wav,19.77,0.0,30.0,madmom
bSmvp0w2zYY.wav,20.19,0.0,30.0,madmom
bSmvp0w2zYY.wav,20.62,0.0,30.0,madmom
bSmvp0w2zYY.wav,21.06,0.0,30.0,madmom
bSmvp0w2zYY.wav,21.48,0.0,30.0,madmom
bSmvp0w2zYY.wav,21.91,0.0,30.0,madmom
bSmvp0w2zYY.wav,22.34,0.0,30.0,madmom
bSmvp0w2zYY.wav,22.77,0.0,30.0,madmom
bSmvp0w2zYY.wav,23.19,0.0,30.0,madmom
bSmvp0w2zYY.wav,23.62,0.0,30.0,madmom
bSmvp0w2zYY.wav,24.06,0.0,30.0,madmom
bSmvp0w2zYY.wav,24.48,0.0,30.0,madmom
bSmvp0w2zYY.wav,24.91,0.0,30.0,madmom
bSmvp0w2zYY.wav,25.33,0.0,30.0,madmom
bSmvp0w2zYY.wav,25.76,0.0,30.0,madmom
bSmvp0w2zYY.wav,26.19,0.0,30.0,madmom
bSmvp0w2zYY.wav,26.62,0.0,30.0,madmom
bSmvp0w2zYY.wav,27.05,0.0,30.0,madmom
bSmvp0w2zYY.wav,27.49,0.0,30.0,madmom
bSmvp0w2zYY.wav,27.91,0.0,30.0,madmom
bSmvp0w2zYY.wav,28.33,0.0,30.0,madmom
bSmvp0w2zYY.wav,28.79,0.0,30.0,madmom
bSmvp0w2zYY.wav,29.23,0.0,30.0,madmom
bSmvp0w2zYY.wav,29.66,0.0,30.0,madmom
bTSTMIoNf9k.wav,0.26,0.0,30.0,madmom
bTSTMIoNf9k.wav,0.81,0.0,30.0,madmom
bTSTMIoNf9k.wav,1.36,0.0,30.0,madmom
bTSTMIoNf9k.wav,1.91,0.0,30.0,madmom
bTSTMIoNf9k.wav,2.46,0.0,30.0,madmom
bTSTMIoNf9k.wav,3.01,0.0,30.0,madmom
bTSTMIoNf9k.wav,3.56,0.0,30.0,madmom
bTSTMIoNf9k.wav,4.12,0.0,30.0,madmom
bTSTMIoNf9k.wav,4.67,0.0,30.0,madmom
bTSTMIoNf9k.wav,5.21,0.0,30.0,madmom
bTSTMIoNf9k.wav,5.76,0.0,30.0,madmom
bTSTMIoNf9k.wav,6.31,0.0,30.0,madmom
bTSTMIoNf9k.wav,6.88,0.0,30.0,madmom
bTSTMIoNf9k.wav,7.41,0.0,30.0,madmom
bTSTMIoNf9k.wav,7.96,0.0,30.0,madmom
bTSTMIoNf9k.wav,8.51,0.0,30.0,madmom
bTSTMIoNf9k.wav,9.06,0.0,30.0,madmom
bTSTMIoNf9k.wav,9.61,0.0,30.0,madmom
bTSTMIoNf9k.wav,10.16,0.0,30.0,madmom
bTSTMIoNf9k.wav,10.71,0.0,30.0,madmom
bTSTMIoNf9k.wav,11.26,0.0,30.0,madmom
bTSTMIoNf9k.wav,11.82,0.0,30.0,madmom
bTSTMIoNf9k.wav,12.36,0.0,30.0,madmom
bTSTMIoNf9k.wav,12.91,0.0,30.0,madmom
bTSTMIoNf9k.wav,13.47,0.0,30.0,madmom
bTSTMIoNf9k.wav,14.01,0.0,30.0,madmom
bTSTMIoNf9k.wav,14.56,0.0,30.0,madmom
bTSTMIoNf9k.wav,15.11,0.0,30.0,madmom
bTSTMIoNf9k.wav,15.67,0.0,30.0,madmom
bTSTMIoNf9k.wav,16.22,0.0,30.0,madmom
bTSTMIoNf9k.wav,16.77,0.0,30.0,madmom
bTSTMIoNf9k.wav,17.32,0.0,30.0,madmom
bTSTMIoNf9k.wav,17.87,0.0,30.0,madmom
bTSTMIoNf9k.wav,18.42,0.0,30.0,madmom
bTSTMIoNf9k.wav,18.97,0.0,30.0,madmom
bTSTMIoNf9k.wav,19.52,0.0,30.0,madmom
bTSTMIoNf9k.wav,20.07,0.0,30.0,madmom
bTSTMIoNf9k.wav,20.62,0.0,30.0,madmom
bTSTMIoNf9k.wav,21.16,0.0,30.0,madmom
bTSTMIoNf9k.wav,21.72,0.0,30.0,madmom
bTSTMIoNf9k.wav,22.27,0.0,30.0,madmom
bTSTMIoNf9k.wav,22.83,0.0,30.0,madmom
bTSTMIoNf9k.wav,23.39,0.0,30.0,madmom
bTSTMIoNf9k.wav,23.94,0.0,30.0,madmom
bTSTMIoNf9k.wav,24.51,0.0,30.0,madmom
bTSTMIoNf9k.wav,25.05,0.0,30.0,madmom
bTSTMIoNf9k.wav,25.62,0.0,30.0,madmom
bTSTMIoNf9k.wav,26.16,0.0,30.0,madmom
bTSTMIoNf9k.wav,26.7,0.0,30.0,madmom
bTSTMIoNf9k.wav,27.25,0.0,30.0,madmom
bTSTMIoNf9k.wav,27.82,0.0,30.0,madmom
bTSTMIoNf9k.wav,28.33,0.0,30.0,madmom
bTSTMIoNf9k.wav,28.87,0.0,30.0,madmom
bTSTMIoNf9k.wav,29.42,0.0,30.0,madmom
bTSTMIoNf9k.wav,29.97,0.0,30.0,madmom
bY2yvESoWAs.wav,0.65,0.0,30.0,madmom
bY2yvESoWAs.wav,1.48,0.0,30.0,madmom
bY2yvESoWAs.wav,2.3,0.0,30.0,madmom
bY2yvESoWAs.wav,3.13,0.0,30.0,madmom
bY2yvESoWAs.wav,3.96,0.0,30.0,madmom
bY2yvESoWAs.wav,4.8,0.0,30.0,madmom
bY2yvESoWAs.wav,5.61,0.0,30.0,madmom
bY2yvESoWAs.wav,6.44,0.0,30.0,madmom
bY2yvESoWAs.wav,7.27,0.0,30.0,madmom
bY2yvESoWAs.wav,8.09,0.0,30.0,madmom
bY2yvESoWAs.wav,8.93,0.0,30.0,madmom
bY2yvESoWAs.wav,9.76,0.0,30.0,madmom
bY2yvESoWAs.wav,10.58,0.0,30.0,madmom
bY2yvESoWAs.wav,11.38,0.0,30.0,madmom
bY2yvESoWAs.wav,12.23,0.0,30.0,madmom
bY2yvESoWAs.wav,13.07,0.0,30.0,madmom
bY2yvESoWAs.wav,13.89,0.0,30.0,madmom
bY2yvESoWAs.wav,14.72,0.0,30.0,madmom
bY2yvESoWAs.wav,15.54,0.0,30.0,madmom
bY2yvESoWAs.wav,16.36,0.0,30.0,madmom
bY2yvESoWAs.wav,17.2,0.0,30.0,madmom
bY2yvESoWAs.wav,18.04,0.0,30.0,madmom
bY2yvESoWAs.wav,18.86,0.0,30.0,madmom
bY2yvESoWAs.wav,19.68,0.0,30.0,madmom
bY2yvESoWAs.wav,20.51,0.0,30.0,madmom
bY2yvESoWAs.wav,21.34,0.0,30.0,madmom
bY2yvESoWAs.wav,22.17,0.0,30.0,madmom
bY2yvESoWAs.wav,22.99,0.0,30.0,madmom
bY2yvESoWAs.wav,23.88,0.0,30.0,madmom
bY2yvESoWAs.wav,24.68,0.0,30.0,madmom
bY2yvESoWAs.wav,25.55,0.0,30.0,madmom
bY2yvESoWAs.wav,26.33,0.0,30.0,madmom
bY2yvESoWAs.wav,27.15,0.0,30.0,madmom
bY2yvESoWAs.wav,27.98,0.0,30.0,madmom
bY2yvESoWAs.wav,28.83,0.0,30.0,madmom
bY2yvESoWAs.wav,29.63,0.0,30.0,madmom
bhJjNBcHdNs.wav,0.01,0.0,30.0,madmom
bhJjNBcHdNs.wav,0.47,0.0,30.0,madmom
bhJjNBcHdNs.wav,0.94,0.0,30.0,madmom
bhJjNBcHdNs.wav,1.42,0.0,30.0,madmom
bhJjNBcHdNs.wav,1.9,0.0,30.0,madmom
bhJjNBcHdNs.wav,2.38,0.0,30.0,madmom
bhJjNBcHdNs.wav,2.85,0.0,30.0,madmom
bhJjNBcHdNs.wav,3.33,0.0,30.0,madmom
bhJjNBcHdNs.wav,3.81,0.0,30.0,madmom
bhJjNBcHdNs.wav,4.28,0.0,30.0,madmom
bhJjNBcHdNs.wav,4.75,0.0,30.0,madmom
bhJjNBcHdNs.wav,5.23,0.0,30.0,madmom
bhJjNBcHdNs.wav,5.71,0.0,30.0,madmom
bhJjNBcHdNs.wav,6.19,0.0,30.0,madmom
bhJjNBcHdNs.wav,6.66,0.0,30.0,madmom
bhJjNBcHdNs.wav,7.14,0.0,30.0,madmom
bhJjNBcHdNs.wav,7.62,0.0,30.0,madmom
bhJjNBcHdNs.wav,8.09,0.0,30.0,madmom
bhJjNBcHdNs.wav,8.56,0.0,30.0,madmom
bhJjNBcHdNs.wav,9.04,0.0,30.0,madmom
bhJjNBcHdNs.wav,9.51,0.0,30.0,madmom
bhJjNBcHdNs.wav,9.99,0.0,30.0,madmom
bhJjNBcHdNs.wav,10.47,0.0,30.0,madmom
bhJjNBcHdNs.wav,10.95,0.0,30.0,madmom
bhJjNBcHdNs.wav,11.43,0.0,30.0,madmom
bhJjNBcHdNs.wav,11.9,0.0,30.0,madmom
bhJjNBcHdNs.wav,12.38,0.0,30.0,madmom
bhJjNBcHdNs.wav,12.85,0.0,30.0,madmom
bhJjNBcHdNs.wav,13.33,0.0,30.0,madmom
bhJjNBcHdNs.wav,13.81,0.0,30.0,madmom
bhJjNBcHdNs.wav,14.28,0.0,30.0,madmom
bhJjNBcHdNs.wav,14.76,0.0,30.0,madmom
bhJjNBcHdNs.wav,15.25,0.0,30.0,madmom
bhJjNBcHdNs.wav,15.71,0.0,30.0,madmom
bhJjNBcHdNs.wav,16.19,0.0,30.0,madmom
bhJjNBcHdNs.wav,16.66,0.0,30.0,madmom
bhJjNBcHdNs.wav,17.13,0.0,30.0,madmom
bhJjNBcHdNs.wav,17.61,0.0,30.0,madmom
bhJjNBcHdNs.wav,18.09,0.0,30.0,madmom
bhJjNBcHdNs.wav,18.57,0.0,30.0,madmom
bhJjNBcHdNs.wav,19.05,0.0,30.0,madmom
bhJjNBcHdNs.wav,19.52,0.0,30.0,madmom
bhJjNBcHdNs.wav,19.99,0.0,30.0,madmom
bhJjNBcHdNs.wav,20.47,0.0,30.0,madmom
bhJjNBcHdNs.wav,20.95,0.0,30.0,madmom
bhJjNBcHdNs.wav,21.42,0.0,30.0,madmom
bhJjNBcHdNs.wav,21.9,0.0,30.0,madmom
bhJjNBcHdNs.wav,22.38,0.0,30.0,madmom
bhJjNBcHdNs.wav,22.85,0.0,30.0,madmom
bhJjNBcHdNs.wav,23.33,0.0,30.0,madmom
bhJjNBcHdNs.wav,23.8,0.0,30.0,madmom
bhJjNBcHdNs.wav,24.28,0.0,30.0,madmom
bhJjNBcHdNs.wav,24.76,0.0,30.0,madmom
bhJjNBcHdNs.wav,25.23,0.0,30.0,madmom
bhJjNBcHdNs.wav,25.71,0.0,30.0,madmom
bhJjNBcHdNs.wav,26.19,0.0,30.0,madmom
bhJjNBcHdNs.wav,26.67,0.0,30.0,madmom
bhJjNBcHdNs.wav,27.14,0.0,30.0,madmom
bhJjNBcHdNs.wav,27.61,0.0,30.0,madmom
bhJjNBcHdNs.wav,28.09,0.0,30.0,madmom
bhJjNBcHdNs.wav,28.57,0.0,30.0,madmom
bhJjNBcHdNs.wav,29.04,0.0,30.0,madmom
bhJjNBcHdNs.wav,29.51,0.0,30.0,madmom
bhJjNBcHdNs.wav,29.99,0.0,30.0,madmom
bjW1WfRAk18.wav,0.4,0.0,30.0,madmom
bjW1WfRAk18.wav,1.06,0.0,30.0,madmom
bjW1WfRAk18.wav,1.67,0.0,30.0,madmom
bjW1WfRAk18.wav,2.34,0.0,30.0,madmom
bjW1WfRAk18.wav,2.96,0.0,30.0,madmom
bjW1WfRAk18.wav,3.55,0.0,30.0,madmom
bjW1WfRAk18.wav,4.11,0.0,30.0,madmom
bjW1WfRAk18.wav,4.7,0.0,30.0,madmom
bjW1WfRAk18.wav,5.3,0.0,30.0,madmom
bjW1WfRAk18.wav,5.91,0.0,30.0,madmom
bjW1WfRAk18.wav,6.48,0.0,30.0,madmom
bjW1WfRAk18.wav,7.07,0.0,30.0,madmom
bjW1WfRAk18.wav,7.62,0.0,30.0,madmom
bjW1WfRAk18.wav,8.23,0.0,30.0,madmom
bjW1WfRAk18.wav,8.81,0.0,30.0,madmom
bjW1WfRAk18.wav,9.39,0.0,30.0,madmom
bjW1WfRAk18.wav,9.95,0.0,30.0,madmom
bjW1WfRAk18.wav,10.56,0.0,30.0,madmom
bjW1WfRAk18.wav,11.13,0.0,30.0,madmom
bjW1WfRAk18.wav,11.73,0.0,30.0,madmom
bjW1WfRAk18.wav,12.33,0.0,30.0,madmom
bjW1WfRAk18.wav,12.9,0.0,30.0,madmom
bjW1WfRAk18.wav,13.47,0.0,30.0,madmom
bjW1WfRAk18.wav,14.06,0.0,30.0,madmom
bjW1WfRAk18.wav,14.62,0.0,30.0,madmom
bjW1WfRAk18.wav,15.23,0.0,30.0,madmom
bjW1WfRAk18.wav,15.82,0.0,30.0,madmom
bjW1WfRAk18.wav,16.4,0.0,30.0,madmom
bjW1WfRAk18.wav,16.96,0.0,30.0,madmom
bjW1WfRAk18.wav,17.55,0.0,30.0,madmom
bjW1WfRAk18.wav,18.14,0.0,30.0,madmom
bjW1WfRAk18.wav,18.72,0.0,30.0,madmom
bjW1WfRAk18.wav,19.28,0.0,30.0,madmom
bjW1WfRAk18.wav,19.87,0.0,30.0,madmom
bjW1WfRAk18.wav,20.44,0.0,30.0,madmom
bjW1WfRAk18.wav,21.02,0.0,30.0,madmom
bjW1WfRAk18.wav,21.62,0.0,30.0,madmom
bjW1WfRAk18.wav,22.19,0.0,30.0,madmom
bjW1WfRAk18.wav,22.77,0.0,30.0,madmom
bjW1WfRAk18.wav,23.36,0.0,30.0,madmom
bjW1WfRAk18.wav,23.94,0.0,30.0,madmom
bjW1WfRAk18.wav,24.55,0.0,30.0,madmom
bjW1WfRAk18.wav,25.14,0.0,30.0,madmom
bjW1WfRAk18.wav,25.71,0.0,30.0,madmom
bjW1WfRAk18.wav,26.27,0.0,30.0,madmom
bjW1WfRAk18.wav,26.88,0.0,30.0,madmom
bjW1WfRAk18.wav,27.45,0.0,30.0,madmom
bjW1WfRAk18.wav,28.04,0.0,30.0,madmom
bjW1WfRAk18.wav,28.6,0.0,30.0,madmom
bjW1WfRAk18.wav,29.19,0.0,30.0,madmom
bjW1WfRAk18.wav,29.75,0.0,30.0,madmom
cCnf1w1DzlA.wav,0.16,0.0,30.0,madmom
cCnf1w1DzlA.wav,0.82,0.0,30.0,madmom
cCnf1w1DzlA.wav,1.52,0.0,30.0,madmom
cCnf1w1DzlA.wav,2.16,0.0,30.0,madmom
cCnf1w1DzlA.wav,2.85,0.0,30.0,madmom
cCnf1w1DzlA.wav,3.49,0.0,30.0,madmom
cCnf1w1DzlA.wav,4.2,0.0,30.0,madmom
cCnf1w1DzlA.wav,4.85,0.0,30.0,madmom
cCnf1w1DzlA.wav,5.49,0.0,30.0,madmom
cCnf1w1DzlA.wav,6.15,0.0,30.0,madmom
cCnf1w1DzlA.wav,6.86,0.0,30.0,madmom
cCnf1w1DzlA.wav,7.49,0.0,30.0,madmom
cCnf1w1DzlA.wav,8.18,0.0,30.0,madmom
cCnf1w1DzlA.wav,8.87,0.0,30.0,madmom
cCnf1w1DzlA.wav,9.53,0.0,30.0,madmom
cCnf1w1DzlA.wav,10.19,0.0,30.0,madmom
cCnf1w1DzlA.wav,10.83,0.0,30.0,madmom
cCnf1w1DzlA.wav,11.49,0.0,30.0,madmom
cCnf1w1DzlA.wav,12.19,0.0,30.0,madmom
cCnf1w1DzlA.wav,12.83,0.0,30.0,madmom
cCnf1w1DzlA.wav,13.53,0.0,30.0,madmom
cCnf1w1DzlA.wav,14.16,0.0,30.0,madmom
cCnf1w1DzlA.wav,14.85,0.0,30.0,madmom
cCnf1w1DzlA.wav,15.53,0.0,30.0,madmom
cCnf1w1DzlA.wav,16.16,0.0,30.0,madmom
cCnf1w1DzlA.wav,16.82,0.0,30.0,madmom
cCnf1w1DzlA.wav,17.51,0.0,30.0,madmom
cCnf1w1DzlA.wav,18.16,0.0,30.0,madmom
cCnf1w1DzlA.wav,18.84,0.0,30.0,madmom
cCnf1w1DzlA.wav,19.49,0.0,30.0,madmom
cCnf1w1DzlA.wav,20.18,0.0,30.0,madmom
cCnf1w1DzlA.wav,20.86,0.0,30.0,madmom
cCnf1w1DzlA.wav,21.5,0.0,30.0,madmom
cCnf1w1DzlA.wav,22.15,0.0,30.0,madmom
cCnf1w1DzlA.wav,22.85,0.0,30.0,madmom
cCnf1w1DzlA.wav,23.49,0.0,30.0,madmom
cCnf1w1DzlA.wav,24.19,0.0,30.0,madmom
cCnf1w1DzlA.wav,24.82,0.0,30.0,madmom
cCnf1w1DzlA.wav,25.53,0.0,30.0,madmom
cCnf1w1DzlA.wav,26.2,0.0,30.0,madmom
cCnf1w1DzlA.wav,26.83,0.0,30.0,madmom
cCnf1w1DzlA.wav,27.49,0.0,30.0,madmom
cCnf1w1DzlA.wav,28.19,0.0,30.0,madmom
cCnf1w1DzlA.wav,28.83,0.0,30.0,madmom
cCnf1w1DzlA.wav,29.52,0.0,30.0,madmom
cetR8PMSK0c.wav,0.35,0.0,30.0,madmom
cetR8PMSK0c.wav,1.02,0.0,30.0,madmom
cetR8PMSK0c.wav,1.67,0.0,30.0,madmom
cetR8PMSK0c.wav,2.31,0.0,30.0,madmom
cetR8PMSK0c.wav,2.94,0.0,30.0,madmom
cetR8PMSK0c.wav,3.59,0.0,30.0,madmom
cetR8PMSK0c.wav,4.21,0.0,30.0,madmom
cetR8PMSK0c.wav,4.86,0.0,30.0,madmom
cetR8PMSK0c.wav,5.52,0.0,30.0,madmom
cetR8PMSK0c.wav,6.15,0.0,30.0,madmom
cetR8PMSK0c.wav,6.8,0.0,30.0,madmom
cetR8PMSK0c.wav,7.42,0.0,30.0,madmom
cetR8PMSK0c.wav,8.06,0.0,30.0,madmom
cetR8PMSK0c.wav,8.7,0.0,30.0,madmom
cetR8PMSK0c.wav,9.35,0.0,30.0,madmom
cetR8PMSK0c.wav,9.98,0.0,30.0,madmom
cetR8PMSK0c.wav,10.62,0.0,30.0,madmom
cetR8PMSK0c.wav,11.27,0.0,30.0,madmom
cetR8PMSK0c.wav,11.89,0.0,30.0,madmom
cetR8PMSK0c.wav,12.54,0.0,30.0,madmom
cetR8PMSK0c.wav,13.19,0.0,30.0,madmom
cetR8PMSK0c.wav,13.83,0.0,30.0,madmom
cetR8PMSK0c.wav,14.46,0.0,30.0,madmom
cetR8PMSK0c.wav,15.11,0.0,30.0,madmom
cetR8PMSK0c.wav,15.76,0.0,30.0,madmom
cetR8PMSK0c.wav,16.38,0.0,30.0,madmom
cetR8PMSK0c.wav,17.03,0.0,30.0,madmom
cetR8PMSK0c.wav,17.67,0.0,30.0,madmom
cetR8PMSK0c.wav,18.3,0.0,30.0,madmom
cetR8PMSK0c.wav,18.95,0.0,30.0,madmom
cetR8PMSK0c.wav,19.58,0.0,30.0,madmom
cetR8PMSK0c.wav,20.22,0.0,30.0,madmom
cetR8PMSK0c.wav,20.87,0.0,30.0,madmom
cetR8PMSK0c.wav,21.51,0.0,30.0,madmom
cetR8PMSK0c.wav,22.14,0.0,30.0,madmom
cetR8PMSK0c.wav,22.79,0.0,30.0,madmom
cetR8PMSK0c.wav,23.43,0.0,30.0,madmom
cetR8PMSK0c.wav,24.06,0.0,30.0,madmom
cetR8PMSK0c.wav,24.71,0.0,30.0,madmom
cetR8PMSK0c.wav,25.34,0.0,30.0,madmom
cetR8PMSK0c.wav,25.98,0.0,30.0,madmom
cetR8PMSK0c.wav,26.63,0.0,30.0,madmom
cetR8PMSK0c.wav,27.25,0.0,30.0,madmom
cetR8PMSK0c.wav,27.9,0.0,30.0,madmom
cetR8PMSK0c.wav,28.54,0.0,30.0,madmom
cetR8PMSK0c.wav,29.2,0.0,30.0,madmom
cetR8PMSK0c.wav,29.83,0.0,30.0,madmom
cnkWWKwo4Ww.wav,0.31,0.0,30.0,madmom
cnkWWKwo4Ww.wav,0.72,0.0,30.0,madmom
cnkWWKwo4Ww.wav,1.13,0.0,30.0,madmom
cnkWWKwo4Ww.wav,1.54,0.0,30.0,madmom
cnkWWKwo4Ww.wav,1.95,0.0,30.0,madmom
cnkWWKwo4Ww.wav,2.36,0.0,30.0,madmom
cnkWWKwo4Ww.wav,2.77,0.0,30.0,madmom
cnkWWKwo4Ww.wav,3.18,0.0,30.0,madmom
cnkWWKwo4Ww.wav,3.59,0.0,30.0,madmom
cnkWWKwo4Ww.wav,4.0,0.0,30.0,madmom
cnkWWKwo4Ww.wav,4.41,0.0,30.0,madmom
cnkWWKwo4Ww.wav,4.83,0.0,30.0,madmom
cnkWWKwo4Ww.wav,5.24,0.0,30.0,madmom
cnkWWKwo4Ww.wav,5.65,0.0,30.0,madmom
cnkWWKwo4Ww.wav,6.06,0.0,30.0,madmom
cnkWWKwo4Ww.wav,6.47,0.0,30.0,madmom
cnkWWKwo4Ww.wav,6.88,0.0,30.0,madmom
cnkWWKwo4Ww.wav,7.29,0.0,30.0,madmom
cnkWWKwo4Ww.wav,7.7,0.0,30.0,madmom
cnkWWKwo4Ww.wav,8.11,0.0,30.0,madmom
cnkWWKwo4Ww.wav,8.53,0.0,30.0,madmom
cnkWWKwo4Ww.wav,8.94,0.0,30.0,madmom
cnkWWKwo4Ww.wav,9.35,0.0,30.0,madmom
cnkWWKwo4Ww.wav,9.76,0.0,30.0,madmom
cnkWWKwo4Ww.wav,10.17,0.0,30.0,madmom
cnkWWKwo4Ww.wav,10.58,0.0,30.0,madmom
cnkWWKwo4Ww.wav,10.99,0.0,30.0,madmom
cnkWWKwo4Ww.wav,11.4,0.0,30.0,madmom
cnkWWKwo4Ww.wav,11.81,0.0,30.0,madmom
cnkWWKwo4Ww.wav,12.22,0.0,30.0,madmom
cnkWWKwo4Ww.wav,12.64,0.0,30.0,madmom
cnkWWKwo4Ww.wav,13.06,0.0,30.0,madmom
cnkWWKwo4Ww.wav,13.46,0.0,30.0,madmom
cnkWWKwo4Ww.wav,13.87,0.0,30.0,madmom
cnkWWKwo4Ww.wav,14.28,0.0,30.0,madmom
cnkWWKwo4Ww.wav,14.69,0.0,30.0,madmom
cnkWWKwo4Ww.wav,15.1,0.0,30.0,madmom
cnkWWKwo4Ww.wav,15.51,0.0,30.0,madmom
cnkWWKwo4Ww.wav,15.92,0.0,30.0,madmom
cnkWWKwo4Ww.wav,16.33,0.0,30.0,madmom
cnkWWKwo4Ww.wav,16.74,0.0,30.0,madmom
cnkWWKwo4Ww.wav,17.15,0.0,30.0,madmom
cnkWWKwo4Ww.wav,17.56,0.0,30.0,madmom
cnkWWKwo4Ww.wav,17.97,0.0,30.0,madmom
cnkWWKwo4Ww.wav,18.39,0.0,30.0,madmom
cnkWWKwo4Ww.wav,18.8,0.0,30.0,madmom
cnkWWKwo4Ww.wav,19.21,0.0,30.0,madmom
cnkWWKwo4Ww.wav,19.62,0.0,30.0,madmom
cnkWWKwo4Ww.wav,20.03,0.0,30.0,madmom
cnkWWKwo4Ww.wav,20.44,0.0,30.0,madmom
cnkWWKwo4Ww.wav,20.85,0.0,30.0,madmom
cnkWWKwo4Ww.wav,21.26,0.0,30.0,madmom
cnkWWKwo4Ww.wav,21.67,0.0,30.0,madmom
cnkWWKwo4Ww.wav,22.09,0.0,30.0,madmom
cnkWWKwo4Ww.wav,22.5,0.0,30.0,madmom
cnkWWKwo4Ww.wav,22.91,0.0,30.0,madmom
cnkWWKwo4Ww.wav,23.31,0.0,30.0,madmom
cnkWWKwo4Ww.wav,23.73,0.0,30.0,madmom
cnkWWKwo4Ww.wav,24.14,0.0,30.0,madmom
cnkWWKwo4Ww.wav,24.54,0.0,30.0,madmom
cnkWWKwo4Ww.wav,24.96,0.0,30.0,madmom
cnkWWKwo4Ww.wav,25.38,0.0,30.0,madmom
cnkWWKwo4Ww.wav,25.78,0.0,30.0,madmom
cnkWWKwo4Ww.wav,26.19,0.0,30.0,madmom
cnkWWKwo4Ww.wav,26.6,0.0,30.0,madmom
cnkWWKwo4Ww.wav,27.02,0.0,30.0,madmom
cnkWWKwo4Ww.wav,27.43,0.0,30.0,madmom
cnkWWKwo4Ww.wav,27.84,0.0,30.0,madmom
cnkWWKwo4Ww.wav,28.24,0.0,30.0,madmom
cnkWWKwo4Ww.wav,28.66,0.0,30.0,madmom
cnkWWKwo4Ww.wav,29.07,0.0,30.0,madmom
cnkWWKwo4Ww.wav,29.48,0.0,30.0,madmom
cnkWWKwo4Ww.wav,29.89,0.0,30.0,madmom
cugnPFhB2L8.wav,0.02,0.0,30.0,madmom
cugnPFhB2L8.wav,0.45,0.0,30.0,madmom
cugnPFhB2L8.wav,0.88,0.0,30.0,madmom
cugnPFhB2L8.wav,1.31,0.0,30.0,madmom
cugnPFhB2L8.wav,1.74,0.0,30.0,madmom
cugnPFhB2L8.wav,2.17,0.0,30.0,madmom
cugnPFhB2L8.wav,2.61,0.0,30.0,madmom
cugnPFhB2L8.wav,3.03,0.0,30.0,madmom
cugnPFhB2L8.wav,3.47,0.0,30.0,madmom
cugnPFhB2L8.wav,3.89,0.0,30.0,madmom
cugnPFhB2L8.wav,4.31,0.0,30.0,madmom
cugnPFhB2L8.wav,4.74,0.0,30.0,madmom
cugnPFhB2L8.wav,5.17,0.0,30.0,madmom
cugnPFhB2L8.wav,5.59,0.0,30.0,madmom
cugnPFhB2L8.wav,6.03,0.0,30.0,madmom
cugnPFhB2L8.wav,6.46,0.0,30.0,madmom
cugnPFhB2L8.wav,6.88,0.0,30.0,madmom
cugnPFhB2L8.wav,7.31,0.0,30.0,madmom
cugnPFhB2L8.wav,7.74,0.0,30.0,madmom
cugnPFhB2L8.wav,8.17,0.0,30.0,madmom
cugnPFhB2L8.wav,8.61,0.0,30.0,madmom
cugnPFhB2L8.wav,9.02,0.0,30.0,madmom
cugnPFhB2L8.wav,9.45,0.0,30.0,madmom
cugnPFhB2L8.wav,9.9,0.0,30.0,madmom
cugnPFhB2L8.wav,10.32,0.0,30.0,madmom
cugnPFhB2L8.wav,10.74,0.0,30.0,madmom
cugnPFhB2L8.wav,11.17,0.0,30.0,madmom
cugnPFhB2L8.wav,11.6,0.0,30.0,madmom
cugnPFhB2L8.wav,12.04,0.0,30.0,madmom
cugnPFhB2L8.wav,12.48,0.0,30.0,madmom
cugnPFhB2L8.wav,12.91,0.0,30.0,madmom
cugnPFhB2L8.wav,13.33,0.0,30.0,madmom
cugnPFhB2L8.wav,13.75,0.0,30.0,madmom
cugnPFhB2L8.wav,14.19,0.0,30.0,madmom
cugnPFhB2L8.wav,14.61,0.0,30.0,madmom
cugnPFhB2L8.wav,15.02,0.0,30.0,madmom
cugnPFhB2L8.wav,15.45,0.0,30.0,madmom
cugnPFhB2L8.wav,15.87,0.0,30.0,madmom
cugnPFhB2L8.wav,16.31,0.0,30.0,madmom
cugnPFhB2L8.wav,16.74,0.0,30.0,madmom
cugnPFhB2L8.wav,17.17,0.0,30.0,madmom
cugnPFhB2L8.wav,17.61,0.0,30.0,madmom
cugnPFhB2L8.wav,18.04,0.0,30.0,madmom
cugnPFhB2L8.wav,18.45,0.0,30.0,madmom
cugnPFhB2L8.wav,18.89,0.0,30.0,madmom
cugnPFhB2L8.wav,19.31,0.0,30.0,madmom
cugnPFhB2L8.wav,19.74,0.0,30.0,madmom
cugnPFhB2L8.wav,20.16,0.0,30.0,madmom
cugnPFhB2L8.wav,20.59,0.0,30.0,madmom
cugnPFhB2L8.wav,21.02,0.0,30.0,madmom
cugnPFhB2L8.wav,21.45,0.0,30.0,madmom
cugnPFhB2L8.wav,21.88,0.0,30.0,madmom
cugnPFhB2L8.wav,22.32,0.0,30.0,madmom
cugnPFhB2L8.wav,22.73,0.0,30.0,madmom
cugnPFhB2L8.wav,23.16,0.0,30.0,madmom
cugnPFhB2L8.wav,23.6,0.0,30.0,madmom
cugnPFhB2L8.wav,24.03,0.0,30.0,madmom
cugnPFhB2L8.wav,24.46,0.0,30.0,madmom
cugnPFhB2L8.wav,24.88,0.0,30.0,madmom
cugnPFhB2L8.wav,25.31,0.0,30.0,madmom
cugnPFhB2L8.wav,25.74,0.0,30.0,madmom
cugnPFhB2L8.wav,26.17,0.0,30.0,madmom
cugnPFhB2L8.wav,26.6,0.0,30.0,madmom
cugnPFhB2L8.wav,27.02,0.0,30.0,madmom
cugnPFhB2L8.wav,27.46,0.0,30.0,madmom
cugnPFhB2L8.wav,27.88,0.0,30.0,madmom
cugnPFhB2L8.wav,28.31,0.0,30.0,madmom
cugnPFhB2L8.wav,28.74,0.0,30.0,madmom
cugnPFhB2L8.wav,29.16,0.0,30.0,madmom
cugnPFhB2L8.wav,29.59,0.0,30.0,madmom
dlXZYP7bDCY.wav,0.19,0.0,30.0,madmom
dlXZYP7bDCY.wav,0.85,0.0,30.0,madmom
dlXZYP7bDCY.wav,1.52,0.0,30.0,madmom
dlXZYP7bDCY.wav,2.19,0.0,30.0,madmom
dlXZYP7bDCY.wav,2.85,0.0,30.0,madmom
dlXZYP7bDCY.wav,3.51,0.0,30.0,madmom
dlXZYP7bDCY.wav,4.18,0.0,30.0,madmom
dlXZYP7bDCY.wav,4.85,0.0,30.0,madmom
dlXZYP7bDCY.wav,5.52,0.0,30.0,madmom
dlXZYP7bDCY.wav,6.18,0.0,30.0,madmom
dlXZYP7bDCY.wav,6.85,0.0,30.0,madmom
dlXZYP7bDCY.wav,7.52,0.0,30.0,madmom
dlXZYP7bDCY.wav,8.19,0.0,30.0,madmom
dlXZYP7bDCY.wav,8.84,0.0,30.0,madmom
dlXZYP7bDCY.wav,9.51,0.0,30.0,madmom
dlXZYP7bDCY.wav,10.18,0.0,30.0,madmom
dlXZYP7bDCY.wav,10.86,0.0,30.0,madmom
dlXZYP7bDCY.wav,11.52,0.0,30.0,madmom
dlXZYP7bDCY.wav,12.2,0.0,30.0,madmom
dlXZYP7bDCY.wav,12.85,0.0,30.0,madmom
dlXZYP7bDCY.wav,13.53,0.0,30.0,madmom
dlXZYP7bDCY.wav,14.18,0.0,30.0,madmom
dlXZYP7bDCY.wav,14.86,0.0,30.0,madmom
dlXZYP7bDCY.wav,15.51,0.0,30.0,madmom
dlXZYP7bDCY.wav,16.18,0.0,30.0,madmom
dlXZYP7bDCY.wav,16.85,0.0,30.0,madmom
dlXZYP7bDCY.wav,17.54,0.0,30.0,madmom
dlXZYP7bDCY.wav,18.18,0.0,30.0,madmom
dlXZYP7bDCY.wav,18.84,0.0,30.0,madmom
dlXZYP7bDCY.wav,19.54,0.0,30.0,madmom
dlXZYP7bDCY.wav,20.24,0.0,30.0,madmom
dlXZYP7bDCY.wav,20.91,0.0,30.0,madmom
dlXZYP7bDCY.wav,21.58,0.0,30.0,madmom
dlXZYP7bDCY.wav,22.2,0.0,30.0,madmom
dlXZYP7bDCY.wav,22.86,0.0,30.0,madmom
dlXZYP7bDCY.wav,23.53,0.0,30.0,madmom
dlXZYP7bDCY.wav,24.22,0.0,30.0,madmom
dlXZYP7bDCY.wav,24.86,0.0,30.0,madmom
dlXZYP7bDCY.wav,25.54,0.0,30.0,madmom
dlXZYP7bDCY.wav,26.2,0.0,30.0,madmom
dlXZYP7bDCY.wav,26.87,0.0,30.0,madmom
dlXZYP7bDCY.wav,27.53,0.0,30.0,madmom
dlXZYP7bDCY.wav,28.18,0.0,30.0,madmom
dlXZYP7bDCY.wav,28.85,0.0,30.0,madmom
dlXZYP7bDCY.wav,29.51,0.0,30.0,madmom
eDDXIycpNNU.wav,0.2,0.0,30.0,madmom
eDDXIycpNNU.wav,0.59,0.0,30.0,madmom
eDDXIycpNNU.wav,0.96,0.0,30.0,madmom
eDDXIycpNNU.wav,1.35,0.0,30.0,madmom
eDDXIycpNNU.wav,1.73,0.0,30.0,madmom
eDDXIycpNNU.wav,2.13,0.0,30.0,madmom
eDDXIycpNNU.wav,2.52,0.0,30.0,madmom
eDDXIycpNNU.wav,2.91,0.0,30.0,madmom
eDDXIycpNNU.wav,3.32,0.0,30.0,madmom
eDDXIycpNNU.wav,3.72,0.0,30.0,madmom
eDDXIycpNNU.wav,4.1,0.0,30.0,madmom
eDDXIycpNNU.wav,4.51,0.0,30.0,madmom
eDDXIycpNNU.wav,4.89,0.0,30.0,madmom
eDDXIycpNNU.wav,5.29,0.0,30.0,madmom
eDDXIycpNNU.wav,5.69,0.0,30.0,madmom
eDDXIycpNNU.wav,6.08,0.0,30.0,madmom
eDDXIycpNNU.wav,6.47,0.0,30.0,madmom
eDDXIycpNNU.wav,6.86,0.0,30.0,madmom
eDDXIycpNNU.wav,7.24,0.0,30.0,madmom
eDDXIycpNNU.wav,7.62,0.0,30.0,madmom
eDDXIycpNNU.wav,8.03,0.0,30.0,madmom
eDDXIycpNNU.wav,8.4,0.0,30.0,madmom
eDDXIycpNNU.wav,8.8,0.0,30.0,madmom
eDDXIycpNNU.wav,9.19,0.0,30.0,madmom
eDDXIycpNNU.wav,9.58,0.0,30.0,madmom
eDDXIycpNNU.wav,9.97,0.0,30.0,madmom
eDDXIycpNNU.wav,10.33,0.0,30.0,madmom
eDDXIycpNNU.wav,10.73,0.0,30.0,madmom
eDDXIycpNNU.wav,11.12,0.0,30.0,madmom
eDDXIycpNNU.wav,11.5,0.0,30.0,madmom
eDDXIycpNNU.wav,11.9,0.0,30.0,madmom
eDDXIycpNNU.wav,12.31,0.0,30.0,madmom
eDDXIycpNNU.wav,12.71,0.0,30.0,madmom
eDDXIycpNNU.wav,13.1,0.0,30.0,madmom
eDDXIycpNNU.wav,13.52,0.0,30.0,madmom
eDDXIycpNNU.wav,13.92,0.0,30.0,madmom
eDDXIycpNNU.wav,14.31,0.0,30.0,madmom
eDDXIycpNNU.wav,14.71,0.0,30.0,madmom
eDDXIycpNNU.wav,15.11,0.0,30.0,madmom
eDDXIycpNNU.wav,15.5,0.0,30.0,madmom
eDDXIycpNNU.wav,15.89,0.0,30.0,madmom
eDDXIycpNNU.wav,16.29,0.0,30.0,madmom
eDDXIycpNNU.wav,16.67,0.0,30.0,madmom
eDDXIycpNNU.wav,17.08,0.0,30.0,madmom
eDDXIycpNNU.wav,17.49,0.0,30.0,madmom
eDDXIycpNNU.wav,17.88,0.0,30.0,madmom
eDDXIycpNNU.wav,18.29,0.0,30.0,madmom
eDDXIycpNNU.wav,18.68,0.0,30.0,madmom
eDDXIycpNNU.wav,19.05,0.0,30.0,madmom
eDDXIycpNNU.wav,19.46,0.0,30.0,madmom
eDDXIycpNNU.wav,19.85,0.0,30.0,madmom
eDDXIycpNNU.wav,20.24,0.0,30.0,madmom
eDDXIycpNNU.wav,20.64,0.0,30.0,madmom
eDDXIycpNNU.wav,21.05,0.0,30.0,madmom
eDDXIycpNNU.wav,21.45,0.0,30.0,madmom
eDDXIycpNNU.wav,21.84,0.0,30.0,madmom
eDDXIycpNNU.wav,22.25,0.0,30.0,madmom
eDDXIycpNNU.wav,22.64,0.0,30.0,madmom
eDDXIycpNNU.wav,23.03,0.0,30.0,madmom
eDDXIycpNNU.wav,23.45,0.0,30.0,madmom
eDDXIycpNNU.wav,23.83,0.0,30.0,madmom
eDDXIycpNNU.wav,24.23,0.0,30.0,madmom
eDDXIycpNNU.wav,24.64,0.0,30.0,madmom
eDDXIycpNNU.wav,25.01,0.0,30.0,madmom
eDDXIycpNNU.wav,25.42,0.0,30.0,madmom
eDDXIycpNNU.wav,25.8,0.0,30.0,madmom
eDDXIycpNNU.wav,26.18,0.0,30.0,madmom
eDDXIycpNNU.wav,26.58,0.0,30.0,madmom
eDDXIycpNNU.wav,26.97,0.0,30.0,madmom
eDDXIycpNNU.wav,27.35,0.0,30.0,madmom
eDDXIycpNNU.wav,27.75,0.0,30.0,madmom
eDDXIycpNNU.wav,28.16,0.0,30.0,madmom
eDDXIycpNNU.wav,28.54,0.0,30.0,madmom
eDDXIycpNNU.wav,28.95,0.0,30.0,madmom
eDDXIycpNNU.wav,29.35,0.0,30.0,madmom
eDDXIycpNNU.wav,29.74,0.0,30.0,madmom
eQbTz-OUyfA.wav,0.05,0.0,30.0,madmom
eQbTz-OUyfA.wav,0.63,0.0,30.0,madmom
eQbTz-OUyfA.wav,1.22,0.0,30.0,madmom
eQbTz-OUyfA.wav,1.81,0.0,30.0,madmom
eQbTz-OUyfA.wav,2.4,0.0,30.0,madmom
eQbTz-OUyfA.wav,2.99,0.0,30.0,madmom
eQbTz-OUyfA.wav,3.58,0.0,30.0,madmom
eQbTz-OUyfA.wav,4.16,0.0,30.0,madmom
eQbTz-OUyfA.wav,4.75,0.0,30.0,madmom
eQbTz-OUyfA.wav,5.34,0.0,30.0,madmom
eQbTz-OUyfA.wav,5.93,0.0,30.0,madmom
eQbTz-OUyfA.wav,6.52,0.0,30.0,madmom
eQbTz-OUyfA.wav,7.11,0.0,30.0,madmom
eQbTz-OUyfA.wav,7.69,0.0,30.0,madmom
eQbTz-OUyfA.wav,8.28,0.0,30.0,madmom
eQbTz-OUyfA.wav,8.88,0.0,30.0,madmom
eQbTz-OUyfA.wav,9.46,0.0,30.0,madmom
eQbTz-OUyfA.wav,10.05,0.0,30.0,madmom
eQbTz-OUyfA.wav,10.63,0.0,30.0,madmom
eQbTz-OUyfA.wav,11.22,0.0,30.0,madmom
eQbTz-OUyfA.wav,11.81,0.0,30.0,madmom
eQbTz-OUyfA.wav,12.4,0.0,30.0,madmom
eQbTz-OUyfA.wav,12.99,0.0,30.0,madmom
eQbTz-OUyfA.wav,13.58,0.0,30.0,madmom
eQbTz-OUyfA.wav,14.16,0.0,30.0,madmom
eQbTz-OUyfA.wav,14.75,0.0,30.0,madmom
eQbTz-OUyfA.wav,15.34,0.0,30.0,madmom
eQbTz-OUyfA.wav,15.93,0.0,30.0,madmom
eQbTz-OUyfA.wav,16.52,0.0,30.0,madmom
eQbTz-OUyfA.wav,17.11,0.0,30.0,madmom
eQbTz-OUyfA.wav,17.69,0.0,30.0,madmom
eQbTz-OUyfA.wav,18.28,0.0,30.0,madmom
eQbTz-OUyfA.wav,18.87,0.0,30.0,madmom
eQbTz-OUyfA.wav,19.46,0.0,30.0,madmom
eQbTz-OUyfA.wav,20.05,0.0,30.0,madmom
eQbTz-OUyfA.wav,20.64,0.0,30.0,madmom
eQbTz-OUyfA.wav,21.22,0.0,30.0,madmom
eQbTz-OUyfA.wav,21.81,0.0,30.0,madmom
eQbTz-OUyfA.wav,22.4,0.0,30.0,madmom
eQbTz-OUyfA.wav,22.99,0.0,30.0,madmom
eQbTz-OUyfA.wav,23.58,0.0,30.0,madmom
eQbTz-OUyfA.wav,24.17,0.0,30.0,madmom
eQbTz-OUyfA.wav,24.75,0.0,30.0,madmom
eQbTz-OUyfA.wav,25.34,0.0,30.0,madmom
eQbTz-OUyfA.wav,25.93,0.0,30.0,madmom
eQbTz-OUyfA.wav,26.52,0.0,30.0,madmom
eQbTz-OUyfA.wav,27.11,0.0,30.0,madmom
eQbTz-OUyfA.wav,27.69,0.0,30.0,madmom
eQbTz-OUyfA.wav,28.28,0.0,30.0,madmom
eQbTz-OUyfA.wav,28.87,0.0,30.0,madmom
eQbTz-OUyfA.wav,29.46,0.0,30.0,madmom
ebHTsxs9j4A.wav,0.06,0.0,30.0,madmom
ebHTsxs9j4A.wav,0.71,0.0,30.0,madmom
ebHTsxs9j4A.wav,1.33,0.0,30.0,madmom
ebHTsxs9j4A.wav,1.99,0.0,30.0,madmom
ebHTsxs9j4A.wav,2.64,0.0,30.0,madmom
ebHTsxs9j4A.wav,3.3,0.0,30.0,madmom
ebHTsxs9j4A.wav,3.91,0.0,30.0,madmom
ebHTsxs9j4A.wav,4.57,0.0,30.0,madmom
ebHTsxs9j4A.wav,5.22,0.0,30.0,madmom
ebHTsxs9j4A.wav,5.88,0.0,30.0,madmom
ebHTsxs9j4A.wav,6.49,0.0,30.0,madmom
ebHTsxs9j4A.wav,7.15,0.0,30.0,madmom
ebHTsxs9j4A.wav,7.8,0.0,30.0,madmom
ebHTsxs9j4A.wav,8.46,0.0,30.0,madmom
ebHTsxs9j4A.wav,9.08,0.0,30.0,madmom
ebHTsxs9j4A.wav,9.73,0.0,30.0,madmom
ebHTsxs9j4A.wav,10.38,0.0,30.0,madmom
ebHTsxs9j4A.wav,11.03,0.0,30.0,madmom
ebHTsxs9j4A.wav,11.65,0.0,30.0,madmom
ebHTsxs9j4A.wav,12.31,0.0,30.0,madmom
ebHTsxs9j4A.wav,12.97,0.0,30.0,madmom
ebHTsxs9j4A.wav,13.62,0.0,30.0,madmom
ebHTsxs9j4A.wav,14.23,0.0,30.0,madmom
ebHTsxs9j4A.wav,14.89,0.0,30.0,madmom
ebHTsxs9j4A.wav,15.55,0.0,30.0,madmom
ebHTsxs9j4A.wav,16.2,0.0,30.0,madmom
ebHTsxs9j4A.wav,16.81,0.0,30.0,madmom
ebHTsxs9j4A.wav,17.47,0.0,30.0,madmom
ebHTsxs9j4A.wav,18.13,0.0,30.0,madmom
ebHTsxs9j4A.wav,18.78,0.0,30.0,madmom
ebHTsxs9j4A.wav,19.4,0.0,30.0,madmom
ebHTsxs9j4A.wav,20.06,0.0,30.0,madmom
ebHTsxs9j4A.wav,20.71,0.0,30.0,madmom
ebHTsxs9j4A.wav,21.36,0.0,30.0,madmom
ebHTsxs9j4A.wav,21.97,0.0,30.0,madmom
ebHTsxs9j4A.wav,22.64,0.0,30.0,madmom
ebHTsxs9j4A.wav,23.29,0.0,30.0,madmom
ebHTsxs9j4A.wav,23.94,0.0,30.0,madmom
ebHTsxs9j4A.wav,24.55,0.0,30.0,madmom
ebHTsxs9j4A.wav,25.22,0.0,30.0,madmom
ebHTsxs9j4A.wav,25.87,0.0,30.0,madmom
ebHTsxs9j4A.wav,26.52,0.0,30.0,madmom
ebHTsxs9j4A.wav,27.17,0.0,30.0,madmom
ebHTsxs9j4A.wav,27.8,0.0,30.0,madmom
ebHTsxs9j4A.wav,28.45,0.0,30.0,madmom
ebHTsxs9j4A.wav,29.1,0.0,30.0,madmom
ebHTsxs9j4A.wav,29.71,0.0,30.0,madmom
ebgt9w3tLcQ.wav,0.51,0.0,30.0,madmom
ebgt9w3tLcQ.wav,1.12,0.0,30.0,madmom
ebgt9w3tLcQ.wav,1.73,0.0,30.0,madmom
ebgt9w3tLcQ.wav,2.34,0.0,30.0,madmom
ebgt9w3tLcQ.wav,2.95,0.0,30.0,madmom
ebgt9w3tLcQ.wav,3.55,0.0,30.0,madmom
ebgt9w3tLcQ.wav,4.17,0.0,30.0,madmom
ebgt9w3tLcQ.wav,4.78,0.0,30.0,madmom
ebgt9w3tLcQ.wav,5.39,0.0,30.0,madmom
ebgt9w3tLcQ.wav,6.0,0.0,30.0,madmom
ebgt9w3tLcQ.wav,6.6,0.0,30.0,madmom
ebgt9w3tLcQ.wav,7.21,0.0,30.0,madmom
ebgt9w3tLcQ.wav,7.8,0.0,30.0,madmom
ebgt9w3tLcQ.wav,8.41,0.0,30.0,madmom
ebgt9w3tLcQ.wav,9.04,0.0,30.0,madmom
ebgt9w3tLcQ.wav,9.65,0.0,30.0,madmom
ebgt9w3tLcQ.wav,10.26,0.0,30.0,madmom
ebgt9w3tLcQ.wav,10.87,0.0,30.0,madmom
ebgt9w3tLcQ.wav,11.47,0.0,30.0,madmom
ebgt9w3tLcQ.wav,12.08,0.0,30.0,madmom
ebgt9w3tLcQ.wav,12.69,0.0,30.0,madmom
ebgt9w3tLcQ.wav,13.31,0.0,30.0,madmom
ebgt9w3tLcQ.wav,13.91,0.0,30.0,madmom
ebgt9w3tLcQ.wav,14.52,0.0,30.0,madmom
ebgt9w3tLcQ.wav,15.1,0.0,30.0,madmom
ebgt9w3tLcQ.wav,15.74,0.0,30.0,madmom
ebgt9w3tLcQ.wav,16.34,0.0,30.0,madmom
ebgt9w3tLcQ.wav,16.96,0.0,30.0,madmom
ebgt9w3tLcQ.wav,17.56,0.0,30.0,madmom
ebgt9w3tLcQ.wav,18.18,0.0,30.0,madmom
ebgt9w3tLcQ.wav,18.78,0.0,30.0,madmom
ebgt9w3tLcQ.wav,19.39,0.0,30.0,madmom
ebgt9w3tLcQ.wav,20.0,0.0,30.0,madmom
ebgt9w3tLcQ.wav,20.61,0.0,30.0,madmom
ebgt9w3tLcQ.wav,21.22,0.0,30.0,madmom
ebgt9w3tLcQ.wav,21.83,0.0,30.0,madmom
ebgt9w3tLcQ.wav,22.44,0.0,30.0,madmom
ebgt9w3tLcQ.wav,23.05,0.0,30.0,madmom
ebgt9w3tLcQ.wav,23.66,0.0,30.0,madmom
ebgt9w3tLcQ.wav,24.28,0.0,30.0,madmom
ebgt9w3tLcQ.wav,24.89,0.0,30.0,madmom
ebgt9w3tLcQ.wav,25.48,0.0,30.0,madmom
ebgt9w3tLcQ.wav,26.1,0.0,30.0,madmom
ebgt9w3tLcQ.wav,26.7,0.0,30.0,madmom
ebgt9w3tLcQ.wav,27.32,0.0,30.0,madmom
ebgt9w3tLcQ.wav,27.92,0.0,30.0,madmom
ebgt9w3tLcQ.wav,28.53,0.0,30.0,madmom
ebgt9w3tLcQ.wav,29.14,0.0,30.0,madmom
ebgt9w3tLcQ.wav,29.75,0.0,30.0,madmom
f8edbq7JoqQ.wav,0.05,0.0,30.0,madmom
f8edbq7JoqQ.wav,0.75,0.0,30.0,madmom
f8edbq7JoqQ.wav,1.45,0.0,30.0,madmom
f8edbq7JoqQ.wav,2.14,0.0,30.0,madmom
f8edbq7JoqQ.wav,2.86,0.0,30.0,madmom
f8edbq7JoqQ.wav,3.54,0.0,30.0,madmom
f8edbq7JoqQ.wav,4.23,0.0,30.0,madmom
f8edbq7JoqQ.wav,4.93,0.0,30.0,madmom
f8edbq7JoqQ.wav,5.63,0.0,30.0,madmom
f8edbq7JoqQ.wav,6.33,0.0,30.0,madmom
f8edbq7JoqQ.wav,7.02,0.0,30.0,madmom
f8edbq7JoqQ.wav,7.72,0.0,30.0,madmom
f8edbq7JoqQ.wav,8.42,0.0,30.0,madmom
f8edbq7JoqQ.wav,9.12,0.0,30.0,madmom
f8edbq7JoqQ.wav,9.82,0.0,30.0,madmom
f8edbq7JoqQ.wav,10.51,0.0,30.0,madmom
f8edbq7JoqQ.wav,11.21,0.0,30.0,madmom
f8edbq7JoqQ.wav,11.91,0.0,30.0,madmom
f8edbq7JoqQ.wav,12.6,0.0,30.0,madmom
f8edbq7JoqQ.wav,13.26,0.0,30.0,madmom
f8edbq7JoqQ.wav,13.98,0.0,30.0,madmom
f8edbq7JoqQ.wav,14.7,0.0,30.0,madmom
f8edbq7JoqQ.wav,15.39,0.0,30.0,madmom
f8edbq7JoqQ.wav,16.09,0.0,30.0,madmom
f8edbq7JoqQ.wav,16.79,0.0,30.0,madmom
f8edbq7JoqQ.wav,17.49,0.0,30.0,madmom
f8edbq7JoqQ.wav,18.19,0.0,30.0,madmom
f8edbq7JoqQ.wav,18.89,0.0,30.0,madmom
f8edbq7JoqQ.wav,19.6,0.0,30.0,madmom
f8edbq7JoqQ.wav,20.28,0.0,30.0,madmom
f8edbq7JoqQ.wav,20.97,0.0,30.0,madmom
f8edbq7JoqQ.wav,21.67,0.0,30.0,madmom
f8edbq7JoqQ.wav,22.37,0.0,30.0,madmom
f8edbq7JoqQ.wav,23.07,0.0,30.0,madmom
f8edbq7JoqQ.wav,23.77,0.0,30.0,madmom
f8edbq7JoqQ.wav,24.47,0.0,30.0,madmom
f8edbq7JoqQ.wav,25.17,0.0,30.0,madmom
f8edbq7JoqQ.wav,25.87,0.0,30.0,madmom
f8edbq7JoqQ.wav,26.56,0.0,30.0,madmom
f8edbq7JoqQ.wav,27.26,0.0,30.0,madmom
f8edbq7JoqQ.wav,27.95,0.0,30.0,madmom
f8edbq7JoqQ.wav,28.65,0.0,30.0,madmom
f8edbq7JoqQ.wav,29.35,0.0,30.0,madmom
f9a5K5vowLo.wav,0.33,0.0,30.0,madmom
f9a5K5vowLo.wav,1.02,0.0,30.0,madmom
f9a5K5vowLo.wav,1.65,0.0,30.0,madmom
f9a5K5vowLo.wav,2.32,0.0,30.0,madmom
f9a5K5vowLo.wav,2.98,0.0,30.0,madmom
f9a5K5vowLo.wav,3.63,0.0,30.0,madmom
f9a5K5vowLo.wav,4.29,0.0,30.0,madmom
f9a5K5vowLo.wav,4.95,0.0,30.0,madmom
f9a5K5vowLo.wav,5.63,0.0,30.0,madmom
f9a5K5vowLo.wav,6.27,0.0,30.0,madmom
f9a5K5vowLo.wav,6.93,0.0,30.0,madmom
f9a5K5vowLo.wav,7.58,0.0,30.0,madmom
f9a5K5vowLo.wav,8.25,0.0,30.0,madmom
f9a5K5vowLo.wav,8.9,0.0,30.0,madmom
f9a5K5vowLo.wav,9.56,0.0,30.0,madmom
f9a5K5vowLo.wav,10.23,0.0,30.0,madmom
f9a5K5vowLo.wav,10.9,0.0,30.0,madmom
f9a5K5vowLo.wav,11.54,0.0,30.0,madmom
f9a5K5vowLo.wav,12.2,0.0,30.0,madmom
f9a5K5vowLo.wav,12.86,0.0,30.0,madmom
f9a5K5vowLo.wav,13.53,0.0,30.0,madmom
f9a5K5vowLo.wav,14.19,0.0,30.0,madmom
f9a5K5vowLo.wav,14.84,0.0,30.0,madmom
f9a5K5vowLo.wav,15.5,0.0,30.0,madmom
f9a5K5vowLo.wav,16.16,0.0,30.0,madmom
f9a5K5vowLo.wav,16.82,0.0,30.0,madmom
f9a5K5vowLo.wav,17.48,0.0,30.0,madmom
f9a5K5vowLo.wav,18.14,0.0,30.0,madmom
f9a5K5vowLo.wav,18.8,0.0,30.0,madmom
f9a5K5vowLo.wav,19.45,0.0,30.0,madmom
f9a5K5vowLo.wav,20.11,0.0,30.0,madmom
f9a5K5vowLo.wav,20.78,0.0,30.0,madmom
f9a5K5vowLo.wav,21.44,0.0,30.0,madmom
f9a5K5vowLo.wav,22.09,0.0,30.0,madmom
f9a5K5vowLo.wav,22.75,0.0,30.0,madmom
f9a5K5vowLo.wav,23.41,0.0,30.0,madmom
f9a5K5vowLo.wav,24.05,0.0,30.0,madmom
f9a5K5vowLo.wav,24.73,0.0,30.0,madmom
f9a5K5vowLo.wav,25.39,0.0,30.0,madmom
f9a5K5vowLo.wav,26.05,0.0,30.0,madmom
f9a5K5vowLo.wav,26.7,0.0,30.0,madmom
f9a5K5vowLo.wav,27.36,0.0,30.0,madmom
f9a5K5vowLo.wav,28.03,0.0,30.0,madmom
f9a5K5vowLo.wav,28.69,0.0,30.0,madmom
f9a5K5vowLo.wav,29.32,0.0,30.0,madmom
f9a5K5vowLo.wav,29.98,0.0,30.0,madmom
faAObMnqMKY.wav,0.09,0.0,30.0,madmom
faAObMnqMKY.wav,0.49,0.0,30.0,madmom
faAObMnqMKY.wav,0.92,0.0,30.0,madmom
faAObMnqMKY.wav,1.33,0.0,30.0,madmom
faAObMnqMKY.wav,1.75,0.0,30.0,madmom
faAObMnqMKY.wav,2.15,0.0,30.0,madmom
faAObMnqMKY.wav,2.57,0.0,30.0,madmom
faAObMnqMKY.wav,2.97,0.0,30.0,madmom
faAObMnqMKY.wav,3.4,0.0,30.0,madmom
faAObMnqMKY.wav,3.81,0.0,30.0,madmom
faAObMnqMKY.wav,4.22,0.0,30.0,madmom
faAObMnqMKY.wav,4.63,0.0,30.0,madmom
faAObMnqMKY.wav,5.06,0.0,30.0,madmom
faAObMnqMKY.wav,5.46,0.0,30.0,madmom
faAObMnqMKY.wav,5.87,0.0,30.0,madmom
faAObMnqMKY.wav,6.28,0.0,30.0,madmom
faAObMnqMKY.wav,6.71,0.0,30.0,madmom
faAObMnqMKY.wav,7.12,0.0,30.0,madmom
faAObMnqMKY.wav,7.54,0.0,30.0,madmom
faAObMnqMKY.wav,7.95,0.0,30.0,madmom
faAObMnqMKY.wav,8.36,0.0,30.0,madmom
faAObMnqMKY.wav,8.77,0.0,30.0,madmom
faAObMnqMKY.wav,9.19,0.0,30.0,madmom
faAObMnqMKY.wav,9.59,0.0,30.0,madmom
faAObMnqMKY.wav,10.01,0.0,30.0,madmom
faAObMnqMKY.wav,10.43,0.0,30.0,madmom
faAObMnqMKY.wav,10.84,0.0,30.0,madmom
faAObMnqMKY.wav,11.25,0.0,30.0,madmom
faAObMnqMKY.wav,11.68,0.0,30.0,madmom
faAObMnqMKY.wav,12.08,0.0,30.0,madmom
faAObMnqMKY.wav,12.48,0.0,30.0,madmom
faAObMnqMKY.wav,12.9,0.0,30.0,madmom
faAObMnqMKY.wav,13.32,0.0,30.0,madmom
faAObMnqMKY.wav,13.73,0.0,30.0,madmom
faAObMnqMKY.wav,14.16,0.0,30.0,madmom
faAObMnqMKY.wav,14.58,0.0,30.0,madmom
faAObMnqMKY.wav,15.01,0.0,30.0,madmom
faAObMnqMKY.wav,15.43,0.0,30.0,madmom
faAObMnqMKY.wav,15.85,0.0,30.0,madmom
faAObMnqMKY.wav,16.25,0.0,30.0,madmom
faAObMnqMKY.wav,16.68,0.0,30.0,madmom
faAObMnqMKY.wav,17.08,0.0,30.0,madmom
faAObMnqMKY.wav,17.5,0.0,30.0,madmom
faAObMnqMKY.wav,17.92,0.0,30.0,madmom
faAObMnqMKY.wav,18.33,0.0,30.0,madmom
faAObMnqMKY.wav,18.73,0.0,30.0,madmom
faAObMnqMKY.wav,19.15,0.0,30.0,madmom
faAObMnqMKY.wav,19.55,0.0,30.0,madmom
faAObMnqMKY.wav,19.96,0.0,30.0,madmom
faAObMnqMKY.wav,20.36,0.0,30.0,madmom
faAObMnqMKY.wav,20.78,0.0,30.0,madmom
faAObMnqMKY.wav,21.2,0.0,30.0,madmom
faAObMnqMKY.wav,21.62,0.0,30.0,madmom
faAObMnqMKY.wav,22.03,0.0,30.0,madmom
faAObMnqMKY.wav,22.46,0.0,30.0,madmom
faAObMnqMKY.wav,22.85,0.0,30.0,madmom
faAObMnqMKY.wav,23.27,0.0,30.0,madmom
faAObMnqMKY.wav,23.67,0.0,30.0,madmom
faAObMnqMKY.wav,24.09,0.0,30.0,madmom
faAObMnqMKY.wav,24.52,0.0,30.0,madmom
faAObMnqMKY.wav,24.94,0.0,30.0,madmom
faAObMnqMKY.wav,25.35,0.0,30.0,madmom
faAObMnqMKY.wav,25.76,0.0,30.0,madmom
faAObMnqMKY.wav,26.15,0.0,30.0,madmom
faAObMnqMKY.wav,26.56,0.0,30.0,madmom
faAObMnqMKY.wav,26.98,0.0,30.0,madmom
faAObMnqMKY.wav,27.38,0.0,30.0,madmom
faAObMnqMKY.wav,27.8,0.0,30.0,madmom
faAObMnqMKY.wav,28.22,0.0,30.0,madmom
faAObMnqMKY.wav,28.63,0.0,30.0,madmom
faAObMnqMKY.wav,29.04,0.0,30.0,madmom
faAObMnqMKY.wav,29.43,0.0,30.0,madmom
faAObMnqMKY.wav,29.84,0.0,30.0,madmom
fkbhJS6HXLo.wav,0.27,0.0,30.0,madmom
fkbhJS6HXLo.wav,0.66,0.0,30.0,madmom
fkbhJS6HXLo.wav,1.05,0.0,30.0,madmom
fkbhJS6HXLo.wav,1.43,0.0,30.0,madmom
fkbhJS6HXLo.wav,1.82,0.0,30.0,madmom
fkbhJS6HXLo.wav,2.21,0.0,30.0,madmom
fkbhJS6HXLo.wav,2.59,0.0,30.0,madmom
fkbhJS6HXLo.wav,2.98,0.0,30.0,madmom
fkbhJS6HXLo.wav,3.37,0.0,30.0,madmom
fkbhJS6HXLo.wav,3.75,0.0,30.0,madmom
fkbhJS6HXLo.wav,4.14,0.0,30.0,madmom
fkbhJS6HXLo.wav,4.53,0.0,30.0,madmom
fkbhJS6HXLo.wav,4.92,0.0,30.0,madmom
fkbhJS6HXLo.wav,5.3,0.0,30.0,madmom
fkbhJS6HXLo.wav,5.69,0.0,30.0,madmom
fkbhJS6HXLo.wav,6.08,0.0,30.0,madmom
fkbhJS6HXLo.wav,6.46,0.0,30.0,madmom
fkbhJS6HXLo.wav,6.85,0.0,30.0,madmom
fkbhJS6HXLo.wav,7.23,0.0,30.0,madmom
fkbhJS6HXLo.wav,7.62,0.0,30.0,madmom
fkbhJS6HXLo.wav,8.01,0.0,30.0,madmom
fkbhJS6HXLo.wav,8.4,0.0,30.0,madmom
fkbhJS6HXLo.wav,8.78,0.0,30.0,madmom
fkbhJS6HXLo.wav,9.17,0.0,30.0,madmom
fkbhJS6HXLo.wav,9.56,0.0,30.0,madmom
fkbhJS6HXLo.wav,9.95,0.0,30.0,madmom
fkbhJS6HXLo.wav,10.34,0.0,30.0,madmom
fkbhJS6HXLo.wav,10.72,0.0,30.0,madmom
fkbhJS6HXLo.wav,11.11,0.0,30.0,madmom
fkbhJS6HXLo.wav,11.49,0.0,30.0,madmom
fkbhJS6HXLo.wav,11.88,0.0,30.0,madmom
fkbhJS6HXLo.wav,12.27,0.0,30.0,madmom
fkbhJS6HXLo.wav,12.66,0.0,30.0,madmom
fkbhJS6HXLo.wav,13.04,0.0,30.0,madmom
fkbhJS6HXLo.wav,13.43,0.0,30.0,madmom
fkbhJS6HXLo.wav,13.82,0.0,30.0,madmom
fkbhJS6HXLo.wav,14.21,0.0,30.0,madmom
fkbhJS6HXLo.wav,14.59,0.0,30.0,madmom
fkbhJS6HXLo.wav,14.98,0.0,30.0,madmom
fkbhJS6HXLo.wav,15.36,0.0,30.0,madmom
fkbhJS6HXLo.wav,15.75,0.0,30.0,madmom
fkbhJS6HXLo.wav,16.14,0.0,30.0,madmom
fkbhJS6HXLo.wav,16.53,0.0,30.0,madmom
fkbhJS6HXLo.wav,16.91,0.0,30.0,madmom
fkbhJS6HXLo.wav,17.3,0.0,30.0,madmom
fkbhJS6HXLo.wav,17.69,0.0,30.0,madmom
fkbhJS6HXLo.wav,18.07,0.0,30.0,madmom
fkbhJS6HXLo.wav,18.46,0.0,30.0,madmom
fkbhJS6HXLo.wav,18.85,0.0,30.0,madmom
fkbhJS6HXLo.wav,19.24,0.0,30.0,madmom
fkbhJS6HXLo.wav,19.63,0.0,30.0,madmom
fkbhJS6HXLo.wav,20.01,0.0,30.0,madmom
fkbhJS6HXLo.wav,20.4,0.0,30.0,madmom
fkbhJS6HXLo.wav,20.78,0.0,30.0,madmom
fkbhJS6HXLo.wav,21.17,0.0,30.0,madmom
fkbhJS6HXLo.wav,21.56,0.0,30.0,madmom
fkbhJS6HXLo.wav,21.95,0.0,30.0,madmom
fkbhJS6HXLo.wav,22.33,0.0,30.0,madmom
fkbhJS6HXLo.wav,22.72,0.0,30.0,madmom
fkbhJS6HXLo.wav,23.11,0.0,30.0,madmom
fkbhJS6HXLo.wav,23.5,0.0,30.0,madmom
fkbhJS6HXLo.wav,23.88,0.0,30.0,madmom
fkbhJS6HXLo.wav,24.26,0.0,30.0,madmom
fkbhJS6HXLo.wav,24.66,0.0,30.0,madmom
fkbhJS6HXLo.wav,25.04,0.0,30.0,madmom
fkbhJS6HXLo.wav,25.43,0.0,30.0,madmom
fkbhJS6HXLo.wav,25.82,0.0,30.0,madmom
fkbhJS6HXLo.wav,26.21,0.0,30.0,madmom
fkbhJS6HXLo.wav,26.59,0.0,30.0,madmom
fkbhJS6HXLo.wav,26.98,0.0,30.0,madmom
fkbhJS6HXLo.wav,27.36,0.0,30.0,madmom
fkbhJS6HXLo.wav,27.75,0.0,30.0,madmom
fkbhJS6HXLo.wav,28.14,0.0,30.0,madmom
fkbhJS6HXLo.wav,28.53,0.0,30.0,madmom
fkbhJS6HXLo.wav,28.91,0.0,30.0,madmom
fkbhJS6HXLo.wav,29.3,0.0,30.0,madmom
fkbhJS6HXLo.wav,29.69,0.0,30.0,madmom
fmZ_nkEkZ_c.wav,0.01,0.0,30.0,madmom
fmZ_nkEkZ_c.wav,0.63,0.0,30.0,madmom
fmZ_nkEkZ_c.wav,1.25,0.0,30.0,madmom
fmZ_nkEkZ_c.wav,1.87,0.0,30.0,madmom
fmZ_nkEkZ_c.wav,2.49,0.0,30.0,madmom
fmZ_nkEkZ_c.wav,3.1,0.0,30.0,madmom
fmZ_nkEkZ_c.wav,3.72,0.0,30.0,madmom
fmZ_nkEkZ_c.wav,4.34,0.0,30.0,madmom
fmZ_nkEkZ_c.wav,4.96,0.0,30.0,madmom
fmZ_nkEkZ_c.wav,5.58,0.0,30.0,madmom
fmZ_nkEkZ_c.wav,6.19,0.0,30.0,madmom
fmZ_nkEkZ_c.wav,6.81,0.0,30.0,madmom
fmZ_nkEkZ_c.wav,7.43,0.0,30.0,madmom
fmZ_nkEkZ_c.wav,8.05,0.0,30.0,madmom
fmZ_nkEkZ_c.wav,8.67,0.0,30.0,madmom
fmZ_nkEkZ_c.wav,9.3,0.0,30.0,madmom
fmZ_nkEkZ_c.wav,9.91,0.0,30.0,madmom
fmZ_nkEkZ_c.wav,10.53,0.0,30.0,madmom
fmZ_nkEkZ_c.wav,11.14,0.0,30.0,madmom
fmZ_nkEkZ_c.wav,11.77,0.0,30.0,madmom
fmZ_nkEkZ_c.wav,12.38,0.0,30.0,madmom
fmZ_nkEkZ_c.wav,13.0,0.0,30.0,madmom
fmZ_nkEkZ_c.wav,13.62,0.0,30.0,madmom
fmZ_nkEkZ_c.wav,14.21,0.0,30.0,madmom
fmZ_nkEkZ_c.wav,14.85,0.0,30.0,madmom
fmZ_nkEkZ_c.wav,15.47,0.0,30.0,madmom
fmZ_nkEkZ_c.wav,16.09,0.0,30.0,madmom
fmZ_nkEkZ_c.wav,16.71,0.0,30.0,madmom
fmZ_nkEkZ_c.wav,17.33,0.0,30.0,madmom
fmZ_nkEkZ_c.wav,17.95,0.0,30.0,madmom
fmZ_nkEkZ_c.wav,18.56,0.0,30.0,madmom
fmZ_nkEkZ_c.wav,19.17,0.0,30.0,madmom
fmZ_nkEkZ_c.wav,19.8,0.0,30.0,madmom
fmZ_nkEkZ_c.wav,20.42,0.0,30.0,madmom
fmZ_nkEkZ_c.wav,21.04,0.0,30.0,madmom
fmZ_nkEkZ_c.wav,21.63,0.0,30.0,madmom
fmZ_nkEkZ_c.wav,22.28,0.0,30.0,madmom
fmZ_nkEkZ_c.wav,22.9,0.0,30.0,madmom
fmZ_nkEkZ_c.wav,23.51,0.0,30.0,madmom
fmZ_nkEkZ_c.wav,24.11,0.0,30.0,madmom
fmZ_nkEkZ_c.wav,24.75,0.0,30.0,madmom
fmZ_nkEkZ_c.wav,25.36,0.0,30.0,madmom
fmZ_nkEkZ_c.wav,25.99,0.0,30.0,madmom
fmZ_nkEkZ_c.wav,26.59,0.0,30.0,madmom
fmZ_nkEkZ_c.wav,27.22,0.0,30.0,madmom
fmZ_nkEkZ_c.wav,27.85,0.0,30.0,madmom
fmZ_nkEkZ_c.wav,28.46,0.0,30.0,madmom
fmZ_nkEkZ_c.wav,29.07,0.0,30.0,madmom
fmZ_nkEkZ_c.wav,29.7,0.0,30.0,madmom
g6mNueuu8c8.wav,0.29,0.0,30.0,madmom
g6mNueuu8c8.wav,0.8,0.0,30.0,madmom
g6mNueuu8c8.wav,1.33,0.0,30.0,madmom
g6mNueuu8c8.wav,1.85,0.0,30.0,madmom
g6mNueuu8c8.wav,2.37,0.0,30.0,madmom
g6mNueuu8c8.wav,2.9,0.0,30.0,madmom
g6mNueuu8c8.wav,3.42,0.0,30.0,madmom
g6mNueuu8c8.wav,3.93,0.0,30.0,madmom
g6mNueuu8c8.wav,4.46,0.0,30.0,madmom
g6mNueuu8c8.wav,4.98,0.0,30.0,madmom
g6mNueuu8c8.wav,5.5,0.0,30.0,madmom
g6mNueuu8c8.wav,6.03,0.0,30.0,madmom
g6mNueuu8c8.wav,6.54,0.0,30.0,madmom
g6mNueuu8c8.wav,7.07,0.0,30.0,madmom
g6mNueuu8c8.wav,7.59,0.0,30.0,madmom
g6mNueuu8c8.wav,8.11,0.0,30.0,madmom
g6mNueuu8c8.wav,8.63,0.0,30.0,madmom
g6mNueuu8c8.wav,9.15,0.0,30.0,madmom
g6mNueuu8c8.wav,9.68,0.0,30.0,madmom
g6mNueuu8c8.wav,10.2,0.0,30.0,madmom
g6mNueuu8c8.wav,10.72,0.0,30.0,madmom
g6mNueuu8c8.wav,11.24,0.0,30.0,madmom
g6mNueuu8c8.wav,11.76,0.0,30.0,madmom
g6mNueuu8c8.wav,12.28,0.0,30.0,madmom
g6mNueuu8c8.wav,12.81,0.0,30.0,madmom
g6mNueuu8c8.wav,13.33,0.0,30.0,madmom
g6mNueuu8c8.wav,13.85,0.0,30.0,madmom
g6mNueuu8c8.wav,14.37,0.0,30.0,madmom
g6mNueuu8c8.wav,14.89,0.0,30.0,madmom
g6mNueuu8c8.wav,15.41,0.0,30.0,madmom
g6mNueuu8c8.wav,15.94,0.0,30.0,madmom
g6mNueuu8c8.wav,16.46,0.0,30.0,madmom
g6mNueuu8c8.wav,16.98,0.0,30.0,madmom
g6mNueuu8c8.wav,17.5,0.0,30.0,madmom
g6mNueuu8c8.wav,18.03,0.0,30.0,madmom
g6mNueuu8c8.wav,18.54,0.0,30.0,madmom
g6mNueuu8c8.wav,19.07,0.0,30.0,madmom
g6mNueuu8c8.wav,19.59,0.0,30.0,madmom
g6mNueuu8c8.wav,20.11,0.0,30.0,madmom
g6mNueuu8c8.wav,20.64,0.0,30.0,madmom
g6mNueuu8c8.wav,21.16,0.0,30.0,madmom
g6mNueuu8c8.wav,21.67,0.0,30.0,madmom
g6mNueuu8c8.wav,22.2,0.0,30.0,madmom
g6mNueuu8c8.wav,22.72,0.0,30.0,madmom
g6mNueuu8c8.wav,23.24,0.0,30.0,madmom
g6mNueuu8c8.wav,23.76,0.0,30.0,madmom
g6mNueuu8c8.wav,24.28,0.0,30.0,madmom
g6mNueuu8c8.wav,24.8,0.0,30.0,madmom
g6mNueuu8c8.wav,25.33,0.0,30.0,madmom
g6mNueuu8c8.wav,25.84,0.0,30.0,madmom
g6mNueuu8c8.wav,26.37,0.0,30.0,madmom
g6mNueuu8c8.wav,26.86,0.0,30.0,madmom
g6mNueuu8c8.wav,27.42,0.0,30.0,madmom
g6mNueuu8c8.wav,27.93,0.0,30.0,madmom
g6mNueuu8c8.wav,28.46,0.0,30.0,madmom
g6mNueuu8c8.wav,28.98,0.0,30.0,madmom
g6mNueuu8c8.wav,29.5,0.0,30.0,madmom
gRacamF19ZM.wav,0.25,0.0,30.0,madmom
gRacamF19ZM.wav,0.86,0.0,30.0,madmom
gRacamF19ZM.wav,1.45,0.0,30.0,madmom
gRacamF19ZM.wav,2.05,0.0,30.0,madmom
gRacamF19ZM.wav,2.65,0.0,30.0,madmom
gRacamF19ZM.wav,3.26,0.0,30.0,madmom
gRacamF19ZM.wav,3.85,0.0,30.0,madmom
gRacamF19ZM.wav,4.44,0.0,30.0,madmom
gRacamF19ZM.wav,5.05,0.0,30.0,madmom
gRacamF19ZM.wav,5.65,0.0,30.0,madmom
gRacamF19ZM.wav,6.25,0.0,30.0,madmom
gRacamF19ZM.wav,6.85,0.0,30.0,madmom
gRacamF19ZM.wav,7.44,0.0,30.0,madmom
gRacamF19ZM.wav,8.05,0.0,30.0,madmom
gRacamF19ZM.wav,8.66,0.0,30.0,madmom
gRacamF19ZM.wav,9.25,0.0,30.0,madmom
gRacamF19ZM.wav,9.85,0.0,30.0,madmom
gRacamF19ZM.wav,10.43,0.0,30.0,madmom
gRacamF19ZM.wav,11.06,0.0,30.0,madmom
gRacamF19ZM.wav,11.64,0.0,30.0,madmom
gRacamF19ZM.wav,12.25,0.0,30.0,madmom
gRacamF19ZM.wav,12.85,0.0,30.0,madmom
gRacamF19ZM.wav,13.45,0.0,30.0,madmom
gRacamF19ZM.wav,14.02,0.0,30.0,madmom
gRacamF19ZM.wav,14.63,0.0,30.0,madmom
gRacamF19ZM.wav,15.2,0.0,30.0,madmom
gRacamF19ZM.wav,15.82,0.0,30.0,madmom
gRacamF19ZM.wav,16.42,0.0,30.0,madmom
gRacamF19ZM.wav,17.06,0.0,30.0,madmom
gRacamF19ZM.wav,17.66,0.0,30.0,madmom
gRacamF19ZM.wav,18.26,0.0,30.0,madmom
gRacamF19ZM.wav,18.86,0.0,30.0,madmom
gRacamF19ZM.wav,19.46,0.0,30.0,madmom
gRacamF19ZM.wav,20.06,0.0,30.0,madmom
gRacamF19ZM.wav,20.66,0.0,30.0,madmom
gRacamF19ZM.wav,21.26,0.0,30.0,madmom
gRacamF19ZM.wav,21.86,0.0,30.0,madmom
gRacamF19ZM.wav,22.45,0.0,30.0,madmom
gRacamF19ZM.wav,23.05,0.0,30.0,madmom
gRacamF19ZM.wav,23.66,0.0,30.0,madmom
gRacamF19ZM.wav,24.26,0.0,30.0,madmom
gRacamF19ZM.wav,24.86,0.0,30.0,madmom
gRacamF19ZM.wav,25.45,0.0,30.0,madmom
gRacamF19ZM.wav,26.06,0.0,30.0,madmom
gRacamF19ZM.wav,26.66,0.0,30.0,madmom
gRacamF19ZM.wav,27.26,0.0,30.0,madmom
gRacamF19ZM.wav,27.86,0.0,30.0,madmom
gRacamF19ZM.wav,28.45,0.0,30.0,madmom
gRacamF19ZM.wav,29.06,0.0,30.0,madmom
gRacamF19ZM.wav,29.66,0.0,30.0,madmom
ggikYXT_Z9g.wav,0.11,0.0,30.0,madmom
ggikYXT_Z9g.wav,0.55,0.0,30.0,madmom
ggikYXT_Z9g.wav,0.99,0.0,30.0,madmom
ggikYXT_Z9g.wav,1.42,0.0,30.0,madmom
ggikYXT_Z9g.wav,1.84,0.0,30.0,madmom
ggikYXT_Z9g.wav,2.25,0.0,30.0,madmom
ggikYXT_Z9g.wav,2.67,0.0,30.0,madmom
ggikYXT_Z9g.wav,3.11,0.0,30.0,madmom
ggikYXT_Z9g.wav,3.54,0.0,30.0,madmom
ggikYXT_Z9g.wav,3.97,0.0,30.0,madmom
ggikYXT_Z9g.wav,4.39,0.0,30.0,madmom
ggikYXT_Z9g.wav,4.82,0.0,30.0,madmom
ggikYXT_Z9g.wav,5.24,0.0,30.0,madmom
ggikYXT_Z9g.wav,5.68,0.0,30.0,madmom
ggikYXT_Z9g.wav,6.1,0.0,30.0,madmom
ggikYXT_Z9g.wav,6.53,0.0,30.0,madmom
ggikYXT_Z9g.wav,6.95,0.0,30.0,madmom
ggikYXT_Z9g.wav,7.38,0.0,30.0,madmom
ggikYXT_Z9g.wav,7.78,0.0,30.0,madmom
ggikYXT_Z9g.wav,8.22,0.0,30.0,madmom
ggikYXT_Z9g.wav,8.65,0.0,30.0,madmom
ggikYXT_Z9g.wav,9.08,0.0,30.0,madmom
ggikYXT_Z9g.wav,9.5,0.0,30.0,madmom
ggikYXT_Z9g.wav,9.93,0.0,30.0,madmom
ggikYXT_Z9g.wav,10.36,0.0,30.0,madmom
ggikYXT_Z9g.wav,10.78,0.0,30.0,madmom
ggikYXT_Z9g.wav,11.2,0.0,30.0,madmom
ggikYXT_Z9g.wav,11.63,0.0,30.0,madmom
ggikYXT_Z9g.wav,12.03,0.0,30.0,madmom
ggikYXT_Z9g.wav,12.45,0.0,30.0,madmom
ggikYXT_Z9g.wav,12.89,0.0,30.0,madmom
ggikYXT_Z9g.wav,13.31,0.0,30.0,madmom
ggikYXT_Z9g.wav,13.74,0.0,30.0,madmom
ggikYXT_Z9g.wav,14.15,0.0,30.0,madmom
ggikYXT_Z9g.wav,14.58,0.0,30.0,madmom
ggikYXT_Z9g.wav,15.02,0.0,30.0,madmom
ggikYXT_Z9g.wav,15.46,0.0,30.0,madmom
ggikYXT_Z9g.wav,15.87,0.0,30.0,madmom
ggikYXT_Z9g.wav,16.31,0.0,30.0,madmom
ggikYXT_Z9g.wav,16.75,0.0,30.0,madmom
ggikYXT_Z9g.wav,17.16,0.0,30.0,madmom
ggikYXT_Z9g.wav,17.6,0.0,30.0,madmom
ggikYXT_Z9g.wav,18.02,0.0,30.0,madmom
ggikYXT_Z9g.wav,18.47,0.0,30.0,madmom
ggikYXT_Z9g.wav,18.88,0.0,30.0,madmom
ggikYXT_Z9g.wav,19.3,0.0,30.0,madmom
ggikYXT_Z9g.wav,19.72,0.0,30.0,madmom
ggikYXT_Z9g.wav,20.16,0.0,30.0,madmom
ggikYXT_Z9g.wav,20.57,0.0,30.0,madmom
ggikYXT_Z9g.wav,20.98,0.0,30.0,madmom
ggikYXT_Z9g.wav,21.42,0.0,30.0,madmom
ggikYXT_Z9g.wav,21.84,0.0,30.0,madmom
ggikYXT_Z9g.wav,22.27,0.0,30.0,madmom
ggikYXT_Z9g.wav,22.68,0.0,30.0,madmom
ggikYXT_Z9g.wav,23.12,0.0,30.0,madmom
ggikYXT_Z9g.wav,23.54,0.0,30.0,madmom
ggikYXT_Z9g.wav,23.99,0.0,30.0,madmom
ggikYXT_Z9g.wav,24.4,0.0,30.0,madmom
ggikYXT_Z9g.wav,24.82,0.0,30.0,madmom
ggikYXT_Z9g.wav,25.25,0.0,30.0,madmom
ggikYXT_Z9g.wav,25.67,0.0,30.0,madmom
ggikYXT_Z9g.wav,26.08,0.0,30.0,madmom
ggikYXT_Z9g.wav,26.52,0.0,30.0,madmom
ggikYXT_Z9g.wav,26.94,0.0,30.0,madmom
ggikYXT_Z9g.wav,27.36,0.0,30.0,madmom
ggikYXT_Z9g.wav,27.77,0.0,30.0,madmom
ggikYXT_Z9g.wav,28.22,0.0,30.0,madmom
ggikYXT_Z9g.wav,28.65,0.0,30.0,madmom
ggikYXT_Z9g.wav,29.08,0.0,30.0,madmom
ggikYXT_Z9g.wav,29.5,0.0,30.0,madmom
ggikYXT_Z9g.wav,29.93,0.0,30.0,madmom
ggzR6BQXAk0.wav,0.01,0.0,30.0,madmom
ggzR6BQXAk0.wav,0.84,0.0,30.0,madmom
ggzR6BQXAk0.wav,1.7,0.0,30.0,madmom
ggzR6BQXAk0.wav,2.56,0.0,30.0,madmom
ggzR6BQXAk0.wav,3.42,0.0,30.0,madmom
ggzR6BQXAk0.wav,4.27,0.0,30.0,madmom
ggzR6BQXAk0.wav,5.13,0.0,30.0,madmom
ggzR6BQXAk0.wav,5.99,0.0,30.0,madmom
ggzR6BQXAk0.wav,6.85,0.0,30.0,madmom
ggzR6BQXAk0.wav,7.7,0.0,30.0,madmom
ggzR6BQXAk0.wav,8.56,0.0,30.0,madmom
ggzR6BQXAk0.wav,9.42,0.0,30.0,madmom
ggzR6BQXAk0.wav,10.27,0.0,30.0,madmom
ggzR6BQXAk0.wav,11.13,0.0,30.0,madmom
ggzR6BQXAk0.wav,11.99,0.0,30.0,madmom
ggzR6BQXAk0.wav,12.84,0.0,30.0,madmom
ggzR6BQXAk0.wav,13.7,0.0,30.0,madmom
ggzR6BQXAk0.wav,14.56,0.0,30.0,madmom
ggzR6BQXAk0.wav,15.42,0.0,30.0,madmom
ggzR6BQXAk0.wav,16.27,0.0,30.0,madmom
ggzR6BQXAk0.wav,17.13,0.0,30.0,madmom
ggzR6BQXAk0.wav,17.99,0.0,30.0,madmom
ggzR6BQXAk0.wav,18.84,0.0,30.0,madmom
ggzR6BQXAk0.wav,19.7,0.0,30.0,madmom
ggzR6BQXAk0.wav,20.56,0.0,30.0,madmom
ggzR6BQXAk0.wav,21.42,0.0,30.0,madmom
ggzR6BQXAk0.wav,22.27,0.0,30.0,madmom
ggzR6BQXAk0.wav,23.13,0.0,30.0,madmom
ggzR6BQXAk0.wav,23.99,0.0,30.0,madmom
ggzR6BQXAk0.wav,24.85,0.0,30.0,madmom
ggzR6BQXAk0.wav,25.7,0.0,30.0,madmom
ggzR6BQXAk0.wav,26.56,0.0,30.0,madmom
ggzR6BQXAk0.wav,27.42,0.0,30.0,madmom
ggzR6BQXAk0.wav,28.27,0.0,30.0,madmom
ggzR6BQXAk0.wav,29.13,0.0,30.0,madmom
ggzR6BQXAk0.wav,29.99,0.0,30.0,madmom
gktSILI4uGw.wav,0.35,0.0,30.0,madmom
gktSILI4uGw.wav,0.92,0.0,30.0,madmom
gktSILI4uGw.wav,1.5,0.0,30.0,madmom
gktSILI4uGw.wav,2.07,0.0,30.0,madmom
gktSILI4uGw.wav,2.64,0.0,30.0,madmom
gktSILI4uGw.wav,3.21,0.0,30.0,madmom
gktSILI4uGw.wav,3.8,0.0,30.0,madmom
gktSILI4uGw.wav,4.36,0.0,30.0,madmom
gktSILI4uGw.wav,4.92,0.0,30.0,madmom
gktSILI4uGw.wav,5.47,0.0,30.0,madmom
gktSILI4uGw.wav,6.02,0.0,30.0,madmom
gktSILI4uGw.wav,6.6,0.0,30.0,madmom
gktSILI4uGw.wav,7.19,0.0,30.0,madmom
gktSILI4uGw.wav,7.78,0.0,30.0,madmom
gktSILI4uGw.wav,8.36,0.0,30.0,madmom
gktSILI4uGw.wav,8.93,0.0,30.0,madmom
gktSILI4uGw.wav,9.49,0.0,30.0,madmom
gktSILI4uGw.wav,10.07,0.0,30.0,madmom
gktSILI4uGw.wav,10.64,0.0,30.0,madmom
gktSILI4uGw.wav,11.22,0.0,30.0,madmom
gktSILI4uGw.wav,11.78,0.0,30.0,madmom
gktSILI4uGw.wav,12.35,0.0,30.0,madmom
gktSILI4uGw.wav,12.93,0.0,30.0,madmom
gktSILI4uGw.wav,13.5,0.0,30.0,madmom
gktSILI4uGw.wav,14.07,0.0,30.0,madmom
gktSILI4uGw.wav,14.64,0.0,30.0,madmom
gktSILI4uGw.wav,15.21,0.0,30.0,madmom
gktSILI4uGw.wav,15.78,0.0,30.0,madmom
gktSILI4uGw.wav,16.35,0.0,30.0,madmom
gktSILI4uGw.wav,16.93,0.0,30.0,madmom
gktSILI4uGw.wav,17.5,0.0,30.0,madmom
gktSILI4uGw.wav,18.07,0.0,30.0,madmom
gktSILI4uGw.wav,18.65,0.0,30.0,madmom
gktSILI4uGw.wav,19.23,0.0,30.0,madmom
gktSILI4uGw.wav,19.79,0.0,30.0,madmom
gktSILI4uGw.wav,20.36,0.0,30.0,madmom
gktSILI4uGw.wav,20.93,0.0,30.0,madmom
gktSILI4uGw.wav,21.5,0.0,30.0,madmom
gktSILI4uGw.wav,22.07,0.0,30.0,madmom
gktSILI4uGw.wav,22.64,0.0,30.0,madmom
gktSILI4uGw.wav,23.22,0.0,30.0,madmom
gktSILI4uGw.wav,23.78,0.0,30.0,madmom
gktSILI4uGw.wav,24.36,0.0,30.0,madmom
gktSILI4uGw.wav,24.93,0.0,30.0,madmom
gktSILI4uGw.wav,25.49,0.0,30.0,madmom
gktSILI4uGw.wav,26.07,0.0,30.0,madmom
gktSILI4uGw.wav,26.64,0.0,30.0,madmom
gktSILI4uGw.wav,27.21,0.0,30.0,madmom
gktSILI4uGw.wav,27.79,0.0,30.0,madmom
gktSILI4uGw.wav,28.36,0.0,30.0,madmom
gktSILI4uGw.wav,28.92,0.0,30.0,madmom
gktSILI4uGw.wav,29.5,0.0,30.0,madmom
glaZwDDrTSo.wav,0.55,0.0,30.0,madmom
glaZwDDrTSo.wav,1.47,0.0,30.0,madmom
glaZwDDrTSo.wav,2.48,0.0,30.0,madmom
glaZwDDrTSo.wav,3.39,0.0,30.0,madmom
glaZwDDrTSo.wav,4.37,0.0,30.0,madmom
glaZwDDrTSo.wav,5.35,0.0,30.0,madmom
glaZwDDrTSo.wav,6.38,0.0,30.0,madmom
glaZwDDrTSo.wav,7.42,0.0,30.0,madmom
glaZwDDrTSo.wav,8.37,0.0,30.0,madmom
glaZwDDrTSo.wav,9.37,0.0,30.0,madmom
glaZwDDrTSo.wav,10.37,0.0,30.0,madmom
glaZwDDrTSo.wav,11.39,0.0,30.0,madmom
glaZwDDrTSo.wav,12.41,0.0,30.0,madmom
glaZwDDrTSo.wav,13.42,0.0,30.0,madmom
glaZwDDrTSo.wav,14.41,0.0,30.0,madmom
glaZwDDrTSo.wav,15.37,0.0,30.0,madmom
glaZwDDrTSo.wav,16.33,0.0,30.0,madmom
glaZwDDrTSo.wav,17.36,0.0,30.0,madmom
glaZwDDrTSo.wav,18.31,0.0,30.0,madmom
glaZwDDrTSo.wav,19.24,0.0,30.0,madmom
glaZwDDrTSo.wav,20.15,0.0,30.0,madmom
glaZwDDrTSo.wav,21.19,0.0,30.0,madmom
glaZwDDrTSo.wav,22.17,0.0,30.0,madmom
glaZwDDrTSo.wav,23.19,0.0,30.0,madmom
glaZwDDrTSo.wav,24.2,0.0,30.0,madmom
glaZwDDrTSo.wav,25.23,0.0,30.0,madmom
glaZwDDrTSo.wav,26.25,0.0,30.0,madmom
glaZwDDrTSo.wav,27.25,0.0,30.0,madmom
glaZwDDrTSo.wav,28.28,0.0,30.0,madmom
glaZwDDrTSo.wav,29.27,0.0,30.0,madmom
grjlXtjRC-U.wav,0.05,0.0,30.0,madmom
grjlXtjRC-U.wav,0.46,0.0,30.0,madmom
grjlXtjRC-U.wav,0.88,0.0,30.0,madmom
grjlXtjRC-U.wav,1.3,0.0,30.0,madmom
grjlXtjRC-U.wav,1.72,0.0,30.0,madmom
grjlXtjRC-U.wav,2.13,0.0,30.0,madmom
grjlXtjRC-U.wav,2.55,0.0,30.0,madmom
grjlXtjRC-U.wav,2.97,0.0,30.0,madmom
grjlXtjRC-U.wav,3.38,0.0,30.0,madmom
grjlXtjRC-U.wav,3.8,0.0,30.0,madmom
grjlXtjRC-U.wav,4.21,0.0,30.0,madmom
grjlXtjRC-U.wav,4.63,0.0,30.0,madmom
grjlXtjRC-U.wav,5.05,0.0,30.0,madmom
grjlXtjRC-U.wav,5.46,0.0,30.0,madmom
grjlXtjRC-U.wav,5.9,0.0,30.0,madmom
grjlXtjRC-U.wav,6.31,0.0,30.0,madmom
grjlXtjRC-U.wav,6.71,0.0,30.0,madmom
grjlXtjRC-U.wav,7.13,0.0,30.0,madmom
grjlXtjRC-U.wav,7.55,0.0,30.0,madmom
grjlXtjRC-U.wav,7.97,0.0,30.0,madmom
grjlXtjRC-U.wav,8.39,0.0,30.0,madmom
grjlXtjRC-U.wav,8.79,0.0,30.0,madmom
grjlXtjRC-U.wav,9.21,0.0,30.0,madmom
grjlXtjRC-U.wav,9.64,0.0,30.0,madmom
grjlXtjRC-U.wav,10.05,0.0,30.0,madmom
grjlXtjRC-U.wav,10.47,0.0,30.0,madmom
grjlXtjRC-U.wav,10.88,0.0,30.0,madmom
grjlXtjRC-U.wav,11.3,0.0,30.0,madmom
grjlXtjRC-U.wav,11.72,0.0,30.0,madmom
grjlXtjRC-U.wav,12.13,0.0,30.0,madmom
grjlXtjRC-U.wav,12.54,0.0,30.0,madmom
grjlXtjRC-U.wav,12.97,0.0,30.0,madmom
grjlXtjRC-U.wav,13.39,0.0,30.0,madmom
grjlXtjRC-U.wav,13.8,0.0,30.0,madmom
grjlXtjRC-U.wav,14.21,0.0,30.0,madmom
grjlXtjRC-U.wav,14.63,0.0,30.0,madmom
grjlXtjRC-U.wav,15.06,0.0,30.0,madmom
grjlXtjRC-U.wav,15.47,0.0,30.0,madmom
grjlXtjRC-U.wav,15.88,0.0,30.0,madmom
grjlXtjRC-U.wav,16.3,0.0,30.0,madmom
grjlXtjRC-U.wav,16.72,0.0,30.0,madmom
grjlXtjRC-U.wav,17.14,0.0,30.0,madmom
grjlXtjRC-U.wav,17.55,0.0,30.0,madmom
grjlXtjRC-U.wav,17.97,0.0,30.0,madmom
grjlXtjRC-U.wav,18.39,0.0,30.0,madmom
grjlXtjRC-U.wav,18.8,0.0,30.0,madmom
grjlXtjRC-U.wav,19.21,0.0,30.0,madmom
grjlXtjRC-U.wav,19.64,0.0,30.0,madmom
grjlXtjRC-U.wav,20.07,0.0,30.0,madmom
grjlXtjRC-U.wav,20.48,0.0,30.0,madmom
grjlXtjRC-U.wav,20.87,0.0,30.0,madmom
grjlXtjRC-U.wav,21.29,0.0,30.0,madmom
grjlXtjRC-U.wav,21.69,0.0,30.0,madmom
grjlXtjRC-U.wav,22.12,0.0,30.0,madmom
grjlXtjRC-U.wav,22.54,0.0,30.0,madmom
grjlXtjRC-U.wav,22.96,0.0,30.0,madmom
grjlXtjRC-U.wav,23.38,0.0,30.0,madmom
grjlXtjRC-U.wav,23.79,0.0,30.0,madmom
grjlXtjRC-U.wav,24.21,0.0,30.0,madmom
grjlXtjRC-U.wav,24.63,0.0,30.0,madmom
grjlXtjRC-U.wav,25.05,0.0,30.0,madmom
grjlXtjRC-U.wav,25.46,0.0,30.0,madmom
grjlXtjRC-U.wav,25.88,0.0,30.0,madmom
grjlXtjRC-U.wav,26.3,0.0,30.0,madmom
grjlXtjRC-U.wav,26.71,0.0,30.0,madmom
grjlXtjRC-U.wav,27.13,0.0,30.0,madmom
grjlXtjRC-U.wav,27.54,0.0,30.0,madmom
grjlXtjRC-U.wav,27.96,0.0,30.0,madmom
grjlXtjRC-U.wav,28.39,0.0,30.0,madmom
grjlXtjRC-U.wav,28.79,0.0,30.0,madmom
grjlXtjRC-U.wav,29.21,0.0,30.0,madmom
grjlXtjRC-U.wav,29.64,0.0,30.0,madmom
h7cOOfpdEfk.wav,0.03,0.0,30.0,madmom
h7cOOfpdEfk.wav,0.49,0.0,30.0,madmom
h7cOOfpdEfk.wav,0.94,0.0,30.0,madmom
h7cOOfpdEfk.wav,1.41,0.0,30.0,madmom
h7cOOfpdEfk.wav,1.88,0.0,30.0,madmom
h7cOOfpdEfk.wav,2.33,0.0,30.0,madmom
h7cOOfpdEfk.wav,2.78,0.0,30.0,madmom
h7cOOfpdEfk.wav,3.25,0.0,30.0,madmom
h7cOOfpdEfk.wav,3.72,0.0,30.0,madmom
h7cOOfpdEfk.wav,4.18,0.0,30.0,madmom
h7cOOfpdEfk.wav,4.65,0.0,30.0,madmom
h7cOOfpdEfk.wav,5.11,0.0,30.0,madmom
h7cOOfpdEfk.wav,5.57,0.0,30.0,madmom
h7cOOfpdEfk.wav,6.03,0.0,30.0,madmom
h7cOOfpdEfk.wav,6.5,0.0,30.0,madmom
h7cOOfpdEfk.wav,6.96,0.0,30.0,madmom
h7cOOfpdEfk.wav,7.42,0.0,30.0,madmom
h7cOOfpdEfk.wav,7.88,0.0,30.0,madmom
h7cOOfpdEfk.wav,8.34,0.0,30.0,madmom
h7cOOfpdEfk.wav,8.8,0.0,30.0,madmom
h7cOOfpdEfk.wav,9.26,0.0,30.0,madmom
h7cOOfpdEfk.wav,9.72,0.0,30.0,madmom
h7cOOfpdEfk.wav,10.18,0.0,30.0,madmom
h7cOOfpdEfk.wav,10.65,0.0,30.0,madmom
h7cOOfpdEfk.wav,11.11,0.0,30.0,madmom
h7cOOfpdEfk.wav,11.57,0.0,30.0,madmom
h7cOOfpdEfk.wav,12.03,0.0,30.0,madmom
h7cOOfpdEfk.wav,12.5,0.0,30.0,madmom
h7cOOfpdEfk.wav,12.96,0.0,30.0,madmom
h7cOOfpdEfk.wav,13.42,0.0,30.0,madmom
h7cOOfpdEfk.wav,13.88,0.0,30.0,madmom
h7cOOfpdEfk.wav,14.35,0.0,30.0,madmom
h7cOOfpdEfk.wav,14.8,0.0,30.0,madmom
h7cOOfpdEfk.wav,15.26,0.0,30.0,madmom
h7cOOfpdEfk.wav,15.72,0.0,30.0,madmom
h7cOOfpdEfk.wav,16.18,0.0,30.0,madmom
h7cOOfpdEfk.wav,16.65,0.0,30.0,madmom
h7cOOfpdEfk.wav,17.11,0.0,30.0,madmom
h7cOOfpdEfk.wav,17.56,0.0,30.0,madmom
h7cOOfpdEfk.wav,18.02,0.0,30.0,madmom
h7cOOfpdEfk.wav,18.47,0.0,30.0,madmom
h7cOOfpdEfk.wav,18.94,0.0,30.0,madmom
h7cOOfpdEfk.wav,19.42,0.0,30.0,madmom
h7cOOfpdEfk.wav,19.87,0.0,30.0,madmom
h7cOOfpdEfk.wav,20.34,0.0,30.0,madmom
h7cOOfpdEfk.wav,20.79,0.0,30.0,madmom
h7cOOfpdEfk.wav,21.25,0.0,30.0,madmom
h7cOOfpdEfk.wav,21.71,0.0,30.0,madmom
h7cOOfpdEfk.wav,22.17,0.0,30.0,madmom
h7cOOfpdEfk.wav,22.63,0.0,30.0,madmom
h7cOOfpdEfk.wav,23.11,0.0,30.0,madmom
h7cOOfpdEfk.wav,23.56,0.0,30.0,madmom
h7cOOfpdEfk.wav,24.03,0.0,30.0,madmom
h7cOOfpdEfk.wav,24.48,0.0,30.0,madmom
h7cOOfpdEfk.wav,24.95,0.0,30.0,madmom
h7cOOfpdEfk.wav,25.4,0.0,30.0,madmom
h7cOOfpdEfk.wav,25.87,0.0,30.0,madmom
h7cOOfpdEfk.wav,26.33,0.0,30.0,madmom
h7cOOfpdEfk.wav,26.79,0.0,30.0,madmom
h7cOOfpdEfk.wav,27.25,0.0,30.0,madmom
h7cOOfpdEfk.wav,27.71,0.0,30.0,madmom
h7cOOfpdEfk.wav,28.17,0.0,30.0,madmom
h7cOOfpdEfk.wav,28.64,0.0,30.0,madmom
h7cOOfpdEfk.wav,29.1,0.0,30.0,madmom
h7cOOfpdEfk.wav,29.56,0.0,30.0,madmom
hC0AvnigvJc.wav,0.0,0.0,30.0,madmom
hC0AvnigvJc.wav,0.54,0.0,30.0,madmom
hC0AvnigvJc.wav,1.07,0.0,30.0,madmom
hC0AvnigvJc.wav,1.6,0.0,30.0,madmom
hC0AvnigvJc.wav,2.15,0.0,30.0,madmom
hC0AvnigvJc.wav,2.7,0.0,30.0,madmom
hC0AvnigvJc.wav,3.21,0.0,30.0,madmom
hC0AvnigvJc.wav,3.77,0.0,30.0,madmom
hC0AvnigvJc.wav,4.35,0.0,30.0,madmom
hC0AvnigvJc.wav,4.93,0.0,30.0,madmom
hC0AvnigvJc.wav,5.54,0.0,30.0,madmom
hC0AvnigvJc.wav,6.11,0.0,30.0,madmom
hC0AvnigvJc.wav,6.76,0.0,30.0,madmom
hC0AvnigvJc.wav,7.4,0.0,30.0,madmom
hC0AvnigvJc.wav,8.07,0.0,30.0,madmom
hC0AvnigvJc.wav,8.73,0.0,30.0,madmom
hC0AvnigvJc.wav,9.37,0.0,30.0,madmom
hC0AvnigvJc.wav,10.05,0.0,30.0,madmom
hC0AvnigvJc.wav,10.68,0.0,30.0,madmom
hC0AvnigvJc.wav,11.29,0.0,30.0,madmom
hC0AvnigvJc.wav,11.92,0.0,30.0,madmom
hC0AvnigvJc.wav,12.56,0.0,30.0,madmom
hC0AvnigvJc.wav,13.13,0.0,30.0,madmom
hC0AvnigvJc.wav,13.74,0.0,30.0,madmom
hC0AvnigvJc.wav,14.27,0.0,30.0,madmom
hC0AvnigvJc.wav,14.72,0.0,30.0,madmom
hC0AvnigvJc.wav,15.16,0.0,30.0,madmom
hC0AvnigvJc.wav,15.61,0.0,30.0,madmom
hC0AvnigvJc.wav,16.06,0.0,30.0,madmom
hC0AvnigvJc.wav,16.49,0.0,30.0,madmom
hC0AvnigvJc.wav,16.93,0.0,30.0,madmom
hC0AvnigvJc.wav,17.34,0.0,30.0,madmom
hC0AvnigvJc.wav,17.79,0.0,30.0,madmom
hC0AvnigvJc.wav,18.19,0.0,30.0,madmom
hC0AvnigvJc.wav,18.63,0.0,30.0,madmom
hC0AvnigvJc.wav,19.03,0.0,30.0,madmom
hC0AvnigvJc.wav,19.47,0.0,30.0,madmom
hC0AvnigvJc.wav,19.88,0.0,30.0,madmom
hC0AvnigvJc.wav,20.31,0.0,30.0,madmom
hC0AvnigvJc.wav,20.71,0.0,30.0,madmom
hC0AvnigvJc.wav,21.14,0.0,30.0,madmom
hC0AvnigvJc.wav,21.55,0.0,30.0,madmom
hC0AvnigvJc.wav,21.99,0.0,30.0,madmom
hC0AvnigvJc.wav,22.41,0.0,30.0,madmom
hC0AvnigvJc.wav,22.83,0.0,30.0,madmom
hC0AvnigvJc.wav,23.25,0.0,30.0,madmom
hC0AvnigvJc.wav,23.68,0.0,30.0,madmom
hC0AvnigvJc.wav,24.11,0.0,30.0,madmom
hC0AvnigvJc.wav,24.55,0.0,30.0,madmom
hC0AvnigvJc.wav,24.97,0.0,30.0,madmom
hC0AvnigvJc.wav,25.42,0.0,30.0,madmom
hC0AvnigvJc.wav,25.83,0.0,30.0,madmom
hC0AvnigvJc.wav,26.25,0.0,30.0,madmom
hC0AvnigvJc.wav,26.67,0.0,30.0,madmom
hC0AvnigvJc.wav,27.08,0.0,30.0,madmom
hC0AvnigvJc.wav,27.52,0.0,30.0,madmom
hC0AvnigvJc.wav,27.93,0.0,30.0,madmom
hC0AvnigvJc.wav,28.36,0.0,30.0,madmom
hC0AvnigvJc.wav,28.81,0.0,30.0,madmom
hC0AvnigvJc.wav,29.24,0.0,30.0,madmom
hC0AvnigvJc.wav,29.66,0.0,30.0,madmom
hV3i-2bykvo.wav,0.11,0.0,30.0,madmom
hV3i-2bykvo.wav,0.78,0.0,30.0,madmom
hV3i-2bykvo.wav,1.44,0.0,30.0,madmom
hV3i-2bykvo.wav,2.11,0.0,30.0,madmom
hV3i-2bykvo.wav,2.77,0.0,30.0,madmom
hV3i-2bykvo.wav,3.44,0.0,30.0,madmom
hV3i-2bykvo.wav,4.11,0.0,30.0,madmom
hV3i-2bykvo.wav,4.77,0.0,30.0,madmom
hV3i-2bykvo.wav,5.44,0.0,30.0,madmom
hV3i-2bykvo.wav,6.11,0.0,30.0,madmom
hV3i-2bykvo.wav,6.78,0.0,30.0,madmom
hV3i-2bykvo.wav,7.44,0.0,30.0,madmom
hV3i-2bykvo.wav,8.11,0.0,30.0,madmom
hV3i-2bykvo.wav,8.77,0.0,30.0,madmom
hV3i-2bykvo.wav,9.44,0.0,30.0,madmom
hV3i-2bykvo.wav,10.11,0.0,30.0,madmom
hV3i-2bykvo.wav,10.78,0.0,30.0,madmom
hV3i-2bykvo.wav,11.45,0.0,30.0,madmom
hV3i-2bykvo.wav,12.11,0.0,30.0,madmom
hV3i-2bykvo.wav,12.78,0.0,30.0,madmom
hV3i-2bykvo.wav,13.44,0.0,30.0,madmom
hV3i-2bykvo.wav,14.11,0.0,30.0,madmom
hV3i-2bykvo.wav,14.78,0.0,30.0,madmom
hV3i-2bykvo.wav,15.44,0.0,30.0,madmom
hV3i-2bykvo.wav,16.11,0.0,30.0,madmom
hV3i-2bykvo.wav,16.78,0.0,30.0,madmom
hV3i-2bykvo.wav,17.44,0.0,30.0,madmom
hV3i-2bykvo.wav,18.11,0.0,30.0,madmom
hV3i-2bykvo.wav,18.78,0.0,30.0,madmom
hV3i-2bykvo.wav,19.44,0.0,30.0,madmom
hV3i-2bykvo.wav,20.11,0.0,30.0,madmom
hV3i-2bykvo.wav,20.78,0.0,30.0,madmom
hV3i-2bykvo.wav,21.44,0.0,30.0,madmom
hV3i-2bykvo.wav,22.11,0.0,30.0,madmom
hV3i-2bykvo.wav,22.78,0.0,30.0,madmom
hV3i-2bykvo.wav,23.44,0.0,30.0,madmom
hV3i-2bykvo.wav,24.11,0.0,30.0,madmom
hV3i-2bykvo.wav,24.78,0.0,30.0,madmom
hV3i-2bykvo.wav,25.44,0.0,30.0,madmom
hV3i-2bykvo.wav,26.11,0.0,30.0,madmom
hV3i-2bykvo.wav,26.78,0.0,30.0,madmom
hV3i-2bykvo.wav,27.44,0.0,30.0,madmom
hV3i-2bykvo.wav,28.11,0.0,30.0,madmom
hV3i-2bykvo.wav,28.78,0.0,30.0,madmom
hV3i-2bykvo.wav,29.44,0.0,30.0,madmom
hV_oeKf3dLU.wav,0.42,0.0,30.0,madmom
hV_oeKf3dLU.wav,0.96,0.0,30.0,madmom
hV_oeKf3dLU.wav,1.51,0.0,30.0,madmom
hV_oeKf3dLU.wav,2.06,0.0,30.0,madmom
hV_oeKf3dLU.wav,2.61,0.0,30.0,madmom
hV_oeKf3dLU.wav,3.16,0.0,30.0,madmom
hV_oeKf3dLU.wav,3.72,0.0,30.0,madmom
hV_oeKf3dLU.wav,4.25,0.0,30.0,madmom
hV_oeKf3dLU.wav,4.81,0.0,30.0,madmom
hV_oeKf3dLU.wav,5.4,0.0,30.0,madmom
hV_oeKf3dLU.wav,5.95,0.0,30.0,madmom
hV_oeKf3dLU.wav,6.5,0.0,30.0,madmom
hV_oeKf3dLU.wav,7.06,0.0,30.0,madmom
hV_oeKf3dLU.wav,7.58,0.0,30.0,madmom
hV_oeKf3dLU.wav,8.16,0.0,30.0,madmom
hV_oeKf3dLU.wav,8.72,0.0,30.0,madmom
hV_oeKf3dLU.wav,9.28,0.0,30.0,madmom
hV_oeKf3dLU.wav,9.83,0.0,30.0,madmom
hV_oeKf3dLU.wav,10.39,0.0,30.0,madmom
hV_oeKf3dLU.wav,10.96,0.0,30.0,madmom
hV_oeKf3dLU.wav,11.5,0.0,30.0,madmom
hV_oeKf3dLU.wav,12.04,0.0,30.0,madmom
hV_oeKf3dLU.wav,12.62,0.0,30.0,madmom
hV_oeKf3dLU.wav,13.16,0.0,30.0,madmom
hV_oeKf3dLU.wav,13.7,0.0,30.0,madmom
hV_oeKf3dLU.wav,14.28,0.0,30.0,madmom
hV_oeKf3dLU.wav,14.83,0.0,30.0,madmom
hV_oeKf3dLU.wav,15.41,0.0,30.0,madmom
hV_oeKf3dLU.wav,15.96,0.0,30.0,madmom
hV_oeKf3dLU.wav,16.48,0.0,30.0,madmom
hV_oeKf3dLU.wav,17.05,0.0,30.0,madmom
hV_oeKf3dLU.wav,17.62,0.0,30.0,madmom
hV_oeKf3dLU.wav,18.17,0.0,30.0,madmom
hV_oeKf3dLU.wav,18.73,0.0,30.0,madmom
hV_oeKf3dLU.wav,19.27,0.0,30.0,madmom
hV_oeKf3dLU.wav,19.85,0.0,30.0,madmom
hV_oeKf3dLU.wav,20.4,0.0,30.0,madmom
hV_oeKf3dLU.wav,20.92,0.0,30.0,madmom
hV_oeKf3dLU.wav,21.51,0.0,30.0,madmom
hV_oeKf3dLU.wav,22.04,0.0,30.0,madmom
hV_oeKf3dLU.wav,22.63,0.0,30.0,madmom
hV_oeKf3dLU.wav,23.19,0.0,30.0,madmom
hV_oeKf3dLU.wav,23.72,0.0,30.0,madmom
hV_oeKf3dLU.wav,24.31,0.0,30.0,madmom
hV_oeKf3dLU.wav,24.84,0.0,30.0,madmom
hV_oeKf3dLU.wav,25.38,0.0,30.0,madmom
hV_oeKf3dLU.wav,25.95,0.0,30.0,madmom
hV_oeKf3dLU.wav,26.51,0.0,30.0,madmom
hV_oeKf3dLU.wav,27.06,0.0,30.0,madmom
hV_oeKf3dLU.wav,27.58,0.0,30.0,madmom
hV_oeKf3dLU.wav,28.16,0.0,30.0,madmom
hV_oeKf3dLU.wav,28.7,0.0,30.0,madmom
hV_oeKf3dLU.wav,29.27,0.0,30.0,madmom
hV_oeKf3dLU.wav,29.84,0.0,30.0,madmom
hXYT32hIbX4.wav,0.33,0.0,30.0,madmom
hXYT32hIbX4.wav,0.9,0.0,30.0,madmom
hXYT32hIbX4.wav,1.47,0.0,30.0,madmom
hXYT32hIbX4.wav,2.02,0.0,30.0,madmom
hXYT32hIbX4.wav,2.57,0.0,30.0,madmom
hXYT32hIbX4.wav,3.14,0.0,30.0,madmom
hXYT32hIbX4.wav,3.7,0.0,30.0,madmom
hXYT32hIbX4.wav,4.25,0.0,30.0,madmom
hXYT32hIbX4.wav,4.81,0.0,30.0,madmom
hXYT32hIbX4.wav,5.39,0.0,30.0,madmom
hXYT32hIbX4.wav,5.95,0.0,30.0,madmom
hXYT32hIbX4.wav,6.5,0.0,30.0,madmom
hXYT32hIbX4.wav,7.06,0.0,30.0,madmom
hXYT32hIbX4.wav,7.63,0.0,30.0,madmom
hXYT32hIbX4.wav,8.19,0.0,30.0,madmom
hXYT32hIbX4.wav,8.75,0.0,30.0,madmom
hXYT32hIbX4.wav,9.31,0.0,30.0,madmom
hXYT32hIbX4.wav,9.87,0.0,30.0,madmom
hXYT32hIbX4.wav,10.43,0.0,30.0,madmom
hXYT32hIbX4.wav,10.98,0.0,30.0,madmom
hXYT32hIbX4.wav,11.55,0.0,30.0,madmom
hXYT32hIbX4.wav,12.11,0.0,30.0,madmom
hXYT32hIbX4.wav,12.67,0.0,30.0,madmom
hXYT32hIbX4.wav,13.23,0.0,30.0,madmom
hXYT32hIbX4.wav,13.79,0.0,30.0,madmom
hXYT32hIbX4.wav,14.35,0.0,30.0,madmom
hXYT32hIbX4.wav,14.91,0.0,30.0,madmom
hXYT32hIbX4.wav,15.48,0.0,30.0,madmom
hXYT32hIbX4.wav,16.03,0.0,30.0,madmom
hXYT32hIbX4.wav,16.6,0.0,30.0,madmom
hXYT32hIbX4.wav,17.16,0.0,30.0,madmom
hXYT32hIbX4.wav,17.72,0.0,30.0,madmom
hXYT32hIbX4.wav,18.28,0.0,30.0,madmom
hXYT32hIbX4.wav,18.84,0.0,30.0,madmom
hXYT32hIbX4.wav,19.4,0.0,30.0,madmom
hXYT32hIbX4.wav,19.96,0.0,30.0,madmom
hXYT32hIbX4.wav,20.52,0.0,30.0,madmom
hXYT32hIbX4.wav,21.08,0.0,30.0,madmom
hXYT32hIbX4.wav,21.64,0.0,30.0,madmom
hXYT32hIbX4.wav,22.21,0.0,30.0,madmom
hXYT32hIbX4.wav,22.76,0.0,30.0,madmom
hXYT32hIbX4.wav,23.32,0.0,30.0,madmom
hXYT32hIbX4.wav,23.89,0.0,30.0,madmom
hXYT32hIbX4.wav,24.45,0.0,30.0,madmom
hXYT32hIbX4.wav,25.01,0.0,30.0,madmom
hXYT32hIbX4.wav,25.58,0.0,30.0,madmom
hXYT32hIbX4.wav,26.13,0.0,30.0,madmom
hXYT32hIbX4.wav,26.69,0.0,30.0,madmom
hXYT32hIbX4.wav,27.26,0.0,30.0,madmom
hXYT32hIbX4.wav,27.82,0.0,30.0,madmom
hXYT32hIbX4.wav,28.37,0.0,30.0,madmom
hXYT32hIbX4.wav,28.93,0.0,30.0,madmom
hXYT32hIbX4.wav,29.5,0.0,30.0,madmom
hnAeK7UyQp0.wav,0.42,0.0,30.0,madmom
hnAeK7UyQp0.wav,1.14,0.0,30.0,madmom
hnAeK7UyQp0.wav,1.88,0.0,30.0,madmom
hnAeK7UyQp0.wav,2.61,0.0,30.0,madmom
hnAeK7UyQp0.wav,3.3,0.0,30.0,madmom
hnAeK7UyQp0.wav,4.01,0.0,30.0,madmom
hnAeK7UyQp0.wav,4.72,0.0,30.0,madmom
hnAeK7UyQp0.wav,5.44,0.0,30.0,madmom
hnAeK7UyQp0.wav,6.18,0.0,30.0,madmom
hnAeK7UyQp0.wav,6.91,0.0,30.0,madmom
hnAeK7UyQp0.wav,7.64,0.0,30.0,madmom
hnAeK7UyQp0.wav,8.37,0.0,30.0,madmom
hnAeK7UyQp0.wav,9.1,0.0,30.0,madmom
hnAeK7UyQp0.wav,9.84,0.0,30.0,madmom
hnAeK7UyQp0.wav,10.57,0.0,30.0,madmom
hnAeK7UyQp0.wav,11.29,0.0,30.0,madmom
hnAeK7UyQp0.wav,12.03,0.0,30.0,madmom
hnAeK7UyQp0.wav,12.76,0.0,30.0,madmom
hnAeK7UyQp0.wav,13.49,0.0,30.0,madmom
hnAeK7UyQp0.wav,14.22,0.0,30.0,madmom
hnAeK7UyQp0.wav,14.95,0.0,30.0,madmom
hnAeK7UyQp0.wav,15.66,0.0,30.0,madmom
hnAeK7UyQp0.wav,16.42,0.0,30.0,madmom
hnAeK7UyQp0.wav,17.15,0.0,30.0,madmom
hnAeK7UyQp0.wav,17.88,0.0,30.0,madmom
hnAeK7UyQp0.wav,18.61,0.0,30.0,madmom
hnAeK7UyQp0.wav,19.35,0.0,30.0,madmom
hnAeK7UyQp0.wav,20.08,0.0,30.0,madmom
hnAeK7UyQp0.wav,20.81,0.0,30.0,madmom
hnAeK7UyQp0.wav,21.54,0.0,30.0,madmom
hnAeK7UyQp0.wav,22.27,0.0,30.0,madmom
hnAeK7UyQp0.wav,23.01,0.0,30.0,madmom
hnAeK7UyQp0.wav,23.74,0.0,30.0,madmom
hnAeK7UyQp0.wav,24.47,0.0,30.0,madmom
hnAeK7UyQp0.wav,25.2,0.0,30.0,madmom
hnAeK7UyQp0.wav,25.93,0.0,30.0,madmom
hnAeK7UyQp0.wav,26.66,0.0,30.0,madmom
hnAeK7UyQp0.wav,27.39,0.0,30.0,madmom
hnAeK7UyQp0.wav,28.13,0.0,30.0,madmom
hnAeK7UyQp0.wav,28.85,0.0,30.0,madmom
hnAeK7UyQp0.wav,29.59,0.0,30.0,madmom
i5ubDN3SySI.wav,0.28,0.0,30.0,madmom
i5ubDN3SySI.wav,1.05,0.0,30.0,madmom
i5ubDN3SySI.wav,1.85,0.0,30.0,madmom
i5ubDN3SySI.wav,2.65,0.0,30.0,madmom
i5ubDN3SySI.wav,3.51,0.0,30.0,madmom
i5ubDN3SySI.wav,4.3,0.0,30.0,madmom
i5ubDN3SySI.wav,5.1,0.0,30.0,madmom
i5ubDN3SySI.wav,5.9,0.0,30.0,madmom
i5ubDN3SySI.wav,6.76,0.0,30.0,madmom
i5ubDN3SySI.wav,7.58,0.0,30.0,madmom
i5ubDN3SySI.wav,8.36,0.0,30.0,madmom
i5ubDN3SySI.wav,9.16,0.0,30.0,madmom
i5ubDN3SySI.wav,9.98,0.0,30.0,madmom
i5ubDN3SySI.wav,10.78,0.0,30.0,madmom
i5ubDN3SySI.wav,11.58,0.0,30.0,madmom
i5ubDN3SySI.wav,12.41,0.0,30.0,madmom
i5ubDN3SySI.wav,13.21,0.0,30.0,madmom
i5ubDN3SySI.wav,14.04,0.0,30.0,madmom
i5ubDN3SySI.wav,14.84,0.0,30.0,madmom
i5ubDN3SySI.wav,15.66,0.0,30.0,madmom
i5ubDN3SySI.wav,16.44,0.0,30.0,madmom
i5ubDN3SySI.wav,17.26,0.0,30.0,madmom
i5ubDN3SySI.wav,18.07,0.0,30.0,madmom
i5ubDN3SySI.wav,18.89,0.0,30.0,madmom
i5ubDN3SySI.wav,19.68,0.0,30.0,madmom
i5ubDN3SySI.wav,20.51,0.0,30.0,madmom
i5ubDN3SySI.wav,21.32,0.0,30.0,madmom
i5ubDN3SySI.wav,22.14,0.0,30.0,madmom
i5ubDN3SySI.wav,22.92,0.0,30.0,madmom
i5ubDN3SySI.wav,23.73,0.0,30.0,madmom
i5ubDN3SySI.wav,24.55,0.0,30.0,madmom
i5ubDN3SySI.wav,25.38,0.0,30.0,madmom
i5ubDN3SySI.wav,26.17,0.0,30.0,madmom
i5ubDN3SySI.wav,27.0,0.0,30.0,madmom
i5ubDN3SySI.wav,27.77,0.0,30.0,madmom
i5ubDN3SySI.wav,28.62,0.0,30.0,madmom
i5ubDN3SySI.wav,29.44,0.0,30.0,madmom
j3Itb7Or3aA.wav,0.12,0.0,30.0,madmom
j3Itb7Or3aA.wav,0.78,0.0,30.0,madmom
j3Itb7Or3aA.wav,1.43,0.0,30.0,madmom
j3Itb7Or3aA.wav,2.1,0.0,30.0,madmom
j3Itb7Or3aA.wav,2.72,0.0,30.0,madmom
j3Itb7Or3aA.wav,3.4,0.0,30.0,madmom
j3Itb7Or3aA.wav,4.04,0.0,30.0,madmom
j3Itb7Or3aA.wav,4.69,0.0,30.0,madmom
j3Itb7Or3aA.wav,5.34,0.0,30.0,madmom
j3Itb7Or3aA.wav,6.0,0.0,30.0,madmom
j3Itb7Or3aA.wav,6.65,0.0,30.0,madmom
j3Itb7Or3aA.wav,7.3,0.0,30.0,madmom
j3Itb7Or3aA.wav,7.94,0.0,30.0,madmom
j3Itb7Or3aA.wav,8.61,0.0,30.0,madmom
j3Itb7Or3aA.wav,9.26,0.0,30.0,madmom
j3Itb7Or3aA.wav,9.91,0.0,30.0,madmom
j3Itb7Or3aA.wav,10.56,0.0,30.0,madmom
j3Itb7Or3aA.wav,11.22,0.0,30.0,madmom
j3Itb7Or3aA.wav,11.86,0.0,30.0,madmom
j3Itb7Or3aA.wav,12.52,0.0,30.0,madmom
j3Itb7Or3aA.wav,13.16,0.0,30.0,madmom
j3Itb7Or3aA.wav,13.83,0.0,30.0,madmom
j3Itb7Or3aA.wav,14.48,0.0,30.0,madmom
j3Itb7Or3aA.wav,15.13,0.0,30.0,madmom
j3Itb7Or3aA.wav,15.78,0.0,30.0,madmom
j3Itb7Or3aA.wav,16.46,0.0,30.0,madmom
j3Itb7Or3aA.wav,17.08,0.0,30.0,madmom
j3Itb7Or3aA.wav,17.75,0.0,30.0,madmom
j3Itb7Or3aA.wav,18.38,0.0,30.0,madmom
j3Itb7Or3aA.wav,19.05,0.0,30.0,madmom
j3Itb7Or3aA.wav,19.69,0.0,30.0,madmom
j3Itb7Or3aA.wav,20.34,0.0,30.0,madmom
j3Itb7Or3aA.wav,20.99,0.0,30.0,madmom
j3Itb7Or3aA.wav,21.65,0.0,30.0,madmom
j3Itb7Or3aA.wav,22.3,0.0,30.0,madmom
j3Itb7Or3aA.wav,22.96,0.0,30.0,madmom
j3Itb7Or3aA.wav,23.59,0.0,30.0,madmom
j3Itb7Or3aA.wav,24.27,0.0,30.0,madmom
j3Itb7Or3aA.wav,24.91,0.0,30.0,madmom
j3Itb7Or3aA.wav,25.56,0.0,30.0,madmom
j3Itb7Or3aA.wav,26.21,0.0,30.0,madmom
j3Itb7Or3aA.wav,26.87,0.0,30.0,madmom
j3Itb7Or3aA.wav,27.51,0.0,30.0,madmom
j3Itb7Or3aA.wav,28.18,0.0,30.0,madmom
j3Itb7Or3aA.wav,28.81,0.0,30.0,madmom
j3Itb7Or3aA.wav,29.49,0.0,30.0,madmom
jGGQyqohOaw.wav,0.32,0.0,30.0,madmom
jGGQyqohOaw.wav,1.14,0.0,30.0,madmom
jGGQyqohOaw.wav,1.94,0.0,30.0,madmom
jGGQyqohOaw.wav,2.76,0.0,30.0,madmom
jGGQyqohOaw.wav,3.57,0.0,30.0,madmom
jGGQyqohOaw.wav,4.37,0.0,30.0,madmom
jGGQyqohOaw.wav,5.18,0.0,30.0,madmom
jGGQyqohOaw.wav,5.99,0.0,30.0,madmom
jGGQyqohOaw.wav,6.81,0.0,30.0,madmom
jGGQyqohOaw.wav,7.62,0.0,30.0,madmom
jGGQyqohOaw.wav,8.43,0.0,30.0,madmom
jGGQyqohOaw.wav,9.24,0.0,30.0,madmom
jGGQyqohOaw.wav,10.05,0.0,30.0,madmom
jGGQyqohOaw.wav,10.86,0.0,30.0,madmom
jGGQyqohOaw.wav,11.67,0.0,30.0,madmom
jGGQyqohOaw.wav,12.49,0.0,30.0,madmom
jGGQyqohOaw.wav,13.3,0.0,30.0,madmom
jGGQyqohOaw.wav,14.11,0.0,30.0,madmom
jGGQyqohOaw.wav,14.91,0.0,30.0,madmom
jGGQyqohOaw.wav,15.69,0.0,30.0,madmom
jGGQyqohOaw.wav,16.54,0.0,30.0,madmom
jGGQyqohOaw.wav,17.35,0.0,30.0,madmom
jGGQyqohOaw.wav,18.18,0.0,30.0,madmom
jGGQyqohOaw.wav,18.97,0.0,30.0,madmom
jGGQyqohOaw.wav,19.78,0.0,30.0,madmom
jGGQyqohOaw.wav,20.59,0.0,30.0,madmom
jGGQyqohOaw.wav,21.38,0.0,30.0,madmom
jGGQyqohOaw.wav,22.22,0.0,30.0,madmom
jGGQyqohOaw.wav,23.02,0.0,30.0,madmom
jGGQyqohOaw.wav,23.83,0.0,30.0,madmom
jGGQyqohOaw.wav,24.64,0.0,30.0,madmom
jGGQyqohOaw.wav,25.45,0.0,30.0,madmom
jGGQyqohOaw.wav,26.27,0.0,30.0,madmom
jGGQyqohOaw.wav,27.08,0.0,30.0,madmom
jGGQyqohOaw.wav,27.86,0.0,30.0,madmom
jGGQyqohOaw.wav,28.69,0.0,30.0,madmom
jGGQyqohOaw.wav,29.51,0.0,30.0,madmom
jR_j-LPLBvU.wav,0.54,0.0,30.0,madmom
jR_j-LPLBvU.wav,1.2,0.0,30.0,madmom
jR_j-LPLBvU.wav,1.81,0.0,30.0,madmom
jR_j-LPLBvU.wav,2.44,0.0,30.0,madmom
jR_j-LPLBvU.wav,3.07,0.0,30.0,madmom
jR_j-LPLBvU.wav,3.7,0.0,30.0,madmom
jR_j-LPLBvU.wav,4.33,0.0,30.0,madmom
jR_j-LPLBvU.wav,4.96,0.0,30.0,madmom
jR_j-LPLBvU.wav,5.59,0.0,30.0,madmom
jR_j-LPLBvU.wav,6.23,0.0,30.0,madmom
jR_j-LPLBvU.wav,6.86,0.0,30.0,madmom
jR_j-LPLBvU.wav,7.49,0.0,30.0,madmom
jR_j-LPLBvU.wav,8.12,0.0,30.0,madmom
jR_j-LPLBvU.wav,8.75,0.0,30.0,madmom
jR_j-LPLBvU.wav,9.38,0.0,30.0,madmom
jR_j-LPLBvU.wav,10.02,0.0,30.0,madmom
jR_j-LPLBvU.wav,10.65,0.0,30.0,madmom
jR_j-LPLBvU.wav,11.28,0.0,30.0,madmom
jR_j-LPLBvU.wav,11.91,0.0,30.0,madmom
jR_j-LPLBvU.wav,12.54,0.0,30.0,madmom
jR_j-LPLBvU.wav,13.17,0.0,30.0,madmom
jR_j-LPLBvU.wav,13.8,0.0,30.0,madmom
jR_j-LPLBvU.wav,14.43,0.0,30.0,madmom
jR_j-LPLBvU.wav,15.07,0.0,30.0,madmom
jR_j-LPLBvU.wav,15.7,0.0,30.0,madmom
jR_j-LPLBvU.wav,16.33,0.0,30.0,madmom
jR_j-LPLBvU.wav,16.96,0.0,30.0,madmom
jR_j-LPLBvU.wav,17.59,0.0,30.0,madmom
jR_j-LPLBvU.wav,18.22,0.0,30.0,madmom
jR_j-LPLBvU.wav,18.86,0.0,30.0,madmom
jR_j-LPLBvU.wav,19.49,0.0,30.0,madmom
jR_j-LPLBvU.wav,20.12,0.0,30.0,madmom
jR_j-LPLBvU.wav,20.75,0.0,30.0,madmom
jR_j-LPLBvU.wav,21.38,0.0,30.0,madmom
jR_j-LPLBvU.wav,22.01,0.0,30.0,madmom
jR_j-LPLBvU.wav,22.65,0.0,30.0,madmom
jR_j-LPLBvU.wav,23.28,0.0,30.0,madmom
jR_j-LPLBvU.wav,23.91,0.0,30.0,madmom
jR_j-LPLBvU.wav,24.54,0.0,30.0,madmom
jR_j-LPLBvU.wav,25.17,0.0,30.0,madmom
jR_j-LPLBvU.wav,25.8,0.0,30.0,madmom
jR_j-LPLBvU.wav,26.44,0.0,30.0,madmom
jR_j-LPLBvU.wav,27.07,0.0,30.0,madmom
jR_j-LPLBvU.wav,27.7,0.0,30.0,madmom
jR_j-LPLBvU.wav,28.33,0.0,30.0,madmom
jR_j-LPLBvU.wav,28.96,0.0,30.0,madmom
jR_j-LPLBvU.wav,29.6,0.0,30.0,madmom
kAV_6EHIuXU.wav,0.43,0.0,30.0,madmom
kAV_6EHIuXU.wav,1.04,0.0,30.0,madmom
kAV_6EHIuXU.wav,1.68,0.0,30.0,madmom
kAV_6EHIuXU.wav,2.27,0.0,30.0,madmom
kAV_6EHIuXU.wav,2.88,0.0,30.0,madmom
kAV_6EHIuXU.wav,3.51,0.0,30.0,madmom
kAV_6EHIuXU.wav,4.12,0.0,30.0,madmom
kAV_6EHIuXU.wav,4.74,0.0,30.0,madmom
kAV_6EHIuXU.wav,5.36,0.0,30.0,madmom
kAV_6EHIuXU.wav,5.98,0.0,30.0,madmom
kAV_6EHIuXU.wav,6.6,0.0,30.0,madmom
kAV_6EHIuXU.wav,7.22,0.0,30.0,madmom
kAV_6EHIuXU.wav,7.83,0.0,30.0,madmom
kAV_6EHIuXU.wav,8.45,0.0,30.0,madmom
kAV_6EHIuXU.wav,9.07,0.0,30.0,madmom
kAV_6EHIuXU.wav,9.69,0.0,30.0,madmom
kAV_6EHIuXU.wav,10.31,0.0,30.0,madmom
kAV_6EHIuXU.wav,10.93,0.0,30.0,madmom
kAV_6EHIuXU.wav,11.55,0.0,30.0,madmom
kAV_6EHIuXU.wav,12.17,0.0,30.0,madmom
kAV_6EHIuXU.wav,12.78,0.0,30.0,madmom
kAV_6EHIuXU.wav,13.4,0.0,30.0,madmom
kAV_6EHIuXU.wav,14.02,0.0,30.0,madmom
kAV_6EHIuXU.wav,14.64,0.0,30.0,madmom
kAV_6EHIuXU.wav,15.26,0.0,30.0,madmom
kAV_6EHIuXU.wav,15.88,0.0,30.0,madmom
kAV_6EHIuXU.wav,16.49,0.0,30.0,madmom
kAV_6EHIuXU.wav,17.11,0.0,30.0,madmom
kAV_6EHIuXU.wav,17.73,0.0,30.0,madmom
kAV_6EHIuXU.wav,18.36,0.0,30.0,madmom
kAV_6EHIuXU.wav,18.97,0.0,30.0,madmom
kAV_6EHIuXU.wav,19.59,0.0,30.0,madmom
kAV_6EHIuXU.wav,20.21,0.0,30.0,madmom
kAV_6EHIuXU.wav,20.84,0.0,30.0,madmom
kAV_6EHIuXU.wav,21.44,0.0,30.0,madmom
kAV_6EHIuXU.wav,22.06,0.0,30.0,madmom
kAV_6EHIuXU.wav,22.68,0.0,30.0,madmom
kAV_6EHIuXU.wav,23.3,0.0,30.0,madmom
kAV_6EHIuXU.wav,23.92,0.0,30.0,madmom
kAV_6EHIuXU.wav,24.54,0.0,30.0,madmom
kAV_6EHIuXU.wav,25.15,0.0,30.0,madmom
kAV_6EHIuXU.wav,25.77,0.0,30.0,madmom
kAV_6EHIuXU.wav,26.39,0.0,30.0,madmom
kAV_6EHIuXU.wav,27.01,0.0,30.0,madmom
kAV_6EHIuXU.wav,27.62,0.0,30.0,madmom
kAV_6EHIuXU.wav,28.26,0.0,30.0,madmom
kAV_6EHIuXU.wav,28.86,0.0,30.0,madmom
kAV_6EHIuXU.wav,29.47,0.0,30.0,madmom
kORjDONhB3E.wav,0.04,0.0,30.0,madmom
kORjDONhB3E.wav,0.46,0.0,30.0,madmom
kORjDONhB3E.wav,0.89,0.0,30.0,madmom
kORjDONhB3E.wav,1.29,0.0,30.0,madmom
kORjDONhB3E.wav,1.73,0.0,30.0,madmom
kORjDONhB3E.wav,2.15,0.0,30.0,madmom
kORjDONhB3E.wav,2.57,0.0,30.0,madmom
kORjDONhB3E.wav,2.97,0.0,30.0,madmom
kORjDONhB3E.wav,3.39,0.0,30.0,madmom
kORjDONhB3E.wav,3.82,0.0,30.0,madmom
kORjDONhB3E.wav,4.21,0.0,30.0,madmom
kORjDONhB3E.wav,4.63,0.0,30.0,madmom
kORjDONhB3E.wav,5.04,0.0,30.0,madmom
kORjDONhB3E.wav,5.45,0.0,30.0,madmom
kORjDONhB3E.wav,5.86,0.0,30.0,madmom
kORjDONhB3E.wav,6.28,0.0,30.0,madmom
kORjDONhB3E.wav,6.69,0.0,30.0,madmom
kORjDONhB3E.wav,7.11,0.0,30.0,madmom
kORjDONhB3E.wav,7.52,0.0,30.0,madmom
kORjDONhB3E.wav,7.93,0.0,30.0,madmom
kORjDONhB3E.wav,8.35,0.0,30.0,madmom
kORjDONhB3E.wav,8.78,0.0,30.0,madmom
kORjDONhB3E.wav,9.18,0.0,30.0,madmom
kORjDONhB3E.wav,9.59,0.0,30.0,madmom
kORjDONhB3E.wav,10.01,0.0,30.0,madmom
kORjDONhB3E.wav,10.41,0.0,30.0,madmom
kORjDONhB3E.wav,10.84,0.0,30.0,madmom
kORjDONhB3E.wav,11.25,0.0,30.0,madmom
kORjDONhB3E.wav,11.66,0.0,30.0,madmom
kORjDONhB3E.wav,12.06,0.0,30.0,madmom
kORjDONhB3E.wav,12.49,0.0,30.0,madmom
kORjDONhB3E.wav,12.91,0.0,30.0,madmom
kORjDONhB3E.wav,13.32,0.0,30.0,madmom
kORjDONhB3E.wav,13.73,0.0,30.0,madmom
kORjDONhB3E.wav,14.14,0.0,30.0,madmom
kORjDONhB3E.wav,14.55,0.0,30.0,madmom
kORjDONhB3E.wav,14.97,0.0,30.0,madmom
kORjDONhB3E.wav,15.39,0.0,30.0,madmom
kORjDONhB3E.wav,15.8,0.0,30.0,madmom
kORjDONhB3E.wav,16.22,0.0,30.0,madmom
kORjDONhB3E.wav,16.63,0.0,30.0,madmom
kORjDONhB3E.wav,17.07,0.0,30.0,madmom
kORjDONhB3E.wav,17.46,0.0,30.0,madmom
kORjDONhB3E.wav,17.87,0.0,30.0,madmom
kORjDONhB3E.wav,18.28,0.0,30.0,madmom
kORjDONhB3E.wav,18.7,0.0,30.0,madmom
kORjDONhB3E.wav,19.11,0.0,30.0,madmom
kORjDONhB3E.wav,19.52,0.0,30.0,madmom
kORjDONhB3E.wav,19.94,0.0,30.0,madmom
kORjDONhB3E.wav,20.34,0.0,30.0,madmom
kORjDONhB3E.wav,20.76,0.0,30.0,madmom
kORjDONhB3E.wav,21.17,0.0,30.0,madmom
kORjDONhB3E.wav,21.59,0.0,30.0,madmom
kORjDONhB3E.wav,22.01,0.0,30.0,madmom
kORjDONhB3E.wav,22.42,0.0,30.0,madmom
kORjDONhB3E.wav,22.83,0.0,30.0,madmom
kORjDONhB3E.wav,23.25,0.0,30.0,madmom
kORjDONhB3E.wav,23.66,0.0,30.0,madmom
kORjDONhB3E.wav,24.07,0.0,30.0,madmom
kORjDONhB3E.wav,24.49,0.0,30.0,madmom
kORjDONhB3E.wav,24.9,0.0,30.0,madmom
kORjDONhB3E.wav,25.3,0.0,30.0,madmom
kORjDONhB3E.wav,25.73,0.0,30.0,madmom
kORjDONhB3E.wav,26.15,0.0,30.0,madmom
kORjDONhB3E.wav,26.55,0.0,30.0,madmom
kORjDONhB3E.wav,26.97,0.0,30.0,madmom
kORjDONhB3E.wav,27.38,0.0,30.0,madmom
kORjDONhB3E.wav,27.78,0.0,30.0,madmom
kORjDONhB3E.wav,28.21,0.0,30.0,madmom
kORjDONhB3E.wav,28.62,0.0,30.0,madmom
kORjDONhB3E.wav,29.04,0.0,30.0,madmom
kORjDONhB3E.wav,29.46,0.0,30.0,madmom
kORjDONhB3E.wav,29.87,0.0,30.0,madmom
k_M2pPYYYH0.wav,0.31,0.0,30.0,madmom
k_M2pPYYYH0.wav,0.9,0.0,30.0,madmom
k_M2pPYYYH0.wav,1.52,0.0,30.0,madmom
k_M2pPYYYH0.wav,2.16,0.0,30.0,madmom
k_M2pPYYYH0.wav,2.76,0.0,30.0,madmom
k_M2pPYYYH0.wav,3.38,0.0,30.0,madmom
k_M2pPYYYH0.wav,3.99,0.0,30.0,madmom
k_M2pPYYYH0.wav,4.6,0.0,30.0,madmom
k_M2pPYYYH0.wav,5.19,0.0,30.0,madmom
k_M2pPYYYH0.wav,5.82,0.0,30.0,madmom
k_M2pPYYYH0.wav,6.44,0.0,30.0,madmom
k_M2pPYYYH0.wav,7.04,0.0,30.0,madmom
k_M2pPYYYH0.wav,7.66,0.0,30.0,madmom
k_M2pPYYYH0.wav,8.27,0.0,30.0,madmom
k_M2pPYYYH0.wav,8.88,0.0,30.0,madmom
k_M2pPYYYH0.wav,9.49,0.0,30.0,madmom
k_M2pPYYYH0.wav,10.12,0.0,30.0,madmom
k_M2pPYYYH0.wav,10.72,0.0,30.0,madmom
k_M2pPYYYH0.wav,11.34,0.0,30.0,madmom
k_M2pPYYYH0.wav,11.94,0.0,30.0,madmom
k_M2pPYYYH0.wav,12.55,0.0,30.0,madmom
k_M2pPYYYH0.wav,13.15,0.0,30.0,madmom
k_M2pPYYYH0.wav,13.78,0.0,30.0,madmom
k_M2pPYYYH0.wav,14.37,0.0,30.0,madmom
k_M2pPYYYH0.wav,15.0,0.0,30.0,madmom
k_M2pPYYYH0.wav,15.61,0.0,30.0,madmom
k_M2pPYYYH0.wav,16.23,0.0,30.0,madmom
k_M2pPYYYH0.wav,16.84,0.0,30.0,madmom
k_M2pPYYYH0.wav,17.45,0.0,30.0,madmom
k_M2pPYYYH0.wav,18.07,0.0,30.0,madmom
k_M2pPYYYH0.wav,18.68,0.0,30.0,madmom
k_M2pPYYYH0.wav,19.29,0.0,30.0,madmom
k_M2pPYYYH0.wav,19.9,0.0,30.0,madmom
k_M2pPYYYH0.wav,20.51,0.0,30.0,madmom
k_M2pPYYYH0.wav,21.13,0.0,30.0,madmom
k_M2pPYYYH0.wav,21.74,0.0,30.0,madmom
k_M2pPYYYH0.wav,22.35,0.0,30.0,madmom
k_M2pPYYYH0.wav,22.96,0.0,30.0,madmom
k_M2pPYYYH0.wav,23.58,0.0,30.0,madmom
k_M2pPYYYH0.wav,24.18,0.0,30.0,madmom
k_M2pPYYYH0.wav,24.8,0.0,30.0,madmom
k_M2pPYYYH0.wav,25.41,0.0,30.0,madmom
k_M2pPYYYH0.wav,26.02,0.0,30.0,madmom
k_M2pPYYYH0.wav,26.63,0.0,30.0,madmom
k_M2pPYYYH0.wav,27.25,0.0,30.0,madmom
k_M2pPYYYH0.wav,27.86,0.0,30.0,madmom
k_M2pPYYYH0.wav,28.47,0.0,30.0,madmom
k_M2pPYYYH0.wav,29.08,0.0,30.0,madmom
k_M2pPYYYH0.wav,29.69,0.0,30.0,madmom
lNR4TrmRIcY.wav,0.01,0.0,30.0,madmom
lNR4TrmRIcY.wav,0.47,0.0,30.0,madmom
lNR4TrmRIcY.wav,0.98,0.0,30.0,madmom
lNR4TrmRIcY.wav,1.46,0.0,30.0,madmom
lNR4TrmRIcY.wav,1.94,0.0,30.0,madmom
lNR4TrmRIcY.wav,2.41,0.0,30.0,madmom
lNR4TrmRIcY.wav,2.88,0.0,30.0,madmom
lNR4TrmRIcY.wav,3.34,0.0,30.0,madmom
lNR4TrmRIcY.wav,3.81,0.0,30.0,madmom
lNR4TrmRIcY.wav,4.29,0.0,30.0,madmom
lNR4TrmRIcY.wav,4.76,0.0,30.0,madmom
lNR4TrmRIcY.wav,5.23,0.0,30.0,madmom
lNR4TrmRIcY.wav,5.72,0.0,30.0,madmom
lNR4TrmRIcY.wav,6.2,0.0,30.0,madmom
lNR4TrmRIcY.wav,6.67,0.0,30.0,madmom
lNR4TrmRIcY.wav,7.14,0.0,30.0,madmom
lNR4TrmRIcY.wav,7.6,0.0,30.0,madmom
lNR4TrmRIcY.wav,8.06,0.0,30.0,madmom
lNR4TrmRIcY.wav,8.53,0.0,30.0,madmom
lNR4TrmRIcY.wav,9.01,0.0,30.0,madmom
lNR4TrmRIcY.wav,9.47,0.0,30.0,madmom
lNR4TrmRIcY.wav,9.94,0.0,30.0,madmom
lNR4TrmRIcY.wav,10.41,0.0,30.0,madmom
lNR4TrmRIcY.wav,10.88,0.0,30.0,madmom
lNR4TrmRIcY.wav,11.34,0.0,30.0,madmom
lNR4TrmRIcY.wav,11.82,0.0,30.0,madmom
lNR4TrmRIcY.wav,12.28,0.0,30.0,madmom
lNR4TrmRIcY.wav,12.75,0.0,30.0,madmom
lNR4TrmRIcY.wav,13.21,0.0,30.0,madmom
lNR4TrmRIcY.wav,13.68,0.0,30.0,madmom
lNR4TrmRIcY.wav,14.13,0.0,30.0,madmom
lNR4TrmRIcY.wav,14.6,0.0,30.0,madmom
lNR4TrmRIcY.wav,15.08,0.0,30.0,madmom
lNR4TrmRIcY.wav,15.55,0.0,30.0,madmom
lNR4TrmRIcY.wav,16.01,0.0,30.0,madmom
lNR4TrmRIcY.wav,16.48,0.0,30.0,madmom
lNR4TrmRIcY.wav,16.95,0.0,30.0,madmom
lNR4TrmRIcY.wav,17.41,0.0,30.0,madmom
lNR4TrmRIcY.wav,17.88,0.0,30.0,madmom
lNR4TrmRIcY.wav,18.35,0.0,30.0,madmom
lNR4TrmRIcY.wav,18.83,0.0,30.0,madmom
lNR4TrmRIcY.wav,19.29,0.0,30.0,madmom
lNR4TrmRIcY.wav,19.76,0.0,30.0,madmom
lNR4TrmRIcY.wav,20.22,0.0,30.0,madmom
lNR4TrmRIcY.wav,20.7,0.0,30.0,madmom
lNR4TrmRIcY.wav,21.18,0.0,30.0,madmom
lNR4TrmRIcY.wav,21.65,0.0,30.0,madmom
lNR4TrmRIcY.wav,22.11,0.0,30.0,madmom
lNR4TrmRIcY.wav,22.59,0.0,30.0,madmom
lNR4TrmRIcY.wav,23.04,0.0,30.0,madmom
lNR4TrmRIcY.wav,23.53,0.0,30.0,madmom
lNR4TrmRIcY.wav,24.0,0.0,30.0,madmom
lNR4TrmRIcY.wav,24.47,0.0,30.0,madmom
lNR4TrmRIcY.wav,24.94,0.0,30.0,madmom
lNR4TrmRIcY.wav,25.43,0.0,30.0,madmom
lNR4TrmRIcY.wav,25.89,0.0,30.0,madmom
lNR4TrmRIcY.wav,26.37,0.0,30.0,madmom
lNR4TrmRIcY.wav,26.84,0.0,30.0,madmom
lNR4TrmRIcY.wav,27.31,0.0,30.0,madmom
lNR4TrmRIcY.wav,27.78,0.0,30.0,madmom
lNR4TrmRIcY.wav,28.24,0.0,30.0,madmom
lNR4TrmRIcY.wav,28.72,0.0,30.0,madmom
lNR4TrmRIcY.wav,29.18,0.0,30.0,madmom
lNR4TrmRIcY.wav,29.65,0.0,30.0,madmom
lUnynBPGc-Q.wav,0.16,0.0,30.0,madmom
lUnynBPGc-Q.wav,0.58,0.0,30.0,madmom
lUnynBPGc-Q.wav,1.01,0.0,30.0,madmom
lUnynBPGc-Q.wav,1.43,0.0,30.0,madmom
lUnynBPGc-Q.wav,1.85,0.0,30.0,madmom
lUnynBPGc-Q.wav,2.28,0.0,30.0,madmom
lUnynBPGc-Q.wav,2.71,0.0,30.0,madmom
lUnynBPGc-Q.wav,3.14,0.0,30.0,madmom
lUnynBPGc-Q.wav,3.56,0.0,30.0,madmom
lUnynBPGc-Q.wav,3.99,0.0,30.0,madmom
lUnynBPGc-Q.wav,4.41,0.0,30.0,madmom
lUnynBPGc-Q.wav,4.84,0.0,30.0,madmom
lUnynBPGc-Q.wav,5.27,0.0,30.0,madmom
lUnynBPGc-Q.wav,5.69,0.0,30.0,madmom
lUnynBPGc-Q.wav,6.12,0.0,30.0,madmom
lUnynBPGc-Q.wav,6.54,0.0,30.0,madmom
lUnynBPGc-Q.wav,6.97,0.0,30.0,madmom
lUnynBPGc-Q.wav,7.39,0.0,30.0,madmom
lUnynBPGc-Q.wav,7.82,0.0,30.0,madmom
lUnynBPGc-Q.wav,8.24,0.0,30.0,madmom
lUnynBPGc-Q.wav,8.67,0.0,30.0,madmom
lUnynBPGc-Q.wav,9.09,0.0,30.0,madmom
lUnynBPGc-Q.wav,9.52,0.0,30.0,madmom
lUnynBPGc-Q.wav,9.95,0.0,30.0,madmom
lUnynBPGc-Q.wav,10.37,0.0,30.0,madmom
lUnynBPGc-Q.wav,10.8,0.0,30.0,madmom
lUnynBPGc-Q.wav,11.22,0.0,30.0,madmom
lUnynBPGc-Q.wav,11.65,0.0,30.0,madmom
lUnynBPGc-Q.wav,12.07,0.0,30.0,madmom
lUnynBPGc-Q.wav,12.5,0.0,30.0,madmom
lUnynBPGc-Q.wav,12.92,0.0,30.0,madmom
lUnynBPGc-Q.wav,13.35,0.0,30.0,madmom
lUnynBPGc-Q.wav,13.78,0.0,30.0,madmom
lUnynBPGc-Q.wav,14.2,0.0,30.0,madmom
lUnynBPGc-Q.wav,14.63,0.0,30.0,madmom
lUnynBPGc-Q.wav,15.06,0.0,30.0,madmom
lUnynBPGc-Q.wav,15.48,0.0,30.0,madmom
lUnynBPGc-Q.wav,15.9,0.0,30.0,madmom
lUnynBPGc-Q.wav,16.33,0.0,30.0,madmom
lUnynBPGc-Q.wav,16.76,0.0,30.0,madmom
lUnynBPGc-Q.wav,17.18,0.0,30.0,madmom
lUnynBPGc-Q.wav,17.6,0.0,30.0,madmom
lUnynBPGc-Q.wav,18.03,0.0,30.0,madmom
lUnynBPGc-Q.wav,18.46,0.0,30.0,madmom
lUnynBPGc-Q.wav,18.88,0.0,30.0,madmom
lUnynBPGc-Q.wav,19.31,0.0,30.0,madmom
lUnynBPGc-Q.wav,19.73,0.0,30.0,madmom
lUnynBPGc-Q.wav,20.16,0.0,30.0,madmom
lUnynBPGc-Q.wav,20.58,0.0,30.0,madmom
lUnynBPGc-Q.wav,21.01,0.0,30.0,madmom
lUnynBPGc-Q.wav,21.44,0.0,30.0,madmom
lUnynBPGc-Q.wav,21.86,0.0,30.0,madmom
lUnynBPGc-Q.wav,22.28,0.0,30.0,madmom
lUnynBPGc-Q.wav,22.71,0.0,30.0,madmom
lUnynBPGc-Q.wav,23.14,0.0,30.0,madmom
lUnynBPGc-Q.wav,23.57,0.0,30.0,madmom
lUnynBPGc-Q.wav,23.99,0.0,30.0,madmom
lUnynBPGc-Q.wav,24.41,0.0,30.0,madmom
lUnynBPGc-Q.wav,24.84,0.0,30.0,madmom
lUnynBPGc-Q.wav,25.27,0.0,30.0,madmom
lUnynBPGc-Q.wav,25.69,0.0,30.0,madmom
lUnynBPGc-Q.wav,26.12,0.0,30.0,madmom
lUnynBPGc-Q.wav,26.54,0.0,30.0,madmom
lUnynBPGc-Q.wav,26.97,0.0,30.0,madmom
lUnynBPGc-Q.wav,27.39,0.0,30.0,madmom
lUnynBPGc-Q.wav,27.82,0.0,30.0,madmom
lUnynBPGc-Q.wav,28.24,0.0,30.0,madmom
lUnynBPGc-Q.wav,28.67,0.0,30.0,madmom
lUnynBPGc-Q.wav,29.09,0.0,30.0,madmom
lUnynBPGc-Q.wav,29.52,0.0,30.0,madmom
lUnynBPGc-Q.wav,29.94,0.0,30.0,madmom
lakJiuCazfk.wav,0.37,0.0,30.0,madmom
lakJiuCazfk.wav,1.14,0.0,30.0,madmom
lakJiuCazfk.wav,1.91,0.0,30.0,madmom
lakJiuCazfk.wav,2.7,0.0,30.0,madmom
lakJiuCazfk.wav,3.48,0.0,30.0,madmom
lakJiuCazfk.wav,4.2,0.0,30.0,madmom
lakJiuCazfk.wav,4.97,0.0,30.0,madmom
lakJiuCazfk.wav,5.76,0.0,30.0,madmom
lakJiuCazfk.wav,6.51,0.0,30.0,madmom
lakJiuCazfk.wav,7.28,0.0,30.0,madmom
lakJiuCazfk.wav,8.08,0.0,30.0,madmom
lakJiuCazfk.wav,8.86,0.0,30.0,madmom
lakJiuCazfk.wav,9.64,0.0,30.0,madmom
lakJiuCazfk.wav,10.45,0.0,30.0,madmom
lakJiuCazfk.wav,11.21,0.0,30.0,madmom
lakJiuCazfk.wav,12.04,0.0,30.0,madmom
lakJiuCazfk.wav,12.85,0.0,30.0,madmom
lakJiuCazfk.wav,13.65,0.0,30.0,madmom
lakJiuCazfk.wav,14.41,0.0,30.0,madmom
lakJiuCazfk.wav,15.21,0.0,30.0,madmom
lakJiuCazfk.wav,16.05,0.0,30.0,madmom
lakJiuCazfk.wav,16.85,0.0,30.0,madmom
lakJiuCazfk.wav,17.6,0.0,30.0,madmom
lakJiuCazfk.wav,18.42,0.0,30.0,madmom
lakJiuCazfk.wav,19.2,0.0,30.0,madmom
lakJiuCazfk.wav,19.98,0.0,30.0,madmom
lakJiuCazfk.wav,20.8,0.0,30.0,madmom
lakJiuCazfk.wav,21.61,0.0,30.0,madmom
lakJiuCazfk.wav,22.49,0.0,30.0,madmom
lakJiuCazfk.wav,23.3,0.0,30.0,madmom
lakJiuCazfk.wav,24.15,0.0,30.0,madmom
lakJiuCazfk.wav,25.07,0.0,30.0,madmom
lakJiuCazfk.wav,25.92,0.0,30.0,madmom
lakJiuCazfk.wav,26.76,0.0,30.0,madmom
lakJiuCazfk.wav,27.67,0.0,30.0,madmom
lakJiuCazfk.wav,28.58,0.0,30.0,madmom
lakJiuCazfk.wav,29.45,0.0,30.0,madmom
le6FHCO1sd8.wav,0.23,0.0,30.0,madmom
le6FHCO1sd8.wav,0.53,0.0,30.0,madmom
le6FHCO1sd8.wav,0.84,0.0,30.0,madmom
le6FHCO1sd8.wav,1.13,0.0,30.0,madmom
le6FHCO1sd8.wav,1.43,0.0,30.0,madmom
le6FHCO1sd8.wav,1.73,0.0,30.0,madmom
le6FHCO1sd8.wav,2.03,0.0,30.0,madmom
le6FHCO1sd8.wav,2.34,0.0,30.0,madmom
le6FHCO1sd8.wav,2.63,0.0,30.0,madmom
le6FHCO1sd8.wav,2.93,0.0,30.0,madmom
le6FHCO1sd8.wav,3.24,0.0,30.0,madmom
le6FHCO1sd8.wav,3.53,0.0,30.0,madmom
le6FHCO1sd8.wav,3.84,0.0,30.0,madmom
le6FHCO1sd8.wav,4.14,0.0,30.0,madmom
le6FHCO1sd8.wav,4.44,0.0,30.0,madmom
le6FHCO1sd8.wav,4.74,0.0,30.0,madmom
le6FHCO1sd8.wav,5.03,0.0,30.0,madmom
le6FHCO1sd8.wav,5.33,0.0,30.0,madmom
le6FHCO1sd8.wav,5.64,0.0,30.0,madmom
le6FHCO1sd8.wav,5.94,0.0,30.0,madmom
le6FHCO1sd8.wav,6.24,0.0,30.0,madmom
le6FHCO1sd8.wav,6.54,0.0,30.0,madmom
le6FHCO1sd8.wav,6.84,0.0,30.0,madmom
le6FHCO1sd8.wav,7.14,0.0,30.0,madmom
le6FHCO1sd8.wav,7.44,0.0,30.0,madmom
le6FHCO1sd8.wav,7.74,0.0,30.0,madmom
le6FHCO1sd8.wav,8.04,0.0,30.0,madmom
le6FHCO1sd8.wav,8.33,0.0,30.0,madmom
le6FHCO1sd8.wav,8.64,0.0,30.0,madmom
le6FHCO1sd8.wav,8.94,0.0,30.0,madmom
le6FHCO1sd8.wav,9.24,0.0,30.0,madmom
le6FHCO1sd8.wav,9.54,0.0,30.0,madmom
le6FHCO1sd8.wav,9.84,0.0,30.0,madmom
le6FHCO1sd8.wav,10.13,0.0,30.0,madmom
le6FHCO1sd8.wav,10.44,0.0,30.0,madmom
le6FHCO1sd8.wav,10.74,0.0,30.0,madmom
le6FHCO1sd8.wav,11.04,0.0,30.0,madmom
le6FHCO1sd8.wav,11.34,0.0,30.0,madmom
le6FHCO1sd8.wav,11.64,0.0,30.0,madmom
le6FHCO1sd8.wav,11.94,0.0,30.0,madmom
le6FHCO1sd8.wav,12.23,0.0,30.0,madmom
le6FHCO1sd8.wav,12.53,0.0,30.0,madmom
le6FHCO1sd8.wav,12.84,0.0,30.0,madmom
le6FHCO1sd8.wav,13.13,0.0,30.0,madmom
le6FHCO1sd8.wav,13.44,0.0,30.0,madmom
le6FHCO1sd8.wav,13.74,0.0,30.0,madmom
le6FHCO1sd8.wav,14.04,0.0,30.0,madmom
le6FHCO1sd8.wav,14.34,0.0,30.0,madmom
le6FHCO1sd8.wav,14.63,0.0,30.0,madmom
le6FHCO1sd8.wav,14.93,0.0,30.0,madmom
le6FHCO1sd8.wav,15.24,0.0,30.0,madmom
le6FHCO1sd8.wav,15.54,0.0,30.0,madmom
le6FHCO1sd8.wav,15.84,0.0,30.0,madmom
le6FHCO1sd8.wav,16.14,0.0,30.0,madmom
le6FHCO1sd8.wav,16.44,0.0,30.0,madmom
le6FHCO1sd8.wav,16.74,0.0,30.0,madmom
le6FHCO1sd8.wav,17.04,0.0,30.0,madmom
le6FHCO1sd8.wav,17.34,0.0,30.0,madmom
le6FHCO1sd8.wav,17.64,0.0,30.0,madmom
le6FHCO1sd8.wav,17.93,0.0,30.0,madmom
le6FHCO1sd8.wav,18.24,0.0,30.0,madmom
le6FHCO1sd8.wav,18.54,0.0,30.0,madmom
le6FHCO1sd8.wav,18.84,0.0,30.0,madmom
le6FHCO1sd8.wav,19.14,0.0,30.0,madmom
le6FHCO1sd8.wav,19.43,0.0,30.0,madmom
le6FHCO1sd8.wav,19.73,0.0,30.0,madmom
le6FHCO1sd8.wav,20.04,0.0,30.0,madmom
le6FHCO1sd8.wav,20.34,0.0,30.0,madmom
le6FHCO1sd8.wav,20.63,0.0,30.0,madmom
le6FHCO1sd8.wav,20.94,0.0,30.0,madmom
le6FHCO1sd8.wav,21.23,0.0,30.0,madmom
le6FHCO1sd8.wav,21.54,0.0,30.0,madmom
le6FHCO1sd8.wav,21.83,0.0,30.0,madmom
le6FHCO1sd8.wav,22.13,0.0,30.0,madmom
le6FHCO1sd8.wav,22.43,0.0,30.0,madmom
le6FHCO1sd8.wav,22.74,0.0,30.0,madmom
le6FHCO1sd8.wav,23.04,0.0,30.0,madmom
le6FHCO1sd8.wav,23.34,0.0,30.0,madmom
le6FHCO1sd8.wav,23.64,0.0,30.0,madmom
le6FHCO1sd8.wav,23.94,0.0,30.0,madmom
le6FHCO1sd8.wav,24.24,0.0,30.0,madmom
le6FHCO1sd8.wav,24.54,0.0,30.0,madmom
le6FHCO1sd8.wav,24.84,0.0,30.0,madmom
le6FHCO1sd8.wav,25.14,0.0,30.0,madmom
le6FHCO1sd8.wav,25.44,0.0,30.0,madmom
le6FHCO1sd8.wav,25.74,0.0,30.0,madmom
le6FHCO1sd8.wav,26.04,0.0,30.0,madmom
le6FHCO1sd8.wav,26.34,0.0,30.0,madmom
le6FHCO1sd8.wav,26.64,0.0,30.0,madmom
le6FHCO1sd8.wav,26.94,0.0,30.0,madmom
le6FHCO1sd8.wav,27.24,0.0,30.0,madmom
le6FHCO1sd8.wav,27.53,0.0,30.0,madmom
le6FHCO1sd8.wav,27.84,0.0,30.0,madmom
le6FHCO1sd8.wav,28.14,0.0,30.0,madmom
le6FHCO1sd8.wav,28.44,0.0,30.0,madmom
le6FHCO1sd8.wav,28.74,0.0,30.0,madmom
le6FHCO1sd8.wav,29.04,0.0,30.0,madmom
le6FHCO1sd8.wav,29.33,0.0,30.0,madmom
le6FHCO1sd8.wav,29.64,0.0,30.0,madmom
le6FHCO1sd8.wav,29.93,0.0,30.0,madmom
lsFMXK1YPG8.wav,0.22,0.0,30.0,madmom
lsFMXK1YPG8.wav,0.85,0.0,30.0,madmom
lsFMXK1YPG8.wav,1.47,0.0,30.0,madmom
lsFMXK1YPG8.wav,2.1,0.0,30.0,madmom
lsFMXK1YPG8.wav,2.72,0.0,30.0,madmom
lsFMXK1YPG8.wav,3.35,0.0,30.0,madmom
lsFMXK1YPG8.wav,3.97,0.0,30.0,madmom
lsFMXK1YPG8.wav,4.59,0.0,30.0,madmom
lsFMXK1YPG8.wav,5.22,0.0,30.0,madmom
lsFMXK1YPG8.wav,5.85,0.0,30.0,madmom
lsFMXK1YPG8.wav,6.47,0.0,30.0,madmom
lsFMXK1YPG8.wav,7.09,0.0,30.0,madmom
lsFMXK1YPG8.wav,7.72,0.0,30.0,madmom
lsFMXK1YPG8.wav,8.35,0.0,30.0,madmom
lsFMXK1YPG8.wav,8.97,0.0,30.0,madmom
lsFMXK1YPG8.wav,9.6,0.0,30.0,madmom
lsFMXK1YPG8.wav,10.22,0.0,30.0,madmom
lsFMXK1YPG8.wav,10.85,0.0,30.0,madmom
lsFMXK1YPG8.wav,11.47,0.0,30.0,madmom
lsFMXK1YPG8.wav,12.1,0.0,30.0,madmom
lsFMXK1YPG8.wav,12.72,0.0,30.0,madmom
lsFMXK1YPG8.wav,13.35,0.0,30.0,madmom
lsFMXK1YPG8.wav,13.97,0.0,30.0,madmom
lsFMXK1YPG8.wav,14.6,0.0,30.0,madmom
lsFMXK1YPG8.wav,15.22,0.0,30.0,madmom
lsFMXK1YPG8.wav,15.85,0.0,30.0,madmom
lsFMXK1YPG8.wav,16.47,0.0,30.0,madmom
lsFMXK1YPG8.wav,17.09,0.0,30.0,madmom
lsFMXK1YPG8.wav,17.72,0.0,30.0,madmom
lsFMXK1YPG8.wav,18.34,0.0,30.0,madmom
lsFMXK1YPG8.wav,18.97,0.0,30.0,madmom
lsFMXK1YPG8.wav,19.6,0.0,30.0,madmom
lsFMXK1YPG8.wav,20.22,0.0,30.0,madmom
lsFMXK1YPG8.wav,20.85,0.0,30.0,madmom
lsFMXK1YPG8.wav,21.47,0.0,30.0,madmom
lsFMXK1YPG8.wav,22.1,0.0,30.0,madmom
lsFMXK1YPG8.wav,22.72,0.0,30.0,madmom
lsFMXK1YPG8.wav,23.35,0.0,30.0,madmom
lsFMXK1YPG8.wav,23.97,0.0,30.0,madmom
lsFMXK1YPG8.wav,24.6,0.0,30.0,madmom
lsFMXK1YPG8.wav,25.22,0.0,30.0,madmom
lsFMXK1YPG8.wav,25.85,0.0,30.0,madmom
lsFMXK1YPG8.wav,26.47,0.0,30.0,madmom
lsFMXK1YPG8.wav,27.1,0.0,30.0,madmom
lsFMXK1YPG8.wav,27.72,0.0,30.0,madmom
lsFMXK1YPG8.wav,28.35,0.0,30.0,madmom
lsFMXK1YPG8.wav,28.97,0.0,30.0,madmom
lsFMXK1YPG8.wav,29.6,0.0,30.0,madmom
mEfvYXGi9Qw.wav,0.44,0.0,30.0,madmom
mEfvYXGi9Qw.wav,0.91,0.0,30.0,madmom
mEfvYXGi9Qw.wav,1.36,0.0,30.0,madmom
mEfvYXGi9Qw.wav,1.84,0.0,30.0,madmom
mEfvYXGi9Qw.wav,2.31,0.0,30.0,madmom
mEfvYXGi9Qw.wav,2.78,0.0,30.0,madmom
mEfvYXGi9Qw.wav,3.24,0.0,30.0,madmom
mEfvYXGi9Qw.wav,3.71,0.0,30.0,madmom
mEfvYXGi9Qw.wav,4.17,0.0,30.0,madmom
mEfvYXGi9Qw.wav,4.64,0.0,30.0,madmom
mEfvYXGi9Qw.wav,5.1,0.0,30.0,madmom
mEfvYXGi9Qw.wav,5.57,0.0,30.0,madmom
mEfvYXGi9Qw.wav,6.02,0.0,30.0,madmom
mEfvYXGi9Qw.wav,6.5,0.0,30.0,madmom
mEfvYXGi9Qw.wav,6.96,0.0,30.0,madmom
mEfvYXGi9Qw.wav,7.49,0.0,30.0,madmom
mEfvYXGi9Qw.wav,8.07,0.0,30.0,madmom
mEfvYXGi9Qw.wav,8.69,0.0,30.0,madmom
mEfvYXGi9Qw.wav,9.3,0.0,30.0,madmom
mEfvYXGi9Qw.wav,9.95,0.0,30.0,madmom
mEfvYXGi9Qw.wav,10.56,0.0,30.0,madmom
mEfvYXGi9Qw.wav,11.21,0.0,30.0,madmom
mEfvYXGi9Qw.wav,11.81,0.0,30.0,madmom
mEfvYXGi9Qw.wav,12.44,0.0,30.0,madmom
mEfvYXGi9Qw.wav,13.04,0.0,30.0,madmom
mEfvYXGi9Qw.wav,13.65,0.0,30.0,madmom
mEfvYXGi9Qw.wav,14.26,0.0,30.0,madmom
mEfvYXGi9Qw.wav,14.86,0.0,30.0,madmom
mEfvYXGi9Qw.wav,15.47,0.0,30.0,madmom
mEfvYXGi9Qw.wav,16.08,0.0,30.0,madmom
mEfvYXGi9Qw.wav,16.69,0.0,30.0,madmom
mEfvYXGi9Qw.wav,17.32,0.0,30.0,madmom
mEfvYXGi9Qw.wav,17.92,0.0,30.0,madmom
mEfvYXGi9Qw.wav,18.52,0.0,30.0,madmom
mEfvYXGi9Qw.wav,19.14,0.0,30.0,madmom
mEfvYXGi9Qw.wav,19.76,0.0,30.0,madmom
mEfvYXGi9Qw.wav,20.35,0.0,30.0,madmom
mEfvYXGi9Qw.wav,20.96,0.0,30.0,madmom
mEfvYXGi9Qw.wav,21.58,0.0,30.0,madmom
mEfvYXGi9Qw.wav,22.19,0.0,30.0,madmom
mEfvYXGi9Qw.wav,22.78,0.0,30.0,madmom
mEfvYXGi9Qw.wav,23.39,0.0,30.0,madmom
mEfvYXGi9Qw.wav,23.97,0.0,30.0,madmom
mEfvYXGi9Qw.wav,24.58,0.0,30.0,madmom
mEfvYXGi9Qw.wav,25.21,0.0,30.0,madmom
mEfvYXGi9Qw.wav,25.83,0.0,30.0,madmom
mEfvYXGi9Qw.wav,26.42,0.0,30.0,madmom
mEfvYXGi9Qw.wav,27.05,0.0,30.0,madmom
mEfvYXGi9Qw.wav,27.64,0.0,30.0,madmom
mEfvYXGi9Qw.wav,28.24,0.0,30.0,madmom
mEfvYXGi9Qw.wav,28.86,0.0,30.0,madmom
mEfvYXGi9Qw.wav,29.53,0.0,30.0,madmom
mMPxaBYL3hY.wav,0.11,0.0,30.0,madmom
mMPxaBYL3hY.wav,0.66,0.0,30.0,madmom
mMPxaBYL3hY.wav,1.2,0.0,30.0,madmom
mMPxaBYL3hY.wav,1.75,0.0,30.0,madmom
mMPxaBYL3hY.wav,2.29,0.0,30.0,madmom
mMPxaBYL3hY.wav,2.84,0.0,30.0,madmom
mMPxaBYL3hY.wav,3.38,0.0,30.0,madmom
mMPxaBYL3hY.wav,3.93,0.0,30.0,madmom
mMPxaBYL3hY.wav,4.48,0.0,30.0,madmom
mMPxaBYL3hY.wav,5.02,0.0,30.0,madmom
mMPxaBYL3hY.wav,5.56,0.0,30.0,madmom
mMPxaBYL3hY.wav,6.11,0.0,30.0,madmom
mMPxaBYL3hY.wav,6.66,0.0,30.0,madmom
mMPxaBYL3hY.wav,7.2,0.0,30.0,madmom
mMPxaBYL3hY.wav,7.75,0.0,30.0,madmom
mMPxaBYL3hY.wav,8.29,0.0,30.0,madmom
mMPxaBYL3hY.wav,8.84,0.0,30.0,madmom
mMPxaBYL3hY.wav,9.38,0.0,30.0,madmom
mMPxaBYL3hY.wav,9.93,0.0,30.0,madmom
mMPxaBYL3hY.wav,10.47,0.0,30.0,madmom
mMPxaBYL3hY.wav,11.02,0.0,30.0,madmom
mMPxaBYL3hY.wav,11.56,0.0,30.0,madmom
mMPxaBYL3hY.wav,12.11,0.0,30.0,madmom
mMPxaBYL3hY.wav,12.66,0.0,30.0,madmom
mMPxaBYL3hY.wav,13.2,0.0,30.0,madmom
mMPxaBYL3hY.wav,13.75,0.0,30.0,madmom
mMPxaBYL3hY.wav,14.29,0.0,30.0,madmom
mMPxaBYL3hY.wav,14.84,0.0,30.0,madmom
mMPxaBYL3hY.wav,15.38,0.0,30.0,madmom
mMPxaBYL3hY.wav,15.93,0.0,30.0,madmom
mMPxaBYL3hY.wav,16.47,0.0,30.0,madmom
mMPxaBYL3hY.wav,17.02,0.0,30.0,madmom
mMPxaBYL3hY.wav,17.57,0.0,30.0,madmom
mMPxaBYL3hY.wav,18.11,0.0,30.0,madmom
mMPxaBYL3hY.wav,18.65,0.0,30.0,madmom
mMPxaBYL3hY.wav,19.19,0.0,30.0,madmom
mMPxaBYL3hY.wav,19.74,0.0,30.0,madmom
mMPxaBYL3hY.wav,20.29,0.0,30.0,madmom
mMPxaBYL3hY.wav,20.83,0.0,30.0,madmom
mMPxaBYL3hY.wav,21.38,0.0,30.0,madmom
mMPxaBYL3hY.wav,21.94,0.0,30.0,madmom
mMPxaBYL3hY.wav,22.47,0.0,30.0,madmom
mMPxaBYL3hY.wav,23.01,0.0,30.0,madmom
mMPxaBYL3hY.wav,23.57,0.0,30.0,madmom
mMPxaBYL3hY.wav,24.1,0.0,30.0,madmom
mMPxaBYL3hY.wav,24.66,0.0,30.0,madmom
mMPxaBYL3hY.wav,25.21,0.0,30.0,madmom
mMPxaBYL3hY.wav,25.75,0.0,30.0,madmom
mMPxaBYL3hY.wav,26.29,0.0,30.0,madmom
mMPxaBYL3hY.wav,26.83,0.0,30.0,madmom
mMPxaBYL3hY.wav,27.37,0.0,30.0,madmom
mMPxaBYL3hY.wav,27.93,0.0,30.0,madmom
mMPxaBYL3hY.wav,28.47,0.0,30.0,madmom
mMPxaBYL3hY.wav,29.02,0.0,30.0,madmom
mMPxaBYL3hY.wav,29.59,0.0,30.0,madmom
mUSsyCtoC60.wav,0.06,0.0,30.0,madmom
mUSsyCtoC60.wav,0.7,0.0,30.0,madmom
mUSsyCtoC60.wav,1.37,0.0,30.0,madmom
mUSsyCtoC60.wav,2.01,0.0,30.0,madmom
mUSsyCtoC60.wav,2.64,0.0,30.0,madmom
mUSsyCtoC60.wav,3.28,0.0,30.0,madmom
mUSsyCtoC60.wav,3.92,0.0,30.0,madmom
mUSsyCtoC60.wav,4.56,0.0,30.0,madmom
mUSsyCtoC60.wav,5.2,0.0,30.0,madmom
mUSsyCtoC60.wav,5.84,0.0,30.0,madmom
mUSsyCtoC60.wav,6.47,0.0,30.0,madmom
mUSsyCtoC60.wav,7.12,0.0,30.0,madmom
mUSsyCtoC60.wav,7.75,0.0,30.0,madmom
mUSsyCtoC60.wav,8.4,0.0,30.0,madmom
mUSsyCtoC60.wav,9.03,0.0,30.0,madmom
mUSsyCtoC60.wav,9.67,0.0,30.0,madmom
mUSsyCtoC60.wav,10.31,0.0,30.0,madmom
mUSsyCtoC60.wav,10.94,0.0,30.0,madmom
mUSsyCtoC60.wav,11.59,0.0,30.0,madmom
mUSsyCtoC60.wav,12.23,0.0,30.0,madmom
mUSsyCtoC60.wav,12.87,0.0,30.0,madmom
mUSsyCtoC60.wav,13.51,0.0,30.0,madmom
mUSsyCtoC60.wav,14.13,0.0,30.0,madmom
mUSsyCtoC60.wav,14.77,0.0,30.0,madmom
mUSsyCtoC60.wav,15.41,0.0,30.0,madmom
mUSsyCtoC60.wav,16.05,0.0,30.0,madmom
mUSsyCtoC60.wav,16.69,0.0,30.0,madmom
mUSsyCtoC60.wav,17.33,0.0,30.0,madmom
mUSsyCtoC60.wav,17.96,0.0,30.0,madmom
mUSsyCtoC60.wav,18.6,0.0,30.0,madmom
mUSsyCtoC60.wav,19.24,0.0,30.0,madmom
mUSsyCtoC60.wav,19.88,0.0,30.0,madmom
mUSsyCtoC60.wav,20.52,0.0,30.0,madmom
mUSsyCtoC60.wav,21.16,0.0,30.0,madmom
mUSsyCtoC60.wav,21.79,0.0,30.0,madmom
mUSsyCtoC60.wav,22.43,0.0,30.0,madmom
mUSsyCtoC60.wav,23.06,0.0,30.0,madmom
mUSsyCtoC60.wav,23.68,0.0,30.0,madmom
mUSsyCtoC60.wav,24.35,0.0,30.0,madmom
mUSsyCtoC60.wav,24.99,0.0,30.0,madmom
mUSsyCtoC60.wav,25.62,0.0,30.0,madmom
mUSsyCtoC60.wav,26.26,0.0,30.0,madmom
mUSsyCtoC60.wav,26.9,0.0,30.0,madmom
mUSsyCtoC60.wav,27.54,0.0,30.0,madmom
mUSsyCtoC60.wav,28.18,0.0,30.0,madmom
mUSsyCtoC60.wav,28.81,0.0,30.0,madmom
mUSsyCtoC60.wav,29.45,0.0,30.0,madmom
n0x7jpD7upQ.wav,0.23,0.0,30.0,madmom
n0x7jpD7upQ.wav,0.93,0.0,30.0,madmom
n0x7jpD7upQ.wav,1.64,0.0,30.0,madmom
n0x7jpD7upQ.wav,2.34,0.0,30.0,madmom
n0x7jpD7upQ.wav,3.05,0.0,30.0,madmom
n0x7jpD7upQ.wav,3.76,0.0,30.0,madmom
n0x7jpD7upQ.wav,4.46,0.0,30.0,madmom
n0x7jpD7upQ.wav,5.17,0.0,30.0,madmom
n0x7jpD7upQ.wav,5.87,0.0,30.0,madmom
n0x7jpD7upQ.wav,6.58,0.0,30.0,madmom
n0x7jpD7upQ.wav,7.28,0.0,30.0,madmom
n0x7jpD7upQ.wav,7.99,0.0,30.0,madmom
n0x7jpD7upQ.wav,8.69,0.0,30.0,madmom
n0x7jpD7upQ.wav,9.4,0.0,30.0,madmom
n0x7jpD7upQ.wav,10.11,0.0,30.0,madmom
n0x7jpD7upQ.wav,10.81,0.0,30.0,madmom
n0x7jpD7upQ.wav,11.52,0.0,30.0,madmom
n0x7jpD7upQ.wav,12.22,0.0,30.0,madmom
n0x7jpD7upQ.wav,12.93,0.0,30.0,madmom
n0x7jpD7upQ.wav,13.64,0.0,30.0,madmom
n0x7jpD7upQ.wav,14.34,0.0,30.0,madmom
n0x7jpD7upQ.wav,15.05,0.0,30.0,madmom
n0x7jpD7upQ.wav,15.75,0.0,30.0,madmom
n0x7jpD7upQ.wav,16.46,0.0,30.0,madmom
n0x7jpD7upQ.wav,17.16,0.0,30.0,madmom
n0x7jpD7upQ.wav,17.87,0.0,30.0,madmom
n0x7jpD7upQ.wav,18.58,0.0,30.0,madmom
n0x7jpD7upQ.wav,19.28,0.0,30.0,madmom
n0x7jpD7upQ.wav,19.99,0.0,30.0,madmom
n0x7jpD7upQ.wav,20.7,0.0,30.0,madmom
n0x7jpD7upQ.wav,21.4,0.0,30.0,madmom
n0x7jpD7upQ.wav,22.11,0.0,30.0,madmom
n0x7jpD7upQ.wav,22.81,0.0,30.0,madmom
n0x7jpD7upQ.wav,23.52,0.0,30.0,madmom
n0x7jpD7upQ.wav,24.22,0.0,30.0,madmom
n0x7jpD7upQ.wav,24.93,0.0,30.0,madmom
n0x7jpD7upQ.wav,25.64,0.0,30.0,madmom
n0x7jpD7upQ.wav,26.34,0.0,30.0,madmom
n0x7jpD7upQ.wav,27.05,0.0,30.0,madmom
n0x7jpD7upQ.wav,27.75,0.0,30.0,madmom
n0x7jpD7upQ.wav,28.46,0.0,30.0,madmom
n0x7jpD7upQ.wav,29.16,0.0,30.0,madmom
n0x7jpD7upQ.wav,29.87,0.0,30.0,madmom
oCOWsvnWJuA.wav,0.18,0.0,30.0,madmom
oCOWsvnWJuA.wav,0.78,0.0,30.0,madmom
oCOWsvnWJuA.wav,1.38,0.0,30.0,madmom
oCOWsvnWJuA.wav,1.98,0.0,30.0,madmom
oCOWsvnWJuA.wav,2.58,0.0,30.0,madmom
oCOWsvnWJuA.wav,3.18,0.0,30.0,madmom
oCOWsvnWJuA.wav,3.78,0.0,30.0,madmom
oCOWsvnWJuA.wav,4.38,0.0,30.0,madmom
oCOWsvnWJuA.wav,4.98,0.0,30.0,madmom
oCOWsvnWJuA.wav,5.59,0.0,30.0,madmom
oCOWsvnWJuA.wav,6.19,0.0,30.0,madmom
oCOWsvnWJuA.wav,6.78,0.0,30.0,madmom
oCOWsvnWJuA.wav,7.38,0.0,30.0,madmom
oCOWsvnWJuA.wav,7.98,0.0,30.0,madmom
oCOWsvnWJuA.wav,8.58,0.0,30.0,madmom
oCOWsvnWJuA.wav,9.18,0.0,30.0,madmom
oCOWsvnWJuA.wav,9.78,0.0,30.0,madmom
oCOWsvnWJuA.wav,10.38,0.0,30.0,madmom
oCOWsvnWJuA.wav,10.98,0.0,30.0,madmom
oCOWsvnWJuA.wav,11.58,0.0,30.0,madmom
oCOWsvnWJuA.wav,12.18,0.0,30.0,madmom
oCOWsvnWJuA.wav,12.78,0.0,30.0,madmom
oCOWsvnWJuA.wav,13.38,0.0,30.0,madmom
oCOWsvnWJuA.wav,13.98,0.0,30.0,madmom
oCOWsvnWJuA.wav,14.59,0.0,30.0,madmom
oCOWsvnWJuA.wav,15.19,0.0,30.0,madmom
oCOWsvnWJuA.wav,15.8,0.0,30.0,madmom
oCOWsvnWJuA.wav,16.41,0.0,30.0,madmom
oCOWsvnWJuA.wav,16.98,0.0,30.0,madmom
oCOWsvnWJuA.wav,17.58,0.0,30.0,madmom
oCOWsvnWJuA.wav,18.18,0.0,30.0,madmom
oCOWsvnWJuA.wav,18.78,0.0,30.0,madmom
oCOWsvnWJuA.wav,19.38,0.0,30.0,madmom
oCOWsvnWJuA.wav,19.98,0.0,30.0,madmom
oCOWsvnWJuA.wav,20.58,0.0,30.0,madmom
oCOWsvnWJuA.wav,21.18,0.0,30.0,madmom
oCOWsvnWJuA.wav,21.78,0.0,30.0,madmom
oCOWsvnWJuA.wav,22.38,0.0,30.0,madmom
oCOWsvnWJuA.wav,22.98,0.0,30.0,madmom
oCOWsvnWJuA.wav,23.58,0.0,30.0,madmom
oCOWsvnWJuA.wav,24.19,0.0,30.0,madmom
oCOWsvnWJuA.wav,24.78,0.0,30.0,madmom
oCOWsvnWJuA.wav,25.38,0.0,30.0,madmom
oCOWsvnWJuA.wav,25.98,0.0,30.0,madmom
oCOWsvnWJuA.wav,26.58,0.0,30.0,madmom
oCOWsvnWJuA.wav,27.18,0.0,30.0,madmom
oCOWsvnWJuA.wav,27.78,0.0,30.0,madmom
oCOWsvnWJuA.wav,28.38,0.0,30.0,madmom
oCOWsvnWJuA.wav,28.98,0.0,30.0,madmom
oCOWsvnWJuA.wav,29.58,0.0,30.0,madmom
ojRj2JK5oCI.wav,0.64,0.0,30.0,madmom
ojRj2JK5oCI.wav,1.45,0.0,30.0,madmom
ojRj2JK5oCI.wav,2.23,0.0,30.0,madmom
ojRj2JK5oCI.wav,2.97,0.0,30.0,madmom
ojRj2JK5oCI.wav,3.77,0.0,30.0,madmom
ojRj2JK5oCI.wav,4.59,0.0,30.0,madmom
ojRj2JK5oCI.wav,5.44,0.0,30.0,madmom
ojRj2JK5oCI.wav,6.26,0.0,30.0,madmom
ojRj2JK5oCI.wav,7.14,0.0,30.0,madmom
ojRj2JK5oCI.wav,7.97,0.0,30.0,madmom
ojRj2JK5oCI.wav,8.86,0.0,30.0,madmom
ojRj2JK5oCI.wav,9.71,0.0,30.0,madmom
ojRj2JK5oCI.wav,10.53,0.0,30.0,madmom
ojRj2JK5oCI.wav,11.35,0.0,30.0,madmom
ojRj2JK5oCI.wav,12.19,0.0,30.0,madmom
ojRj2JK5oCI.wav,12.97,0.0,30.0,madmom
ojRj2JK5oCI.wav,13.78,0.0,30.0,madmom
ojRj2JK5oCI.wav,14.6,0.0,30.0,madmom
ojRj2JK5oCI.wav,15.41,0.0,30.0,madmom
ojRj2JK5oCI.wav,16.23,0.0,30.0,madmom
ojRj2JK5oCI.wav,17.04,0.0,30.0,madmom
ojRj2JK5oCI.wav,17.87,0.0,30.0,madmom
ojRj2JK5oCI.wav,18.7,0.0,30.0,madmom
ojRj2JK5oCI.wav,19.56,0.0,30.0,madmom
ojRj2JK5oCI.wav,20.39,0.0,30.0,madmom
ojRj2JK5oCI.wav,21.26,0.0,30.0,madmom
ojRj2JK5oCI.wav,22.12,0.0,30.0,madmom
ojRj2JK5oCI.wav,22.96,0.0,30.0,madmom
ojRj2JK5oCI.wav,23.8,0.0,30.0,madmom
ojRj2JK5oCI.wav,24.62,0.0,30.0,madmom
ojRj2JK5oCI.wav,25.49,0.0,30.0,madmom
ojRj2JK5oCI.wav,26.31,0.0,30.0,madmom
ojRj2JK5oCI.wav,27.2,0.0,30.0,madmom
ojRj2JK5oCI.wav,28.05,0.0,30.0,madmom
ojRj2JK5oCI.wav,28.87,0.0,30.0,madmom
ojRj2JK5oCI.wav,29.73,0.0,30.0,madmom
p5wp3UBBt10.wav,0.02,0.0,30.0,madmom
p5wp3UBBt10.wav,0.48,0.0,30.0,madmom
p5wp3UBBt10.wav,0.94,0.0,30.0,madmom
p5wp3UBBt10.wav,1.41,0.0,30.0,madmom
p5wp3UBBt10.wav,1.87,0.0,30.0,madmom
p5wp3UBBt10.wav,2.33,0.0,30.0,madmom
p5wp3UBBt10.wav,2.79,0.0,30.0,madmom
p5wp3UBBt10.wav,3.25,0.0,30.0,madmom
p5wp3UBBt10.wav,3.73,0.0,30.0,madmom
p5wp3UBBt10.wav,4.19,0.0,30.0,madmom
p5wp3UBBt10.wav,4.63,0.0,30.0,madmom
p5wp3UBBt10.wav,5.1,0.0,30.0,madmom
p5wp3UBBt10.wav,5.56,0.0,30.0,madmom
p5wp3UBBt10.wav,6.02,0.0,30.0,madmom
p5wp3UBBt10.wav,6.48,0.0,30.0,madmom
p5wp3UBBt10.wav,6.94,0.0,30.0,madmom
p5wp3UBBt10.wav,7.4,0.0,30.0,madmom
p5wp3UBBt10.wav,7.86,0.0,30.0,madmom
p5wp3UBBt10.wav,8.33,0.0,30.0,madmom
p5wp3UBBt10.wav,8.79,0.0,30.0,madmom
p5wp3UBBt10.wav,9.25,0.0,30.0,madmom
p5wp3UBBt10.wav,9.71,0.0,30.0,madmom
p5wp3UBBt10.wav,10.17,0.0,30.0,madmom
p5wp3UBBt10.wav,10.63,0.0,30.0,madmom
p5wp3UBBt10.wav,11.1,0.0,30.0,madmom
p5wp3UBBt10.wav,11.56,0.0,30.0,madmom
p5wp3UBBt10.wav,12.02,0.0,30.0,madmom
p5wp3UBBt10.wav,12.48,0.0,30.0,madmom
p5wp3UBBt10.wav,12.95,0.0,30.0,madmom
p5wp3UBBt10.wav,13.4,0.0,30.0,madmom
p5wp3UBBt10.wav,13.87,0.0,30.0,madmom
p5wp3UBBt10.wav,14.33,0.0,30.0,madmom
p5wp3UBBt10.wav,14.79,0.0,30.0,madmom
p5wp3UBBt10.wav,15.25,0.0,30.0,madmom
p5wp3UBBt10.wav,15.71,0.0,30.0,madmom
p5wp3UBBt10.wav,16.17,0.0,30.0,madmom
p5wp3UBBt10.wav,16.64,0.0,30.0,madmom
p5wp3UBBt10.wav,17.09,0.0,30.0,madmom
p5wp3UBBt10.wav,17.55,0.0,30.0,madmom
p5wp3UBBt10.wav,18.02,0.0,30.0,madmom
p5wp3UBBt10.wav,18.49,0.0,30.0,madmom
p5wp3UBBt10.wav,18.94,0.0,30.0,madmom
p5wp3UBBt10.wav,19.4,0.0,30.0,madmom
p5wp3UBBt10.wav,19.87,0.0,30.0,madmom
p5wp3UBBt10.wav,20.33,0.0,30.0,madmom
p5wp3UBBt10.wav,20.79,0.0,30.0,madmom
p5wp3UBBt10.wav,21.25,0.0,30.0,madmom
p5wp3UBBt10.wav,21.71,0.0,30.0,madmom
p5wp3UBBt10.wav,22.17,0.0,30.0,madmom
p5wp3UBBt10.wav,22.63,0.0,30.0,madmom
p5wp3UBBt10.wav,23.09,0.0,30.0,madmom
p5wp3UBBt10.wav,23.56,0.0,30.0,madmom
p5wp3UBBt10.wav,24.02,0.0,30.0,madmom
p5wp3UBBt10.wav,24.48,0.0,30.0,madmom
p5wp3UBBt10.wav,24.94,0.0,30.0,madmom
p5wp3UBBt10.wav,25.4,0.0,30.0,madmom
p5wp3UBBt10.wav,25.87,0.0,30.0,madmom
p5wp3UBBt10.wav,26.33,0.0,30.0,madmom
p5wp3UBBt10.wav,26.79,0.0,30.0,madmom
p5wp3UBBt10.wav,27.25,0.0,30.0,madmom
p5wp3UBBt10.wav,27.71,0.0,30.0,madmom
p5wp3UBBt10.wav,28.17,0.0,30.0,madmom
p5wp3UBBt10.wav,28.64,0.0,30.0,madmom
p5wp3UBBt10.wav,29.1,0.0,30.0,madmom
p5wp3UBBt10.wav,29.57,0.0,30.0,madmom
p9OZAZrw-9o.wav,0.01,0.0,30.0,madmom
p9OZAZrw-9o.wav,0.4,0.0,30.0,madmom
p9OZAZrw-9o.wav,0.78,0.0,30.0,madmom
p9OZAZrw-9o.wav,1.15,0.0,30.0,madmom
p9OZAZrw-9o.wav,1.52,0.0,30.0,madmom
p9OZAZrw-9o.wav,1.9,0.0,30.0,madmom
p9OZAZrw-9o.wav,2.27,0.0,30.0,madmom
p9OZAZrw-9o.wav,2.65,0.0,30.0,madmom
p9OZAZrw-9o.wav,3.03,0.0,30.0,madmom
p9OZAZrw-9o.wav,3.4,0.0,30.0,madmom
p9OZAZrw-9o.wav,3.77,0.0,30.0,madmom
p9OZAZrw-9o.wav,4.15,0.0,30.0,madmom
p9OZAZrw-9o.wav,4.53,0.0,30.0,madmom
p9OZAZrw-9o.wav,4.9,0.0,30.0,madmom
p9OZAZrw-9o.wav,5.27,0.0,30.0,madmom
p9OZAZrw-9o.wav,5.65,0.0,30.0,madmom
p9OZAZrw-9o.wav,6.02,0.0,30.0,madmom
p9OZAZrw-9o.wav,6.4,0.0,30.0,madmom
p9OZAZrw-9o.wav,6.78,0.0,30.0,madmom
p9OZAZrw-9o.wav,7.15,0.0,30.0,madmom
p9OZAZrw-9o.wav,7.54,0.0,30.0,madmom
p9OZAZrw-9o.wav,7.92,0.0,30.0,madmom
p9OZAZrw-9o.wav,8.28,0.0,30.0,madmom
p9OZAZrw-9o.wav,8.64,0.0,30.0,madmom
p9OZAZrw-9o.wav,9.02,0.0,30.0,madmom
p9OZAZrw-9o.wav,9.4,0.0,30.0,madmom
p9OZAZrw-9o.wav,9.75,0.0,30.0,madmom
p9OZAZrw-9o.wav,10.14,0.0,30.0,madmom
p9OZAZrw-9o.wav,10.5,0.0,30.0,madmom
p9OZAZrw-9o.wav,10.9,0.0,30.0,madmom
p9OZAZrw-9o.wav,11.28,0.0,30.0,madmom
p9OZAZrw-9o.wav,11.65,0.0,30.0,madmom
p9OZAZrw-9o.wav,12.02,0.0,30.0,madmom
p9OZAZrw-9o.wav,12.4,0.0,30.0,madmom
p9OZAZrw-9o.wav,12.78,0.0,30.0,madmom
p9OZAZrw-9o.wav,13.15,0.0,30.0,madmom
p9OZAZrw-9o.wav,13.53,0.0,30.0,madmom
p9OZAZrw-9o.wav,13.9,0.0,30.0,madmom
p9OZAZrw-9o.wav,14.28,0.0,30.0,madmom
p9OZAZrw-9o.wav,14.65,0.0,30.0,madmom
p9OZAZrw-9o.wav,15.03,0.0,30.0,madmom
p9OZAZrw-9o.wav,15.4,0.0,30.0,madmom
p9OZAZrw-9o.wav,15.8,0.0,30.0,madmom
p9OZAZrw-9o.wav,16.16,0.0,30.0,madmom
p9OZAZrw-9o.wav,16.54,0.0,30.0,madmom
p9OZAZrw-9o.wav,16.93,0.0,30.0,madmom
p9OZAZrw-9o.wav,17.29,0.0,30.0,madmom
p9OZAZrw-9o.wav,17.66,0.0,30.0,madmom
p9OZAZrw-9o.wav,18.03,0.0,30.0,madmom
p9OZAZrw-9o.wav,18.41,0.0,30.0,madmom
p9OZAZrw-9o.wav,18.79,0.0,30.0,madmom
p9OZAZrw-9o.wav,19.14,0.0,30.0,madmom
p9OZAZrw-9o.wav,19.52,0.0,30.0,madmom
p9OZAZrw-9o.wav,19.89,0.0,30.0,madmom
p9OZAZrw-9o.wav,20.27,0.0,30.0,madmom
p9OZAZrw-9o.wav,20.65,0.0,30.0,madmom
p9OZAZrw-9o.wav,21.02,0.0,30.0,madmom
p9OZAZrw-9o.wav,21.4,0.0,30.0,madmom
p9OZAZrw-9o.wav,21.78,0.0,30.0,madmom
p9OZAZrw-9o.wav,22.15,0.0,30.0,madmom
p9OZAZrw-9o.wav,22.53,0.0,30.0,madmom
p9OZAZrw-9o.wav,22.9,0.0,30.0,madmom
p9OZAZrw-9o.wav,23.28,0.0,30.0,madmom
p9OZAZrw-9o.wav,23.65,0.0,30.0,madmom
p9OZAZrw-9o.wav,24.02,0.0,30.0,madmom
p9OZAZrw-9o.wav,24.39,0.0,30.0,madmom
p9OZAZrw-9o.wav,24.77,0.0,30.0,madmom
p9OZAZrw-9o.wav,25.15,0.0,30.0,madmom
p9OZAZrw-9o.wav,25.52,0.0,30.0,madmom
p9OZAZrw-9o.wav,25.9,0.0,30.0,madmom
p9OZAZrw-9o.wav,26.27,0.0,30.0,madmom
p9OZAZrw-9o.wav,26.65,0.0,30.0,madmom
p9OZAZrw-9o.wav,27.02,0.0,30.0,madmom
p9OZAZrw-9o.wav,27.39,0.0,30.0,madmom
p9OZAZrw-9o.wav,27.77,0.0,30.0,madmom
p9OZAZrw-9o.wav,28.15,0.0,30.0,madmom
p9OZAZrw-9o.wav,28.52,0.0,30.0,madmom
p9OZAZrw-9o.wav,28.89,0.0,30.0,madmom
p9OZAZrw-9o.wav,29.28,0.0,30.0,madmom
p9OZAZrw-9o.wav,29.66,0.0,30.0,madmom
pOEzjT-SED0.wav,0.68,0.0,30.0,madmom
pOEzjT-SED0.wav,1.42,0.0,30.0,madmom
pOEzjT-SED0.wav,2.15,0.0,30.0,madmom
pOEzjT-SED0.wav,2.9,0.0,30.0,madmom
pOEzjT-SED0.wav,3.62,0.0,30.0,madmom
pOEzjT-SED0.wav,4.36,0.0,30.0,madmom
pOEzjT-SED0.wav,5.09,0.0,30.0,madmom
pOEzjT-SED0.wav,5.83,0.0,30.0,madmom
pOEzjT-SED0.wav,6.56,0.0,30.0,madmom
pOEzjT-SED0.wav,7.3,0.0,30.0,madmom
pOEzjT-SED0.wav,8.03,0.0,30.0,madmom
pOEzjT-SED0.wav,8.78,0.0,30.0,madmom
pOEzjT-SED0.wav,9.5,0.0,30.0,madmom
pOEzjT-SED0.wav,10.24,0.0,30.0,madmom
pOEzjT-SED0.wav,10.97,0.0,30.0,madmom
pOEzjT-SED0.wav,11.71,0.0,30.0,madmom
pOEzjT-SED0.wav,12.44,0.0,30.0,madmom
pOEzjT-SED0.wav,13.18,0.0,30.0,madmom
pOEzjT-SED0.wav,13.91,0.0,30.0,madmom
pOEzjT-SED0.wav,14.66,0.0,30.0,madmom
pOEzjT-SED0.wav,15.38,0.0,30.0,madmom
pOEzjT-SED0.wav,16.12,0.0,30.0,madmom
pOEzjT-SED0.wav,16.85,0.0,30.0,madmom
pOEzjT-SED0.wav,17.6,0.0,30.0,madmom
pOEzjT-SED0.wav,18.32,0.0,30.0,madmom
pOEzjT-SED0.wav,19.06,0.0,30.0,madmom
pOEzjT-SED0.wav,19.79,0.0,30.0,madmom
pOEzjT-SED0.wav,20.55,0.0,30.0,madmom
pOEzjT-SED0.wav,21.26,0.0,30.0,madmom
pOEzjT-SED0.wav,22.02,0.0,30.0,madmom
pOEzjT-SED0.wav,22.75,0.0,30.0,madmom
pOEzjT-SED0.wav,23.49,0.0,30.0,madmom
pOEzjT-SED0.wav,24.2,0.0,30.0,madmom
pOEzjT-SED0.wav,24.94,0.0,30.0,madmom
pOEzjT-SED0.wav,25.69,0.0,30.0,madmom
pOEzjT-SED0.wav,26.43,0.0,30.0,madmom
pOEzjT-SED0.wav,27.15,0.0,30.0,madmom
pOEzjT-SED0.wav,27.91,0.0,30.0,madmom
pOEzjT-SED0.wav,28.63,0.0,30.0,madmom
pOEzjT-SED0.wav,29.38,0.0,30.0,madmom
pPAAFMtDUzo.wav,0.68,0.0,30.0,madmom
pPAAFMtDUzo.wav,1.53,0.0,30.0,madmom
pPAAFMtDUzo.wav,2.3,0.0,30.0,madmom
pPAAFMtDUzo.wav,3.14,0.0,30.0,madmom
pPAAFMtDUzo.wav,3.92,0.0,30.0,madmom
pPAAFMtDUzo.wav,4.76,0.0,30.0,madmom
pPAAFMtDUzo.wav,5.55,0.0,30.0,madmom
pPAAFMtDUzo.wav,6.38,0.0,30.0,madmom
pPAAFMtDUzo.wav,7.17,0.0,30.0,madmom
pPAAFMtDUzo.wav,8.01,0.0,30.0,madmom
pPAAFMtDUzo.wav,8.79,0.0,30.0,madmom
pPAAFMtDUzo.wav,9.62,0.0,30.0,madmom
pPAAFMtDUzo.wav,10.41,0.0,30.0,madmom
pPAAFMtDUzo.wav,11.25,0.0,30.0,madmom
pPAAFMtDUzo.wav,12.05,0.0,30.0,madmom
pPAAFMtDUzo.wav,12.86,0.0,30.0,madmom
pPAAFMtDUzo.wav,13.65,0.0,30.0,madmom
pPAAFMtDUzo.wav,14.5,0.0,30.0,madmom
pPAAFMtDUzo.wav,15.28,0.0,30.0,madmom
pPAAFMtDUzo.wav,16.11,0.0,30.0,madmom
pPAAFMtDUzo.wav,16.9,0.0,30.0,madmom
pPAAFMtDUzo.wav,17.75,0.0,30.0,madmom
pPAAFMtDUzo.wav,18.52,0.0,30.0,madmom
pPAAFMtDUzo.wav,19.35,0.0,30.0,madmom
pPAAFMtDUzo.wav,20.14,0.0,30.0,madmom
pPAAFMtDUzo.wav,20.98,0.0,30.0,madmom
pPAAFMtDUzo.wav,21.81,0.0,30.0,madmom
pPAAFMtDUzo.wav,22.59,0.0,30.0,madmom
pPAAFMtDUzo.wav,23.44,0.0,30.0,madmom
pPAAFMtDUzo.wav,24.23,0.0,30.0,madmom
pPAAFMtDUzo.wav,25.04,0.0,30.0,madmom
pPAAFMtDUzo.wav,25.84,0.0,30.0,madmom
pPAAFMtDUzo.wav,26.66,0.0,30.0,madmom
pPAAFMtDUzo.wav,27.28,0.0,30.0,madmom
pPAAFMtDUzo.wav,27.88,0.0,30.0,madmom
pPAAFMtDUzo.wav,28.48,0.0,30.0,madmom
pPAAFMtDUzo.wav,29.08,0.0,30.0,madmom
pPAAFMtDUzo.wav,29.72,0.0,30.0,madmom
pTK9FnAzgwI.wav,0.0,0.0,30.0,madmom
pTK9FnAzgwI.wav,0.9,0.0,30.0,madmom
pTK9FnAzgwI.wav,1.77,0.0,30.0,madmom
pTK9FnAzgwI.wav,2.71,0.0,30.0,madmom
pTK9FnAzgwI.wav,3.59,0.0,30.0,madmom
pTK9FnAzgwI.wav,4.55,0.0,30.0,madmom
pTK9FnAzgwI.wav,5.4,0.0,30.0,madmom
pTK9FnAzgwI.wav,6.23,0.0,30.0,madmom
pTK9FnAzgwI.wav,7.03,0.0,30.0,madmom
pTK9FnAzgwI.wav,7.96,0.0,30.0,madmom
pTK9FnAzgwI.wav,8.8,0.0,30.0,madmom
pTK9FnAzgwI.wav,9.73,0.0,30.0,madmom
pTK9FnAzgwI.wav,10.61,0.0,30.0,madmom
pTK9FnAzgwI.wav,11.44,0.0,30.0,madmom
pTK9FnAzgwI.wav,12.25,0.0,30.0,madmom
pTK9FnAzgwI.wav,13.13,0.0,30.0,madmom
pTK9FnAzgwI.wav,14.06,0.0,30.0,madmom
pTK9FnAzgwI.wav,14.94,0.0,30.0,madmom
pTK9FnAzgwI.wav,15.87,0.0,30.0,madmom
pTK9FnAzgwI.wav,16.78,0.0,30.0,madmom
pTK9FnAzgwI.wav,17.72,0.0,30.0,madmom
pTK9FnAzgwI.wav,18.61,0.0,30.0,madmom
pTK9FnAzgwI.wav,19.49,0.0,30.0,madmom
pTK9FnAzgwI.wav,20.43,0.0,30.0,madmom
pTK9FnAzgwI.wav,21.31,0.0,30.0,madmom
pTK9FnAzgwI.wav,22.24,0.0,30.0,madmom
pTK9FnAzgwI.wav,23.14,0.0,30.0,madmom
pTK9FnAzgwI.wav,24.04,0.0,30.0,madmom
pTK9FnAzgwI.wav,24.97,0.0,30.0,madmom
pTK9FnAzgwI.wav,25.9,0.0,30.0,madmom
pTK9FnAzgwI.wav,26.8,0.0,30.0,madmom
pTK9FnAzgwI.wav,27.72,0.0,30.0,madmom
pTK9FnAzgwI.wav,28.63,0.0,30.0,madmom
pTK9FnAzgwI.wav,29.51,0.0,30.0,madmom
q1tC8PSDJe4.wav,0.26,0.0,30.0,madmom
q1tC8PSDJe4.wav,0.68,0.0,30.0,madmom
q1tC8PSDJe4.wav,1.14,0.0,30.0,madmom
q1tC8PSDJe4.wav,1.58,0.0,30.0,madmom
q1tC8PSDJe4.wav,2.0,0.0,30.0,madmom
q1tC8PSDJe4.wav,2.43,0.0,30.0,madmom
q1tC8PSDJe4.wav,2.85,0.0,30.0,madmom
q1tC8PSDJe4.wav,3.27,0.0,30.0,madmom
q1tC8PSDJe4.wav,3.71,0.0,30.0,madmom
q1tC8PSDJe4.wav,4.12,0.0,30.0,madmom
q1tC8PSDJe4.wav,4.54,0.0,30.0,madmom
q1tC8PSDJe4.wav,4.95,0.0,30.0,madmom
q1tC8PSDJe4.wav,5.39,0.0,30.0,madmom
q1tC8PSDJe4.wav,5.81,0.0,30.0,madmom
q1tC8PSDJe4.wav,6.23,0.0,30.0,madmom
q1tC8PSDJe4.wav,6.64,0.0,30.0,madmom
q1tC8PSDJe4.wav,7.08,0.0,30.0,madmom
q1tC8PSDJe4.wav,7.51,0.0,30.0,madmom
q1tC8PSDJe4.wav,7.94,0.0,30.0,madmom
q1tC8PSDJe4.wav,8.36,0.0,30.0,madmom
q1tC8PSDJe4.wav,8.78,0.0,30.0,madmom
q1tC8PSDJe4.wav,9.21,0.0,30.0,madmom
q1tC8PSDJe4.wav,9.63,0.0,30.0,madmom
q1tC8PSDJe4.wav,10.06,0.0,30.0,madmom
q1tC8PSDJe4.wav,10.48,0.0,30.0,madmom
q1tC8PSDJe4.wav,10.91,0.0,30.0,madmom
q1tC8PSDJe4.wav,11.35,0.0,30.0,madmom
q1tC8PSDJe4.wav,11.77,0.0,30.0,madmom
q1tC8PSDJe4.wav,12.2,0.0,30.0,madmom
q1tC8PSDJe4.wav,12.62,0.0,30.0,madmom
q1tC8PSDJe4.wav,13.06,0.0,30.0,madmom
q1tC8PSDJe4.wav,13.47,0.0,30.0,madmom
q1tC8PSDJe4.wav,13.89,0.0,30.0,madmom
q1tC8PSDJe4.wav,14.32,0.0,30.0,madmom
q1tC8PSDJe4.wav,14.74,0.0,30.0,madmom
q1tC8PSDJe4.wav,15.17,0.0,30.0,madmom
q1tC8PSDJe4.wav,15.58,0.0,30.0,madmom
q1tC8PSDJe4.wav,16.01,0.0,30.0,madmom
q1tC8PSDJe4.wav,16.42,0.0,30.0,madmom
q1tC8PSDJe4.wav,16.84,0.0,30.0,madmom
q1tC8PSDJe4.wav,17.28,0.0,30.0,madmom
q1tC8PSDJe4.wav,17.72,0.0,30.0,madmom
q1tC8PSDJe4.wav,18.14,0.0,30.0,madmom
q1tC8PSDJe4.wav,18.57,0.0,30.0,madmom
q1tC8PSDJe4.wav,18.99,0.0,30.0,madmom
q1tC8PSDJe4.wav,19.41,0.0,30.0,madmom
q1tC8PSDJe4.wav,19.83,0.0,30.0,madmom
q1tC8PSDJe4.wav,20.25,0.0,30.0,madmom
q1tC8PSDJe4.wav,20.68,0.0,30.0,madmom
q1tC8PSDJe4.wav,21.12,0.0,30.0,madmom
q1tC8PSDJe4.wav,21.54,0.0,30.0,madmom
q1tC8PSDJe4.wav,21.96,0.0,30.0,madmom
q1tC8PSDJe4.wav,22.39,0.0,30.0,madmom
q1tC8PSDJe4.wav,22.83,0.0,30.0,madmom
q1tC8PSDJe4.wav,23.25,0.0,30.0,madmom
q1tC8PSDJe4.wav,23.67,0.0,30.0,madmom
q1tC8PSDJe4.wav,24.09,0.0,30.0,madmom
q1tC8PSDJe4.wav,24.5,0.0,30.0,madmom
q1tC8PSDJe4.wav,24.94,0.0,30.0,madmom
q1tC8PSDJe4.wav,25.37,0.0,30.0,madmom
q1tC8PSDJe4.wav,25.8,0.0,30.0,madmom
q1tC8PSDJe4.wav,26.24,0.0,30.0,madmom
q1tC8PSDJe4.wav,26.67,0.0,30.0,madmom
q1tC8PSDJe4.wav,27.08,0.0,30.0,madmom
q1tC8PSDJe4.wav,27.52,0.0,30.0,madmom
q1tC8PSDJe4.wav,27.94,0.0,30.0,madmom
q1tC8PSDJe4.wav,28.36,0.0,30.0,madmom
q1tC8PSDJe4.wav,28.78,0.0,30.0,madmom
q1tC8PSDJe4.wav,29.2,0.0,30.0,madmom
q1tC8PSDJe4.wav,29.62,0.0,30.0,madmom
qhg8a5LUk-Y.wav,0.41,0.0,30.0,madmom
qhg8a5LUk-Y.wav,0.88,0.0,30.0,madmom
qhg8a5LUk-Y.wav,1.35,0.0,30.0,madmom
qhg8a5LUk-Y.wav,1.82,0.0,30.0,madmom
qhg8a5LUk-Y.wav,2.29,0.0,30.0,madmom
qhg8a5LUk-Y.wav,2.75,0.0,30.0,madmom
qhg8a5LUk-Y.wav,3.22,0.0,30.0,madmom
qhg8a5LUk-Y.wav,3.68,0.0,30.0,madmom
qhg8a5LUk-Y.wav,4.15,0.0,30.0,madmom
qhg8a5LUk-Y.wav,4.62,0.0,30.0,madmom
qhg8a5LUk-Y.wav,5.1,0.0,30.0,madmom
qhg8a5LUk-Y.wav,5.56,0.0,30.0,madmom
qhg8a5LUk-Y.wav,6.03,0.0,30.0,madmom
qhg8a5LUk-Y.wav,6.5,0.0,30.0,madmom
qhg8a5LUk-Y.wav,6.97,0.0,30.0,madmom
qhg8a5LUk-Y.wav,7.43,0.0,30.0,madmom
qhg8a5LUk-Y.wav,7.9,0.0,30.0,madmom
qhg8a5LUk-Y.wav,8.38,0.0,30.0,madmom
qhg8a5LUk-Y.wav,8.84,0.0,30.0,madmom
qhg8a5LUk-Y.wav,9.31,0.0,30.0,madmom
qhg8a5LUk-Y.wav,9.79,0.0,30.0,madmom
qhg8a5LUk-Y.wav,10.25,0.0,30.0,madmom
qhg8a5LUk-Y.wav,10.73,0.0,30.0,madmom
qhg8a5LUk-Y.wav,11.19,0.0,30.0,madmom
qhg8a5LUk-Y.wav,11.66,0.0,30.0,madmom
qhg8a5LUk-Y.wav,12.12,0.0,30.0,madmom
qhg8a5LUk-Y.wav,12.59,0.0,30.0,madmom
qhg8a5LUk-Y.wav,13.06,0.0,30.0,madmom
qhg8a5LUk-Y.wav,13.53,0.0,30.0,madmom
qhg8a5LUk-Y.wav,14.0,0.0,30.0,madmom
qhg8a5LUk-Y.wav,14.47,0.0,30.0,madmom
qhg8a5LUk-Y.wav,14.93,0.0,30.0,madmom
qhg8a5LUk-Y.wav,15.41,0.0,30.0,madmom
qhg8a5LUk-Y.wav,15.86,0.0,30.0,madmom
qhg8a5LUk-Y.wav,16.33,0.0,30.0,madmom
qhg8a5LUk-Y.wav,16.8,0.0,30.0,madmom
qhg8a5LUk-Y.wav,17.26,0.0,30.0,madmom
qhg8a5LUk-Y.wav,17.75,0.0,30.0,madmom
qhg8a5LUk-Y.wav,18.21,0.0,30.0,madmom
qhg8a5LUk-Y.wav,18.68,0.0,30.0,madmom
qhg8a5LUk-Y.wav,19.15,0.0,30.0,madmom
qhg8a5LUk-Y.wav,19.62,0.0,30.0,madmom
qhg8a5LUk-Y.wav,20.1,0.0,30.0,madmom
qhg8a5LUk-Y.wav,20.56,0.0,30.0,madmom
qhg8a5LUk-Y.wav,21.03,0.0,30.0,madmom
qhg8a5LUk-Y.wav,21.5,0.0,30.0,madmom
qhg8a5LUk-Y.wav,21.97,0.0,30.0,madmom
qhg8a5LUk-Y.wav,22.43,0.0,30.0,madmom
qhg8a5LUk-Y.wav,22.9,0.0,30.0,madmom
qhg8a5LUk-Y.wav,23.38,0.0,30.0,madmom
qhg8a5LUk-Y.wav,23.85,0.0,30.0,madmom
qhg8a5LUk-Y.wav,24.31,0.0,30.0,madmom
qhg8a5LUk-Y.wav,24.78,0.0,30.0,madmom
qhg8a5LUk-Y.wav,25.25,0.0,30.0,madmom
qhg8a5LUk-Y.wav,25.72,0.0,30.0,madmom
qhg8a5LUk-Y.wav,26.18,0.0,30.0,madmom
qhg8a5LUk-Y.wav,26.64,0.0,30.0,madmom
qhg8a5LUk-Y.wav,27.13,0.0,30.0,madmom
qhg8a5LUk-Y.wav,27.6,0.0,30.0,madmom
qhg8a5LUk-Y.wav,28.06,0.0,30.0,madmom
qhg8a5LUk-Y.wav,28.54,0.0,30.0,madmom
qhg8a5LUk-Y.wav,29.0,0.0,30.0,madmom
qhg8a5LUk-Y.wav,29.46,0.0,30.0,madmom
qhg8a5LUk-Y.wav,29.93,0.0,30.0,madmom
qtDcpyukzIw.wav,0.02,0.0,30.0,madmom
qtDcpyukzIw.wav,0.63,0.0,30.0,madmom
qtDcpyukzIw.wav,1.23,0.0,30.0,madmom
qtDcpyukzIw.wav,1.83,0.0,30.0,madmom
qtDcpyukzIw.wav,2.44,0.0,30.0,madmom
qtDcpyukzIw.wav,3.05,0.0,30.0,madmom
qtDcpyukzIw.wav,3.65,0.0,30.0,madmom
qtDcpyukzIw.wav,4.24,0.0,30.0,madmom
qtDcpyukzIw.wav,4.85,0.0,30.0,madmom
qtDcpyukzIw.wav,5.46,0.0,30.0,madmom
qtDcpyukzIw.wav,6.08,0.0,30.0,madmom
qtDcpyukzIw.wav,6.67,0.0,30.0,madmom
qtDcpyukzIw.wav,7.28,0.0,30.0,madmom
qtDcpyukzIw.wav,7.88,0.0,30.0,madmom
qtDcpyukzIw.wav,8.47,0.0,30.0,madmom
qtDcpyukzIw.wav,9.09,0.0,30.0,madmom
qtDcpyukzIw.wav,9.71,0.0,30.0,madmom
qtDcpyukzIw.wav,10.31,0.0,30.0,madmom
qtDcpyukzIw.wav,10.91,0.0,30.0,madmom
qtDcpyukzIw.wav,11.51,0.0,30.0,madmom
qtDcpyukzIw.wav,12.12,0.0,30.0,madmom
qtDcpyukzIw.wav,12.73,0.0,30.0,madmom
qtDcpyukzIw.wav,13.34,0.0,30.0,madmom
qtDcpyukzIw.wav,13.94,0.0,30.0,madmom
qtDcpyukzIw.wav,14.52,0.0,30.0,madmom
qtDcpyukzIw.wav,15.14,0.0,30.0,madmom
qtDcpyukzIw.wav,15.75,0.0,30.0,madmom
qtDcpyukzIw.wav,16.36,0.0,30.0,madmom
qtDcpyukzIw.wav,16.97,0.0,30.0,madmom
qtDcpyukzIw.wav,17.56,0.0,30.0,madmom
qtDcpyukzIw.wav,18.18,0.0,30.0,madmom
qtDcpyukzIw.wav,18.77,0.0,30.0,madmom
qtDcpyukzIw.wav,19.37,0.0,30.0,madmom
qtDcpyukzIw.wav,19.98,0.0,30.0,madmom
qtDcpyukzIw.wav,20.58,0.0,30.0,madmom
qtDcpyukzIw.wav,21.18,0.0,30.0,madmom
qtDcpyukzIw.wav,21.76,0.0,30.0,madmom
qtDcpyukzIw.wav,22.37,0.0,30.0,madmom
qtDcpyukzIw.wav,22.98,0.0,30.0,madmom
qtDcpyukzIw.wav,23.62,0.0,30.0,madmom
qtDcpyukzIw.wav,24.23,0.0,30.0,madmom
qtDcpyukzIw.wav,24.81,0.0,30.0,madmom
qtDcpyukzIw.wav,25.44,0.0,30.0,madmom
qtDcpyukzIw.wav,26.03,0.0,30.0,madmom
qtDcpyukzIw.wav,26.65,0.0,30.0,madmom
qtDcpyukzIw.wav,27.25,0.0,30.0,madmom
qtDcpyukzIw.wav,27.84,0.0,30.0,madmom
qtDcpyukzIw.wav,28.47,0.0,30.0,madmom
qtDcpyukzIw.wav,29.09,0.0,30.0,madmom
qtDcpyukzIw.wav,29.67,0.0,30.0,madmom
rPOn6B6zcGU.wav,0.23,0.0,30.0,madmom
rPOn6B6zcGU.wav,1.28,0.0,30.0,madmom
rPOn6B6zcGU.wav,2.28,0.0,30.0,madmom
rPOn6B6zcGU.wav,3.34,0.0,30.0,madmom
rPOn6B6zcGU.wav,4.23,0.0,30.0,madmom
rPOn6B6zcGU.wav,5.13,0.0,30.0,madmom
rPOn6B6zcGU.wav,6.03,0.0,30.0,madmom
rPOn6B6zcGU.wav,6.95,0.0,30.0,madmom
rPOn6B6zcGU.wav,7.81,0.0,30.0,madmom
rPOn6B6zcGU.wav,8.72,0.0,30.0,madmom
rPOn6B6zcGU.wav,9.62,0.0,30.0,madmom
rPOn6B6zcGU.wav,10.53,0.0,30.0,madmom
rPOn6B6zcGU.wav,11.45,0.0,30.0,madmom
rPOn6B6zcGU.wav,12.41,0.0,30.0,madmom
rPOn6B6zcGU.wav,13.37,0.0,30.0,madmom
rPOn6B6zcGU.wav,14.25,0.0,30.0,madmom
rPOn6B6zcGU.wav,15.23,0.0,30.0,madmom
rPOn6B6zcGU.wav,16.09,0.0,30.0,madmom
rPOn6B6zcGU.wav,16.97,0.0,30.0,madmom
rPOn6B6zcGU.wav,17.88,0.0,30.0,madmom
rPOn6B6zcGU.wav,18.78,0.0,30.0,madmom
rPOn6B6zcGU.wav,19.65,0.0,30.0,madmom
rPOn6B6zcGU.wav,20.57,0.0,30.0,madmom
rPOn6B6zcGU.wav,21.46,0.0,30.0,madmom
rPOn6B6zcGU.wav,22.34,0.0,30.0,madmom
rPOn6B6zcGU.wav,23.34,0.0,30.0,madmom
rPOn6B6zcGU.wav,24.26,0.0,30.0,madmom
rPOn6B6zcGU.wav,25.23,0.0,30.0,madmom
rPOn6B6zcGU.wav,26.23,0.0,30.0,madmom
rPOn6B6zcGU.wav,27.19,0.0,30.0,madmom
rPOn6B6zcGU.wav,28.13,0.0,30.0,madmom
rPOn6B6zcGU.wav,29.08,0.0,30.0,madmom
rgQacXMj7EQ.wav,0.17,0.0,30.0,madmom
rgQacXMj7EQ.wav,0.65,0.0,30.0,madmom
rgQacXMj7EQ.wav,1.13,0.0,30.0,madmom
rgQacXMj7EQ.wav,1.62,0.0,30.0,madmom
rgQacXMj7EQ.wav,2.13,0.0,30.0,madmom
rgQacXMj7EQ.wav,2.59,0.0,30.0,madmom
rgQacXMj7EQ.wav,3.07,0.0,30.0,madmom
rgQacXMj7EQ.wav,3.56,0.0,30.0,madmom
rgQacXMj7EQ.wav,4.04,0.0,30.0,madmom
rgQacXMj7EQ.wav,4.52,0.0,30.0,madmom
rgQacXMj7EQ.wav,5.0,0.0,30.0,madmom
rgQacXMj7EQ.wav,5.49,0.0,30.0,madmom
rgQacXMj7EQ.wav,5.97,0.0,30.0,madmom
rgQacXMj7EQ.wav,6.45,0.0,30.0,madmom
rgQacXMj7EQ.wav,6.94,0.0,30.0,madmom
rgQacXMj7EQ.wav,7.42,0.0,30.0,madmom
rgQacXMj7EQ.wav,7.92,0.0,30.0,madmom
rgQacXMj7EQ.wav,8.41,0.0,30.0,madmom
rgQacXMj7EQ.wav,8.89,0.0,30.0,madmom
rgQacXMj7EQ.wav,9.37,0.0,30.0,madmom
rgQacXMj7EQ.wav,9.85,0.0,30.0,madmom
rgQacXMj7EQ.wav,10.33,0.0,30.0,madmom
rgQacXMj7EQ.wav,10.82,0.0,30.0,madmom
rgQacXMj7EQ.wav,11.29,0.0,30.0,madmom
rgQacXMj7EQ.wav,11.78,0.0,30.0,madmom
rgQacXMj7EQ.wav,12.26,0.0,30.0,madmom
rgQacXMj7EQ.wav,12.74,0.0,30.0,madmom
rgQacXMj7EQ.wav,13.23,0.0,30.0,madmom
rgQacXMj7EQ.wav,13.71,0.0,30.0,madmom
rgQacXMj7EQ.wav,14.2,0.0,30.0,madmom
rgQacXMj7EQ.wav,14.69,0.0,30.0,madmom
rgQacXMj7EQ.wav,15.18,0.0,30.0,madmom
rgQacXMj7EQ.wav,15.65,0.0,30.0,madmom
rgQacXMj7EQ.wav,16.14,0.0,30.0,madmom
rgQacXMj7EQ.wav,16.62,0.0,30.0,madmom
rgQacXMj7EQ.wav,17.1,0.0,30.0,madmom
rgQacXMj7EQ.wav,17.58,0.0,30.0,madmom
rgQacXMj7EQ.wav,18.07,0.0,30.0,madmom
rgQacXMj7EQ.wav,18.55,0.0,30.0,madmom
rgQacXMj7EQ.wav,19.04,0.0,30.0,madmom
rgQacXMj7EQ.wav,19.53,0.0,30.0,madmom
rgQacXMj7EQ.wav,20.01,0.0,30.0,madmom
rgQacXMj7EQ.wav,20.49,0.0,30.0,madmom
rgQacXMj7EQ.wav,20.97,0.0,30.0,madmom
rgQacXMj7EQ.wav,21.46,0.0,30.0,madmom
rgQacXMj7EQ.wav,21.94,0.0,30.0,madmom
rgQacXMj7EQ.wav,22.44,0.0,30.0,madmom
rgQacXMj7EQ.wav,22.9,0.0,30.0,madmom
rgQacXMj7EQ.wav,23.4,0.0,30.0,madmom
rgQacXMj7EQ.wav,23.87,0.0,30.0,madmom
rgQacXMj7EQ.wav,24.36,0.0,30.0,madmom
rgQacXMj7EQ.wav,24.84,0.0,30.0,madmom
rgQacXMj7EQ.wav,25.33,0.0,30.0,madmom
rgQacXMj7EQ.wav,25.81,0.0,30.0,madmom
rgQacXMj7EQ.wav,26.3,0.0,30.0,madmom
rgQacXMj7EQ.wav,26.77,0.0,30.0,madmom
rgQacXMj7EQ.wav,27.26,0.0,30.0,madmom
rgQacXMj7EQ.wav,27.75,0.0,30.0,madmom
rgQacXMj7EQ.wav,28.23,0.0,30.0,madmom
rgQacXMj7EQ.wav,28.71,0.0,30.0,madmom
rgQacXMj7EQ.wav,29.2,0.0,30.0,madmom
rgQacXMj7EQ.wav,29.69,0.0,30.0,madmom
s7VmlXsURZQ.wav,0.04,0.0,30.0,madmom
s7VmlXsURZQ.wav,0.54,0.0,30.0,madmom
s7VmlXsURZQ.wav,1.01,0.0,30.0,madmom
s7VmlXsURZQ.wav,1.49,0.0,30.0,madmom
s7VmlXsURZQ.wav,1.96,0.0,30.0,madmom
s7VmlXsURZQ.wav,2.44,0.0,30.0,madmom
s7VmlXsURZQ.wav,2.92,0.0,30.0,madmom
s7VmlXsURZQ.wav,3.39,0.0,30.0,madmom
s7VmlXsURZQ.wav,3.87,0.0,30.0,madmom
s7VmlXsURZQ.wav,4.34,0.0,30.0,madmom
s7VmlXsURZQ.wav,4.82,0.0,30.0,madmom
s7VmlXsURZQ.wav,5.3,0.0,30.0,madmom
s7VmlXsURZQ.wav,5.77,0.0,30.0,madmom
s7VmlXsURZQ.wav,6.25,0.0,30.0,madmom
s7VmlXsURZQ.wav,6.73,0.0,30.0,madmom
s7VmlXsURZQ.wav,7.2,0.0,30.0,madmom
s7VmlXsURZQ.wav,7.67,0.0,30.0,madmom
s7VmlXsURZQ.wav,8.15,0.0,30.0,madmom
s7VmlXsURZQ.wav,8.63,0.0,30.0,madmom
s7VmlXsURZQ.wav,9.11,0.0,30.0,madmom
s7VmlXsURZQ.wav,9.58,0.0,30.0,madmom
s7VmlXsURZQ.wav,10.06,0.0,30.0,madmom
s7VmlXsURZQ.wav,10.54,0.0,30.0,madmom
s7VmlXsURZQ.wav,11.01,0.0,30.0,madmom
s7VmlXsURZQ.wav,11.49,0.0,30.0,madmom
s7VmlXsURZQ.wav,11.96,0.0,30.0,madmom
s7VmlXsURZQ.wav,12.44,0.0,30.0,madmom
s7VmlXsURZQ.wav,12.92,0.0,30.0,madmom
s7VmlXsURZQ.wav,13.39,0.0,30.0,madmom
s7VmlXsURZQ.wav,13.87,0.0,30.0,madmom
s7VmlXsURZQ.wav,14.35,0.0,30.0,madmom
s7VmlXsURZQ.wav,14.82,0.0,30.0,madmom
s7VmlXsURZQ.wav,15.29,0.0,30.0,madmom
s7VmlXsURZQ.wav,15.77,0.0,30.0,madmom
s7VmlXsURZQ.wav,16.25,0.0,30.0,madmom
s7VmlXsURZQ.wav,16.73,0.0,30.0,madmom
s7VmlXsURZQ.wav,17.2,0.0,30.0,madmom
s7VmlXsURZQ.wav,17.68,0.0,30.0,madmom
s7VmlXsURZQ.wav,18.16,0.0,30.0,madmom
s7VmlXsURZQ.wav,18.63,0.0,30.0,madmom
s7VmlXsURZQ.wav,19.11,0.0,30.0,madmom
s7VmlXsURZQ.wav,19.58,0.0,30.0,madmom
s7VmlXsURZQ.wav,20.06,0.0,30.0,madmom
s7VmlXsURZQ.wav,20.54,0.0,30.0,madmom
s7VmlXsURZQ.wav,21.01,0.0,30.0,madmom
s7VmlXsURZQ.wav,21.49,0.0,30.0,madmom
s7VmlXsURZQ.wav,21.97,0.0,30.0,madmom
s7VmlXsURZQ.wav,22.44,0.0,30.0,madmom
s7VmlXsURZQ.wav,22.91,0.0,30.0,madmom
s7VmlXsURZQ.wav,23.39,0.0,30.0,madmom
s7VmlXsURZQ.wav,23.87,0.0,30.0,madmom
s7VmlXsURZQ.wav,24.35,0.0,30.0,madmom
s7VmlXsURZQ.wav,24.82,0.0,30.0,madmom
s7VmlXsURZQ.wav,25.3,0.0,30.0,madmom
s7VmlXsURZQ.wav,25.77,0.0,30.0,madmom
s7VmlXsURZQ.wav,26.25,0.0,30.0,madmom
s7VmlXsURZQ.wav,26.73,0.0,30.0,madmom
s7VmlXsURZQ.wav,27.2,0.0,30.0,madmom
s7VmlXsURZQ.wav,27.67,0.0,30.0,madmom
s7VmlXsURZQ.wav,28.16,0.0,30.0,madmom
s7VmlXsURZQ.wav,28.62,0.0,30.0,madmom
s7VmlXsURZQ.wav,29.1,0.0,30.0,madmom
s7VmlXsURZQ.wav,29.6,0.0,30.0,madmom
sS8jpNdABgw.wav,0.1,0.0,30.0,madmom
sS8jpNdABgw.wav,0.92,0.0,30.0,madmom
sS8jpNdABgw.wav,1.73,0.0,30.0,madmom
sS8jpNdABgw.wav,2.55,0.0,30.0,madmom
sS8jpNdABgw.wav,3.35,0.0,30.0,madmom
sS8jpNdABgw.wav,4.16,0.0,30.0,madmom
sS8jpNdABgw.wav,4.97,0.0,30.0,madmom
sS8jpNdABgw.wav,5.79,0.0,30.0,madmom
sS8jpNdABgw.wav,6.59,0.0,30.0,madmom
sS8jpNdABgw.wav,7.37,0.0,30.0,madmom
sS8jpNdABgw.wav,8.19,0.0,30.0,madmom
sS8jpNdABgw.wav,9.03,0.0,30.0,madmom
sS8jpNdABgw.wav,9.83,0.0,30.0,madmom
sS8jpNdABgw.wav,10.64,0.0,30.0,madmom
sS8jpNdABgw.wav,11.47,0.0,30.0,madmom
sS8jpNdABgw.wav,12.26,0.0,30.0,madmom
sS8jpNdABgw.wav,13.08,0.0,30.0,madmom
sS8jpNdABgw.wav,13.88,0.0,30.0,madmom
sS8jpNdABgw.wav,14.71,0.0,30.0,madmom
sS8jpNdABgw.wav,15.5,0.0,30.0,madmom
sS8jpNdABgw.wav,16.32,0.0,30.0,madmom
sS8jpNdABgw.wav,17.13,0.0,30.0,madmom
sS8jpNdABgw.wav,17.95,0.0,30.0,madmom
sS8jpNdABgw.wav,18.74,0.0,30.0,madmom
sS8jpNdABgw.wav,19.56,0.0,30.0,madmom
sS8jpNdABgw.wav,20.37,0.0,30.0,madmom
sS8jpNdABgw.wav,21.19,0.0,30.0,madmom
sS8jpNdABgw.wav,21.99,0.0,30.0,madmom
sS8jpNdABgw.wav,22.81,0.0,30.0,madmom
sS8jpNdABgw.wav,23.61,0.0,30.0,madmom
sS8jpNdABgw.wav,24.43,0.0,30.0,madmom
sS8jpNdABgw.wav,25.22,0.0,30.0,madmom
sS8jpNdABgw.wav,26.05,0.0,30.0,madmom
sS8jpNdABgw.wav,26.86,0.0,30.0,madmom
sS8jpNdABgw.wav,27.68,0.0,30.0,madmom
sS8jpNdABgw.wav,28.48,0.0,30.0,madmom
sS8jpNdABgw.wav,29.29,0.0,30.0,madmom
tBCoITfR6GQ.wav,0.45,0.0,30.0,madmom
tBCoITfR6GQ.wav,0.93,0.0,30.0,madmom
tBCoITfR6GQ.wav,1.39,0.0,30.0,madmom
tBCoITfR6GQ.wav,1.89,0.0,30.0,madmom
tBCoITfR6GQ.wav,2.36,0.0,30.0,madmom
tBCoITfR6GQ.wav,2.83,0.0,30.0,madmom
tBCoITfR6GQ.wav,3.33,0.0,30.0,madmom
tBCoITfR6GQ.wav,3.79,0.0,30.0,madmom
tBCoITfR6GQ.wav,4.31,0.0,30.0,madmom
tBCoITfR6GQ.wav,4.8,0.0,30.0,madmom
tBCoITfR6GQ.wav,5.29,0.0,30.0,madmom
tBCoITfR6GQ.wav,5.76,0.0,30.0,madmom
tBCoITfR6GQ.wav,6.26,0.0,30.0,madmom
tBCoITfR6GQ.wav,6.74,0.0,30.0,madmom
tBCoITfR6GQ.wav,7.23,0.0,30.0,madmom
tBCoITfR6GQ.wav,7.73,0.0,30.0,madmom
tBCoITfR6GQ.wav,8.21,0.0,30.0,madmom
tBCoITfR6GQ.wav,8.71,0.0,30.0,madmom
tBCoITfR6GQ.wav,9.18,0.0,30.0,madmom
tBCoITfR6GQ.wav,9.69,0.0,30.0,madmom
tBCoITfR6GQ.wav,10.19,0.0,30.0,madmom
tBCoITfR6GQ.wav,10.68,0.0,30.0,madmom
tBCoITfR6GQ.wav,11.17,0.0,30.0,madmom
tBCoITfR6GQ.wav,11.66,0.0,30.0,madmom
tBCoITfR6GQ.wav,12.15,0.0,30.0,madmom
tBCoITfR6GQ.wav,12.65,0.0,30.0,madmom
tBCoITfR6GQ.wav,13.14,0.0,30.0,madmom
tBCoITfR6GQ.wav,13.63,0.0,30.0,madmom
tBCoITfR6GQ.wav,14.12,0.0,30.0,madmom
tBCoITfR6GQ.wav,14.62,0.0,30.0,madmom
tBCoITfR6GQ.wav,15.11,0.0,30.0,madmom
tBCoITfR6GQ.wav,15.59,0.0,30.0,madmom
tBCoITfR6GQ.wav,16.1,0.0,30.0,madmom
tBCoITfR6GQ.wav,16.58,0.0,30.0,madmom
tBCoITfR6GQ.wav,17.06,0.0,30.0,madmom
tBCoITfR6GQ.wav,17.55,0.0,30.0,madmom
tBCoITfR6GQ.wav,18.06,0.0,30.0,madmom
tBCoITfR6GQ.wav,18.55,0.0,30.0,madmom
tBCoITfR6GQ.wav,19.07,0.0,30.0,madmom
tBCoITfR6GQ.wav,19.53,0.0,30.0,madmom
tBCoITfR6GQ.wav,20.02,0.0,30.0,madmom
tBCoITfR6GQ.wav,20.52,0.0,30.0,madmom
tBCoITfR6GQ.wav,21.03,0.0,30.0,madmom
tBCoITfR6GQ.wav,21.5,0.0,30.0,madmom
tBCoITfR6GQ.wav,22.01,0.0,30.0,madmom
tBCoITfR6GQ.wav,22.48,0.0,30.0,madmom
tBCoITfR6GQ.wav,22.98,0.0,30.0,madmom
tBCoITfR6GQ.wav,23.48,0.0,30.0,madmom
tBCoITfR6GQ.wav,23.96,0.0,30.0,madmom
tBCoITfR6GQ.wav,24.45,0.0,30.0,madmom
tBCoITfR6GQ.wav,24.96,0.0,30.0,madmom
tBCoITfR6GQ.wav,25.44,0.0,30.0,madmom
tBCoITfR6GQ.wav,25.92,0.0,30.0,madmom
tBCoITfR6GQ.wav,26.41,0.0,30.0,madmom
tBCoITfR6GQ.wav,26.92,0.0,30.0,madmom
tBCoITfR6GQ.wav,27.41,0.0,30.0,madmom
tBCoITfR6GQ.wav,27.91,0.0,30.0,madmom
tBCoITfR6GQ.wav,28.4,0.0,30.0,madmom
tBCoITfR6GQ.wav,28.89,0.0,30.0,madmom
tBCoITfR6GQ.wav,29.37,0.0,30.0,madmom
tBCoITfR6GQ.wav,29.86,0.0,30.0,madmom
tIqmSwfnRSw.wav,0.14,0.0,30.0,madmom
tIqmSwfnRSw.wav,0.54,0.0,30.0,madmom
tIqmSwfnRSw.wav,0.94,0.0,30.0,madmom
tIqmSwfnRSw.wav,1.34,0.0,30.0,madmom
tIqmSwfnRSw.wav,1.75,0.0,30.0,madmom
tIqmSwfnRSw.wav,2.15,0.0,30.0,madmom
tIqmSwfnRSw.wav,2.56,0.0,30.0,madmom
tIqmSwfnRSw.wav,2.96,0.0,30.0,madmom
tIqmSwfnRSw.wav,3.37,0.0,30.0,madmom
tIqmSwfnRSw.wav,3.78,0.0,30.0,madmom
tIqmSwfnRSw.wav,4.19,0.0,30.0,madmom
tIqmSwfnRSw.wav,4.58,0.0,30.0,madmom
tIqmSwfnRSw.wav,5.0,0.0,30.0,madmom
tIqmSwfnRSw.wav,5.4,0.0,30.0,madmom
tIqmSwfnRSw.wav,5.8,0.0,30.0,madmom
tIqmSwfnRSw.wav,6.2,0.0,30.0,madmom
tIqmSwfnRSw.wav,6.63,0.0,30.0,madmom
tIqmSwfnRSw.wav,7.03,0.0,30.0,madmom
tIqmSwfnRSw.wav,7.42,0.0,30.0,madmom
tIqmSwfnRSw.wav,7.82,0.0,30.0,madmom
tIqmSwfnRSw.wav,8.24,0.0,30.0,madmom
tIqmSwfnRSw.wav,8.63,0.0,30.0,madmom
tIqmSwfnRSw.wav,9.04,0.0,30.0,madmom
tIqmSwfnRSw.wav,9.44,0.0,30.0,madmom
tIqmSwfnRSw.wav,9.85,0.0,30.0,madmom
tIqmSwfnRSw.wav,10.27,0.0,30.0,madmom
tIqmSwfnRSw.wav,10.67,0.0,30.0,madmom
tIqmSwfnRSw.wav,11.06,0.0,30.0,madmom
tIqmSwfnRSw.wav,11.47,0.0,30.0,madmom
tIqmSwfnRSw.wav,11.88,0.0,30.0,madmom
tIqmSwfnRSw.wav,12.28,0.0,30.0,madmom
tIqmSwfnRSw.wav,12.69,0.0,30.0,madmom
tIqmSwfnRSw.wav,13.1,0.0,30.0,madmom
tIqmSwfnRSw.wav,13.51,0.0,30.0,madmom
tIqmSwfnRSw.wav,13.91,0.0,30.0,madmom
tIqmSwfnRSw.wav,14.31,0.0,30.0,madmom
tIqmSwfnRSw.wav,14.71,0.0,30.0,madmom
tIqmSwfnRSw.wav,15.12,0.0,30.0,madmom
tIqmSwfnRSw.wav,15.52,0.0,30.0,madmom
tIqmSwfnRSw.wav,15.93,0.0,30.0,madmom
tIqmSwfnRSw.wav,16.34,0.0,30.0,madmom
tIqmSwfnRSw.wav,16.75,0.0,30.0,madmom
tIqmSwfnRSw.wav,17.16,0.0,30.0,madmom
tIqmSwfnRSw.wav,17.55,0.0,30.0,madmom
tIqmSwfnRSw.wav,17.97,0.0,30.0,madmom
tIqmSwfnRSw.wav,18.37,0.0,30.0,madmom
tIqmSwfnRSw.wav,18.76,0.0,30.0,madmom
tIqmSwfnRSw.wav,19.18,0.0,30.0,madmom
tIqmSwfnRSw.wav,19.6,0.0,30.0,madmom
tIqmSwfnRSw.wav,20.0,0.0,30.0,madmom
tIqmSwfnRSw.wav,20.42,0.0,30.0,madmom
tIqmSwfnRSw.wav,20.83,0.0,30.0,madmom
tIqmSwfnRSw.wav,21.23,0.0,30.0,madmom
tIqmSwfnRSw.wav,21.61,0.0,30.0,madmom
tIqmSwfnRSw.wav,22.01,0.0,30.0,madmom
tIqmSwfnRSw.wav,22.42,0.0,30.0,madmom
tIqmSwfnRSw.wav,22.82,0.0,30.0,madmom
tIqmSwfnRSw.wav,23.23,0.0,30.0,madmom
tIqmSwfnRSw.wav,23.64,0.0,30.0,madmom
tIqmSwfnRSw.wav,24.04,0.0,30.0,madmom
tIqmSwfnRSw.wav,24.45,0.0,30.0,madmom
tIqmSwfnRSw.wav,24.86,0.0,30.0,madmom
tIqmSwfnRSw.wav,25.26,0.0,30.0,madmom
tIqmSwfnRSw.wav,25.67,0.0,30.0,madmom
tIqmSwfnRSw.wav,26.09,0.0,30.0,madmom
tIqmSwfnRSw.wav,26.49,0.0,30.0,madmom
tIqmSwfnRSw.wav,26.89,0.0,30.0,madmom
tIqmSwfnRSw.wav,27.29,0.0,30.0,madmom
tIqmSwfnRSw.wav,27.69,0.0,30.0,madmom
tIqmSwfnRSw.wav,28.09,0.0,30.0,madmom
tIqmSwfnRSw.wav,28.5,0.0,30.0,madmom
tIqmSwfnRSw.wav,28.91,0.0,30.0,madmom
tIqmSwfnRSw.wav,29.31,0.0,30.0,madmom
tIqmSwfnRSw.wav,29.74,0.0,30.0,madmom
tQbIvj7jM9A.wav,0.09,0.0,30.0,madmom
tQbIvj7jM9A.wav,0.98,0.0,30.0,madmom
tQbIvj7jM9A.wav,1.88,0.0,30.0,madmom
tQbIvj7jM9A.wav,2.76,0.0,30.0,madmom
tQbIvj7jM9A.wav,3.66,0.0,30.0,madmom
tQbIvj7jM9A.wav,4.55,0.0,30.0,madmom
tQbIvj7jM9A.wav,5.44,0.0,30.0,madmom
tQbIvj7jM9A.wav,6.33,0.0,30.0,madmom
tQbIvj7jM9A.wav,7.23,0.0,30.0,madmom
tQbIvj7jM9A.wav,8.11,0.0,30.0,madmom
tQbIvj7jM9A.wav,9.01,0.0,30.0,madmom
tQbIvj7jM9A.wav,9.86,0.0,30.0,madmom
tQbIvj7jM9A.wav,10.77,0.0,30.0,madmom
tQbIvj7jM9A.wav,11.7,0.0,30.0,madmom
tQbIvj7jM9A.wav,12.62,0.0,30.0,madmom
tQbIvj7jM9A.wav,13.53,0.0,30.0,madmom
tQbIvj7jM9A.wav,14.45,0.0,30.0,madmom
tQbIvj7jM9A.wav,15.38,0.0,30.0,madmom
tQbIvj7jM9A.wav,16.31,0.0,30.0,madmom
tQbIvj7jM9A.wav,17.25,0.0,30.0,madmom
tQbIvj7jM9A.wav,18.15,0.0,30.0,madmom
tQbIvj7jM9A.wav,19.08,0.0,30.0,madmom
tQbIvj7jM9A.wav,20.01,0.0,30.0,madmom
tQbIvj7jM9A.wav,20.93,0.0,30.0,madmom
tQbIvj7jM9A.wav,21.84,0.0,30.0,madmom
tQbIvj7jM9A.wav,22.78,0.0,30.0,madmom
tQbIvj7jM9A.wav,23.69,0.0,30.0,madmom
tQbIvj7jM9A.wav,24.62,0.0,30.0,madmom
tQbIvj7jM9A.wav,25.52,0.0,30.0,madmom
tQbIvj7jM9A.wav,26.46,0.0,30.0,madmom
tQbIvj7jM9A.wav,27.39,0.0,30.0,madmom
tQbIvj7jM9A.wav,28.31,0.0,30.0,madmom
tQbIvj7jM9A.wav,29.23,0.0,30.0,madmom
tuhxZytmhss.wav,0.48,0.0,30.0,madmom
tuhxZytmhss.wav,1.33,0.0,30.0,madmom
tuhxZytmhss.wav,2.2,0.0,30.0,madmom
tuhxZytmhss.wav,3.06,0.0,30.0,madmom
tuhxZytmhss.wav,3.91,0.0,30.0,madmom
tuhxZytmhss.wav,4.77,0.0,30.0,madmom
tuhxZytmhss.wav,5.62,0.0,30.0,madmom
tuhxZytmhss.wav,6.47,0.0,30.0,madmom
tuhxZytmhss.wav,7.34,0.0,30.0,madmom
tuhxZytmhss.wav,8.2,0.0,30.0,madmom
tuhxZytmhss.wav,9.06,0.0,30.0,madmom
tuhxZytmhss.wav,9.91,0.0,30.0,madmom
tuhxZytmhss.wav,10.74,0.0,30.0,madmom
tuhxZytmhss.wav,11.61,0.0,30.0,madmom
tuhxZytmhss.wav,12.48,0.0,30.0,madmom
tuhxZytmhss.wav,13.33,0.0,30.0,madmom
tuhxZytmhss.wav,14.19,0.0,30.0,madmom
tuhxZytmhss.wav,15.03,0.0,30.0,madmom
tuhxZytmhss.wav,15.9,0.0,30.0,madmom
tuhxZytmhss.wav,16.76,0.0,30.0,madmom
tuhxZytmhss.wav,17.61,0.0,30.0,madmom
tuhxZytmhss.wav,18.46,0.0,30.0,madmom
tuhxZytmhss.wav,19.33,0.0,30.0,madmom
tuhxZytmhss.wav,20.19,0.0,30.0,madmom
tuhxZytmhss.wav,21.03,0.0,30.0,madmom
tuhxZytmhss.wav,21.91,0.0,30.0,madmom
tuhxZytmhss.wav,22.76,0.0,30.0,madmom
tuhxZytmhss.wav,23.62,0.0,30.0,madmom
tuhxZytmhss.wav,24.49,0.0,30.0,madmom
tuhxZytmhss.wav,25.32,0.0,30.0,madmom
tuhxZytmhss.wav,26.18,0.0,30.0,madmom
tuhxZytmhss.wav,27.04,0.0,30.0,madmom
tuhxZytmhss.wav,27.91,0.0,30.0,madmom
tuhxZytmhss.wav,28.76,0.0,30.0,madmom
tuhxZytmhss.wav,29.61,0.0,30.0,madmom
uRleWlf-trQ.wav,0.04,0.0,30.0,madmom
uRleWlf-trQ.wav,0.5,0.0,30.0,madmom
uRleWlf-trQ.wav,0.96,0.0,30.0,madmom
uRleWlf-trQ.wav,1.43,0.0,30.0,madmom
uRleWlf-trQ.wav,1.89,0.0,30.0,madmom
uRleWlf-trQ.wav,2.35,0.0,30.0,madmom
uRleWlf-trQ.wav,2.8,0.0,30.0,madmom
uRleWlf-trQ.wav,3.27,0.0,30.0,madmom
uRleWlf-trQ.wav,3.73,0.0,30.0,madmom
uRleWlf-trQ.wav,4.19,0.0,30.0,madmom
uRleWlf-trQ.wav,4.65,0.0,30.0,madmom
uRleWlf-trQ.wav,5.11,0.0,30.0,madmom
uRleWlf-trQ.wav,5.58,0.0,30.0,madmom
uRleWlf-trQ.wav,6.04,0.0,30.0,madmom
uRleWlf-trQ.wav,6.5,0.0,30.0,madmom
uRleWlf-trQ.wav,6.94,0.0,30.0,madmom
uRleWlf-trQ.wav,7.43,0.0,30.0,madmom
uRleWlf-trQ.wav,7.9,0.0,30.0,madmom
uRleWlf-trQ.wav,8.36,0.0,30.0,madmom
uRleWlf-trQ.wav,8.81,0.0,30.0,madmom
uRleWlf-trQ.wav,9.27,0.0,30.0,madmom
uRleWlf-trQ.wav,9.73,0.0,30.0,madmom
uRleWlf-trQ.wav,10.19,0.0,30.0,madmom
uRleWlf-trQ.wav,10.65,0.0,30.0,madmom
uRleWlf-trQ.wav,11.12,0.0,30.0,madmom
uRleWlf-trQ.wav,11.58,0.0,30.0,madmom
uRleWlf-trQ.wav,12.04,0.0,30.0,madmom
uRleWlf-trQ.wav,12.49,0.0,30.0,madmom
uRleWlf-trQ.wav,12.97,0.0,30.0,madmom
uRleWlf-trQ.wav,13.43,0.0,30.0,madmom
uRleWlf-trQ.wav,13.88,0.0,30.0,madmom
uRleWlf-trQ.wav,14.34,0.0,30.0,madmom
uRleWlf-trQ.wav,14.81,0.0,30.0,madmom
uRleWlf-trQ.wav,15.27,0.0,30.0,madmom
uRleWlf-trQ.wav,15.73,0.0,30.0,madmom
uRleWlf-trQ.wav,16.19,0.0,30.0,madmom
uRleWlf-trQ.wav,16.66,0.0,30.0,madmom
uRleWlf-trQ.wav,17.12,0.0,30.0,madmom
uRleWlf-trQ.wav,17.57,0.0,30.0,madmom
uRleWlf-trQ.wav,18.03,0.0,30.0,madmom
uRleWlf-trQ.wav,18.5,0.0,30.0,madmom
uRleWlf-trQ.wav,18.96,0.0,30.0,madmom
uRleWlf-trQ.wav,19.42,0.0,30.0,madmom
uRleWlf-trQ.wav,19.88,0.0,30.0,madmom
uRleWlf-trQ.wav,20.34,0.0,30.0,madmom
uRleWlf-trQ.wav,20.81,0.0,30.0,madmom
uRleWlf-trQ.wav,21.26,0.0,30.0,madmom
uRleWlf-trQ.wav,21.73,0.0,30.0,madmom
uRleWlf-trQ.wav,22.2,0.0,30.0,madmom
uRleWlf-trQ.wav,22.66,0.0,30.0,madmom
uRleWlf-trQ.wav,23.11,0.0,30.0,madmom
uRleWlf-trQ.wav,23.57,0.0,30.0,madmom
uRleWlf-trQ.wav,24.03,0.0,30.0,madmom
uRleWlf-trQ.wav,24.5,0.0,30.0,madmom
uRleWlf-trQ.wav,24.96,0.0,30.0,madmom
uRleWlf-trQ.wav,25.42,0.0,30.0,madmom
uRleWlf-trQ.wav,25.89,0.0,30.0,madmom
uRleWlf-trQ.wav,26.35,0.0,30.0,madmom
uRleWlf-trQ.wav,26.81,0.0,30.0,madmom
uRleWlf-trQ.wav,27.27,0.0,30.0,madmom
uRleWlf-trQ.wav,27.74,0.0,30.0,madmom
uRleWlf-trQ.wav,28.2,0.0,30.0,madmom
uRleWlf-trQ.wav,28.65,0.0,30.0,madmom
uRleWlf-trQ.wav,29.1,0.0,30.0,madmom
uRleWlf-trQ.wav,29.58,0.0,30.0,madmom
uZUSXcdYGS4.wav,0.29,0.0,30.0,madmom
uZUSXcdYGS4.wav,0.88,0.0,30.0,madmom
uZUSXcdYGS4.wav,1.46,0.0,30.0,madmom
uZUSXcdYGS4.wav,2.04,0.0,30.0,madmom
uZUSXcdYGS4.wav,2.62,0.0,30.0,madmom
uZUSXcdYGS4.wav,3.21,0.0,30.0,madmom
uZUSXcdYGS4.wav,3.79,0.0,30.0,madmom
uZUSXcdYGS4.wav,4.37,0.0,30.0,madmom
uZUSXcdYGS4.wav,4.95,0.0,30.0,madmom
uZUSXcdYGS4.wav,5.54,0.0,30.0,madmom
uZUSXcdYGS4.wav,6.12,0.0,30.0,madmom
uZUSXcdYGS4.wav,6.7,0.0,30.0,madmom
uZUSXcdYGS4.wav,7.29,0.0,30.0,madmom
uZUSXcdYGS4.wav,7.87,0.0,30.0,madmom
uZUSXcdYGS4.wav,8.45,0.0,30.0,madmom
uZUSXcdYGS4.wav,9.03,0.0,30.0,madmom
uZUSXcdYGS4.wav,9.61,0.0,30.0,madmom
uZUSXcdYGS4.wav,10.2,0.0,30.0,madmom
uZUSXcdYGS4.wav,10.78,0.0,30.0,madmom
uZUSXcdYGS4.wav,11.36,0.0,30.0,madmom
uZUSXcdYGS4.wav,11.95,0.0,30.0,madmom
uZUSXcdYGS4.wav,12.53,0.0,30.0,madmom
uZUSXcdYGS4.wav,13.11,0.0,30.0,madmom
uZUSXcdYGS4.wav,13.69,0.0,30.0,madmom
uZUSXcdYGS4.wav,14.28,0.0,30.0,madmom
uZUSXcdYGS4.wav,14.86,0.0,30.0,madmom
uZUSXcdYGS4.wav,15.44,0.0,30.0,madmom
uZUSXcdYGS4.wav,16.02,0.0,30.0,madmom
uZUSXcdYGS4.wav,16.6,0.0,30.0,madmom
uZUSXcdYGS4.wav,17.19,0.0,30.0,madmom
uZUSXcdYGS4.wav,17.77,0.0,30.0,madmom
uZUSXcdYGS4.wav,18.35,0.0,30.0,madmom
uZUSXcdYGS4.wav,18.94,0.0,30.0,madmom
uZUSXcdYGS4.wav,19.52,0.0,30.0,madmom
uZUSXcdYGS4.wav,20.1,0.0,30.0,madmom
uZUSXcdYGS4.wav,20.68,0.0,30.0,madmom
uZUSXcdYGS4.wav,21.26,0.0,30.0,madmom
uZUSXcdYGS4.wav,21.85,0.0,30.0,madmom
uZUSXcdYGS4.wav,22.43,0.0,30.0,madmom
uZUSXcdYGS4.wav,23.01,0.0,30.0,madmom
uZUSXcdYGS4.wav,23.59,0.0,30.0,madmom
uZUSXcdYGS4.wav,24.18,0.0,30.0,madmom
uZUSXcdYGS4.wav,24.76,0.0,30.0,madmom
uZUSXcdYGS4.wav,25.34,0.0,30.0,madmom
uZUSXcdYGS4.wav,25.92,0.0,30.0,madmom
uZUSXcdYGS4.wav,26.51,0.0,30.0,madmom
uZUSXcdYGS4.wav,27.09,0.0,30.0,madmom
uZUSXcdYGS4.wav,27.67,0.0,30.0,madmom
uZUSXcdYGS4.wav,28.26,0.0,30.0,madmom
uZUSXcdYGS4.wav,28.84,0.0,30.0,madmom
uZUSXcdYGS4.wav,29.42,0.0,30.0,madmom
uZUSXcdYGS4.wav,29.99,0.0,30.0,madmom
vF1zk38YxKQ.wav,0.5,0.0,30.0,madmom
vF1zk38YxKQ.wav,1.11,0.0,30.0,madmom
vF1zk38YxKQ.wav,1.71,0.0,30.0,madmom
vF1zk38YxKQ.wav,2.29,0.0,30.0,madmom
vF1zk38YxKQ.wav,2.88,0.0,30.0,madmom
vF1zk38YxKQ.wav,3.45,0.0,30.0,madmom
vF1zk38YxKQ.wav,4.08,0.0,30.0,madmom
vF1zk38YxKQ.wav,4.68,0.0,30.0,madmom
vF1zk38YxKQ.wav,5.26,0.0,30.0,madmom
vF1zk38YxKQ.wav,5.86,0.0,30.0,madmom
vF1zk38YxKQ.wav,6.47,0.0,30.0,madmom
vF1zk38YxKQ.wav,7.07,0.0,30.0,madmom
vF1zk38YxKQ.wav,7.64,0.0,30.0,madmom
vF1zk38YxKQ.wav,8.23,0.0,30.0,madmom
vF1zk38YxKQ.wav,8.83,0.0,30.0,madmom
vF1zk38YxKQ.wav,9.44,0.0,30.0,madmom
vF1zk38YxKQ.wav,10.02,0.0,30.0,madmom
vF1zk38YxKQ.wav,10.61,0.0,30.0,madmom
vF1zk38YxKQ.wav,11.2,0.0,30.0,madmom
vF1zk38YxKQ.wav,11.78,0.0,30.0,madmom
vF1zk38YxKQ.wav,12.39,0.0,30.0,madmom
vF1zk38YxKQ.wav,12.98,0.0,30.0,madmom
vF1zk38YxKQ.wav,13.57,0.0,30.0,madmom
vF1zk38YxKQ.wav,14.17,0.0,30.0,madmom
vF1zk38YxKQ.wav,14.76,0.0,30.0,madmom
vF1zk38YxKQ.wav,15.37,0.0,30.0,madmom
vF1zk38YxKQ.wav,15.95,0.0,30.0,madmom
vF1zk38YxKQ.wav,16.54,0.0,30.0,madmom
vF1zk38YxKQ.wav,17.14,0.0,30.0,madmom
vF1zk38YxKQ.wav,17.71,0.0,30.0,madmom
vF1zk38YxKQ.wav,18.3,0.0,30.0,madmom
vF1zk38YxKQ.wav,18.93,0.0,30.0,madmom
vF1zk38YxKQ.wav,19.53,0.0,30.0,madmom
vF1zk38YxKQ.wav,20.11,0.0,30.0,madmom
vF1zk38YxKQ.wav,20.71,0.0,30.0,madmom
vF1zk38YxKQ.wav,21.31,0.0,30.0,madmom
vF1zk38YxKQ.wav,21.89,0.0,30.0,madmom
vF1zk38YxKQ.wav,22.49,0.0,30.0,madmom
vF1zk38YxKQ.wav,23.09,0.0,30.0,madmom
vF1zk38YxKQ.wav,23.68,0.0,30.0,madmom
vF1zk38YxKQ.wav,24.28,0.0,30.0,madmom
vF1zk38YxKQ.wav,24.86,0.0,30.0,madmom
vF1zk38YxKQ.wav,25.45,0.0,30.0,madmom
vF1zk38YxKQ.wav,26.06,0.0,30.0,madmom
vF1zk38YxKQ.wav,26.65,0.0,30.0,madmom
vF1zk38YxKQ.wav,27.24,0.0,30.0,madmom
vF1zk38YxKQ.wav,27.83,0.0,30.0,madmom
vF1zk38YxKQ.wav,28.42,0.0,30.0,madmom
vF1zk38YxKQ.wav,29.02,0.0,30.0,madmom
vF1zk38YxKQ.wav,29.61,0.0,30.0,madmom
wR9XzsRdg1M.wav,0.04,0.0,30.0,madmom
wR9XzsRdg1M.wav,0.43,0.0,30.0,madmom
wR9XzsRdg1M.wav,0.86,0.0,30.0,madmom
wR9XzsRdg1M.wav,1.27,0.0,30.0,madmom
wR9XzsRdg1M.wav,1.67,0.0,30.0,madmom
wR9XzsRdg1M.wav,2.09,0.0,30.0,madmom
wR9XzsRdg1M.wav,2.5,0.0,30.0,madmom
wR9XzsRdg1M.wav,2.9,0.0,30.0,madmom
wR9XzsRdg1M.wav,3.31,0.0,30.0,madmom
wR9XzsRdg1M.wav,3.72,0.0,30.0,madmom
wR9XzsRdg1M.wav,4.13,0.0,30.0,madmom
wR9XzsRdg1M.wav,4.53,0.0,30.0,madmom
wR9XzsRdg1M.wav,4.94,0.0,30.0,madmom
wR9XzsRdg1M.wav,5.35,0.0,30.0,madmom
wR9XzsRdg1M.wav,5.76,0.0,30.0,madmom
wR9XzsRdg1M.wav,6.17,0.0,30.0,madmom
wR9XzsRdg1M.wav,6.57,0.0,30.0,madmom
wR9XzsRdg1M.wav,6.98,0.0,30.0,madmom
wR9XzsRdg1M.wav,7.39,0.0,30.0,madmom
wR9XzsRdg1M.wav,7.8,0.0,30.0,madmom
wR9XzsRdg1M.wav,8.2,0.0,30.0,madmom
wR9XzsRdg1M.wav,8.61,0.0,30.0,madmom
wR9XzsRdg1M.wav,9.03,0.0,30.0,madmom
wR9XzsRdg1M.wav,9.43,0.0,30.0,madmom
wR9XzsRdg1M.wav,9.84,0.0,30.0,madmom
wR9XzsRdg1M.wav,10.25,0.0,30.0,madmom
wR9XzsRdg1M.wav,10.66,0.0,30.0,madmom
wR9XzsRdg1M.wav,11.06,0.0,30.0,madmom
wR9XzsRdg1M.wav,11.46,0.0,30.0,madmom
wR9XzsRdg1M.wav,11.88,0.0,30.0,madmom
wR9XzsRdg1M.wav,12.27,0.0,30.0,madmom
wR9XzsRdg1M.wav,12.7,0.0,30.0,madmom
wR9XzsRdg1M.wav,13.1,0.0,30.0,madmom
wR9XzsRdg1M.wav,13.51,0.0,30.0,madmom
wR9XzsRdg1M.wav,13.92,0.0,30.0,madmom
wR9XzsRdg1M.wav,14.33,0.0,30.0,madmom
wR9XzsRdg1M.wav,14.73,0.0,30.0,madmom
wR9XzsRdg1M.wav,15.14,0.0,30.0,madmom
wR9XzsRdg1M.wav,15.56,0.0,30.0,madmom
wR9XzsRdg1M.wav,15.96,0.0,30.0,madmom
wR9XzsRdg1M.wav,16.37,0.0,30.0,madmom
wR9XzsRdg1M.wav,16.78,0.0,30.0,madmom
wR9XzsRdg1M.wav,17.19,0.0,30.0,madmom
wR9XzsRdg1M.wav,17.59,0.0,30.0,madmom
wR9XzsRdg1M.wav,17.99,0.0,30.0,madmom
wR9XzsRdg1M.wav,18.41,0.0,30.0,madmom
wR9XzsRdg1M.wav,18.82,0.0,30.0,madmom
wR9XzsRdg1M.wav,19.23,0.0,30.0,madmom
wR9XzsRdg1M.wav,19.63,0.0,30.0,madmom
wR9XzsRdg1M.wav,20.04,0.0,30.0,madmom
wR9XzsRdg1M.wav,20.45,0.0,30.0,madmom
wR9XzsRdg1M.wav,20.86,0.0,30.0,madmom
wR9XzsRdg1M.wav,21.27,0.0,30.0,madmom
wR9XzsRdg1M.wav,21.68,0.0,30.0,madmom
wR9XzsRdg1M.wav,22.09,0.0,30.0,madmom
wR9XzsRdg1M.wav,22.49,0.0,30.0,madmom
wR9XzsRdg1M.wav,22.9,0.0,30.0,madmom
wR9XzsRdg1M.wav,23.31,0.0,30.0,madmom
wR9XzsRdg1M.wav,23.71,0.0,30.0,madmom
wR9XzsRdg1M.wav,24.13,0.0,30.0,madmom
wR9XzsRdg1M.wav,24.53,0.0,30.0,madmom
wR9XzsRdg1M.wav,24.94,0.0,30.0,madmom
wR9XzsRdg1M.wav,25.35,0.0,30.0,madmom
wR9XzsRdg1M.wav,25.76,0.0,30.0,madmom
wR9XzsRdg1M.wav,26.16,0.0,30.0,madmom
wR9XzsRdg1M.wav,26.58,0.0,30.0,madmom
wR9XzsRdg1M.wav,26.98,0.0,30.0,madmom
wR9XzsRdg1M.wav,27.4,0.0,30.0,madmom
wR9XzsRdg1M.wav,27.8,0.0,30.0,madmom
wR9XzsRdg1M.wav,28.21,0.0,30.0,madmom
wR9XzsRdg1M.wav,28.62,0.0,30.0,madmom
wR9XzsRdg1M.wav,29.02,0.0,30.0,madmom
wR9XzsRdg1M.wav,29.43,0.0,30.0,madmom
wR9XzsRdg1M.wav,29.84,0.0,30.0,madmom
wbfPOw65xXw.wav,0.21,0.0,30.0,madmom
wbfPOw65xXw.wav,0.61,0.0,30.0,madmom
wbfPOw65xXw.wav,1.03,0.0,30.0,madmom
wbfPOw65xXw.wav,1.44,0.0,30.0,madmom
wbfPOw65xXw.wav,1.84,0.0,30.0,madmom
wbfPOw65xXw.wav,2.25,0.0,30.0,madmom
wbfPOw65xXw.wav,2.66,0.0,30.0,madmom
wbfPOw65xXw.wav,3.06,0.0,30.0,madmom
wbfPOw65xXw.wav,3.47,0.0,30.0,madmom
wbfPOw65xXw.wav,3.88,0.0,30.0,madmom
wbfPOw65xXw.wav,4.29,0.0,30.0,madmom
wbfPOw65xXw.wav,4.69,0.0,30.0,madmom
wbfPOw65xXw.wav,5.1,0.0,30.0,madmom
wbfPOw65xXw.wav,5.51,0.0,30.0,madmom
wbfPOw65xXw.wav,5.92,0.0,30.0,madmom
wbfPOw65xXw.wav,6.31,0.0,30.0,madmom
wbfPOw65xXw.wav,6.74,0.0,30.0,madmom
wbfPOw65xXw.wav,7.14,0.0,30.0,madmom
wbfPOw65xXw.wav,7.55,0.0,30.0,madmom
wbfPOw65xXw.wav,7.97,0.0,30.0,madmom
wbfPOw65xXw.wav,8.37,0.0,30.0,madmom
wbfPOw65xXw.wav,8.78,0.0,30.0,madmom
wbfPOw65xXw.wav,9.2,0.0,30.0,madmom
wbfPOw65xXw.wav,9.59,0.0,30.0,madmom
wbfPOw65xXw.wav,10.02,0.0,30.0,madmom
wbfPOw65xXw.wav,10.41,0.0,30.0,madmom
wbfPOw65xXw.wav,10.84,0.0,30.0,madmom
wbfPOw65xXw.wav,11.24,0.0,30.0,madmom
wbfPOw65xXw.wav,11.64,0.0,30.0,madmom
wbfPOw65xXw.wav,12.07,0.0,30.0,madmom
wbfPOw65xXw.wav,12.48,0.0,30.0,madmom
wbfPOw65xXw.wav,12.87,0.0,30.0,madmom
wbfPOw65xXw.wav,13.28,0.0,30.0,madmom
wbfPOw65xXw.wav,13.67,0.0,30.0,madmom
wbfPOw65xXw.wav,14.09,0.0,30.0,madmom
wbfPOw65xXw.wav,14.49,0.0,30.0,madmom
wbfPOw65xXw.wav,14.89,0.0,30.0,madmom
wbfPOw65xXw.wav,15.31,0.0,30.0,madmom
wbfPOw65xXw.wav,15.73,0.0,30.0,madmom
wbfPOw65xXw.wav,16.13,0.0,30.0,madmom
wbfPOw65xXw.wav,16.55,0.0,30.0,madmom
wbfPOw65xXw.wav,16.94,0.0,30.0,madmom
wbfPOw65xXw.wav,17.37,0.0,30.0,madmom
wbfPOw65xXw.wav,17.76,0.0,30.0,madmom
wbfPOw65xXw.wav,18.17,0.0,30.0,madmom
wbfPOw65xXw.wav,18.58,0.0,30.0,madmom
wbfPOw65xXw.wav,19.01,0.0,30.0,madmom
wbfPOw65xXw.wav,19.42,0.0,30.0,madmom
wbfPOw65xXw.wav,19.83,0.0,30.0,madmom
wbfPOw65xXw.wav,20.21,0.0,30.0,madmom
wbfPOw65xXw.wav,20.62,0.0,30.0,madmom
wbfPOw65xXw.wav,21.01,0.0,30.0,madmom
wbfPOw65xXw.wav,21.43,0.0,30.0,madmom
wbfPOw65xXw.wav,21.84,0.0,30.0,madmom
wbfPOw65xXw.wav,22.24,0.0,30.0,madmom
wbfPOw65xXw.wav,22.65,0.0,30.0,madmom
wbfPOw65xXw.wav,23.06,0.0,30.0,madmom
wbfPOw65xXw.wav,23.47,0.0,30.0,madmom
wbfPOw65xXw.wav,23.88,0.0,30.0,madmom
wbfPOw65xXw.wav,24.29,0.0,30.0,madmom
wbfPOw65xXw.wav,24.7,0.0,30.0,madmom
wbfPOw65xXw.wav,25.1,0.0,30.0,madmom
wbfPOw65xXw.wav,25.51,0.0,30.0,madmom
wbfPOw65xXw.wav,25.93,0.0,30.0,madmom
wbfPOw65xXw.wav,26.33,0.0,30.0,madmom
wbfPOw65xXw.wav,26.73,0.0,30.0,madmom
wbfPOw65xXw.wav,27.15,0.0,30.0,madmom
wbfPOw65xXw.wav,27.56,0.0,30.0,madmom
wbfPOw65xXw.wav,27.96,0.0,30.0,madmom
wbfPOw65xXw.wav,28.37,0.0,30.0,madmom
wbfPOw65xXw.wav,28.78,0.0,30.0,madmom
wbfPOw65xXw.wav,29.18,0.0,30.0,madmom
wbfPOw65xXw.wav,29.59,0.0,30.0,madmom
whnKlYxrops.wav,0.37,0.0,30.0,madmom
whnKlYxrops.wav,1.11,0.0,30.0,madmom
whnKlYxrops.wav,1.85,0.0,30.0,madmom
whnKlYxrops.wav,2.59,0.0,30.0,madmom
whnKlYxrops.wav,3.33,0.0,30.0,madmom
whnKlYxrops.wav,4.08,0.0,30.0,madmom
whnKlYxrops.wav,4.82,0.0,30.0,madmom
whnKlYxrops.wav,5.56,0.0,30.0,madmom
whnKlYxrops.wav,6.3,0.0,30.0,madmom
whnKlYxrops.wav,7.04,0.0,30.0,madmom
whnKlYxrops.wav,7.78,0.0,30.0,madmom
whnKlYxrops.wav,8.52,0.0,30.0,madmom
whnKlYxrops.wav,9.26,0.0,30.0,madmom
whnKlYxrops.wav,10.0,0.0,30.0,madmom
whnKlYxrops.wav,10.74,0.0,30.0,madmom
whnKlYxrops.wav,11.48,0.0,30.0,madmom
whnKlYxrops.wav,12.22,0.0,30.0,madmom
whnKlYxrops.wav,12.96,0.0,30.0,madmom
whnKlYxrops.wav,13.71,0.0,30.0,madmom
whnKlYxrops.wav,14.45,0.0,30.0,madmom
whnKlYxrops.wav,15.19,0.0,30.0,madmom
whnKlYxrops.wav,15.93,0.0,30.0,madmom
whnKlYxrops.wav,16.67,0.0,30.0,madmom
whnKlYxrops.wav,17.41,0.0,30.0,madmom
whnKlYxrops.wav,18.15,0.0,30.0,madmom
whnKlYxrops.wav,18.89,0.0,30.0,madmom
whnKlYxrops.wav,19.63,0.0,30.0,madmom
whnKlYxrops.wav,20.37,0.0,30.0,madmom
whnKlYxrops.wav,21.11,0.0,30.0,madmom
whnKlYxrops.wav,21.86,0.0,30.0,madmom
whnKlYxrops.wav,22.59,0.0,30.0,madmom
whnKlYxrops.wav,23.34,0.0,30.0,madmom
whnKlYxrops.wav,24.08,0.0,30.0,madmom
whnKlYxrops.wav,24.82,0.0,30.0,madmom
whnKlYxrops.wav,25.56,0.0,30.0,madmom
whnKlYxrops.wav,26.3,0.0,30.0,madmom
whnKlYxrops.wav,27.04,0.0,30.0,madmom
whnKlYxrops.wav,27.78,0.0,30.0,madmom
whnKlYxrops.wav,28.52,0.0,30.0,madmom
whnKlYxrops.wav,29.26,0.0,30.0,madmom
whnKlYxrops.wav,29.99,0.0,30.0,madmom
wlTbG2KT7Qs.wav,0.35,0.0,30.0,madmom
wlTbG2KT7Qs.wav,0.94,0.0,30.0,madmom
wlTbG2KT7Qs.wav,1.51,0.0,30.0,madmom
wlTbG2KT7Qs.wav,2.06,0.0,30.0,madmom
wlTbG2KT7Qs.wav,2.65,0.0,30.0,madmom
wlTbG2KT7Qs.wav,3.22,0.0,30.0,madmom
wlTbG2KT7Qs.wav,3.77,0.0,30.0,madmom
wlTbG2KT7Qs.wav,4.34,0.0,30.0,madmom
wlTbG2KT7Qs.wav,4.91,0.0,30.0,madmom
wlTbG2KT7Qs.wav,5.48,0.0,30.0,madmom
wlTbG2KT7Qs.wav,6.08,0.0,30.0,madmom
wlTbG2KT7Qs.wav,6.63,0.0,30.0,madmom
wlTbG2KT7Qs.wav,7.19,0.0,30.0,madmom
wlTbG2KT7Qs.wav,7.77,0.0,30.0,madmom
wlTbG2KT7Qs.wav,8.35,0.0,30.0,madmom
wlTbG2KT7Qs.wav,8.9,0.0,30.0,madmom
wlTbG2KT7Qs.wav,9.48,0.0,30.0,madmom
wlTbG2KT7Qs.wav,10.07,0.0,30.0,madmom
wlTbG2KT7Qs.wav,10.64,0.0,30.0,madmom
wlTbG2KT7Qs.wav,11.2,0.0,30.0,madmom
wlTbG2KT7Qs.wav,11.78,0.0,30.0,madmom
wlTbG2KT7Qs.wav,12.33,0.0,30.0,madmom
wlTbG2KT7Qs.wav,12.9,0.0,30.0,madmom
wlTbG2KT7Qs.wav,13.49,0.0,30.0,madmom
wlTbG2KT7Qs.wav,14.06,0.0,30.0,madmom
wlTbG2KT7Qs.wav,14.65,0.0,30.0,madmom
wlTbG2KT7Qs.wav,15.22,0.0,30.0,madmom
wlTbG2KT7Qs.wav,15.79,0.0,30.0,madmom
wlTbG2KT7Qs.wav,16.36,0.0,30.0,madmom
wlTbG2KT7Qs.wav,16.93,0.0,30.0,madmom
wlTbG2KT7Qs.wav,17.48,0.0,30.0,madmom
wlTbG2KT7Qs.wav,18.08,0.0,30.0,madmom
wlTbG2KT7Qs.wav,18.65,0.0,30.0,madmom
wlTbG2KT7Qs.wav,19.2,0.0,30.0,madmom
wlTbG2KT7Qs.wav,19.78,0.0,30.0,madmom
wlTbG2KT7Qs.wav,20.35,0.0,30.0,madmom
wlTbG2KT7Qs.wav,20.91,0.0,30.0,madmom
wlTbG2KT7Qs.wav,21.49,0.0,30.0,madmom
wlTbG2KT7Qs.wav,22.08,0.0,30.0,madmom
wlTbG2KT7Qs.wav,22.64,0.0,30.0,madmom
wlTbG2KT7Qs.wav,23.22,0.0,30.0,madmom
wlTbG2KT7Qs.wav,23.79,0.0,30.0,madmom
wlTbG2KT7Qs.wav,24.33,0.0,30.0,madmom
wlTbG2KT7Qs.wav,24.91,0.0,30.0,madmom
wlTbG2KT7Qs.wav,25.48,0.0,30.0,madmom
wlTbG2KT7Qs.wav,26.08,0.0,30.0,madmom
wlTbG2KT7Qs.wav,26.66,0.0,30.0,madmom
wlTbG2KT7Qs.wav,27.22,0.0,30.0,madmom
wlTbG2KT7Qs.wav,27.78,0.0,30.0,madmom
wlTbG2KT7Qs.wav,28.34,0.0,30.0,madmom
wlTbG2KT7Qs.wav,28.9,0.0,30.0,madmom
wlTbG2KT7Qs.wav,29.47,0.0,30.0,madmom
x0tJ_ICD47Y.wav,0.37,0.0,30.0,madmom
x0tJ_ICD47Y.wav,1.02,0.0,30.0,madmom
x0tJ_ICD47Y.wav,1.67,0.0,30.0,madmom
x0tJ_ICD47Y.wav,2.32,0.0,30.0,madmom
x0tJ_ICD47Y.wav,2.98,0.0,30.0,madmom
x0tJ_ICD47Y.wav,3.63,0.0,30.0,madmom
x0tJ_ICD47Y.wav,4.28,0.0,30.0,madmom
x0tJ_ICD47Y.wav,4.94,0.0,30.0,madmom
x0tJ_ICD47Y.wav,5.58,0.0,30.0,madmom
x0tJ_ICD47Y.wav,6.26,0.0,30.0,madmom
x0tJ_ICD47Y.wav,6.89,0.0,30.0,madmom
x0tJ_ICD47Y.wav,7.54,0.0,30.0,madmom
x0tJ_ICD47Y.wav,8.21,0.0,30.0,madmom
x0tJ_ICD47Y.wav,8.85,0.0,30.0,madmom
x0tJ_ICD47Y.wav,9.52,0.0,30.0,madmom
x0tJ_ICD47Y.wav,10.16,0.0,30.0,madmom
x0tJ_ICD47Y.wav,10.8,0.0,30.0,madmom
x0tJ_ICD47Y.wav,11.46,0.0,30.0,madmom
x0tJ_ICD47Y.wav,12.11,0.0,30.0,madmom
x0tJ_ICD47Y.wav,12.77,0.0,30.0,madmom
x0tJ_ICD47Y.wav,13.42,0.0,30.0,madmom
x0tJ_ICD47Y.wav,14.06,0.0,30.0,madmom
x0tJ_ICD47Y.wav,14.72,0.0,30.0,madmom
x0tJ_ICD47Y.wav,15.37,0.0,30.0,madmom
x0tJ_ICD47Y.wav,16.03,0.0,30.0,madmom
x0tJ_ICD47Y.wav,16.66,0.0,30.0,madmom
x0tJ_ICD47Y.wav,17.32,0.0,30.0,madmom
x0tJ_ICD47Y.wav,18.0,0.0,30.0,madmom
x0tJ_ICD47Y.wav,18.65,0.0,30.0,madmom
x0tJ_ICD47Y.wav,19.29,0.0,30.0,madmom
x0tJ_ICD47Y.wav,19.93,0.0,30.0,madmom
x0tJ_ICD47Y.wav,20.59,0.0,30.0,madmom
x0tJ_ICD47Y.wav,21.24,0.0,30.0,madmom
x0tJ_ICD47Y.wav,21.89,0.0,30.0,madmom
x0tJ_ICD47Y.wav,22.54,0.0,30.0,madmom
x0tJ_ICD47Y.wav,23.2,0.0,30.0,madmom
x0tJ_ICD47Y.wav,23.85,0.0,30.0,madmom
x0tJ_ICD47Y.wav,24.5,0.0,30.0,madmom
x0tJ_ICD47Y.wav,25.15,0.0,30.0,madmom
x0tJ_ICD47Y.wav,25.81,0.0,30.0,madmom
x0tJ_ICD47Y.wav,26.46,0.0,30.0,madmom
x0tJ_ICD47Y.wav,27.1,0.0,30.0,madmom
x0tJ_ICD47Y.wav,27.76,0.0,30.0,madmom
x0tJ_ICD47Y.wav,28.42,0.0,30.0,madmom
x0tJ_ICD47Y.wav,29.07,0.0,30.0,madmom
x0tJ_ICD47Y.wav,29.72,0.0,30.0,madmom
x4XOZ4LotYc.wav,0.01,0.0,30.0,madmom
x4XOZ4LotYc.wav,0.59,0.0,30.0,madmom
x4XOZ4LotYc.wav,1.16,0.0,30.0,madmom
x4XOZ4LotYc.wav,1.74,0.0,30.0,madmom
x4XOZ4LotYc.wav,2.31,0.0,30.0,madmom
x4XOZ4LotYc.wav,2.9,0.0,30.0,madmom
x4XOZ4LotYc.wav,3.47,0.0,30.0,madmom
x4XOZ4LotYc.wav,4.05,0.0,30.0,madmom
x4XOZ4LotYc.wav,4.62,0.0,30.0,madmom
x4XOZ4LotYc.wav,5.21,0.0,30.0,madmom
x4XOZ4LotYc.wav,5.78,0.0,30.0,madmom
x4XOZ4LotYc.wav,6.36,0.0,30.0,madmom
x4XOZ4LotYc.wav,6.93,0.0,30.0,madmom
x4XOZ4LotYc.wav,7.51,0.0,30.0,madmom
x4XOZ4LotYc.wav,8.08,0.0,30.0,madmom
x4XOZ4LotYc.wav,8.66,0.0,30.0,madmom
x4XOZ4LotYc.wav,9.24,0.0,30.0,madmom
x4XOZ4LotYc.wav,9.82,0.0,30.0,madmom
x4XOZ4LotYc.wav,10.39,0.0,30.0,madmom
x4XOZ4LotYc.wav,10.97,0.0,30.0,madmom
x4XOZ4LotYc.wav,11.54,0.0,30.0,madmom
x4XOZ4LotYc.wav,12.12,0.0,30.0,madmom
x4XOZ4LotYc.wav,12.7,0.0,30.0,madmom
x4XOZ4LotYc.wav,13.28,0.0,30.0,madmom
x4XOZ4LotYc.wav,13.85,0.0,30.0,madmom
x4XOZ4LotYc.wav,14.43,0.0,30.0,madmom
x4XOZ4LotYc.wav,15.01,0.0,30.0,madmom
x4XOZ4LotYc.wav,15.59,0.0,30.0,madmom
x4XOZ4LotYc.wav,16.16,0.0,30.0,madmom
x4XOZ4LotYc.wav,16.74,0.0,30.0,madmom
x4XOZ4LotYc.wav,17.31,0.0,30.0,madmom
x4XOZ4LotYc.wav,17.89,0.0,30.0,madmom
x4XOZ4LotYc.wav,18.47,0.0,30.0,madmom
x4XOZ4LotYc.wav,19.04,0.0,30.0,madmom
x4XOZ4LotYc.wav,19.62,0.0,30.0,madmom
x4XOZ4LotYc.wav,20.19,0.0,30.0,madmom
x4XOZ4LotYc.wav,20.77,0.0,30.0,madmom
x4XOZ4LotYc.wav,21.35,0.0,30.0,madmom
x4XOZ4LotYc.wav,21.93,0.0,30.0,madmom
x4XOZ4LotYc.wav,22.51,0.0,30.0,madmom
x4XOZ4LotYc.wav,23.08,0.0,30.0,madmom
x4XOZ4LotYc.wav,23.66,0.0,30.0,madmom
x4XOZ4LotYc.wav,24.24,0.0,30.0,madmom
x4XOZ4LotYc.wav,24.82,0.0,30.0,madmom
x4XOZ4LotYc.wav,25.39,0.0,30.0,madmom
x4XOZ4LotYc.wav,25.97,0.0,30.0,madmom
x4XOZ4LotYc.wav,26.54,0.0,30.0,madmom
x4XOZ4LotYc.wav,27.13,0.0,30.0,madmom
x4XOZ4LotYc.wav,27.7,0.0,30.0,madmom
x4XOZ4LotYc.wav,28.27,0.0,30.0,madmom
x4XOZ4LotYc.wav,28.85,0.0,30.0,madmom
x4XOZ4LotYc.wav,29.43,0.0,30.0,madmom
x_rLT6Y93rk.wav,0.36,0.0,30.0,madmom
x_rLT6Y93rk.wav,1.16,0.0,30.0,madmom
x_rLT6Y93rk.wav,1.88,0.0,30.0,madmom
x_rLT6Y93rk.wav,2.64,0.0,30.0,madmom
x_rLT6Y93rk.wav,3.4,0.0,30.0,madmom
x_rLT6Y93rk.wav,4.15,0.0,30.0,madmom
x_rLT6Y93rk.wav,4.9,0.0,30.0,madmom
x_rLT6Y93rk.wav,5.67,0.0,30.0,madmom
x_rLT6Y93rk.wav,6.44,0.0,30.0,madmom
x_rLT6Y93rk.wav,7.22,0.0,30.0,madmom
x_rLT6Y93rk.wav,7.99,0.0,30.0,madmom
x_rLT6Y93rk.wav,8.76,0.0,30.0,madmom
x_rLT6Y93rk.wav,9.55,0.0,30.0,madmom
x_rLT6Y93rk.wav,10.35,0.0,30.0,madmom
x_rLT6Y93rk.wav,11.18,0.0,30.0,madmom
x_rLT6Y93rk.wav,12.03,0.0,30.0,madmom
x_rLT6Y93rk.wav,12.82,0.0,30.0,madmom
x_rLT6Y93rk.wav,13.61,0.0,30.0,madmom
x_rLT6Y93rk.wav,14.42,0.0,30.0,madmom
x_rLT6Y93rk.wav,15.23,0.0,30.0,madmom
x_rLT6Y93rk.wav,16.0,0.0,30.0,madmom
x_rLT6Y93rk.wav,16.78,0.0,30.0,madmom
x_rLT6Y93rk.wav,17.58,0.0,30.0,madmom
x_rLT6Y93rk.wav,18.37,0.0,30.0,madmom
x_rLT6Y93rk.wav,19.17,0.0,30.0,madmom
x_rLT6Y93rk.wav,19.97,0.0,30.0,madmom
x_rLT6Y93rk.wav,20.78,0.0,30.0,madmom
x_rLT6Y93rk.wav,21.59,0.0,30.0,madmom
x_rLT6Y93rk.wav,22.38,0.0,30.0,madmom
x_rLT6Y93rk.wav,23.13,0.0,30.0,madmom
x_rLT6Y93rk.wav,23.89,0.0,30.0,madmom
x_rLT6Y93rk.wav,24.69,0.0,30.0,madmom
x_rLT6Y93rk.wav,25.46,0.0,30.0,madmom
x_rLT6Y93rk.wav,26.23,0.0,30.0,madmom
x_rLT6Y93rk.wav,27.0,0.0,30.0,madmom
x_rLT6Y93rk.wav,27.8,0.0,30.0,madmom
x_rLT6Y93rk.wav,28.61,0.0,30.0,madmom
x_rLT6Y93rk.wav,29.43,0.0,30.0,madmom
xiWtqVtd1Oo.wav,0.38,0.0,30.0,madmom
xiWtqVtd1Oo.wav,0.83,0.0,30.0,madmom
xiWtqVtd1Oo.wav,1.28,0.0,30.0,madmom
xiWtqVtd1Oo.wav,1.73,0.0,30.0,madmom
xiWtqVtd1Oo.wav,2.18,0.0,30.0,madmom
xiWtqVtd1Oo.wav,2.63,0.0,30.0,madmom
xiWtqVtd1Oo.wav,3.09,0.0,30.0,madmom
xiWtqVtd1Oo.wav,3.54,0.0,30.0,madmom
xiWtqVtd1Oo.wav,3.99,0.0,30.0,madmom
xiWtqVtd1Oo.wav,4.44,0.0,30.0,madmom
xiWtqVtd1Oo.wav,4.89,0.0,30.0,madmom
xiWtqVtd1Oo.wav,5.35,0.0,30.0,madmom
xiWtqVtd1Oo.wav,5.8,0.0,30.0,madmom
xiWtqVtd1Oo.wav,6.25,0.0,30.0,madmom
xiWtqVtd1Oo.wav,6.7,0.0,30.0,madmom
xiWtqVtd1Oo.wav,7.16,0.0,30.0,madmom
xiWtqVtd1Oo.wav,7.61,0.0,30.0,madmom
xiWtqVtd1Oo.wav,8.06,0.0,30.0,madmom
xiWtqVtd1Oo.wav,8.51,0.0,30.0,madmom
xiWtqVtd1Oo.wav,8.96,0.0,30.0,madmom
xiWtqVtd1Oo.wav,9.41,0.0,30.0,madmom
xiWtqVtd1Oo.wav,9.86,0.0,30.0,madmom
xiWtqVtd1Oo.wav,10.32,0.0,30.0,madmom
xiWtqVtd1Oo.wav,10.77,0.0,30.0,madmom
xiWtqVtd1Oo.wav,11.22,0.0,30.0,madmom
xiWtqVtd1Oo.wav,11.67,0.0,30.0,madmom
xiWtqVtd1Oo.wav,12.12,0.0,30.0,madmom
xiWtqVtd1Oo.wav,12.58,0.0,30.0,madmom
xiWtqVtd1Oo.wav,13.03,0.0,30.0,madmom
xiWtqVtd1Oo.wav,13.48,0.0,30.0,madmom
xiWtqVtd1Oo.wav,13.93,0.0,30.0,madmom
xiWtqVtd1Oo.wav,14.39,0.0,30.0,madmom
xiWtqVtd1Oo.wav,14.84,0.0,30.0,madmom
xiWtqVtd1Oo.wav,15.29,0.0,30.0,madmom
xiWtqVtd1Oo.wav,15.74,0.0,30.0,madmom
xiWtqVtd1Oo.wav,16.19,0.0,30.0,madmom
xiWtqVtd1Oo.wav,16.64,0.0,30.0,madmom
xiWtqVtd1Oo.wav,17.09,0.0,30.0,madmom
xiWtqVtd1Oo.wav,17.55,0.0,30.0,madmom
xiWtqVtd1Oo.wav,18.0,0.0,30.0,madmom
xiWtqVtd1Oo.wav,18.45,0.0,30.0,madmom
xiWtqVtd1Oo.wav,18.9,0.0,30.0,madmom
xiWtqVtd1Oo.wav,19.36,0.0,30.0,madmom
xiWtqVtd1Oo.wav,19.81,0.0,30.0,madmom
xiWtqVtd1Oo.wav,20.26,0.0,30.0,madmom
xiWtqVtd1Oo.wav,20.71,0.0,30.0,madmom
xiWtqVtd1Oo.wav,21.16,0.0,30.0,madmom
xiWtqVtd1Oo.wav,21.62,0.0,30.0,madmom
xiWtqVtd1Oo.wav,22.06,0.0,30.0,madmom
xiWtqVtd1Oo.wav,22.52,0.0,30.0,madmom
xiWtqVtd1Oo.wav,22.97,0.0,30.0,madmom
xiWtqVtd1Oo.wav,23.42,0.0,30.0,madmom
xiWtqVtd1Oo.wav,23.87,0.0,30.0,madmom
xiWtqVtd1Oo.wav,24.32,0.0,30.0,madmom
xiWtqVtd1Oo.wav,24.78,0.0,30.0,madmom
xiWtqVtd1Oo.wav,25.23,0.0,30.0,madmom
xiWtqVtd1Oo.wav,25.68,0.0,30.0,madmom
xiWtqVtd1Oo.wav,26.13,0.0,30.0,madmom
xiWtqVtd1Oo.wav,26.59,0.0,30.0,madmom
xiWtqVtd1Oo.wav,27.04,0.0,30.0,madmom
xiWtqVtd1Oo.wav,27.49,0.0,30.0,madmom
xiWtqVtd1Oo.wav,27.94,0.0,30.0,madmom
xiWtqVtd1Oo.wav,28.39,0.0,30.0,madmom
xiWtqVtd1Oo.wav,28.85,0.0,30.0,madmom
xiWtqVtd1Oo.wav,29.29,0.0,30.0,madmom
xiWtqVtd1Oo.wav,29.74,0.0,30.0,madmom
xz1bDy8Kt38.wav,0.32,0.0,30.0,madmom
xz1bDy8Kt38.wav,0.79,0.0,30.0,madmom
xz1bDy8Kt38.wav,1.25,0.0,30.0,madmom
xz1bDy8Kt38.wav,1.72,0.0,30.0,madmom
xz1bDy8Kt38.wav,2.19,0.0,30.0,madmom
xz1bDy8Kt38.wav,2.66,0.0,30.0,madmom
xz1bDy8Kt38.wav,3.13,0.0,30.0,madmom
xz1bDy8Kt38.wav,3.6,0.0,30.0,madmom
xz1bDy8Kt38.wav,4.07,0.0,30.0,madmom
xz1bDy8Kt38.wav,4.54,0.0,30.0,madmom
xz1bDy8Kt38.wav,5.0,0.0,30.0,madmom
xz1bDy8Kt38.wav,5.47,0.0,30.0,madmom
xz1bDy8Kt38.wav,5.94,0.0,30.0,madmom
xz1bDy8Kt38.wav,6.41,0.0,30.0,madmom
xz1bDy8Kt38.wav,6.88,0.0,30.0,madmom
xz1bDy8Kt38.wav,7.33,0.0,30.0,madmom
xz1bDy8Kt38.wav,7.81,0.0,30.0,madmom
xz1bDy8Kt38.wav,8.29,0.0,30.0,madmom
xz1bDy8Kt38.wav,8.75,0.0,30.0,madmom
xz1bDy8Kt38.wav,9.22,0.0,30.0,madmom
xz1bDy8Kt38.wav,9.69,0.0,30.0,madmom
xz1bDy8Kt38.wav,10.16,0.0,30.0,madmom
xz1bDy8Kt38.wav,10.63,0.0,30.0,madmom
xz1bDy8Kt38.wav,11.1,0.0,30.0,madmom
xz1bDy8Kt38.wav,11.57,0.0,30.0,madmom
xz1bDy8Kt38.wav,12.03,0.0,30.0,madmom
xz1bDy8Kt38.wav,12.5,0.0,30.0,madmom
xz1bDy8Kt38.wav,12.97,0.0,30.0,madmom
xz1bDy8Kt38.wav,13.44,0.0,30.0,madmom
xz1bDy8Kt38.wav,13.91,0.0,30.0,madmom
xz1bDy8Kt38.wav,14.38,0.0,30.0,madmom
xz1bDy8Kt38.wav,14.85,0.0,30.0,madmom
xz1bDy8Kt38.wav,15.32,0.0,30.0,madmom
xz1bDy8Kt38.wav,15.79,0.0,30.0,madmom
xz1bDy8Kt38.wav,16.25,0.0,30.0,madmom
xz1bDy8Kt38.wav,16.72,0.0,30.0,madmom
xz1bDy8Kt38.wav,17.19,0.0,30.0,madmom
xz1bDy8Kt38.wav,17.66,0.0,30.0,madmom
xz1bDy8Kt38.wav,18.13,0.0,30.0,madmom
xz1bDy8Kt38.wav,18.6,0.0,30.0,madmom
xz1bDy8Kt38.wav,19.07,0.0,30.0,madmom
xz1bDy8Kt38.wav,19.54,0.0,30.0,madmom
xz1bDy8Kt38.wav,20.0,0.0,30.0,madmom
xz1bDy8Kt38.wav,20.47,0.0,30.0,madmom
xz1bDy8Kt38.wav,20.94,0.0,30.0,madmom
xz1bDy8Kt38.wav,21.43,0.0,30.0,madmom
xz1bDy8Kt38.wav,21.89,0.0,30.0,madmom
xz1bDy8Kt38.wav,22.37,0.0,30.0,madmom
xz1bDy8Kt38.wav,22.82,0.0,30.0,madmom
xz1bDy8Kt38.wav,23.28,0.0,30.0,madmom
xz1bDy8Kt38.wav,23.75,0.0,30.0,madmom
xz1bDy8Kt38.wav,24.22,0.0,30.0,madmom
xz1bDy8Kt38.wav,24.69,0.0,30.0,madmom
xz1bDy8Kt38.wav,25.16,0.0,30.0,madmom
xz1bDy8Kt38.wav,25.63,0.0,30.0,madmom
xz1bDy8Kt38.wav,26.1,0.0,30.0,madmom
xz1bDy8Kt38.wav,26.57,0.0,30.0,madmom
xz1bDy8Kt38.wav,27.04,0.0,30.0,madmom
xz1bDy8Kt38.wav,27.5,0.0,30.0,madmom
xz1bDy8Kt38.wav,27.97,0.0,30.0,madmom
xz1bDy8Kt38.wav,28.44,0.0,30.0,madmom
xz1bDy8Kt38.wav,28.91,0.0,30.0,madmom
xz1bDy8Kt38.wav,29.38,0.0,30.0,madmom
xz1bDy8Kt38.wav,29.85,0.0,30.0,madmom
yZfHX-TsaC4.wav,0.02,0.0,30.0,madmom
yZfHX-TsaC4.wav,0.58,0.0,30.0,madmom
yZfHX-TsaC4.wav,1.15,0.0,30.0,madmom
yZfHX-TsaC4.wav,1.72,0.0,30.0,madmom
yZfHX-TsaC4.wav,2.29,0.0,30.0,madmom
yZfHX-TsaC4.wav,2.86,0.0,30.0,madmom
yZfHX-TsaC4.wav,3.43,0.0,30.0,madmom
yZfHX-TsaC4.wav,4.02,0.0,30.0,madmom
yZfHX-TsaC4.wav,4.58,0.0,30.0,madmom
yZfHX-TsaC4.wav,5.16,0.0,30.0,madmom
yZfHX-TsaC4.wav,5.72,0.0,30.0,madmom
yZfHX-TsaC4.wav,6.29,0.0,30.0,madmom
yZfHX-TsaC4.wav,6.86,0.0,30.0,madmom
yZfHX-TsaC4.wav,7.44,0.0,30.0,madmom
yZfHX-TsaC4.wav,8.0,0.0,30.0,madmom
yZfHX-TsaC4.wav,8.59,0.0,30.0,madmom
yZfHX-TsaC4.wav,9.14,0.0,30.0,madmom
yZfHX-TsaC4.wav,9.72,0.0,30.0,madmom
yZfHX-TsaC4.wav,10.29,0.0,30.0,madmom
yZfHX-TsaC4.wav,10.88,0.0,30.0,madmom
yZfHX-TsaC4.wav,11.43,0.0,30.0,madmom
yZfHX-TsaC4.wav,12.01,0.0,30.0,madmom
yZfHX-TsaC4.wav,12.57,0.0,30.0,madmom
yZfHX-TsaC4.wav,13.16,0.0,30.0,madmom
yZfHX-TsaC4.wav,13.7,0.0,30.0,madmom
yZfHX-TsaC4.wav,14.27,0.0,30.0,madmom
yZfHX-TsaC4.wav,14.85,0.0,30.0,madmom
yZfHX-TsaC4.wav,15.44,0.0,30.0,madmom
yZfHX-TsaC4.wav,16.0,0.0,30.0,madmom
yZfHX-TsaC4.wav,16.58,0.0,30.0,madmom
yZfHX-TsaC4.wav,17.15,0.0,30.0,madmom
yZfHX-TsaC4.wav,17.72,0.0,30.0,madmom
yZfHX-TsaC4.wav,18.29,0.0,30.0,madmom
yZfHX-TsaC4.wav,18.87,0.0,30.0,madmom
yZfHX-TsaC4.wav,19.43,0.0,30.0,madmom
yZfHX-TsaC4.wav,20.0,0.0,30.0,madmom
yZfHX-TsaC4.wav,20.57,0.0,30.0,madmom
yZfHX-TsaC4.wav,21.15,0.0,30.0,madmom
yZfHX-TsaC4.wav,21.72,0.0,30.0,madmom
yZfHX-TsaC4.wav,22.29,0.0,30.0,madmom
yZfHX-TsaC4.wav,22.86,0.0,30.0,madmom
yZfHX-TsaC4.wav,23.44,0.0,30.0,madmom
yZfHX-TsaC4.wav,24.0,0.0,30.0,madmom
yZfHX-TsaC4.wav,24.57,0.0,30.0,madmom
yZfHX-TsaC4.wav,25.14,0.0,30.0,madmom
yZfHX-TsaC4.wav,25.72,0.0,30.0,madmom
yZfHX-TsaC4.wav,26.29,0.0,30.0,madmom
yZfHX-TsaC4.wav,26.86,0.0,30.0,madmom
yZfHX-TsaC4.wav,27.43,0.0,30.0,madmom
yZfHX-TsaC4.wav,28.01,0.0,30.0,madmom
yZfHX-TsaC4.wav,28.57,0.0,30.0,madmom
yZfHX-TsaC4.wav,29.15,0.0,30.0,madmom
yZfHX-TsaC4.wav,29.72,0.0,30.0,madmom
