wav,beat_time_s,window_start,window_end,algorithm
-15MmJrqU38.wav,0.3,0.0,30.0,beat_this
-15MmJrqU38.wav,0.88,0.0,30.0,beat_this
-15MmJrqU38.wav,1.46,0.0,30.0,beat_this
-15MmJrqU38.wav,2.04,0.0,30.0,beat_this
-15MmJrqU38.wav,2.62,0.0,30.0,beat_this
-15MmJrqU38.wav,3.2,0.0,30.0,beat_this
-15MmJrqU38.wav,3.78,0.0,30.0,beat_this
-15MmJrqU38.wav,4.38,0.0,30.0,beat_this
-15MmJrqU38.wav,4.96,0.0,30.0,beat_this
-15MmJrqU38.wav,5.54,0.0,30.0,beat_this
-15MmJrqU38.wav,6.12,0.0,30.0,beat_this
-15MmJrqU38.wav,6.72,0.0,30.0,beat_this
-15MmJrqU38.wav,7.28,0.0,30.0,beat_this
-15MmJrqU38.wav,7.86,0.0,30.0,beat_this
-15MmJrqU38.wav,8.46,0.0,30.0,beat_this
-15MmJrqU38.wav,9.04,0.0,30.0,beat_this
-15MmJrqU38.wav,9.62,0.0,30.0,beat_this
-15MmJrqU38.wav,10.2,0.0,30.0,beat_this
-15MmJrqU38.wav,10.78,0.0,30.0,beat_this
-15MmJrqU38.wav,11.38,0.0,30.0,beat_this
-15MmJrqU38.wav,11.94,0.0,30.0,beat_this
-15MmJrqU38.wav,12.52,0.0,30.0,beat_this
-15MmJrqU38.wav,13.1,0.0,30.0,beat_this
-15MmJrqU38.wav,13.7,0.0,30.0,beat_this
-15MmJrqU38.wav,14.28,0.0,30.0,beat_this
-15MmJrqU38.wav,14.86,0.0,30.0,beat_this
-15MmJrqU38.wav,15.44,0.0,30.0,beat_this
-15MmJrqU38.wav,16.04,0.0,30.0,beat_this
-15MmJrqU38.wav,16.62,0.0,30.0,beat_this
-15MmJrqU38.wav,17.18,0.0,30.0,beat_this
-15MmJrqU38.wav,17.78,0.0,30.0,beat_this
-15MmJrqU38.wav,18.36,0.0,30.0,beat_this
-15MmJrqU38.wav,18.96,0.0,30.0,beat_this
-15MmJrqU38.wav,19.52,0.0,30.0,beat_this
-15MmJrqU38.wav,20.1,0.0,30.0,beat_this
-15MmJrqU38.wav,20.68,0.0,30.0,beat_this
-15MmJrqU38.wav,21.26,0.0,30.0,beat_this
-15MmJrqU38.wav,21.84,0.0,30.0,beat_this
-15MmJrqU38.wav,22.44,0.0,30.0,beat_this
-15MmJrqU38.wav,23.02,0.0,30.0,beat_this
-15MmJrqU38.wav,23.6,0.0,30.0,beat_this
-15MmJrqU38.wav,24.18,0.0,30.0,beat_this
-15MmJrqU38.wav,24.76,0.0,30.0,beat_this
-15MmJrqU38.wav,25.36,0.0,30.0,beat_this
-15MmJrqU38.wav,25.94,0.0,30.0,beat_this
-15MmJrqU38.wav,26.5,0.0,30.0,beat_this
-15MmJrqU38.wav,27.08,0.0,30.0,beat_this
-15MmJrqU38.wav,27.68,0.0,30.0,beat_this
-15MmJrqU38.wav,28.26,0.0,30.0,beat_this
-15MmJrqU38.wav,28.84,0.0,30.0,beat_this
-15MmJrqU38.wav,29.42,0.0,30.0,beat_this
-15MmJrqU38.wav,30.0,0.0,30.0,beat_this
-4sq1sUI7-I.wav,0.08,0.0,30.0,beat_this
-4sq1sUI7-I.wav,0.88,0.0,30.0,beat_this
-4sq1sUI7-I.wav,1.68,0.0,30.0,beat_this
-4sq1sUI7-I.wav,2.5,0.0,30.0,beat_this
-4sq1sUI7-I.wav,3.3,0.0,30.0,beat_this
-4sq1sUI7-I.wav,4.12,0.0,30.0,beat_this
-4sq1sUI7-I.wav,4.9,0.0,30.0,beat_this
-4sq1sUI7-I.wav,5.72,0.0,30.0,beat_this
-4sq1sUI7-I.wav,6.54,0.0,30.0,beat_this
-4sq1sUI7-I.wav,7.36,0.0,30.0,beat_this
-4sq1sUI7-I.wav,8.16,0.0,30.0,beat_this
-4sq1sUI7-I.wav,8.98,0.0,30.0,beat_this
-4sq1sUI7-I.wav,9.8,0.0,30.0,beat_this
-4sq1sUI7-I.wav,10.62,0.0,30.0,beat_this
-4sq1sUI7-I.wav,11.4,0.0,30.0,beat_this
-4sq1sUI7-I.wav,12.22,0.0,30.0,beat_this
-4sq1sUI7-I.wav,13.04,0.0,30.0,beat_this
-4sq1sUI7-I.wav,13.86,0.0,30.0,beat_this
-4sq1sUI7-I.wav,14.66,0.0,30.0,beat_this
-4sq1sUI7-I.wav,15.48,0.0,30.0,beat_this
-4sq1sUI7-I.wav,16.26,0.0,30.0,beat_this
-4sq1sUI7-I.wav,17.08,0.0,30.0,beat_this
-4sq1sUI7-I.wav,17.9,0.0,30.0,beat_this
-4sq1sUI7-I.wav,18.72,0.0,30.0,beat_this
-4sq1sUI7-I.wav,19.52,0.0,30.0,beat_this
-4sq1sUI7-I.wav,20.34,0.0,30.0,beat_this
-4sq1sUI7-I.wav,21.14,0.0,30.0,beat_this
-4sq1sUI7-I.wav,21.96,0.0,30.0,beat_this
-4sq1sUI7-I.wav,22.76,0.0,30.0,beat_this
-4sq1sUI7-I.wav,23.58,0.0,30.0,beat_this
-4sq1sUI7-I.wav,24.38,0.0,30.0,beat_this
-4sq1sUI7-I.wav,25.2,0.0,30.0,beat_this
-4sq1sUI7-I.wav,26.0,0.0,30.0,beat_this
-4sq1sUI7-I.wav,26.82,0.0,30.0,beat_this
-4sq1sUI7-I.wav,27.64,0.0,30.0,beat_this
-4sq1sUI7-I.wav,28.44,0.0,30.0,beat_this
-4sq1sUI7-I.wav,29.24,0.0,30.0,beat_this
-E5lmFh_0x0.wav,0.78,0.0,30.0,beat_this
-E5lmFh_0x0.wav,1.6,0.0,30.0,beat_this
-E5lmFh_0x0.wav,2.46,0.0,30.0,beat_this
-E5lmFh_0x0.wav,3.3,0.0,30.0,beat_this
-E5lmFh_0x0.wav,4.14,0.0,30.0,beat_this
-E5lmFh_0x0.wav,4.96,0.0,30.0,beat_this
-E5lmFh_0x0.wav,5.8,0.0,30.0,beat_this
-E5lmFh_0x0.wav,6.62,0.0,30.0,beat_this
-E5lmFh_0x0.wav,7.44,0.0,30.0,beat_this
-E5lmFh_0x0.wav,8.28,0.0,30.0,beat_this
-E5lmFh_0x0.wav,9.1,0.0,30.0,beat_this
-E5lmFh_0x0.wav,9.96,0.0,30.0,beat_this
-E5lmFh_0x0.wav,10.8,0.0,30.0,beat_this
-E5lmFh_0x0.wav,11.64,0.0,30.0,beat_this
-E5lmFh_0x0.wav,12.48,0.0,30.0,beat_this
-E5lmFh_0x0.wav,13.3,0.0,30.0,beat_this
-E5lmFh_0x0.wav,14.1,0.0,30.0,beat_this
-E5lmFh_0x0.wav,14.96,0.0,30.0,beat_this
-E5lmFh_0x0.wav,15.78,0.0,30.0,beat_this
-E5lmFh_0x0.wav,16.6,0.0,30.0,beat_this
-E5lmFh_0x0.wav,17.44,0.0,30.0,beat_this
-E5lmFh_0x0.wav,18.28,0.0,30.0,beat_this
-E5lmFh_0x0.wav,19.12,0.0,30.0,beat_this
-E5lmFh_0x0.wav,19.96,0.0,30.0,beat_this
-E5lmFh_0x0.wav,20.78,0.0,30.0,beat_this
-E5lmFh_0x0.wav,21.64,0.0,30.0,beat_this
-E5lmFh_0x0.wav,22.46,0.0,30.0,beat_this
-E5lmFh_0x0.wav,23.3,0.0,30.0,beat_this
-E5lmFh_0x0.wav,24.12,0.0,30.0,beat_this
-E5lmFh_0x0.wav,24.94,0.0,30.0,beat_this
-E5lmFh_0x0.wav,25.8,0.0,30.0,beat_this
-E5lmFh_0x0.wav,26.62,0.0,30.0,beat_this
-E5lmFh_0x0.wav,27.46,0.0,30.0,beat_this
-E5lmFh_0x0.wav,28.3,0.0,30.0,beat_this
-E5lmFh_0x0.wav,29.1,0.0,30.0,beat_this
-E5lmFh_0x0.wav,29.92,0.0,30.0,beat_this
-Gvgb3K5iOE.wav,0.12,0.0,30.0,beat_this
-Gvgb3K5iOE.wav,0.72,0.0,30.0,beat_this
-Gvgb3K5iOE.wav,1.32,0.0,30.0,beat_this
-Gvgb3K5iOE.wav,1.92,0.0,30.0,beat_this
-Gvgb3K5iOE.wav,2.52,0.0,30.0,beat_this
-Gvgb3K5iOE.wav,3.12,0.0,30.0,beat_this
-Gvgb3K5iOE.wav,3.72,0.0,30.0,beat_this
-Gvgb3K5iOE.wav,4.32,0.0,30.0,beat_this
-Gvgb3K5iOE.wav,4.92,0.0,30.0,beat_this
-Gvgb3K5iOE.wav,5.52,0.0,30.0,beat_this
-Gvgb3K5iOE.wav,6.12,0.0,30.0,beat_this
-Gvgb3K5iOE.wav,6.72,0.0,30.0,beat_this
-Gvgb3K5iOE.wav,7.32,0.0,30.0,beat_this
-Gvgb3K5iOE.wav,7.92,0.0,30.0,beat_this
-Gvgb3K5iOE.wav,8.52,0.0,30.0,beat_this
-Gvgb3K5iOE.wav,9.12,0.0,30.0,beat_this
-Gvgb3K5iOE.wav,9.72,0.0,30.0,beat_this
-Gvgb3K5iOE.wav,10.32,0.0,30.0,beat_this
-Gvgb3K5iOE.wav,10.92,0.0,30.0,beat_this
-Gvgb3K5iOE.wav,11.52,0.0,30.0,beat_this
-Gvgb3K5iOE.wav,12.12,0.0,30.0,beat_this
-Gvgb3K5iOE.wav,12.72,0.0,30.0,beat_this
-Gvgb3K5iOE.wav,13.32,0.0,30.0,beat_this
-Gvgb3K5iOE.wav,13.92,0.0,30.0,beat_this
-Gvgb3K5iOE.wav,14.52,0.0,30.0,beat_this
-Gvgb3K5iOE.wav,15.12,0.0,30.0,beat_this
-Gvgb3K5iOE.wav,15.72,0.0,30.0,beat_this
-Gvgb3K5iOE.wav,16.32,0.0,30.0,beat_this
-Gvgb3K5iOE.wav,16.92,0.0,30.0,beat_this
-Gvgb3K5iOE.wav,17.52,0.0,30.0,beat_this
-Gvgb3K5iOE.wav,18.12,0.0,30.0,beat_this
-Gvgb3K5iOE.wav,18.72,0.0,30.0,beat_this
-Gvgb3K5iOE.wav,19.32,0.0,30.0,beat_this
-Gvgb3K5iOE.wav,19.92,0.0,30.0,beat_this
-Gvgb3K5iOE.wav,20.52,0.0,30.0,beat_this
-Gvgb3K5iOE.wav,21.12,0.0,30.0,beat_this
-Gvgb3K5iOE.wav,21.72,0.0,30.0,beat_this
-Gvgb3K5iOE.wav,22.32,0.0,30.0,beat_this
-Gvgb3K5iOE.wav,22.92,0.0,30.0,beat_this
-Gvgb3K5iOE.wav,23.52,0.0,30.0,beat_this
-Gvgb3K5iOE.wav,24.12,0.0,30.0,beat_this
-Gvgb3K5iOE.wav,24.72,0.0,30.0,beat_this
-Gvgb3K5iOE.wav,25.32,0.0,30.0,beat_this
-Gvgb3K5iOE.wav,25.92,0.0,30.0,beat_this
-Gvgb3K5iOE.wav,26.52,0.0,30.0,beat_this
-Gvgb3K5iOE.wav,27.12,0.0,30.0,beat_this
-Gvgb3K5iOE.wav,27.72,0.0,30.0,beat_this
-Gvgb3K5iOE.wav,28.32,0.0,30.0,beat_this
-Gvgb3K5iOE.wav,28.92,0.0,30.0,beat_this
-Gvgb3K5iOE.wav,29.52,0.0,30.0,beat_this
-rT_0DJQygY.wav,0.04,0.0,30.0,beat_this
-rT_0DJQygY.wav,0.42,0.0,30.0,beat_this
-rT_0DJQygY.wav,0.74,0.0,30.0,beat_this
-rT_0DJQygY.wav,1.08,0.0,30.0,beat_this
-rT_0DJQygY.wav,1.42,0.0,30.0,beat_this
-rT_0DJQygY.wav,1.76,0.0,30.0,beat_this
-rT_0DJQygY.wav,2.1,0.0,30.0,beat_this
-rT_0DJQygY.wav,2.44,0.0,30.0,beat_this
-rT_0DJQygY.wav,2.78,0.0,30.0,beat_this
-rT_0DJQygY.wav,3.12,0.0,30.0,beat_this
-rT_0DJQygY.wav,3.46,0.0,30.0,beat_this
-rT_0DJQygY.wav,3.8,0.0,30.0,beat_this
-rT_0DJQygY.wav,4.14,0.0,30.0,beat_this
-rT_0DJQygY.wav,4.5,0.0,30.0,beat_this
-rT_0DJQygY.wav,4.82,0.0,30.0,beat_this
-rT_0DJQygY.wav,5.18,0.0,30.0,beat_this
-rT_0DJQygY.wav,5.5,0.0,30.0,beat_this
-rT_0DJQygY.wav,5.84,0.0,30.0,beat_this
-rT_0DJQygY.wav,6.2,0.0,30.0,beat_this
-rT_0DJQygY.wav,6.54,0.0,30.0,beat_this
-rT_0DJQygY.wav,6.88,0.0,30.0,beat_this
-rT_0DJQygY.wav,7.22,0.0,30.0,beat_this
-rT_0DJQygY.wav,7.56,0.0,30.0,beat_this
-rT_0DJQygY.wav,7.9,0.0,30.0,beat_this
-rT_0DJQygY.wav,8.24,0.0,30.0,beat_this
-rT_0DJQygY.wav,8.58,0.0,30.0,beat_this
-rT_0DJQygY.wav,8.92,0.0,30.0,beat_this
-rT_0DJQygY.wav,9.26,0.0,30.0,beat_this
-rT_0DJQygY.wav,9.6,0.0,30.0,beat_this
-rT_0DJQygY.wav,9.94,0.0,30.0,beat_this
-rT_0DJQygY.wav,10.28,0.0,30.0,beat_this
-rT_0DJQygY.wav,10.62,0.0,30.0,beat_this
-rT_0DJQygY.wav,10.96,0.0,30.0,beat_this
-rT_0DJQygY.wav,11.3,0.0,30.0,beat_this
-rT_0DJQygY.wav,11.64,0.0,30.0,beat_this
-rT_0DJQygY.wav,12.0,0.0,30.0,beat_this
-rT_0DJQygY.wav,12.32,0.0,30.0,beat_this
-rT_0DJQygY.wav,12.66,0.0,30.0,beat_this
-rT_0DJQygY.wav,13.0,0.0,30.0,beat_this
-rT_0DJQygY.wav,13.34,0.0,30.0,beat_this
-rT_0DJQygY.wav,13.68,0.0,30.0,beat_this
-rT_0DJQygY.wav,14.02,0.0,30.0,beat_this
-rT_0DJQygY.wav,14.36,0.0,30.0,beat_this
-rT_0DJQygY.wav,14.7,0.0,30.0,beat_this
-rT_0DJQygY.wav,15.04,0.0,30.0,beat_this
-rT_0DJQygY.wav,15.38,0.0,30.0,beat_this
-rT_0DJQygY.wav,15.74,0.0,30.0,beat_this
-rT_0DJQygY.wav,16.08,0.0,30.0,beat_this
-rT_0DJQygY.wav,16.42,0.0,30.0,beat_this
-rT_0DJQygY.wav,16.76,0.0,30.0,beat_this
-rT_0DJQygY.wav,17.1,0.0,30.0,beat_this
-rT_0DJQygY.wav,17.44,0.0,30.0,beat_this
-rT_0DJQygY.wav,17.78,0.0,30.0,beat_this
-rT_0DJQygY.wav,18.12,0.0,30.0,beat_this
-rT_0DJQygY.wav,18.46,0.0,30.0,beat_this
-rT_0DJQygY.wav,18.8,0.0,30.0,beat_this
-rT_0DJQygY.wav,19.14,0.0,30.0,beat_this
-rT_0DJQygY.wav,19.48,0.0,30.0,beat_this
-rT_0DJQygY.wav,19.82,0.0,30.0,beat_this
-rT_0DJQygY.wav,20.16,0.0,30.0,beat_this
-rT_0DJQygY.wav,20.5,0.0,30.0,beat_this
-rT_0DJQygY.wav,20.84,0.0,30.0,beat_this
-rT_0DJQygY.wav,21.18,0.0,30.0,beat_this
-rT_0DJQygY.wav,21.52,0.0,30.0,beat_this
-rT_0DJQygY.wav,21.86,0.0,30.0,beat_this
-rT_0DJQygY.wav,22.2,0.0,30.0,beat_this
-rT_0DJQygY.wav,22.54,0.0,30.0,beat_this
-rT_0DJQygY.wav,22.9,0.0,30.0,beat_this
-rT_0DJQygY.wav,23.22,0.0,30.0,beat_this
-rT_0DJQygY.wav,23.58,0.0,30.0,beat_this
-rT_0DJQygY.wav,23.92,0.0,30.0,beat_this
-rT_0DJQygY.wav,24.26,0.0,30.0,beat_this
-rT_0DJQygY.wav,24.58,0.0,30.0,beat_this
-rT_0DJQygY.wav,24.94,0.0,30.0,beat_this
-rT_0DJQygY.wav,25.28,0.0,30.0,beat_this
-rT_0DJQygY.wav,25.62,0.0,30.0,beat_this
-rT_0DJQygY.wav,25.94,0.0,30.0,beat_this
-rT_0DJQygY.wav,26.3,0.0,30.0,beat_this
-rT_0DJQygY.wav,26.64,0.0,30.0,beat_this
-rT_0DJQygY.wav,26.98,0.0,30.0,beat_this
-rT_0DJQygY.wav,27.32,0.0,30.0,beat_this
-rT_0DJQygY.wav,27.66,0.0,30.0,beat_this
-rT_0DJQygY.wav,28.0,0.0,30.0,beat_this
-rT_0DJQygY.wav,28.34,0.0,30.0,beat_this
-rT_0DJQygY.wav,28.68,0.0,30.0,beat_this
-rT_0DJQygY.wav,29.02,0.0,30.0,beat_this
-rT_0DJQygY.wav,29.36,0.0,30.0,beat_this
-rT_0DJQygY.wav,29.7,0.0,30.0,beat_this
0FfElnIC8mM.wav,0.42,0.0,30.0,beat_this
0FfElnIC8mM.wav,1.16,0.0,30.0,beat_this
0FfElnIC8mM.wav,1.92,0.0,30.0,beat_this
0FfElnIC8mM.wav,2.64,0.0,30.0,beat_this
0FfElnIC8mM.wav,3.38,0.0,30.0,beat_this
0FfElnIC8mM.wav,4.12,0.0,30.0,beat_this
0FfElnIC8mM.wav,4.86,0.0,30.0,beat_this
0FfElnIC8mM.wav,5.6,0.0,30.0,beat_this
0FfElnIC8mM.wav,6.36,0.0,30.0,beat_this
0FfElnIC8mM.wav,7.1,0.0,30.0,beat_this
0FfElnIC8mM.wav,7.84,0.0,30.0,beat_this
0FfElnIC8mM.wav,8.58,0.0,30.0,beat_this
0FfElnIC8mM.wav,9.32,0.0,30.0,beat_this
0FfElnIC8mM.wav,10.06,0.0,30.0,beat_this
0FfElnIC8mM.wav,10.8,0.0,30.0,beat_this
0FfElnIC8mM.wav,11.54,0.0,30.0,beat_this
0FfElnIC8mM.wav,12.28,0.0,30.0,beat_this
0FfElnIC8mM.wav,13.02,0.0,30.0,beat_this
0FfElnIC8mM.wav,13.76,0.0,30.0,beat_this
0FfElnIC8mM.wav,14.5,0.0,30.0,beat_this
0FfElnIC8mM.wav,15.24,0.0,30.0,beat_this
0FfElnIC8mM.wav,15.98,0.0,30.0,beat_this
0FfElnIC8mM.wav,16.72,0.0,30.0,beat_this
0FfElnIC8mM.wav,17.46,0.0,30.0,beat_this
0FfElnIC8mM.wav,18.22,0.0,30.0,beat_this
0FfElnIC8mM.wav,18.94,0.0,30.0,beat_this
0FfElnIC8mM.wav,19.7,0.0,30.0,beat_this
0FfElnIC8mM.wav,20.44,0.0,30.0,beat_this
0FfElnIC8mM.wav,21.18,0.0,30.0,beat_this
0FfElnIC8mM.wav,21.92,0.0,30.0,beat_this
0FfElnIC8mM.wav,22.66,0.0,30.0,beat_this
0FfElnIC8mM.wav,23.4,0.0,30.0,beat_this
0FfElnIC8mM.wav,24.14,0.0,30.0,beat_this
0FfElnIC8mM.wav,24.88,0.0,30.0,beat_this
0FfElnIC8mM.wav,25.62,0.0,30.0,beat_this
0FfElnIC8mM.wav,26.36,0.0,30.0,beat_this
0FfElnIC8mM.wav,27.1,0.0,30.0,beat_this
0FfElnIC8mM.wav,27.84,0.0,30.0,beat_this
0FfElnIC8mM.wav,28.56,0.0,30.0,beat_this
0FfElnIC8mM.wav,29.32,0.0,30.0,beat_this
0m0w1wEReOI.wav,0.08,0.0,30.0,beat_this
0m0w1wEReOI.wav,0.62,0.0,30.0,beat_this
0m0w1wEReOI.wav,1.16,0.0,30.0,beat_this
0m0w1wEReOI.wav,1.7,0.0,30.0,beat_this
0m0w1wEReOI.wav,2.24,0.0,30.0,beat_this
0m0w1wEReOI.wav,2.78,0.0,30.0,beat_this
0m0w1wEReOI.wav,3.3,0.0,30.0,beat_this
0m0w1wEReOI.wav,3.84,0.0,30.0,beat_this
0m0w1wEReOI.wav,4.38,0.0,30.0,beat_this
0m0w1wEReOI.wav,4.92,0.0,30.0,beat_this
0m0w1wEReOI.wav,5.44,0.0,30.0,beat_this
0m0w1wEReOI.wav,5.98,0.0,30.0,beat_this
0m0w1wEReOI.wav,6.52,0.0,30.0,beat_this
0m0w1wEReOI.wav,7.06,0.0,30.0,beat_this
0m0w1wEReOI.wav,7.6,0.0,30.0,beat_this
0m0w1wEReOI.wav,8.12,0.0,30.0,beat_this
0m0w1wEReOI.wav,8.66,0.0,30.0,beat_this
0m0w1wEReOI.wav,9.2,0.0,30.0,beat_this
0m0w1wEReOI.wav,9.74,0.0,30.0,beat_this
0m0w1wEReOI.wav,10.26,0.0,30.0,beat_this
0m0w1wEReOI.wav,10.8,0.0,30.0,beat_this
0m0w1wEReOI.wav,11.34,0.0,30.0,beat_this
0m0w1wEReOI.wav,11.88,0.0,30.0,beat_this
0m0w1wEReOI.wav,12.4,0.0,30.0,beat_this
0m0w1wEReOI.wav,12.94,0.0,30.0,beat_this
0m0w1wEReOI.wav,13.48,0.0,30.0,beat_this
0m0w1wEReOI.wav,14.02,0.0,30.0,beat_this
0m0w1wEReOI.wav,14.56,0.0,30.0,beat_this
0m0w1wEReOI.wav,15.08,0.0,30.0,beat_this
0m0w1wEReOI.wav,15.62,0.0,30.0,beat_this
0m0w1wEReOI.wav,16.16,0.0,30.0,beat_this
0m0w1wEReOI.wav,16.7,0.0,30.0,beat_this
0m0w1wEReOI.wav,17.22,0.0,30.0,beat_this
0m0w1wEReOI.wav,17.76,0.0,30.0,beat_this
0m0w1wEReOI.wav,18.3,0.0,30.0,beat_this
0m0w1wEReOI.wav,18.84,0.0,30.0,beat_this
0m0w1wEReOI.wav,19.38,0.0,30.0,beat_this
0m0w1wEReOI.wav,19.92,0.0,30.0,beat_this
0m0w1wEReOI.wav,20.44,0.0,30.0,beat_this
0m0w1wEReOI.wav,20.98,0.0,30.0,beat_this
0m0w1wEReOI.wav,21.52,0.0,30.0,beat_this
0m0w1wEReOI.wav,22.04,0.0,30.0,beat_this
0m0w1wEReOI.wav,22.58,0.0,30.0,beat_this
0m0w1wEReOI.wav,23.12,0.0,30.0,beat_this
0m0w1wEReOI.wav,23.66,0.0,30.0,beat_this
0m0w1wEReOI.wav,24.2,0.0,30.0,beat_this
0m0w1wEReOI.wav,24.74,0.0,30.0,beat_this
0m0w1wEReOI.wav,25.26,0.0,30.0,beat_this
0m0w1wEReOI.wav,25.8,0.0,30.0,beat_this
0m0w1wEReOI.wav,26.34,0.0,30.0,beat_this
0m0w1wEReOI.wav,26.88,0.0,30.0,beat_this
0m0w1wEReOI.wav,27.4,0.0,30.0,beat_this
0m0w1wEReOI.wav,27.94,0.0,30.0,beat_this
0m0w1wEReOI.wav,28.48,0.0,30.0,beat_this
0m0w1wEReOI.wav,29.02,0.0,30.0,beat_this
0m0w1wEReOI.wav,29.56,0.0,30.0,beat_this
18fkHq5tbmQ.wav,0.04,0.0,30.0,beat_this
18fkHq5tbmQ.wav,0.88,0.0,30.0,beat_this
18fkHq5tbmQ.wav,1.7,0.0,30.0,beat_this
18fkHq5tbmQ.wav,2.54,0.0,30.0,beat_this
18fkHq5tbmQ.wav,3.38,0.0,30.0,beat_this
18fkHq5tbmQ.wav,4.22,0.0,30.0,beat_this
18fkHq5tbmQ.wav,5.06,0.0,30.0,beat_this
18fkHq5tbmQ.wav,5.9,0.0,30.0,beat_this
18fkHq5tbmQ.wav,6.72,0.0,30.0,beat_this
18fkHq5tbmQ.wav,7.56,0.0,30.0,beat_this
18fkHq5tbmQ.wav,8.38,0.0,30.0,beat_this
18fkHq5tbmQ.wav,9.22,0.0,30.0,beat_this
18fkHq5tbmQ.wav,10.04,0.0,30.0,beat_this
18fkHq5tbmQ.wav,10.88,0.0,30.0,beat_this
18fkHq5tbmQ.wav,11.72,0.0,30.0,beat_this
18fkHq5tbmQ.wav,12.56,0.0,30.0,beat_this
18fkHq5tbmQ.wav,13.38,0.0,30.0,beat_this
18fkHq5tbmQ.wav,14.22,0.0,30.0,beat_this
18fkHq5tbmQ.wav,15.06,0.0,30.0,beat_this
18fkHq5tbmQ.wav,15.88,0.0,30.0,beat_this
18fkHq5tbmQ.wav,16.72,0.0,30.0,beat_this
18fkHq5tbmQ.wav,17.54,0.0,30.0,beat_this
18fkHq5tbmQ.wav,18.38,0.0,30.0,beat_this
18fkHq5tbmQ.wav,19.24,0.0,30.0,beat_this
18fkHq5tbmQ.wav,20.06,0.0,30.0,beat_this
18fkHq5tbmQ.wav,20.88,0.0,30.0,beat_this
18fkHq5tbmQ.wav,21.72,0.0,30.0,beat_this
18fkHq5tbmQ.wav,22.56,0.0,30.0,beat_this
18fkHq5tbmQ.wav,23.4,0.0,30.0,beat_this
18fkHq5tbmQ.wav,24.22,0.0,30.0,beat_this
18fkHq5tbmQ.wav,25.04,0.0,30.0,beat_this
18fkHq5tbmQ.wav,25.88,0.0,30.0,beat_this
18fkHq5tbmQ.wav,26.72,0.0,30.0,beat_this
18fkHq5tbmQ.wav,27.56,0.0,30.0,beat_this
18fkHq5tbmQ.wav,28.38,0.0,30.0,beat_this
18fkHq5tbmQ.wav,29.2,0.0,30.0,beat_this
1ec5zdJPbnU.wav,0.14,0.0,30.0,beat_this
1ec5zdJPbnU.wav,0.6,0.0,30.0,beat_this
1ec5zdJPbnU.wav,1.06,0.0,30.0,beat_this
1ec5zdJPbnU.wav,1.52,0.0,30.0,beat_this
1ec5zdJPbnU.wav,1.96,0.0,30.0,beat_this
1ec5zdJPbnU.wav,2.42,0.0,30.0,beat_this
1ec5zdJPbnU.wav,2.88,0.0,30.0,beat_this
1ec5zdJPbnU.wav,3.32,0.0,30.0,beat_this
1ec5zdJPbnU.wav,3.78,0.0,30.0,beat_this
1ec5zdJPbnU.wav,4.24,0.0,30.0,beat_this
1ec5zdJPbnU.wav,4.7,0.0,30.0,beat_this
1ec5zdJPbnU.wav,5.16,0.0,30.0,beat_this
1ec5zdJPbnU.wav,5.6,0.0,30.0,beat_this
1ec5zdJPbnU.wav,6.06,0.0,30.0,beat_this
1ec5zdJPbnU.wav,6.5,0.0,30.0,beat_this
1ec5zdJPbnU.wav,6.96,0.0,30.0,beat_this
1ec5zdJPbnU.wav,7.42,0.0,30.0,beat_this
1ec5zdJPbnU.wav,7.88,0.0,30.0,beat_this
1ec5zdJPbnU.wav,8.32,0.0,30.0,beat_this
1ec5zdJPbnU.wav,8.78,0.0,30.0,beat_this
1ec5zdJPbnU.wav,9.24,0.0,30.0,beat_this
1ec5zdJPbnU.wav,9.7,0.0,30.0,beat_this
1ec5zdJPbnU.wav,10.16,0.0,30.0,beat_this
1ec5zdJPbnU.wav,10.6,0.0,30.0,beat_this
1ec5zdJPbnU.wav,11.06,0.0,30.0,beat_this
1ec5zdJPbnU.wav,11.5,0.0,30.0,beat_this
1ec5zdJPbnU.wav,11.98,0.0,30.0,beat_this
1ec5zdJPbnU.wav,12.42,0.0,30.0,beat_this
1ec5zdJPbnU.wav,12.88,0.0,30.0,beat_this
1ec5zdJPbnU.wav,13.34,0.0,30.0,beat_this
1ec5zdJPbnU.wav,13.78,0.0,30.0,beat_this
1ec5zdJPbnU.wav,14.24,0.0,30.0,beat_this
1ec5zdJPbnU.wav,14.7,0.0,30.0,beat_this
1ec5zdJPbnU.wav,15.14,0.0,30.0,beat_this
1ec5zdJPbnU.wav,15.6,0.0,30.0,beat_this
1ec5zdJPbnU.wav,16.06,0.0,30.0,beat_this
1ec5zdJPbnU.wav,16.52,0.0,30.0,beat_this
1ec5zdJPbnU.wav,16.96,0.0,30.0,beat_this
1ec5zdJPbnU.wav,17.42,0.0,30.0,beat_this
1ec5zdJPbnU.wav,17.88,0.0,30.0,beat_this
1ec5zdJPbnU.wav,18.34,0.0,30.0,beat_this
1ec5zdJPbnU.wav,18.8,0.0,30.0,beat_this
1ec5zdJPbnU.wav,19.24,0.0,30.0,beat_this
1ec5zdJPbnU.wav,19.7,0.0,30.0,beat_this
1ec5zdJPbnU.wav,20.16,0.0,30.0,beat_this
1ec5zdJPbnU.wav,20.6,0.0,30.0,beat_this
1ec5zdJPbnU.wav,21.06,0.0,30.0,beat_this
1ec5zdJPbnU.wav,21.52,0.0,30.0,beat_this
1ec5zdJPbnU.wav,21.98,0.0,30.0,beat_this
1ec5zdJPbnU.wav,22.42,0.0,30.0,beat_this
1ec5zdJPbnU.wav,22.88,0.0,30.0,beat_this
1ec5zdJPbnU.wav,23.34,0.0,30.0,beat_this
1ec5zdJPbnU.wav,23.78,0.0,30.0,beat_this
1ec5zdJPbnU.wav,24.24,0.0,30.0,beat_this
1ec5zdJPbnU.wav,24.7,0.0,30.0,beat_this
1ec5zdJPbnU.wav,25.16,0.0,30.0,beat_this
1ec5zdJPbnU.wav,25.6,0.0,30.0,beat_this
1ec5zdJPbnU.wav,26.06,0.0,30.0,beat_this
1ec5zdJPbnU.wav,26.52,0.0,30.0,beat_this
1ec5zdJPbnU.wav,26.98,0.0,30.0,beat_this
1ec5zdJPbnU.wav,27.42,0.0,30.0,beat_this
1ec5zdJPbnU.wav,27.88,0.0,30.0,beat_this
1ec5zdJPbnU.wav,28.34,0.0,30.0,beat_this
1ec5zdJPbnU.wav,28.78,0.0,30.0,beat_this
1ec5zdJPbnU.wav,29.24,0.0,30.0,beat_this
1ec5zdJPbnU.wav,29.7,0.0,30.0,beat_this
1uldbfT264k.wav,0.2,0.0,30.0,beat_this
1uldbfT264k.wav,0.36,0.0,30.0,beat_this
1uldbfT264k.wav,0.84,0.0,30.0,beat_this
1uldbfT264k.wav,1.4,0.0,30.0,beat_this
1uldbfT264k.wav,2.0,0.0,30.0,beat_this
1uldbfT264k.wav,2.3,0.0,30.0,beat_this
1uldbfT264k.wav,2.58,0.0,30.0,beat_this
1uldbfT264k.wav,3.16,0.0,30.0,beat_this
1uldbfT264k.wav,3.72,0.0,30.0,beat_this
1uldbfT264k.wav,3.82,0.0,30.0,beat_this
1uldbfT264k.wav,4.28,0.0,30.0,beat_this
1uldbfT264k.wav,4.84,0.0,30.0,beat_this
1uldbfT264k.wav,5.4,0.0,30.0,beat_this
1uldbfT264k.wav,5.94,0.0,30.0,beat_this
1uldbfT264k.wav,6.48,0.0,30.0,beat_this
1uldbfT264k.wav,7.04,0.0,30.0,beat_this
1uldbfT264k.wav,7.58,0.0,30.0,beat_this
1uldbfT264k.wav,8.1,0.0,30.0,beat_this
1uldbfT264k.wav,8.64,0.0,30.0,beat_this
1uldbfT264k.wav,9.16,0.0,30.0,beat_this
1uldbfT264k.wav,9.68,0.0,30.0,beat_this
1uldbfT264k.wav,10.2,0.0,30.0,beat_this
1uldbfT264k.wav,10.72,0.0,30.0,beat_this
1uldbfT264k.wav,11.24,0.0,30.0,beat_this
1uldbfT264k.wav,11.74,0.0,30.0,beat_this
1uldbfT264k.wav,12.24,0.0,30.0,beat_this
1uldbfT264k.wav,12.76,0.0,30.0,beat_this
1uldbfT264k.wav,13.28,0.0,30.0,beat_this
1uldbfT264k.wav,13.8,0.0,30.0,beat_this
1uldbfT264k.wav,14.3,0.0,30.0,beat_this
1uldbfT264k.wav,14.82,0.0,30.0,beat_this
1uldbfT264k.wav,15.32,0.0,30.0,beat_this
1uldbfT264k.wav,15.84,0.0,30.0,beat_this
1uldbfT264k.wav,16.34,0.0,30.0,beat_this
1uldbfT264k.wav,16.84,0.0,30.0,beat_this
1uldbfT264k.wav,17.34,0.0,30.0,beat_this
1uldbfT264k.wav,17.84,0.0,30.0,beat_this
1uldbfT264k.wav,18.34,0.0,30.0,beat_this
1uldbfT264k.wav,18.84,0.0,30.0,beat_this
1uldbfT264k.wav,19.34,0.0,30.0,beat_this
1uldbfT264k.wav,19.84,0.0,30.0,beat_this
1uldbfT264k.wav,20.34,0.0,30.0,beat_this
1uldbfT264k.wav,20.84,0.0,30.0,beat_this
1uldbfT264k.wav,21.32,0.0,30.0,beat_this
1uldbfT264k.wav,21.8,0.0,30.0,beat_this
1uldbfT264k.wav,22.28,0.0,30.0,beat_this
1uldbfT264k.wav,22.76,0.0,30.0,beat_this
1uldbfT264k.wav,23.24,0.0,30.0,beat_this
1uldbfT264k.wav,23.74,0.0,30.0,beat_this
1uldbfT264k.wav,24.22,0.0,30.0,beat_this
1uldbfT264k.wav,24.7,0.0,30.0,beat_this
1uldbfT264k.wav,25.18,0.0,30.0,beat_this
1uldbfT264k.wav,25.66,0.0,30.0,beat_this
1uldbfT264k.wav,26.16,0.0,30.0,beat_this
1uldbfT264k.wav,26.66,0.0,30.0,beat_this
1uldbfT264k.wav,27.14,0.0,30.0,beat_this
1uldbfT264k.wav,27.62,0.0,30.0,beat_this
1uldbfT264k.wav,28.1,0.0,30.0,beat_this
1uldbfT264k.wav,28.58,0.0,30.0,beat_this
1uldbfT264k.wav,29.04,0.0,30.0,beat_this
1uldbfT264k.wav,29.28,0.0,30.0,beat_this
1uldbfT264k.wav,29.54,0.0,30.0,beat_this
1uldbfT264k.wav,29.78,0.0,30.0,beat_this
28JvbWHN6w0.wav,0.0,0.0,30.0,beat_this
28JvbWHN6w0.wav,0.7,0.0,30.0,beat_this
28JvbWHN6w0.wav,1.48,0.0,30.0,beat_this
28JvbWHN6w0.wav,2.22,0.0,30.0,beat_this
28JvbWHN6w0.wav,2.96,0.0,30.0,beat_this
28JvbWHN6w0.wav,3.76,0.0,30.0,beat_this
28JvbWHN6w0.wav,4.48,0.0,30.0,beat_this
28JvbWHN6w0.wav,5.22,0.0,30.0,beat_this
28JvbWHN6w0.wav,5.98,0.0,30.0,beat_this
28JvbWHN6w0.wav,6.78,0.0,30.0,beat_this
28JvbWHN6w0.wav,7.54,0.0,30.0,beat_this
28JvbWHN6w0.wav,8.3,0.0,30.0,beat_this
28JvbWHN6w0.wav,9.06,0.0,30.0,beat_this
28JvbWHN6w0.wav,9.86,0.0,30.0,beat_this
28JvbWHN6w0.wav,10.62,0.0,30.0,beat_this
28JvbWHN6w0.wav,11.36,0.0,30.0,beat_this
28JvbWHN6w0.wav,12.14,0.0,30.0,beat_this
28JvbWHN6w0.wav,12.9,0.0,30.0,beat_this
28JvbWHN6w0.wav,13.64,0.0,30.0,beat_this
28JvbWHN6w0.wav,14.4,0.0,30.0,beat_this
28JvbWHN6w0.wav,15.2,0.0,30.0,beat_this
28JvbWHN6w0.wav,15.96,0.0,30.0,beat_this
28JvbWHN6w0.wav,16.72,0.0,30.0,beat_this
28JvbWHN6w0.wav,17.48,0.0,30.0,beat_this
28JvbWHN6w0.wav,18.24,0.0,30.0,beat_this
28JvbWHN6w0.wav,18.96,0.0,30.0,beat_this
28JvbWHN6w0.wav,19.74,0.0,30.0,beat_this
28JvbWHN6w0.wav,20.5,0.0,30.0,beat_this
28JvbWHN6w0.wav,21.26,0.0,30.0,beat_this
28JvbWHN6w0.wav,22.02,0.0,30.0,beat_this
28JvbWHN6w0.wav,22.78,0.0,30.0,beat_this
28JvbWHN6w0.wav,23.54,0.0,30.0,beat_this
28JvbWHN6w0.wav,24.32,0.0,30.0,beat_this
28JvbWHN6w0.wav,25.08,0.0,30.0,beat_this
28JvbWHN6w0.wav,25.84,0.0,30.0,beat_this
28JvbWHN6w0.wav,26.6,0.0,30.0,beat_this
28JvbWHN6w0.wav,27.36,0.0,30.0,beat_this
28JvbWHN6w0.wav,28.12,0.0,30.0,beat_this
28JvbWHN6w0.wav,28.88,0.0,30.0,beat_this
28JvbWHN6w0.wav,29.62,0.0,30.0,beat_this
2SeNCoP6Zy8.wav,0.14,0.0,30.0,beat_this
2SeNCoP6Zy8.wav,0.62,0.0,30.0,beat_this
2SeNCoP6Zy8.wav,1.08,0.0,30.0,beat_this
2SeNCoP6Zy8.wav,1.56,0.0,30.0,beat_this
2SeNCoP6Zy8.wav,2.04,0.0,30.0,beat_this
2SeNCoP6Zy8.wav,2.5,0.0,30.0,beat_this
2SeNCoP6Zy8.wav,2.98,0.0,30.0,beat_this
2SeNCoP6Zy8.wav,3.44,0.0,30.0,beat_this
2SeNCoP6Zy8.wav,3.9,0.0,30.0,beat_this
2SeNCoP6Zy8.wav,4.38,0.0,30.0,beat_this
2SeNCoP6Zy8.wav,4.84,0.0,30.0,beat_this
2SeNCoP6Zy8.wav,5.32,0.0,30.0,beat_this
2SeNCoP6Zy8.wav,5.78,0.0,30.0,beat_this
2SeNCoP6Zy8.wav,6.26,0.0,30.0,beat_this
2SeNCoP6Zy8.wav,6.72,0.0,30.0,beat_this
2SeNCoP6Zy8.wav,7.2,0.0,30.0,beat_this
2SeNCoP6Zy8.wav,7.66,0.0,30.0,beat_this
2SeNCoP6Zy8.wav,8.12,0.0,30.0,beat_this
2SeNCoP6Zy8.wav,8.58,0.0,30.0,beat_this
2SeNCoP6Zy8.wav,9.06,0.0,30.0,beat_this
2SeNCoP6Zy8.wav,9.54,0.0,30.0,beat_this
2SeNCoP6Zy8.wav,10.0,0.0,30.0,beat_this
2SeNCoP6Zy8.wav,10.46,0.0,30.0,beat_this
2SeNCoP6Zy8.wav,10.94,0.0,30.0,beat_this
2SeNCoP6Zy8.wav,11.4,0.0,30.0,beat_this
2SeNCoP6Zy8.wav,11.88,0.0,30.0,beat_this
2SeNCoP6Zy8.wav,12.34,0.0,30.0,beat_this
2SeNCoP6Zy8.wav,12.82,0.0,30.0,beat_this
2SeNCoP6Zy8.wav,13.28,0.0,30.0,beat_this
2SeNCoP6Zy8.wav,13.76,0.0,30.0,beat_this
2SeNCoP6Zy8.wav,14.22,0.0,30.0,beat_this
2SeNCoP6Zy8.wav,14.68,0.0,30.0,beat_this
2SeNCoP6Zy8.wav,15.14,0.0,30.0,beat_this
2SeNCoP6Zy8.wav,15.62,0.0,30.0,beat_this
2SeNCoP6Zy8.wav,16.08,0.0,30.0,beat_this
2SeNCoP6Zy8.wav,16.56,0.0,30.0,beat_this
2SeNCoP6Zy8.wav,17.02,0.0,30.0,beat_this
2SeNCoP6Zy8.wav,17.5,0.0,30.0,beat_this
2SeNCoP6Zy8.wav,17.96,0.0,30.0,beat_this
2SeNCoP6Zy8.wav,18.44,0.0,30.0,beat_this
2SeNCoP6Zy8.wav,18.9,0.0,30.0,beat_this
2SeNCoP6Zy8.wav,19.38,0.0,30.0,beat_this
2SeNCoP6Zy8.wav,19.84,0.0,30.0,beat_this
2SeNCoP6Zy8.wav,20.3,0.0,30.0,beat_this
2SeNCoP6Zy8.wav,20.78,0.0,30.0,beat_this
2SeNCoP6Zy8.wav,21.24,0.0,30.0,beat_this
2SeNCoP6Zy8.wav,21.72,0.0,30.0,beat_this
2SeNCoP6Zy8.wav,22.18,0.0,30.0,beat_this
2SeNCoP6Zy8.wav,22.66,0.0,30.0,beat_this
2SeNCoP6Zy8.wav,23.12,0.0,30.0,beat_this
2SeNCoP6Zy8.wav,23.58,0.0,30.0,beat_this
2SeNCoP6Zy8.wav,24.06,0.0,30.0,beat_this
2SeNCoP6Zy8.wav,24.52,0.0,30.0,beat_this
2SeNCoP6Zy8.wav,25.0,0.0,30.0,beat_this
2SeNCoP6Zy8.wav,25.46,0.0,30.0,beat_this
2SeNCoP6Zy8.wav,25.94,0.0,30.0,beat_this
2SeNCoP6Zy8.wav,26.4,0.0,30.0,beat_this
2SeNCoP6Zy8.wav,26.88,0.0,30.0,beat_this
2SeNCoP6Zy8.wav,27.34,0.0,30.0,beat_this
2SeNCoP6Zy8.wav,27.82,0.0,30.0,beat_this
2SeNCoP6Zy8.wav,28.28,0.0,30.0,beat_this
2SeNCoP6Zy8.wav,28.76,0.0,30.0,beat_this
2SeNCoP6Zy8.wav,29.22,0.0,30.0,beat_this
2SeNCoP6Zy8.wav,29.68,0.0,30.0,beat_this
30zfbFdeY7g.wav,0.24,0.0,30.0,beat_this
30zfbFdeY7g.wav,0.8,0.0,30.0,beat_this
30zfbFdeY7g.wav,1.36,0.0,30.0,beat_this
30zfbFdeY7g.wav,1.88,0.0,30.0,beat_this
30zfbFdeY7g.wav,2.42,0.0,30.0,beat_this
30zfbFdeY7g.wav,2.98,0.0,30.0,beat_this
30zfbFdeY7g.wav,3.52,0.0,30.0,beat_this
30zfbFdeY7g.wav,4.06,0.0,30.0,beat_this
30zfbFdeY7g.wav,4.6,0.0,30.0,beat_this
30zfbFdeY7g.wav,5.14,0.0,30.0,beat_this
30zfbFdeY7g.wav,5.68,0.0,30.0,beat_this
30zfbFdeY7g.wav,6.24,0.0,30.0,beat_this
30zfbFdeY7g.wav,6.78,0.0,30.0,beat_this
30zfbFdeY7g.wav,7.32,0.0,30.0,beat_this
30zfbFdeY7g.wav,7.88,0.0,30.0,beat_this
30zfbFdeY7g.wav,8.44,0.0,30.0,beat_this
30zfbFdeY7g.wav,8.96,0.0,30.0,beat_this
30zfbFdeY7g.wav,9.52,0.0,30.0,beat_this
30zfbFdeY7g.wav,10.06,0.0,30.0,beat_this
30zfbFdeY7g.wav,10.6,0.0,30.0,beat_this
30zfbFdeY7g.wav,11.14,0.0,30.0,beat_this
30zfbFdeY7g.wav,11.68,0.0,30.0,beat_this
30zfbFdeY7g.wav,12.24,0.0,30.0,beat_this
30zfbFdeY7g.wav,12.8,0.0,30.0,beat_this
30zfbFdeY7g.wav,13.32,0.0,30.0,beat_this
30zfbFdeY7g.wav,13.86,0.0,30.0,beat_this
30zfbFdeY7g.wav,14.42,0.0,30.0,beat_this
30zfbFdeY7g.wav,14.96,0.0,30.0,beat_this
30zfbFdeY7g.wav,15.52,0.0,30.0,beat_this
30zfbFdeY7g.wav,16.06,0.0,30.0,beat_this
30zfbFdeY7g.wav,16.62,0.0,30.0,beat_this
30zfbFdeY7g.wav,17.16,0.0,30.0,beat_this
30zfbFdeY7g.wav,17.7,0.0,30.0,beat_this
30zfbFdeY7g.wav,18.24,0.0,30.0,beat_this
30zfbFdeY7g.wav,18.78,0.0,30.0,beat_this
30zfbFdeY7g.wav,19.34,0.0,30.0,beat_this
30zfbFdeY7g.wav,19.88,0.0,30.0,beat_this
30zfbFdeY7g.wav,20.42,0.0,30.0,beat_this
30zfbFdeY7g.wav,20.98,0.0,30.0,beat_this
30zfbFdeY7g.wav,21.54,0.0,30.0,beat_this
30zfbFdeY7g.wav,22.06,0.0,30.0,beat_this
30zfbFdeY7g.wav,22.6,0.0,30.0,beat_this
30zfbFdeY7g.wav,23.14,0.0,30.0,beat_this
30zfbFdeY7g.wav,23.68,0.0,30.0,beat_this
30zfbFdeY7g.wav,24.24,0.0,30.0,beat_this
30zfbFdeY7g.wav,24.8,0.0,30.0,beat_this
30zfbFdeY7g.wav,25.34,0.0,30.0,beat_this
30zfbFdeY7g.wav,25.9,0.0,30.0,beat_this
30zfbFdeY7g.wav,26.44,0.0,30.0,beat_this
30zfbFdeY7g.wav,26.98,0.0,30.0,beat_this
30zfbFdeY7g.wav,27.54,0.0,30.0,beat_this
30zfbFdeY7g.wav,28.08,0.0,30.0,beat_this
30zfbFdeY7g.wav,28.62,0.0,30.0,beat_this
30zfbFdeY7g.wav,29.18,0.0,30.0,beat_this
30zfbFdeY7g.wav,29.72,0.0,30.0,beat_this
3NqMmAYSrJw.wav,0.96,0.0,30.0,beat_this
3NqMmAYSrJw.wav,2.06,0.0,30.0,beat_this
3NqMmAYSrJw.wav,3.14,0.0,30.0,beat_this
3NqMmAYSrJw.wav,4.24,0.0,30.0,beat_this
3NqMmAYSrJw.wav,5.34,0.0,30.0,beat_this
3NqMmAYSrJw.wav,6.42,0.0,30.0,beat_this
3NqMmAYSrJw.wav,7.52,0.0,30.0,beat_this
3NqMmAYSrJw.wav,8.62,0.0,30.0,beat_this
3NqMmAYSrJw.wav,9.7,0.0,30.0,beat_this
3NqMmAYSrJw.wav,10.78,0.0,30.0,beat_this
3NqMmAYSrJw.wav,11.88,0.0,30.0,beat_this
3NqMmAYSrJw.wav,12.98,0.0,30.0,beat_this
3NqMmAYSrJw.wav,14.06,0.0,30.0,beat_this
3NqMmAYSrJw.wav,15.16,0.0,30.0,beat_this
3NqMmAYSrJw.wav,16.24,0.0,30.0,beat_this
3NqMmAYSrJw.wav,17.34,0.0,30.0,beat_this
3NqMmAYSrJw.wav,18.42,0.0,30.0,beat_this
3NqMmAYSrJw.wav,19.52,0.0,30.0,beat_this
3NqMmAYSrJw.wav,20.6,0.0,30.0,beat_this
3NqMmAYSrJw.wav,21.7,0.0,30.0,beat_this
3NqMmAYSrJw.wav,22.78,0.0,30.0,beat_this
3NqMmAYSrJw.wav,23.88,0.0,30.0,beat_this
3NqMmAYSrJw.wav,24.96,0.0,30.0,beat_this
3NqMmAYSrJw.wav,26.06,0.0,30.0,beat_this
3NqMmAYSrJw.wav,27.14,0.0,30.0,beat_this
3NqMmAYSrJw.wav,28.24,0.0,30.0,beat_this
3NqMmAYSrJw.wav,29.32,0.0,30.0,beat_this
3OByv5luEjc.wav,0.34,0.0,30.0,beat_this
3OByv5luEjc.wav,2.24,0.0,30.0,beat_this
3OByv5luEjc.wav,3.46,0.0,30.0,beat_this
3OByv5luEjc.wav,3.96,0.0,30.0,beat_this
3OByv5luEjc.wav,4.78,0.0,30.0,beat_this
3OByv5luEjc.wav,9.88,0.0,30.0,beat_this
3OByv5luEjc.wav,10.88,0.0,30.0,beat_this
3OByv5luEjc.wav,11.4,0.0,30.0,beat_this
3OByv5luEjc.wav,11.88,0.0,30.0,beat_this
3OByv5luEjc.wav,12.38,0.0,30.0,beat_this
3OByv5luEjc.wav,12.88,0.0,30.0,beat_this
3OByv5luEjc.wav,13.36,0.0,30.0,beat_this
3OByv5luEjc.wav,13.88,0.0,30.0,beat_this
3OByv5luEjc.wav,14.38,0.0,30.0,beat_this
3OByv5luEjc.wav,14.9,0.0,30.0,beat_this
3OByv5luEjc.wav,15.42,0.0,30.0,beat_this
3OByv5luEjc.wav,15.92,0.0,30.0,beat_this
3OByv5luEjc.wav,16.4,0.0,30.0,beat_this
3OByv5luEjc.wav,16.9,0.0,30.0,beat_this
3OByv5luEjc.wav,17.4,0.0,30.0,beat_this
3OByv5luEjc.wav,17.9,0.0,30.0,beat_this
3OByv5luEjc.wav,18.4,0.0,30.0,beat_this
3OByv5luEjc.wav,18.9,0.0,30.0,beat_this
3OByv5luEjc.wav,19.42,0.0,30.0,beat_this
3OByv5luEjc.wav,19.9,0.0,30.0,beat_this
3OByv5luEjc.wav,20.42,0.0,30.0,beat_this
3OByv5luEjc.wav,20.92,0.0,30.0,beat_this
3OByv5luEjc.wav,21.4,0.0,30.0,beat_this
3OByv5luEjc.wav,21.9,0.0,30.0,beat_this
3OByv5luEjc.wav,22.4,0.0,30.0,beat_this
3OByv5luEjc.wav,22.9,0.0,30.0,beat_this
3OByv5luEjc.wav,23.4,0.0,30.0,beat_this
3OByv5luEjc.wav,23.9,0.0,30.0,beat_this
3OByv5luEjc.wav,24.4,0.0,30.0,beat_this
3OByv5luEjc.wav,24.9,0.0,30.0,beat_this
3OByv5luEjc.wav,25.4,0.0,30.0,beat_this
3OByv5luEjc.wav,25.9,0.0,30.0,beat_this
3OByv5luEjc.wav,26.4,0.0,30.0,beat_this
3OByv5luEjc.wav,26.9,0.0,30.0,beat_this
3OByv5luEjc.wav,27.4,0.0,30.0,beat_this
3OByv5luEjc.wav,27.9,0.0,30.0,beat_this
3OByv5luEjc.wav,28.4,0.0,30.0,beat_this
3OByv5luEjc.wav,28.9,0.0,30.0,beat_this
3OByv5luEjc.wav,29.4,0.0,30.0,beat_this
3OByv5luEjc.wav,29.9,0.0,30.0,beat_this
3QuyNWZoKgk.wav,0.5,0.0,30.0,beat_this
3QuyNWZoKgk.wav,1.1,0.0,30.0,beat_this
3QuyNWZoKgk.wav,1.7,0.0,30.0,beat_this
3QuyNWZoKgk.wav,2.3,0.0,30.0,beat_this
3QuyNWZoKgk.wav,2.9,0.0,30.0,beat_this
3QuyNWZoKgk.wav,3.5,0.0,30.0,beat_this
3QuyNWZoKgk.wav,4.1,0.0,30.0,beat_this
3QuyNWZoKgk.wav,4.7,0.0,30.0,beat_this
3QuyNWZoKgk.wav,5.3,0.0,30.0,beat_this
3QuyNWZoKgk.wav,5.9,0.0,30.0,beat_this
3QuyNWZoKgk.wav,6.5,0.0,30.0,beat_this
3QuyNWZoKgk.wav,7.1,0.0,30.0,beat_this
3QuyNWZoKgk.wav,7.7,0.0,30.0,beat_this
3QuyNWZoKgk.wav,8.3,0.0,30.0,beat_this
3QuyNWZoKgk.wav,8.9,0.0,30.0,beat_this
3QuyNWZoKgk.wav,9.5,0.0,30.0,beat_this
3QuyNWZoKgk.wav,10.1,0.0,30.0,beat_this
3QuyNWZoKgk.wav,10.7,0.0,30.0,beat_this
3QuyNWZoKgk.wav,11.3,0.0,30.0,beat_this
3QuyNWZoKgk.wav,11.9,0.0,30.0,beat_this
3QuyNWZoKgk.wav,12.5,0.0,30.0,beat_this
3QuyNWZoKgk.wav,13.1,0.0,30.0,beat_this
3QuyNWZoKgk.wav,13.7,0.0,30.0,beat_this
3QuyNWZoKgk.wav,14.3,0.0,30.0,beat_this
3QuyNWZoKgk.wav,14.9,0.0,30.0,beat_this
3QuyNWZoKgk.wav,15.5,0.0,30.0,beat_this
3QuyNWZoKgk.wav,16.1,0.0,30.0,beat_this
3QuyNWZoKgk.wav,16.7,0.0,30.0,beat_this
3QuyNWZoKgk.wav,17.3,0.0,30.0,beat_this
3QuyNWZoKgk.wav,17.9,0.0,30.0,beat_this
3QuyNWZoKgk.wav,18.52,0.0,30.0,beat_this
3QuyNWZoKgk.wav,19.12,0.0,30.0,beat_this
3QuyNWZoKgk.wav,19.72,0.0,30.0,beat_this
3QuyNWZoKgk.wav,20.32,0.0,30.0,beat_this
3QuyNWZoKgk.wav,20.92,0.0,30.0,beat_this
3QuyNWZoKgk.wav,21.5,0.0,30.0,beat_this
3QuyNWZoKgk.wav,22.12,0.0,30.0,beat_this
3QuyNWZoKgk.wav,22.72,0.0,30.0,beat_this
3QuyNWZoKgk.wav,23.3,0.0,30.0,beat_this
3QuyNWZoKgk.wav,23.92,0.0,30.0,beat_this
3QuyNWZoKgk.wav,24.52,0.0,30.0,beat_this
3QuyNWZoKgk.wav,25.12,0.0,30.0,beat_this
3QuyNWZoKgk.wav,25.7,0.0,30.0,beat_this
3QuyNWZoKgk.wav,26.3,0.0,30.0,beat_this
3QuyNWZoKgk.wav,26.92,0.0,30.0,beat_this
3QuyNWZoKgk.wav,27.52,0.0,30.0,beat_this
3QuyNWZoKgk.wav,28.1,0.0,30.0,beat_this
3QuyNWZoKgk.wav,28.7,0.0,30.0,beat_this
3QuyNWZoKgk.wav,29.3,0.0,30.0,beat_this
3QuyNWZoKgk.wav,29.9,0.0,30.0,beat_this
3WqrNqX1lsI.wav,0.0,0.0,30.0,beat_this
3WqrNqX1lsI.wav,0.46,0.0,30.0,beat_this
3WqrNqX1lsI.wav,0.94,0.0,30.0,beat_this
3WqrNqX1lsI.wav,1.4,0.0,30.0,beat_this
3WqrNqX1lsI.wav,1.86,0.0,30.0,beat_this
3WqrNqX1lsI.wav,2.34,0.0,30.0,beat_this
3WqrNqX1lsI.wav,2.8,0.0,30.0,beat_this
3WqrNqX1lsI.wav,3.26,0.0,30.0,beat_this
3WqrNqX1lsI.wav,3.74,0.0,30.0,beat_this
3WqrNqX1lsI.wav,4.2,0.0,30.0,beat_this
3WqrNqX1lsI.wav,4.68,0.0,30.0,beat_this
3WqrNqX1lsI.wav,5.14,0.0,30.0,beat_this
3WqrNqX1lsI.wav,5.62,0.0,30.0,beat_this
3WqrNqX1lsI.wav,6.08,0.0,30.0,beat_this
3WqrNqX1lsI.wav,6.56,0.0,30.0,beat_this
3WqrNqX1lsI.wav,7.02,0.0,30.0,beat_this
3WqrNqX1lsI.wav,7.48,0.0,30.0,beat_this
3WqrNqX1lsI.wav,7.96,0.0,30.0,beat_this
3WqrNqX1lsI.wav,8.42,0.0,30.0,beat_this
3WqrNqX1lsI.wav,8.9,0.0,30.0,beat_this
3WqrNqX1lsI.wav,9.36,0.0,30.0,beat_this
3WqrNqX1lsI.wav,9.84,0.0,30.0,beat_this
3WqrNqX1lsI.wav,10.3,0.0,30.0,beat_this
3WqrNqX1lsI.wav,10.76,0.0,30.0,beat_this
3WqrNqX1lsI.wav,11.24,0.0,30.0,beat_this
3WqrNqX1lsI.wav,11.7,0.0,30.0,beat_this
3WqrNqX1lsI.wav,12.18,0.0,30.0,beat_this
3WqrNqX1lsI.wav,12.64,0.0,30.0,beat_this
3WqrNqX1lsI.wav,13.12,0.0,30.0,beat_this
3WqrNqX1lsI.wav,13.58,0.0,30.0,beat_this
3WqrNqX1lsI.wav,14.06,0.0,30.0,beat_this
3WqrNqX1lsI.wav,14.52,0.0,30.0,beat_this
3WqrNqX1lsI.wav,15.0,0.0,30.0,beat_this
3WqrNqX1lsI.wav,15.46,0.0,30.0,beat_this
3WqrNqX1lsI.wav,15.92,0.0,30.0,beat_this
3WqrNqX1lsI.wav,16.4,0.0,30.0,beat_this
3WqrNqX1lsI.wav,16.86,0.0,30.0,beat_this
3WqrNqX1lsI.wav,17.34,0.0,30.0,beat_this
3WqrNqX1lsI.wav,17.8,0.0,30.0,beat_this
3WqrNqX1lsI.wav,18.28,0.0,30.0,beat_this
3WqrNqX1lsI.wav,18.74,0.0,30.0,beat_this
3WqrNqX1lsI.wav,19.2,0.0,30.0,beat_this
3WqrNqX1lsI.wav,19.68,0.0,30.0,beat_this
3WqrNqX1lsI.wav,20.14,0.0,30.0,beat_this
3WqrNqX1lsI.wav,20.62,0.0,30.0,beat_this
3WqrNqX1lsI.wav,21.08,0.0,30.0,beat_this
3WqrNqX1lsI.wav,21.56,0.0,30.0,beat_this
3WqrNqX1lsI.wav,22.02,0.0,30.0,beat_this
3WqrNqX1lsI.wav,22.5,0.0,30.0,beat_this
3WqrNqX1lsI.wav,22.96,0.0,30.0,beat_this
3WqrNqX1lsI.wav,23.42,0.0,30.0,beat_this
3WqrNqX1lsI.wav,23.9,0.0,30.0,beat_this
3WqrNqX1lsI.wav,24.36,0.0,30.0,beat_this
3WqrNqX1lsI.wav,24.84,0.0,30.0,beat_this
3WqrNqX1lsI.wav,25.3,0.0,30.0,beat_this
3WqrNqX1lsI.wav,25.78,0.0,30.0,beat_this
3WqrNqX1lsI.wav,26.24,0.0,30.0,beat_this
3WqrNqX1lsI.wav,26.72,0.0,30.0,beat_this
3WqrNqX1lsI.wav,27.18,0.0,30.0,beat_this
3WqrNqX1lsI.wav,27.66,0.0,30.0,beat_this
3WqrNqX1lsI.wav,28.12,0.0,30.0,beat_this
3WqrNqX1lsI.wav,28.58,0.0,30.0,beat_this
3WqrNqX1lsI.wav,29.06,0.0,30.0,beat_this
3WqrNqX1lsI.wav,29.54,0.0,30.0,beat_this
3WqrNqX1lsI.wav,29.98,0.0,30.0,beat_this
3jmQ3-LNeAU.wav,0.04,0.0,30.0,beat_this
3jmQ3-LNeAU.wav,0.8,0.0,30.0,beat_this
3jmQ3-LNeAU.wav,1.56,0.0,30.0,beat_this
3jmQ3-LNeAU.wav,2.32,0.0,30.0,beat_this
3jmQ3-LNeAU.wav,3.06,0.0,30.0,beat_this
3jmQ3-LNeAU.wav,3.8,0.0,30.0,beat_this
3jmQ3-LNeAU.wav,4.56,0.0,30.0,beat_this
3jmQ3-LNeAU.wav,5.3,0.0,30.0,beat_this
3jmQ3-LNeAU.wav,6.06,0.0,30.0,beat_this
3jmQ3-LNeAU.wav,6.8,0.0,30.0,beat_this
3jmQ3-LNeAU.wav,7.56,0.0,30.0,beat_this
3jmQ3-LNeAU.wav,8.32,0.0,30.0,beat_this
3jmQ3-LNeAU.wav,9.06,0.0,30.0,beat_this
3jmQ3-LNeAU.wav,9.82,0.0,30.0,beat_this
3jmQ3-LNeAU.wav,10.58,0.0,30.0,beat_this
3jmQ3-LNeAU.wav,11.32,0.0,30.0,beat_this
3jmQ3-LNeAU.wav,12.06,0.0,30.0,beat_this
3jmQ3-LNeAU.wav,12.8,0.0,30.0,beat_this
3jmQ3-LNeAU.wav,13.56,0.0,30.0,beat_this
3jmQ3-LNeAU.wav,14.3,0.0,30.0,beat_this
3jmQ3-LNeAU.wav,15.04,0.0,30.0,beat_this
3jmQ3-LNeAU.wav,15.8,0.0,30.0,beat_this
3jmQ3-LNeAU.wav,16.54,0.0,30.0,beat_this
3jmQ3-LNeAU.wav,17.3,0.0,30.0,beat_this
3jmQ3-LNeAU.wav,18.04,0.0,30.0,beat_this
3jmQ3-LNeAU.wav,18.8,0.0,30.0,beat_this
3jmQ3-LNeAU.wav,19.52,0.0,30.0,beat_this
3jmQ3-LNeAU.wav,20.3,0.0,30.0,beat_this
3jmQ3-LNeAU.wav,21.04,0.0,30.0,beat_this
3jmQ3-LNeAU.wav,21.78,0.0,30.0,beat_this
3jmQ3-LNeAU.wav,22.54,0.0,30.0,beat_this
3jmQ3-LNeAU.wav,23.3,0.0,30.0,beat_this
3jmQ3-LNeAU.wav,24.06,0.0,30.0,beat_this
3jmQ3-LNeAU.wav,24.8,0.0,30.0,beat_this
3jmQ3-LNeAU.wav,25.56,0.0,30.0,beat_this
3jmQ3-LNeAU.wav,26.3,0.0,30.0,beat_this
3jmQ3-LNeAU.wav,27.04,0.0,30.0,beat_this
3jmQ3-LNeAU.wav,27.8,0.0,30.0,beat_this
3jmQ3-LNeAU.wav,28.56,0.0,30.0,beat_this
3jmQ3-LNeAU.wav,29.3,0.0,30.0,beat_this
44j8lJU2dqM.wav,0.58,0.0,30.0,beat_this
44j8lJU2dqM.wav,1.3,0.0,30.0,beat_this
44j8lJU2dqM.wav,2.0,0.0,30.0,beat_this
44j8lJU2dqM.wav,2.72,0.0,30.0,beat_this
44j8lJU2dqM.wav,3.42,0.0,30.0,beat_this
44j8lJU2dqM.wav,4.12,0.0,30.0,beat_this
44j8lJU2dqM.wav,4.84,0.0,30.0,beat_this
44j8lJU2dqM.wav,5.56,0.0,30.0,beat_this
44j8lJU2dqM.wav,6.28,0.0,30.0,beat_this
44j8lJU2dqM.wav,6.98,0.0,30.0,beat_this
44j8lJU2dqM.wav,7.7,0.0,30.0,beat_this
44j8lJU2dqM.wav,8.42,0.0,30.0,beat_this
44j8lJU2dqM.wav,9.12,0.0,30.0,beat_this
44j8lJU2dqM.wav,9.82,0.0,30.0,beat_this
44j8lJU2dqM.wav,10.54,0.0,30.0,beat_this
44j8lJU2dqM.wav,11.26,0.0,30.0,beat_this
44j8lJU2dqM.wav,12.0,0.0,30.0,beat_this
44j8lJU2dqM.wav,12.7,0.0,30.0,beat_this
44j8lJU2dqM.wav,13.42,0.0,30.0,beat_this
44j8lJU2dqM.wav,14.14,0.0,30.0,beat_this
44j8lJU2dqM.wav,14.84,0.0,30.0,beat_this
44j8lJU2dqM.wav,15.54,0.0,30.0,beat_this
44j8lJU2dqM.wav,16.28,0.0,30.0,beat_this
44j8lJU2dqM.wav,17.0,0.0,30.0,beat_this
44j8lJU2dqM.wav,17.7,0.0,30.0,beat_this
44j8lJU2dqM.wav,18.42,0.0,30.0,beat_this
44j8lJU2dqM.wav,19.12,0.0,30.0,beat_this
44j8lJU2dqM.wav,19.84,0.0,30.0,beat_this
44j8lJU2dqM.wav,20.54,0.0,30.0,beat_this
44j8lJU2dqM.wav,21.26,0.0,30.0,beat_this
44j8lJU2dqM.wav,21.98,0.0,30.0,beat_this
44j8lJU2dqM.wav,22.72,0.0,30.0,beat_this
44j8lJU2dqM.wav,23.42,0.0,30.0,beat_this
44j8lJU2dqM.wav,24.12,0.0,30.0,beat_this
44j8lJU2dqM.wav,24.84,0.0,30.0,beat_this
44j8lJU2dqM.wav,25.56,0.0,30.0,beat_this
44j8lJU2dqM.wav,26.26,0.0,30.0,beat_this
44j8lJU2dqM.wav,26.98,0.0,30.0,beat_this
44j8lJU2dqM.wav,27.68,0.0,30.0,beat_this
44j8lJU2dqM.wav,28.42,0.0,30.0,beat_this
44j8lJU2dqM.wav,29.12,0.0,30.0,beat_this
44j8lJU2dqM.wav,29.84,0.0,30.0,beat_this
4VKiwmQJ4Lo.wav,0.12,0.0,30.0,beat_this
4VKiwmQJ4Lo.wav,0.58,0.0,30.0,beat_this
4VKiwmQJ4Lo.wav,1.04,0.0,30.0,beat_this
4VKiwmQJ4Lo.wav,1.48,0.0,30.0,beat_this
4VKiwmQJ4Lo.wav,1.94,0.0,30.0,beat_this
4VKiwmQJ4Lo.wav,2.4,0.0,30.0,beat_this
4VKiwmQJ4Lo.wav,2.84,0.0,30.0,beat_this
4VKiwmQJ4Lo.wav,3.3,0.0,30.0,beat_this
4VKiwmQJ4Lo.wav,3.76,0.0,30.0,beat_this
4VKiwmQJ4Lo.wav,4.2,0.0,30.0,beat_this
4VKiwmQJ4Lo.wav,4.66,0.0,30.0,beat_this
4VKiwmQJ4Lo.wav,5.12,0.0,30.0,beat_this
4VKiwmQJ4Lo.wav,5.58,0.0,30.0,beat_this
4VKiwmQJ4Lo.wav,6.02,0.0,30.0,beat_this
4VKiwmQJ4Lo.wav,6.48,0.0,30.0,beat_this
4VKiwmQJ4Lo.wav,6.94,0.0,30.0,beat_this
4VKiwmQJ4Lo.wav,7.4,0.0,30.0,beat_this
4VKiwmQJ4Lo.wav,7.86,0.0,30.0,beat_this
4VKiwmQJ4Lo.wav,8.3,0.0,30.0,beat_this
4VKiwmQJ4Lo.wav,8.76,0.0,30.0,beat_this
4VKiwmQJ4Lo.wav,9.22,0.0,30.0,beat_this
4VKiwmQJ4Lo.wav,9.68,0.0,30.0,beat_this
4VKiwmQJ4Lo.wav,10.12,0.0,30.0,beat_this
4VKiwmQJ4Lo.wav,10.58,0.0,30.0,beat_this
4VKiwmQJ4Lo.wav,11.02,0.0,30.0,beat_this
4VKiwmQJ4Lo.wav,11.5,0.0,30.0,beat_this
4VKiwmQJ4Lo.wav,11.94,0.0,30.0,beat_this
4VKiwmQJ4Lo.wav,12.4,0.0,30.0,beat_this
4VKiwmQJ4Lo.wav,12.84,0.0,30.0,beat_this
4VKiwmQJ4Lo.wav,13.3,0.0,30.0,beat_this
4VKiwmQJ4Lo.wav,13.76,0.0,30.0,beat_this
4VKiwmQJ4Lo.wav,14.22,0.0,30.0,beat_this
4VKiwmQJ4Lo.wav,14.66,0.0,30.0,beat_this
4VKiwmQJ4Lo.wav,15.12,0.0,30.0,beat_this
4VKiwmQJ4Lo.wav,15.58,0.0,30.0,beat_this
4VKiwmQJ4Lo.wav,16.04,0.0,30.0,beat_this
4VKiwmQJ4Lo.wav,16.48,0.0,30.0,beat_this
4VKiwmQJ4Lo.wav,16.94,0.0,30.0,beat_this
4VKiwmQJ4Lo.wav,17.4,0.0,30.0,beat_this
4VKiwmQJ4Lo.wav,17.86,0.0,30.0,beat_this
4VKiwmQJ4Lo.wav,18.3,0.0,30.0,beat_this
4VKiwmQJ4Lo.wav,18.76,0.0,30.0,beat_this
4VKiwmQJ4Lo.wav,19.22,0.0,30.0,beat_this
4VKiwmQJ4Lo.wav,19.68,0.0,30.0,beat_this
4VKiwmQJ4Lo.wav,20.12,0.0,30.0,beat_this
4VKiwmQJ4Lo.wav,20.58,0.0,30.0,beat_this
4VKiwmQJ4Lo.wav,21.04,0.0,30.0,beat_this
4VKiwmQJ4Lo.wav,21.5,0.0,30.0,beat_this
4VKiwmQJ4Lo.wav,21.94,0.0,30.0,beat_this
4VKiwmQJ4Lo.wav,22.4,0.0,30.0,beat_this
4VKiwmQJ4Lo.wav,22.84,0.0,30.0,beat_this
4VKiwmQJ4Lo.wav,23.3,0.0,30.0,beat_this
4VKiwmQJ4Lo.wav,23.76,0.0,30.0,beat_this
4VKiwmQJ4Lo.wav,24.22,0.0,30.0,beat_this
4VKiwmQJ4Lo.wav,24.66,0.0,30.0,beat_this
4VKiwmQJ4Lo.wav,25.12,0.0,30.0,beat_this
4VKiwmQJ4Lo.wav,25.58,0.0,30.0,beat_this
4VKiwmQJ4Lo.wav,26.04,0.0,30.0,beat_this
4VKiwmQJ4Lo.wav,26.48,0.0,30.0,beat_this
4VKiwmQJ4Lo.wav,26.94,0.0,30.0,beat_this
4VKiwmQJ4Lo.wav,27.4,0.0,30.0,beat_this
4VKiwmQJ4Lo.wav,27.84,0.0,30.0,beat_this
4VKiwmQJ4Lo.wav,28.32,0.0,30.0,beat_this
4VKiwmQJ4Lo.wav,28.76,0.0,30.0,beat_this
4VKiwmQJ4Lo.wav,29.22,0.0,30.0,beat_this
4VKiwmQJ4Lo.wav,29.68,0.0,30.0,beat_this
4XIvB4rPehs.wav,0.48,0.0,30.0,beat_this
4XIvB4rPehs.wav,1.1,0.0,30.0,beat_this
4XIvB4rPehs.wav,1.72,0.0,30.0,beat_this
4XIvB4rPehs.wav,2.32,0.0,30.0,beat_this
4XIvB4rPehs.wav,2.94,0.0,30.0,beat_this
4XIvB4rPehs.wav,3.54,0.0,30.0,beat_this
4XIvB4rPehs.wav,4.16,0.0,30.0,beat_this
4XIvB4rPehs.wav,4.78,0.0,30.0,beat_this
4XIvB4rPehs.wav,5.38,0.0,30.0,beat_this
4XIvB4rPehs.wav,5.98,0.0,30.0,beat_this
4XIvB4rPehs.wav,6.6,0.0,30.0,beat_this
4XIvB4rPehs.wav,7.22,0.0,30.0,beat_this
4XIvB4rPehs.wav,7.82,0.0,30.0,beat_this
4XIvB4rPehs.wav,8.44,0.0,30.0,beat_this
4XIvB4rPehs.wav,9.06,0.0,30.0,beat_this
4XIvB4rPehs.wav,9.66,0.0,30.0,beat_this
4XIvB4rPehs.wav,10.28,0.0,30.0,beat_this
4XIvB4rPehs.wav,10.88,0.0,30.0,beat_this
4XIvB4rPehs.wav,11.52,0.0,30.0,beat_this
4XIvB4rPehs.wav,12.12,0.0,30.0,beat_this
4XIvB4rPehs.wav,12.74,0.0,30.0,beat_this
4XIvB4rPehs.wav,13.34,0.0,30.0,beat_this
4XIvB4rPehs.wav,13.96,0.0,30.0,beat_this
4XIvB4rPehs.wav,14.56,0.0,30.0,beat_this
4XIvB4rPehs.wav,15.18,0.0,30.0,beat_this
4XIvB4rPehs.wav,15.8,0.0,30.0,beat_this
4XIvB4rPehs.wav,16.42,0.0,30.0,beat_this
4XIvB4rPehs.wav,17.02,0.0,30.0,beat_this
4XIvB4rPehs.wav,17.62,0.0,30.0,beat_this
4XIvB4rPehs.wav,18.24,0.0,30.0,beat_this
4XIvB4rPehs.wav,18.86,0.0,30.0,beat_this
4XIvB4rPehs.wav,19.46,0.0,30.0,beat_this
4XIvB4rPehs.wav,20.08,0.0,30.0,beat_this
4XIvB4rPehs.wav,20.68,0.0,30.0,beat_this
4XIvB4rPehs.wav,21.3,0.0,30.0,beat_this
4XIvB4rPehs.wav,21.92,0.0,30.0,beat_this
4XIvB4rPehs.wav,22.52,0.0,30.0,beat_this
4XIvB4rPehs.wav,23.14,0.0,30.0,beat_this
4XIvB4rPehs.wav,23.76,0.0,30.0,beat_this
4XIvB4rPehs.wav,24.36,0.0,30.0,beat_this
4XIvB4rPehs.wav,24.96,0.0,30.0,beat_this
4XIvB4rPehs.wav,25.58,0.0,30.0,beat_this
4XIvB4rPehs.wav,26.2,0.0,30.0,beat_this
4XIvB4rPehs.wav,26.82,0.0,30.0,beat_this
4XIvB4rPehs.wav,27.42,0.0,30.0,beat_this
4XIvB4rPehs.wav,28.04,0.0,30.0,beat_this
4XIvB4rPehs.wav,28.66,0.0,30.0,beat_this
4XIvB4rPehs.wav,29.26,0.0,30.0,beat_this
4XIvB4rPehs.wav,29.86,0.0,30.0,beat_this
4liY0E7XBTw.wav,0.18,0.0,30.0,beat_this
4liY0E7XBTw.wav,0.74,0.0,30.0,beat_this
4liY0E7XBTw.wav,1.28,0.0,30.0,beat_this
4liY0E7XBTw.wav,1.82,0.0,30.0,beat_this
4liY0E7XBTw.wav,2.38,0.0,30.0,beat_this
4liY0E7XBTw.wav,2.92,0.0,30.0,beat_this
4liY0E7XBTw.wav,3.46,0.0,30.0,beat_this
4liY0E7XBTw.wav,4.0,0.0,30.0,beat_this
4liY0E7XBTw.wav,4.54,0.0,30.0,beat_this
4liY0E7XBTw.wav,5.1,0.0,30.0,beat_this
4liY0E7XBTw.wav,5.64,0.0,30.0,beat_this
4liY0E7XBTw.wav,6.18,0.0,30.0,beat_this
4liY0E7XBTw.wav,6.72,0.0,30.0,beat_this
4liY0E7XBTw.wav,7.28,0.0,30.0,beat_this
4liY0E7XBTw.wav,7.82,0.0,30.0,beat_this
4liY0E7XBTw.wav,8.36,0.0,30.0,beat_this
4liY0E7XBTw.wav,8.9,0.0,30.0,beat_this
4liY0E7XBTw.wav,9.46,0.0,30.0,beat_this
4liY0E7XBTw.wav,10.0,0.0,30.0,beat_this
4liY0E7XBTw.wav,10.54,0.0,30.0,beat_this
4liY0E7XBTw.wav,11.08,0.0,30.0,beat_this
4liY0E7XBTw.wav,11.62,0.0,30.0,beat_this
4liY0E7XBTw.wav,12.18,0.0,30.0,beat_this
4liY0E7XBTw.wav,12.72,0.0,30.0,beat_this
4liY0E7XBTw.wav,13.28,0.0,30.0,beat_this
4liY0E7XBTw.wav,13.82,0.0,30.0,beat_this
4liY0E7XBTw.wav,14.36,0.0,30.0,beat_this
4liY0E7XBTw.wav,14.92,0.0,30.0,beat_this
4liY0E7XBTw.wav,15.46,0.0,30.0,beat_this
4liY0E7XBTw.wav,16.0,0.0,30.0,beat_this
4liY0E7XBTw.wav,16.54,0.0,30.0,beat_this
4liY0E7XBTw.wav,17.1,0.0,30.0,beat_this
4liY0E7XBTw.wav,17.64,0.0,30.0,beat_this
4liY0E7XBTw.wav,18.18,0.0,30.0,beat_this
4liY0E7XBTw.wav,18.72,0.0,30.0,beat_this
4liY0E7XBTw.wav,19.28,0.0,30.0,beat_this
4liY0E7XBTw.wav,19.82,0.0,30.0,beat_this
4liY0E7XBTw.wav,20.36,0.0,30.0,beat_this
4liY0E7XBTw.wav,20.92,0.0,30.0,beat_this
4liY0E7XBTw.wav,21.46,0.0,30.0,beat_this
4liY0E7XBTw.wav,22.0,0.0,30.0,beat_this
4liY0E7XBTw.wav,22.54,0.0,30.0,beat_this
4liY0E7XBTw.wav,23.08,0.0,30.0,beat_this
4liY0E7XBTw.wav,23.64,0.0,30.0,beat_this
4liY0E7XBTw.wav,24.18,0.0,30.0,beat_this
4liY0E7XBTw.wav,24.74,0.0,30.0,beat_this
4liY0E7XBTw.wav,25.28,0.0,30.0,beat_this
4liY0E7XBTw.wav,25.82,0.0,30.0,beat_this
4liY0E7XBTw.wav,26.36,0.0,30.0,beat_this
4liY0E7XBTw.wav,26.9,0.0,30.0,beat_this
4liY0E7XBTw.wav,27.44,0.0,30.0,beat_this
4liY0E7XBTw.wav,28.0,0.0,30.0,beat_this
4liY0E7XBTw.wav,28.54,0.0,30.0,beat_this
4liY0E7XBTw.wav,29.08,0.0,30.0,beat_this
4liY0E7XBTw.wav,29.62,0.0,30.0,beat_this
4nbBTmGOusA.wav,0.04,0.0,30.0,beat_this
4nbBTmGOusA.wav,0.9,0.0,30.0,beat_this
4nbBTmGOusA.wav,0.98,0.0,30.0,beat_this
4nbBTmGOusA.wav,1.84,0.0,30.0,beat_this
4nbBTmGOusA.wav,2.68,0.0,30.0,beat_this
4nbBTmGOusA.wav,3.56,0.0,30.0,beat_this
4nbBTmGOusA.wav,4.44,0.0,30.0,beat_this
4nbBTmGOusA.wav,5.32,0.0,30.0,beat_this
4nbBTmGOusA.wav,6.2,0.0,30.0,beat_this
4nbBTmGOusA.wav,7.1,0.0,30.0,beat_this
4nbBTmGOusA.wav,7.98,0.0,30.0,beat_this
4nbBTmGOusA.wav,8.86,0.0,30.0,beat_this
4nbBTmGOusA.wav,9.72,0.0,30.0,beat_this
4nbBTmGOusA.wav,10.62,0.0,30.0,beat_this
4nbBTmGOusA.wav,11.5,0.0,30.0,beat_this
4nbBTmGOusA.wav,12.38,0.0,30.0,beat_this
4nbBTmGOusA.wav,13.28,0.0,30.0,beat_this
4nbBTmGOusA.wav,14.16,0.0,30.0,beat_this
4nbBTmGOusA.wav,15.02,0.0,30.0,beat_this
4nbBTmGOusA.wav,15.92,0.0,30.0,beat_this
4nbBTmGOusA.wav,16.8,0.0,30.0,beat_this
4nbBTmGOusA.wav,17.68,0.0,30.0,beat_this
4nbBTmGOusA.wav,18.56,0.0,30.0,beat_this
4nbBTmGOusA.wav,19.44,0.0,30.0,beat_this
4nbBTmGOusA.wav,20.32,0.0,30.0,beat_this
4nbBTmGOusA.wav,21.22,0.0,30.0,beat_this
4nbBTmGOusA.wav,22.08,0.0,30.0,beat_this
4nbBTmGOusA.wav,22.98,0.0,30.0,beat_this
4nbBTmGOusA.wav,23.84,0.0,30.0,beat_this
4nbBTmGOusA.wav,24.74,0.0,30.0,beat_this
4nbBTmGOusA.wav,25.62,0.0,30.0,beat_this
4nbBTmGOusA.wav,26.5,0.0,30.0,beat_this
4nbBTmGOusA.wav,27.38,0.0,30.0,beat_this
4nbBTmGOusA.wav,28.28,0.0,30.0,beat_this
4nbBTmGOusA.wav,29.14,0.0,30.0,beat_this
55W2LxbQoHc.wav,0.04,0.0,30.0,beat_this
55W2LxbQoHc.wav,0.66,0.0,30.0,beat_this
55W2LxbQoHc.wav,1.26,0.0,30.0,beat_this
55W2LxbQoHc.wav,1.86,0.0,30.0,beat_this
55W2LxbQoHc.wav,2.46,0.0,30.0,beat_this
55W2LxbQoHc.wav,3.06,0.0,30.0,beat_this
55W2LxbQoHc.wav,3.66,0.0,30.0,beat_this
55W2LxbQoHc.wav,4.26,0.0,30.0,beat_this
55W2LxbQoHc.wav,4.86,0.0,30.0,beat_this
55W2LxbQoHc.wav,5.46,0.0,30.0,beat_this
55W2LxbQoHc.wav,6.06,0.0,30.0,beat_this
55W2LxbQoHc.wav,6.66,0.0,30.0,beat_this
55W2LxbQoHc.wav,7.26,0.0,30.0,beat_this
55W2LxbQoHc.wav,7.86,0.0,30.0,beat_this
55W2LxbQoHc.wav,8.46,0.0,30.0,beat_this
55W2LxbQoHc.wav,9.06,0.0,30.0,beat_this
55W2LxbQoHc.wav,9.36,0.0,30.0,beat_this
55W2LxbQoHc.wav,9.66,0.0,30.0,beat_this
55W2LxbQoHc.wav,9.96,0.0,30.0,beat_this
55W2LxbQoHc.wav,10.26,0.0,30.0,beat_this
55W2LxbQoHc.wav,10.86,0.0,30.0,beat_this
55W2LxbQoHc.wav,11.46,0.0,30.0,beat_this
55W2LxbQoHc.wav,12.06,0.0,30.0,beat_this
55W2LxbQoHc.wav,12.66,0.0,30.0,beat_this
55W2LxbQoHc.wav,13.26,0.0,30.0,beat_this
55W2LxbQoHc.wav,13.86,0.0,30.0,beat_this
55W2LxbQoHc.wav,14.46,0.0,30.0,beat_this
55W2LxbQoHc.wav,15.08,0.0,30.0,beat_this
55W2LxbQoHc.wav,15.66,0.0,30.0,beat_this
55W2LxbQoHc.wav,16.26,0.0,30.0,beat_this
55W2LxbQoHc.wav,16.86,0.0,30.0,beat_this
55W2LxbQoHc.wav,17.46,0.0,30.0,beat_this
55W2LxbQoHc.wav,18.06,0.0,30.0,beat_this
55W2LxbQoHc.wav,18.66,0.0,30.0,beat_this
55W2LxbQoHc.wav,19.26,0.0,30.0,beat_this
55W2LxbQoHc.wav,19.86,0.0,30.0,beat_this
55W2LxbQoHc.wav,20.46,0.0,30.0,beat_this
55W2LxbQoHc.wav,21.06,0.0,30.0,beat_this
55W2LxbQoHc.wav,21.66,0.0,30.0,beat_this
55W2LxbQoHc.wav,22.12,0.0,30.0,beat_this
55W2LxbQoHc.wav,22.24,0.0,30.0,beat_this
55W2LxbQoHc.wav,22.72,0.0,30.0,beat_this
55W2LxbQoHc.wav,22.86,0.0,30.0,beat_this
55W2LxbQoHc.wav,23.32,0.0,30.0,beat_this
55W2LxbQoHc.wav,23.46,0.0,30.0,beat_this
55W2LxbQoHc.wav,24.06,0.0,30.0,beat_this
55W2LxbQoHc.wav,24.52,0.0,30.0,beat_this
55W2LxbQoHc.wav,24.64,0.0,30.0,beat_this
55W2LxbQoHc.wav,25.24,0.0,30.0,beat_this
55W2LxbQoHc.wav,25.84,0.0,30.0,beat_this
55W2LxbQoHc.wav,26.34,0.0,30.0,beat_this
55W2LxbQoHc.wav,26.44,0.0,30.0,beat_this
55W2LxbQoHc.wav,26.94,0.0,30.0,beat_this
55W2LxbQoHc.wav,27.06,0.0,30.0,beat_this
55W2LxbQoHc.wav,27.66,0.0,30.0,beat_this
55W2LxbQoHc.wav,28.26,0.0,30.0,beat_this
55W2LxbQoHc.wav,28.86,0.0,30.0,beat_this
55W2LxbQoHc.wav,29.46,0.0,30.0,beat_this
55W2LxbQoHc.wav,30.0,0.0,30.0,beat_this
5Fj-VIslrFc.wav,0.0,0.0,30.0,beat_this
5Fj-VIslrFc.wav,0.44,0.0,30.0,beat_this
5Fj-VIslrFc.wav,1.92,0.0,30.0,beat_this
5Fj-VIslrFc.wav,2.94,0.0,30.0,beat_this
5Fj-VIslrFc.wav,3.96,0.0,30.0,beat_this
5Fj-VIslrFc.wav,4.94,0.0,30.0,beat_this
5Fj-VIslrFc.wav,5.94,0.0,30.0,beat_this
5Fj-VIslrFc.wav,6.94,0.0,30.0,beat_this
5Fj-VIslrFc.wav,7.94,0.0,30.0,beat_this
5Fj-VIslrFc.wav,8.94,0.0,30.0,beat_this
5Fj-VIslrFc.wav,9.94,0.0,30.0,beat_this
5Fj-VIslrFc.wav,10.94,0.0,30.0,beat_this
5Fj-VIslrFc.wav,11.94,0.0,30.0,beat_this
5Fj-VIslrFc.wav,12.94,0.0,30.0,beat_this
5Fj-VIslrFc.wav,13.94,0.0,30.0,beat_this
5Fj-VIslrFc.wav,14.94,0.0,30.0,beat_this
5Fj-VIslrFc.wav,15.94,0.0,30.0,beat_this
5Fj-VIslrFc.wav,16.94,0.0,30.0,beat_this
5Fj-VIslrFc.wav,17.44,0.0,30.0,beat_this
5Fj-VIslrFc.wav,17.92,0.0,30.0,beat_this
5Fj-VIslrFc.wav,18.96,0.0,30.0,beat_this
5Fj-VIslrFc.wav,20.58,0.0,30.0,beat_this
5Fj-VIslrFc.wav,22.08,0.0,30.0,beat_this
5Fj-VIslrFc.wav,22.58,0.0,30.0,beat_this
5Fj-VIslrFc.wav,23.1,0.0,30.0,beat_this
5Fj-VIslrFc.wav,23.56,0.0,30.0,beat_this
5Fj-VIslrFc.wav,25.04,0.0,30.0,beat_this
5Fj-VIslrFc.wav,26.08,0.0,30.0,beat_this
5Fj-VIslrFc.wav,27.08,0.0,30.0,beat_this
5Fj-VIslrFc.wav,28.08,0.0,30.0,beat_this
5Fj-VIslrFc.wav,29.08,0.0,30.0,beat_this
5bF0V6bAwjc.wav,0.24,0.0,30.0,beat_this
5bF0V6bAwjc.wav,0.96,0.0,30.0,beat_this
5bF0V6bAwjc.wav,1.68,0.0,30.0,beat_this
5bF0V6bAwjc.wav,2.42,0.0,30.0,beat_this
5bF0V6bAwjc.wav,3.1,0.0,30.0,beat_this
5bF0V6bAwjc.wav,3.82,0.0,30.0,beat_this
5bF0V6bAwjc.wav,4.52,0.0,30.0,beat_this
5bF0V6bAwjc.wav,5.26,0.0,30.0,beat_this
5bF0V6bAwjc.wav,5.96,0.0,30.0,beat_this
5bF0V6bAwjc.wav,6.68,0.0,30.0,beat_this
5bF0V6bAwjc.wav,7.38,0.0,30.0,beat_this
5bF0V6bAwjc.wav,8.1,0.0,30.0,beat_this
5bF0V6bAwjc.wav,8.8,0.0,30.0,beat_this
5bF0V6bAwjc.wav,9.52,0.0,30.0,beat_this
5bF0V6bAwjc.wav,10.24,0.0,30.0,beat_this
5bF0V6bAwjc.wav,10.96,0.0,30.0,beat_this
5bF0V6bAwjc.wav,11.66,0.0,30.0,beat_this
5bF0V6bAwjc.wav,12.38,0.0,30.0,beat_this
5bF0V6bAwjc.wav,13.1,0.0,30.0,beat_this
5bF0V6bAwjc.wav,13.82,0.0,30.0,beat_this
5bF0V6bAwjc.wav,14.54,0.0,30.0,beat_this
5bF0V6bAwjc.wav,15.26,0.0,30.0,beat_this
5bF0V6bAwjc.wav,15.96,0.0,30.0,beat_this
5bF0V6bAwjc.wav,16.68,0.0,30.0,beat_this
5bF0V6bAwjc.wav,17.38,0.0,30.0,beat_this
5bF0V6bAwjc.wav,18.1,0.0,30.0,beat_this
5bF0V6bAwjc.wav,18.8,0.0,30.0,beat_this
5bF0V6bAwjc.wav,19.52,0.0,30.0,beat_this
5bF0V6bAwjc.wav,20.24,0.0,30.0,beat_this
5bF0V6bAwjc.wav,20.96,0.0,30.0,beat_this
5bF0V6bAwjc.wav,21.66,0.0,30.0,beat_this
5bF0V6bAwjc.wav,22.38,0.0,30.0,beat_this
5bF0V6bAwjc.wav,23.1,0.0,30.0,beat_this
5bF0V6bAwjc.wav,23.82,0.0,30.0,beat_this
5bF0V6bAwjc.wav,24.54,0.0,30.0,beat_this
5bF0V6bAwjc.wav,25.24,0.0,30.0,beat_this
5bF0V6bAwjc.wav,25.96,0.0,30.0,beat_this
5bF0V6bAwjc.wav,26.68,0.0,30.0,beat_this
5bF0V6bAwjc.wav,27.4,0.0,30.0,beat_this
5bF0V6bAwjc.wav,28.12,0.0,30.0,beat_this
5bF0V6bAwjc.wav,28.82,0.0,30.0,beat_this
5bF0V6bAwjc.wav,29.52,0.0,30.0,beat_this
5sIaUu2igUY.wav,0.5,0.0,30.0,beat_this
5sIaUu2igUY.wav,1.14,0.0,30.0,beat_this
5sIaUu2igUY.wav,1.78,0.0,30.0,beat_this
5sIaUu2igUY.wav,2.4,0.0,30.0,beat_this
5sIaUu2igUY.wav,3.04,0.0,30.0,beat_this
5sIaUu2igUY.wav,3.68,0.0,30.0,beat_this
5sIaUu2igUY.wav,4.3,0.0,30.0,beat_this
5sIaUu2igUY.wav,4.94,0.0,30.0,beat_this
5sIaUu2igUY.wav,5.56,0.0,30.0,beat_this
5sIaUu2igUY.wav,6.2,0.0,30.0,beat_this
5sIaUu2igUY.wav,6.84,0.0,30.0,beat_this
5sIaUu2igUY.wav,7.46,0.0,30.0,beat_this
5sIaUu2igUY.wav,8.08,0.0,30.0,beat_this
5sIaUu2igUY.wav,8.72,0.0,30.0,beat_this
5sIaUu2igUY.wav,9.36,0.0,30.0,beat_this
5sIaUu2igUY.wav,9.98,0.0,30.0,beat_this
5sIaUu2igUY.wav,10.62,0.0,30.0,beat_this
5sIaUu2igUY.wav,11.24,0.0,30.0,beat_this
5sIaUu2igUY.wav,11.88,0.0,30.0,beat_this
5sIaUu2igUY.wav,12.52,0.0,30.0,beat_this
5sIaUu2igUY.wav,13.14,0.0,30.0,beat_this
5sIaUu2igUY.wav,13.78,0.0,30.0,beat_this
5sIaUu2igUY.wav,14.42,0.0,30.0,beat_this
5sIaUu2igUY.wav,15.04,0.0,30.0,beat_this
5sIaUu2igUY.wav,15.66,0.0,30.0,beat_this
5sIaUu2igUY.wav,16.3,0.0,30.0,beat_this
5sIaUu2igUY.wav,16.94,0.0,30.0,beat_this
5sIaUu2igUY.wav,17.56,0.0,30.0,beat_this
5sIaUu2igUY.wav,18.18,0.0,30.0,beat_this
5sIaUu2igUY.wav,18.82,0.0,30.0,beat_this
5sIaUu2igUY.wav,19.46,0.0,30.0,beat_this
5sIaUu2igUY.wav,20.08,0.0,30.0,beat_this
5sIaUu2igUY.wav,20.72,0.0,30.0,beat_this
5sIaUu2igUY.wav,21.34,0.0,30.0,beat_this
5sIaUu2igUY.wav,21.98,0.0,30.0,beat_this
5sIaUu2igUY.wav,22.6,0.0,30.0,beat_this
5sIaUu2igUY.wav,23.24,0.0,30.0,beat_this
5sIaUu2igUY.wav,23.88,0.0,30.0,beat_this
5sIaUu2igUY.wav,24.52,0.0,30.0,beat_this
5sIaUu2igUY.wav,25.14,0.0,30.0,beat_this
5sIaUu2igUY.wav,25.76,0.0,30.0,beat_this
5sIaUu2igUY.wav,26.4,0.0,30.0,beat_this
5sIaUu2igUY.wav,27.04,0.0,30.0,beat_this
5sIaUu2igUY.wav,27.66,0.0,30.0,beat_this
5sIaUu2igUY.wav,28.3,0.0,30.0,beat_this
5sIaUu2igUY.wav,28.94,0.0,30.0,beat_this
5sIaUu2igUY.wav,29.56,0.0,30.0,beat_this
6FQLjcGmOaU.wav,0.1,0.0,30.0,beat_this
6FQLjcGmOaU.wav,0.38,0.0,30.0,beat_this
6FQLjcGmOaU.wav,0.66,0.0,30.0,beat_this
6FQLjcGmOaU.wav,0.96,0.0,30.0,beat_this
6FQLjcGmOaU.wav,1.26,0.0,30.0,beat_this
6FQLjcGmOaU.wav,1.56,0.0,30.0,beat_this
6FQLjcGmOaU.wav,1.86,0.0,30.0,beat_this
6FQLjcGmOaU.wav,2.14,0.0,30.0,beat_this
6FQLjcGmOaU.wav,2.44,0.0,30.0,beat_this
6FQLjcGmOaU.wav,2.72,0.0,30.0,beat_this
6FQLjcGmOaU.wav,3.0,0.0,30.0,beat_this
6FQLjcGmOaU.wav,3.3,0.0,30.0,beat_this
6FQLjcGmOaU.wav,3.62,0.0,30.0,beat_this
6FQLjcGmOaU.wav,3.9,0.0,30.0,beat_this
6FQLjcGmOaU.wav,4.2,0.0,30.0,beat_this
6FQLjcGmOaU.wav,4.5,0.0,30.0,beat_this
6FQLjcGmOaU.wav,4.78,0.0,30.0,beat_this
6FQLjcGmOaU.wav,5.08,0.0,30.0,beat_this
6FQLjcGmOaU.wav,5.36,0.0,30.0,beat_this
6FQLjcGmOaU.wav,5.66,0.0,30.0,beat_this
6FQLjcGmOaU.wav,5.96,0.0,30.0,beat_this
6FQLjcGmOaU.wav,6.26,0.0,30.0,beat_this
6FQLjcGmOaU.wav,6.56,0.0,30.0,beat_this
6FQLjcGmOaU.wav,6.86,0.0,30.0,beat_this
6FQLjcGmOaU.wav,7.16,0.0,30.0,beat_this
6FQLjcGmOaU.wav,7.44,0.0,30.0,beat_this
6FQLjcGmOaU.wav,7.74,0.0,30.0,beat_this
6FQLjcGmOaU.wav,8.02,0.0,30.0,beat_this
6FQLjcGmOaU.wav,8.32,0.0,30.0,beat_this
6FQLjcGmOaU.wav,8.62,0.0,30.0,beat_this
6FQLjcGmOaU.wav,8.92,0.0,30.0,beat_this
6FQLjcGmOaU.wav,9.2,0.0,30.0,beat_this
6FQLjcGmOaU.wav,9.5,0.0,30.0,beat_this
6FQLjcGmOaU.wav,9.8,0.0,30.0,beat_this
6FQLjcGmOaU.wav,10.1,0.0,30.0,beat_this
6FQLjcGmOaU.wav,10.38,0.0,30.0,beat_this
6FQLjcGmOaU.wav,10.68,0.0,30.0,beat_this
6FQLjcGmOaU.wav,10.98,0.0,30.0,beat_this
6FQLjcGmOaU.wav,11.26,0.0,30.0,beat_this
6FQLjcGmOaU.wav,11.54,0.0,30.0,beat_this
6FQLjcGmOaU.wav,11.82,0.0,30.0,beat_this
6FQLjcGmOaU.wav,12.12,0.0,30.0,beat_this
6FQLjcGmOaU.wav,12.42,0.0,30.0,beat_this
6FQLjcGmOaU.wav,12.72,0.0,30.0,beat_this
6FQLjcGmOaU.wav,13.02,0.0,30.0,beat_this
6FQLjcGmOaU.wav,13.32,0.0,30.0,beat_this
6FQLjcGmOaU.wav,13.6,0.0,30.0,beat_this
6FQLjcGmOaU.wav,13.9,0.0,30.0,beat_this
6FQLjcGmOaU.wav,14.2,0.0,30.0,beat_this
6FQLjcGmOaU.wav,14.48,0.0,30.0,beat_this
6FQLjcGmOaU.wav,14.78,0.0,30.0,beat_this
6FQLjcGmOaU.wav,15.08,0.0,30.0,beat_this
6FQLjcGmOaU.wav,15.36,0.0,30.0,beat_this
6FQLjcGmOaU.wav,15.66,0.0,30.0,beat_this
6FQLjcGmOaU.wav,15.96,0.0,30.0,beat_this
6FQLjcGmOaU.wav,16.26,0.0,30.0,beat_this
6FQLjcGmOaU.wav,16.56,0.0,30.0,beat_this
6FQLjcGmOaU.wav,16.86,0.0,30.0,beat_this
6FQLjcGmOaU.wav,17.14,0.0,30.0,beat_this
6FQLjcGmOaU.wav,17.44,0.0,30.0,beat_this
6FQLjcGmOaU.wav,17.74,0.0,30.0,beat_this
6FQLjcGmOaU.wav,18.02,0.0,30.0,beat_this
6FQLjcGmOaU.wav,18.32,0.0,30.0,beat_this
6FQLjcGmOaU.wav,18.62,0.0,30.0,beat_this
6FQLjcGmOaU.wav,18.9,0.0,30.0,beat_this
6FQLjcGmOaU.wav,19.2,0.0,30.0,beat_this
6FQLjcGmOaU.wav,19.5,0.0,30.0,beat_this
6FQLjcGmOaU.wav,19.8,0.0,30.0,beat_this
6FQLjcGmOaU.wav,20.08,0.0,30.0,beat_this
6FQLjcGmOaU.wav,20.38,0.0,30.0,beat_this
6FQLjcGmOaU.wav,20.66,0.0,30.0,beat_this
6FQLjcGmOaU.wav,20.96,0.0,30.0,beat_this
6FQLjcGmOaU.wav,21.26,0.0,30.0,beat_this
6FQLjcGmOaU.wav,21.56,0.0,30.0,beat_this
6FQLjcGmOaU.wav,21.86,0.0,30.0,beat_this
6FQLjcGmOaU.wav,22.16,0.0,30.0,beat_this
6FQLjcGmOaU.wav,22.44,0.0,30.0,beat_this
6FQLjcGmOaU.wav,22.74,0.0,30.0,beat_this
6FQLjcGmOaU.wav,23.02,0.0,30.0,beat_this
6FQLjcGmOaU.wav,23.32,0.0,30.0,beat_this
6FQLjcGmOaU.wav,23.62,0.0,30.0,beat_this
6FQLjcGmOaU.wav,23.92,0.0,30.0,beat_this
6FQLjcGmOaU.wav,24.22,0.0,30.0,beat_this
6FQLjcGmOaU.wav,24.5,0.0,30.0,beat_this
6FQLjcGmOaU.wav,24.8,0.0,30.0,beat_this
6FQLjcGmOaU.wav,25.08,0.0,30.0,beat_this
6FQLjcGmOaU.wav,25.38,0.0,30.0,beat_this
6FQLjcGmOaU.wav,25.68,0.0,30.0,beat_this
6FQLjcGmOaU.wav,25.98,0.0,30.0,beat_this
6FQLjcGmOaU.wav,26.24,0.0,30.0,beat_this
6FQLjcGmOaU.wav,26.56,0.0,30.0,beat_this
6FQLjcGmOaU.wav,26.84,0.0,30.0,beat_this
6FQLjcGmOaU.wav,27.12,0.0,30.0,beat_this
6FQLjcGmOaU.wav,27.42,0.0,30.0,beat_this
6FQLjcGmOaU.wav,27.72,0.0,30.0,beat_this
6FQLjcGmOaU.wav,28.02,0.0,30.0,beat_this
6FQLjcGmOaU.wav,28.3,0.0,30.0,beat_this
6FQLjcGmOaU.wav,28.6,0.0,30.0,beat_this
6FQLjcGmOaU.wav,28.88,0.0,30.0,beat_this
6FQLjcGmOaU.wav,29.18,0.0,30.0,beat_this
6FQLjcGmOaU.wav,29.46,0.0,30.0,beat_this
6FQLjcGmOaU.wav,29.78,0.0,30.0,beat_this
6Rqy3BpSr_U.wav,0.44,0.0,30.0,beat_this
6Rqy3BpSr_U.wav,1.02,0.0,30.0,beat_this
6Rqy3BpSr_U.wav,1.58,0.0,30.0,beat_this
6Rqy3BpSr_U.wav,2.14,0.0,30.0,beat_this
6Rqy3BpSr_U.wav,2.7,0.0,30.0,beat_this
6Rqy3BpSr_U.wav,3.26,0.0,30.0,beat_this
6Rqy3BpSr_U.wav,3.82,0.0,30.0,beat_this
6Rqy3BpSr_U.wav,4.38,0.0,30.0,beat_this
6Rqy3BpSr_U.wav,4.94,0.0,30.0,beat_this
6Rqy3BpSr_U.wav,5.5,0.0,30.0,beat_this
6Rqy3BpSr_U.wav,6.06,0.0,30.0,beat_this
6Rqy3BpSr_U.wav,6.62,0.0,30.0,beat_this
6Rqy3BpSr_U.wav,7.18,0.0,30.0,beat_this
6Rqy3BpSr_U.wav,7.74,0.0,30.0,beat_this
6Rqy3BpSr_U.wav,8.3,0.0,30.0,beat_this
6Rqy3BpSr_U.wav,8.86,0.0,30.0,beat_this
6Rqy3BpSr_U.wav,9.42,0.0,30.0,beat_this
6Rqy3BpSr_U.wav,9.98,0.0,30.0,beat_this
6Rqy3BpSr_U.wav,10.56,0.0,30.0,beat_this
6Rqy3BpSr_U.wav,11.1,0.0,30.0,beat_this
6Rqy3BpSr_U.wav,11.68,0.0,30.0,beat_this
6Rqy3BpSr_U.wav,12.22,0.0,30.0,beat_this
6Rqy3BpSr_U.wav,12.8,0.0,30.0,beat_this
6Rqy3BpSr_U.wav,13.36,0.0,30.0,beat_this
6Rqy3BpSr_U.wav,13.92,0.0,30.0,beat_this
6Rqy3BpSr_U.wav,14.46,0.0,30.0,beat_this
6Rqy3BpSr_U.wav,15.04,0.0,30.0,beat_this
6Rqy3BpSr_U.wav,15.6,0.0,30.0,beat_this
6Rqy3BpSr_U.wav,16.16,0.0,30.0,beat_this
6Rqy3BpSr_U.wav,16.72,0.0,30.0,beat_this
6Rqy3BpSr_U.wav,17.28,0.0,30.0,beat_this
6Rqy3BpSr_U.wav,17.84,0.0,30.0,beat_this
6Rqy3BpSr_U.wav,18.4,0.0,30.0,beat_this
6Rqy3BpSr_U.wav,18.96,0.0,30.0,beat_this
6Rqy3BpSr_U.wav,19.52,0.0,30.0,beat_this
6Rqy3BpSr_U.wav,20.08,0.0,30.0,beat_this
6Rqy3BpSr_U.wav,20.64,0.0,30.0,beat_this
6Rqy3BpSr_U.wav,21.2,0.0,30.0,beat_this
6Rqy3BpSr_U.wav,21.76,0.0,30.0,beat_this
6Rqy3BpSr_U.wav,22.32,0.0,30.0,beat_this
6Rqy3BpSr_U.wav,22.88,0.0,30.0,beat_this
6Rqy3BpSr_U.wav,23.44,0.0,30.0,beat_this
6Rqy3BpSr_U.wav,24.0,0.0,30.0,beat_this
6Rqy3BpSr_U.wav,24.56,0.0,30.0,beat_this
6Rqy3BpSr_U.wav,25.12,0.0,30.0,beat_this
6Rqy3BpSr_U.wav,25.68,0.0,30.0,beat_this
6Rqy3BpSr_U.wav,26.24,0.0,30.0,beat_this
6Rqy3BpSr_U.wav,26.82,0.0,30.0,beat_this
6Rqy3BpSr_U.wav,27.36,0.0,30.0,beat_this
6Rqy3BpSr_U.wav,27.94,0.0,30.0,beat_this
6Rqy3BpSr_U.wav,28.5,0.0,30.0,beat_this
6Rqy3BpSr_U.wav,29.06,0.0,30.0,beat_this
6Rqy3BpSr_U.wav,29.62,0.0,30.0,beat_this
6c8RiGGHEYY.wav,0.02,0.0,30.0,beat_this
6c8RiGGHEYY.wav,0.54,0.0,30.0,beat_this
6c8RiGGHEYY.wav,1.04,0.0,30.0,beat_this
6c8RiGGHEYY.wav,2.06,0.0,30.0,beat_this
6c8RiGGHEYY.wav,2.58,0.0,30.0,beat_this
6c8RiGGHEYY.wav,3.08,0.0,30.0,beat_this
6c8RiGGHEYY.wav,3.6,0.0,30.0,beat_this
6c8RiGGHEYY.wav,4.12,0.0,30.0,beat_this
6c8RiGGHEYY.wav,4.62,0.0,30.0,beat_this
6c8RiGGHEYY.wav,5.12,0.0,30.0,beat_this
6c8RiGGHEYY.wav,5.64,0.0,30.0,beat_this
6c8RiGGHEYY.wav,6.14,0.0,30.0,beat_this
6c8RiGGHEYY.wav,6.64,0.0,30.0,beat_this
6c8RiGGHEYY.wav,7.14,0.0,30.0,beat_this
6c8RiGGHEYY.wav,7.66,0.0,30.0,beat_this
6c8RiGGHEYY.wav,8.18,0.0,30.0,beat_this
6c8RiGGHEYY.wav,8.68,0.0,30.0,beat_this
6c8RiGGHEYY.wav,9.2,0.0,30.0,beat_this
6c8RiGGHEYY.wav,9.7,0.0,30.0,beat_this
6c8RiGGHEYY.wav,10.2,0.0,30.0,beat_this
6c8RiGGHEYY.wav,10.72,0.0,30.0,beat_this
6c8RiGGHEYY.wav,11.22,0.0,30.0,beat_this
6c8RiGGHEYY.wav,11.74,0.0,30.0,beat_this
6c8RiGGHEYY.wav,12.24,0.0,30.0,beat_this
6c8RiGGHEYY.wav,12.76,0.0,30.0,beat_this
6c8RiGGHEYY.wav,13.26,0.0,30.0,beat_this
6c8RiGGHEYY.wav,14.28,0.0,30.0,beat_this
6c8RiGGHEYY.wav,14.78,0.0,30.0,beat_this
6c8RiGGHEYY.wav,15.3,0.0,30.0,beat_this
6c8RiGGHEYY.wav,16.32,0.0,30.0,beat_this
6c8RiGGHEYY.wav,16.82,0.0,30.0,beat_this
6c8RiGGHEYY.wav,17.34,0.0,30.0,beat_this
6c8RiGGHEYY.wav,18.36,0.0,30.0,beat_this
6c8RiGGHEYY.wav,18.86,0.0,30.0,beat_this
6c8RiGGHEYY.wav,19.36,0.0,30.0,beat_this
6c8RiGGHEYY.wav,19.88,0.0,30.0,beat_this
6c8RiGGHEYY.wav,20.38,0.0,30.0,beat_this
6c8RiGGHEYY.wav,20.9,0.0,30.0,beat_this
6c8RiGGHEYY.wav,21.4,0.0,30.0,beat_this
6c8RiGGHEYY.wav,22.42,0.0,30.0,beat_this
6c8RiGGHEYY.wav,22.92,0.0,30.0,beat_this
6c8RiGGHEYY.wav,23.44,0.0,30.0,beat_this
6c8RiGGHEYY.wav,24.46,0.0,30.0,beat_this
6c8RiGGHEYY.wav,25.46,0.0,30.0,beat_this
6c8RiGGHEYY.wav,25.96,0.0,30.0,beat_this
6c8RiGGHEYY.wav,26.48,0.0,30.0,beat_this
6c8RiGGHEYY.wav,26.98,0.0,30.0,beat_this
6c8RiGGHEYY.wav,27.48,0.0,30.0,beat_this
6c8RiGGHEYY.wav,28.0,0.0,30.0,beat_this
6c8RiGGHEYY.wav,28.5,0.0,30.0,beat_this
6c8RiGGHEYY.wav,29.52,0.0,30.0,beat_this
6gPAjNCyHB8.wav,0.06,0.0,30.0,beat_this
6gPAjNCyHB8.wav,0.16,0.0,30.0,beat_this
6gPAjNCyHB8.wav,0.24,0.0,30.0,beat_this
6gPAjNCyHB8.wav,0.48,0.0,30.0,beat_this
6gPAjNCyHB8.wav,0.6,0.0,30.0,beat_this
6gPAjNCyHB8.wav,0.68,0.0,30.0,beat_this
6gPAjNCyHB8.wav,0.9,0.0,30.0,beat_this
6gPAjNCyHB8.wav,1.02,0.0,30.0,beat_this
6gPAjNCyHB8.wav,1.12,0.0,30.0,beat_this
6gPAjNCyHB8.wav,1.24,0.0,30.0,beat_this
6gPAjNCyHB8.wav,1.32,0.0,30.0,beat_this
6gPAjNCyHB8.wav,1.5,0.0,30.0,beat_this
6gPAjNCyHB8.wav,1.68,0.0,30.0,beat_this
6gPAjNCyHB8.wav,1.78,0.0,30.0,beat_this
6gPAjNCyHB8.wav,1.92,0.0,30.0,beat_this
6gPAjNCyHB8.wav,2.2,0.0,30.0,beat_this
6gPAjNCyHB8.wav,2.36,0.0,30.0,beat_this
6gPAjNCyHB8.wav,2.62,0.0,30.0,beat_this
6gPAjNCyHB8.wav,2.76,0.0,30.0,beat_this
6gPAjNCyHB8.wav,2.84,0.0,30.0,beat_this
6gPAjNCyHB8.wav,3.02,0.0,30.0,beat_this
6gPAjNCyHB8.wav,3.2,0.0,30.0,beat_this
6gPAjNCyHB8.wav,3.3,0.0,30.0,beat_this
6gPAjNCyHB8.wav,3.42,0.0,30.0,beat_this
6gPAjNCyHB8.wav,3.6,0.0,30.0,beat_this
6gPAjNCyHB8.wav,3.82,0.0,30.0,beat_this
6gPAjNCyHB8.wav,3.9,0.0,30.0,beat_this
6gPAjNCyHB8.wav,4.1,0.0,30.0,beat_this
6gPAjNCyHB8.wav,4.32,0.0,30.0,beat_this
6gPAjNCyHB8.wav,4.5,0.0,30.0,beat_this
6gPAjNCyHB8.wav,4.74,0.0,30.0,beat_this
6gPAjNCyHB8.wav,4.98,0.0,30.0,beat_this
6gPAjNCyHB8.wav,5.12,0.0,30.0,beat_this
6gPAjNCyHB8.wav,5.22,0.0,30.0,beat_this
6gPAjNCyHB8.wav,5.4,0.0,30.0,beat_this
6gPAjNCyHB8.wav,5.64,0.0,30.0,beat_this
6gPAjNCyHB8.wav,5.84,0.0,30.0,beat_this
6gPAjNCyHB8.wav,5.98,0.0,30.0,beat_this
6gPAjNCyHB8.wav,6.1,0.0,30.0,beat_this
6gPAjNCyHB8.wav,6.28,0.0,30.0,beat_this
6gPAjNCyHB8.wav,6.52,0.0,30.0,beat_this
6gPAjNCyHB8.wav,6.7,0.0,30.0,beat_this
6gPAjNCyHB8.wav,6.86,0.0,30.0,beat_this
6gPAjNCyHB8.wav,6.96,0.0,30.0,beat_this
6gPAjNCyHB8.wav,7.16,0.0,30.0,beat_this
6gPAjNCyHB8.wav,7.36,0.0,30.0,beat_this
6gPAjNCyHB8.wav,7.6,0.0,30.0,beat_this
6gPAjNCyHB8.wav,7.72,0.0,30.0,beat_this
6gPAjNCyHB8.wav,7.82,0.0,30.0,beat_this
6gPAjNCyHB8.wav,7.94,0.0,30.0,beat_this
6gPAjNCyHB8.wav,8.04,0.0,30.0,beat_this
6gPAjNCyHB8.wav,8.18,0.0,30.0,beat_this
6gPAjNCyHB8.wav,8.26,0.0,30.0,beat_this
6gPAjNCyHB8.wav,8.48,0.0,30.0,beat_this
6gPAjNCyHB8.wav,8.7,0.0,30.0,beat_this
6gPAjNCyHB8.wav,8.82,0.0,30.0,beat_this
6gPAjNCyHB8.wav,9.06,0.0,30.0,beat_this
6gPAjNCyHB8.wav,9.16,0.0,30.0,beat_this
6gPAjNCyHB8.wav,9.28,0.0,30.0,beat_this
6gPAjNCyHB8.wav,9.5,0.0,30.0,beat_this
6gPAjNCyHB8.wav,9.68,0.0,30.0,beat_this
6gPAjNCyHB8.wav,9.78,0.0,30.0,beat_this
6gPAjNCyHB8.wav,9.9,0.0,30.0,beat_this
6gPAjNCyHB8.wav,10.0,0.0,30.0,beat_this
6gPAjNCyHB8.wav,10.18,0.0,30.0,beat_this
6gPAjNCyHB8.wav,10.34,0.0,30.0,beat_this
6gPAjNCyHB8.wav,10.42,0.0,30.0,beat_this
6gPAjNCyHB8.wav,10.56,0.0,30.0,beat_this
6gPAjNCyHB8.wav,10.78,0.0,30.0,beat_this
6gPAjNCyHB8.wav,10.88,0.0,30.0,beat_this
6gPAjNCyHB8.wav,10.98,0.0,30.0,beat_this
6gPAjNCyHB8.wav,11.28,0.0,30.0,beat_this
6gPAjNCyHB8.wav,11.46,0.0,30.0,beat_this
6gPAjNCyHB8.wav,11.68,0.0,30.0,beat_this
6gPAjNCyHB8.wav,11.9,0.0,30.0,beat_this
6gPAjNCyHB8.wav,12.04,0.0,30.0,beat_this
6gPAjNCyHB8.wav,12.14,0.0,30.0,beat_this
6gPAjNCyHB8.wav,12.34,0.0,30.0,beat_this
6gPAjNCyHB8.wav,12.56,0.0,30.0,beat_this
6gPAjNCyHB8.wav,12.78,0.0,30.0,beat_this
6gPAjNCyHB8.wav,12.98,0.0,30.0,beat_this
6gPAjNCyHB8.wav,13.2,0.0,30.0,beat_this
6gPAjNCyHB8.wav,13.44,0.0,30.0,beat_this
6gPAjNCyHB8.wav,13.58,0.0,30.0,beat_this
6gPAjNCyHB8.wav,13.68,0.0,30.0,beat_this
6gPAjNCyHB8.wav,13.8,0.0,30.0,beat_this
6gPAjNCyHB8.wav,14.1,0.0,30.0,beat_this
6gPAjNCyHB8.wav,14.24,0.0,30.0,beat_this
6gPAjNCyHB8.wav,14.32,0.0,30.0,beat_this
6gPAjNCyHB8.wav,14.46,0.0,30.0,beat_this
6gPAjNCyHB8.wav,14.76,0.0,30.0,beat_this
6gPAjNCyHB8.wav,14.94,0.0,30.0,beat_this
6gPAjNCyHB8.wav,15.1,0.0,30.0,beat_this
6gPAjNCyHB8.wav,15.2,0.0,30.0,beat_this
6gPAjNCyHB8.wav,15.3,0.0,30.0,beat_this
6gPAjNCyHB8.wav,15.52,0.0,30.0,beat_this
6gPAjNCyHB8.wav,15.62,0.0,30.0,beat_this
6gPAjNCyHB8.wav,15.74,0.0,30.0,beat_this
6gPAjNCyHB8.wav,15.94,0.0,30.0,beat_this
6gPAjNCyHB8.wav,16.04,0.0,30.0,beat_this
6gPAjNCyHB8.wav,16.22,0.0,30.0,beat_this
6gPAjNCyHB8.wav,16.38,0.0,30.0,beat_this
6gPAjNCyHB8.wav,16.48,0.0,30.0,beat_this
6gPAjNCyHB8.wav,16.6,0.0,30.0,beat_this
6gPAjNCyHB8.wav,16.7,0.0,30.0,beat_this
6gPAjNCyHB8.wav,16.8,0.0,30.0,beat_this
6gPAjNCyHB8.wav,16.92,0.0,30.0,beat_this
6gPAjNCyHB8.wav,17.1,0.0,30.0,beat_this
6gPAjNCyHB8.wav,17.24,0.0,30.0,beat_this
6gPAjNCyHB8.wav,17.32,0.0,30.0,beat_this
6gPAjNCyHB8.wav,17.46,0.0,30.0,beat_this
6gPAjNCyHB8.wav,17.68,0.0,30.0,beat_this
6gPAjNCyHB8.wav,17.76,0.0,30.0,beat_this
6gPAjNCyHB8.wav,17.96,0.0,30.0,beat_this
6gPAjNCyHB8.wav,18.2,0.0,30.0,beat_this
6gPAjNCyHB8.wav,18.42,0.0,30.0,beat_this
6gPAjNCyHB8.wav,18.86,0.0,30.0,beat_this
6gPAjNCyHB8.wav,18.98,0.0,30.0,beat_this
6gPAjNCyHB8.wav,19.1,0.0,30.0,beat_this
6gPAjNCyHB8.wav,19.28,0.0,30.0,beat_this
6gPAjNCyHB8.wav,19.74,0.0,30.0,beat_this
6gPAjNCyHB8.wav,20.16,0.0,30.0,beat_this
6gPAjNCyHB8.wav,20.5,0.0,30.0,beat_this
6gPAjNCyHB8.wav,20.58,0.0,30.0,beat_this
6gPAjNCyHB8.wav,20.82,0.0,30.0,beat_this
6gPAjNCyHB8.wav,21.0,0.0,30.0,beat_this
6gPAjNCyHB8.wav,21.44,0.0,30.0,beat_this
6gPAjNCyHB8.wav,21.88,0.0,30.0,beat_this
6gPAjNCyHB8.wav,22.3,0.0,30.0,beat_this
6gPAjNCyHB8.wav,22.66,0.0,30.0,beat_this
6gPAjNCyHB8.wav,22.76,0.0,30.0,beat_this
6gPAjNCyHB8.wav,23.18,0.0,30.0,beat_this
6gPAjNCyHB8.wav,23.54,0.0,30.0,beat_this
6gPAjNCyHB8.wav,24.02,0.0,30.0,beat_this
6gPAjNCyHB8.wav,24.3,0.0,30.0,beat_this
6gPAjNCyHB8.wav,24.48,0.0,30.0,beat_this
6gPAjNCyHB8.wav,24.7,0.0,30.0,beat_this
6gPAjNCyHB8.wav,24.88,0.0,30.0,beat_this
6gPAjNCyHB8.wav,25.34,0.0,30.0,beat_this
6gPAjNCyHB8.wav,25.56,0.0,30.0,beat_this
6gPAjNCyHB8.wav,25.7,0.0,30.0,beat_this
6gPAjNCyHB8.wav,25.78,0.0,30.0,beat_this
6gPAjNCyHB8.wav,26.0,0.0,30.0,beat_this
6gPAjNCyHB8.wav,26.2,0.0,30.0,beat_this
6gPAjNCyHB8.wav,26.42,0.0,30.0,beat_this
6gPAjNCyHB8.wav,26.54,0.0,30.0,beat_this
6gPAjNCyHB8.wav,26.66,0.0,30.0,beat_this
6gPAjNCyHB8.wav,26.86,0.0,30.0,beat_this
6gPAjNCyHB8.wav,27.04,0.0,30.0,beat_this
6gPAjNCyHB8.wav,27.28,0.0,30.0,beat_this
6gPAjNCyHB8.wav,27.42,0.0,30.0,beat_this
6gPAjNCyHB8.wav,27.52,0.0,30.0,beat_this
6gPAjNCyHB8.wav,27.72,0.0,30.0,beat_this
6gPAjNCyHB8.wav,28.16,0.0,30.0,beat_this
6gPAjNCyHB8.wav,28.42,0.0,30.0,beat_this
6gPAjNCyHB8.wav,28.52,0.0,30.0,beat_this
6gPAjNCyHB8.wav,28.6,0.0,30.0,beat_this
6gPAjNCyHB8.wav,28.86,0.0,30.0,beat_this
6gPAjNCyHB8.wav,29.04,0.0,30.0,beat_this
6gPAjNCyHB8.wav,29.38,0.0,30.0,beat_this
6gPAjNCyHB8.wav,29.46,0.0,30.0,beat_this
6gPAjNCyHB8.wav,29.72,0.0,30.0,beat_this
6gPAjNCyHB8.wav,29.9,0.0,30.0,beat_this
6tniJKkjVv0.wav,0.12,0.0,30.0,beat_this
6tniJKkjVv0.wav,0.88,0.0,30.0,beat_this
6tniJKkjVv0.wav,1.66,0.0,30.0,beat_this
6tniJKkjVv0.wav,2.42,0.0,30.0,beat_this
6tniJKkjVv0.wav,3.24,0.0,30.0,beat_this
6tniJKkjVv0.wav,4.0,0.0,30.0,beat_this
6tniJKkjVv0.wav,4.78,0.0,30.0,beat_this
6tniJKkjVv0.wav,5.56,0.0,30.0,beat_this
6tniJKkjVv0.wav,6.34,0.0,30.0,beat_this
6tniJKkjVv0.wav,7.12,0.0,30.0,beat_this
6tniJKkjVv0.wav,7.9,0.0,30.0,beat_this
6tniJKkjVv0.wav,8.68,0.0,30.0,beat_this
6tniJKkjVv0.wav,9.46,0.0,30.0,beat_this
6tniJKkjVv0.wav,10.2,0.0,30.0,beat_this
6tniJKkjVv0.wav,11.02,0.0,30.0,beat_this
6tniJKkjVv0.wav,11.84,0.0,30.0,beat_this
6tniJKkjVv0.wav,12.6,0.0,30.0,beat_this
6tniJKkjVv0.wav,13.36,0.0,30.0,beat_this
6tniJKkjVv0.wav,14.14,0.0,30.0,beat_this
6tniJKkjVv0.wav,14.94,0.0,30.0,beat_this
6tniJKkjVv0.wav,15.7,0.0,30.0,beat_this
6tniJKkjVv0.wav,16.48,0.0,30.0,beat_this
6tniJKkjVv0.wav,17.26,0.0,30.0,beat_this
6tniJKkjVv0.wav,18.04,0.0,30.0,beat_this
6tniJKkjVv0.wav,18.82,0.0,30.0,beat_this
6tniJKkjVv0.wav,19.6,0.0,30.0,beat_this
6tniJKkjVv0.wav,20.38,0.0,30.0,beat_this
6tniJKkjVv0.wav,21.16,0.0,30.0,beat_this
6tniJKkjVv0.wav,21.94,0.0,30.0,beat_this
6tniJKkjVv0.wav,22.7,0.0,30.0,beat_this
6tniJKkjVv0.wav,23.48,0.0,30.0,beat_this
6tniJKkjVv0.wav,24.26,0.0,30.0,beat_this
6tniJKkjVv0.wav,25.06,0.0,30.0,beat_this
6tniJKkjVv0.wav,25.82,0.0,30.0,beat_this
6tniJKkjVv0.wav,26.6,0.0,30.0,beat_this
6tniJKkjVv0.wav,27.38,0.0,30.0,beat_this
6tniJKkjVv0.wav,28.16,0.0,30.0,beat_this
6tniJKkjVv0.wav,28.92,0.0,30.0,beat_this
6tniJKkjVv0.wav,29.72,0.0,30.0,beat_this
7976yzHXBJc.wav,0.1,0.0,30.0,beat_this
7976yzHXBJc.wav,0.46,0.0,30.0,beat_this
7976yzHXBJc.wav,0.84,0.0,30.0,beat_this
7976yzHXBJc.wav,1.2,0.0,30.0,beat_this
7976yzHXBJc.wav,1.56,0.0,30.0,beat_this
7976yzHXBJc.wav,1.94,0.0,30.0,beat_this
7976yzHXBJc.wav,2.3,0.0,30.0,beat_this
7976yzHXBJc.wav,2.66,0.0,30.0,beat_this
7976yzHXBJc.wav,3.02,0.0,30.0,beat_this
7976yzHXBJc.wav,3.38,0.0,30.0,beat_this
7976yzHXBJc.wav,3.76,0.0,30.0,beat_this
7976yzHXBJc.wav,4.14,0.0,30.0,beat_this
7976yzHXBJc.wav,4.48,0.0,30.0,beat_this
7976yzHXBJc.wav,4.84,0.0,30.0,beat_this
7976yzHXBJc.wav,5.2,0.0,30.0,beat_this
7976yzHXBJc.wav,5.56,0.0,30.0,beat_this
7976yzHXBJc.wav,5.94,0.0,30.0,beat_this
7976yzHXBJc.wav,6.3,0.0,30.0,beat_this
7976yzHXBJc.wav,6.64,0.0,30.0,beat_this
7976yzHXBJc.wav,7.02,0.0,30.0,beat_this
7976yzHXBJc.wav,7.38,0.0,30.0,beat_this
7976yzHXBJc.wav,7.72,0.0,30.0,beat_this
7976yzHXBJc.wav,8.1,0.0,30.0,beat_this
7976yzHXBJc.wav,8.46,0.0,30.0,beat_this
7976yzHXBJc.wav,8.82,0.0,30.0,beat_this
7976yzHXBJc.wav,9.2,0.0,30.0,beat_this
7976yzHXBJc.wav,9.56,0.0,30.0,beat_this
7976yzHXBJc.wav,9.92,0.0,30.0,beat_this
7976yzHXBJc.wav,10.28,0.0,30.0,beat_this
7976yzHXBJc.wav,10.66,0.0,30.0,beat_this
7976yzHXBJc.wav,11.0,0.0,30.0,beat_this
7976yzHXBJc.wav,11.38,0.0,30.0,beat_this
7976yzHXBJc.wav,11.74,0.0,30.0,beat_this
7976yzHXBJc.wav,12.1,0.0,30.0,beat_this
7976yzHXBJc.wav,12.46,0.0,30.0,beat_this
7976yzHXBJc.wav,12.82,0.0,30.0,beat_this
7976yzHXBJc.wav,13.16,0.0,30.0,beat_this
7976yzHXBJc.wav,13.54,0.0,30.0,beat_this
7976yzHXBJc.wav,13.9,0.0,30.0,beat_this
7976yzHXBJc.wav,14.26,0.0,30.0,beat_this
7976yzHXBJc.wav,14.64,0.0,30.0,beat_this
7976yzHXBJc.wav,15.0,0.0,30.0,beat_this
7976yzHXBJc.wav,15.36,0.0,30.0,beat_this
7976yzHXBJc.wav,15.72,0.0,30.0,beat_this
7976yzHXBJc.wav,16.08,0.0,30.0,beat_this
7976yzHXBJc.wav,16.46,0.0,30.0,beat_this
7976yzHXBJc.wav,16.82,0.0,30.0,beat_this
7976yzHXBJc.wav,17.2,0.0,30.0,beat_this
7976yzHXBJc.wav,17.54,0.0,30.0,beat_this
7976yzHXBJc.wav,17.9,0.0,30.0,beat_this
7976yzHXBJc.wav,18.26,0.0,30.0,beat_this
7976yzHXBJc.wav,18.62,0.0,30.0,beat_this
7976yzHXBJc.wav,18.98,0.0,30.0,beat_this
7976yzHXBJc.wav,19.34,0.0,30.0,beat_this
7976yzHXBJc.wav,19.7,0.0,30.0,beat_this
7976yzHXBJc.wav,20.06,0.0,30.0,beat_this
7976yzHXBJc.wav,20.4,0.0,30.0,beat_this
7976yzHXBJc.wav,20.78,0.0,30.0,beat_this
7976yzHXBJc.wav,21.12,0.0,30.0,beat_this
7976yzHXBJc.wav,21.5,0.0,30.0,beat_this
7976yzHXBJc.wav,21.84,0.0,30.0,beat_this
7976yzHXBJc.wav,22.2,0.0,30.0,beat_this
7976yzHXBJc.wav,22.56,0.0,30.0,beat_this
7976yzHXBJc.wav,22.92,0.0,30.0,beat_this
7976yzHXBJc.wav,23.26,0.0,30.0,beat_this
7976yzHXBJc.wav,23.64,0.0,30.0,beat_this
7976yzHXBJc.wav,24.0,0.0,30.0,beat_this
7976yzHXBJc.wav,24.34,0.0,30.0,beat_this
7976yzHXBJc.wav,24.7,0.0,30.0,beat_this
7976yzHXBJc.wav,25.06,0.0,30.0,beat_this
7976yzHXBJc.wav,25.42,0.0,30.0,beat_this
7976yzHXBJc.wav,25.78,0.0,30.0,beat_this
7976yzHXBJc.wav,26.14,0.0,30.0,beat_this
7976yzHXBJc.wav,26.5,0.0,30.0,beat_this
7976yzHXBJc.wav,26.86,0.0,30.0,beat_this
7976yzHXBJc.wav,27.22,0.0,30.0,beat_this
7976yzHXBJc.wav,27.58,0.0,30.0,beat_this
7976yzHXBJc.wav,27.94,0.0,30.0,beat_this
7976yzHXBJc.wav,28.3,0.0,30.0,beat_this
7976yzHXBJc.wav,28.66,0.0,30.0,beat_this
7976yzHXBJc.wav,29.0,0.0,30.0,beat_this
7976yzHXBJc.wav,29.36,0.0,30.0,beat_this
7976yzHXBJc.wav,29.74,0.0,30.0,beat_this
7VuqbMbgLHk.wav,0.3,0.0,30.0,beat_this
7VuqbMbgLHk.wav,1.36,0.0,30.0,beat_this
7VuqbMbgLHk.wav,2.4,0.0,30.0,beat_this
7VuqbMbgLHk.wav,3.44,0.0,30.0,beat_this
7VuqbMbgLHk.wav,4.5,0.0,30.0,beat_this
7VuqbMbgLHk.wav,5.56,0.0,30.0,beat_this
7VuqbMbgLHk.wav,6.6,0.0,30.0,beat_this
7VuqbMbgLHk.wav,7.62,0.0,30.0,beat_this
7VuqbMbgLHk.wav,8.16,0.0,30.0,beat_this
7VuqbMbgLHk.wav,8.66,0.0,30.0,beat_this
7VuqbMbgLHk.wav,9.72,0.0,30.0,beat_this
7VuqbMbgLHk.wav,10.76,0.0,30.0,beat_this
7VuqbMbgLHk.wav,11.8,0.0,30.0,beat_this
7VuqbMbgLHk.wav,12.84,0.0,30.0,beat_this
7VuqbMbgLHk.wav,13.9,0.0,30.0,beat_this
7VuqbMbgLHk.wav,14.92,0.0,30.0,beat_this
7VuqbMbgLHk.wav,15.96,0.0,30.0,beat_this
7VuqbMbgLHk.wav,17.0,0.0,30.0,beat_this
7VuqbMbgLHk.wav,18.06,0.0,30.0,beat_this
7VuqbMbgLHk.wav,19.1,0.0,30.0,beat_this
7VuqbMbgLHk.wav,20.14,0.0,30.0,beat_this
7VuqbMbgLHk.wav,21.22,0.0,30.0,beat_this
7VuqbMbgLHk.wav,22.26,0.0,30.0,beat_this
7VuqbMbgLHk.wav,23.28,0.0,30.0,beat_this
7VuqbMbgLHk.wav,24.32,0.0,30.0,beat_this
7VuqbMbgLHk.wav,25.36,0.0,30.0,beat_this
7VuqbMbgLHk.wav,26.42,0.0,30.0,beat_this
7VuqbMbgLHk.wav,27.46,0.0,30.0,beat_this
7VuqbMbgLHk.wav,28.5,0.0,30.0,beat_this
7VuqbMbgLHk.wav,29.52,0.0,30.0,beat_this
8W1ij30ACGg.wav,0.0,0.0,30.0,beat_this
8W1ij30ACGg.wav,0.6,0.0,30.0,beat_this
8W1ij30ACGg.wav,1.24,0.0,30.0,beat_this
8W1ij30ACGg.wav,1.88,0.0,30.0,beat_this
8W1ij30ACGg.wav,2.5,0.0,30.0,beat_this
8W1ij30ACGg.wav,3.14,0.0,30.0,beat_this
8W1ij30ACGg.wav,3.76,0.0,30.0,beat_this
8W1ij30ACGg.wav,4.4,0.0,30.0,beat_this
8W1ij30ACGg.wav,5.04,0.0,30.0,beat_this
8W1ij30ACGg.wav,5.66,0.0,30.0,beat_this
8W1ij30ACGg.wav,6.3,0.0,30.0,beat_this
8W1ij30ACGg.wav,6.92,0.0,30.0,beat_this
8W1ij30ACGg.wav,7.56,0.0,30.0,beat_this
8W1ij30ACGg.wav,8.18,0.0,30.0,beat_this
8W1ij30ACGg.wav,8.82,0.0,30.0,beat_this
8W1ij30ACGg.wav,9.46,0.0,30.0,beat_this
8W1ij30ACGg.wav,10.08,0.0,30.0,beat_this
8W1ij30ACGg.wav,10.72,0.0,30.0,beat_this
8W1ij30ACGg.wav,11.34,0.0,30.0,beat_this
8W1ij30ACGg.wav,11.98,0.0,30.0,beat_this
8W1ij30ACGg.wav,12.6,0.0,30.0,beat_this
8W1ij30ACGg.wav,13.24,0.0,30.0,beat_this
8W1ij30ACGg.wav,13.88,0.0,30.0,beat_this
8W1ij30ACGg.wav,14.5,0.0,30.0,beat_this
8W1ij30ACGg.wav,15.14,0.0,30.0,beat_this
8W1ij30ACGg.wav,15.76,0.0,30.0,beat_this
8W1ij30ACGg.wav,16.4,0.0,30.0,beat_this
8W1ij30ACGg.wav,17.04,0.0,30.0,beat_this
8W1ij30ACGg.wav,17.66,0.0,30.0,beat_this
8W1ij30ACGg.wav,18.3,0.0,30.0,beat_this
8W1ij30ACGg.wav,18.92,0.0,30.0,beat_this
8W1ij30ACGg.wav,19.56,0.0,30.0,beat_this
8W1ij30ACGg.wav,20.2,0.0,30.0,beat_this
8W1ij30ACGg.wav,20.82,0.0,30.0,beat_this
8W1ij30ACGg.wav,21.46,0.0,30.0,beat_this
8W1ij30ACGg.wav,22.08,0.0,30.0,beat_this
8W1ij30ACGg.wav,22.72,0.0,30.0,beat_this
8W1ij30ACGg.wav,23.34,0.0,30.0,beat_this
8W1ij30ACGg.wav,23.98,0.0,30.0,beat_this
8W1ij30ACGg.wav,24.62,0.0,30.0,beat_this
8W1ij30ACGg.wav,25.24,0.0,30.0,beat_this
8W1ij30ACGg.wav,25.88,0.0,30.0,beat_this
8W1ij30ACGg.wav,26.5,0.0,30.0,beat_this
8W1ij30ACGg.wav,27.14,0.0,30.0,beat_this
8W1ij30ACGg.wav,27.76,0.0,30.0,beat_this
8W1ij30ACGg.wav,28.4,0.0,30.0,beat_this
8W1ij30ACGg.wav,29.02,0.0,30.0,beat_this
8W1ij30ACGg.wav,29.66,0.0,30.0,beat_this
94LD5nwivVs.wav,0.46,0.0,30.0,beat_this
94LD5nwivVs.wav,1.22,0.0,30.0,beat_this
94LD5nwivVs.wav,1.96,0.0,30.0,beat_this
94LD5nwivVs.wav,2.72,0.0,30.0,beat_this
94LD5nwivVs.wav,3.46,0.0,30.0,beat_this
94LD5nwivVs.wav,4.22,0.0,30.0,beat_this
94LD5nwivVs.wav,4.96,0.0,30.0,beat_this
94LD5nwivVs.wav,5.72,0.0,30.0,beat_this
94LD5nwivVs.wav,6.46,0.0,30.0,beat_this
94LD5nwivVs.wav,7.22,0.0,30.0,beat_this
94LD5nwivVs.wav,7.96,0.0,30.0,beat_this
94LD5nwivVs.wav,8.7,0.0,30.0,beat_this
94LD5nwivVs.wav,9.46,0.0,30.0,beat_this
94LD5nwivVs.wav,10.2,0.0,30.0,beat_this
94LD5nwivVs.wav,10.96,0.0,30.0,beat_this
94LD5nwivVs.wav,11.7,0.0,30.0,beat_this
94LD5nwivVs.wav,12.46,0.0,30.0,beat_this
94LD5nwivVs.wav,13.2,0.0,30.0,beat_this
94LD5nwivVs.wav,13.96,0.0,30.0,beat_this
94LD5nwivVs.wav,14.7,0.0,30.0,beat_this
94LD5nwivVs.wav,15.44,0.0,30.0,beat_this
94LD5nwivVs.wav,16.22,0.0,30.0,beat_this
94LD5nwivVs.wav,16.96,0.0,30.0,beat_this
94LD5nwivVs.wav,17.72,0.0,30.0,beat_this
94LD5nwivVs.wav,18.46,0.0,30.0,beat_this
94LD5nwivVs.wav,19.2,0.0,30.0,beat_this
94LD5nwivVs.wav,19.96,0.0,30.0,beat_this
94LD5nwivVs.wav,20.7,0.0,30.0,beat_this
94LD5nwivVs.wav,21.46,0.0,30.0,beat_this
94LD5nwivVs.wav,22.2,0.0,30.0,beat_this
94LD5nwivVs.wav,22.96,0.0,30.0,beat_this
94LD5nwivVs.wav,23.7,0.0,30.0,beat_this
94LD5nwivVs.wav,24.46,0.0,30.0,beat_this
94LD5nwivVs.wav,25.2,0.0,30.0,beat_this
94LD5nwivVs.wav,25.96,0.0,30.0,beat_this
94LD5nwivVs.wav,26.7,0.0,30.0,beat_this
94LD5nwivVs.wav,27.46,0.0,30.0,beat_this
94LD5nwivVs.wav,28.2,0.0,30.0,beat_this
94LD5nwivVs.wav,28.96,0.0,30.0,beat_this
94LD5nwivVs.wav,29.7,0.0,30.0,beat_this
98s7mqb_II0.wav,0.24,0.0,30.0,beat_this
98s7mqb_II0.wav,0.7,0.0,30.0,beat_this
98s7mqb_II0.wav,1.16,0.0,30.0,beat_this
98s7mqb_II0.wav,1.62,0.0,30.0,beat_this
98s7mqb_II0.wav,2.08,0.0,30.0,beat_this
98s7mqb_II0.wav,2.54,0.0,30.0,beat_this
98s7mqb_II0.wav,3.0,0.0,30.0,beat_this
98s7mqb_II0.wav,3.9,0.0,30.0,beat_this
98s7mqb_II0.wav,4.36,0.0,30.0,beat_this
98s7mqb_II0.wav,4.82,0.0,30.0,beat_this
98s7mqb_II0.wav,5.74,0.0,30.0,beat_this
98s7mqb_II0.wav,6.18,0.0,30.0,beat_this
98s7mqb_II0.wav,6.66,0.0,30.0,beat_this
98s7mqb_II0.wav,7.56,0.0,30.0,beat_this
98s7mqb_II0.wav,8.02,0.0,30.0,beat_this
98s7mqb_II0.wav,8.48,0.0,30.0,beat_this
98s7mqb_II0.wav,8.94,0.0,30.0,beat_this
98s7mqb_II0.wav,9.38,0.0,30.0,beat_this
98s7mqb_II0.wav,9.86,0.0,30.0,beat_this
98s7mqb_II0.wav,10.3,0.0,30.0,beat_this
98s7mqb_II0.wav,11.22,0.0,30.0,beat_this
98s7mqb_II0.wav,11.68,0.0,30.0,beat_this
98s7mqb_II0.wav,12.14,0.0,30.0,beat_this
98s7mqb_II0.wav,12.6,0.0,30.0,beat_this
98s7mqb_II0.wav,13.06,0.0,30.0,beat_this
98s7mqb_II0.wav,13.52,0.0,30.0,beat_this
98s7mqb_II0.wav,13.98,0.0,30.0,beat_this
98s7mqb_II0.wav,14.44,0.0,30.0,beat_this
98s7mqb_II0.wav,14.88,0.0,30.0,beat_this
98s7mqb_II0.wav,15.34,0.0,30.0,beat_this
98s7mqb_II0.wav,15.8,0.0,30.0,beat_this
98s7mqb_II0.wav,16.72,0.0,30.0,beat_this
98s7mqb_II0.wav,17.18,0.0,30.0,beat_this
98s7mqb_II0.wav,17.64,0.0,30.0,beat_this
98s7mqb_II0.wav,18.1,0.0,30.0,beat_this
98s7mqb_II0.wav,18.56,0.0,30.0,beat_this
98s7mqb_II0.wav,19.0,0.0,30.0,beat_this
98s7mqb_II0.wav,19.48,0.0,30.0,beat_this
98s7mqb_II0.wav,19.92,0.0,30.0,beat_this
98s7mqb_II0.wav,20.38,0.0,30.0,beat_this
98s7mqb_II0.wav,20.84,0.0,30.0,beat_this
98s7mqb_II0.wav,21.3,0.0,30.0,beat_this
98s7mqb_II0.wav,21.76,0.0,30.0,beat_this
98s7mqb_II0.wav,22.22,0.0,30.0,beat_this
98s7mqb_II0.wav,22.68,0.0,30.0,beat_this
98s7mqb_II0.wav,23.14,0.0,30.0,beat_this
98s7mqb_II0.wav,23.6,0.0,30.0,beat_this
98s7mqb_II0.wav,24.06,0.0,30.0,beat_this
98s7mqb_II0.wav,24.98,0.0,30.0,beat_this
98s7mqb_II0.wav,25.44,0.0,30.0,beat_this
98s7mqb_II0.wav,25.9,0.0,30.0,beat_this
98s7mqb_II0.wav,26.34,0.0,30.0,beat_this
98s7mqb_II0.wav,26.82,0.0,30.0,beat_this
98s7mqb_II0.wav,27.28,0.0,30.0,beat_this
98s7mqb_II0.wav,27.72,0.0,30.0,beat_this
98s7mqb_II0.wav,28.18,0.0,30.0,beat_this
98s7mqb_II0.wav,28.64,0.0,30.0,beat_this
98s7mqb_II0.wav,29.08,0.0,30.0,beat_this
98s7mqb_II0.wav,29.54,0.0,30.0,beat_this
98s7mqb_II0.wav,29.98,0.0,30.0,beat_this
9f8xPaRWAbg.wav,0.02,0.0,30.0,beat_this
9f8xPaRWAbg.wav,0.54,0.0,30.0,beat_this
9f8xPaRWAbg.wav,1.04,0.0,30.0,beat_this
9f8xPaRWAbg.wav,2.04,0.0,30.0,beat_this
9f8xPaRWAbg.wav,3.04,0.0,30.0,beat_this
9f8xPaRWAbg.wav,3.54,0.0,30.0,beat_this
9f8xPaRWAbg.wav,4.04,0.0,30.0,beat_this
9f8xPaRWAbg.wav,4.54,0.0,30.0,beat_this
9f8xPaRWAbg.wav,5.06,0.0,30.0,beat_this
9f8xPaRWAbg.wav,6.06,0.0,30.0,beat_this
9f8xPaRWAbg.wav,7.06,0.0,30.0,beat_this
9f8xPaRWAbg.wav,8.04,0.0,30.0,beat_this
9f8xPaRWAbg.wav,9.04,0.0,30.0,beat_this
9f8xPaRWAbg.wav,10.06,0.0,30.0,beat_this
9f8xPaRWAbg.wav,11.04,0.0,30.0,beat_this
9f8xPaRWAbg.wav,12.06,0.0,30.0,beat_this
9f8xPaRWAbg.wav,12.56,0.0,30.0,beat_this
9f8xPaRWAbg.wav,13.06,0.0,30.0,beat_this
9f8xPaRWAbg.wav,14.06,0.0,30.0,beat_this
9f8xPaRWAbg.wav,15.04,0.0,30.0,beat_this
9f8xPaRWAbg.wav,16.04,0.0,30.0,beat_this
9f8xPaRWAbg.wav,17.06,0.0,30.0,beat_this
9f8xPaRWAbg.wav,18.06,0.0,30.0,beat_this
9f8xPaRWAbg.wav,19.06,0.0,30.0,beat_this
9f8xPaRWAbg.wav,20.04,0.0,30.0,beat_this
9f8xPaRWAbg.wav,21.04,0.0,30.0,beat_this
9f8xPaRWAbg.wav,22.06,0.0,30.0,beat_this
9f8xPaRWAbg.wav,23.06,0.0,30.0,beat_this
9f8xPaRWAbg.wav,24.04,0.0,30.0,beat_this
9f8xPaRWAbg.wav,25.04,0.0,30.0,beat_this
9f8xPaRWAbg.wav,26.06,0.0,30.0,beat_this
9f8xPaRWAbg.wav,27.06,0.0,30.0,beat_this
9f8xPaRWAbg.wav,27.56,0.0,30.0,beat_this
9f8xPaRWAbg.wav,28.04,0.0,30.0,beat_this
9f8xPaRWAbg.wav,29.04,0.0,30.0,beat_this
9hODzWIY7Hc.wav,0.22,0.0,30.0,beat_this
9hODzWIY7Hc.wav,0.74,0.0,30.0,beat_this
9hODzWIY7Hc.wav,1.24,0.0,30.0,beat_this
9hODzWIY7Hc.wav,1.74,0.0,30.0,beat_this
9hODzWIY7Hc.wav,2.24,0.0,30.0,beat_this
9hODzWIY7Hc.wav,2.74,0.0,30.0,beat_this
9hODzWIY7Hc.wav,3.26,0.0,30.0,beat_this
9hODzWIY7Hc.wav,3.78,0.0,30.0,beat_this
9hODzWIY7Hc.wav,4.28,0.0,30.0,beat_this
9hODzWIY7Hc.wav,4.8,0.0,30.0,beat_this
9hODzWIY7Hc.wav,5.32,0.0,30.0,beat_this
9hODzWIY7Hc.wav,5.82,0.0,30.0,beat_this
9hODzWIY7Hc.wav,6.32,0.0,30.0,beat_this
9hODzWIY7Hc.wav,6.84,0.0,30.0,beat_this
9hODzWIY7Hc.wav,7.34,0.0,30.0,beat_this
9hODzWIY7Hc.wav,7.86,0.0,30.0,beat_this
9hODzWIY7Hc.wav,8.38,0.0,30.0,beat_this
9hODzWIY7Hc.wav,8.86,0.0,30.0,beat_this
9hODzWIY7Hc.wav,9.38,0.0,30.0,beat_this
9hODzWIY7Hc.wav,9.88,0.0,30.0,beat_this
9hODzWIY7Hc.wav,10.4,0.0,30.0,beat_this
9hODzWIY7Hc.wav,10.88,0.0,30.0,beat_this
9hODzWIY7Hc.wav,11.38,0.0,30.0,beat_this
9hODzWIY7Hc.wav,11.94,0.0,30.0,beat_this
9hODzWIY7Hc.wav,12.4,0.0,30.0,beat_this
9hODzWIY7Hc.wav,12.92,0.0,30.0,beat_this
9hODzWIY7Hc.wav,13.42,0.0,30.0,beat_this
9hODzWIY7Hc.wav,13.94,0.0,30.0,beat_this
9hODzWIY7Hc.wav,14.44,0.0,30.0,beat_this
9hODzWIY7Hc.wav,14.94,0.0,30.0,beat_this
9hODzWIY7Hc.wav,15.44,0.0,30.0,beat_this
9hODzWIY7Hc.wav,15.96,0.0,30.0,beat_this
9hODzWIY7Hc.wav,16.46,0.0,30.0,beat_this
9hODzWIY7Hc.wav,16.98,0.0,30.0,beat_this
9hODzWIY7Hc.wav,17.48,0.0,30.0,beat_this
9hODzWIY7Hc.wav,18.0,0.0,30.0,beat_this
9hODzWIY7Hc.wav,18.5,0.0,30.0,beat_this
9hODzWIY7Hc.wav,19.0,0.0,30.0,beat_this
9hODzWIY7Hc.wav,19.5,0.0,30.0,beat_this
9hODzWIY7Hc.wav,20.02,0.0,30.0,beat_this
9hODzWIY7Hc.wav,20.52,0.0,30.0,beat_this
9hODzWIY7Hc.wav,21.04,0.0,30.0,beat_this
9hODzWIY7Hc.wav,21.54,0.0,30.0,beat_this
9hODzWIY7Hc.wav,22.06,0.0,30.0,beat_this
9hODzWIY7Hc.wav,22.56,0.0,30.0,beat_this
9hODzWIY7Hc.wav,23.06,0.0,30.0,beat_this
9hODzWIY7Hc.wav,23.56,0.0,30.0,beat_this
9hODzWIY7Hc.wav,24.08,0.0,30.0,beat_this
9hODzWIY7Hc.wav,24.58,0.0,30.0,beat_this
9hODzWIY7Hc.wav,25.1,0.0,30.0,beat_this
9hODzWIY7Hc.wav,25.6,0.0,30.0,beat_this
9hODzWIY7Hc.wav,26.12,0.0,30.0,beat_this
9hODzWIY7Hc.wav,26.62,0.0,30.0,beat_this
9hODzWIY7Hc.wav,27.14,0.0,30.0,beat_this
9hODzWIY7Hc.wav,27.64,0.0,30.0,beat_this
9hODzWIY7Hc.wav,28.16,0.0,30.0,beat_this
9hODzWIY7Hc.wav,28.66,0.0,30.0,beat_this
9hODzWIY7Hc.wav,29.2,0.0,30.0,beat_this
9hODzWIY7Hc.wav,29.7,0.0,30.0,beat_this
9tP_cphjz3E.wav,0.36,0.0,30.0,beat_this
9tP_cphjz3E.wav,1.0,0.0,30.0,beat_this
9tP_cphjz3E.wav,1.62,0.0,30.0,beat_this
9tP_cphjz3E.wav,2.24,0.0,30.0,beat_this
9tP_cphjz3E.wav,2.88,0.0,30.0,beat_this
9tP_cphjz3E.wav,3.52,0.0,30.0,beat_this
9tP_cphjz3E.wav,4.16,0.0,30.0,beat_this
9tP_cphjz3E.wav,4.78,0.0,30.0,beat_this
9tP_cphjz3E.wav,5.42,0.0,30.0,beat_this
9tP_cphjz3E.wav,6.04,0.0,30.0,beat_this
9tP_cphjz3E.wav,6.68,0.0,30.0,beat_this
9tP_cphjz3E.wav,7.3,0.0,30.0,beat_this
9tP_cphjz3E.wav,7.94,0.0,30.0,beat_this
9tP_cphjz3E.wav,8.56,0.0,30.0,beat_this
9tP_cphjz3E.wav,9.2,0.0,30.0,beat_this
9tP_cphjz3E.wav,9.84,0.0,30.0,beat_this
9tP_cphjz3E.wav,10.48,0.0,30.0,beat_this
9tP_cphjz3E.wav,11.1,0.0,30.0,beat_this
9tP_cphjz3E.wav,11.74,0.0,30.0,beat_this
9tP_cphjz3E.wav,12.36,0.0,30.0,beat_this
9tP_cphjz3E.wav,13.0,0.0,30.0,beat_this
9tP_cphjz3E.wav,13.62,0.0,30.0,beat_this
9tP_cphjz3E.wav,14.26,0.0,30.0,beat_this
9tP_cphjz3E.wav,14.88,0.0,30.0,beat_this
9tP_cphjz3E.wav,15.52,0.0,30.0,beat_this
9tP_cphjz3E.wav,16.16,0.0,30.0,beat_this
9tP_cphjz3E.wav,16.8,0.0,30.0,beat_this
9tP_cphjz3E.wav,17.4,0.0,30.0,beat_this
9tP_cphjz3E.wav,18.04,0.0,30.0,beat_this
9tP_cphjz3E.wav,18.68,0.0,30.0,beat_this
9tP_cphjz3E.wav,19.32,0.0,30.0,beat_this
9tP_cphjz3E.wav,19.94,0.0,30.0,beat_this
9tP_cphjz3E.wav,20.58,0.0,30.0,beat_this
9tP_cphjz3E.wav,21.2,0.0,30.0,beat_this
9tP_cphjz3E.wav,21.84,0.0,30.0,beat_this
9tP_cphjz3E.wav,22.46,0.0,30.0,beat_this
9tP_cphjz3E.wav,23.1,0.0,30.0,beat_this
9tP_cphjz3E.wav,23.74,0.0,30.0,beat_this
9tP_cphjz3E.wav,24.36,0.0,30.0,beat_this
9tP_cphjz3E.wav,24.98,0.0,30.0,beat_this
9tP_cphjz3E.wav,25.64,0.0,30.0,beat_this
9tP_cphjz3E.wav,26.26,0.0,30.0,beat_this
9tP_cphjz3E.wav,26.9,0.0,30.0,beat_this
9tP_cphjz3E.wav,27.52,0.0,30.0,beat_this
9tP_cphjz3E.wav,28.16,0.0,30.0,beat_this
9tP_cphjz3E.wav,28.78,0.0,30.0,beat_this
9tP_cphjz3E.wav,29.42,0.0,30.0,beat_this
Ai9l_8xy_pc.wav,0.4,0.0,30.0,beat_this
Ai9l_8xy_pc.wav,0.88,0.0,30.0,beat_this
Ai9l_8xy_pc.wav,1.36,0.0,30.0,beat_this
Ai9l_8xy_pc.wav,1.82,0.0,30.0,beat_this
Ai9l_8xy_pc.wav,2.3,0.0,30.0,beat_this
Ai9l_8xy_pc.wav,2.76,0.0,30.0,beat_this
Ai9l_8xy_pc.wav,3.24,0.0,30.0,beat_this
Ai9l_8xy_pc.wav,3.7,0.0,30.0,beat_this
Ai9l_8xy_pc.wav,4.18,0.0,30.0,beat_this
Ai9l_8xy_pc.wav,4.66,0.0,30.0,beat_this
Ai9l_8xy_pc.wav,5.12,0.0,30.0,beat_this
Ai9l_8xy_pc.wav,5.6,0.0,30.0,beat_this
Ai9l_8xy_pc.wav,6.06,0.0,30.0,beat_this
Ai9l_8xy_pc.wav,6.54,0.0,30.0,beat_this
Ai9l_8xy_pc.wav,7.0,0.0,30.0,beat_this
Ai9l_8xy_pc.wav,7.48,0.0,30.0,beat_this
Ai9l_8xy_pc.wav,7.96,0.0,30.0,beat_this
Ai9l_8xy_pc.wav,8.42,0.0,30.0,beat_this
Ai9l_8xy_pc.wav,8.9,0.0,30.0,beat_this
Ai9l_8xy_pc.wav,9.38,0.0,30.0,beat_this
Ai9l_8xy_pc.wav,9.84,0.0,30.0,beat_this
Ai9l_8xy_pc.wav,10.32,0.0,30.0,beat_this
Ai9l_8xy_pc.wav,10.78,0.0,30.0,beat_this
Ai9l_8xy_pc.wav,11.26,0.0,30.0,beat_this
Ai9l_8xy_pc.wav,11.72,0.0,30.0,beat_this
Ai9l_8xy_pc.wav,12.16,0.0,30.0,beat_this
Ai9l_8xy_pc.wav,12.58,0.0,30.0,beat_this
Ai9l_8xy_pc.wav,13.06,0.0,30.0,beat_this
Ai9l_8xy_pc.wav,13.46,0.0,30.0,beat_this
Ai9l_8xy_pc.wav,13.92,0.0,30.0,beat_this
Ai9l_8xy_pc.wav,14.38,0.0,30.0,beat_this
Ai9l_8xy_pc.wav,14.86,0.0,30.0,beat_this
Ai9l_8xy_pc.wav,15.32,0.0,30.0,beat_this
Ai9l_8xy_pc.wav,15.78,0.0,30.0,beat_this
Ai9l_8xy_pc.wav,16.26,0.0,30.0,beat_this
Ai9l_8xy_pc.wav,16.74,0.0,30.0,beat_this
Ai9l_8xy_pc.wav,17.2,0.0,30.0,beat_this
Ai9l_8xy_pc.wav,17.68,0.0,30.0,beat_this
Ai9l_8xy_pc.wav,18.16,0.0,30.0,beat_this
Ai9l_8xy_pc.wav,18.62,0.0,30.0,beat_this
Ai9l_8xy_pc.wav,19.08,0.0,30.0,beat_this
Ai9l_8xy_pc.wav,19.56,0.0,30.0,beat_this
Ai9l_8xy_pc.wav,20.02,0.0,30.0,beat_this
Ai9l_8xy_pc.wav,20.5,0.0,30.0,beat_this
Ai9l_8xy_pc.wav,20.96,0.0,30.0,beat_this
Ai9l_8xy_pc.wav,21.44,0.0,30.0,beat_this
Ai9l_8xy_pc.wav,21.9,0.0,30.0,beat_this
Ai9l_8xy_pc.wav,22.38,0.0,30.0,beat_this
Ai9l_8xy_pc.wav,22.84,0.0,30.0,beat_this
Ai9l_8xy_pc.wav,23.32,0.0,30.0,beat_this
Ai9l_8xy_pc.wav,23.78,0.0,30.0,beat_this
Ai9l_8xy_pc.wav,24.26,0.0,30.0,beat_this
Ai9l_8xy_pc.wav,24.72,0.0,30.0,beat_this
Ai9l_8xy_pc.wav,25.2,0.0,30.0,beat_this
Ai9l_8xy_pc.wav,25.68,0.0,30.0,beat_this
Ai9l_8xy_pc.wav,26.16,0.0,30.0,beat_this
Ai9l_8xy_pc.wav,26.62,0.0,30.0,beat_this
Ai9l_8xy_pc.wav,27.08,0.0,30.0,beat_this
Ai9l_8xy_pc.wav,27.54,0.0,30.0,beat_this
Ai9l_8xy_pc.wav,28.02,0.0,30.0,beat_this
Ai9l_8xy_pc.wav,28.5,0.0,30.0,beat_this
Ai9l_8xy_pc.wav,28.96,0.0,30.0,beat_this
Ai9l_8xy_pc.wav,29.44,0.0,30.0,beat_this
Ai9l_8xy_pc.wav,29.92,0.0,30.0,beat_this
AkYhR1lc8QM.wav,0.28,0.0,30.0,beat_this
AkYhR1lc8QM.wav,0.78,0.0,30.0,beat_this
AkYhR1lc8QM.wav,1.3,0.0,30.0,beat_this
AkYhR1lc8QM.wav,1.84,0.0,30.0,beat_this
AkYhR1lc8QM.wav,2.34,0.0,30.0,beat_this
AkYhR1lc8QM.wav,2.86,0.0,30.0,beat_this
AkYhR1lc8QM.wav,3.38,0.0,30.0,beat_this
AkYhR1lc8QM.wav,3.9,0.0,30.0,beat_this
AkYhR1lc8QM.wav,4.42,0.0,30.0,beat_this
AkYhR1lc8QM.wav,4.92,0.0,30.0,beat_this
AkYhR1lc8QM.wav,5.44,0.0,30.0,beat_this
AkYhR1lc8QM.wav,5.96,0.0,30.0,beat_this
AkYhR1lc8QM.wav,6.48,0.0,30.0,beat_this
AkYhR1lc8QM.wav,7.0,0.0,30.0,beat_this
AkYhR1lc8QM.wav,7.52,0.0,30.0,beat_this
AkYhR1lc8QM.wav,8.04,0.0,30.0,beat_this
AkYhR1lc8QM.wav,8.56,0.0,30.0,beat_this
AkYhR1lc8QM.wav,9.06,0.0,30.0,beat_this
AkYhR1lc8QM.wav,9.58,0.0,30.0,beat_this
AkYhR1lc8QM.wav,10.1,0.0,30.0,beat_this
AkYhR1lc8QM.wav,10.62,0.0,30.0,beat_this
AkYhR1lc8QM.wav,11.14,0.0,30.0,beat_this
AkYhR1lc8QM.wav,11.66,0.0,30.0,beat_this
AkYhR1lc8QM.wav,12.18,0.0,30.0,beat_this
AkYhR1lc8QM.wav,12.7,0.0,30.0,beat_this
AkYhR1lc8QM.wav,13.22,0.0,30.0,beat_this
AkYhR1lc8QM.wav,13.72,0.0,30.0,beat_this
AkYhR1lc8QM.wav,14.24,0.0,30.0,beat_this
AkYhR1lc8QM.wav,14.76,0.0,30.0,beat_this
AkYhR1lc8QM.wav,15.28,0.0,30.0,beat_this
AkYhR1lc8QM.wav,15.8,0.0,30.0,beat_this
AkYhR1lc8QM.wav,16.32,0.0,30.0,beat_this
AkYhR1lc8QM.wav,16.82,0.0,30.0,beat_this
AkYhR1lc8QM.wav,17.34,0.0,30.0,beat_this
AkYhR1lc8QM.wav,17.86,0.0,30.0,beat_this
AkYhR1lc8QM.wav,18.38,0.0,30.0,beat_this
AkYhR1lc8QM.wav,18.9,0.0,30.0,beat_this
AkYhR1lc8QM.wav,19.42,0.0,30.0,beat_this
AkYhR1lc8QM.wav,19.94,0.0,30.0,beat_this
AkYhR1lc8QM.wav,20.46,0.0,30.0,beat_this
AkYhR1lc8QM.wav,20.96,0.0,30.0,beat_this
AkYhR1lc8QM.wav,21.48,0.0,30.0,beat_this
AkYhR1lc8QM.wav,22.0,0.0,30.0,beat_this
AkYhR1lc8QM.wav,22.52,0.0,30.0,beat_this
AkYhR1lc8QM.wav,23.04,0.0,30.0,beat_this
AkYhR1lc8QM.wav,23.56,0.0,30.0,beat_this
AkYhR1lc8QM.wav,24.08,0.0,30.0,beat_this
AkYhR1lc8QM.wav,24.6,0.0,30.0,beat_this
AkYhR1lc8QM.wav,25.1,0.0,30.0,beat_this
AkYhR1lc8QM.wav,25.62,0.0,30.0,beat_this
AkYhR1lc8QM.wav,26.14,0.0,30.0,beat_this
AkYhR1lc8QM.wav,26.66,0.0,30.0,beat_this
AkYhR1lc8QM.wav,27.18,0.0,30.0,beat_this
AkYhR1lc8QM.wav,27.7,0.0,30.0,beat_this
AkYhR1lc8QM.wav,28.2,0.0,30.0,beat_this
AkYhR1lc8QM.wav,28.72,0.0,30.0,beat_this
AkYhR1lc8QM.wav,29.24,0.0,30.0,beat_this
AkYhR1lc8QM.wav,29.74,0.0,30.0,beat_this
BXbKa0EqW8E.wav,0.28,0.0,30.0,beat_this
BXbKa0EqW8E.wav,1.1,0.0,30.0,beat_this
BXbKa0EqW8E.wav,1.9,0.0,30.0,beat_this
BXbKa0EqW8E.wav,2.72,0.0,30.0,beat_this
BXbKa0EqW8E.wav,3.54,0.0,30.0,beat_this
BXbKa0EqW8E.wav,4.34,0.0,30.0,beat_this
BXbKa0EqW8E.wav,5.16,0.0,30.0,beat_this
BXbKa0EqW8E.wav,5.96,0.0,30.0,beat_this
BXbKa0EqW8E.wav,6.76,0.0,30.0,beat_this
BXbKa0EqW8E.wav,7.58,0.0,30.0,beat_this
BXbKa0EqW8E.wav,8.4,0.0,30.0,beat_this
BXbKa0EqW8E.wav,9.2,0.0,30.0,beat_this
BXbKa0EqW8E.wav,10.02,0.0,30.0,beat_this
BXbKa0EqW8E.wav,10.82,0.0,30.0,beat_this
BXbKa0EqW8E.wav,11.64,0.0,30.0,beat_this
BXbKa0EqW8E.wav,12.44,0.0,30.0,beat_this
BXbKa0EqW8E.wav,13.26,0.0,30.0,beat_this
BXbKa0EqW8E.wav,14.06,0.0,30.0,beat_this
BXbKa0EqW8E.wav,14.9,0.0,30.0,beat_this
BXbKa0EqW8E.wav,15.68,0.0,30.0,beat_this
BXbKa0EqW8E.wav,16.5,0.0,30.0,beat_this
BXbKa0EqW8E.wav,17.32,0.0,30.0,beat_this
BXbKa0EqW8E.wav,18.12,0.0,30.0,beat_this
BXbKa0EqW8E.wav,18.92,0.0,30.0,beat_this
BXbKa0EqW8E.wav,19.76,0.0,30.0,beat_this
BXbKa0EqW8E.wav,20.56,0.0,30.0,beat_this
BXbKa0EqW8E.wav,21.38,0.0,30.0,beat_this
BXbKa0EqW8E.wav,22.16,0.0,30.0,beat_this
BXbKa0EqW8E.wav,22.98,0.0,30.0,beat_this
BXbKa0EqW8E.wav,23.8,0.0,30.0,beat_this
BXbKa0EqW8E.wav,24.62,0.0,30.0,beat_this
BXbKa0EqW8E.wav,25.42,0.0,30.0,beat_this
BXbKa0EqW8E.wav,26.22,0.0,30.0,beat_this
BXbKa0EqW8E.wav,27.04,0.0,30.0,beat_this
BXbKa0EqW8E.wav,27.86,0.0,30.0,beat_this
BXbKa0EqW8E.wav,28.66,0.0,30.0,beat_this
BXbKa0EqW8E.wav,29.5,0.0,30.0,beat_this
BZs2ixvEyKM.wav,0.02,0.0,30.0,beat_this
BZs2ixvEyKM.wav,0.52,0.0,30.0,beat_this
BZs2ixvEyKM.wav,1.0,0.0,30.0,beat_this
BZs2ixvEyKM.wav,1.46,0.0,30.0,beat_this
BZs2ixvEyKM.wav,1.92,0.0,30.0,beat_this
BZs2ixvEyKM.wav,2.4,0.0,30.0,beat_this
BZs2ixvEyKM.wav,2.86,0.0,30.0,beat_this
BZs2ixvEyKM.wav,3.32,0.0,30.0,beat_this
BZs2ixvEyKM.wav,3.76,0.0,30.0,beat_this
BZs2ixvEyKM.wav,4.22,0.0,30.0,beat_this
BZs2ixvEyKM.wav,4.7,0.0,30.0,beat_this
BZs2ixvEyKM.wav,5.16,0.0,30.0,beat_this
BZs2ixvEyKM.wav,5.62,0.0,30.0,beat_this
BZs2ixvEyKM.wav,6.08,0.0,30.0,beat_this
BZs2ixvEyKM.wav,6.54,0.0,30.0,beat_this
BZs2ixvEyKM.wav,7.02,0.0,30.0,beat_this
BZs2ixvEyKM.wav,7.48,0.0,30.0,beat_this
BZs2ixvEyKM.wav,7.94,0.0,30.0,beat_this
BZs2ixvEyKM.wav,8.4,0.0,30.0,beat_this
BZs2ixvEyKM.wav,8.86,0.0,30.0,beat_this
BZs2ixvEyKM.wav,9.32,0.0,30.0,beat_this
BZs2ixvEyKM.wav,9.76,0.0,30.0,beat_this
BZs2ixvEyKM.wav,10.24,0.0,30.0,beat_this
BZs2ixvEyKM.wav,10.72,0.0,30.0,beat_this
BZs2ixvEyKM.wav,11.18,0.0,30.0,beat_this
BZs2ixvEyKM.wav,11.66,0.0,30.0,beat_this
BZs2ixvEyKM.wav,12.2,0.0,30.0,beat_this
BZs2ixvEyKM.wav,12.54,0.0,30.0,beat_this
BZs2ixvEyKM.wav,12.68,0.0,30.0,beat_this
BZs2ixvEyKM.wav,13.18,0.0,30.0,beat_this
BZs2ixvEyKM.wav,13.46,0.0,30.0,beat_this
BZs2ixvEyKM.wav,14.16,0.0,30.0,beat_this
BZs2ixvEyKM.wav,14.4,0.0,30.0,beat_this
BZs2ixvEyKM.wav,14.62,0.0,30.0,beat_this
BZs2ixvEyKM.wav,15.08,0.0,30.0,beat_this
BZs2ixvEyKM.wav,15.32,0.0,30.0,beat_this
BZs2ixvEyKM.wav,15.54,0.0,30.0,beat_this
BZs2ixvEyKM.wav,16.0,0.0,30.0,beat_this
BZs2ixvEyKM.wav,16.46,0.0,30.0,beat_this
BZs2ixvEyKM.wav,16.9,0.0,30.0,beat_this
BZs2ixvEyKM.wav,17.14,0.0,30.0,beat_this
BZs2ixvEyKM.wav,17.86,0.0,30.0,beat_this
BZs2ixvEyKM.wav,18.08,0.0,30.0,beat_this
BZs2ixvEyKM.wav,18.54,0.0,30.0,beat_this
BZs2ixvEyKM.wav,19.0,0.0,30.0,beat_this
BZs2ixvEyKM.wav,19.48,0.0,30.0,beat_this
BZs2ixvEyKM.wav,19.94,0.0,30.0,beat_this
BZs2ixvEyKM.wav,20.4,0.0,30.0,beat_this
BZs2ixvEyKM.wav,20.86,0.0,30.0,beat_this
BZs2ixvEyKM.wav,21.32,0.0,30.0,beat_this
BZs2ixvEyKM.wav,21.78,0.0,30.0,beat_this
BZs2ixvEyKM.wav,22.24,0.0,30.0,beat_this
BZs2ixvEyKM.wav,22.7,0.0,30.0,beat_this
BZs2ixvEyKM.wav,23.16,0.0,30.0,beat_this
BZs2ixvEyKM.wav,23.62,0.0,30.0,beat_this
BZs2ixvEyKM.wav,24.08,0.0,30.0,beat_this
BZs2ixvEyKM.wav,24.54,0.0,30.0,beat_this
BZs2ixvEyKM.wav,25.0,0.0,30.0,beat_this
BZs2ixvEyKM.wav,25.48,0.0,30.0,beat_this
BZs2ixvEyKM.wav,25.94,0.0,30.0,beat_this
BZs2ixvEyKM.wav,26.38,0.0,30.0,beat_this
BZs2ixvEyKM.wav,26.86,0.0,30.0,beat_this
BZs2ixvEyKM.wav,27.32,0.0,30.0,beat_this
BZs2ixvEyKM.wav,27.76,0.0,30.0,beat_this
BZs2ixvEyKM.wav,28.24,0.0,30.0,beat_this
BZs2ixvEyKM.wav,28.7,0.0,30.0,beat_this
BZs2ixvEyKM.wav,29.18,0.0,30.0,beat_this
BZs2ixvEyKM.wav,29.64,0.0,30.0,beat_this
C0vS_SbaaFI.wav,0.76,0.0,30.0,beat_this
C0vS_SbaaFI.wav,1.82,0.0,30.0,beat_this
C0vS_SbaaFI.wav,2.86,0.0,30.0,beat_this
C0vS_SbaaFI.wav,3.92,0.0,30.0,beat_this
C0vS_SbaaFI.wav,4.98,0.0,30.0,beat_this
C0vS_SbaaFI.wav,6.02,0.0,30.0,beat_this
C0vS_SbaaFI.wav,7.08,0.0,30.0,beat_this
C0vS_SbaaFI.wav,8.14,0.0,30.0,beat_this
C0vS_SbaaFI.wav,8.66,0.0,30.0,beat_this
C0vS_SbaaFI.wav,9.18,0.0,30.0,beat_this
C0vS_SbaaFI.wav,9.72,0.0,30.0,beat_this
C0vS_SbaaFI.wav,10.24,0.0,30.0,beat_this
C0vS_SbaaFI.wav,11.3,0.0,30.0,beat_this
C0vS_SbaaFI.wav,12.34,0.0,30.0,beat_this
C0vS_SbaaFI.wav,12.86,0.0,30.0,beat_this
C0vS_SbaaFI.wav,13.38,0.0,30.0,beat_this
C0vS_SbaaFI.wav,14.44,0.0,30.0,beat_this
C0vS_SbaaFI.wav,15.5,0.0,30.0,beat_this
C0vS_SbaaFI.wav,16.56,0.0,30.0,beat_this
C0vS_SbaaFI.wav,17.6,0.0,30.0,beat_this
C0vS_SbaaFI.wav,18.66,0.0,30.0,beat_this
C0vS_SbaaFI.wav,19.7,0.0,30.0,beat_this
C0vS_SbaaFI.wav,20.76,0.0,30.0,beat_this
C0vS_SbaaFI.wav,21.82,0.0,30.0,beat_this
C0vS_SbaaFI.wav,22.88,0.0,30.0,beat_this
C0vS_SbaaFI.wav,23.92,0.0,30.0,beat_this
C0vS_SbaaFI.wav,24.98,0.0,30.0,beat_this
C0vS_SbaaFI.wav,26.02,0.0,30.0,beat_this
C0vS_SbaaFI.wav,27.08,0.0,30.0,beat_this
C0vS_SbaaFI.wav,28.14,0.0,30.0,beat_this
C0vS_SbaaFI.wav,29.2,0.0,30.0,beat_this
CDetbKTJ1dY.wav,0.2,0.0,30.0,beat_this
CDetbKTJ1dY.wav,0.8,0.0,30.0,beat_this
CDetbKTJ1dY.wav,1.38,0.0,30.0,beat_this
CDetbKTJ1dY.wav,1.94,0.0,30.0,beat_this
CDetbKTJ1dY.wav,2.52,0.0,30.0,beat_this
CDetbKTJ1dY.wav,3.1,0.0,30.0,beat_this
CDetbKTJ1dY.wav,3.68,0.0,30.0,beat_this
CDetbKTJ1dY.wav,4.26,0.0,30.0,beat_this
CDetbKTJ1dY.wav,4.82,0.0,30.0,beat_this
CDetbKTJ1dY.wav,5.42,0.0,30.0,beat_this
CDetbKTJ1dY.wav,5.98,0.0,30.0,beat_this
CDetbKTJ1dY.wav,6.58,0.0,30.0,beat_this
CDetbKTJ1dY.wav,7.14,0.0,30.0,beat_this
CDetbKTJ1dY.wav,7.72,0.0,30.0,beat_this
CDetbKTJ1dY.wav,8.28,0.0,30.0,beat_this
CDetbKTJ1dY.wav,8.88,0.0,30.0,beat_this
CDetbKTJ1dY.wav,9.44,0.0,30.0,beat_this
CDetbKTJ1dY.wav,10.02,0.0,30.0,beat_this
CDetbKTJ1dY.wav,10.6,0.0,30.0,beat_this
CDetbKTJ1dY.wav,11.18,0.0,30.0,beat_this
CDetbKTJ1dY.wav,11.74,0.0,30.0,beat_this
CDetbKTJ1dY.wav,12.34,0.0,30.0,beat_this
CDetbKTJ1dY.wav,12.92,0.0,30.0,beat_this
CDetbKTJ1dY.wav,13.48,0.0,30.0,beat_this
CDetbKTJ1dY.wav,14.06,0.0,30.0,beat_this
CDetbKTJ1dY.wav,14.66,0.0,30.0,beat_this
CDetbKTJ1dY.wav,15.22,0.0,30.0,beat_this
CDetbKTJ1dY.wav,15.8,0.0,30.0,beat_this
CDetbKTJ1dY.wav,16.36,0.0,30.0,beat_this
CDetbKTJ1dY.wav,16.94,0.0,30.0,beat_this
CDetbKTJ1dY.wav,17.52,0.0,30.0,beat_this
CDetbKTJ1dY.wav,18.1,0.0,30.0,beat_this
CDetbKTJ1dY.wav,18.68,0.0,30.0,beat_this
CDetbKTJ1dY.wav,19.26,0.0,30.0,beat_this
CDetbKTJ1dY.wav,19.82,0.0,30.0,beat_this
CDetbKTJ1dY.wav,20.4,0.0,30.0,beat_this
CDetbKTJ1dY.wav,20.98,0.0,30.0,beat_this
CDetbKTJ1dY.wav,21.56,0.0,30.0,beat_this
CDetbKTJ1dY.wav,22.14,0.0,30.0,beat_this
CDetbKTJ1dY.wav,22.72,0.0,30.0,beat_this
CDetbKTJ1dY.wav,23.3,0.0,30.0,beat_this
CDetbKTJ1dY.wav,23.88,0.0,30.0,beat_this
CDetbKTJ1dY.wav,24.44,0.0,30.0,beat_this
CDetbKTJ1dY.wav,25.02,0.0,30.0,beat_this
CDetbKTJ1dY.wav,25.6,0.0,30.0,beat_this
CDetbKTJ1dY.wav,26.18,0.0,30.0,beat_this
CDetbKTJ1dY.wav,26.76,0.0,30.0,beat_this
CDetbKTJ1dY.wav,27.32,0.0,30.0,beat_this
CDetbKTJ1dY.wav,27.9,0.0,30.0,beat_this
CDetbKTJ1dY.wav,28.48,0.0,30.0,beat_this
CDetbKTJ1dY.wav,29.06,0.0,30.0,beat_this
CDetbKTJ1dY.wav,29.64,0.0,30.0,beat_this
CpJMjyTMg1Q.wav,0.32,0.0,30.0,beat_this
CpJMjyTMg1Q.wav,0.84,0.0,30.0,beat_this
CpJMjyTMg1Q.wav,1.34,0.0,30.0,beat_this
CpJMjyTMg1Q.wav,1.86,0.0,30.0,beat_this
CpJMjyTMg1Q.wav,2.36,0.0,30.0,beat_this
CpJMjyTMg1Q.wav,2.88,0.0,30.0,beat_this
CpJMjyTMg1Q.wav,3.4,0.0,30.0,beat_this
CpJMjyTMg1Q.wav,3.92,0.0,30.0,beat_this
CpJMjyTMg1Q.wav,4.42,0.0,30.0,beat_this
CpJMjyTMg1Q.wav,4.94,0.0,30.0,beat_this
CpJMjyTMg1Q.wav,5.44,0.0,30.0,beat_this
CpJMjyTMg1Q.wav,5.96,0.0,30.0,beat_this
CpJMjyTMg1Q.wav,6.48,0.0,30.0,beat_this
CpJMjyTMg1Q.wav,6.98,0.0,30.0,beat_this
CpJMjyTMg1Q.wav,7.5,0.0,30.0,beat_this
CpJMjyTMg1Q.wav,8.02,0.0,30.0,beat_this
CpJMjyTMg1Q.wav,8.52,0.0,30.0,beat_this
CpJMjyTMg1Q.wav,9.04,0.0,30.0,beat_this
CpJMjyTMg1Q.wav,9.54,0.0,30.0,beat_this
CpJMjyTMg1Q.wav,10.06,0.0,30.0,beat_this
CpJMjyTMg1Q.wav,10.58,0.0,30.0,beat_this
CpJMjyTMg1Q.wav,11.1,0.0,30.0,beat_this
CpJMjyTMg1Q.wav,11.6,0.0,30.0,beat_this
CpJMjyTMg1Q.wav,12.12,0.0,30.0,beat_this
CpJMjyTMg1Q.wav,12.62,0.0,30.0,beat_this
CpJMjyTMg1Q.wav,13.14,0.0,30.0,beat_this
CpJMjyTMg1Q.wav,13.64,0.0,30.0,beat_this
CpJMjyTMg1Q.wav,14.16,0.0,30.0,beat_this
CpJMjyTMg1Q.wav,14.68,0.0,30.0,beat_this
CpJMjyTMg1Q.wav,15.2,0.0,30.0,beat_this
CpJMjyTMg1Q.wav,15.7,0.0,30.0,beat_this
CpJMjyTMg1Q.wav,16.22,0.0,30.0,beat_this
CpJMjyTMg1Q.wav,16.74,0.0,30.0,beat_this
CpJMjyTMg1Q.wav,17.24,0.0,30.0,beat_this
CpJMjyTMg1Q.wav,17.76,0.0,30.0,beat_this
CpJMjyTMg1Q.wav,18.28,0.0,30.0,beat_this
CpJMjyTMg1Q.wav,18.78,0.0,30.0,beat_this
CpJMjyTMg1Q.wav,19.3,0.0,30.0,beat_this
CpJMjyTMg1Q.wav,19.8,0.0,30.0,beat_this
CpJMjyTMg1Q.wav,20.32,0.0,30.0,beat_this
CpJMjyTMg1Q.wav,20.84,0.0,30.0,beat_this
CpJMjyTMg1Q.wav,21.36,0.0,30.0,beat_this
CpJMjyTMg1Q.wav,21.86,0.0,30.0,beat_this
CpJMjyTMg1Q.wav,22.38,0.0,30.0,beat_this
CpJMjyTMg1Q.wav,22.88,0.0,30.0,beat_this
CpJMjyTMg1Q.wav,23.4,0.0,30.0,beat_this
CpJMjyTMg1Q.wav,23.92,0.0,30.0,beat_this
CpJMjyTMg1Q.wav,24.42,0.0,30.0,beat_this
CpJMjyTMg1Q.wav,24.94,0.0,30.0,beat_this
CpJMjyTMg1Q.wav,25.46,0.0,30.0,beat_this
CpJMjyTMg1Q.wav,25.96,0.0,30.0,beat_this
CpJMjyTMg1Q.wav,26.48,0.0,30.0,beat_this
CpJMjyTMg1Q.wav,27.0,0.0,30.0,beat_this
CpJMjyTMg1Q.wav,27.5,0.0,30.0,beat_this
CpJMjyTMg1Q.wav,28.02,0.0,30.0,beat_this
CpJMjyTMg1Q.wav,28.54,0.0,30.0,beat_this
CpJMjyTMg1Q.wav,29.04,0.0,30.0,beat_this
CpJMjyTMg1Q.wav,29.56,0.0,30.0,beat_this
Cwkej79U3ek.wav,0.02,0.0,30.0,beat_this
Cwkej79U3ek.wav,0.68,0.0,30.0,beat_this
Cwkej79U3ek.wav,1.3,0.0,30.0,beat_this
Cwkej79U3ek.wav,1.94,0.0,30.0,beat_this
Cwkej79U3ek.wav,2.56,0.0,30.0,beat_this
Cwkej79U3ek.wav,3.2,0.0,30.0,beat_this
Cwkej79U3ek.wav,3.82,0.0,30.0,beat_this
Cwkej79U3ek.wav,4.48,0.0,30.0,beat_this
Cwkej79U3ek.wav,5.1,0.0,30.0,beat_this
Cwkej79U3ek.wav,5.72,0.0,30.0,beat_this
Cwkej79U3ek.wav,6.36,0.0,30.0,beat_this
Cwkej79U3ek.wav,7.0,0.0,30.0,beat_this
Cwkej79U3ek.wav,7.62,0.0,30.0,beat_this
Cwkej79U3ek.wav,8.26,0.0,30.0,beat_this
Cwkej79U3ek.wav,8.88,0.0,30.0,beat_this
Cwkej79U3ek.wav,9.5,0.0,30.0,beat_this
Cwkej79U3ek.wav,10.14,0.0,30.0,beat_this
Cwkej79U3ek.wav,10.78,0.0,30.0,beat_this
Cwkej79U3ek.wav,11.4,0.0,30.0,beat_this
Cwkej79U3ek.wav,12.04,0.0,30.0,beat_this
Cwkej79U3ek.wav,12.66,0.0,30.0,beat_this
Cwkej79U3ek.wav,13.3,0.0,30.0,beat_this
Cwkej79U3ek.wav,13.94,0.0,30.0,beat_this
Cwkej79U3ek.wav,14.56,0.0,30.0,beat_this
Cwkej79U3ek.wav,15.2,0.0,30.0,beat_this
Cwkej79U3ek.wav,15.82,0.0,30.0,beat_this
Cwkej79U3ek.wav,16.46,0.0,30.0,beat_this
Cwkej79U3ek.wav,17.1,0.0,30.0,beat_this
Cwkej79U3ek.wav,17.72,0.0,30.0,beat_this
Cwkej79U3ek.wav,18.36,0.0,30.0,beat_this
Cwkej79U3ek.wav,18.98,0.0,30.0,beat_this
Cwkej79U3ek.wav,19.62,0.0,30.0,beat_this
Cwkej79U3ek.wav,20.24,0.0,30.0,beat_this
Cwkej79U3ek.wav,20.88,0.0,30.0,beat_this
Cwkej79U3ek.wav,21.52,0.0,30.0,beat_this
Cwkej79U3ek.wav,22.14,0.0,30.0,beat_this
Cwkej79U3ek.wav,22.78,0.0,30.0,beat_this
Cwkej79U3ek.wav,23.42,0.0,30.0,beat_this
Cwkej79U3ek.wav,24.04,0.0,30.0,beat_this
Cwkej79U3ek.wav,24.68,0.0,30.0,beat_this
Cwkej79U3ek.wav,25.3,0.0,30.0,beat_this
Cwkej79U3ek.wav,25.94,0.0,30.0,beat_this
Cwkej79U3ek.wav,26.56,0.0,30.0,beat_this
Cwkej79U3ek.wav,27.2,0.0,30.0,beat_this
Cwkej79U3ek.wav,27.82,0.0,30.0,beat_this
Cwkej79U3ek.wav,28.46,0.0,30.0,beat_this
Cwkej79U3ek.wav,29.08,0.0,30.0,beat_this
Cwkej79U3ek.wav,29.74,0.0,30.0,beat_this
CzYrMns8QAg.wav,0.48,0.0,30.0,beat_this
CzYrMns8QAg.wav,1.42,0.0,30.0,beat_this
CzYrMns8QAg.wav,2.34,0.0,30.0,beat_this
CzYrMns8QAg.wav,3.28,0.0,30.0,beat_this
CzYrMns8QAg.wav,4.18,0.0,30.0,beat_this
CzYrMns8QAg.wav,5.12,0.0,30.0,beat_this
CzYrMns8QAg.wav,6.02,0.0,30.0,beat_this
CzYrMns8QAg.wav,6.96,0.0,30.0,beat_this
CzYrMns8QAg.wav,7.86,0.0,30.0,beat_this
CzYrMns8QAg.wav,8.78,0.0,30.0,beat_this
CzYrMns8QAg.wav,9.72,0.0,30.0,beat_this
CzYrMns8QAg.wav,10.64,0.0,30.0,beat_this
CzYrMns8QAg.wav,11.56,0.0,30.0,beat_this
CzYrMns8QAg.wav,12.48,0.0,30.0,beat_this
CzYrMns8QAg.wav,13.4,0.0,30.0,beat_this
CzYrMns8QAg.wav,14.32,0.0,30.0,beat_this
CzYrMns8QAg.wav,15.24,0.0,30.0,beat_this
CzYrMns8QAg.wav,16.18,0.0,30.0,beat_this
CzYrMns8QAg.wav,17.1,0.0,30.0,beat_this
CzYrMns8QAg.wav,18.02,0.0,30.0,beat_this
CzYrMns8QAg.wav,18.94,0.0,30.0,beat_this
CzYrMns8QAg.wav,19.86,0.0,30.0,beat_this
CzYrMns8QAg.wav,20.78,0.0,30.0,beat_this
CzYrMns8QAg.wav,21.72,0.0,30.0,beat_this
CzYrMns8QAg.wav,22.62,0.0,30.0,beat_this
CzYrMns8QAg.wav,23.54,0.0,30.0,beat_this
CzYrMns8QAg.wav,24.46,0.0,30.0,beat_this
CzYrMns8QAg.wav,25.4,0.0,30.0,beat_this
CzYrMns8QAg.wav,26.32,0.0,30.0,beat_this
CzYrMns8QAg.wav,27.24,0.0,30.0,beat_this
CzYrMns8QAg.wav,28.16,0.0,30.0,beat_this
CzYrMns8QAg.wav,29.08,0.0,30.0,beat_this
CzYrMns8QAg.wav,30.0,0.0,30.0,beat_this
D3sueyrnhNw.wav,0.38,0.0,30.0,beat_this
D3sueyrnhNw.wav,0.88,0.0,30.0,beat_this
D3sueyrnhNw.wav,1.38,0.0,30.0,beat_this
D3sueyrnhNw.wav,1.88,0.0,30.0,beat_this
D3sueyrnhNw.wav,2.38,0.0,30.0,beat_this
D3sueyrnhNw.wav,2.88,0.0,30.0,beat_this
D3sueyrnhNw.wav,3.4,0.0,30.0,beat_this
D3sueyrnhNw.wav,3.9,0.0,30.0,beat_this
D3sueyrnhNw.wav,4.38,0.0,30.0,beat_this
D3sueyrnhNw.wav,4.9,0.0,30.0,beat_this
D3sueyrnhNw.wav,5.38,0.0,30.0,beat_this
D3sueyrnhNw.wav,5.9,0.0,30.0,beat_this
D3sueyrnhNw.wav,6.4,0.0,30.0,beat_this
D3sueyrnhNw.wav,6.9,0.0,30.0,beat_this
D3sueyrnhNw.wav,7.4,0.0,30.0,beat_this
D3sueyrnhNw.wav,7.9,0.0,30.0,beat_this
D3sueyrnhNw.wav,8.38,0.0,30.0,beat_this
D3sueyrnhNw.wav,8.9,0.0,30.0,beat_this
D3sueyrnhNw.wav,9.38,0.0,30.0,beat_this
D3sueyrnhNw.wav,9.9,0.0,30.0,beat_this
D3sueyrnhNw.wav,10.4,0.0,30.0,beat_this
D3sueyrnhNw.wav,10.9,0.0,30.0,beat_this
D3sueyrnhNw.wav,11.4,0.0,30.0,beat_this
D3sueyrnhNw.wav,11.9,0.0,30.0,beat_this
D3sueyrnhNw.wav,12.4,0.0,30.0,beat_this
D3sueyrnhNw.wav,12.9,0.0,30.0,beat_this
D3sueyrnhNw.wav,13.4,0.0,30.0,beat_this
D3sueyrnhNw.wav,13.9,0.0,30.0,beat_this
D3sueyrnhNw.wav,14.4,0.0,30.0,beat_this
D3sueyrnhNw.wav,14.9,0.0,30.0,beat_this
D3sueyrnhNw.wav,15.4,0.0,30.0,beat_this
D3sueyrnhNw.wav,15.9,0.0,30.0,beat_this
D3sueyrnhNw.wav,16.4,0.0,30.0,beat_this
D3sueyrnhNw.wav,16.9,0.0,30.0,beat_this
D3sueyrnhNw.wav,17.38,0.0,30.0,beat_this
D3sueyrnhNw.wav,17.9,0.0,30.0,beat_this
D3sueyrnhNw.wav,18.4,0.0,30.0,beat_this
D3sueyrnhNw.wav,18.9,0.0,30.0,beat_this
D3sueyrnhNw.wav,19.38,0.0,30.0,beat_this
D3sueyrnhNw.wav,19.88,0.0,30.0,beat_this
D3sueyrnhNw.wav,20.38,0.0,30.0,beat_this
D3sueyrnhNw.wav,20.88,0.0,30.0,beat_this
D3sueyrnhNw.wav,21.38,0.0,30.0,beat_this
D3sueyrnhNw.wav,21.88,0.0,30.0,beat_this
D3sueyrnhNw.wav,22.38,0.0,30.0,beat_this
D3sueyrnhNw.wav,22.9,0.0,30.0,beat_this
D3sueyrnhNw.wav,23.4,0.0,30.0,beat_this
D3sueyrnhNw.wav,23.92,0.0,30.0,beat_this
D3sueyrnhNw.wav,24.4,0.0,30.0,beat_this
D3sueyrnhNw.wav,24.9,0.0,30.0,beat_this
D3sueyrnhNw.wav,25.4,0.0,30.0,beat_this
D3sueyrnhNw.wav,25.9,0.0,30.0,beat_this
D3sueyrnhNw.wav,26.4,0.0,30.0,beat_this
D3sueyrnhNw.wav,26.9,0.0,30.0,beat_this
D3sueyrnhNw.wav,27.38,0.0,30.0,beat_this
D3sueyrnhNw.wav,27.9,0.0,30.0,beat_this
D3sueyrnhNw.wav,28.4,0.0,30.0,beat_this
D3sueyrnhNw.wav,28.9,0.0,30.0,beat_this
D3sueyrnhNw.wav,29.4,0.0,30.0,beat_this
D3sueyrnhNw.wav,29.92,0.0,30.0,beat_this
DGZLtb-MWp4.wav,0.0,0.0,30.0,beat_this
DGZLtb-MWp4.wav,0.54,0.0,30.0,beat_this
DGZLtb-MWp4.wav,1.06,0.0,30.0,beat_this
DGZLtb-MWp4.wav,1.58,0.0,30.0,beat_this
DGZLtb-MWp4.wav,2.12,0.0,30.0,beat_this
DGZLtb-MWp4.wav,2.64,0.0,30.0,beat_this
DGZLtb-MWp4.wav,3.16,0.0,30.0,beat_this
DGZLtb-MWp4.wav,3.7,0.0,30.0,beat_this
DGZLtb-MWp4.wav,4.22,0.0,30.0,beat_this
DGZLtb-MWp4.wav,4.74,0.0,30.0,beat_this
DGZLtb-MWp4.wav,5.26,0.0,30.0,beat_this
DGZLtb-MWp4.wav,5.8,0.0,30.0,beat_this
DGZLtb-MWp4.wav,6.32,0.0,30.0,beat_this
DGZLtb-MWp4.wav,6.84,0.0,30.0,beat_this
DGZLtb-MWp4.wav,7.38,0.0,30.0,beat_this
DGZLtb-MWp4.wav,7.9,0.0,30.0,beat_this
DGZLtb-MWp4.wav,8.42,0.0,30.0,beat_this
DGZLtb-MWp4.wav,8.96,0.0,30.0,beat_this
DGZLtb-MWp4.wav,9.48,0.0,30.0,beat_this
DGZLtb-MWp4.wav,10.0,0.0,30.0,beat_this
DGZLtb-MWp4.wav,10.54,0.0,30.0,beat_this
DGZLtb-MWp4.wav,11.06,0.0,30.0,beat_this
DGZLtb-MWp4.wav,11.58,0.0,30.0,beat_this
DGZLtb-MWp4.wav,12.12,0.0,30.0,beat_this
DGZLtb-MWp4.wav,12.64,0.0,30.0,beat_this
DGZLtb-MWp4.wav,13.16,0.0,30.0,beat_this
DGZLtb-MWp4.wav,13.68,0.0,30.0,beat_this
DGZLtb-MWp4.wav,14.22,0.0,30.0,beat_this
DGZLtb-MWp4.wav,14.74,0.0,30.0,beat_this
DGZLtb-MWp4.wav,15.28,0.0,30.0,beat_this
DGZLtb-MWp4.wav,15.8,0.0,30.0,beat_this
DGZLtb-MWp4.wav,16.32,0.0,30.0,beat_this
DGZLtb-MWp4.wav,16.84,0.0,30.0,beat_this
DGZLtb-MWp4.wav,17.36,0.0,30.0,beat_this
DGZLtb-MWp4.wav,17.9,0.0,30.0,beat_this
DGZLtb-MWp4.wav,18.44,0.0,30.0,beat_this
DGZLtb-MWp4.wav,18.96,0.0,30.0,beat_this
DGZLtb-MWp4.wav,19.46,0.0,30.0,beat_this
DGZLtb-MWp4.wav,20.0,0.0,30.0,beat_this
DGZLtb-MWp4.wav,20.54,0.0,30.0,beat_this
DGZLtb-MWp4.wav,21.06,0.0,30.0,beat_this
DGZLtb-MWp4.wav,21.58,0.0,30.0,beat_this
DGZLtb-MWp4.wav,22.12,0.0,30.0,beat_this
DGZLtb-MWp4.wav,22.64,0.0,30.0,beat_this
DGZLtb-MWp4.wav,23.16,0.0,30.0,beat_this
DGZLtb-MWp4.wav,23.7,0.0,30.0,beat_this
DGZLtb-MWp4.wav,24.22,0.0,30.0,beat_this
DGZLtb-MWp4.wav,24.74,0.0,30.0,beat_this
DGZLtb-MWp4.wav,25.28,0.0,30.0,beat_this
DGZLtb-MWp4.wav,25.8,0.0,30.0,beat_this
DGZLtb-MWp4.wav,26.32,0.0,30.0,beat_this
DGZLtb-MWp4.wav,26.84,0.0,30.0,beat_this
DGZLtb-MWp4.wav,27.36,0.0,30.0,beat_this
DGZLtb-MWp4.wav,27.88,0.0,30.0,beat_this
DGZLtb-MWp4.wav,28.42,0.0,30.0,beat_this
DGZLtb-MWp4.wav,28.96,0.0,30.0,beat_this
DGZLtb-MWp4.wav,29.48,0.0,30.0,beat_this
DGZLtb-MWp4.wav,29.98,0.0,30.0,beat_this
DO5TjDsrRpM.wav,0.3,0.0,30.0,beat_this
DO5TjDsrRpM.wav,0.92,0.0,30.0,beat_this
DO5TjDsrRpM.wav,1.54,0.0,30.0,beat_this
DO5TjDsrRpM.wav,2.16,0.0,30.0,beat_this
DO5TjDsrRpM.wav,2.78,0.0,30.0,beat_this
DO5TjDsrRpM.wav,3.4,0.0,30.0,beat_this
DO5TjDsrRpM.wav,4.02,0.0,30.0,beat_this
DO5TjDsrRpM.wav,4.64,0.0,30.0,beat_this
DO5TjDsrRpM.wav,5.24,0.0,30.0,beat_this
DO5TjDsrRpM.wav,5.88,0.0,30.0,beat_this
DO5TjDsrRpM.wav,6.48,0.0,30.0,beat_this
DO5TjDsrRpM.wav,7.12,0.0,30.0,beat_this
DO5TjDsrRpM.wav,7.72,0.0,30.0,beat_this
DO5TjDsrRpM.wav,8.36,0.0,30.0,beat_this
DO5TjDsrRpM.wav,8.96,0.0,30.0,beat_this
DO5TjDsrRpM.wav,9.58,0.0,30.0,beat_this
DO5TjDsrRpM.wav,10.2,0.0,30.0,beat_this
DO5TjDsrRpM.wav,10.84,0.0,30.0,beat_this
DO5TjDsrRpM.wav,11.44,0.0,30.0,beat_this
DO5TjDsrRpM.wav,12.06,0.0,30.0,beat_this
DO5TjDsrRpM.wav,12.68,0.0,30.0,beat_this
DO5TjDsrRpM.wav,13.3,0.0,30.0,beat_this
DO5TjDsrRpM.wav,13.9,0.0,30.0,beat_this
DO5TjDsrRpM.wav,14.54,0.0,30.0,beat_this
DO5TjDsrRpM.wav,15.14,0.0,30.0,beat_this
DO5TjDsrRpM.wav,15.78,0.0,30.0,beat_this
DO5TjDsrRpM.wav,16.38,0.0,30.0,beat_this
DO5TjDsrRpM.wav,17.0,0.0,30.0,beat_this
DO5TjDsrRpM.wav,17.62,0.0,30.0,beat_this
DO5TjDsrRpM.wav,18.24,0.0,30.0,beat_this
DO5TjDsrRpM.wav,18.86,0.0,30.0,beat_this
DO5TjDsrRpM.wav,19.48,0.0,30.0,beat_this
DO5TjDsrRpM.wav,20.1,0.0,30.0,beat_this
DO5TjDsrRpM.wav,20.72,0.0,30.0,beat_this
DO5TjDsrRpM.wav,21.32,0.0,30.0,beat_this
DO5TjDsrRpM.wav,21.96,0.0,30.0,beat_this
DO5TjDsrRpM.wav,22.56,0.0,30.0,beat_this
DO5TjDsrRpM.wav,23.2,0.0,30.0,beat_this
DO5TjDsrRpM.wav,23.8,0.0,30.0,beat_this
DO5TjDsrRpM.wav,24.44,0.0,30.0,beat_this
DO5TjDsrRpM.wav,25.04,0.0,30.0,beat_this
DO5TjDsrRpM.wav,25.66,0.0,30.0,beat_this
DO5TjDsrRpM.wav,26.28,0.0,30.0,beat_this
DO5TjDsrRpM.wav,26.9,0.0,30.0,beat_this
DO5TjDsrRpM.wav,27.52,0.0,30.0,beat_this
DO5TjDsrRpM.wav,28.14,0.0,30.0,beat_this
DO5TjDsrRpM.wav,28.76,0.0,30.0,beat_this
DO5TjDsrRpM.wav,29.38,0.0,30.0,beat_this
DO5TjDsrRpM.wav,30.0,0.0,30.0,beat_this
DgT4CPv_CCE.wav,0.0,0.0,30.0,beat_this
DgT4CPv_CCE.wav,0.48,0.0,30.0,beat_this
DgT4CPv_CCE.wav,0.98,0.0,30.0,beat_this
DgT4CPv_CCE.wav,1.48,0.0,30.0,beat_this
DgT4CPv_CCE.wav,1.96,0.0,30.0,beat_this
DgT4CPv_CCE.wav,2.48,0.0,30.0,beat_this
DgT4CPv_CCE.wav,2.98,0.0,30.0,beat_this
DgT4CPv_CCE.wav,3.46,0.0,30.0,beat_this
DgT4CPv_CCE.wav,3.96,0.0,30.0,beat_this
DgT4CPv_CCE.wav,4.46,0.0,30.0,beat_this
DgT4CPv_CCE.wav,4.96,0.0,30.0,beat_this
DgT4CPv_CCE.wav,5.48,0.0,30.0,beat_this
DgT4CPv_CCE.wav,5.98,0.0,30.0,beat_this
DgT4CPv_CCE.wav,6.46,0.0,30.0,beat_this
DgT4CPv_CCE.wav,6.98,0.0,30.0,beat_this
DgT4CPv_CCE.wav,7.46,0.0,30.0,beat_this
DgT4CPv_CCE.wav,7.96,0.0,30.0,beat_this
DgT4CPv_CCE.wav,8.46,0.0,30.0,beat_this
DgT4CPv_CCE.wav,8.96,0.0,30.0,beat_this
DgT4CPv_CCE.wav,9.46,0.0,30.0,beat_this
DgT4CPv_CCE.wav,9.96,0.0,30.0,beat_this
DgT4CPv_CCE.wav,10.48,0.0,30.0,beat_this
DgT4CPv_CCE.wav,10.98,0.0,30.0,beat_this
DgT4CPv_CCE.wav,11.46,0.0,30.0,beat_this
DgT4CPv_CCE.wav,11.96,0.0,30.0,beat_this
DgT4CPv_CCE.wav,12.46,0.0,30.0,beat_this
DgT4CPv_CCE.wav,12.98,0.0,30.0,beat_this
DgT4CPv_CCE.wav,13.48,0.0,30.0,beat_this
DgT4CPv_CCE.wav,13.96,0.0,30.0,beat_this
DgT4CPv_CCE.wav,14.46,0.0,30.0,beat_this
DgT4CPv_CCE.wav,14.96,0.0,30.0,beat_this
DgT4CPv_CCE.wav,15.46,0.0,30.0,beat_this
DgT4CPv_CCE.wav,15.96,0.0,30.0,beat_this
DgT4CPv_CCE.wav,16.46,0.0,30.0,beat_this
DgT4CPv_CCE.wav,16.98,0.0,30.0,beat_this
DgT4CPv_CCE.wav,17.46,0.0,30.0,beat_this
DgT4CPv_CCE.wav,17.96,0.0,30.0,beat_this
DgT4CPv_CCE.wav,18.46,0.0,30.0,beat_this
DgT4CPv_CCE.wav,18.98,0.0,30.0,beat_this
DgT4CPv_CCE.wav,19.48,0.0,30.0,beat_this
DgT4CPv_CCE.wav,19.98,0.0,30.0,beat_this
DgT4CPv_CCE.wav,20.48,0.0,30.0,beat_this
DgT4CPv_CCE.wav,20.98,0.0,30.0,beat_this
DgT4CPv_CCE.wav,21.48,0.0,30.0,beat_this
DgT4CPv_CCE.wav,21.98,0.0,30.0,beat_this
DgT4CPv_CCE.wav,22.46,0.0,30.0,beat_this
DgT4CPv_CCE.wav,22.98,0.0,30.0,beat_this
DgT4CPv_CCE.wav,23.46,0.0,30.0,beat_this
DgT4CPv_CCE.wav,23.98,0.0,30.0,beat_this
DgT4CPv_CCE.wav,24.48,0.0,30.0,beat_this
DgT4CPv_CCE.wav,24.98,0.0,30.0,beat_this
DgT4CPv_CCE.wav,25.48,0.0,30.0,beat_this
DgT4CPv_CCE.wav,25.98,0.0,30.0,beat_this
DgT4CPv_CCE.wav,26.48,0.0,30.0,beat_this
DgT4CPv_CCE.wav,26.98,0.0,30.0,beat_this
DgT4CPv_CCE.wav,27.48,0.0,30.0,beat_this
DgT4CPv_CCE.wav,27.98,0.0,30.0,beat_this
DgT4CPv_CCE.wav,28.46,0.0,30.0,beat_this
DgT4CPv_CCE.wav,28.98,0.0,30.0,beat_this
DgT4CPv_CCE.wav,29.48,0.0,30.0,beat_this
DgT4CPv_CCE.wav,29.98,0.0,30.0,beat_this
E2fPGGZgp-M.wav,0.18,0.0,30.0,beat_this
E2fPGGZgp-M.wav,0.8,0.0,30.0,beat_this
E2fPGGZgp-M.wav,1.42,0.0,30.0,beat_this
E2fPGGZgp-M.wav,2.04,0.0,30.0,beat_this
E2fPGGZgp-M.wav,2.68,0.0,30.0,beat_this
E2fPGGZgp-M.wav,3.3,0.0,30.0,beat_this
E2fPGGZgp-M.wav,3.94,0.0,30.0,beat_this
E2fPGGZgp-M.wav,4.56,0.0,30.0,beat_this
E2fPGGZgp-M.wav,5.2,0.0,30.0,beat_this
E2fPGGZgp-M.wav,5.84,0.0,30.0,beat_this
E2fPGGZgp-M.wav,6.46,0.0,30.0,beat_this
E2fPGGZgp-M.wav,7.1,0.0,30.0,beat_this
E2fPGGZgp-M.wav,7.74,0.0,30.0,beat_this
E2fPGGZgp-M.wav,8.36,0.0,30.0,beat_this
E2fPGGZgp-M.wav,9.0,0.0,30.0,beat_this
E2fPGGZgp-M.wav,9.62,0.0,30.0,beat_this
E2fPGGZgp-M.wav,10.24,0.0,30.0,beat_this
E2fPGGZgp-M.wav,10.88,0.0,30.0,beat_this
E2fPGGZgp-M.wav,11.52,0.0,30.0,beat_this
E2fPGGZgp-M.wav,12.16,0.0,30.0,beat_this
E2fPGGZgp-M.wav,12.78,0.0,30.0,beat_this
E2fPGGZgp-M.wav,13.42,0.0,30.0,beat_this
E2fPGGZgp-M.wav,14.04,0.0,30.0,beat_this
E2fPGGZgp-M.wav,14.68,0.0,30.0,beat_this
E2fPGGZgp-M.wav,15.32,0.0,30.0,beat_this
E2fPGGZgp-M.wav,15.94,0.0,30.0,beat_this
E2fPGGZgp-M.wav,16.56,0.0,30.0,beat_this
E2fPGGZgp-M.wav,17.2,0.0,30.0,beat_this
E2fPGGZgp-M.wav,17.84,0.0,30.0,beat_this
E2fPGGZgp-M.wav,18.46,0.0,30.0,beat_this
E2fPGGZgp-M.wav,19.1,0.0,30.0,beat_this
E2fPGGZgp-M.wav,19.72,0.0,30.0,beat_this
E2fPGGZgp-M.wav,20.36,0.0,30.0,beat_this
E2fPGGZgp-M.wav,21.0,0.0,30.0,beat_this
E2fPGGZgp-M.wav,21.64,0.0,30.0,beat_this
E2fPGGZgp-M.wav,22.26,0.0,30.0,beat_this
E2fPGGZgp-M.wav,22.88,0.0,30.0,beat_this
E2fPGGZgp-M.wav,23.52,0.0,30.0,beat_this
E2fPGGZgp-M.wav,24.16,0.0,30.0,beat_this
E2fPGGZgp-M.wav,24.78,0.0,30.0,beat_this
E2fPGGZgp-M.wav,25.42,0.0,30.0,beat_this
E2fPGGZgp-M.wav,26.04,0.0,30.0,beat_this
E2fPGGZgp-M.wav,26.68,0.0,30.0,beat_this
E2fPGGZgp-M.wav,27.32,0.0,30.0,beat_this
E2fPGGZgp-M.wav,27.94,0.0,30.0,beat_this
E2fPGGZgp-M.wav,28.58,0.0,30.0,beat_this
E2fPGGZgp-M.wav,29.2,0.0,30.0,beat_this
E2fPGGZgp-M.wav,29.84,0.0,30.0,beat_this
E3bbJ3GMi48.wav,0.06,0.0,30.0,beat_this
E3bbJ3GMi48.wav,0.66,0.0,30.0,beat_this
E3bbJ3GMi48.wav,1.26,0.0,30.0,beat_this
E3bbJ3GMi48.wav,1.88,0.0,30.0,beat_this
E3bbJ3GMi48.wav,2.5,0.0,30.0,beat_this
E3bbJ3GMi48.wav,3.1,0.0,30.0,beat_this
E3bbJ3GMi48.wav,3.7,0.0,30.0,beat_this
E3bbJ3GMi48.wav,4.32,0.0,30.0,beat_this
E3bbJ3GMi48.wav,4.9,0.0,30.0,beat_this
E3bbJ3GMi48.wav,5.52,0.0,30.0,beat_this
E3bbJ3GMi48.wav,6.14,0.0,30.0,beat_this
E3bbJ3GMi48.wav,6.74,0.0,30.0,beat_this
E3bbJ3GMi48.wav,7.34,0.0,30.0,beat_this
E3bbJ3GMi48.wav,7.96,0.0,30.0,beat_this
E3bbJ3GMi48.wav,8.56,0.0,30.0,beat_this
E3bbJ3GMi48.wav,9.18,0.0,30.0,beat_this
E3bbJ3GMi48.wav,9.78,0.0,30.0,beat_this
E3bbJ3GMi48.wav,10.38,0.0,30.0,beat_this
E3bbJ3GMi48.wav,10.98,0.0,30.0,beat_this
E3bbJ3GMi48.wav,11.6,0.0,30.0,beat_this
E3bbJ3GMi48.wav,12.22,0.0,30.0,beat_this
E3bbJ3GMi48.wav,12.84,0.0,30.0,beat_this
E3bbJ3GMi48.wav,13.42,0.0,30.0,beat_this
E3bbJ3GMi48.wav,14.02,0.0,30.0,beat_this
E3bbJ3GMi48.wav,14.66,0.0,30.0,beat_this
E3bbJ3GMi48.wav,15.26,0.0,30.0,beat_this
E3bbJ3GMi48.wav,15.86,0.0,30.0,beat_this
E3bbJ3GMi48.wav,16.48,0.0,30.0,beat_this
E3bbJ3GMi48.wav,17.1,0.0,30.0,beat_this
E3bbJ3GMi48.wav,17.7,0.0,30.0,beat_this
E3bbJ3GMi48.wav,18.32,0.0,30.0,beat_this
E3bbJ3GMi48.wav,18.96,0.0,30.0,beat_this
E3bbJ3GMi48.wav,19.54,0.0,30.0,beat_this
E3bbJ3GMi48.wav,20.16,0.0,30.0,beat_this
E3bbJ3GMi48.wav,20.78,0.0,30.0,beat_this
E3bbJ3GMi48.wav,21.06,0.0,30.0,beat_this
E3bbJ3GMi48.wav,21.36,0.0,30.0,beat_this
E3bbJ3GMi48.wav,21.66,0.0,30.0,beat_this
E3bbJ3GMi48.wav,21.98,0.0,30.0,beat_this
E3bbJ3GMi48.wav,22.26,0.0,30.0,beat_this
E3bbJ3GMi48.wav,22.58,0.0,30.0,beat_this
E3bbJ3GMi48.wav,23.2,0.0,30.0,beat_this
E3bbJ3GMi48.wav,23.5,0.0,30.0,beat_this
E3bbJ3GMi48.wav,23.8,0.0,30.0,beat_this
E3bbJ3GMi48.wav,24.12,0.0,30.0,beat_this
E3bbJ3GMi48.wav,24.42,0.0,30.0,beat_this
E3bbJ3GMi48.wav,24.72,0.0,30.0,beat_this
E3bbJ3GMi48.wav,25.02,0.0,30.0,beat_this
E3bbJ3GMi48.wav,25.32,0.0,30.0,beat_this
E3bbJ3GMi48.wav,25.62,0.0,30.0,beat_this
E3bbJ3GMi48.wav,25.94,0.0,30.0,beat_this
E3bbJ3GMi48.wav,26.26,0.0,30.0,beat_this
E3bbJ3GMi48.wav,26.56,0.0,30.0,beat_this
E3bbJ3GMi48.wav,26.86,0.0,30.0,beat_this
E3bbJ3GMi48.wav,27.16,0.0,30.0,beat_this
E3bbJ3GMi48.wav,27.46,0.0,30.0,beat_this
E3bbJ3GMi48.wav,27.76,0.0,30.0,beat_this
E3bbJ3GMi48.wav,28.06,0.0,30.0,beat_this
E3bbJ3GMi48.wav,28.66,0.0,30.0,beat_this
E3bbJ3GMi48.wav,28.98,0.0,30.0,beat_this
E3bbJ3GMi48.wav,29.28,0.0,30.0,beat_this
E3bbJ3GMi48.wav,29.58,0.0,30.0,beat_this
E3bbJ3GMi48.wav,29.88,0.0,30.0,beat_this
E6uudzXoTJo.wav,0.28,0.0,30.0,beat_this
E6uudzXoTJo.wav,0.76,0.0,30.0,beat_this
E6uudzXoTJo.wav,1.24,0.0,30.0,beat_this
E6uudzXoTJo.wav,1.72,0.0,30.0,beat_this
E6uudzXoTJo.wav,2.2,0.0,30.0,beat_this
E6uudzXoTJo.wav,2.68,0.0,30.0,beat_this
E6uudzXoTJo.wav,3.16,0.0,30.0,beat_this
E6uudzXoTJo.wav,3.64,0.0,30.0,beat_this
E6uudzXoTJo.wav,4.12,0.0,30.0,beat_this
E6uudzXoTJo.wav,4.6,0.0,30.0,beat_this
E6uudzXoTJo.wav,5.08,0.0,30.0,beat_this
E6uudzXoTJo.wav,5.56,0.0,30.0,beat_this
E6uudzXoTJo.wav,6.04,0.0,30.0,beat_this
E6uudzXoTJo.wav,6.52,0.0,30.0,beat_this
E6uudzXoTJo.wav,7.0,0.0,30.0,beat_this
E6uudzXoTJo.wav,7.48,0.0,30.0,beat_this
E6uudzXoTJo.wav,7.96,0.0,30.0,beat_this
E6uudzXoTJo.wav,8.44,0.0,30.0,beat_this
E6uudzXoTJo.wav,8.92,0.0,30.0,beat_this
E6uudzXoTJo.wav,9.4,0.0,30.0,beat_this
E6uudzXoTJo.wav,9.88,0.0,30.0,beat_this
E6uudzXoTJo.wav,10.36,0.0,30.0,beat_this
E6uudzXoTJo.wav,10.84,0.0,30.0,beat_this
E6uudzXoTJo.wav,11.32,0.0,30.0,beat_this
E6uudzXoTJo.wav,11.8,0.0,30.0,beat_this
E6uudzXoTJo.wav,12.28,0.0,30.0,beat_this
E6uudzXoTJo.wav,12.76,0.0,30.0,beat_this
E6uudzXoTJo.wav,13.24,0.0,30.0,beat_this
E6uudzXoTJo.wav,13.72,0.0,30.0,beat_this
E6uudzXoTJo.wav,14.2,0.0,30.0,beat_this
E6uudzXoTJo.wav,14.68,0.0,30.0,beat_this
E6uudzXoTJo.wav,15.16,0.0,30.0,beat_this
E6uudzXoTJo.wav,15.64,0.0,30.0,beat_this
E6uudzXoTJo.wav,16.12,0.0,30.0,beat_this
E6uudzXoTJo.wav,16.6,0.0,30.0,beat_this
E6uudzXoTJo.wav,17.08,0.0,30.0,beat_this
E6uudzXoTJo.wav,17.58,0.0,30.0,beat_this
E6uudzXoTJo.wav,18.06,0.0,30.0,beat_this
E6uudzXoTJo.wav,18.52,0.0,30.0,beat_this
E6uudzXoTJo.wav,19.02,0.0,30.0,beat_this
E6uudzXoTJo.wav,19.48,0.0,30.0,beat_this
E6uudzXoTJo.wav,19.98,0.0,30.0,beat_this
E6uudzXoTJo.wav,20.44,0.0,30.0,beat_this
E6uudzXoTJo.wav,20.92,0.0,30.0,beat_this
E6uudzXoTJo.wav,21.4,0.0,30.0,beat_this
E6uudzXoTJo.wav,21.88,0.0,30.0,beat_this
E6uudzXoTJo.wav,22.36,0.0,30.0,beat_this
E6uudzXoTJo.wav,22.84,0.0,30.0,beat_this
E6uudzXoTJo.wav,23.32,0.0,30.0,beat_this
E6uudzXoTJo.wav,23.8,0.0,30.0,beat_this
E6uudzXoTJo.wav,24.28,0.0,30.0,beat_this
E6uudzXoTJo.wav,24.76,0.0,30.0,beat_this
E6uudzXoTJo.wav,25.24,0.0,30.0,beat_this
E6uudzXoTJo.wav,25.72,0.0,30.0,beat_this
E6uudzXoTJo.wav,26.2,0.0,30.0,beat_this
E6uudzXoTJo.wav,26.68,0.0,30.0,beat_this
E6uudzXoTJo.wav,27.16,0.0,30.0,beat_this
E6uudzXoTJo.wav,27.64,0.0,30.0,beat_this
E6uudzXoTJo.wav,28.12,0.0,30.0,beat_this
E6uudzXoTJo.wav,28.6,0.0,30.0,beat_this
E6uudzXoTJo.wav,29.08,0.0,30.0,beat_this
E6uudzXoTJo.wav,29.56,0.0,30.0,beat_this
Fwc3x6UOTUw.wav,0.02,0.0,30.0,beat_this
Fwc3x6UOTUw.wav,0.34,0.0,30.0,beat_this
Fwc3x6UOTUw.wav,0.6,0.0,30.0,beat_this
Fwc3x6UOTUw.wav,0.9,0.0,30.0,beat_this
Fwc3x6UOTUw.wav,1.2,0.0,30.0,beat_this
Fwc3x6UOTUw.wav,1.48,0.0,30.0,beat_this
Fwc3x6UOTUw.wav,1.74,0.0,30.0,beat_this
Fwc3x6UOTUw.wav,2.04,0.0,30.0,beat_this
Fwc3x6UOTUw.wav,2.32,0.0,30.0,beat_this
Fwc3x6UOTUw.wav,2.6,0.0,30.0,beat_this
Fwc3x6UOTUw.wav,2.9,0.0,30.0,beat_this
Fwc3x6UOTUw.wav,3.18,0.0,30.0,beat_this
Fwc3x6UOTUw.wav,3.48,0.0,30.0,beat_this
Fwc3x6UOTUw.wav,3.78,0.0,30.0,beat_this
Fwc3x6UOTUw.wav,4.04,0.0,30.0,beat_this
Fwc3x6UOTUw.wav,4.34,0.0,30.0,beat_this
Fwc3x6UOTUw.wav,4.62,0.0,30.0,beat_this
Fwc3x6UOTUw.wav,4.9,0.0,30.0,beat_this
Fwc3x6UOTUw.wav,5.18,0.0,30.0,beat_this
Fwc3x6UOTUw.wav,5.48,0.0,30.0,beat_this
Fwc3x6UOTUw.wav,5.76,0.0,30.0,beat_this
Fwc3x6UOTUw.wav,6.06,0.0,30.0,beat_this
Fwc3x6UOTUw.wav,6.34,0.0,30.0,beat_this
Fwc3x6UOTUw.wav,6.62,0.0,30.0,beat_this
Fwc3x6UOTUw.wav,6.92,0.0,30.0,beat_this
Fwc3x6UOTUw.wav,7.2,0.0,30.0,beat_this
Fwc3x6UOTUw.wav,7.48,0.0,30.0,beat_this
Fwc3x6UOTUw.wav,7.78,0.0,30.0,beat_this
Fwc3x6UOTUw.wav,8.06,0.0,30.0,beat_this
Fwc3x6UOTUw.wav,8.34,0.0,30.0,beat_this
Fwc3x6UOTUw.wav,8.6,0.0,30.0,beat_this
Fwc3x6UOTUw.wav,8.9,0.0,30.0,beat_this
Fwc3x6UOTUw.wav,9.2,0.0,30.0,beat_this
Fwc3x6UOTUw.wav,9.48,0.0,30.0,beat_this
Fwc3x6UOTUw.wav,9.78,0.0,30.0,beat_this
Fwc3x6UOTUw.wav,10.06,0.0,30.0,beat_this
Fwc3x6UOTUw.wav,10.34,0.0,30.0,beat_this
Fwc3x6UOTUw.wav,10.62,0.0,30.0,beat_this
Fwc3x6UOTUw.wav,10.92,0.0,30.0,beat_this
Fwc3x6UOTUw.wav,11.2,0.0,30.0,beat_this
Fwc3x6UOTUw.wav,11.48,0.0,30.0,beat_this
Fwc3x6UOTUw.wav,11.76,0.0,30.0,beat_this
Fwc3x6UOTUw.wav,12.04,0.0,30.0,beat_this
Fwc3x6UOTUw.wav,12.34,0.0,30.0,beat_this
Fwc3x6UOTUw.wav,12.62,0.0,30.0,beat_this
Fwc3x6UOTUw.wav,12.9,0.0,30.0,beat_this
Fwc3x6UOTUw.wav,13.2,0.0,30.0,beat_this
Fwc3x6UOTUw.wav,13.48,0.0,30.0,beat_this
Fwc3x6UOTUw.wav,13.74,0.0,30.0,beat_this
Fwc3x6UOTUw.wav,14.04,0.0,30.0,beat_this
Fwc3x6UOTUw.wav,14.34,0.0,30.0,beat_this
Fwc3x6UOTUw.wav,14.6,0.0,30.0,beat_this
Fwc3x6UOTUw.wav,14.9,0.0,30.0,beat_this
Fwc3x6UOTUw.wav,15.18,0.0,30.0,beat_this
Fwc3x6UOTUw.wav,15.48,0.0,30.0,beat_this
Fwc3x6UOTUw.wav,15.76,0.0,30.0,beat_this
Fwc3x6UOTUw.wav,16.06,0.0,30.0,beat_this
Fwc3x6UOTUw.wav,16.34,0.0,30.0,beat_this
Fwc3x6UOTUw.wav,16.62,0.0,30.0,beat_this
Fwc3x6UOTUw.wav,16.9,0.0,30.0,beat_this
Fwc3x6UOTUw.wav,17.18,0.0,30.0,beat_this
Fwc3x6UOTUw.wav,17.48,0.0,30.0,beat_this
Fwc3x6UOTUw.wav,17.76,0.0,30.0,beat_this
Fwc3x6UOTUw.wav,18.04,0.0,30.0,beat_this
Fwc3x6UOTUw.wav,18.34,0.0,30.0,beat_this
Fwc3x6UOTUw.wav,18.6,0.0,30.0,beat_this
Fwc3x6UOTUw.wav,18.9,0.0,30.0,beat_this
Fwc3x6UOTUw.wav,19.18,0.0,30.0,beat_this
Fwc3x6UOTUw.wav,19.46,0.0,30.0,beat_this
Fwc3x6UOTUw.wav,19.76,0.0,30.0,beat_this
Fwc3x6UOTUw.wav,20.04,0.0,30.0,beat_this
Fwc3x6UOTUw.wav,20.34,0.0,30.0,beat_this
Fwc3x6UOTUw.wav,20.62,0.0,30.0,beat_this
Fwc3x6UOTUw.wav,20.9,0.0,30.0,beat_this
Fwc3x6UOTUw.wav,21.2,0.0,30.0,beat_this
Fwc3x6UOTUw.wav,21.46,0.0,30.0,beat_this
Fwc3x6UOTUw.wav,21.76,0.0,30.0,beat_this
Fwc3x6UOTUw.wav,22.04,0.0,30.0,beat_this
Fwc3x6UOTUw.wav,22.32,0.0,30.0,beat_this
Fwc3x6UOTUw.wav,22.62,0.0,30.0,beat_this
Fwc3x6UOTUw.wav,22.9,0.0,30.0,beat_this
Fwc3x6UOTUw.wav,23.18,0.0,30.0,beat_this
Fwc3x6UOTUw.wav,23.48,0.0,30.0,beat_this
Fwc3x6UOTUw.wav,23.76,0.0,30.0,beat_this
Fwc3x6UOTUw.wav,24.04,0.0,30.0,beat_this
Fwc3x6UOTUw.wav,24.34,0.0,30.0,beat_this
Fwc3x6UOTUw.wav,24.62,0.0,30.0,beat_this
Fwc3x6UOTUw.wav,24.9,0.0,30.0,beat_this
Fwc3x6UOTUw.wav,25.2,0.0,30.0,beat_this
Fwc3x6UOTUw.wav,25.48,0.0,30.0,beat_this
Fwc3x6UOTUw.wav,25.76,0.0,30.0,beat_this
Fwc3x6UOTUw.wav,26.04,0.0,30.0,beat_this
Fwc3x6UOTUw.wav,26.34,0.0,30.0,beat_this
Fwc3x6UOTUw.wav,26.62,0.0,30.0,beat_this
Fwc3x6UOTUw.wav,26.92,0.0,30.0,beat_this
Fwc3x6UOTUw.wav,27.2,0.0,30.0,beat_this
Fwc3x6UOTUw.wav,27.48,0.0,30.0,beat_this
Fwc3x6UOTUw.wav,27.76,0.0,30.0,beat_this
Fwc3x6UOTUw.wav,28.04,0.0,30.0,beat_this
Fwc3x6UOTUw.wav,28.32,0.0,30.0,beat_this
Fwc3x6UOTUw.wav,28.62,0.0,30.0,beat_this
Fwc3x6UOTUw.wav,28.9,0.0,30.0,beat_this
Fwc3x6UOTUw.wav,29.04,0.0,30.0,beat_this
Fwc3x6UOTUw.wav,29.18,0.0,30.0,beat_this
Fwc3x6UOTUw.wav,29.48,0.0,30.0,beat_this
Fwc3x6UOTUw.wav,29.74,0.0,30.0,beat_this
G4WTl1KqSVw.wav,0.12,0.0,30.0,beat_this
G4WTl1KqSVw.wav,0.62,0.0,30.0,beat_this
G4WTl1KqSVw.wav,1.12,0.0,30.0,beat_this
G4WTl1KqSVw.wav,1.62,0.0,30.0,beat_this
G4WTl1KqSVw.wav,2.12,0.0,30.0,beat_this
G4WTl1KqSVw.wav,2.62,0.0,30.0,beat_this
G4WTl1KqSVw.wav,3.14,0.0,30.0,beat_this
G4WTl1KqSVw.wav,3.64,0.0,30.0,beat_this
G4WTl1KqSVw.wav,4.12,0.0,30.0,beat_this
G4WTl1KqSVw.wav,4.64,0.0,30.0,beat_this
G4WTl1KqSVw.wav,5.14,0.0,30.0,beat_this
G4WTl1KqSVw.wav,5.64,0.0,30.0,beat_this
G4WTl1KqSVw.wav,6.14,0.0,30.0,beat_this
G4WTl1KqSVw.wav,6.62,0.0,30.0,beat_this
G4WTl1KqSVw.wav,7.12,0.0,30.0,beat_this
G4WTl1KqSVw.wav,7.62,0.0,30.0,beat_this
G4WTl1KqSVw.wav,8.12,0.0,30.0,beat_this
G4WTl1KqSVw.wav,8.62,0.0,30.0,beat_this
G4WTl1KqSVw.wav,9.12,0.0,30.0,beat_this
G4WTl1KqSVw.wav,9.62,0.0,30.0,beat_this
G4WTl1KqSVw.wav,10.14,0.0,30.0,beat_this
G4WTl1KqSVw.wav,10.62,0.0,30.0,beat_this
G4WTl1KqSVw.wav,11.12,0.0,30.0,beat_this
G4WTl1KqSVw.wav,11.64,0.0,30.0,beat_this
G4WTl1KqSVw.wav,12.14,0.0,30.0,beat_this
G4WTl1KqSVw.wav,12.64,0.0,30.0,beat_this
G4WTl1KqSVw.wav,13.14,0.0,30.0,beat_this
G4WTl1KqSVw.wav,13.62,0.0,30.0,beat_this
G4WTl1KqSVw.wav,14.14,0.0,30.0,beat_this
G4WTl1KqSVw.wav,14.64,0.0,30.0,beat_this
G4WTl1KqSVw.wav,15.14,0.0,30.0,beat_this
G4WTl1KqSVw.wav,15.64,0.0,30.0,beat_this
G4WTl1KqSVw.wav,16.14,0.0,30.0,beat_this
G4WTl1KqSVw.wav,16.64,0.0,30.0,beat_this
G4WTl1KqSVw.wav,17.12,0.0,30.0,beat_this
G4WTl1KqSVw.wav,17.62,0.0,30.0,beat_this
G4WTl1KqSVw.wav,18.14,0.0,30.0,beat_this
G4WTl1KqSVw.wav,18.64,0.0,30.0,beat_this
G4WTl1KqSVw.wav,19.14,0.0,30.0,beat_this
G4WTl1KqSVw.wav,19.64,0.0,30.0,beat_this
G4WTl1KqSVw.wav,20.14,0.0,30.0,beat_this
G4WTl1KqSVw.wav,20.62,0.0,30.0,beat_this
G4WTl1KqSVw.wav,21.14,0.0,30.0,beat_this
G4WTl1KqSVw.wav,21.64,0.0,30.0,beat_this
G4WTl1KqSVw.wav,22.14,0.0,30.0,beat_this
G4WTl1KqSVw.wav,22.64,0.0,30.0,beat_this
G4WTl1KqSVw.wav,23.14,0.0,30.0,beat_this
G4WTl1KqSVw.wav,23.64,0.0,30.0,beat_this
G4WTl1KqSVw.wav,24.14,0.0,30.0,beat_this
G4WTl1KqSVw.wav,24.64,0.0,30.0,beat_this
G4WTl1KqSVw.wav,25.12,0.0,30.0,beat_this
G4WTl1KqSVw.wav,25.62,0.0,30.0,beat_this
G4WTl1KqSVw.wav,26.14,0.0,30.0,beat_this
G4WTl1KqSVw.wav,26.64,0.0,30.0,beat_this
G4WTl1KqSVw.wav,27.12,0.0,30.0,beat_this
G4WTl1KqSVw.wav,27.64,0.0,30.0,beat_this
G4WTl1KqSVw.wav,28.14,0.0,30.0,beat_this
G4WTl1KqSVw.wav,28.64,0.0,30.0,beat_this
G4WTl1KqSVw.wav,29.14,0.0,30.0,beat_this
G4WTl1KqSVw.wav,29.64,0.0,30.0,beat_this
G7lUD3Bz-wY.wav,0.1,0.0,30.0,beat_this
G7lUD3Bz-wY.wav,0.78,0.0,30.0,beat_this
G7lUD3Bz-wY.wav,1.46,0.0,30.0,beat_this
G7lUD3Bz-wY.wav,2.16,0.0,30.0,beat_this
G7lUD3Bz-wY.wav,2.84,0.0,30.0,beat_this
G7lUD3Bz-wY.wav,3.52,0.0,30.0,beat_this
G7lUD3Bz-wY.wav,4.2,0.0,30.0,beat_this
G7lUD3Bz-wY.wav,4.88,0.0,30.0,beat_this
G7lUD3Bz-wY.wav,5.56,0.0,30.0,beat_this
G7lUD3Bz-wY.wav,6.24,0.0,30.0,beat_this
G7lUD3Bz-wY.wav,6.92,0.0,30.0,beat_this
G7lUD3Bz-wY.wav,7.6,0.0,30.0,beat_this
G7lUD3Bz-wY.wav,8.28,0.0,30.0,beat_this
G7lUD3Bz-wY.wav,8.96,0.0,30.0,beat_this
G7lUD3Bz-wY.wav,9.64,0.0,30.0,beat_this
G7lUD3Bz-wY.wav,10.32,0.0,30.0,beat_this
G7lUD3Bz-wY.wav,11.02,0.0,30.0,beat_this
G7lUD3Bz-wY.wav,11.7,0.0,30.0,beat_this
G7lUD3Bz-wY.wav,12.38,0.0,30.0,beat_this
G7lUD3Bz-wY.wav,13.08,0.0,30.0,beat_this
G7lUD3Bz-wY.wav,13.74,0.0,30.0,beat_this
G7lUD3Bz-wY.wav,14.42,0.0,30.0,beat_this
G7lUD3Bz-wY.wav,15.1,0.0,30.0,beat_this
G7lUD3Bz-wY.wav,15.78,0.0,30.0,beat_this
G7lUD3Bz-wY.wav,16.46,0.0,30.0,beat_this
G7lUD3Bz-wY.wav,17.14,0.0,30.0,beat_this
G7lUD3Bz-wY.wav,17.82,0.0,30.0,beat_this
G7lUD3Bz-wY.wav,18.5,0.0,30.0,beat_this
G7lUD3Bz-wY.wav,19.18,0.0,30.0,beat_this
G7lUD3Bz-wY.wav,19.86,0.0,30.0,beat_this
G7lUD3Bz-wY.wav,20.56,0.0,30.0,beat_this
G7lUD3Bz-wY.wav,21.24,0.0,30.0,beat_this
G7lUD3Bz-wY.wav,21.92,0.0,30.0,beat_this
G7lUD3Bz-wY.wav,22.6,0.0,30.0,beat_this
G7lUD3Bz-wY.wav,23.28,0.0,30.0,beat_this
G7lUD3Bz-wY.wav,23.96,0.0,30.0,beat_this
G7lUD3Bz-wY.wav,24.64,0.0,30.0,beat_this
G7lUD3Bz-wY.wav,25.34,0.0,30.0,beat_this
G7lUD3Bz-wY.wav,26.0,0.0,30.0,beat_this
G7lUD3Bz-wY.wav,26.68,0.0,30.0,beat_this
G7lUD3Bz-wY.wav,27.38,0.0,30.0,beat_this
G7lUD3Bz-wY.wav,28.04,0.0,30.0,beat_this
G7lUD3Bz-wY.wav,28.72,0.0,30.0,beat_this
G7lUD3Bz-wY.wav,29.42,0.0,30.0,beat_this
GC5E8ie2pdM.wav,0.08,0.0,30.0,beat_this
GC5E8ie2pdM.wav,0.66,0.0,30.0,beat_this
GC5E8ie2pdM.wav,1.26,0.0,30.0,beat_this
GC5E8ie2pdM.wav,1.82,0.0,30.0,beat_this
GC5E8ie2pdM.wav,2.4,0.0,30.0,beat_this
GC5E8ie2pdM.wav,2.98,0.0,30.0,beat_this
GC5E8ie2pdM.wav,3.56,0.0,30.0,beat_this
GC5E8ie2pdM.wav,4.14,0.0,30.0,beat_this
GC5E8ie2pdM.wav,4.72,0.0,30.0,beat_this
GC5E8ie2pdM.wav,5.3,0.0,30.0,beat_this
GC5E8ie2pdM.wav,5.9,0.0,30.0,beat_this
GC5E8ie2pdM.wav,6.46,0.0,30.0,beat_this
GC5E8ie2pdM.wav,7.04,0.0,30.0,beat_this
GC5E8ie2pdM.wav,7.62,0.0,30.0,beat_this
GC5E8ie2pdM.wav,8.2,0.0,30.0,beat_this
GC5E8ie2pdM.wav,8.78,0.0,30.0,beat_this
GC5E8ie2pdM.wav,9.36,0.0,30.0,beat_this
GC5E8ie2pdM.wav,9.92,0.0,30.0,beat_this
GC5E8ie2pdM.wav,10.5,0.0,30.0,beat_this
GC5E8ie2pdM.wav,11.08,0.0,30.0,beat_this
GC5E8ie2pdM.wav,11.66,0.0,30.0,beat_this
GC5E8ie2pdM.wav,12.24,0.0,30.0,beat_this
GC5E8ie2pdM.wav,12.82,0.0,30.0,beat_this
GC5E8ie2pdM.wav,13.4,0.0,30.0,beat_this
GC5E8ie2pdM.wav,13.98,0.0,30.0,beat_this
GC5E8ie2pdM.wav,14.56,0.0,30.0,beat_this
GC5E8ie2pdM.wav,15.14,0.0,30.0,beat_this
GC5E8ie2pdM.wav,15.72,0.0,30.0,beat_this
GC5E8ie2pdM.wav,16.3,0.0,30.0,beat_this
GC5E8ie2pdM.wav,16.88,0.0,30.0,beat_this
GC5E8ie2pdM.wav,17.48,0.0,30.0,beat_this
GC5E8ie2pdM.wav,18.04,0.0,30.0,beat_this
GC5E8ie2pdM.wav,18.62,0.0,30.0,beat_this
GC5E8ie2pdM.wav,19.2,0.0,30.0,beat_this
GC5E8ie2pdM.wav,19.78,0.0,30.0,beat_this
GC5E8ie2pdM.wav,20.34,0.0,30.0,beat_this
GC5E8ie2pdM.wav,20.92,0.0,30.0,beat_this
GC5E8ie2pdM.wav,21.5,0.0,30.0,beat_this
GC5E8ie2pdM.wav,22.08,0.0,30.0,beat_this
GC5E8ie2pdM.wav,22.66,0.0,30.0,beat_this
GC5E8ie2pdM.wav,23.24,0.0,30.0,beat_this
GC5E8ie2pdM.wav,23.82,0.0,30.0,beat_this
GC5E8ie2pdM.wav,24.4,0.0,30.0,beat_this
GC5E8ie2pdM.wav,24.96,0.0,30.0,beat_this
GC5E8ie2pdM.wav,25.56,0.0,30.0,beat_this
GC5E8ie2pdM.wav,26.14,0.0,30.0,beat_this
GC5E8ie2pdM.wav,26.72,0.0,30.0,beat_this
GC5E8ie2pdM.wav,27.28,0.0,30.0,beat_this
GC5E8ie2pdM.wav,27.86,0.0,30.0,beat_this
GC5E8ie2pdM.wav,28.44,0.0,30.0,beat_this
GC5E8ie2pdM.wav,29.02,0.0,30.0,beat_this
GC5E8ie2pdM.wav,29.6,0.0,30.0,beat_this
Gp_CtNDepiI.wav,0.52,0.0,30.0,beat_this
Gp_CtNDepiI.wav,1.18,0.0,30.0,beat_this
Gp_CtNDepiI.wav,1.86,0.0,30.0,beat_this
Gp_CtNDepiI.wav,2.52,0.0,30.0,beat_this
Gp_CtNDepiI.wav,3.2,0.0,30.0,beat_this
Gp_CtNDepiI.wav,3.86,0.0,30.0,beat_this
Gp_CtNDepiI.wav,4.52,0.0,30.0,beat_this
Gp_CtNDepiI.wav,5.2,0.0,30.0,beat_this
Gp_CtNDepiI.wav,5.86,0.0,30.0,beat_this
Gp_CtNDepiI.wav,6.52,0.0,30.0,beat_this
Gp_CtNDepiI.wav,7.18,0.0,30.0,beat_this
Gp_CtNDepiI.wav,7.86,0.0,30.0,beat_this
Gp_CtNDepiI.wav,8.52,0.0,30.0,beat_this
Gp_CtNDepiI.wav,9.18,0.0,30.0,beat_this
Gp_CtNDepiI.wav,9.86,0.0,30.0,beat_this
Gp_CtNDepiI.wav,10.52,0.0,30.0,beat_this
Gp_CtNDepiI.wav,11.18,0.0,30.0,beat_this
Gp_CtNDepiI.wav,11.84,0.0,30.0,beat_this
Gp_CtNDepiI.wav,12.52,0.0,30.0,beat_this
Gp_CtNDepiI.wav,13.18,0.0,30.0,beat_this
Gp_CtNDepiI.wav,13.86,0.0,30.0,beat_this
Gp_CtNDepiI.wav,14.52,0.0,30.0,beat_this
Gp_CtNDepiI.wav,15.18,0.0,30.0,beat_this
Gp_CtNDepiI.wav,15.86,0.0,30.0,beat_this
Gp_CtNDepiI.wav,16.52,0.0,30.0,beat_this
Gp_CtNDepiI.wav,17.18,0.0,30.0,beat_this
Gp_CtNDepiI.wav,17.86,0.0,30.0,beat_this
Gp_CtNDepiI.wav,18.52,0.0,30.0,beat_this
Gp_CtNDepiI.wav,19.2,0.0,30.0,beat_this
Gp_CtNDepiI.wav,19.84,0.0,30.0,beat_this
Gp_CtNDepiI.wav,20.52,0.0,30.0,beat_this
Gp_CtNDepiI.wav,21.18,0.0,30.0,beat_this
Gp_CtNDepiI.wav,21.86,0.0,30.0,beat_this
Gp_CtNDepiI.wav,22.52,0.0,30.0,beat_this
Gp_CtNDepiI.wav,23.2,0.0,30.0,beat_this
Gp_CtNDepiI.wav,23.86,0.0,30.0,beat_this
Gp_CtNDepiI.wav,24.52,0.0,30.0,beat_this
Gp_CtNDepiI.wav,25.18,0.0,30.0,beat_this
Gp_CtNDepiI.wav,25.86,0.0,30.0,beat_this
Gp_CtNDepiI.wav,26.52,0.0,30.0,beat_this
Gp_CtNDepiI.wav,27.18,0.0,30.0,beat_this
Gp_CtNDepiI.wav,27.84,0.0,30.0,beat_this
Gp_CtNDepiI.wav,28.52,0.0,30.0,beat_this
Gp_CtNDepiI.wav,29.2,0.0,30.0,beat_this
Gp_CtNDepiI.wav,29.86,0.0,30.0,beat_this
HyIEZPubbEk.wav,0.12,0.0,30.0,beat_this
HyIEZPubbEk.wav,0.76,0.0,30.0,beat_this
HyIEZPubbEk.wav,1.44,0.0,30.0,beat_this
HyIEZPubbEk.wav,2.1,0.0,30.0,beat_this
HyIEZPubbEk.wav,2.76,0.0,30.0,beat_this
HyIEZPubbEk.wav,3.44,0.0,30.0,beat_this
HyIEZPubbEk.wav,4.12,0.0,30.0,beat_this
HyIEZPubbEk.wav,4.78,0.0,30.0,beat_this
HyIEZPubbEk.wav,5.44,0.0,30.0,beat_this
HyIEZPubbEk.wav,6.1,0.0,30.0,beat_this
HyIEZPubbEk.wav,6.78,0.0,30.0,beat_this
HyIEZPubbEk.wav,7.44,0.0,30.0,beat_this
HyIEZPubbEk.wav,8.1,0.0,30.0,beat_this
HyIEZPubbEk.wav,8.78,0.0,30.0,beat_this
HyIEZPubbEk.wav,9.46,0.0,30.0,beat_this
HyIEZPubbEk.wav,10.12,0.0,30.0,beat_this
HyIEZPubbEk.wav,10.78,0.0,30.0,beat_this
HyIEZPubbEk.wav,11.46,0.0,30.0,beat_this
HyIEZPubbEk.wav,12.12,0.0,30.0,beat_this
HyIEZPubbEk.wav,12.78,0.0,30.0,beat_this
HyIEZPubbEk.wav,13.44,0.0,30.0,beat_this
HyIEZPubbEk.wav,14.1,0.0,30.0,beat_this
HyIEZPubbEk.wav,14.78,0.0,30.0,beat_this
HyIEZPubbEk.wav,15.44,0.0,30.0,beat_this
HyIEZPubbEk.wav,16.12,0.0,30.0,beat_this
HyIEZPubbEk.wav,16.78,0.0,30.0,beat_this
HyIEZPubbEk.wav,17.46,0.0,30.0,beat_this
HyIEZPubbEk.wav,18.12,0.0,30.0,beat_this
HyIEZPubbEk.wav,18.78,0.0,30.0,beat_this
HyIEZPubbEk.wav,19.44,0.0,30.0,beat_this
HyIEZPubbEk.wav,20.12,0.0,30.0,beat_this
HyIEZPubbEk.wav,20.78,0.0,30.0,beat_this
HyIEZPubbEk.wav,21.44,0.0,30.0,beat_this
HyIEZPubbEk.wav,22.12,0.0,30.0,beat_this
HyIEZPubbEk.wav,22.78,0.0,30.0,beat_this
HyIEZPubbEk.wav,23.44,0.0,30.0,beat_this
HyIEZPubbEk.wav,24.1,0.0,30.0,beat_this
HyIEZPubbEk.wav,24.78,0.0,30.0,beat_this
HyIEZPubbEk.wav,25.44,0.0,30.0,beat_this
HyIEZPubbEk.wav,26.12,0.0,30.0,beat_this
HyIEZPubbEk.wav,26.78,0.0,30.0,beat_this
HyIEZPubbEk.wav,27.44,0.0,30.0,beat_this
HyIEZPubbEk.wav,28.12,0.0,30.0,beat_this
HyIEZPubbEk.wav,28.78,0.0,30.0,beat_this
HyIEZPubbEk.wav,29.44,0.0,30.0,beat_this
HzKQfrNseoI.wav,0.0,0.0,30.0,beat_this
HzKQfrNseoI.wav,0.24,0.0,30.0,beat_this
HzKQfrNseoI.wav,0.5,0.0,30.0,beat_this
HzKQfrNseoI.wav,0.76,0.0,30.0,beat_this
HzKQfrNseoI.wav,1.02,0.0,30.0,beat_this
HzKQfrNseoI.wav,1.26,0.0,30.0,beat_this
HzKQfrNseoI.wav,1.54,0.0,30.0,beat_this
HzKQfrNseoI.wav,1.78,0.0,30.0,beat_this
HzKQfrNseoI.wav,2.06,0.0,30.0,beat_this
HzKQfrNseoI.wav,2.32,0.0,30.0,beat_this
HzKQfrNseoI.wav,2.58,0.0,30.0,beat_this
HzKQfrNseoI.wav,2.84,0.0,30.0,beat_this
HzKQfrNseoI.wav,3.1,0.0,30.0,beat_this
HzKQfrNseoI.wav,3.36,0.0,30.0,beat_this
HzKQfrNseoI.wav,3.62,0.0,30.0,beat_this
HzKQfrNseoI.wav,3.88,0.0,30.0,beat_this
HzKQfrNseoI.wav,4.14,0.0,30.0,beat_this
HzKQfrNseoI.wav,4.4,0.0,30.0,beat_this
HzKQfrNseoI.wav,4.66,0.0,30.0,beat_this
HzKQfrNseoI.wav,4.9,0.0,30.0,beat_this
HzKQfrNseoI.wav,5.18,0.0,30.0,beat_this
HzKQfrNseoI.wav,5.44,0.0,30.0,beat_this
HzKQfrNseoI.wav,5.7,0.0,30.0,beat_this
HzKQfrNseoI.wav,5.94,0.0,30.0,beat_this
HzKQfrNseoI.wav,6.2,0.0,30.0,beat_this
HzKQfrNseoI.wav,6.44,0.0,30.0,beat_this
HzKQfrNseoI.wav,6.56,0.0,30.0,beat_this
HzKQfrNseoI.wav,6.7,0.0,30.0,beat_this
HzKQfrNseoI.wav,6.96,0.0,30.0,beat_this
HzKQfrNseoI.wav,7.2,0.0,30.0,beat_this
HzKQfrNseoI.wav,7.46,0.0,30.0,beat_this
HzKQfrNseoI.wav,7.74,0.0,30.0,beat_this
HzKQfrNseoI.wav,8.0,0.0,30.0,beat_this
HzKQfrNseoI.wav,8.28,0.0,30.0,beat_this
HzKQfrNseoI.wav,8.54,0.0,30.0,beat_this
HzKQfrNseoI.wav,8.78,0.0,30.0,beat_this
HzKQfrNseoI.wav,9.04,0.0,30.0,beat_this
HzKQfrNseoI.wav,9.18,0.0,30.0,beat_this
HzKQfrNseoI.wav,9.3,0.0,30.0,beat_this
HzKQfrNseoI.wav,9.56,0.0,30.0,beat_this
HzKQfrNseoI.wav,9.68,0.0,30.0,beat_this
HzKQfrNseoI.wav,9.82,0.0,30.0,beat_this
HzKQfrNseoI.wav,10.1,0.0,30.0,beat_this
HzKQfrNseoI.wav,10.32,0.0,30.0,beat_this
HzKQfrNseoI.wav,10.58,0.0,30.0,beat_this
HzKQfrNseoI.wav,10.84,0.0,30.0,beat_this
HzKQfrNseoI.wav,11.08,0.0,30.0,beat_this
HzKQfrNseoI.wav,11.34,0.0,30.0,beat_this
HzKQfrNseoI.wav,11.6,0.0,30.0,beat_this
HzKQfrNseoI.wav,11.86,0.0,30.0,beat_this
HzKQfrNseoI.wav,12.12,0.0,30.0,beat_this
HzKQfrNseoI.wav,12.4,0.0,30.0,beat_this
HzKQfrNseoI.wav,12.66,0.0,30.0,beat_this
HzKQfrNseoI.wav,12.92,0.0,30.0,beat_this
HzKQfrNseoI.wav,13.18,0.0,30.0,beat_this
HzKQfrNseoI.wav,13.42,0.0,30.0,beat_this
HzKQfrNseoI.wav,13.7,0.0,30.0,beat_this
HzKQfrNseoI.wav,13.96,0.0,30.0,beat_this
HzKQfrNseoI.wav,14.2,0.0,30.0,beat_this
HzKQfrNseoI.wav,14.48,0.0,30.0,beat_this
HzKQfrNseoI.wav,14.72,0.0,30.0,beat_this
HzKQfrNseoI.wav,14.98,0.0,30.0,beat_this
HzKQfrNseoI.wav,15.24,0.0,30.0,beat_this
HzKQfrNseoI.wav,15.52,0.0,30.0,beat_this
HzKQfrNseoI.wav,15.76,0.0,30.0,beat_this
HzKQfrNseoI.wav,16.02,0.0,30.0,beat_this
HzKQfrNseoI.wav,16.28,0.0,30.0,beat_this
HzKQfrNseoI.wav,16.52,0.0,30.0,beat_this
HzKQfrNseoI.wav,16.78,0.0,30.0,beat_this
HzKQfrNseoI.wav,17.06,0.0,30.0,beat_this
HzKQfrNseoI.wav,17.34,0.0,30.0,beat_this
HzKQfrNseoI.wav,17.58,0.0,30.0,beat_this
HzKQfrNseoI.wav,17.84,0.0,30.0,beat_this
HzKQfrNseoI.wav,18.1,0.0,30.0,beat_this
HzKQfrNseoI.wav,18.36,0.0,30.0,beat_this
HzKQfrNseoI.wav,18.62,0.0,30.0,beat_this
HzKQfrNseoI.wav,18.86,0.0,30.0,beat_this
HzKQfrNseoI.wav,19.12,0.0,30.0,beat_this
HzKQfrNseoI.wav,19.36,0.0,30.0,beat_this
HzKQfrNseoI.wav,19.62,0.0,30.0,beat_this
HzKQfrNseoI.wav,19.86,0.0,30.0,beat_this
HzKQfrNseoI.wav,20.12,0.0,30.0,beat_this
HzKQfrNseoI.wav,20.36,0.0,30.0,beat_this
HzKQfrNseoI.wav,20.62,0.0,30.0,beat_this
HzKQfrNseoI.wav,20.86,0.0,30.0,beat_this
HzKQfrNseoI.wav,21.12,0.0,30.0,beat_this
HzKQfrNseoI.wav,21.36,0.0,30.0,beat_this
HzKQfrNseoI.wav,21.62,0.0,30.0,beat_this
HzKQfrNseoI.wav,21.88,0.0,30.0,beat_this
HzKQfrNseoI.wav,22.14,0.0,30.0,beat_this
HzKQfrNseoI.wav,22.42,0.0,30.0,beat_this
HzKQfrNseoI.wav,22.68,0.0,30.0,beat_this
HzKQfrNseoI.wav,22.94,0.0,30.0,beat_this
HzKQfrNseoI.wav,23.18,0.0,30.0,beat_this
HzKQfrNseoI.wav,23.42,0.0,30.0,beat_this
HzKQfrNseoI.wav,23.68,0.0,30.0,beat_this
HzKQfrNseoI.wav,23.94,0.0,30.0,beat_this
HzKQfrNseoI.wav,24.18,0.0,30.0,beat_this
HzKQfrNseoI.wav,24.44,0.0,30.0,beat_this
HzKQfrNseoI.wav,24.7,0.0,30.0,beat_this
HzKQfrNseoI.wav,24.94,0.0,30.0,beat_this
HzKQfrNseoI.wav,25.22,0.0,30.0,beat_this
HzKQfrNseoI.wav,25.46,0.0,30.0,beat_this
HzKQfrNseoI.wav,25.72,0.0,30.0,beat_this
HzKQfrNseoI.wav,25.98,0.0,30.0,beat_this
HzKQfrNseoI.wav,26.24,0.0,30.0,beat_this
HzKQfrNseoI.wav,26.52,0.0,30.0,beat_this
HzKQfrNseoI.wav,26.78,0.0,30.0,beat_this
HzKQfrNseoI.wav,27.04,0.0,30.0,beat_this
HzKQfrNseoI.wav,27.28,0.0,30.0,beat_this
HzKQfrNseoI.wav,27.54,0.0,30.0,beat_this
HzKQfrNseoI.wav,27.8,0.0,30.0,beat_this
HzKQfrNseoI.wav,28.04,0.0,30.0,beat_this
HzKQfrNseoI.wav,28.3,0.0,30.0,beat_this
HzKQfrNseoI.wav,28.54,0.0,30.0,beat_this
HzKQfrNseoI.wav,28.78,0.0,30.0,beat_this
HzKQfrNseoI.wav,29.04,0.0,30.0,beat_this
HzKQfrNseoI.wav,29.3,0.0,30.0,beat_this
HzKQfrNseoI.wav,29.56,0.0,30.0,beat_this
HzKQfrNseoI.wav,29.84,0.0,30.0,beat_this
K7Ayxc_RaU4.wav,0.04,0.0,30.0,beat_this
K7Ayxc_RaU4.wav,0.82,0.0,30.0,beat_this
K7Ayxc_RaU4.wav,1.56,0.0,30.0,beat_this
K7Ayxc_RaU4.wav,2.3,0.0,30.0,beat_this
K7Ayxc_RaU4.wav,3.06,0.0,30.0,beat_this
K7Ayxc_RaU4.wav,3.8,0.0,30.0,beat_this
K7Ayxc_RaU4.wav,4.52,0.0,30.0,beat_this
K7Ayxc_RaU4.wav,5.28,0.0,30.0,beat_this
K7Ayxc_RaU4.wav,6.02,0.0,30.0,beat_this
K7Ayxc_RaU4.wav,6.78,0.0,30.0,beat_this
K7Ayxc_RaU4.wav,7.56,0.0,30.0,beat_this
K7Ayxc_RaU4.wav,8.28,0.0,30.0,beat_this
K7Ayxc_RaU4.wav,9.04,0.0,30.0,beat_this
K7Ayxc_RaU4.wav,9.78,0.0,30.0,beat_this
K7Ayxc_RaU4.wav,10.56,0.0,30.0,beat_this
K7Ayxc_RaU4.wav,11.3,0.0,30.0,beat_this
K7Ayxc_RaU4.wav,12.04,0.0,30.0,beat_this
K7Ayxc_RaU4.wav,12.8,0.0,30.0,beat_this
K7Ayxc_RaU4.wav,13.54,0.0,30.0,beat_this
K7Ayxc_RaU4.wav,14.28,0.0,30.0,beat_this
K7Ayxc_RaU4.wav,15.04,0.0,30.0,beat_this
K7Ayxc_RaU4.wav,15.78,0.0,30.0,beat_this
K7Ayxc_RaU4.wav,16.52,0.0,30.0,beat_this
K7Ayxc_RaU4.wav,17.28,0.0,30.0,beat_this
K7Ayxc_RaU4.wav,18.02,0.0,30.0,beat_this
K7Ayxc_RaU4.wav,18.8,0.0,30.0,beat_this
K7Ayxc_RaU4.wav,19.56,0.0,30.0,beat_this
K7Ayxc_RaU4.wav,20.3,0.0,30.0,beat_this
K7Ayxc_RaU4.wav,21.04,0.0,30.0,beat_this
K7Ayxc_RaU4.wav,21.78,0.0,30.0,beat_this
K7Ayxc_RaU4.wav,22.54,0.0,30.0,beat_this
K7Ayxc_RaU4.wav,23.3,0.0,30.0,beat_this
K7Ayxc_RaU4.wav,24.04,0.0,30.0,beat_this
K7Ayxc_RaU4.wav,24.78,0.0,30.0,beat_this
K7Ayxc_RaU4.wav,25.54,0.0,30.0,beat_this
K7Ayxc_RaU4.wav,26.3,0.0,30.0,beat_this
K7Ayxc_RaU4.wav,27.06,0.0,30.0,beat_this
K7Ayxc_RaU4.wav,27.8,0.0,30.0,beat_this
K7Ayxc_RaU4.wav,28.56,0.0,30.0,beat_this
K7Ayxc_RaU4.wav,29.3,0.0,30.0,beat_this
K7LnjbxJB9E.wav,0.68,0.0,30.0,beat_this
K7LnjbxJB9E.wav,1.56,0.0,30.0,beat_this
K7LnjbxJB9E.wav,2.42,0.0,30.0,beat_this
K7LnjbxJB9E.wav,3.28,0.0,30.0,beat_this
K7LnjbxJB9E.wav,4.16,0.0,30.0,beat_this
K7LnjbxJB9E.wav,5.02,0.0,30.0,beat_this
K7LnjbxJB9E.wav,5.88,0.0,30.0,beat_this
K7LnjbxJB9E.wav,6.76,0.0,30.0,beat_this
K7LnjbxJB9E.wav,7.64,0.0,30.0,beat_this
K7LnjbxJB9E.wav,8.52,0.0,30.0,beat_this
K7LnjbxJB9E.wav,9.38,0.0,30.0,beat_this
K7LnjbxJB9E.wav,10.26,0.0,30.0,beat_this
K7LnjbxJB9E.wav,11.14,0.0,30.0,beat_this
K7LnjbxJB9E.wav,12.0,0.0,30.0,beat_this
K7LnjbxJB9E.wav,12.86,0.0,30.0,beat_this
K7LnjbxJB9E.wav,13.72,0.0,30.0,beat_this
K7LnjbxJB9E.wav,14.6,0.0,30.0,beat_this
K7LnjbxJB9E.wav,15.46,0.0,30.0,beat_this
K7LnjbxJB9E.wav,16.34,0.0,30.0,beat_this
K7LnjbxJB9E.wav,17.2,0.0,30.0,beat_this
K7LnjbxJB9E.wav,18.08,0.0,30.0,beat_this
K7LnjbxJB9E.wav,18.94,0.0,30.0,beat_this
K7LnjbxJB9E.wav,19.82,0.0,30.0,beat_this
K7LnjbxJB9E.wav,20.68,0.0,30.0,beat_this
K7LnjbxJB9E.wav,21.56,0.0,30.0,beat_this
K7LnjbxJB9E.wav,22.42,0.0,30.0,beat_this
K7LnjbxJB9E.wav,23.3,0.0,30.0,beat_this
K7LnjbxJB9E.wav,24.16,0.0,30.0,beat_this
K7LnjbxJB9E.wav,25.04,0.0,30.0,beat_this
K7LnjbxJB9E.wav,25.92,0.0,30.0,beat_this
K7LnjbxJB9E.wav,26.76,0.0,30.0,beat_this
K7LnjbxJB9E.wav,27.64,0.0,30.0,beat_this
K7LnjbxJB9E.wav,28.52,0.0,30.0,beat_this
K7LnjbxJB9E.wav,29.38,0.0,30.0,beat_this
KCHoaz1DG_4.wav,0.16,0.0,30.0,beat_this
KCHoaz1DG_4.wav,0.66,0.0,30.0,beat_this
KCHoaz1DG_4.wav,1.14,0.0,30.0,beat_this
KCHoaz1DG_4.wav,1.64,0.0,30.0,beat_this
KCHoaz1DG_4.wav,2.12,0.0,30.0,beat_this
KCHoaz1DG_4.wav,2.62,0.0,30.0,beat_this
KCHoaz1DG_4.wav,3.12,0.0,30.0,beat_this
KCHoaz1DG_4.wav,3.62,0.0,30.0,beat_this
KCHoaz1DG_4.wav,4.1,0.0,30.0,beat_this
KCHoaz1DG_4.wav,4.6,0.0,30.0,beat_this
KCHoaz1DG_4.wav,5.08,0.0,30.0,beat_this
KCHoaz1DG_4.wav,5.58,0.0,30.0,beat_this
KCHoaz1DG_4.wav,6.08,0.0,30.0,beat_this
KCHoaz1DG_4.wav,6.56,0.0,30.0,beat_this
KCHoaz1DG_4.wav,7.06,0.0,30.0,beat_this
KCHoaz1DG_4.wav,7.54,0.0,30.0,beat_this
KCHoaz1DG_4.wav,8.04,0.0,30.0,beat_this
KCHoaz1DG_4.wav,8.52,0.0,30.0,beat_this
KCHoaz1DG_4.wav,9.02,0.0,30.0,beat_this
KCHoaz1DG_4.wav,9.52,0.0,30.0,beat_this
KCHoaz1DG_4.wav,10.0,0.0,30.0,beat_this
KCHoaz1DG_4.wav,10.5,0.0,30.0,beat_this
KCHoaz1DG_4.wav,11.0,0.0,30.0,beat_this
KCHoaz1DG_4.wav,11.48,0.0,30.0,beat_this
KCHoaz1DG_4.wav,11.98,0.0,30.0,beat_this
KCHoaz1DG_4.wav,12.46,0.0,30.0,beat_this
KCHoaz1DG_4.wav,12.94,0.0,30.0,beat_this
KCHoaz1DG_4.wav,13.44,0.0,30.0,beat_this
KCHoaz1DG_4.wav,13.94,0.0,30.0,beat_this
KCHoaz1DG_4.wav,14.42,0.0,30.0,beat_this
KCHoaz1DG_4.wav,14.9,0.0,30.0,beat_this
KCHoaz1DG_4.wav,15.4,0.0,30.0,beat_this
KCHoaz1DG_4.wav,15.9,0.0,30.0,beat_this
KCHoaz1DG_4.wav,16.4,0.0,30.0,beat_this
KCHoaz1DG_4.wav,16.88,0.0,30.0,beat_this
KCHoaz1DG_4.wav,17.38,0.0,30.0,beat_this
KCHoaz1DG_4.wav,17.88,0.0,30.0,beat_this
KCHoaz1DG_4.wav,18.36,0.0,30.0,beat_this
KCHoaz1DG_4.wav,18.86,0.0,30.0,beat_this
KCHoaz1DG_4.wav,19.34,0.0,30.0,beat_this
KCHoaz1DG_4.wav,19.84,0.0,30.0,beat_this
KCHoaz1DG_4.wav,20.32,0.0,30.0,beat_this
KCHoaz1DG_4.wav,20.82,0.0,30.0,beat_this
KCHoaz1DG_4.wav,21.32,0.0,30.0,beat_this
KCHoaz1DG_4.wav,21.8,0.0,30.0,beat_this
KCHoaz1DG_4.wav,22.3,0.0,30.0,beat_this
KCHoaz1DG_4.wav,22.8,0.0,30.0,beat_this
KCHoaz1DG_4.wav,23.28,0.0,30.0,beat_this
KCHoaz1DG_4.wav,23.78,0.0,30.0,beat_this
KCHoaz1DG_4.wav,24.26,0.0,30.0,beat_this
KCHoaz1DG_4.wav,24.76,0.0,30.0,beat_this
KCHoaz1DG_4.wav,25.24,0.0,30.0,beat_this
KCHoaz1DG_4.wav,25.74,0.0,30.0,beat_this
KCHoaz1DG_4.wav,26.24,0.0,30.0,beat_this
KCHoaz1DG_4.wav,26.72,0.0,30.0,beat_this
KCHoaz1DG_4.wav,27.22,0.0,30.0,beat_this
KCHoaz1DG_4.wav,27.72,0.0,30.0,beat_this
KCHoaz1DG_4.wav,28.2,0.0,30.0,beat_this
KCHoaz1DG_4.wav,28.7,0.0,30.0,beat_this
KCHoaz1DG_4.wav,29.18,0.0,30.0,beat_this
KCHoaz1DG_4.wav,29.68,0.0,30.0,beat_this
KOC46hclHDA.wav,0.26,0.0,30.0,beat_this
KOC46hclHDA.wav,0.74,0.0,30.0,beat_this
KOC46hclHDA.wav,1.22,0.0,30.0,beat_this
KOC46hclHDA.wav,1.7,0.0,30.0,beat_this
KOC46hclHDA.wav,2.18,0.0,30.0,beat_this
KOC46hclHDA.wav,2.66,0.0,30.0,beat_this
KOC46hclHDA.wav,3.12,0.0,30.0,beat_this
KOC46hclHDA.wav,3.6,0.0,30.0,beat_this
KOC46hclHDA.wav,4.08,0.0,30.0,beat_this
KOC46hclHDA.wav,4.58,0.0,30.0,beat_this
KOC46hclHDA.wav,5.04,0.0,30.0,beat_this
KOC46hclHDA.wav,5.54,0.0,30.0,beat_this
KOC46hclHDA.wav,6.02,0.0,30.0,beat_this
KOC46hclHDA.wav,6.5,0.0,30.0,beat_this
KOC46hclHDA.wav,6.98,0.0,30.0,beat_this
KOC46hclHDA.wav,7.46,0.0,30.0,beat_this
KOC46hclHDA.wav,7.94,0.0,30.0,beat_this
KOC46hclHDA.wav,8.42,0.0,30.0,beat_this
KOC46hclHDA.wav,8.9,0.0,30.0,beat_this
KOC46hclHDA.wav,9.38,0.0,30.0,beat_this
KOC46hclHDA.wav,9.86,0.0,30.0,beat_this
KOC46hclHDA.wav,10.34,0.0,30.0,beat_this
KOC46hclHDA.wav,10.82,0.0,30.0,beat_this
KOC46hclHDA.wav,11.3,0.0,30.0,beat_this
KOC46hclHDA.wav,11.78,0.0,30.0,beat_this
KOC46hclHDA.wav,12.26,0.0,30.0,beat_this
KOC46hclHDA.wav,12.74,0.0,30.0,beat_this
KOC46hclHDA.wav,13.22,0.0,30.0,beat_this
KOC46hclHDA.wav,13.7,0.0,30.0,beat_this
KOC46hclHDA.wav,14.18,0.0,30.0,beat_this
KOC46hclHDA.wav,14.66,0.0,30.0,beat_this
KOC46hclHDA.wav,15.14,0.0,30.0,beat_this
KOC46hclHDA.wav,15.62,0.0,30.0,beat_this
KOC46hclHDA.wav,16.1,0.0,30.0,beat_this
KOC46hclHDA.wav,16.58,0.0,30.0,beat_this
KOC46hclHDA.wav,17.06,0.0,30.0,beat_this
KOC46hclHDA.wav,17.54,0.0,30.0,beat_this
KOC46hclHDA.wav,18.02,0.0,30.0,beat_this
KOC46hclHDA.wav,18.5,0.0,30.0,beat_this
KOC46hclHDA.wav,18.98,0.0,30.0,beat_this
KOC46hclHDA.wav,19.46,0.0,30.0,beat_this
KOC46hclHDA.wav,19.94,0.0,30.0,beat_this
KOC46hclHDA.wav,20.42,0.0,30.0,beat_this
KOC46hclHDA.wav,20.9,0.0,30.0,beat_this
KOC46hclHDA.wav,21.38,0.0,30.0,beat_this
KOC46hclHDA.wav,21.86,0.0,30.0,beat_this
KOC46hclHDA.wav,22.34,0.0,30.0,beat_this
KOC46hclHDA.wav,22.82,0.0,30.0,beat_this
KOC46hclHDA.wav,23.3,0.0,30.0,beat_this
KOC46hclHDA.wav,23.78,0.0,30.0,beat_this
KOC46hclHDA.wav,24.26,0.0,30.0,beat_this
KOC46hclHDA.wav,24.74,0.0,30.0,beat_this
KOC46hclHDA.wav,25.22,0.0,30.0,beat_this
KOC46hclHDA.wav,25.7,0.0,30.0,beat_this
KOC46hclHDA.wav,26.18,0.0,30.0,beat_this
KOC46hclHDA.wav,26.66,0.0,30.0,beat_this
KOC46hclHDA.wav,27.14,0.0,30.0,beat_this
KOC46hclHDA.wav,27.62,0.0,30.0,beat_this
KOC46hclHDA.wav,28.1,0.0,30.0,beat_this
KOC46hclHDA.wav,28.58,0.0,30.0,beat_this
KOC46hclHDA.wav,29.06,0.0,30.0,beat_this
KOC46hclHDA.wav,29.54,0.0,30.0,beat_this
KOC46hclHDA.wav,30.0,0.0,30.0,beat_this
L4BVG7rL88I.wav,0.34,0.0,30.0,beat_this
L4BVG7rL88I.wav,1.0,0.0,30.0,beat_this
L4BVG7rL88I.wav,1.66,0.0,30.0,beat_this
L4BVG7rL88I.wav,2.3,0.0,30.0,beat_this
L4BVG7rL88I.wav,2.96,0.0,30.0,beat_this
L4BVG7rL88I.wav,3.6,0.0,30.0,beat_this
L4BVG7rL88I.wav,4.26,0.0,30.0,beat_this
L4BVG7rL88I.wav,4.92,0.0,30.0,beat_this
L4BVG7rL88I.wav,5.58,0.0,30.0,beat_this
L4BVG7rL88I.wav,6.22,0.0,30.0,beat_this
L4BVG7rL88I.wav,6.88,0.0,30.0,beat_this
L4BVG7rL88I.wav,7.52,0.0,30.0,beat_this
L4BVG7rL88I.wav,8.18,0.0,30.0,beat_this
L4BVG7rL88I.wav,8.84,0.0,30.0,beat_this
L4BVG7rL88I.wav,9.48,0.0,30.0,beat_this
L4BVG7rL88I.wav,10.12,0.0,30.0,beat_this
L4BVG7rL88I.wav,10.78,0.0,30.0,beat_this
L4BVG7rL88I.wav,11.44,0.0,30.0,beat_this
L4BVG7rL88I.wav,12.08,0.0,30.0,beat_this
L4BVG7rL88I.wav,12.74,0.0,30.0,beat_this
L4BVG7rL88I.wav,13.36,0.0,30.0,beat_this
L4BVG7rL88I.wav,14.04,0.0,30.0,beat_this
L4BVG7rL88I.wav,14.68,0.0,30.0,beat_this
L4BVG7rL88I.wav,15.34,0.0,30.0,beat_this
L4BVG7rL88I.wav,16.0,0.0,30.0,beat_this
L4BVG7rL88I.wav,16.64,0.0,30.0,beat_this
L4BVG7rL88I.wav,17.3,0.0,30.0,beat_this
L4BVG7rL88I.wav,17.96,0.0,30.0,beat_this
L4BVG7rL88I.wav,18.6,0.0,30.0,beat_this
L4BVG7rL88I.wav,19.26,0.0,30.0,beat_this
L4BVG7rL88I.wav,19.9,0.0,30.0,beat_this
L4BVG7rL88I.wav,20.56,0.0,30.0,beat_this
L4BVG7rL88I.wav,21.24,0.0,30.0,beat_this
L4BVG7rL88I.wav,21.9,0.0,30.0,beat_this
L4BVG7rL88I.wav,22.52,0.0,30.0,beat_this
L4BVG7rL88I.wav,23.18,0.0,30.0,beat_this
L4BVG7rL88I.wav,23.82,0.0,30.0,beat_this
L4BVG7rL88I.wav,24.46,0.0,30.0,beat_this
L4BVG7rL88I.wav,25.12,0.0,30.0,beat_this
L4BVG7rL88I.wav,25.78,0.0,30.0,beat_this
L4BVG7rL88I.wav,26.44,0.0,30.0,beat_this
L4BVG7rL88I.wav,27.08,0.0,30.0,beat_this
L4BVG7rL88I.wav,27.74,0.0,30.0,beat_this
L4BVG7rL88I.wav,28.4,0.0,30.0,beat_this
L4BVG7rL88I.wav,29.04,0.0,30.0,beat_this
L4BVG7rL88I.wav,29.7,0.0,30.0,beat_this
LmQMjWVzJMs.wav,0.22,0.0,30.0,beat_this
LmQMjWVzJMs.wav,0.78,0.0,30.0,beat_this
LmQMjWVzJMs.wav,1.38,0.0,30.0,beat_this
LmQMjWVzJMs.wav,1.96,0.0,30.0,beat_this
LmQMjWVzJMs.wav,2.54,0.0,30.0,beat_this
LmQMjWVzJMs.wav,3.12,0.0,30.0,beat_this
LmQMjWVzJMs.wav,3.7,0.0,30.0,beat_this
LmQMjWVzJMs.wav,4.28,0.0,30.0,beat_this
LmQMjWVzJMs.wav,4.84,0.0,30.0,beat_this
LmQMjWVzJMs.wav,5.44,0.0,30.0,beat_this
LmQMjWVzJMs.wav,6.02,0.0,30.0,beat_this
LmQMjWVzJMs.wav,6.58,0.0,30.0,beat_this
LmQMjWVzJMs.wav,7.16,0.0,30.0,beat_this
LmQMjWVzJMs.wav,7.76,0.0,30.0,beat_this
LmQMjWVzJMs.wav,8.34,0.0,30.0,beat_this
LmQMjWVzJMs.wav,8.9,0.0,30.0,beat_this
LmQMjWVzJMs.wav,9.48,0.0,30.0,beat_this
LmQMjWVzJMs.wav,10.06,0.0,30.0,beat_this
LmQMjWVzJMs.wav,10.64,0.0,30.0,beat_this
LmQMjWVzJMs.wav,11.22,0.0,30.0,beat_this
LmQMjWVzJMs.wav,11.8,0.0,30.0,beat_this
LmQMjWVzJMs.wav,12.38,0.0,30.0,beat_this
LmQMjWVzJMs.wav,12.96,0.0,30.0,beat_this
LmQMjWVzJMs.wav,13.54,0.0,30.0,beat_this
LmQMjWVzJMs.wav,14.12,0.0,30.0,beat_this
LmQMjWVzJMs.wav,14.7,0.0,30.0,beat_this
LmQMjWVzJMs.wav,15.3,0.0,30.0,beat_this
LmQMjWVzJMs.wav,15.86,0.0,30.0,beat_this
LmQMjWVzJMs.wav,16.44,0.0,30.0,beat_this
LmQMjWVzJMs.wav,17.02,0.0,30.0,beat_this
LmQMjWVzJMs.wav,17.6,0.0,30.0,beat_this
LmQMjWVzJMs.wav,18.18,0.0,30.0,beat_this
LmQMjWVzJMs.wav,18.76,0.0,30.0,beat_this
LmQMjWVzJMs.wav,19.34,0.0,30.0,beat_this
LmQMjWVzJMs.wav,19.92,0.0,30.0,beat_this
LmQMjWVzJMs.wav,20.5,0.0,30.0,beat_this
LmQMjWVzJMs.wav,21.08,0.0,30.0,beat_this
LmQMjWVzJMs.wav,21.68,0.0,30.0,beat_this
LmQMjWVzJMs.wav,22.24,0.0,30.0,beat_this
LmQMjWVzJMs.wav,22.82,0.0,30.0,beat_this
LmQMjWVzJMs.wav,23.38,0.0,30.0,beat_this
LmQMjWVzJMs.wav,24.0,0.0,30.0,beat_this
LmQMjWVzJMs.wav,24.56,0.0,30.0,beat_this
LmQMjWVzJMs.wav,25.14,0.0,30.0,beat_this
LmQMjWVzJMs.wav,25.72,0.0,30.0,beat_this
LmQMjWVzJMs.wav,26.32,0.0,30.0,beat_this
LmQMjWVzJMs.wav,26.9,0.0,30.0,beat_this
LmQMjWVzJMs.wav,27.48,0.0,30.0,beat_this
LmQMjWVzJMs.wav,28.04,0.0,30.0,beat_this
LmQMjWVzJMs.wav,28.62,0.0,30.0,beat_this
LmQMjWVzJMs.wav,29.2,0.0,30.0,beat_this
M04cGx5wulA.wav,0.0,0.0,30.0,beat_this
M04cGx5wulA.wav,0.42,0.0,30.0,beat_this
M04cGx5wulA.wav,0.82,0.0,30.0,beat_this
M04cGx5wulA.wav,1.22,0.0,30.0,beat_this
M04cGx5wulA.wav,1.6,0.0,30.0,beat_this
M04cGx5wulA.wav,2.0,0.0,30.0,beat_this
M04cGx5wulA.wav,2.4,0.0,30.0,beat_this
M04cGx5wulA.wav,2.8,0.0,30.0,beat_this
M04cGx5wulA.wav,3.2,0.0,30.0,beat_this
M04cGx5wulA.wav,3.6,0.0,30.0,beat_this
M04cGx5wulA.wav,4.0,0.0,30.0,beat_this
M04cGx5wulA.wav,4.4,0.0,30.0,beat_this
M04cGx5wulA.wav,4.8,0.0,30.0,beat_this
M04cGx5wulA.wav,5.2,0.0,30.0,beat_this
M04cGx5wulA.wav,5.6,0.0,30.0,beat_this
M04cGx5wulA.wav,6.0,0.0,30.0,beat_this
M04cGx5wulA.wav,6.42,0.0,30.0,beat_this
M04cGx5wulA.wav,6.82,0.0,30.0,beat_this
M04cGx5wulA.wav,7.2,0.0,30.0,beat_this
M04cGx5wulA.wav,7.6,0.0,30.0,beat_this
M04cGx5wulA.wav,8.0,0.0,30.0,beat_this
M04cGx5wulA.wav,8.4,0.0,30.0,beat_this
M04cGx5wulA.wav,8.8,0.0,30.0,beat_this
M04cGx5wulA.wav,9.22,0.0,30.0,beat_this
M04cGx5wulA.wav,9.62,0.0,30.0,beat_this
M04cGx5wulA.wav,10.02,0.0,30.0,beat_this
M04cGx5wulA.wav,10.42,0.0,30.0,beat_this
M04cGx5wulA.wav,10.82,0.0,30.0,beat_this
M04cGx5wulA.wav,11.2,0.0,30.0,beat_this
M04cGx5wulA.wav,11.6,0.0,30.0,beat_this
M04cGx5wulA.wav,12.0,0.0,30.0,beat_this
M04cGx5wulA.wav,12.4,0.0,30.0,beat_this
M04cGx5wulA.wav,12.8,0.0,30.0,beat_this
M04cGx5wulA.wav,13.2,0.0,30.0,beat_this
M04cGx5wulA.wav,13.6,0.0,30.0,beat_this
M04cGx5wulA.wav,14.0,0.0,30.0,beat_this
M04cGx5wulA.wav,14.4,0.0,30.0,beat_this
M04cGx5wulA.wav,14.8,0.0,30.0,beat_this
M04cGx5wulA.wav,15.2,0.0,30.0,beat_this
M04cGx5wulA.wav,15.6,0.0,30.0,beat_this
M04cGx5wulA.wav,16.0,0.0,30.0,beat_this
M04cGx5wulA.wav,16.4,0.0,30.0,beat_this
M04cGx5wulA.wav,16.76,0.0,30.0,beat_this
M04cGx5wulA.wav,17.2,0.0,30.0,beat_this
M04cGx5wulA.wav,17.6,0.0,30.0,beat_this
M04cGx5wulA.wav,18.0,0.0,30.0,beat_this
M04cGx5wulA.wav,18.4,0.0,30.0,beat_this
M04cGx5wulA.wav,18.8,0.0,30.0,beat_this
M04cGx5wulA.wav,19.2,0.0,30.0,beat_this
M04cGx5wulA.wav,19.6,0.0,30.0,beat_this
M04cGx5wulA.wav,20.0,0.0,30.0,beat_this
M04cGx5wulA.wav,20.4,0.0,30.0,beat_this
M04cGx5wulA.wav,20.8,0.0,30.0,beat_this
M04cGx5wulA.wav,21.2,0.0,30.0,beat_this
M04cGx5wulA.wav,21.6,0.0,30.0,beat_this
M04cGx5wulA.wav,22.02,0.0,30.0,beat_this
M04cGx5wulA.wav,22.4,0.0,30.0,beat_this
M04cGx5wulA.wav,22.8,0.0,30.0,beat_this
M04cGx5wulA.wav,23.2,0.0,30.0,beat_this
M04cGx5wulA.wav,23.6,0.0,30.0,beat_this
M04cGx5wulA.wav,24.0,0.0,30.0,beat_this
M04cGx5wulA.wav,24.42,0.0,30.0,beat_this
M04cGx5wulA.wav,24.82,0.0,30.0,beat_this
M04cGx5wulA.wav,25.2,0.0,30.0,beat_this
M04cGx5wulA.wav,25.6,0.0,30.0,beat_this
M04cGx5wulA.wav,26.02,0.0,30.0,beat_this
M04cGx5wulA.wav,26.4,0.0,30.0,beat_this
M04cGx5wulA.wav,26.8,0.0,30.0,beat_this
M04cGx5wulA.wav,27.22,0.0,30.0,beat_this
M04cGx5wulA.wav,27.62,0.0,30.0,beat_this
M04cGx5wulA.wav,28.0,0.0,30.0,beat_this
M04cGx5wulA.wav,28.4,0.0,30.0,beat_this
M04cGx5wulA.wav,28.82,0.0,30.0,beat_this
M04cGx5wulA.wav,29.22,0.0,30.0,beat_this
M04cGx5wulA.wav,29.6,0.0,30.0,beat_this
M04cGx5wulA.wav,30.0,0.0,30.0,beat_this
MHiQDvejiZE.wav,0.26,0.0,30.0,beat_this
MHiQDvejiZE.wav,0.82,0.0,30.0,beat_this
MHiQDvejiZE.wav,1.38,0.0,30.0,beat_this
MHiQDvejiZE.wav,1.94,0.0,30.0,beat_this
MHiQDvejiZE.wav,2.48,0.0,30.0,beat_this
MHiQDvejiZE.wav,3.04,0.0,30.0,beat_this
MHiQDvejiZE.wav,3.6,0.0,30.0,beat_this
MHiQDvejiZE.wav,4.16,0.0,30.0,beat_this
MHiQDvejiZE.wav,4.7,0.0,30.0,beat_this
MHiQDvejiZE.wav,5.26,0.0,30.0,beat_this
MHiQDvejiZE.wav,5.82,0.0,30.0,beat_this
MHiQDvejiZE.wav,6.38,0.0,30.0,beat_this
MHiQDvejiZE.wav,6.92,0.0,30.0,beat_this
MHiQDvejiZE.wav,7.48,0.0,30.0,beat_this
MHiQDvejiZE.wav,8.04,0.0,30.0,beat_this
MHiQDvejiZE.wav,8.6,0.0,30.0,beat_this
MHiQDvejiZE.wav,9.14,0.0,30.0,beat_this
MHiQDvejiZE.wav,9.7,0.0,30.0,beat_this
MHiQDvejiZE.wav,10.26,0.0,30.0,beat_this
MHiQDvejiZE.wav,10.82,0.0,30.0,beat_this
MHiQDvejiZE.wav,11.38,0.0,30.0,beat_this
MHiQDvejiZE.wav,11.92,0.0,30.0,beat_this
MHiQDvejiZE.wav,12.48,0.0,30.0,beat_this
MHiQDvejiZE.wav,13.04,0.0,30.0,beat_this
MHiQDvejiZE.wav,13.58,0.0,30.0,beat_this
MHiQDvejiZE.wav,14.14,0.0,30.0,beat_this
MHiQDvejiZE.wav,14.7,0.0,30.0,beat_this
MHiQDvejiZE.wav,15.26,0.0,30.0,beat_this
MHiQDvejiZE.wav,15.82,0.0,30.0,beat_this
MHiQDvejiZE.wav,16.38,0.0,30.0,beat_this
MHiQDvejiZE.wav,16.92,0.0,30.0,beat_this
MHiQDvejiZE.wav,17.48,0.0,30.0,beat_this
MHiQDvejiZE.wav,18.04,0.0,30.0,beat_this
MHiQDvejiZE.wav,18.6,0.0,30.0,beat_this
MHiQDvejiZE.wav,19.14,0.0,30.0,beat_this
MHiQDvejiZE.wav,19.7,0.0,30.0,beat_this
MHiQDvejiZE.wav,20.26,0.0,30.0,beat_this
MHiQDvejiZE.wav,20.82,0.0,30.0,beat_this
MHiQDvejiZE.wav,21.38,0.0,30.0,beat_this
MHiQDvejiZE.wav,21.92,0.0,30.0,beat_this
MHiQDvejiZE.wav,22.48,0.0,30.0,beat_this
MHiQDvejiZE.wav,23.04,0.0,30.0,beat_this
MHiQDvejiZE.wav,23.6,0.0,30.0,beat_this
MHiQDvejiZE.wav,24.16,0.0,30.0,beat_this
MHiQDvejiZE.wav,24.7,0.0,30.0,beat_this
MHiQDvejiZE.wav,25.26,0.0,30.0,beat_this
MHiQDvejiZE.wav,25.82,0.0,30.0,beat_this
MHiQDvejiZE.wav,26.36,0.0,30.0,beat_this
MHiQDvejiZE.wav,26.92,0.0,30.0,beat_this
MHiQDvejiZE.wav,27.48,0.0,30.0,beat_this
MHiQDvejiZE.wav,28.04,0.0,30.0,beat_this
MHiQDvejiZE.wav,28.6,0.0,30.0,beat_this
MHiQDvejiZE.wav,29.14,0.0,30.0,beat_this
MHiQDvejiZE.wav,29.44,0.0,30.0,beat_this
MHiQDvejiZE.wav,29.7,0.0,30.0,beat_this
MHiQDvejiZE.wav,29.98,0.0,30.0,beat_this
N8TkD2R-hPY.wav,0.0,0.0,30.0,beat_this
N8TkD2R-hPY.wav,0.54,0.0,30.0,beat_this
N8TkD2R-hPY.wav,1.04,0.0,30.0,beat_this
N8TkD2R-hPY.wav,1.56,0.0,30.0,beat_this
N8TkD2R-hPY.wav,2.08,0.0,30.0,beat_this
N8TkD2R-hPY.wav,2.62,0.0,30.0,beat_this
N8TkD2R-hPY.wav,3.12,0.0,30.0,beat_this
N8TkD2R-hPY.wav,3.64,0.0,30.0,beat_this
N8TkD2R-hPY.wav,4.18,0.0,30.0,beat_this
N8TkD2R-hPY.wav,4.72,0.0,30.0,beat_this
N8TkD2R-hPY.wav,5.22,0.0,30.0,beat_this
N8TkD2R-hPY.wav,5.74,0.0,30.0,beat_this
N8TkD2R-hPY.wav,6.26,0.0,30.0,beat_this
N8TkD2R-hPY.wav,6.78,0.0,30.0,beat_this
N8TkD2R-hPY.wav,7.3,0.0,30.0,beat_this
N8TkD2R-hPY.wav,7.82,0.0,30.0,beat_this
N8TkD2R-hPY.wav,8.34,0.0,30.0,beat_this
N8TkD2R-hPY.wav,8.86,0.0,30.0,beat_this
N8TkD2R-hPY.wav,9.38,0.0,30.0,beat_this
N8TkD2R-hPY.wav,9.92,0.0,30.0,beat_this
N8TkD2R-hPY.wav,10.42,0.0,30.0,beat_this
N8TkD2R-hPY.wav,10.96,0.0,30.0,beat_this
N8TkD2R-hPY.wav,11.48,0.0,30.0,beat_this
N8TkD2R-hPY.wav,12.0,0.0,30.0,beat_this
N8TkD2R-hPY.wav,12.52,0.0,30.0,beat_this
N8TkD2R-hPY.wav,13.04,0.0,30.0,beat_this
N8TkD2R-hPY.wav,13.56,0.0,30.0,beat_this
N8TkD2R-hPY.wav,14.1,0.0,30.0,beat_this
N8TkD2R-hPY.wav,14.6,0.0,30.0,beat_this
N8TkD2R-hPY.wav,15.12,0.0,30.0,beat_this
N8TkD2R-hPY.wav,15.64,0.0,30.0,beat_this
N8TkD2R-hPY.wav,16.18,0.0,30.0,beat_this
N8TkD2R-hPY.wav,16.68,0.0,30.0,beat_this
N8TkD2R-hPY.wav,17.22,0.0,30.0,beat_this
N8TkD2R-hPY.wav,17.74,0.0,30.0,beat_this
N8TkD2R-hPY.wav,18.26,0.0,30.0,beat_this
N8TkD2R-hPY.wav,18.78,0.0,30.0,beat_this
N8TkD2R-hPY.wav,19.3,0.0,30.0,beat_this
N8TkD2R-hPY.wav,19.82,0.0,30.0,beat_this
N8TkD2R-hPY.wav,20.36,0.0,30.0,beat_this
N8TkD2R-hPY.wav,20.86,0.0,30.0,beat_this
N8TkD2R-hPY.wav,21.4,0.0,30.0,beat_this
N8TkD2R-hPY.wav,21.92,0.0,30.0,beat_this
N8TkD2R-hPY.wav,22.44,0.0,30.0,beat_this
N8TkD2R-hPY.wav,22.96,0.0,30.0,beat_this
N8TkD2R-hPY.wav,23.48,0.0,30.0,beat_this
N8TkD2R-hPY.wav,24.0,0.0,30.0,beat_this
N8TkD2R-hPY.wav,24.52,0.0,30.0,beat_this
N8TkD2R-hPY.wav,25.04,0.0,30.0,beat_this
N8TkD2R-hPY.wav,25.56,0.0,30.0,beat_this
N8TkD2R-hPY.wav,26.08,0.0,30.0,beat_this
N8TkD2R-hPY.wav,26.62,0.0,30.0,beat_this
N8TkD2R-hPY.wav,27.14,0.0,30.0,beat_this
N8TkD2R-hPY.wav,27.66,0.0,30.0,beat_this
N8TkD2R-hPY.wav,28.18,0.0,30.0,beat_this
N8TkD2R-hPY.wav,28.7,0.0,30.0,beat_this
N8TkD2R-hPY.wav,29.22,0.0,30.0,beat_this
N8TkD2R-hPY.wav,29.74,0.0,30.0,beat_this
NwiINF6FU2I.wav,0.12,0.0,30.0,beat_this
NwiINF6FU2I.wav,0.78,0.0,30.0,beat_this
NwiINF6FU2I.wav,1.46,0.0,30.0,beat_this
NwiINF6FU2I.wav,2.12,0.0,30.0,beat_this
NwiINF6FU2I.wav,2.8,0.0,30.0,beat_this
NwiINF6FU2I.wav,3.46,0.0,30.0,beat_this
NwiINF6FU2I.wav,4.12,0.0,30.0,beat_this
NwiINF6FU2I.wav,4.8,0.0,30.0,beat_this
NwiINF6FU2I.wav,5.46,0.0,30.0,beat_this
NwiINF6FU2I.wav,6.12,0.0,30.0,beat_this
NwiINF6FU2I.wav,6.8,0.0,30.0,beat_this
NwiINF6FU2I.wav,7.44,0.0,30.0,beat_this
NwiINF6FU2I.wav,8.12,0.0,30.0,beat_this
NwiINF6FU2I.wav,8.78,0.0,30.0,beat_this
NwiINF6FU2I.wav,9.46,0.0,30.0,beat_this
NwiINF6FU2I.wav,10.12,0.0,30.0,beat_this
NwiINF6FU2I.wav,10.78,0.0,30.0,beat_this
NwiINF6FU2I.wav,11.46,0.0,30.0,beat_this
NwiINF6FU2I.wav,12.12,0.0,30.0,beat_this
NwiINF6FU2I.wav,12.78,0.0,30.0,beat_this
NwiINF6FU2I.wav,13.46,0.0,30.0,beat_this
NwiINF6FU2I.wav,14.12,0.0,30.0,beat_this
NwiINF6FU2I.wav,14.78,0.0,30.0,beat_this
NwiINF6FU2I.wav,15.46,0.0,30.0,beat_this
NwiINF6FU2I.wav,16.12,0.0,30.0,beat_this
NwiINF6FU2I.wav,16.8,0.0,30.0,beat_this
NwiINF6FU2I.wav,17.46,0.0,30.0,beat_this
NwiINF6FU2I.wav,18.12,0.0,30.0,beat_this
NwiINF6FU2I.wav,18.78,0.0,30.0,beat_this
NwiINF6FU2I.wav,19.46,0.0,30.0,beat_this
NwiINF6FU2I.wav,20.12,0.0,30.0,beat_this
NwiINF6FU2I.wav,20.78,0.0,30.0,beat_this
NwiINF6FU2I.wav,21.44,0.0,30.0,beat_this
NwiINF6FU2I.wav,22.12,0.0,30.0,beat_this
NwiINF6FU2I.wav,22.8,0.0,30.0,beat_this
NwiINF6FU2I.wav,23.46,0.0,30.0,beat_this
NwiINF6FU2I.wav,24.12,0.0,30.0,beat_this
NwiINF6FU2I.wav,24.8,0.0,30.0,beat_this
NwiINF6FU2I.wav,25.46,0.0,30.0,beat_this
NwiINF6FU2I.wav,26.12,0.0,30.0,beat_this
NwiINF6FU2I.wav,26.78,0.0,30.0,beat_this
NwiINF6FU2I.wav,27.46,0.0,30.0,beat_this
NwiINF6FU2I.wav,28.12,0.0,30.0,beat_this
NwiINF6FU2I.wav,28.8,0.0,30.0,beat_this
NwiINF6FU2I.wav,29.46,0.0,30.0,beat_this
O0Bb7vvDyuM.wav,0.04,0.0,30.0,beat_this
O0Bb7vvDyuM.wav,0.88,0.0,30.0,beat_this
O0Bb7vvDyuM.wav,1.74,0.0,30.0,beat_this
O0Bb7vvDyuM.wav,2.6,0.0,30.0,beat_this
O0Bb7vvDyuM.wav,3.46,0.0,30.0,beat_this
O0Bb7vvDyuM.wav,4.32,0.0,30.0,beat_this
O0Bb7vvDyuM.wav,5.2,0.0,30.0,beat_this
O0Bb7vvDyuM.wav,6.04,0.0,30.0,beat_this
O0Bb7vvDyuM.wav,6.9,0.0,30.0,beat_this
O0Bb7vvDyuM.wav,7.76,0.0,30.0,beat_this
O0Bb7vvDyuM.wav,8.62,0.0,30.0,beat_this
O0Bb7vvDyuM.wav,9.48,0.0,30.0,beat_this
O0Bb7vvDyuM.wav,10.34,0.0,30.0,beat_this
O0Bb7vvDyuM.wav,11.2,0.0,30.0,beat_this
O0Bb7vvDyuM.wav,12.04,0.0,30.0,beat_this
O0Bb7vvDyuM.wav,12.9,0.0,30.0,beat_this
O0Bb7vvDyuM.wav,13.76,0.0,30.0,beat_this
O0Bb7vvDyuM.wav,14.62,0.0,30.0,beat_this
O0Bb7vvDyuM.wav,15.48,0.0,30.0,beat_this
O0Bb7vvDyuM.wav,16.34,0.0,30.0,beat_this
O0Bb7vvDyuM.wav,17.2,0.0,30.0,beat_this
O0Bb7vvDyuM.wav,18.04,0.0,30.0,beat_this
O0Bb7vvDyuM.wav,18.92,0.0,30.0,beat_this
O0Bb7vvDyuM.wav,19.76,0.0,30.0,beat_this
O0Bb7vvDyuM.wav,20.62,0.0,30.0,beat_this
O0Bb7vvDyuM.wav,21.48,0.0,30.0,beat_this
O0Bb7vvDyuM.wav,22.34,0.0,30.0,beat_this
O0Bb7vvDyuM.wav,23.2,0.0,30.0,beat_this
O0Bb7vvDyuM.wav,24.04,0.0,30.0,beat_this
O0Bb7vvDyuM.wav,24.9,0.0,30.0,beat_this
O0Bb7vvDyuM.wav,25.76,0.0,30.0,beat_this
O0Bb7vvDyuM.wav,26.62,0.0,30.0,beat_this
O0Bb7vvDyuM.wav,27.46,0.0,30.0,beat_this
O0Bb7vvDyuM.wav,28.32,0.0,30.0,beat_this
O0Bb7vvDyuM.wav,29.18,0.0,30.0,beat_this
O76LY5X46rg.wav,0.02,0.0,30.0,beat_this
O76LY5X46rg.wav,0.48,0.0,30.0,beat_this
O76LY5X46rg.wav,0.96,0.0,30.0,beat_this
O76LY5X46rg.wav,1.42,0.0,30.0,beat_this
O76LY5X46rg.wav,1.88,0.0,30.0,beat_this
O76LY5X46rg.wav,2.36,0.0,30.0,beat_this
O76LY5X46rg.wav,2.82,0.0,30.0,beat_this
O76LY5X46rg.wav,3.3,0.0,30.0,beat_this
O76LY5X46rg.wav,3.76,0.0,30.0,beat_this
O76LY5X46rg.wav,4.24,0.0,30.0,beat_this
O76LY5X46rg.wav,4.7,0.0,30.0,beat_this
O76LY5X46rg.wav,5.18,0.0,30.0,beat_this
O76LY5X46rg.wav,5.64,0.0,30.0,beat_this
O76LY5X46rg.wav,6.12,0.0,30.0,beat_this
O76LY5X46rg.wav,6.58,0.0,30.0,beat_this
O76LY5X46rg.wav,7.04,0.0,30.0,beat_this
O76LY5X46rg.wav,7.52,0.0,30.0,beat_this
O76LY5X46rg.wav,7.98,0.0,30.0,beat_this
O76LY5X46rg.wav,8.46,0.0,30.0,beat_this
O76LY5X46rg.wav,8.92,0.0,30.0,beat_this
O76LY5X46rg.wav,9.38,0.0,30.0,beat_this
O76LY5X46rg.wav,9.86,0.0,30.0,beat_this
O76LY5X46rg.wav,10.32,0.0,30.0,beat_this
O76LY5X46rg.wav,10.8,0.0,30.0,beat_this
O76LY5X46rg.wav,11.26,0.0,30.0,beat_this
O76LY5X46rg.wav,11.74,0.0,30.0,beat_this
O76LY5X46rg.wav,12.2,0.0,30.0,beat_this
O76LY5X46rg.wav,12.68,0.0,30.0,beat_this
O76LY5X46rg.wav,13.14,0.0,30.0,beat_this
O76LY5X46rg.wav,13.62,0.0,30.0,beat_this
O76LY5X46rg.wav,14.08,0.0,30.0,beat_this
O76LY5X46rg.wav,14.54,0.0,30.0,beat_this
O76LY5X46rg.wav,15.02,0.0,30.0,beat_this
O76LY5X46rg.wav,15.48,0.0,30.0,beat_this
O76LY5X46rg.wav,15.96,0.0,30.0,beat_this
O76LY5X46rg.wav,16.42,0.0,30.0,beat_this
O76LY5X46rg.wav,16.9,0.0,30.0,beat_this
O76LY5X46rg.wav,17.36,0.0,30.0,beat_this
O76LY5X46rg.wav,17.82,0.0,30.0,beat_this
O76LY5X46rg.wav,18.3,0.0,30.0,beat_this
O76LY5X46rg.wav,18.76,0.0,30.0,beat_this
O76LY5X46rg.wav,19.24,0.0,30.0,beat_this
O76LY5X46rg.wav,19.7,0.0,30.0,beat_this
O76LY5X46rg.wav,20.18,0.0,30.0,beat_this
O76LY5X46rg.wav,20.64,0.0,30.0,beat_this
O76LY5X46rg.wav,21.12,0.0,30.0,beat_this
O76LY5X46rg.wav,21.58,0.0,30.0,beat_this
O76LY5X46rg.wav,22.04,0.0,30.0,beat_this
O76LY5X46rg.wav,22.52,0.0,30.0,beat_this
O76LY5X46rg.wav,22.98,0.0,30.0,beat_this
O76LY5X46rg.wav,23.46,0.0,30.0,beat_this
O76LY5X46rg.wav,23.92,0.0,30.0,beat_this
O76LY5X46rg.wav,24.38,0.0,30.0,beat_this
O76LY5X46rg.wav,24.86,0.0,30.0,beat_this
O76LY5X46rg.wav,25.32,0.0,30.0,beat_this
O76LY5X46rg.wav,25.8,0.0,30.0,beat_this
O76LY5X46rg.wav,26.26,0.0,30.0,beat_this
O76LY5X46rg.wav,26.74,0.0,30.0,beat_this
O76LY5X46rg.wav,27.2,0.0,30.0,beat_this
O76LY5X46rg.wav,27.68,0.0,30.0,beat_this
O76LY5X46rg.wav,28.14,0.0,30.0,beat_this
O76LY5X46rg.wav,28.62,0.0,30.0,beat_this
O76LY5X46rg.wav,29.08,0.0,30.0,beat_this
O76LY5X46rg.wav,29.54,0.0,30.0,beat_this
O76LY5X46rg.wav,30.0,0.0,30.0,beat_this
ONTJkxINr1U.wav,0.42,0.0,30.0,beat_this
ONTJkxINr1U.wav,1.02,0.0,30.0,beat_this
ONTJkxINr1U.wav,1.62,0.0,30.0,beat_this
ONTJkxINr1U.wav,2.24,0.0,30.0,beat_this
ONTJkxINr1U.wav,2.84,0.0,30.0,beat_this
ONTJkxINr1U.wav,3.44,0.0,30.0,beat_this
ONTJkxINr1U.wav,4.06,0.0,30.0,beat_this
ONTJkxINr1U.wav,4.66,0.0,30.0,beat_this
ONTJkxINr1U.wav,5.26,0.0,30.0,beat_this
ONTJkxINr1U.wav,5.88,0.0,30.0,beat_this
ONTJkxINr1U.wav,6.48,0.0,30.0,beat_this
ONTJkxINr1U.wav,7.08,0.0,30.0,beat_this
ONTJkxINr1U.wav,7.7,0.0,30.0,beat_this
ONTJkxINr1U.wav,8.3,0.0,30.0,beat_this
ONTJkxINr1U.wav,8.9,0.0,30.0,beat_this
ONTJkxINr1U.wav,9.5,0.0,30.0,beat_this
ONTJkxINr1U.wav,10.12,0.0,30.0,beat_this
ONTJkxINr1U.wav,10.72,0.0,30.0,beat_this
ONTJkxINr1U.wav,11.32,0.0,30.0,beat_this
ONTJkxINr1U.wav,11.94,0.0,30.0,beat_this
ONTJkxINr1U.wav,12.54,0.0,30.0,beat_this
ONTJkxINr1U.wav,13.14,0.0,30.0,beat_this
ONTJkxINr1U.wav,13.76,0.0,30.0,beat_this
ONTJkxINr1U.wav,14.36,0.0,30.0,beat_this
ONTJkxINr1U.wav,14.96,0.0,30.0,beat_this
ONTJkxINr1U.wav,15.58,0.0,30.0,beat_this
ONTJkxINr1U.wav,16.18,0.0,30.0,beat_this
ONTJkxINr1U.wav,16.78,0.0,30.0,beat_this
ONTJkxINr1U.wav,17.4,0.0,30.0,beat_this
ONTJkxINr1U.wav,18.0,0.0,30.0,beat_this
ONTJkxINr1U.wav,18.6,0.0,30.0,beat_this
ONTJkxINr1U.wav,18.9,0.0,30.0,beat_this
ONTJkxINr1U.wav,19.2,0.0,30.0,beat_this
ONTJkxINr1U.wav,19.82,0.0,30.0,beat_this
ONTJkxINr1U.wav,20.42,0.0,30.0,beat_this
ONTJkxINr1U.wav,20.72,0.0,30.0,beat_this
ONTJkxINr1U.wav,21.02,0.0,30.0,beat_this
ONTJkxINr1U.wav,21.64,0.0,30.0,beat_this
ONTJkxINr1U.wav,22.24,0.0,30.0,beat_this
ONTJkxINr1U.wav,22.84,0.0,30.0,beat_this
ONTJkxINr1U.wav,23.44,0.0,30.0,beat_this
ONTJkxINr1U.wav,24.04,0.0,30.0,beat_this
ONTJkxINr1U.wav,24.66,0.0,30.0,beat_this
ONTJkxINr1U.wav,25.26,0.0,30.0,beat_this
ONTJkxINr1U.wav,25.86,0.0,30.0,beat_this
ONTJkxINr1U.wav,26.46,0.0,30.0,beat_this
ONTJkxINr1U.wav,27.08,0.0,30.0,beat_this
ONTJkxINr1U.wav,27.7,0.0,30.0,beat_this
ONTJkxINr1U.wav,28.3,0.0,30.0,beat_this
ONTJkxINr1U.wav,28.9,0.0,30.0,beat_this
ONTJkxINr1U.wav,29.5,0.0,30.0,beat_this
ORDVCeBjJdM.wav,0.26,0.0,30.0,beat_this
ORDVCeBjJdM.wav,1.12,0.0,30.0,beat_this
ORDVCeBjJdM.wav,2.0,0.0,30.0,beat_this
ORDVCeBjJdM.wav,2.88,0.0,30.0,beat_this
ORDVCeBjJdM.wav,3.74,0.0,30.0,beat_this
ORDVCeBjJdM.wav,4.58,0.0,30.0,beat_this
ORDVCeBjJdM.wav,5.42,0.0,30.0,beat_this
ORDVCeBjJdM.wav,6.28,0.0,30.0,beat_this
ORDVCeBjJdM.wav,7.14,0.0,30.0,beat_this
ORDVCeBjJdM.wav,7.98,0.0,30.0,beat_this
ORDVCeBjJdM.wav,8.86,0.0,30.0,beat_this
ORDVCeBjJdM.wav,9.7,0.0,30.0,beat_this
ORDVCeBjJdM.wav,10.56,0.0,30.0,beat_this
ORDVCeBjJdM.wav,11.42,0.0,30.0,beat_this
ORDVCeBjJdM.wav,12.3,0.0,30.0,beat_this
ORDVCeBjJdM.wav,13.16,0.0,30.0,beat_this
ORDVCeBjJdM.wav,14.06,0.0,30.0,beat_this
ORDVCeBjJdM.wav,14.96,0.0,30.0,beat_this
ORDVCeBjJdM.wav,15.84,0.0,30.0,beat_this
ORDVCeBjJdM.wav,16.74,0.0,30.0,beat_this
ORDVCeBjJdM.wav,17.62,0.0,30.0,beat_this
ORDVCeBjJdM.wav,18.5,0.0,30.0,beat_this
ORDVCeBjJdM.wav,19.38,0.0,30.0,beat_this
ORDVCeBjJdM.wav,20.26,0.0,30.0,beat_this
ORDVCeBjJdM.wav,21.16,0.0,30.0,beat_this
ORDVCeBjJdM.wav,22.04,0.0,30.0,beat_this
ORDVCeBjJdM.wav,22.92,0.0,30.0,beat_this
ORDVCeBjJdM.wav,23.8,0.0,30.0,beat_this
ORDVCeBjJdM.wav,24.68,0.0,30.0,beat_this
ORDVCeBjJdM.wav,25.56,0.0,30.0,beat_this
ORDVCeBjJdM.wav,26.42,0.0,30.0,beat_this
ORDVCeBjJdM.wav,27.32,0.0,30.0,beat_this
ORDVCeBjJdM.wav,28.18,0.0,30.0,beat_this
ORDVCeBjJdM.wav,29.08,0.0,30.0,beat_this
ORDVCeBjJdM.wav,29.96,0.0,30.0,beat_this
OSkUD7S_WSs.wav,0.4,0.0,30.0,beat_this
OSkUD7S_WSs.wav,1.24,0.0,30.0,beat_this
OSkUD7S_WSs.wav,2.1,0.0,30.0,beat_this
OSkUD7S_WSs.wav,2.96,0.0,30.0,beat_this
OSkUD7S_WSs.wav,3.82,0.0,30.0,beat_this
OSkUD7S_WSs.wav,4.7,0.0,30.0,beat_this
OSkUD7S_WSs.wav,5.54,0.0,30.0,beat_this
OSkUD7S_WSs.wav,6.4,0.0,30.0,beat_this
OSkUD7S_WSs.wav,7.28,0.0,30.0,beat_this
OSkUD7S_WSs.wav,8.1,0.0,30.0,beat_this
OSkUD7S_WSs.wav,8.98,0.0,30.0,beat_this
OSkUD7S_WSs.wav,9.84,0.0,30.0,beat_this
OSkUD7S_WSs.wav,10.7,0.0,30.0,beat_this
OSkUD7S_WSs.wav,11.54,0.0,30.0,beat_this
OSkUD7S_WSs.wav,12.4,0.0,30.0,beat_this
OSkUD7S_WSs.wav,13.24,0.0,30.0,beat_this
OSkUD7S_WSs.wav,14.12,0.0,30.0,beat_this
OSkUD7S_WSs.wav,14.96,0.0,30.0,beat_this
OSkUD7S_WSs.wav,15.82,0.0,30.0,beat_this
OSkUD7S_WSs.wav,16.68,0.0,30.0,beat_this
OSkUD7S_WSs.wav,17.54,0.0,30.0,beat_this
OSkUD7S_WSs.wav,18.4,0.0,30.0,beat_this
OSkUD7S_WSs.wav,19.28,0.0,30.0,beat_this
OSkUD7S_WSs.wav,20.12,0.0,30.0,beat_this
OSkUD7S_WSs.wav,20.96,0.0,30.0,beat_this
OSkUD7S_WSs.wav,21.82,0.0,30.0,beat_this
OSkUD7S_WSs.wav,22.7,0.0,30.0,beat_this
OSkUD7S_WSs.wav,23.54,0.0,30.0,beat_this
OSkUD7S_WSs.wav,24.4,0.0,30.0,beat_this
OSkUD7S_WSs.wav,25.26,0.0,30.0,beat_this
OSkUD7S_WSs.wav,26.12,0.0,30.0,beat_this
OSkUD7S_WSs.wav,26.98,0.0,30.0,beat_this
OSkUD7S_WSs.wav,27.84,0.0,30.0,beat_this
OSkUD7S_WSs.wav,28.68,0.0,30.0,beat_this
OSkUD7S_WSs.wav,29.58,0.0,30.0,beat_this
Odh8Oe5sZa0.wav,0.2,0.0,30.0,beat_this
Odh8Oe5sZa0.wav,0.86,0.0,30.0,beat_this
Odh8Oe5sZa0.wav,1.52,0.0,30.0,beat_this
Odh8Oe5sZa0.wav,2.18,0.0,30.0,beat_this
Odh8Oe5sZa0.wav,2.84,0.0,30.0,beat_this
Odh8Oe5sZa0.wav,3.48,0.0,30.0,beat_this
Odh8Oe5sZa0.wav,4.14,0.0,30.0,beat_this
Odh8Oe5sZa0.wav,4.8,0.0,30.0,beat_this
Odh8Oe5sZa0.wav,5.46,0.0,30.0,beat_this
Odh8Oe5sZa0.wav,6.1,0.0,30.0,beat_this
Odh8Oe5sZa0.wav,6.76,0.0,30.0,beat_this
Odh8Oe5sZa0.wav,7.42,0.0,30.0,beat_this
Odh8Oe5sZa0.wav,8.08,0.0,30.0,beat_this
Odh8Oe5sZa0.wav,8.72,0.0,30.0,beat_this
Odh8Oe5sZa0.wav,9.38,0.0,30.0,beat_this
Odh8Oe5sZa0.wav,10.02,0.0,30.0,beat_this
Odh8Oe5sZa0.wav,10.7,0.0,30.0,beat_this
Odh8Oe5sZa0.wav,11.34,0.0,30.0,beat_this
Odh8Oe5sZa0.wav,12.0,0.0,30.0,beat_this
Odh8Oe5sZa0.wav,12.64,0.0,30.0,beat_this
Odh8Oe5sZa0.wav,13.32,0.0,30.0,beat_this
Odh8Oe5sZa0.wav,13.96,0.0,30.0,beat_this
Odh8Oe5sZa0.wav,14.62,0.0,30.0,beat_this
Odh8Oe5sZa0.wav,15.24,0.0,30.0,beat_this
Odh8Oe5sZa0.wav,15.94,0.0,30.0,beat_this
Odh8Oe5sZa0.wav,16.56,0.0,30.0,beat_this
Odh8Oe5sZa0.wav,17.24,0.0,30.0,beat_this
Odh8Oe5sZa0.wav,17.88,0.0,30.0,beat_this
Odh8Oe5sZa0.wav,18.54,0.0,30.0,beat_this
Odh8Oe5sZa0.wav,19.18,0.0,30.0,beat_this
Odh8Oe5sZa0.wav,19.84,0.0,30.0,beat_this
Odh8Oe5sZa0.wav,20.5,0.0,30.0,beat_this
Odh8Oe5sZa0.wav,21.16,0.0,30.0,beat_this
Odh8Oe5sZa0.wav,21.8,0.0,30.0,beat_this
Odh8Oe5sZa0.wav,22.46,0.0,30.0,beat_this
Odh8Oe5sZa0.wav,23.1,0.0,30.0,beat_this
Odh8Oe5sZa0.wav,23.74,0.0,30.0,beat_this
Odh8Oe5sZa0.wav,24.4,0.0,30.0,beat_this
Odh8Oe5sZa0.wav,25.06,0.0,30.0,beat_this
Odh8Oe5sZa0.wav,25.72,0.0,30.0,beat_this
Odh8Oe5sZa0.wav,26.36,0.0,30.0,beat_this
Odh8Oe5sZa0.wav,27.02,0.0,30.0,beat_this
Odh8Oe5sZa0.wav,27.68,0.0,30.0,beat_this
Odh8Oe5sZa0.wav,28.34,0.0,30.0,beat_this
Odh8Oe5sZa0.wav,29.0,0.0,30.0,beat_this
Odh8Oe5sZa0.wav,29.66,0.0,30.0,beat_this
PIFXJ4XQX4E.wav,0.24,0.0,30.0,beat_this
PIFXJ4XQX4E.wav,0.86,0.0,30.0,beat_this
PIFXJ4XQX4E.wav,1.46,0.0,30.0,beat_this
PIFXJ4XQX4E.wav,2.08,0.0,30.0,beat_this
PIFXJ4XQX4E.wav,2.68,0.0,30.0,beat_this
PIFXJ4XQX4E.wav,3.3,0.0,30.0,beat_this
PIFXJ4XQX4E.wav,3.9,0.0,30.0,beat_this
PIFXJ4XQX4E.wav,4.5,0.0,30.0,beat_this
PIFXJ4XQX4E.wav,5.1,0.0,30.0,beat_this
PIFXJ4XQX4E.wav,5.72,0.0,30.0,beat_this
PIFXJ4XQX4E.wav,6.32,0.0,30.0,beat_this
PIFXJ4XQX4E.wav,6.92,0.0,30.0,beat_this
PIFXJ4XQX4E.wav,7.52,0.0,30.0,beat_this
PIFXJ4XQX4E.wav,8.14,0.0,30.0,beat_this
PIFXJ4XQX4E.wav,8.74,0.0,30.0,beat_this
PIFXJ4XQX4E.wav,9.34,0.0,30.0,beat_this
PIFXJ4XQX4E.wav,9.94,0.0,30.0,beat_this
PIFXJ4XQX4E.wav,10.56,0.0,30.0,beat_this
PIFXJ4XQX4E.wav,11.16,0.0,30.0,beat_this
PIFXJ4XQX4E.wav,11.78,0.0,30.0,beat_this
PIFXJ4XQX4E.wav,12.38,0.0,30.0,beat_this
PIFXJ4XQX4E.wav,12.98,0.0,30.0,beat_this
PIFXJ4XQX4E.wav,13.58,0.0,30.0,beat_this
PIFXJ4XQX4E.wav,14.2,0.0,30.0,beat_this
PIFXJ4XQX4E.wav,14.8,0.0,30.0,beat_this
PIFXJ4XQX4E.wav,15.42,0.0,30.0,beat_this
PIFXJ4XQX4E.wav,16.02,0.0,30.0,beat_this
PIFXJ4XQX4E.wav,16.62,0.0,30.0,beat_this
PIFXJ4XQX4E.wav,17.22,0.0,30.0,beat_this
PIFXJ4XQX4E.wav,17.84,0.0,30.0,beat_this
PIFXJ4XQX4E.wav,18.44,0.0,30.0,beat_this
PIFXJ4XQX4E.wav,19.04,0.0,30.0,beat_this
PIFXJ4XQX4E.wav,19.66,0.0,30.0,beat_this
PIFXJ4XQX4E.wav,20.26,0.0,30.0,beat_this
PIFXJ4XQX4E.wav,20.86,0.0,30.0,beat_this
PIFXJ4XQX4E.wav,21.46,0.0,30.0,beat_this
PIFXJ4XQX4E.wav,22.08,0.0,30.0,beat_this
PIFXJ4XQX4E.wav,22.68,0.0,30.0,beat_this
PIFXJ4XQX4E.wav,23.28,0.0,30.0,beat_this
PIFXJ4XQX4E.wav,23.9,0.0,30.0,beat_this
PIFXJ4XQX4E.wav,24.5,0.0,30.0,beat_this
PIFXJ4XQX4E.wav,25.1,0.0,30.0,beat_this
PIFXJ4XQX4E.wav,25.72,0.0,30.0,beat_this
PIFXJ4XQX4E.wav,26.32,0.0,30.0,beat_this
PIFXJ4XQX4E.wav,26.92,0.0,30.0,beat_this
PIFXJ4XQX4E.wav,27.52,0.0,30.0,beat_this
PIFXJ4XQX4E.wav,28.12,0.0,30.0,beat_this
PIFXJ4XQX4E.wav,28.74,0.0,30.0,beat_this
PIFXJ4XQX4E.wav,29.34,0.0,30.0,beat_this
PIFXJ4XQX4E.wav,29.94,0.0,30.0,beat_this
PRP1fU8obtA.wav,0.44,0.0,30.0,beat_this
PRP1fU8obtA.wav,1.26,0.0,30.0,beat_this
PRP1fU8obtA.wav,2.04,0.0,30.0,beat_this
PRP1fU8obtA.wav,2.84,0.0,30.0,beat_this
PRP1fU8obtA.wav,3.66,0.0,30.0,beat_this
PRP1fU8obtA.wav,4.46,0.0,30.0,beat_this
PRP1fU8obtA.wav,5.26,0.0,30.0,beat_this
PRP1fU8obtA.wav,6.04,0.0,30.0,beat_this
PRP1fU8obtA.wav,6.86,0.0,30.0,beat_this
PRP1fU8obtA.wav,7.66,0.0,30.0,beat_this
PRP1fU8obtA.wav,8.44,0.0,30.0,beat_this
PRP1fU8obtA.wav,9.24,0.0,30.0,beat_this
PRP1fU8obtA.wav,10.04,0.0,30.0,beat_this
PRP1fU8obtA.wav,10.84,0.0,30.0,beat_this
PRP1fU8obtA.wav,11.64,0.0,30.0,beat_this
PRP1fU8obtA.wav,12.44,0.0,30.0,beat_this
PRP1fU8obtA.wav,13.26,0.0,30.0,beat_this
PRP1fU8obtA.wav,14.06,0.0,30.0,beat_this
PRP1fU8obtA.wav,14.88,0.0,30.0,beat_this
PRP1fU8obtA.wav,15.68,0.0,30.0,beat_this
PRP1fU8obtA.wav,16.48,0.0,30.0,beat_this
PRP1fU8obtA.wav,17.26,0.0,30.0,beat_this
PRP1fU8obtA.wav,18.04,0.0,30.0,beat_this
PRP1fU8obtA.wav,18.84,0.0,30.0,beat_this
PRP1fU8obtA.wav,19.64,0.0,30.0,beat_this
PRP1fU8obtA.wav,20.44,0.0,30.0,beat_this
PRP1fU8obtA.wav,21.24,0.0,30.0,beat_this
PRP1fU8obtA.wav,22.04,0.0,30.0,beat_this
PRP1fU8obtA.wav,22.84,0.0,30.0,beat_this
PRP1fU8obtA.wav,23.64,0.0,30.0,beat_this
PRP1fU8obtA.wav,24.44,0.0,30.0,beat_this
PRP1fU8obtA.wav,25.24,0.0,30.0,beat_this
PRP1fU8obtA.wav,26.04,0.0,30.0,beat_this
PRP1fU8obtA.wav,26.84,0.0,30.0,beat_this
PRP1fU8obtA.wav,27.64,0.0,30.0,beat_this
PRP1fU8obtA.wav,28.44,0.0,30.0,beat_this
PRP1fU8obtA.wav,29.24,0.0,30.0,beat_this
PRP1fU8obtA.wav,30.0,0.0,30.0,beat_this
PuHJRHiXNMQ.wav,0.02,0.0,30.0,beat_this
PuHJRHiXNMQ.wav,0.84,0.0,30.0,beat_this
PuHJRHiXNMQ.wav,1.62,0.0,30.0,beat_this
PuHJRHiXNMQ.wav,2.4,0.0,30.0,beat_this
PuHJRHiXNMQ.wav,3.2,0.0,30.0,beat_this
PuHJRHiXNMQ.wav,3.98,0.0,30.0,beat_this
PuHJRHiXNMQ.wav,4.78,0.0,30.0,beat_this
PuHJRHiXNMQ.wav,5.56,0.0,30.0,beat_this
PuHJRHiXNMQ.wav,6.34,0.0,30.0,beat_this
PuHJRHiXNMQ.wav,7.14,0.0,30.0,beat_this
PuHJRHiXNMQ.wav,7.92,0.0,30.0,beat_this
PuHJRHiXNMQ.wav,8.72,0.0,30.0,beat_this
PuHJRHiXNMQ.wav,9.52,0.0,30.0,beat_this
PuHJRHiXNMQ.wav,10.32,0.0,30.0,beat_this
PuHJRHiXNMQ.wav,11.1,0.0,30.0,beat_this
PuHJRHiXNMQ.wav,11.88,0.0,30.0,beat_this
PuHJRHiXNMQ.wav,12.68,0.0,30.0,beat_this
PuHJRHiXNMQ.wav,13.46,0.0,30.0,beat_this
PuHJRHiXNMQ.wav,14.26,0.0,30.0,beat_this
PuHJRHiXNMQ.wav,15.04,0.0,30.0,beat_this
PuHJRHiXNMQ.wav,15.84,0.0,30.0,beat_this
PuHJRHiXNMQ.wav,16.62,0.0,30.0,beat_this
PuHJRHiXNMQ.wav,17.42,0.0,30.0,beat_this
PuHJRHiXNMQ.wav,18.2,0.0,30.0,beat_this
PuHJRHiXNMQ.wav,18.98,0.0,30.0,beat_this
PuHJRHiXNMQ.wav,19.78,0.0,30.0,beat_this
PuHJRHiXNMQ.wav,20.56,0.0,30.0,beat_this
PuHJRHiXNMQ.wav,21.36,0.0,30.0,beat_this
PuHJRHiXNMQ.wav,22.14,0.0,30.0,beat_this
PuHJRHiXNMQ.wav,22.94,0.0,30.0,beat_this
PuHJRHiXNMQ.wav,23.74,0.0,30.0,beat_this
PuHJRHiXNMQ.wav,24.5,0.0,30.0,beat_this
PuHJRHiXNMQ.wav,25.3,0.0,30.0,beat_this
PuHJRHiXNMQ.wav,26.1,0.0,30.0,beat_this
PuHJRHiXNMQ.wav,26.88,0.0,30.0,beat_this
PuHJRHiXNMQ.wav,27.66,0.0,30.0,beat_this
PuHJRHiXNMQ.wav,28.46,0.0,30.0,beat_this
PuHJRHiXNMQ.wav,29.26,0.0,30.0,beat_this
PzcCTtPanYQ.wav,0.02,0.0,30.0,beat_this
PzcCTtPanYQ.wav,0.42,0.0,30.0,beat_this
PzcCTtPanYQ.wav,0.84,0.0,30.0,beat_this
PzcCTtPanYQ.wav,1.26,0.0,30.0,beat_this
PzcCTtPanYQ.wav,1.66,0.0,30.0,beat_this
PzcCTtPanYQ.wav,2.08,0.0,30.0,beat_this
PzcCTtPanYQ.wav,2.5,0.0,30.0,beat_this
PzcCTtPanYQ.wav,2.86,0.0,30.0,beat_this
PzcCTtPanYQ.wav,3.34,0.0,30.0,beat_this
PzcCTtPanYQ.wav,3.76,0.0,30.0,beat_this
PzcCTtPanYQ.wav,4.16,0.0,30.0,beat_this
PzcCTtPanYQ.wav,4.58,0.0,30.0,beat_this
PzcCTtPanYQ.wav,5.0,0.0,30.0,beat_this
PzcCTtPanYQ.wav,5.42,0.0,30.0,beat_this
PzcCTtPanYQ.wav,5.84,0.0,30.0,beat_this
PzcCTtPanYQ.wav,6.26,0.0,30.0,beat_this
PzcCTtPanYQ.wav,6.68,0.0,30.0,beat_this
PzcCTtPanYQ.wav,7.1,0.0,30.0,beat_this
PzcCTtPanYQ.wav,7.5,0.0,30.0,beat_this
PzcCTtPanYQ.wav,7.92,0.0,30.0,beat_this
PzcCTtPanYQ.wav,8.34,0.0,30.0,beat_this
PzcCTtPanYQ.wav,8.76,0.0,30.0,beat_this
PzcCTtPanYQ.wav,9.16,0.0,30.0,beat_this
PzcCTtPanYQ.wav,9.58,0.0,30.0,beat_this
PzcCTtPanYQ.wav,10.0,0.0,30.0,beat_this
PzcCTtPanYQ.wav,10.42,0.0,30.0,beat_this
PzcCTtPanYQ.wav,10.84,0.0,30.0,beat_this
PzcCTtPanYQ.wav,11.26,0.0,30.0,beat_this
PzcCTtPanYQ.wav,11.68,0.0,30.0,beat_this
PzcCTtPanYQ.wav,12.1,0.0,30.0,beat_this
PzcCTtPanYQ.wav,12.52,0.0,30.0,beat_this
PzcCTtPanYQ.wav,12.92,0.0,30.0,beat_this
PzcCTtPanYQ.wav,13.34,0.0,30.0,beat_this
PzcCTtPanYQ.wav,13.76,0.0,30.0,beat_this
PzcCTtPanYQ.wav,14.16,0.0,30.0,beat_this
PzcCTtPanYQ.wav,14.62,0.0,30.0,beat_this
PzcCTtPanYQ.wav,15.02,0.0,30.0,beat_this
PzcCTtPanYQ.wav,15.44,0.0,30.0,beat_this
PzcCTtPanYQ.wav,15.86,0.0,30.0,beat_this
PzcCTtPanYQ.wav,16.28,0.0,30.0,beat_this
PzcCTtPanYQ.wav,16.7,0.0,30.0,beat_this
PzcCTtPanYQ.wav,17.1,0.0,30.0,beat_this
PzcCTtPanYQ.wav,17.52,0.0,30.0,beat_this
PzcCTtPanYQ.wav,17.92,0.0,30.0,beat_this
PzcCTtPanYQ.wav,18.36,0.0,30.0,beat_this
PzcCTtPanYQ.wav,18.76,0.0,30.0,beat_this
PzcCTtPanYQ.wav,19.18,0.0,30.0,beat_this
PzcCTtPanYQ.wav,19.58,0.0,30.0,beat_this
PzcCTtPanYQ.wav,20.02,0.0,30.0,beat_this
PzcCTtPanYQ.wav,20.42,0.0,30.0,beat_this
PzcCTtPanYQ.wav,20.84,0.0,30.0,beat_this
PzcCTtPanYQ.wav,21.26,0.0,30.0,beat_this
PzcCTtPanYQ.wav,21.66,0.0,30.0,beat_this
PzcCTtPanYQ.wav,22.1,0.0,30.0,beat_this
PzcCTtPanYQ.wav,22.5,0.0,30.0,beat_this
PzcCTtPanYQ.wav,22.94,0.0,30.0,beat_this
PzcCTtPanYQ.wav,23.34,0.0,30.0,beat_this
PzcCTtPanYQ.wav,23.76,0.0,30.0,beat_this
PzcCTtPanYQ.wav,24.18,0.0,30.0,beat_this
PzcCTtPanYQ.wav,24.6,0.0,30.0,beat_this
PzcCTtPanYQ.wav,25.0,0.0,30.0,beat_this
PzcCTtPanYQ.wav,25.38,0.0,30.0,beat_this
PzcCTtPanYQ.wav,25.84,0.0,30.0,beat_this
PzcCTtPanYQ.wav,26.24,0.0,30.0,beat_this
PzcCTtPanYQ.wav,26.6,0.0,30.0,beat_this
PzcCTtPanYQ.wav,26.68,0.0,30.0,beat_this
PzcCTtPanYQ.wav,27.08,0.0,30.0,beat_this
PzcCTtPanYQ.wav,27.46,0.0,30.0,beat_this
PzcCTtPanYQ.wav,27.86,0.0,30.0,beat_this
PzcCTtPanYQ.wav,28.3,0.0,30.0,beat_this
PzcCTtPanYQ.wav,28.7,0.0,30.0,beat_this
PzcCTtPanYQ.wav,29.1,0.0,30.0,beat_this
PzcCTtPanYQ.wav,29.52,0.0,30.0,beat_this
PzcCTtPanYQ.wav,29.94,0.0,30.0,beat_this
QYRQKFHbi3k.wav,0.16,0.0,30.0,beat_this
QYRQKFHbi3k.wav,1.02,0.0,30.0,beat_this
QYRQKFHbi3k.wav,1.86,0.0,30.0,beat_this
QYRQKFHbi3k.wav,2.7,0.0,30.0,beat_this
QYRQKFHbi3k.wav,3.54,0.0,30.0,beat_this
QYRQKFHbi3k.wav,4.4,0.0,30.0,beat_this
QYRQKFHbi3k.wav,5.24,0.0,30.0,beat_this
QYRQKFHbi3k.wav,6.08,0.0,30.0,beat_this
QYRQKFHbi3k.wav,6.92,0.0,30.0,beat_this
QYRQKFHbi3k.wav,7.76,0.0,30.0,beat_this
QYRQKFHbi3k.wav,8.6,0.0,30.0,beat_this
QYRQKFHbi3k.wav,9.46,0.0,30.0,beat_this
QYRQKFHbi3k.wav,10.28,0.0,30.0,beat_this
QYRQKFHbi3k.wav,11.14,0.0,30.0,beat_this
QYRQKFHbi3k.wav,12.0,0.0,30.0,beat_this
QYRQKFHbi3k.wav,12.84,0.0,30.0,beat_this
QYRQKFHbi3k.wav,13.7,0.0,30.0,beat_this
QYRQKFHbi3k.wav,14.54,0.0,30.0,beat_this
QYRQKFHbi3k.wav,15.38,0.0,30.0,beat_this
QYRQKFHbi3k.wav,16.22,0.0,30.0,beat_this
QYRQKFHbi3k.wav,17.06,0.0,30.0,beat_this
QYRQKFHbi3k.wav,17.92,0.0,30.0,beat_this
QYRQKFHbi3k.wav,18.72,0.0,30.0,beat_this
QYRQKFHbi3k.wav,19.6,0.0,30.0,beat_this
QYRQKFHbi3k.wav,20.44,0.0,30.0,beat_this
QYRQKFHbi3k.wav,21.3,0.0,30.0,beat_this
QYRQKFHbi3k.wav,22.14,0.0,30.0,beat_this
QYRQKFHbi3k.wav,22.98,0.0,30.0,beat_this
QYRQKFHbi3k.wav,23.84,0.0,30.0,beat_this
QYRQKFHbi3k.wav,24.68,0.0,30.0,beat_this
QYRQKFHbi3k.wav,25.52,0.0,30.0,beat_this
QYRQKFHbi3k.wav,26.34,0.0,30.0,beat_this
QYRQKFHbi3k.wav,27.2,0.0,30.0,beat_this
QYRQKFHbi3k.wav,28.04,0.0,30.0,beat_this
QYRQKFHbi3k.wav,28.9,0.0,30.0,beat_this
QYRQKFHbi3k.wav,29.74,0.0,30.0,beat_this
RHTvwPwBpF0.wav,0.0,0.0,30.0,beat_this
RHTvwPwBpF0.wav,0.66,0.0,30.0,beat_this
RHTvwPwBpF0.wav,1.3,0.0,30.0,beat_this
RHTvwPwBpF0.wav,1.96,0.0,30.0,beat_this
RHTvwPwBpF0.wav,2.62,0.0,30.0,beat_this
RHTvwPwBpF0.wav,3.28,0.0,30.0,beat_this
RHTvwPwBpF0.wav,3.92,0.0,30.0,beat_this
RHTvwPwBpF0.wav,4.58,0.0,30.0,beat_this
RHTvwPwBpF0.wav,5.22,0.0,30.0,beat_this
RHTvwPwBpF0.wav,5.88,0.0,30.0,beat_this
RHTvwPwBpF0.wav,6.54,0.0,30.0,beat_this
RHTvwPwBpF0.wav,7.18,0.0,30.0,beat_this
RHTvwPwBpF0.wav,7.84,0.0,30.0,beat_this
RHTvwPwBpF0.wav,8.48,0.0,30.0,beat_this
RHTvwPwBpF0.wav,9.14,0.0,30.0,beat_this
RHTvwPwBpF0.wav,9.78,0.0,30.0,beat_this
RHTvwPwBpF0.wav,10.44,0.0,30.0,beat_this
RHTvwPwBpF0.wav,11.1,0.0,30.0,beat_this
RHTvwPwBpF0.wav,11.74,0.0,30.0,beat_this
RHTvwPwBpF0.wav,12.4,0.0,30.0,beat_this
RHTvwPwBpF0.wav,13.06,0.0,30.0,beat_this
RHTvwPwBpF0.wav,13.7,0.0,30.0,beat_this
RHTvwPwBpF0.wav,14.36,0.0,30.0,beat_this
RHTvwPwBpF0.wav,15.0,0.0,30.0,beat_this
RHTvwPwBpF0.wav,15.66,0.0,30.0,beat_this
RHTvwPwBpF0.wav,16.32,0.0,30.0,beat_this
RHTvwPwBpF0.wav,16.96,0.0,30.0,beat_this
RHTvwPwBpF0.wav,17.62,0.0,30.0,beat_this
RHTvwPwBpF0.wav,18.26,0.0,30.0,beat_this
RHTvwPwBpF0.wav,18.92,0.0,30.0,beat_this
RHTvwPwBpF0.wav,19.56,0.0,30.0,beat_this
RHTvwPwBpF0.wav,20.22,0.0,30.0,beat_this
RHTvwPwBpF0.wav,20.88,0.0,30.0,beat_this
RHTvwPwBpF0.wav,21.52,0.0,30.0,beat_this
RHTvwPwBpF0.wav,22.18,0.0,30.0,beat_this
RHTvwPwBpF0.wav,22.82,0.0,30.0,beat_this
RHTvwPwBpF0.wav,23.48,0.0,30.0,beat_this
RHTvwPwBpF0.wav,24.14,0.0,30.0,beat_this
RHTvwPwBpF0.wav,24.78,0.0,30.0,beat_this
RHTvwPwBpF0.wav,25.44,0.0,30.0,beat_this
RHTvwPwBpF0.wav,26.1,0.0,30.0,beat_this
RHTvwPwBpF0.wav,26.74,0.0,30.0,beat_this
RHTvwPwBpF0.wav,27.4,0.0,30.0,beat_this
RHTvwPwBpF0.wav,28.04,0.0,30.0,beat_this
RHTvwPwBpF0.wav,28.7,0.0,30.0,beat_this
RHTvwPwBpF0.wav,29.36,0.0,30.0,beat_this
RHTvwPwBpF0.wav,30.0,0.0,30.0,beat_this
S6LOS5R8LQU.wav,0.0,0.0,30.0,beat_this
S6LOS5R8LQU.wav,0.62,0.0,30.0,beat_this
S6LOS5R8LQU.wav,1.26,0.0,30.0,beat_this
S6LOS5R8LQU.wav,1.9,0.0,30.0,beat_this
S6LOS5R8LQU.wav,2.5,0.0,30.0,beat_this
S6LOS5R8LQU.wav,3.14,0.0,30.0,beat_this
S6LOS5R8LQU.wav,3.76,0.0,30.0,beat_this
S6LOS5R8LQU.wav,4.38,0.0,30.0,beat_this
S6LOS5R8LQU.wav,5.0,0.0,30.0,beat_this
S6LOS5R8LQU.wav,5.64,0.0,30.0,beat_this
S6LOS5R8LQU.wav,6.26,0.0,30.0,beat_this
S6LOS5R8LQU.wav,6.88,0.0,30.0,beat_this
S6LOS5R8LQU.wav,7.5,0.0,30.0,beat_this
S6LOS5R8LQU.wav,8.14,0.0,30.0,beat_this
S6LOS5R8LQU.wav,8.76,0.0,30.0,beat_this
S6LOS5R8LQU.wav,9.4,0.0,30.0,beat_this
S6LOS5R8LQU.wav,10.0,0.0,30.0,beat_this
S6LOS5R8LQU.wav,10.64,0.0,30.0,beat_this
S6LOS5R8LQU.wav,11.26,0.0,30.0,beat_this
S6LOS5R8LQU.wav,11.9,0.0,30.0,beat_this
S6LOS5R8LQU.wav,12.5,0.0,30.0,beat_this
S6LOS5R8LQU.wav,13.14,0.0,30.0,beat_this
S6LOS5R8LQU.wav,13.76,0.0,30.0,beat_this
S6LOS5R8LQU.wav,14.38,0.0,30.0,beat_this
S6LOS5R8LQU.wav,15.02,0.0,30.0,beat_this
S6LOS5R8LQU.wav,15.64,0.0,30.0,beat_this
S6LOS5R8LQU.wav,16.26,0.0,30.0,beat_this
S6LOS5R8LQU.wav,16.88,0.0,30.0,beat_this
S6LOS5R8LQU.wav,17.5,0.0,30.0,beat_this
S6LOS5R8LQU.wav,18.14,0.0,30.0,beat_this
S6LOS5R8LQU.wav,18.76,0.0,30.0,beat_this
S6LOS5R8LQU.wav,19.38,0.0,30.0,beat_this
S6LOS5R8LQU.wav,20.0,0.0,30.0,beat_this
S6LOS5R8LQU.wav,20.64,0.0,30.0,beat_this
S6LOS5R8LQU.wav,21.26,0.0,30.0,beat_this
S6LOS5R8LQU.wav,21.88,0.0,30.0,beat_this
S6LOS5R8LQU.wav,22.5,0.0,30.0,beat_this
S6LOS5R8LQU.wav,23.14,0.0,30.0,beat_this
S6LOS5R8LQU.wav,23.76,0.0,30.0,beat_this
S6LOS5R8LQU.wav,24.38,0.0,30.0,beat_this
S6LOS5R8LQU.wav,25.0,0.0,30.0,beat_this
S6LOS5R8LQU.wav,25.64,0.0,30.0,beat_this
S6LOS5R8LQU.wav,26.26,0.0,30.0,beat_this
S6LOS5R8LQU.wav,26.88,0.0,30.0,beat_this
S6LOS5R8LQU.wav,27.5,0.0,30.0,beat_this
S6LOS5R8LQU.wav,28.14,0.0,30.0,beat_this
S6LOS5R8LQU.wav,28.74,0.0,30.0,beat_this
S6LOS5R8LQU.wav,29.38,0.0,30.0,beat_this
S6LOS5R8LQU.wav,30.0,0.0,30.0,beat_this
SAheAwnUbcE.wav,0.42,0.0,30.0,beat_this
SAheAwnUbcE.wav,1.14,0.0,30.0,beat_this
SAheAwnUbcE.wav,1.86,0.0,30.0,beat_this
SAheAwnUbcE.wav,2.58,0.0,30.0,beat_this
SAheAwnUbcE.wav,3.3,0.0,30.0,beat_this
SAheAwnUbcE.wav,4.02,0.0,30.0,beat_this
SAheAwnUbcE.wav,4.76,0.0,30.0,beat_this
SAheAwnUbcE.wav,5.48,0.0,30.0,beat_this
SAheAwnUbcE.wav,6.18,0.0,30.0,beat_this
SAheAwnUbcE.wav,6.92,0.0,30.0,beat_this
SAheAwnUbcE.wav,7.64,0.0,30.0,beat_this
SAheAwnUbcE.wav,8.36,0.0,30.0,beat_this
SAheAwnUbcE.wav,9.08,0.0,30.0,beat_this
SAheAwnUbcE.wav,9.82,0.0,30.0,beat_this
SAheAwnUbcE.wav,10.52,0.0,30.0,beat_this
SAheAwnUbcE.wav,11.24,0.0,30.0,beat_this
SAheAwnUbcE.wav,11.96,0.0,30.0,beat_this
SAheAwnUbcE.wav,12.7,0.0,30.0,beat_this
SAheAwnUbcE.wav,13.42,0.0,30.0,beat_this
SAheAwnUbcE.wav,14.14,0.0,30.0,beat_this
SAheAwnUbcE.wav,14.86,0.0,30.0,beat_this
SAheAwnUbcE.wav,15.6,0.0,30.0,beat_this
SAheAwnUbcE.wav,16.32,0.0,30.0,beat_this
SAheAwnUbcE.wav,17.04,0.0,30.0,beat_this
SAheAwnUbcE.wav,17.76,0.0,30.0,beat_this
SAheAwnUbcE.wav,18.5,0.0,30.0,beat_this
SAheAwnUbcE.wav,19.2,0.0,30.0,beat_this
SAheAwnUbcE.wav,19.92,0.0,30.0,beat_this
SAheAwnUbcE.wav,20.64,0.0,30.0,beat_this
SAheAwnUbcE.wav,21.38,0.0,30.0,beat_this
SAheAwnUbcE.wav,22.1,0.0,30.0,beat_this
SAheAwnUbcE.wav,22.8,0.0,30.0,beat_this
SAheAwnUbcE.wav,23.54,0.0,30.0,beat_this
SAheAwnUbcE.wav,24.26,0.0,30.0,beat_this
SAheAwnUbcE.wav,25.0,0.0,30.0,beat_this
SAheAwnUbcE.wav,25.72,0.0,30.0,beat_this
SAheAwnUbcE.wav,26.44,0.0,30.0,beat_this
SAheAwnUbcE.wav,27.16,0.0,30.0,beat_this
SAheAwnUbcE.wav,27.88,0.0,30.0,beat_this
SAheAwnUbcE.wav,28.6,0.0,30.0,beat_this
SAheAwnUbcE.wav,29.32,0.0,30.0,beat_this
SAheAwnUbcE.wav,29.98,0.0,30.0,beat_this
Sko7dU0qJN0.wav,0.34,0.0,30.0,beat_this
Sko7dU0qJN0.wav,1.2,0.0,30.0,beat_this
Sko7dU0qJN0.wav,2.04,0.0,30.0,beat_this
Sko7dU0qJN0.wav,2.9,0.0,30.0,beat_this
Sko7dU0qJN0.wav,3.74,0.0,30.0,beat_this
Sko7dU0qJN0.wav,4.6,0.0,30.0,beat_this
Sko7dU0qJN0.wav,5.42,0.0,30.0,beat_this
Sko7dU0qJN0.wav,6.24,0.0,30.0,beat_this
Sko7dU0qJN0.wav,7.04,0.0,30.0,beat_this
Sko7dU0qJN0.wav,7.88,0.0,30.0,beat_this
Sko7dU0qJN0.wav,8.7,0.0,30.0,beat_this
Sko7dU0qJN0.wav,9.54,0.0,30.0,beat_this
Sko7dU0qJN0.wav,10.34,0.0,30.0,beat_this
Sko7dU0qJN0.wav,11.18,0.0,30.0,beat_this
Sko7dU0qJN0.wav,12.04,0.0,30.0,beat_this
Sko7dU0qJN0.wav,12.92,0.0,30.0,beat_this
Sko7dU0qJN0.wav,13.74,0.0,30.0,beat_this
Sko7dU0qJN0.wav,14.58,0.0,30.0,beat_this
Sko7dU0qJN0.wav,15.42,0.0,30.0,beat_this
Sko7dU0qJN0.wav,16.26,0.0,30.0,beat_this
Sko7dU0qJN0.wav,17.1,0.0,30.0,beat_this
Sko7dU0qJN0.wav,17.94,0.0,30.0,beat_this
Sko7dU0qJN0.wav,18.78,0.0,30.0,beat_this
Sko7dU0qJN0.wav,19.66,0.0,30.0,beat_this
Sko7dU0qJN0.wav,20.46,0.0,30.0,beat_this
Sko7dU0qJN0.wav,21.3,0.0,30.0,beat_this
Sko7dU0qJN0.wav,22.1,0.0,30.0,beat_this
Sko7dU0qJN0.wav,22.92,0.0,30.0,beat_this
Sko7dU0qJN0.wav,23.72,0.0,30.0,beat_this
Sko7dU0qJN0.wav,24.6,0.0,30.0,beat_this
Sko7dU0qJN0.wav,25.42,0.0,30.0,beat_this
Sko7dU0qJN0.wav,26.26,0.0,30.0,beat_this
Sko7dU0qJN0.wav,27.06,0.0,30.0,beat_this
Sko7dU0qJN0.wav,27.92,0.0,30.0,beat_this
Sko7dU0qJN0.wav,28.76,0.0,30.0,beat_this
Sko7dU0qJN0.wav,29.62,0.0,30.0,beat_this
T9EKqFrer9U.wav,0.22,0.0,30.0,beat_this
T9EKqFrer9U.wav,0.66,0.0,30.0,beat_this
T9EKqFrer9U.wav,1.08,0.0,30.0,beat_this
T9EKqFrer9U.wav,1.52,0.0,30.0,beat_this
T9EKqFrer9U.wav,1.94,0.0,30.0,beat_this
T9EKqFrer9U.wav,2.36,0.0,30.0,beat_this
T9EKqFrer9U.wav,2.8,0.0,30.0,beat_this
T9EKqFrer9U.wav,3.22,0.0,30.0,beat_this
T9EKqFrer9U.wav,3.66,0.0,30.0,beat_this
T9EKqFrer9U.wav,4.08,0.0,30.0,beat_this
T9EKqFrer9U.wav,4.52,0.0,30.0,beat_this
T9EKqFrer9U.wav,4.94,0.0,30.0,beat_this
T9EKqFrer9U.wav,5.36,0.0,30.0,beat_this
T9EKqFrer9U.wav,5.8,0.0,30.0,beat_this
T9EKqFrer9U.wav,6.22,0.0,30.0,beat_this
T9EKqFrer9U.wav,6.66,0.0,30.0,beat_this
T9EKqFrer9U.wav,7.08,0.0,30.0,beat_this
T9EKqFrer9U.wav,7.52,0.0,30.0,beat_this
T9EKqFrer9U.wav,7.94,0.0,30.0,beat_this
T9EKqFrer9U.wav,8.38,0.0,30.0,beat_this
T9EKqFrer9U.wav,8.8,0.0,30.0,beat_this
T9EKqFrer9U.wav,9.24,0.0,30.0,beat_this
T9EKqFrer9U.wav,9.66,0.0,30.0,beat_this
T9EKqFrer9U.wav,10.08,0.0,30.0,beat_this
T9EKqFrer9U.wav,10.5,0.0,30.0,beat_this
T9EKqFrer9U.wav,10.94,0.0,30.0,beat_this
T9EKqFrer9U.wav,11.38,0.0,30.0,beat_this
T9EKqFrer9U.wav,11.8,0.0,30.0,beat_this
T9EKqFrer9U.wav,12.22,0.0,30.0,beat_this
T9EKqFrer9U.wav,12.66,0.0,30.0,beat_this
T9EKqFrer9U.wav,13.08,0.0,30.0,beat_this
T9EKqFrer9U.wav,13.5,0.0,30.0,beat_this
T9EKqFrer9U.wav,13.94,0.0,30.0,beat_this
T9EKqFrer9U.wav,14.36,0.0,30.0,beat_this
T9EKqFrer9U.wav,14.78,0.0,30.0,beat_this
T9EKqFrer9U.wav,15.22,0.0,30.0,beat_this
T9EKqFrer9U.wav,15.66,0.0,30.0,beat_this
T9EKqFrer9U.wav,16.08,0.0,30.0,beat_this
T9EKqFrer9U.wav,16.52,0.0,30.0,beat_this
T9EKqFrer9U.wav,16.94,0.0,30.0,beat_this
T9EKqFrer9U.wav,17.36,0.0,30.0,beat_this
T9EKqFrer9U.wav,17.8,0.0,30.0,beat_this
T9EKqFrer9U.wav,18.22,0.0,30.0,beat_this
T9EKqFrer9U.wav,18.64,0.0,30.0,beat_this
T9EKqFrer9U.wav,19.08,0.0,30.0,beat_this
T9EKqFrer9U.wav,19.52,0.0,30.0,beat_this
T9EKqFrer9U.wav,19.94,0.0,30.0,beat_this
T9EKqFrer9U.wav,20.36,0.0,30.0,beat_this
T9EKqFrer9U.wav,20.78,0.0,30.0,beat_this
T9EKqFrer9U.wav,21.22,0.0,30.0,beat_this
T9EKqFrer9U.wav,21.66,0.0,30.0,beat_this
T9EKqFrer9U.wav,22.08,0.0,30.0,beat_this
T9EKqFrer9U.wav,22.52,0.0,30.0,beat_this
T9EKqFrer9U.wav,22.94,0.0,30.0,beat_this
T9EKqFrer9U.wav,23.36,0.0,30.0,beat_this
T9EKqFrer9U.wav,23.8,0.0,30.0,beat_this
T9EKqFrer9U.wav,24.22,0.0,30.0,beat_this
T9EKqFrer9U.wav,24.64,0.0,30.0,beat_this
T9EKqFrer9U.wav,25.08,0.0,30.0,beat_this
T9EKqFrer9U.wav,25.5,0.0,30.0,beat_this
T9EKqFrer9U.wav,25.94,0.0,30.0,beat_this
T9EKqFrer9U.wav,26.36,0.0,30.0,beat_this
T9EKqFrer9U.wav,26.8,0.0,30.0,beat_this
T9EKqFrer9U.wav,27.22,0.0,30.0,beat_this
T9EKqFrer9U.wav,27.66,0.0,30.0,beat_this
T9EKqFrer9U.wav,28.08,0.0,30.0,beat_this
T9EKqFrer9U.wav,28.5,0.0,30.0,beat_this
T9EKqFrer9U.wav,28.94,0.0,30.0,beat_this
T9EKqFrer9U.wav,29.36,0.0,30.0,beat_this
T9EKqFrer9U.wav,29.8,0.0,30.0,beat_this
TTrdYIdxmy0.wav,0.5,0.0,30.0,beat_this
TTrdYIdxmy0.wav,1.46,0.0,30.0,beat_this
TTrdYIdxmy0.wav,2.42,0.0,30.0,beat_this
TTrdYIdxmy0.wav,3.38,0.0,30.0,beat_this
TTrdYIdxmy0.wav,4.32,0.0,30.0,beat_this
TTrdYIdxmy0.wav,5.26,0.0,30.0,beat_this
TTrdYIdxmy0.wav,6.2,0.0,30.0,beat_this
TTrdYIdxmy0.wav,7.16,0.0,30.0,beat_this
TTrdYIdxmy0.wav,8.08,0.0,30.0,beat_this
TTrdYIdxmy0.wav,9.06,0.0,30.0,beat_this
TTrdYIdxmy0.wav,10.0,0.0,30.0,beat_this
TTrdYIdxmy0.wav,10.94,0.0,30.0,beat_this
TTrdYIdxmy0.wav,11.88,0.0,30.0,beat_this
TTrdYIdxmy0.wav,12.82,0.0,30.0,beat_this
TTrdYIdxmy0.wav,13.78,0.0,30.0,beat_this
TTrdYIdxmy0.wav,14.72,0.0,30.0,beat_this
TTrdYIdxmy0.wav,15.64,0.0,30.0,beat_this
TTrdYIdxmy0.wav,16.58,0.0,30.0,beat_this
TTrdYIdxmy0.wav,17.52,0.0,30.0,beat_this
TTrdYIdxmy0.wav,18.48,0.0,30.0,beat_this
TTrdYIdxmy0.wav,19.44,0.0,30.0,beat_this
TTrdYIdxmy0.wav,20.36,0.0,30.0,beat_this
TTrdYIdxmy0.wav,21.32,0.0,30.0,beat_this
TTrdYIdxmy0.wav,22.28,0.0,30.0,beat_this
TTrdYIdxmy0.wav,23.22,0.0,30.0,beat_this
TTrdYIdxmy0.wav,24.16,0.0,30.0,beat_this
TTrdYIdxmy0.wav,25.1,0.0,30.0,beat_this
TTrdYIdxmy0.wav,26.06,0.0,30.0,beat_this
TTrdYIdxmy0.wav,27.0,0.0,30.0,beat_this
TTrdYIdxmy0.wav,27.94,0.0,30.0,beat_this
TTrdYIdxmy0.wav,28.88,0.0,30.0,beat_this
TTrdYIdxmy0.wav,29.84,0.0,30.0,beat_this
Tsdy0lD1SSs.wav,0.04,0.0,30.0,beat_this
Tsdy0lD1SSs.wav,1.02,0.0,30.0,beat_this
Tsdy0lD1SSs.wav,1.98,0.0,30.0,beat_this
Tsdy0lD1SSs.wav,2.96,0.0,30.0,beat_this
Tsdy0lD1SSs.wav,3.92,0.0,30.0,beat_this
Tsdy0lD1SSs.wav,4.9,0.0,30.0,beat_this
Tsdy0lD1SSs.wav,5.86,0.0,30.0,beat_this
Tsdy0lD1SSs.wav,6.82,0.0,30.0,beat_this
Tsdy0lD1SSs.wav,7.8,0.0,30.0,beat_this
Tsdy0lD1SSs.wav,8.76,0.0,30.0,beat_this
Tsdy0lD1SSs.wav,9.72,0.0,30.0,beat_this
Tsdy0lD1SSs.wav,10.7,0.0,30.0,beat_this
Tsdy0lD1SSs.wav,11.66,0.0,30.0,beat_this
Tsdy0lD1SSs.wav,12.64,0.0,30.0,beat_this
Tsdy0lD1SSs.wav,13.6,0.0,30.0,beat_this
Tsdy0lD1SSs.wav,14.58,0.0,30.0,beat_this
Tsdy0lD1SSs.wav,15.54,0.0,30.0,beat_this
Tsdy0lD1SSs.wav,16.52,0.0,30.0,beat_this
Tsdy0lD1SSs.wav,17.48,0.0,30.0,beat_this
Tsdy0lD1SSs.wav,18.46,0.0,30.0,beat_this
Tsdy0lD1SSs.wav,19.4,0.0,30.0,beat_this
Tsdy0lD1SSs.wav,20.38,0.0,30.0,beat_this
Tsdy0lD1SSs.wav,21.34,0.0,30.0,beat_this
Tsdy0lD1SSs.wav,22.32,0.0,30.0,beat_this
Tsdy0lD1SSs.wav,23.28,0.0,30.0,beat_this
Tsdy0lD1SSs.wav,24.26,0.0,30.0,beat_this
Tsdy0lD1SSs.wav,25.22,0.0,30.0,beat_this
Tsdy0lD1SSs.wav,26.18,0.0,30.0,beat_this
Tsdy0lD1SSs.wav,27.14,0.0,30.0,beat_this
Tsdy0lD1SSs.wav,28.1,0.0,30.0,beat_this
Tsdy0lD1SSs.wav,29.08,0.0,30.0,beat_this
TyFYPz2V2ZY.wav,0.26,0.0,30.0,beat_this
TyFYPz2V2ZY.wav,1.18,0.0,30.0,beat_this
TyFYPz2V2ZY.wav,2.08,0.0,30.0,beat_this
TyFYPz2V2ZY.wav,3.0,0.0,30.0,beat_this
TyFYPz2V2ZY.wav,3.9,0.0,30.0,beat_this
TyFYPz2V2ZY.wav,4.8,0.0,30.0,beat_this
TyFYPz2V2ZY.wav,5.72,0.0,30.0,beat_this
TyFYPz2V2ZY.wav,6.64,0.0,30.0,beat_this
TyFYPz2V2ZY.wav,7.54,0.0,30.0,beat_this
TyFYPz2V2ZY.wav,8.44,0.0,30.0,beat_this
TyFYPz2V2ZY.wav,9.36,0.0,30.0,beat_this
TyFYPz2V2ZY.wav,10.26,0.0,30.0,beat_this
TyFYPz2V2ZY.wav,11.16,0.0,30.0,beat_this
TyFYPz2V2ZY.wav,12.06,0.0,30.0,beat_this
TyFYPz2V2ZY.wav,13.0,0.0,30.0,beat_this
TyFYPz2V2ZY.wav,13.9,0.0,30.0,beat_this
TyFYPz2V2ZY.wav,14.82,0.0,30.0,beat_this
TyFYPz2V2ZY.wav,15.72,0.0,30.0,beat_this
TyFYPz2V2ZY.wav,16.64,0.0,30.0,beat_this
TyFYPz2V2ZY.wav,17.54,0.0,30.0,beat_this
TyFYPz2V2ZY.wav,18.44,0.0,30.0,beat_this
TyFYPz2V2ZY.wav,19.34,0.0,30.0,beat_this
TyFYPz2V2ZY.wav,20.26,0.0,30.0,beat_this
TyFYPz2V2ZY.wav,21.18,0.0,30.0,beat_this
TyFYPz2V2ZY.wav,22.08,0.0,30.0,beat_this
TyFYPz2V2ZY.wav,23.0,0.0,30.0,beat_this
TyFYPz2V2ZY.wav,23.92,0.0,30.0,beat_this
TyFYPz2V2ZY.wav,24.84,0.0,30.0,beat_this
TyFYPz2V2ZY.wav,25.72,0.0,30.0,beat_this
TyFYPz2V2ZY.wav,26.64,0.0,30.0,beat_this
TyFYPz2V2ZY.wav,27.54,0.0,30.0,beat_this
TyFYPz2V2ZY.wav,28.44,0.0,30.0,beat_this
TyFYPz2V2ZY.wav,29.34,0.0,30.0,beat_this
UpLwQAN25so.wav,0.3,0.0,30.0,beat_this
UpLwQAN25so.wav,0.74,0.0,30.0,beat_this
UpLwQAN25so.wav,1.18,0.0,30.0,beat_this
UpLwQAN25so.wav,1.62,0.0,30.0,beat_this
UpLwQAN25so.wav,2.04,0.0,30.0,beat_this
UpLwQAN25so.wav,2.48,0.0,30.0,beat_this
UpLwQAN25so.wav,2.9,0.0,30.0,beat_this
UpLwQAN25so.wav,3.34,0.0,30.0,beat_this
UpLwQAN25so.wav,3.78,0.0,30.0,beat_this
UpLwQAN25so.wav,4.2,0.0,30.0,beat_this
UpLwQAN25so.wav,4.64,0.0,30.0,beat_this
UpLwQAN25so.wav,5.08,0.0,30.0,beat_this
UpLwQAN25so.wav,5.5,0.0,30.0,beat_this
UpLwQAN25so.wav,5.94,0.0,30.0,beat_this
UpLwQAN25so.wav,6.36,0.0,30.0,beat_this
UpLwQAN25so.wav,6.8,0.0,30.0,beat_this
UpLwQAN25so.wav,7.24,0.0,30.0,beat_this
UpLwQAN25so.wav,7.66,0.0,30.0,beat_this
UpLwQAN25so.wav,8.08,0.0,30.0,beat_this
UpLwQAN25so.wav,8.52,0.0,30.0,beat_this
UpLwQAN25so.wav,8.96,0.0,30.0,beat_this
UpLwQAN25so.wav,9.4,0.0,30.0,beat_this
UpLwQAN25so.wav,9.82,0.0,30.0,beat_this
UpLwQAN25so.wav,10.26,0.0,30.0,beat_this
UpLwQAN25so.wav,10.68,0.0,30.0,beat_this
UpLwQAN25so.wav,11.12,0.0,30.0,beat_this
UpLwQAN25so.wav,11.54,0.0,30.0,beat_this
UpLwQAN25so.wav,11.98,0.0,30.0,beat_this
UpLwQAN25so.wav,12.4,0.0,30.0,beat_this
UpLwQAN25so.wav,12.86,0.0,30.0,beat_this
UpLwQAN25so.wav,13.28,0.0,30.0,beat_this
UpLwQAN25so.wav,13.7,0.0,30.0,beat_this
UpLwQAN25so.wav,14.14,0.0,30.0,beat_this
UpLwQAN25so.wav,14.56,0.0,30.0,beat_this
UpLwQAN25so.wav,15.0,0.0,30.0,beat_this
UpLwQAN25so.wav,15.44,0.0,30.0,beat_this
UpLwQAN25so.wav,15.86,0.0,30.0,beat_this
UpLwQAN25so.wav,16.3,0.0,30.0,beat_this
UpLwQAN25so.wav,16.72,0.0,30.0,beat_this
UpLwQAN25so.wav,17.16,0.0,30.0,beat_this
UpLwQAN25so.wav,17.58,0.0,30.0,beat_this
UpLwQAN25so.wav,18.02,0.0,30.0,beat_this
UpLwQAN25so.wav,18.46,0.0,30.0,beat_this
UpLwQAN25so.wav,18.88,0.0,30.0,beat_this
UpLwQAN25so.wav,19.3,0.0,30.0,beat_this
UpLwQAN25so.wav,19.74,0.0,30.0,beat_this
UpLwQAN25so.wav,20.16,0.0,30.0,beat_this
UpLwQAN25so.wav,20.62,0.0,30.0,beat_this
UpLwQAN25so.wav,21.04,0.0,30.0,beat_this
UpLwQAN25so.wav,21.48,0.0,30.0,beat_this
UpLwQAN25so.wav,21.9,0.0,30.0,beat_this
UpLwQAN25so.wav,22.34,0.0,30.0,beat_this
UpLwQAN25so.wav,22.78,0.0,30.0,beat_this
UpLwQAN25so.wav,23.2,0.0,30.0,beat_this
UpLwQAN25so.wav,23.64,0.0,30.0,beat_this
UpLwQAN25so.wav,24.06,0.0,30.0,beat_this
UpLwQAN25so.wav,24.5,0.0,30.0,beat_this
UpLwQAN25so.wav,24.92,0.0,30.0,beat_this
UpLwQAN25so.wav,25.36,0.0,30.0,beat_this
UpLwQAN25so.wav,25.8,0.0,30.0,beat_this
UpLwQAN25so.wav,26.22,0.0,30.0,beat_this
UpLwQAN25so.wav,26.66,0.0,30.0,beat_this
UpLwQAN25so.wav,27.08,0.0,30.0,beat_this
UpLwQAN25so.wav,27.52,0.0,30.0,beat_this
UpLwQAN25so.wav,27.96,0.0,30.0,beat_this
UpLwQAN25so.wav,28.38,0.0,30.0,beat_this
UpLwQAN25so.wav,28.82,0.0,30.0,beat_this
UpLwQAN25so.wav,29.24,0.0,30.0,beat_this
UpLwQAN25so.wav,29.68,0.0,30.0,beat_this
UsjvI9tG9u8.wav,0.2,0.0,30.0,beat_this
UsjvI9tG9u8.wav,0.6,0.0,30.0,beat_this
UsjvI9tG9u8.wav,1.02,0.0,30.0,beat_this
UsjvI9tG9u8.wav,1.44,0.0,30.0,beat_this
UsjvI9tG9u8.wav,1.88,0.0,30.0,beat_this
UsjvI9tG9u8.wav,2.3,0.0,30.0,beat_this
UsjvI9tG9u8.wav,2.72,0.0,30.0,beat_this
UsjvI9tG9u8.wav,3.14,0.0,30.0,beat_this
UsjvI9tG9u8.wav,3.56,0.0,30.0,beat_this
UsjvI9tG9u8.wav,3.98,0.0,30.0,beat_this
UsjvI9tG9u8.wav,4.4,0.0,30.0,beat_this
UsjvI9tG9u8.wav,4.82,0.0,30.0,beat_this
UsjvI9tG9u8.wav,5.22,0.0,30.0,beat_this
UsjvI9tG9u8.wav,5.64,0.0,30.0,beat_this
UsjvI9tG9u8.wav,6.06,0.0,30.0,beat_this
UsjvI9tG9u8.wav,6.48,0.0,30.0,beat_this
UsjvI9tG9u8.wav,6.92,0.0,30.0,beat_this
UsjvI9tG9u8.wav,7.34,0.0,30.0,beat_this
UsjvI9tG9u8.wav,7.76,0.0,30.0,beat_this
UsjvI9tG9u8.wav,8.18,0.0,30.0,beat_this
UsjvI9tG9u8.wav,8.58,0.0,30.0,beat_this
UsjvI9tG9u8.wav,9.02,0.0,30.0,beat_this
UsjvI9tG9u8.wav,9.42,0.0,30.0,beat_this
UsjvI9tG9u8.wav,9.86,0.0,30.0,beat_this
UsjvI9tG9u8.wav,10.28,0.0,30.0,beat_this
UsjvI9tG9u8.wav,10.68,0.0,30.0,beat_this
UsjvI9tG9u8.wav,11.12,0.0,30.0,beat_this
UsjvI9tG9u8.wav,11.52,0.0,30.0,beat_this
UsjvI9tG9u8.wav,11.96,0.0,30.0,beat_this
UsjvI9tG9u8.wav,12.38,0.0,30.0,beat_this
UsjvI9tG9u8.wav,12.8,0.0,30.0,beat_this
UsjvI9tG9u8.wav,13.2,0.0,30.0,beat_this
UsjvI9tG9u8.wav,13.62,0.0,30.0,beat_this
UsjvI9tG9u8.wav,14.04,0.0,30.0,beat_this
UsjvI9tG9u8.wav,14.46,0.0,30.0,beat_this
UsjvI9tG9u8.wav,14.88,0.0,30.0,beat_this
UsjvI9tG9u8.wav,15.3,0.0,30.0,beat_this
UsjvI9tG9u8.wav,15.72,0.0,30.0,beat_this
UsjvI9tG9u8.wav,16.14,0.0,30.0,beat_this
UsjvI9tG9u8.wav,16.56,0.0,30.0,beat_this
UsjvI9tG9u8.wav,16.98,0.0,30.0,beat_this
UsjvI9tG9u8.wav,17.4,0.0,30.0,beat_this
UsjvI9tG9u8.wav,17.82,0.0,30.0,beat_this
UsjvI9tG9u8.wav,18.24,0.0,30.0,beat_this
UsjvI9tG9u8.wav,18.66,0.0,30.0,beat_this
UsjvI9tG9u8.wav,19.08,0.0,30.0,beat_this
UsjvI9tG9u8.wav,19.5,0.0,30.0,beat_this
UsjvI9tG9u8.wav,19.92,0.0,30.0,beat_this
UsjvI9tG9u8.wav,20.32,0.0,30.0,beat_this
UsjvI9tG9u8.wav,20.76,0.0,30.0,beat_this
UsjvI9tG9u8.wav,21.16,0.0,30.0,beat_this
UsjvI9tG9u8.wav,21.58,0.0,30.0,beat_this
UsjvI9tG9u8.wav,22.0,0.0,30.0,beat_this
UsjvI9tG9u8.wav,22.42,0.0,30.0,beat_this
UsjvI9tG9u8.wav,22.84,0.0,30.0,beat_this
UsjvI9tG9u8.wav,23.28,0.0,30.0,beat_this
UsjvI9tG9u8.wav,23.7,0.0,30.0,beat_this
UsjvI9tG9u8.wav,24.12,0.0,30.0,beat_this
UsjvI9tG9u8.wav,24.54,0.0,30.0,beat_this
UsjvI9tG9u8.wav,24.96,0.0,30.0,beat_this
UsjvI9tG9u8.wav,25.36,0.0,30.0,beat_this
UsjvI9tG9u8.wav,25.78,0.0,30.0,beat_this
UsjvI9tG9u8.wav,26.2,0.0,30.0,beat_this
UsjvI9tG9u8.wav,26.62,0.0,30.0,beat_this
UsjvI9tG9u8.wav,27.04,0.0,30.0,beat_this
UsjvI9tG9u8.wav,27.48,0.0,30.0,beat_this
UsjvI9tG9u8.wav,27.9,0.0,30.0,beat_this
UsjvI9tG9u8.wav,28.3,0.0,30.0,beat_this
UsjvI9tG9u8.wav,28.74,0.0,30.0,beat_this
UsjvI9tG9u8.wav,29.14,0.0,30.0,beat_this
UsjvI9tG9u8.wav,29.58,0.0,30.0,beat_this
UsjvI9tG9u8.wav,29.96,0.0,30.0,beat_this
UxD-yc9RWPA.wav,0.32,0.0,30.0,beat_this
UxD-yc9RWPA.wav,0.9,0.0,30.0,beat_this
UxD-yc9RWPA.wav,1.48,0.0,30.0,beat_this
UxD-yc9RWPA.wav,2.06,0.0,30.0,beat_this
UxD-yc9RWPA.wav,2.62,0.0,30.0,beat_this
UxD-yc9RWPA.wav,3.2,0.0,30.0,beat_this
UxD-yc9RWPA.wav,3.76,0.0,30.0,beat_this
UxD-yc9RWPA.wav,4.34,0.0,30.0,beat_this
UxD-yc9RWPA.wav,4.9,0.0,30.0,beat_this
UxD-yc9RWPA.wav,5.48,0.0,30.0,beat_this
UxD-yc9RWPA.wav,6.04,0.0,30.0,beat_this
UxD-yc9RWPA.wav,6.62,0.0,30.0,beat_this
UxD-yc9RWPA.wav,7.18,0.0,30.0,beat_this
UxD-yc9RWPA.wav,7.76,0.0,30.0,beat_this
UxD-yc9RWPA.wav,8.34,0.0,30.0,beat_this
UxD-yc9RWPA.wav,8.88,0.0,30.0,beat_this
UxD-yc9RWPA.wav,9.46,0.0,30.0,beat_this
UxD-yc9RWPA.wav,10.04,0.0,30.0,beat_this
UxD-yc9RWPA.wav,10.62,0.0,30.0,beat_this
UxD-yc9RWPA.wav,11.2,0.0,30.0,beat_this
UxD-yc9RWPA.wav,11.76,0.0,30.0,beat_this
UxD-yc9RWPA.wav,12.34,0.0,30.0,beat_this
UxD-yc9RWPA.wav,12.9,0.0,30.0,beat_this
UxD-yc9RWPA.wav,13.48,0.0,30.0,beat_this
UxD-yc9RWPA.wav,14.04,0.0,30.0,beat_this
UxD-yc9RWPA.wav,14.62,0.0,30.0,beat_this
UxD-yc9RWPA.wav,15.18,0.0,30.0,beat_this
UxD-yc9RWPA.wav,15.78,0.0,30.0,beat_this
UxD-yc9RWPA.wav,16.34,0.0,30.0,beat_this
UxD-yc9RWPA.wav,16.92,0.0,30.0,beat_this
UxD-yc9RWPA.wav,17.48,0.0,30.0,beat_this
UxD-yc9RWPA.wav,18.06,0.0,30.0,beat_this
UxD-yc9RWPA.wav,18.62,0.0,30.0,beat_this
UxD-yc9RWPA.wav,19.2,0.0,30.0,beat_this
UxD-yc9RWPA.wav,19.76,0.0,30.0,beat_this
UxD-yc9RWPA.wav,20.34,0.0,30.0,beat_this
UxD-yc9RWPA.wav,20.9,0.0,30.0,beat_this
UxD-yc9RWPA.wav,21.48,0.0,30.0,beat_this
UxD-yc9RWPA.wav,22.04,0.0,30.0,beat_this
UxD-yc9RWPA.wav,22.62,0.0,30.0,beat_this
UxD-yc9RWPA.wav,23.2,0.0,30.0,beat_this
UxD-yc9RWPA.wav,23.76,0.0,30.0,beat_this
UxD-yc9RWPA.wav,24.34,0.0,30.0,beat_this
UxD-yc9RWPA.wav,24.92,0.0,30.0,beat_this
UxD-yc9RWPA.wav,25.48,0.0,30.0,beat_this
UxD-yc9RWPA.wav,26.06,0.0,30.0,beat_this
UxD-yc9RWPA.wav,26.62,0.0,30.0,beat_this
UxD-yc9RWPA.wav,27.2,0.0,30.0,beat_this
UxD-yc9RWPA.wav,27.76,0.0,30.0,beat_this
UxD-yc9RWPA.wav,28.34,0.0,30.0,beat_this
UxD-yc9RWPA.wav,28.9,0.0,30.0,beat_this
UxD-yc9RWPA.wav,29.48,0.0,30.0,beat_this
V9Sd5QiDkkw.wav,0.18,0.0,30.0,beat_this
V9Sd5QiDkkw.wav,0.5,0.0,30.0,beat_this
V9Sd5QiDkkw.wav,0.82,0.0,30.0,beat_this
V9Sd5QiDkkw.wav,1.14,0.0,30.0,beat_this
V9Sd5QiDkkw.wav,1.48,0.0,30.0,beat_this
V9Sd5QiDkkw.wav,1.8,0.0,30.0,beat_this
V9Sd5QiDkkw.wav,2.12,0.0,30.0,beat_this
V9Sd5QiDkkw.wav,2.44,0.0,30.0,beat_this
V9Sd5QiDkkw.wav,2.78,0.0,30.0,beat_this
V9Sd5QiDkkw.wav,3.08,0.0,30.0,beat_this
V9Sd5QiDkkw.wav,3.42,0.0,30.0,beat_this
V9Sd5QiDkkw.wav,3.7,0.0,30.0,beat_this
V9Sd5QiDkkw.wav,4.1,0.0,30.0,beat_this
V9Sd5QiDkkw.wav,4.38,0.0,30.0,beat_this
V9Sd5QiDkkw.wav,4.66,0.0,30.0,beat_this
V9Sd5QiDkkw.wav,4.78,0.0,30.0,beat_this
V9Sd5QiDkkw.wav,5.02,0.0,30.0,beat_this
V9Sd5QiDkkw.wav,5.32,0.0,30.0,beat_this
V9Sd5QiDkkw.wav,5.66,0.0,30.0,beat_this
V9Sd5QiDkkw.wav,6.0,0.0,30.0,beat_this
V9Sd5QiDkkw.wav,6.32,0.0,30.0,beat_this
V9Sd5QiDkkw.wav,6.64,0.0,30.0,beat_this
V9Sd5QiDkkw.wav,6.96,0.0,30.0,beat_this
V9Sd5QiDkkw.wav,7.28,0.0,30.0,beat_this
V9Sd5QiDkkw.wav,7.6,0.0,30.0,beat_this
V9Sd5QiDkkw.wav,7.92,0.0,30.0,beat_this
V9Sd5QiDkkw.wav,8.24,0.0,30.0,beat_this
V9Sd5QiDkkw.wav,8.56,0.0,30.0,beat_this
V9Sd5QiDkkw.wav,8.9,0.0,30.0,beat_this
V9Sd5QiDkkw.wav,9.22,0.0,30.0,beat_this
V9Sd5QiDkkw.wav,9.54,0.0,30.0,beat_this
V9Sd5QiDkkw.wav,9.86,0.0,30.0,beat_this
V9Sd5QiDkkw.wav,10.18,0.0,30.0,beat_this
V9Sd5QiDkkw.wav,10.52,0.0,30.0,beat_this
V9Sd5QiDkkw.wav,10.84,0.0,30.0,beat_this
V9Sd5QiDkkw.wav,11.16,0.0,30.0,beat_this
V9Sd5QiDkkw.wav,11.48,0.0,30.0,beat_this
V9Sd5QiDkkw.wav,11.8,0.0,30.0,beat_this
V9Sd5QiDkkw.wav,12.12,0.0,30.0,beat_this
V9Sd5QiDkkw.wav,12.44,0.0,30.0,beat_this
V9Sd5QiDkkw.wav,12.76,0.0,30.0,beat_this
V9Sd5QiDkkw.wav,13.08,0.0,30.0,beat_this
V9Sd5QiDkkw.wav,13.42,0.0,30.0,beat_this
V9Sd5QiDkkw.wav,13.74,0.0,30.0,beat_this
V9Sd5QiDkkw.wav,14.06,0.0,30.0,beat_this
V9Sd5QiDkkw.wav,14.38,0.0,30.0,beat_this
V9Sd5QiDkkw.wav,14.7,0.0,30.0,beat_this
V9Sd5QiDkkw.wav,15.02,0.0,30.0,beat_this
V9Sd5QiDkkw.wav,15.34,0.0,30.0,beat_this
V9Sd5QiDkkw.wav,15.66,0.0,30.0,beat_this
V9Sd5QiDkkw.wav,16.0,0.0,30.0,beat_this
V9Sd5QiDkkw.wav,16.32,0.0,30.0,beat_this
V9Sd5QiDkkw.wav,16.64,0.0,30.0,beat_this
V9Sd5QiDkkw.wav,16.96,0.0,30.0,beat_this
V9Sd5QiDkkw.wav,17.28,0.0,30.0,beat_this
V9Sd5QiDkkw.wav,17.6,0.0,30.0,beat_this
V9Sd5QiDkkw.wav,17.92,0.0,30.0,beat_this
V9Sd5QiDkkw.wav,18.26,0.0,30.0,beat_this
V9Sd5QiDkkw.wav,18.56,0.0,30.0,beat_this
V9Sd5QiDkkw.wav,18.9,0.0,30.0,beat_this
V9Sd5QiDkkw.wav,19.2,0.0,30.0,beat_this
V9Sd5QiDkkw.wav,19.54,0.0,30.0,beat_this
V9Sd5QiDkkw.wav,19.86,0.0,30.0,beat_this
V9Sd5QiDkkw.wav,20.18,0.0,30.0,beat_this
V9Sd5QiDkkw.wav,20.5,0.0,30.0,beat_this
V9Sd5QiDkkw.wav,20.82,0.0,30.0,beat_this
V9Sd5QiDkkw.wav,21.16,0.0,30.0,beat_this
V9Sd5QiDkkw.wav,21.48,0.0,30.0,beat_this
V9Sd5QiDkkw.wav,21.8,0.0,30.0,beat_this
V9Sd5QiDkkw.wav,22.12,0.0,30.0,beat_this
V9Sd5QiDkkw.wav,22.44,0.0,30.0,beat_this
V9Sd5QiDkkw.wav,22.76,0.0,30.0,beat_this
V9Sd5QiDkkw.wav,23.08,0.0,30.0,beat_this
V9Sd5QiDkkw.wav,23.4,0.0,30.0,beat_this
V9Sd5QiDkkw.wav,23.72,0.0,30.0,beat_this
V9Sd5QiDkkw.wav,24.06,0.0,30.0,beat_this
V9Sd5QiDkkw.wav,24.38,0.0,30.0,beat_this
V9Sd5QiDkkw.wav,24.7,0.0,30.0,beat_this
V9Sd5QiDkkw.wav,25.02,0.0,30.0,beat_this
V9Sd5QiDkkw.wav,25.34,0.0,30.0,beat_this
V9Sd5QiDkkw.wav,25.66,0.0,30.0,beat_this
V9Sd5QiDkkw.wav,26.0,0.0,30.0,beat_this
V9Sd5QiDkkw.wav,26.32,0.0,30.0,beat_this
V9Sd5QiDkkw.wav,26.64,0.0,30.0,beat_this
V9Sd5QiDkkw.wav,26.96,0.0,30.0,beat_this
V9Sd5QiDkkw.wav,27.28,0.0,30.0,beat_this
V9Sd5QiDkkw.wav,27.6,0.0,30.0,beat_this
V9Sd5QiDkkw.wav,27.92,0.0,30.0,beat_this
V9Sd5QiDkkw.wav,28.24,0.0,30.0,beat_this
V9Sd5QiDkkw.wav,28.56,0.0,30.0,beat_this
V9Sd5QiDkkw.wav,28.9,0.0,30.0,beat_this
V9Sd5QiDkkw.wav,29.22,0.0,30.0,beat_this
V9Sd5QiDkkw.wav,29.54,0.0,30.0,beat_this
V9Sd5QiDkkw.wav,29.84,0.0,30.0,beat_this
VG-b7wi8nBM.wav,0.22,0.0,30.0,beat_this
VG-b7wi8nBM.wav,1.08,0.0,30.0,beat_this
VG-b7wi8nBM.wav,1.96,0.0,30.0,beat_this
VG-b7wi8nBM.wav,2.82,0.0,30.0,beat_this
VG-b7wi8nBM.wav,3.64,0.0,30.0,beat_this
VG-b7wi8nBM.wav,4.5,0.0,30.0,beat_this
VG-b7wi8nBM.wav,5.38,0.0,30.0,beat_this
VG-b7wi8nBM.wav,6.24,0.0,30.0,beat_this
VG-b7wi8nBM.wav,7.1,0.0,30.0,beat_this
VG-b7wi8nBM.wav,7.94,0.0,30.0,beat_this
VG-b7wi8nBM.wav,8.82,0.0,30.0,beat_this
VG-b7wi8nBM.wav,9.66,0.0,30.0,beat_this
VG-b7wi8nBM.wav,10.5,0.0,30.0,beat_this
VG-b7wi8nBM.wav,11.36,0.0,30.0,beat_this
VG-b7wi8nBM.wav,12.22,0.0,30.0,beat_this
VG-b7wi8nBM.wav,13.1,0.0,30.0,beat_this
VG-b7wi8nBM.wav,13.94,0.0,30.0,beat_this
VG-b7wi8nBM.wav,14.8,0.0,30.0,beat_this
VG-b7wi8nBM.wav,15.66,0.0,30.0,beat_this
VG-b7wi8nBM.wav,16.52,0.0,30.0,beat_this
VG-b7wi8nBM.wav,17.38,0.0,30.0,beat_this
VG-b7wi8nBM.wav,18.24,0.0,30.0,beat_this
VG-b7wi8nBM.wav,19.1,0.0,30.0,beat_this
VG-b7wi8nBM.wav,19.94,0.0,30.0,beat_this
VG-b7wi8nBM.wav,20.8,0.0,30.0,beat_this
VG-b7wi8nBM.wav,21.66,0.0,30.0,beat_this
VG-b7wi8nBM.wav,22.52,0.0,30.0,beat_this
VG-b7wi8nBM.wav,23.38,0.0,30.0,beat_this
VG-b7wi8nBM.wav,24.24,0.0,30.0,beat_this
VG-b7wi8nBM.wav,25.08,0.0,30.0,beat_this
VG-b7wi8nBM.wav,25.96,0.0,30.0,beat_this
VG-b7wi8nBM.wav,26.82,0.0,30.0,beat_this
VG-b7wi8nBM.wav,27.68,0.0,30.0,beat_this
VG-b7wi8nBM.wav,28.54,0.0,30.0,beat_this
VG-b7wi8nBM.wav,29.38,0.0,30.0,beat_this
VRPsiH-UpDc.wav,0.48,0.0,30.0,beat_this
VRPsiH-UpDc.wav,1.22,0.0,30.0,beat_this
VRPsiH-UpDc.wav,2.72,0.0,30.0,beat_this
VRPsiH-UpDc.wav,3.44,0.0,30.0,beat_this
VRPsiH-UpDc.wav,4.2,0.0,30.0,beat_this
VRPsiH-UpDc.wav,4.92,0.0,30.0,beat_this
VRPsiH-UpDc.wav,5.68,0.0,30.0,beat_this
VRPsiH-UpDc.wav,6.4,0.0,30.0,beat_this
VRPsiH-UpDc.wav,7.14,0.0,30.0,beat_this
VRPsiH-UpDc.wav,7.88,0.0,30.0,beat_this
VRPsiH-UpDc.wav,8.64,0.0,30.0,beat_this
VRPsiH-UpDc.wav,9.36,0.0,30.0,beat_this
VRPsiH-UpDc.wav,10.1,0.0,30.0,beat_this
VRPsiH-UpDc.wav,10.84,0.0,30.0,beat_this
VRPsiH-UpDc.wav,11.6,0.0,30.0,beat_this
VRPsiH-UpDc.wav,12.32,0.0,30.0,beat_this
VRPsiH-UpDc.wav,13.08,0.0,30.0,beat_this
VRPsiH-UpDc.wav,13.82,0.0,30.0,beat_this
VRPsiH-UpDc.wav,14.56,0.0,30.0,beat_this
VRPsiH-UpDc.wav,15.28,0.0,30.0,beat_this
VRPsiH-UpDc.wav,16.04,0.0,30.0,beat_this
VRPsiH-UpDc.wav,16.78,0.0,30.0,beat_this
VRPsiH-UpDc.wav,17.52,0.0,30.0,beat_this
VRPsiH-UpDc.wav,18.26,0.0,30.0,beat_this
VRPsiH-UpDc.wav,19.0,0.0,30.0,beat_this
VRPsiH-UpDc.wav,19.74,0.0,30.0,beat_this
VRPsiH-UpDc.wav,20.48,0.0,30.0,beat_this
VRPsiH-UpDc.wav,21.22,0.0,30.0,beat_this
VRPsiH-UpDc.wav,21.96,0.0,30.0,beat_this
VRPsiH-UpDc.wav,22.7,0.0,30.0,beat_this
VRPsiH-UpDc.wav,23.46,0.0,30.0,beat_this
VRPsiH-UpDc.wav,24.18,0.0,30.0,beat_this
VRPsiH-UpDc.wav,24.94,0.0,30.0,beat_this
VRPsiH-UpDc.wav,25.66,0.0,30.0,beat_this
VRPsiH-UpDc.wav,26.4,0.0,30.0,beat_this
VRPsiH-UpDc.wav,27.14,0.0,30.0,beat_this
VRPsiH-UpDc.wav,27.88,0.0,30.0,beat_this
VRPsiH-UpDc.wav,28.62,0.0,30.0,beat_this
VRPsiH-UpDc.wav,29.36,0.0,30.0,beat_this
W0M-eje90TU.wav,0.26,0.0,30.0,beat_this
W0M-eje90TU.wav,0.68,0.0,30.0,beat_this
W0M-eje90TU.wav,1.1,0.0,30.0,beat_this
W0M-eje90TU.wav,1.54,0.0,30.0,beat_this
W0M-eje90TU.wav,1.96,0.0,30.0,beat_this
W0M-eje90TU.wav,2.38,0.0,30.0,beat_this
W0M-eje90TU.wav,2.8,0.0,30.0,beat_this
W0M-eje90TU.wav,3.22,0.0,30.0,beat_this
W0M-eje90TU.wav,3.64,0.0,30.0,beat_this
W0M-eje90TU.wav,4.06,0.0,30.0,beat_this
W0M-eje90TU.wav,4.48,0.0,30.0,beat_this
W0M-eje90TU.wav,4.9,0.0,30.0,beat_this
W0M-eje90TU.wav,5.34,0.0,30.0,beat_this
W0M-eje90TU.wav,5.76,0.0,30.0,beat_this
W0M-eje90TU.wav,6.18,0.0,30.0,beat_this
W0M-eje90TU.wav,6.6,0.0,30.0,beat_this
W0M-eje90TU.wav,7.04,0.0,30.0,beat_this
W0M-eje90TU.wav,7.44,0.0,30.0,beat_this
W0M-eje90TU.wav,7.88,0.0,30.0,beat_this
W0M-eje90TU.wav,8.28,0.0,30.0,beat_this
W0M-eje90TU.wav,8.72,0.0,30.0,beat_this
W0M-eje90TU.wav,9.14,0.0,30.0,beat_this
W0M-eje90TU.wav,9.56,0.0,30.0,beat_this
W0M-eje90TU.wav,9.98,0.0,30.0,beat_this
W0M-eje90TU.wav,10.4,0.0,30.0,beat_this
W0M-eje90TU.wav,10.82,0.0,30.0,beat_this
W0M-eje90TU.wav,11.24,0.0,30.0,beat_this
W0M-eje90TU.wav,11.66,0.0,30.0,beat_this
W0M-eje90TU.wav,12.1,0.0,30.0,beat_this
W0M-eje90TU.wav,12.52,0.0,30.0,beat_this
W0M-eje90TU.wav,12.94,0.0,30.0,beat_this
W0M-eje90TU.wav,13.36,0.0,30.0,beat_this
W0M-eje90TU.wav,13.78,0.0,30.0,beat_this
W0M-eje90TU.wav,14.22,0.0,30.0,beat_this
W0M-eje90TU.wav,14.64,0.0,30.0,beat_this
W0M-eje90TU.wav,15.06,0.0,30.0,beat_this
W0M-eje90TU.wav,15.48,0.0,30.0,beat_this
W0M-eje90TU.wav,15.9,0.0,30.0,beat_this
W0M-eje90TU.wav,16.32,0.0,30.0,beat_this
W0M-eje90TU.wav,16.76,0.0,30.0,beat_this
W0M-eje90TU.wav,17.16,0.0,30.0,beat_this
W0M-eje90TU.wav,17.58,0.0,30.0,beat_this
W0M-eje90TU.wav,18.02,0.0,30.0,beat_this
W0M-eje90TU.wav,18.44,0.0,30.0,beat_this
W0M-eje90TU.wav,18.86,0.0,30.0,beat_this
W0M-eje90TU.wav,19.28,0.0,30.0,beat_this
W0M-eje90TU.wav,19.72,0.0,30.0,beat_this
W0M-eje90TU.wav,20.14,0.0,30.0,beat_this
W0M-eje90TU.wav,20.54,0.0,30.0,beat_this
W0M-eje90TU.wav,20.98,0.0,30.0,beat_this
W0M-eje90TU.wav,21.4,0.0,30.0,beat_this
W0M-eje90TU.wav,21.84,0.0,30.0,beat_this
W0M-eje90TU.wav,22.24,0.0,30.0,beat_this
W0M-eje90TU.wav,22.66,0.0,30.0,beat_this
W0M-eje90TU.wav,23.1,0.0,30.0,beat_this
W0M-eje90TU.wav,23.52,0.0,30.0,beat_this
W0M-eje90TU.wav,23.94,0.0,30.0,beat_this
W0M-eje90TU.wav,24.36,0.0,30.0,beat_this
W0M-eje90TU.wav,24.78,0.0,30.0,beat_this
W0M-eje90TU.wav,25.2,0.0,30.0,beat_this
W0M-eje90TU.wav,25.62,0.0,30.0,beat_this
W0M-eje90TU.wav,26.04,0.0,30.0,beat_this
W0M-eje90TU.wav,26.46,0.0,30.0,beat_this
W0M-eje90TU.wav,26.9,0.0,30.0,beat_this
W0M-eje90TU.wav,27.3,0.0,30.0,beat_this
W0M-eje90TU.wav,27.72,0.0,30.0,beat_this
W0M-eje90TU.wav,28.16,0.0,30.0,beat_this
W0M-eje90TU.wav,28.6,0.0,30.0,beat_this
W0M-eje90TU.wav,29.0,0.0,30.0,beat_this
W0M-eje90TU.wav,29.42,0.0,30.0,beat_this
W0M-eje90TU.wav,29.86,0.0,30.0,beat_this
W2trq2APLIw.wav,0.02,0.0,30.0,beat_this
W2trq2APLIw.wav,1.02,0.0,30.0,beat_this
W2trq2APLIw.wav,2.02,0.0,30.0,beat_this
W2trq2APLIw.wav,3.0,0.0,30.0,beat_this
W2trq2APLIw.wav,4.02,0.0,30.0,beat_this
W2trq2APLIw.wav,5.02,0.0,30.0,beat_this
W2trq2APLIw.wav,6.02,0.0,30.0,beat_this
W2trq2APLIw.wav,7.0,0.0,30.0,beat_this
W2trq2APLIw.wav,8.02,0.0,30.0,beat_this
W2trq2APLIw.wav,9.0,0.0,30.0,beat_this
W2trq2APLIw.wav,10.02,0.0,30.0,beat_this
W2trq2APLIw.wav,11.0,0.0,30.0,beat_this
W2trq2APLIw.wav,12.0,0.0,30.0,beat_this
W2trq2APLIw.wav,13.02,0.0,30.0,beat_this
W2trq2APLIw.wav,14.02,0.0,30.0,beat_this
W2trq2APLIw.wav,15.0,0.0,30.0,beat_this
W2trq2APLIw.wav,16.0,0.0,30.0,beat_this
W2trq2APLIw.wav,17.02,0.0,30.0,beat_this
W2trq2APLIw.wav,18.02,0.0,30.0,beat_this
W2trq2APLIw.wav,19.0,0.0,30.0,beat_this
W2trq2APLIw.wav,20.0,0.0,30.0,beat_this
W2trq2APLIw.wav,21.0,0.0,30.0,beat_this
W2trq2APLIw.wav,22.02,0.0,30.0,beat_this
W2trq2APLIw.wav,23.0,0.0,30.0,beat_this
W2trq2APLIw.wav,24.02,0.0,30.0,beat_this
W2trq2APLIw.wav,25.0,0.0,30.0,beat_this
W2trq2APLIw.wav,26.0,0.0,30.0,beat_this
W2trq2APLIw.wav,27.0,0.0,30.0,beat_this
W2trq2APLIw.wav,28.0,0.0,30.0,beat_this
W2trq2APLIw.wav,28.5,0.0,30.0,beat_this
W2trq2APLIw.wav,29.0,0.0,30.0,beat_this
W93p02aU4YU.wav,0.32,0.0,30.0,beat_this
W93p02aU4YU.wav,0.82,0.0,30.0,beat_this
W93p02aU4YU.wav,1.34,0.0,30.0,beat_this
W93p02aU4YU.wav,1.84,0.0,30.0,beat_this
W93p02aU4YU.wav,2.34,0.0,30.0,beat_this
W93p02aU4YU.wav,2.84,0.0,30.0,beat_this
W93p02aU4YU.wav,3.38,0.0,30.0,beat_this
W93p02aU4YU.wav,3.88,0.0,30.0,beat_this
W93p02aU4YU.wav,4.38,0.0,30.0,beat_this
W93p02aU4YU.wav,4.88,0.0,30.0,beat_this
W93p02aU4YU.wav,5.4,0.0,30.0,beat_this
W93p02aU4YU.wav,5.9,0.0,30.0,beat_this
W93p02aU4YU.wav,6.42,0.0,30.0,beat_this
W93p02aU4YU.wav,6.92,0.0,30.0,beat_this
W93p02aU4YU.wav,7.44,0.0,30.0,beat_this
W93p02aU4YU.wav,7.94,0.0,30.0,beat_this
W93p02aU4YU.wav,8.46,0.0,30.0,beat_this
W93p02aU4YU.wav,8.94,0.0,30.0,beat_this
W93p02aU4YU.wav,9.46,0.0,30.0,beat_this
W93p02aU4YU.wav,9.96,0.0,30.0,beat_this
W93p02aU4YU.wav,10.46,0.0,30.0,beat_this
W93p02aU4YU.wav,10.96,0.0,30.0,beat_this
W93p02aU4YU.wav,11.46,0.0,30.0,beat_this
W93p02aU4YU.wav,11.96,0.0,30.0,beat_this
W93p02aU4YU.wav,12.48,0.0,30.0,beat_this
W93p02aU4YU.wav,13.0,0.0,30.0,beat_this
W93p02aU4YU.wav,13.52,0.0,30.0,beat_this
W93p02aU4YU.wav,14.02,0.0,30.0,beat_this
W93p02aU4YU.wav,14.56,0.0,30.0,beat_this
W93p02aU4YU.wav,15.06,0.0,30.0,beat_this
W93p02aU4YU.wav,15.56,0.0,30.0,beat_this
W93p02aU4YU.wav,16.08,0.0,30.0,beat_this
W93p02aU4YU.wav,16.58,0.0,30.0,beat_this
W93p02aU4YU.wav,17.1,0.0,30.0,beat_this
W93p02aU4YU.wav,17.6,0.0,30.0,beat_this
W93p02aU4YU.wav,18.1,0.0,30.0,beat_this
W93p02aU4YU.wav,18.62,0.0,30.0,beat_this
W93p02aU4YU.wav,19.12,0.0,30.0,beat_this
W93p02aU4YU.wav,19.64,0.0,30.0,beat_this
W93p02aU4YU.wav,20.14,0.0,30.0,beat_this
W93p02aU4YU.wav,20.64,0.0,30.0,beat_this
W93p02aU4YU.wav,21.16,0.0,30.0,beat_this
W93p02aU4YU.wav,21.68,0.0,30.0,beat_this
W93p02aU4YU.wav,22.18,0.0,30.0,beat_this
W93p02aU4YU.wav,22.68,0.0,30.0,beat_this
W93p02aU4YU.wav,23.2,0.0,30.0,beat_this
W93p02aU4YU.wav,23.7,0.0,30.0,beat_this
W93p02aU4YU.wav,24.22,0.0,30.0,beat_this
W93p02aU4YU.wav,24.72,0.0,30.0,beat_this
W93p02aU4YU.wav,25.22,0.0,30.0,beat_this
W93p02aU4YU.wav,25.74,0.0,30.0,beat_this
W93p02aU4YU.wav,26.24,0.0,30.0,beat_this
W93p02aU4YU.wav,26.76,0.0,30.0,beat_this
W93p02aU4YU.wav,27.26,0.0,30.0,beat_this
W93p02aU4YU.wav,27.76,0.0,30.0,beat_this
W93p02aU4YU.wav,28.28,0.0,30.0,beat_this
W93p02aU4YU.wav,28.8,0.0,30.0,beat_this
W93p02aU4YU.wav,29.3,0.0,30.0,beat_this
W93p02aU4YU.wav,29.82,0.0,30.0,beat_this
WCdht_9tf1M.wav,0.4,0.0,30.0,beat_this
WCdht_9tf1M.wav,1.16,0.0,30.0,beat_this
WCdht_9tf1M.wav,1.9,0.0,30.0,beat_this
WCdht_9tf1M.wav,2.64,0.0,30.0,beat_this
WCdht_9tf1M.wav,3.38,0.0,30.0,beat_this
WCdht_9tf1M.wav,4.1,0.0,30.0,beat_this
WCdht_9tf1M.wav,4.86,0.0,30.0,beat_this
WCdht_9tf1M.wav,5.6,0.0,30.0,beat_this
WCdht_9tf1M.wav,6.34,0.0,30.0,beat_this
WCdht_9tf1M.wav,7.08,0.0,30.0,beat_this
WCdht_9tf1M.wav,7.82,0.0,30.0,beat_this
WCdht_9tf1M.wav,8.56,0.0,30.0,beat_this
WCdht_9tf1M.wav,9.3,0.0,30.0,beat_this
WCdht_9tf1M.wav,10.04,0.0,30.0,beat_this
WCdht_9tf1M.wav,10.78,0.0,30.0,beat_this
WCdht_9tf1M.wav,11.52,0.0,30.0,beat_this
WCdht_9tf1M.wav,12.26,0.0,30.0,beat_this
WCdht_9tf1M.wav,13.02,0.0,30.0,beat_this
WCdht_9tf1M.wav,13.74,0.0,30.0,beat_this
WCdht_9tf1M.wav,14.5,0.0,30.0,beat_this
WCdht_9tf1M.wav,15.22,0.0,30.0,beat_this
WCdht_9tf1M.wav,15.98,0.0,30.0,beat_this
WCdht_9tf1M.wav,16.7,0.0,30.0,beat_this
WCdht_9tf1M.wav,17.46,0.0,30.0,beat_this
WCdht_9tf1M.wav,18.18,0.0,30.0,beat_this
WCdht_9tf1M.wav,18.94,0.0,30.0,beat_this
WCdht_9tf1M.wav,19.68,0.0,30.0,beat_this
WCdht_9tf1M.wav,20.42,0.0,30.0,beat_this
WCdht_9tf1M.wav,21.14,0.0,30.0,beat_this
WCdht_9tf1M.wav,21.9,0.0,30.0,beat_this
WCdht_9tf1M.wav,22.64,0.0,30.0,beat_this
WCdht_9tf1M.wav,23.38,0.0,30.0,beat_this
WCdht_9tf1M.wav,24.12,0.0,30.0,beat_this
WCdht_9tf1M.wav,24.86,0.0,30.0,beat_this
WCdht_9tf1M.wav,25.6,0.0,30.0,beat_this
WCdht_9tf1M.wav,26.34,0.0,30.0,beat_this
WCdht_9tf1M.wav,27.08,0.0,30.0,beat_this
WCdht_9tf1M.wav,27.82,0.0,30.0,beat_this
WCdht_9tf1M.wav,28.56,0.0,30.0,beat_this
WCdht_9tf1M.wav,29.3,0.0,30.0,beat_this
WCdht_9tf1M.wav,30.0,0.0,30.0,beat_this
WMeW6IJJGLo.wav,0.08,0.0,30.0,beat_this
WMeW6IJJGLo.wav,0.44,0.0,30.0,beat_this
WMeW6IJJGLo.wav,0.8,0.0,30.0,beat_this
WMeW6IJJGLo.wav,1.14,0.0,30.0,beat_this
WMeW6IJJGLo.wav,1.5,0.0,30.0,beat_this
WMeW6IJJGLo.wav,1.86,0.0,30.0,beat_this
WMeW6IJJGLo.wav,2.22,0.0,30.0,beat_this
WMeW6IJJGLo.wav,2.58,0.0,30.0,beat_this
WMeW6IJJGLo.wav,2.94,0.0,30.0,beat_this
WMeW6IJJGLo.wav,3.3,0.0,30.0,beat_this
WMeW6IJJGLo.wav,3.66,0.0,30.0,beat_this
WMeW6IJJGLo.wav,4.02,0.0,30.0,beat_this
WMeW6IJJGLo.wav,4.36,0.0,30.0,beat_this
WMeW6IJJGLo.wav,4.72,0.0,30.0,beat_this
WMeW6IJJGLo.wav,5.08,0.0,30.0,beat_this
WMeW6IJJGLo.wav,5.44,0.0,30.0,beat_this
WMeW6IJJGLo.wav,5.8,0.0,30.0,beat_this
WMeW6IJJGLo.wav,6.16,0.0,30.0,beat_this
WMeW6IJJGLo.wav,6.52,0.0,30.0,beat_this
WMeW6IJJGLo.wav,6.88,0.0,30.0,beat_this
WMeW6IJJGLo.wav,7.24,0.0,30.0,beat_this
WMeW6IJJGLo.wav,7.56,0.0,30.0,beat_this
WMeW6IJJGLo.wav,7.94,0.0,30.0,beat_this
WMeW6IJJGLo.wav,8.12,0.0,30.0,beat_this
WMeW6IJJGLo.wav,8.28,0.0,30.0,beat_this
WMeW6IJJGLo.wav,8.46,0.0,30.0,beat_this
WMeW6IJJGLo.wav,8.66,0.0,30.0,beat_this
WMeW6IJJGLo.wav,9.02,0.0,30.0,beat_this
WMeW6IJJGLo.wav,9.14,0.0,30.0,beat_this
WMeW6IJJGLo.wav,9.38,0.0,30.0,beat_this
WMeW6IJJGLo.wav,9.72,0.0,30.0,beat_this
WMeW6IJJGLo.wav,9.9,0.0,30.0,beat_this
WMeW6IJJGLo.wav,10.08,0.0,30.0,beat_this
WMeW6IJJGLo.wav,10.44,0.0,30.0,beat_this
WMeW6IJJGLo.wav,10.8,0.0,30.0,beat_this
WMeW6IJJGLo.wav,11.16,0.0,30.0,beat_this
WMeW6IJJGLo.wav,11.52,0.0,30.0,beat_this
WMeW6IJJGLo.wav,11.86,0.0,30.0,beat_this
WMeW6IJJGLo.wav,12.24,0.0,30.0,beat_this
WMeW6IJJGLo.wav,12.58,0.0,30.0,beat_this
WMeW6IJJGLo.wav,12.94,0.0,30.0,beat_this
WMeW6IJJGLo.wav,13.3,0.0,30.0,beat_this
WMeW6IJJGLo.wav,13.66,0.0,30.0,beat_this
WMeW6IJJGLo.wav,14.02,0.0,30.0,beat_this
WMeW6IJJGLo.wav,14.38,0.0,30.0,beat_this
WMeW6IJJGLo.wav,14.72,0.0,30.0,beat_this
WMeW6IJJGLo.wav,15.1,0.0,30.0,beat_this
WMeW6IJJGLo.wav,15.44,0.0,30.0,beat_this
WMeW6IJJGLo.wav,15.8,0.0,30.0,beat_this
WMeW6IJJGLo.wav,16.16,0.0,30.0,beat_this
WMeW6IJJGLo.wav,16.52,0.0,30.0,beat_this
WMeW6IJJGLo.wav,16.86,0.0,30.0,beat_this
WMeW6IJJGLo.wav,17.24,0.0,30.0,beat_this
WMeW6IJJGLo.wav,17.58,0.0,30.0,beat_this
WMeW6IJJGLo.wav,17.94,0.0,30.0,beat_this
WMeW6IJJGLo.wav,18.3,0.0,30.0,beat_this
WMeW6IJJGLo.wav,18.66,0.0,30.0,beat_this
WMeW6IJJGLo.wav,19.0,0.0,30.0,beat_this
WMeW6IJJGLo.wav,19.38,0.0,30.0,beat_this
WMeW6IJJGLo.wav,19.72,0.0,30.0,beat_this
WMeW6IJJGLo.wav,20.08,0.0,30.0,beat_this
WMeW6IJJGLo.wav,20.44,0.0,30.0,beat_this
WMeW6IJJGLo.wav,20.8,0.0,30.0,beat_this
WMeW6IJJGLo.wav,21.16,0.0,30.0,beat_this
WMeW6IJJGLo.wav,21.52,0.0,30.0,beat_this
WMeW6IJJGLo.wav,21.88,0.0,30.0,beat_this
WMeW6IJJGLo.wav,22.22,0.0,30.0,beat_this
WMeW6IJJGLo.wav,22.58,0.0,30.0,beat_this
WMeW6IJJGLo.wav,22.94,0.0,30.0,beat_this
WMeW6IJJGLo.wav,23.3,0.0,30.0,beat_this
WMeW6IJJGLo.wav,23.66,0.0,30.0,beat_this
WMeW6IJJGLo.wav,24.02,0.0,30.0,beat_this
WMeW6IJJGLo.wav,24.38,0.0,30.0,beat_this
WMeW6IJJGLo.wav,24.72,0.0,30.0,beat_this
WMeW6IJJGLo.wav,25.08,0.0,30.0,beat_this
WMeW6IJJGLo.wav,25.44,0.0,30.0,beat_this
WMeW6IJJGLo.wav,25.8,0.0,30.0,beat_this
WMeW6IJJGLo.wav,26.14,0.0,30.0,beat_this
WMeW6IJJGLo.wav,26.5,0.0,30.0,beat_this
WMeW6IJJGLo.wav,26.86,0.0,30.0,beat_this
WMeW6IJJGLo.wav,27.24,0.0,30.0,beat_this
WMeW6IJJGLo.wav,27.58,0.0,30.0,beat_this
WMeW6IJJGLo.wav,27.94,0.0,30.0,beat_this
WMeW6IJJGLo.wav,28.3,0.0,30.0,beat_this
WMeW6IJJGLo.wav,28.66,0.0,30.0,beat_this
WMeW6IJJGLo.wav,29.0,0.0,30.0,beat_this
WMeW6IJJGLo.wav,29.38,0.0,30.0,beat_this
WMeW6IJJGLo.wav,29.72,0.0,30.0,beat_this
WXgaSUb0X-o.wav,0.34,0.0,30.0,beat_this
WXgaSUb0X-o.wav,1.0,0.0,30.0,beat_this
WXgaSUb0X-o.wav,1.68,0.0,30.0,beat_this
WXgaSUb0X-o.wav,2.34,0.0,30.0,beat_this
WXgaSUb0X-o.wav,3.0,0.0,30.0,beat_this
WXgaSUb0X-o.wav,3.68,0.0,30.0,beat_this
WXgaSUb0X-o.wav,4.34,0.0,30.0,beat_this
WXgaSUb0X-o.wav,5.0,0.0,30.0,beat_this
WXgaSUb0X-o.wav,5.68,0.0,30.0,beat_this
WXgaSUb0X-o.wav,6.34,0.0,30.0,beat_this
WXgaSUb0X-o.wav,7.0,0.0,30.0,beat_this
WXgaSUb0X-o.wav,7.68,0.0,30.0,beat_this
WXgaSUb0X-o.wav,8.34,0.0,30.0,beat_this
WXgaSUb0X-o.wav,9.02,0.0,30.0,beat_this
WXgaSUb0X-o.wav,9.68,0.0,30.0,beat_this
WXgaSUb0X-o.wav,10.34,0.0,30.0,beat_this
WXgaSUb0X-o.wav,11.02,0.0,30.0,beat_this
WXgaSUb0X-o.wav,11.68,0.0,30.0,beat_this
WXgaSUb0X-o.wav,12.34,0.0,30.0,beat_this
WXgaSUb0X-o.wav,13.02,0.0,30.0,beat_this
WXgaSUb0X-o.wav,13.68,0.0,30.0,beat_this
WXgaSUb0X-o.wav,14.34,0.0,30.0,beat_this
WXgaSUb0X-o.wav,15.02,0.0,30.0,beat_this
WXgaSUb0X-o.wav,15.7,0.0,30.0,beat_this
WXgaSUb0X-o.wav,16.36,0.0,30.0,beat_this
WXgaSUb0X-o.wav,17.02,0.0,30.0,beat_this
WXgaSUb0X-o.wav,17.68,0.0,30.0,beat_this
WXgaSUb0X-o.wav,18.34,0.0,30.0,beat_this
WXgaSUb0X-o.wav,19.02,0.0,30.0,beat_this
WXgaSUb0X-o.wav,19.68,0.0,30.0,beat_this
WXgaSUb0X-o.wav,20.34,0.0,30.0,beat_this
WXgaSUb0X-o.wav,21.02,0.0,30.0,beat_this
WXgaSUb0X-o.wav,21.68,0.0,30.0,beat_this
WXgaSUb0X-o.wav,22.36,0.0,30.0,beat_this
WXgaSUb0X-o.wav,23.02,0.0,30.0,beat_this
WXgaSUb0X-o.wav,23.68,0.0,30.0,beat_this
WXgaSUb0X-o.wav,24.34,0.0,30.0,beat_this
WXgaSUb0X-o.wav,25.02,0.0,30.0,beat_this
WXgaSUb0X-o.wav,25.68,0.0,30.0,beat_this
WXgaSUb0X-o.wav,26.34,0.0,30.0,beat_this
WXgaSUb0X-o.wav,27.02,0.0,30.0,beat_this
WXgaSUb0X-o.wav,27.68,0.0,30.0,beat_this
WXgaSUb0X-o.wav,28.34,0.0,30.0,beat_this
WXgaSUb0X-o.wav,29.02,0.0,30.0,beat_this
WXgaSUb0X-o.wav,29.68,0.0,30.0,beat_this
WuiBdljkU2E.wav,0.44,0.0,30.0,beat_this
WuiBdljkU2E.wav,1.06,0.0,30.0,beat_this
WuiBdljkU2E.wav,1.66,0.0,30.0,beat_this
WuiBdljkU2E.wav,2.28,0.0,30.0,beat_this
WuiBdljkU2E.wav,2.88,0.0,30.0,beat_this
WuiBdljkU2E.wav,3.48,0.0,30.0,beat_this
WuiBdljkU2E.wav,4.08,0.0,30.0,beat_this
WuiBdljkU2E.wav,4.68,0.0,30.0,beat_this
WuiBdljkU2E.wav,5.3,0.0,30.0,beat_this
WuiBdljkU2E.wav,5.88,0.0,30.0,beat_this
WuiBdljkU2E.wav,6.5,0.0,30.0,beat_this
WuiBdljkU2E.wav,7.12,0.0,30.0,beat_this
WuiBdljkU2E.wav,7.72,0.0,30.0,beat_this
WuiBdljkU2E.wav,8.32,0.0,30.0,beat_this
WuiBdljkU2E.wav,8.92,0.0,30.0,beat_this
WuiBdljkU2E.wav,9.54,0.0,30.0,beat_this
WuiBdljkU2E.wav,10.14,0.0,30.0,beat_this
WuiBdljkU2E.wav,10.76,0.0,30.0,beat_this
WuiBdljkU2E.wav,11.36,0.0,30.0,beat_this
WuiBdljkU2E.wav,11.96,0.0,30.0,beat_this
WuiBdljkU2E.wav,12.58,0.0,30.0,beat_this
WuiBdljkU2E.wav,13.18,0.0,30.0,beat_this
WuiBdljkU2E.wav,13.78,0.0,30.0,beat_this
WuiBdljkU2E.wav,14.38,0.0,30.0,beat_this
WuiBdljkU2E.wav,15.0,0.0,30.0,beat_this
WuiBdljkU2E.wav,15.6,0.0,30.0,beat_this
WuiBdljkU2E.wav,16.2,0.0,30.0,beat_this
WuiBdljkU2E.wav,16.82,0.0,30.0,beat_this
WuiBdljkU2E.wav,17.42,0.0,30.0,beat_this
WuiBdljkU2E.wav,18.04,0.0,30.0,beat_this
WuiBdljkU2E.wav,18.64,0.0,30.0,beat_this
WuiBdljkU2E.wav,19.24,0.0,30.0,beat_this
WuiBdljkU2E.wav,19.86,0.0,30.0,beat_this
WuiBdljkU2E.wav,20.44,0.0,30.0,beat_this
WuiBdljkU2E.wav,21.06,0.0,30.0,beat_this
WuiBdljkU2E.wav,21.66,0.0,30.0,beat_this
WuiBdljkU2E.wav,22.26,0.0,30.0,beat_this
WuiBdljkU2E.wav,22.86,0.0,30.0,beat_this
WuiBdljkU2E.wav,23.48,0.0,30.0,beat_this
WuiBdljkU2E.wav,24.08,0.0,30.0,beat_this
WuiBdljkU2E.wav,24.68,0.0,30.0,beat_this
WuiBdljkU2E.wav,25.3,0.0,30.0,beat_this
WuiBdljkU2E.wav,25.88,0.0,30.0,beat_this
WuiBdljkU2E.wav,26.5,0.0,30.0,beat_this
WuiBdljkU2E.wav,27.12,0.0,30.0,beat_this
WuiBdljkU2E.wav,27.72,0.0,30.0,beat_this
WuiBdljkU2E.wav,28.32,0.0,30.0,beat_this
WuiBdljkU2E.wav,28.94,0.0,30.0,beat_this
WuiBdljkU2E.wav,29.54,0.0,30.0,beat_this
XLFAH6gkfb4.wav,0.0,0.0,30.0,beat_this
XLFAH6gkfb4.wav,0.32,0.0,30.0,beat_this
XLFAH6gkfb4.wav,0.66,0.0,30.0,beat_this
XLFAH6gkfb4.wav,1.02,0.0,30.0,beat_this
XLFAH6gkfb4.wav,1.36,0.0,30.0,beat_this
XLFAH6gkfb4.wav,1.72,0.0,30.0,beat_this
XLFAH6gkfb4.wav,2.06,0.0,30.0,beat_this
XLFAH6gkfb4.wav,2.42,0.0,30.0,beat_this
XLFAH6gkfb4.wav,2.76,0.0,30.0,beat_this
XLFAH6gkfb4.wav,3.12,0.0,30.0,beat_this
XLFAH6gkfb4.wav,3.44,0.0,30.0,beat_this
XLFAH6gkfb4.wav,3.78,0.0,30.0,beat_this
XLFAH6gkfb4.wav,4.14,0.0,30.0,beat_this
XLFAH6gkfb4.wav,4.48,0.0,30.0,beat_this
XLFAH6gkfb4.wav,4.84,0.0,30.0,beat_this
XLFAH6gkfb4.wav,5.18,0.0,30.0,beat_this
XLFAH6gkfb4.wav,5.54,0.0,30.0,beat_this
XLFAH6gkfb4.wav,5.88,0.0,30.0,beat_this
XLFAH6gkfb4.wav,6.24,0.0,30.0,beat_this
XLFAH6gkfb4.wav,6.58,0.0,30.0,beat_this
XLFAH6gkfb4.wav,6.92,0.0,30.0,beat_this
XLFAH6gkfb4.wav,7.26,0.0,30.0,beat_this
XLFAH6gkfb4.wav,7.62,0.0,30.0,beat_this
XLFAH6gkfb4.wav,7.96,0.0,30.0,beat_this
XLFAH6gkfb4.wav,8.3,0.0,30.0,beat_this
XLFAH6gkfb4.wav,8.64,0.0,30.0,beat_this
XLFAH6gkfb4.wav,9.0,0.0,30.0,beat_this
XLFAH6gkfb4.wav,9.36,0.0,30.0,beat_this
XLFAH6gkfb4.wav,9.72,0.0,30.0,beat_this
XLFAH6gkfb4.wav,10.06,0.0,30.0,beat_this
XLFAH6gkfb4.wav,10.42,0.0,30.0,beat_this
XLFAH6gkfb4.wav,10.74,0.0,30.0,beat_this
XLFAH6gkfb4.wav,11.12,0.0,30.0,beat_this
XLFAH6gkfb4.wav,11.44,0.0,30.0,beat_this
XLFAH6gkfb4.wav,11.8,0.0,30.0,beat_this
XLFAH6gkfb4.wav,11.98,0.0,30.0,beat_this
XLFAH6gkfb4.wav,12.14,0.0,30.0,beat_this
XLFAH6gkfb4.wav,12.66,0.0,30.0,beat_this
XLFAH6gkfb4.wav,12.8,0.0,30.0,beat_this
XLFAH6gkfb4.wav,13.36,0.0,30.0,beat_this
XLFAH6gkfb4.wav,13.52,0.0,30.0,beat_this
XLFAH6gkfb4.wav,14.04,0.0,30.0,beat_this
XLFAH6gkfb4.wav,14.22,0.0,30.0,beat_this
XLFAH6gkfb4.wav,14.76,0.0,30.0,beat_this
XLFAH6gkfb4.wav,14.92,0.0,30.0,beat_this
XLFAH6gkfb4.wav,15.46,0.0,30.0,beat_this
XLFAH6gkfb4.wav,15.6,0.0,30.0,beat_this
XLFAH6gkfb4.wav,16.3,0.0,30.0,beat_this
XLFAH6gkfb4.wav,17.0,0.0,30.0,beat_this
XLFAH6gkfb4.wav,17.38,0.0,30.0,beat_this
XLFAH6gkfb4.wav,17.7,0.0,30.0,beat_this
XLFAH6gkfb4.wav,18.04,0.0,30.0,beat_this
XLFAH6gkfb4.wav,18.4,0.0,30.0,beat_this
XLFAH6gkfb4.wav,18.74,0.0,30.0,beat_this
XLFAH6gkfb4.wav,19.1,0.0,30.0,beat_this
XLFAH6gkfb4.wav,19.44,0.0,30.0,beat_this
XLFAH6gkfb4.wav,19.8,0.0,30.0,beat_this
XLFAH6gkfb4.wav,20.14,0.0,30.0,beat_this
XLFAH6gkfb4.wav,20.5,0.0,30.0,beat_this
XLFAH6gkfb4.wav,20.84,0.0,30.0,beat_this
XLFAH6gkfb4.wav,21.18,0.0,30.0,beat_this
XLFAH6gkfb4.wav,21.9,0.0,30.0,beat_this
XLFAH6gkfb4.wav,22.24,0.0,30.0,beat_this
XLFAH6gkfb4.wav,22.58,0.0,30.0,beat_this
XLFAH6gkfb4.wav,22.94,0.0,30.0,beat_this
XLFAH6gkfb4.wav,23.26,0.0,30.0,beat_this
XLFAH6gkfb4.wav,23.96,0.0,30.0,beat_this
XLFAH6gkfb4.wav,24.66,0.0,30.0,beat_this
XLFAH6gkfb4.wav,25.36,0.0,30.0,beat_this
XLFAH6gkfb4.wav,25.72,0.0,30.0,beat_this
XLFAH6gkfb4.wav,26.06,0.0,30.0,beat_this
XLFAH6gkfb4.wav,26.4,0.0,30.0,beat_this
XLFAH6gkfb4.wav,26.74,0.0,30.0,beat_this
XLFAH6gkfb4.wav,27.1,0.0,30.0,beat_this
XLFAH6gkfb4.wav,27.44,0.0,30.0,beat_this
XLFAH6gkfb4.wav,27.8,0.0,30.0,beat_this
XLFAH6gkfb4.wav,28.14,0.0,30.0,beat_this
XLFAH6gkfb4.wav,28.48,0.0,30.0,beat_this
XLFAH6gkfb4.wav,28.8,0.0,30.0,beat_this
XLFAH6gkfb4.wav,29.18,0.0,30.0,beat_this
XLFAH6gkfb4.wav,29.48,0.0,30.0,beat_this
XLFAH6gkfb4.wav,29.86,0.0,30.0,beat_this
YO-JGE1c8hE.wav,0.02,0.0,30.0,beat_this
YO-JGE1c8hE.wav,0.86,0.0,30.0,beat_this
YO-JGE1c8hE.wav,1.7,0.0,30.0,beat_this
YO-JGE1c8hE.wav,2.56,0.0,30.0,beat_this
YO-JGE1c8hE.wav,3.4,0.0,30.0,beat_this
YO-JGE1c8hE.wav,4.24,0.0,30.0,beat_this
YO-JGE1c8hE.wav,5.1,0.0,30.0,beat_this
YO-JGE1c8hE.wav,5.94,0.0,30.0,beat_this
YO-JGE1c8hE.wav,6.78,0.0,30.0,beat_this
YO-JGE1c8hE.wav,7.64,0.0,30.0,beat_this
YO-JGE1c8hE.wav,8.46,0.0,30.0,beat_this
YO-JGE1c8hE.wav,9.32,0.0,30.0,beat_this
YO-JGE1c8hE.wav,10.16,0.0,30.0,beat_this
YO-JGE1c8hE.wav,11.0,0.0,30.0,beat_this
YO-JGE1c8hE.wav,11.86,0.0,30.0,beat_this
YO-JGE1c8hE.wav,12.72,0.0,30.0,beat_this
YO-JGE1c8hE.wav,13.54,0.0,30.0,beat_this
YO-JGE1c8hE.wav,14.38,0.0,30.0,beat_this
YO-JGE1c8hE.wav,15.22,0.0,30.0,beat_this
YO-JGE1c8hE.wav,16.08,0.0,30.0,beat_this
YO-JGE1c8hE.wav,16.92,0.0,30.0,beat_this
YO-JGE1c8hE.wav,17.78,0.0,30.0,beat_this
YO-JGE1c8hE.wav,18.64,0.0,30.0,beat_this
YO-JGE1c8hE.wav,19.48,0.0,30.0,beat_this
YO-JGE1c8hE.wav,20.3,0.0,30.0,beat_this
YO-JGE1c8hE.wav,21.14,0.0,30.0,beat_this
YO-JGE1c8hE.wav,21.98,0.0,30.0,beat_this
YO-JGE1c8hE.wav,22.84,0.0,30.0,beat_this
YO-JGE1c8hE.wav,23.68,0.0,30.0,beat_this
YO-JGE1c8hE.wav,24.54,0.0,30.0,beat_this
YO-JGE1c8hE.wav,25.4,0.0,30.0,beat_this
YO-JGE1c8hE.wav,26.24,0.0,30.0,beat_this
YO-JGE1c8hE.wav,27.06,0.0,30.0,beat_this
YO-JGE1c8hE.wav,27.9,0.0,30.0,beat_this
YO-JGE1c8hE.wav,28.74,0.0,30.0,beat_this
YO-JGE1c8hE.wav,29.56,0.0,30.0,beat_this
YbdoCyC9r4E.wav,0.18,0.0,30.0,beat_this
YbdoCyC9r4E.wav,1.06,0.0,30.0,beat_this
YbdoCyC9r4E.wav,1.9,0.0,30.0,beat_this
YbdoCyC9r4E.wav,2.78,0.0,30.0,beat_this
YbdoCyC9r4E.wav,3.62,0.0,30.0,beat_this
YbdoCyC9r4E.wav,4.5,0.0,30.0,beat_this
YbdoCyC9r4E.wav,5.32,0.0,30.0,beat_this
YbdoCyC9r4E.wav,6.2,0.0,30.0,beat_this
YbdoCyC9r4E.wav,7.06,0.0,30.0,beat_this
YbdoCyC9r4E.wav,7.92,0.0,30.0,beat_this
YbdoCyC9r4E.wav,8.76,0.0,30.0,beat_this
YbdoCyC9r4E.wav,9.64,0.0,30.0,beat_this
YbdoCyC9r4E.wav,10.48,0.0,30.0,beat_this
YbdoCyC9r4E.wav,11.34,0.0,30.0,beat_this
YbdoCyC9r4E.wav,12.18,0.0,30.0,beat_this
YbdoCyC9r4E.wav,13.06,0.0,30.0,beat_this
YbdoCyC9r4E.wav,13.9,0.0,30.0,beat_this
YbdoCyC9r4E.wav,14.76,0.0,30.0,beat_this
YbdoCyC9r4E.wav,15.6,0.0,30.0,beat_this
YbdoCyC9r4E.wav,16.48,0.0,30.0,beat_this
YbdoCyC9r4E.wav,17.34,0.0,30.0,beat_this
YbdoCyC9r4E.wav,18.2,0.0,30.0,beat_this
YbdoCyC9r4E.wav,19.04,0.0,30.0,beat_this
YbdoCyC9r4E.wav,19.88,0.0,30.0,beat_this
YbdoCyC9r4E.wav,20.74,0.0,30.0,beat_this
YbdoCyC9r4E.wav,21.62,0.0,30.0,beat_this
YbdoCyC9r4E.wav,22.48,0.0,30.0,beat_this
YbdoCyC9r4E.wav,23.32,0.0,30.0,beat_this
YbdoCyC9r4E.wav,24.18,0.0,30.0,beat_this
YbdoCyC9r4E.wav,25.06,0.0,30.0,beat_this
YbdoCyC9r4E.wav,25.9,0.0,30.0,beat_this
YbdoCyC9r4E.wav,26.76,0.0,30.0,beat_this
YbdoCyC9r4E.wav,27.62,0.0,30.0,beat_this
YbdoCyC9r4E.wav,28.48,0.0,30.0,beat_this
YbdoCyC9r4E.wav,29.34,0.0,30.0,beat_this
YmpqEe8jKlU.wav,0.32,0.0,30.0,beat_this
YmpqEe8jKlU.wav,0.86,0.0,30.0,beat_this
YmpqEe8jKlU.wav,1.46,0.0,30.0,beat_this
YmpqEe8jKlU.wav,2.06,0.0,30.0,beat_this
YmpqEe8jKlU.wav,2.62,0.0,30.0,beat_this
YmpqEe8jKlU.wav,3.2,0.0,30.0,beat_this
YmpqEe8jKlU.wav,3.78,0.0,30.0,beat_this
YmpqEe8jKlU.wav,4.34,0.0,30.0,beat_this
YmpqEe8jKlU.wav,4.9,0.0,30.0,beat_this
YmpqEe8jKlU.wav,5.46,0.0,30.0,beat_this
YmpqEe8jKlU.wav,6.04,0.0,30.0,beat_this
YmpqEe8jKlU.wav,6.62,0.0,30.0,beat_this
YmpqEe8jKlU.wav,7.2,0.0,30.0,beat_this
YmpqEe8jKlU.wav,7.78,0.0,30.0,beat_this
YmpqEe8jKlU.wav,8.34,0.0,30.0,beat_this
YmpqEe8jKlU.wav,8.92,0.0,30.0,beat_this
YmpqEe8jKlU.wav,9.48,0.0,30.0,beat_this
YmpqEe8jKlU.wav,10.06,0.0,30.0,beat_this
YmpqEe8jKlU.wav,10.62,0.0,30.0,beat_this
YmpqEe8jKlU.wav,11.2,0.0,30.0,beat_this
YmpqEe8jKlU.wav,11.78,0.0,30.0,beat_this
YmpqEe8jKlU.wav,12.34,0.0,30.0,beat_this
YmpqEe8jKlU.wav,12.92,0.0,30.0,beat_this
YmpqEe8jKlU.wav,13.48,0.0,30.0,beat_this
YmpqEe8jKlU.wav,14.06,0.0,30.0,beat_this
YmpqEe8jKlU.wav,14.62,0.0,30.0,beat_this
YmpqEe8jKlU.wav,15.2,0.0,30.0,beat_this
YmpqEe8jKlU.wav,15.78,0.0,30.0,beat_this
YmpqEe8jKlU.wav,16.34,0.0,30.0,beat_this
YmpqEe8jKlU.wav,16.92,0.0,30.0,beat_this
YmpqEe8jKlU.wav,17.5,0.0,30.0,beat_this
YmpqEe8jKlU.wav,18.06,0.0,30.0,beat_this
YmpqEe8jKlU.wav,18.64,0.0,30.0,beat_this
YmpqEe8jKlU.wav,19.2,0.0,30.0,beat_this
YmpqEe8jKlU.wav,19.78,0.0,30.0,beat_this
YmpqEe8jKlU.wav,20.36,0.0,30.0,beat_this
YmpqEe8jKlU.wav,20.92,0.0,30.0,beat_this
YmpqEe8jKlU.wav,21.5,0.0,30.0,beat_this
YmpqEe8jKlU.wav,22.06,0.0,30.0,beat_this
YmpqEe8jKlU.wav,22.64,0.0,30.0,beat_this
YmpqEe8jKlU.wav,23.22,0.0,30.0,beat_this
YmpqEe8jKlU.wav,23.78,0.0,30.0,beat_this
YmpqEe8jKlU.wav,24.36,0.0,30.0,beat_this
YmpqEe8jKlU.wav,24.92,0.0,30.0,beat_this
YmpqEe8jKlU.wav,25.48,0.0,30.0,beat_this
YmpqEe8jKlU.wav,26.06,0.0,30.0,beat_this
YmpqEe8jKlU.wav,26.64,0.0,30.0,beat_this
YmpqEe8jKlU.wav,27.2,0.0,30.0,beat_this
YmpqEe8jKlU.wav,27.78,0.0,30.0,beat_this
YmpqEe8jKlU.wav,28.34,0.0,30.0,beat_this
YmpqEe8jKlU.wav,28.92,0.0,30.0,beat_this
YmpqEe8jKlU.wav,29.48,0.0,30.0,beat_this
YoD4qPd6ntA.wav,0.02,0.0,30.0,beat_this
YoD4qPd6ntA.wav,2.88,0.0,30.0,beat_this
YoD4qPd6ntA.wav,15.74,0.0,30.0,beat_this
YoD4qPd6ntA.wav,16.46,0.0,30.0,beat_this
YoD4qPd6ntA.wav,17.18,0.0,30.0,beat_this
YoD4qPd6ntA.wav,17.9,0.0,30.0,beat_this
YoD4qPd6ntA.wav,18.64,0.0,30.0,beat_this
YoD4qPd6ntA.wav,19.36,0.0,30.0,beat_this
YoD4qPd6ntA.wav,20.08,0.0,30.0,beat_this
YoD4qPd6ntA.wav,20.76,0.0,30.0,beat_this
YoD4qPd6ntA.wav,21.48,0.0,30.0,beat_this
YoD4qPd6ntA.wav,22.2,0.0,30.0,beat_this
YoD4qPd6ntA.wav,22.9,0.0,30.0,beat_this
YoD4qPd6ntA.wav,23.62,0.0,30.0,beat_this
YoD4qPd6ntA.wav,24.34,0.0,30.0,beat_this
YoD4qPd6ntA.wav,25.04,0.0,30.0,beat_this
YoD4qPd6ntA.wav,25.78,0.0,30.0,beat_this
YoD4qPd6ntA.wav,26.46,0.0,30.0,beat_this
YoD4qPd6ntA.wav,27.18,0.0,30.0,beat_this
YoD4qPd6ntA.wav,27.88,0.0,30.0,beat_this
YoD4qPd6ntA.wav,28.6,0.0,30.0,beat_this
YoD4qPd6ntA.wav,29.34,0.0,30.0,beat_this
YoD4qPd6ntA.wav,30.0,0.0,30.0,beat_this
Yxj0QTk4gko.wav,0.44,0.0,30.0,beat_this
Yxj0QTk4gko.wav,0.98,0.0,30.0,beat_this
Yxj0QTk4gko.wav,1.5,0.0,30.0,beat_this
Yxj0QTk4gko.wav,2.02,0.0,30.0,beat_this
Yxj0QTk4gko.wav,2.54,0.0,30.0,beat_this
Yxj0QTk4gko.wav,3.08,0.0,30.0,beat_this
Yxj0QTk4gko.wav,3.6,0.0,30.0,beat_this
Yxj0QTk4gko.wav,4.12,0.0,30.0,beat_this
Yxj0QTk4gko.wav,4.64,0.0,30.0,beat_this
Yxj0QTk4gko.wav,5.16,0.0,30.0,beat_this
Yxj0QTk4gko.wav,5.68,0.0,30.0,beat_this
Yxj0QTk4gko.wav,6.18,0.0,30.0,beat_this
Yxj0QTk4gko.wav,6.74,0.0,30.0,beat_this
Yxj0QTk4gko.wav,7.3,0.0,30.0,beat_this
Yxj0QTk4gko.wav,7.82,0.0,30.0,beat_this
Yxj0QTk4gko.wav,8.34,0.0,30.0,beat_this
Yxj0QTk4gko.wav,8.86,0.0,30.0,beat_this
Yxj0QTk4gko.wav,9.38,0.0,30.0,beat_this
Yxj0QTk4gko.wav,9.88,0.0,30.0,beat_this
Yxj0QTk4gko.wav,10.44,0.0,30.0,beat_this
Yxj0QTk4gko.wav,10.94,0.0,30.0,beat_this
Yxj0QTk4gko.wav,11.5,0.0,30.0,beat_this
Yxj0QTk4gko.wav,12.02,0.0,30.0,beat_this
Yxj0QTk4gko.wav,12.54,0.0,30.0,beat_this
Yxj0QTk4gko.wav,13.06,0.0,30.0,beat_this
Yxj0QTk4gko.wav,13.6,0.0,30.0,beat_this
Yxj0QTk4gko.wav,14.12,0.0,30.0,beat_this
Yxj0QTk4gko.wav,14.64,0.0,30.0,beat_this
Yxj0QTk4gko.wav,15.18,0.0,30.0,beat_this
Yxj0QTk4gko.wav,15.7,0.0,30.0,beat_this
Yxj0QTk4gko.wav,16.22,0.0,30.0,beat_this
Yxj0QTk4gko.wav,16.76,0.0,30.0,beat_this
Yxj0QTk4gko.wav,17.28,0.0,30.0,beat_this
Yxj0QTk4gko.wav,17.8,0.0,30.0,beat_this
Yxj0QTk4gko.wav,18.34,0.0,30.0,beat_this
Yxj0QTk4gko.wav,18.86,0.0,30.0,beat_this
Yxj0QTk4gko.wav,19.38,0.0,30.0,beat_this
Yxj0QTk4gko.wav,19.92,0.0,30.0,beat_this
Yxj0QTk4gko.wav,20.44,0.0,30.0,beat_this
Yxj0QTk4gko.wav,20.98,0.0,30.0,beat_this
Yxj0QTk4gko.wav,21.5,0.0,30.0,beat_this
Yxj0QTk4gko.wav,22.02,0.0,30.0,beat_this
Yxj0QTk4gko.wav,22.54,0.0,30.0,beat_this
Yxj0QTk4gko.wav,23.08,0.0,30.0,beat_this
Yxj0QTk4gko.wav,23.6,0.0,30.0,beat_this
Yxj0QTk4gko.wav,24.14,0.0,30.0,beat_this
Yxj0QTk4gko.wav,24.64,0.0,30.0,beat_this
Yxj0QTk4gko.wav,25.18,0.0,30.0,beat_this
Yxj0QTk4gko.wav,25.7,0.0,30.0,beat_this
Yxj0QTk4gko.wav,26.24,0.0,30.0,beat_this
Yxj0QTk4gko.wav,26.76,0.0,30.0,beat_this
Yxj0QTk4gko.wav,27.28,0.0,30.0,beat_this
Yxj0QTk4gko.wav,27.82,0.0,30.0,beat_this
Yxj0QTk4gko.wav,28.36,0.0,30.0,beat_this
Yxj0QTk4gko.wav,28.86,0.0,30.0,beat_this
Yxj0QTk4gko.wav,29.4,0.0,30.0,beat_this
Yxj0QTk4gko.wav,29.92,0.0,30.0,beat_this
ZLgU_h1V6DA.wav,0.34,0.0,30.0,beat_this
ZLgU_h1V6DA.wav,0.94,0.0,30.0,beat_this
ZLgU_h1V6DA.wav,1.52,0.0,30.0,beat_this
ZLgU_h1V6DA.wav,2.1,0.0,30.0,beat_this
ZLgU_h1V6DA.wav,2.66,0.0,30.0,beat_this
ZLgU_h1V6DA.wav,3.24,0.0,30.0,beat_this
ZLgU_h1V6DA.wav,3.82,0.0,30.0,beat_this
ZLgU_h1V6DA.wav,4.4,0.0,30.0,beat_this
ZLgU_h1V6DA.wav,4.98,0.0,30.0,beat_this
ZLgU_h1V6DA.wav,5.56,0.0,30.0,beat_this
ZLgU_h1V6DA.wav,6.14,0.0,30.0,beat_this
ZLgU_h1V6DA.wav,6.7,0.0,30.0,beat_this
ZLgU_h1V6DA.wav,7.28,0.0,30.0,beat_this
ZLgU_h1V6DA.wav,7.86,0.0,30.0,beat_this
ZLgU_h1V6DA.wav,8.44,0.0,30.0,beat_this
ZLgU_h1V6DA.wav,9.02,0.0,30.0,beat_this
ZLgU_h1V6DA.wav,9.6,0.0,30.0,beat_this
ZLgU_h1V6DA.wav,10.16,0.0,30.0,beat_this
ZLgU_h1V6DA.wav,10.76,0.0,30.0,beat_this
ZLgU_h1V6DA.wav,11.32,0.0,30.0,beat_this
ZLgU_h1V6DA.wav,11.9,0.0,30.0,beat_this
ZLgU_h1V6DA.wav,12.48,0.0,30.0,beat_this
ZLgU_h1V6DA.wav,13.06,0.0,30.0,beat_this
ZLgU_h1V6DA.wav,13.64,0.0,30.0,beat_this
ZLgU_h1V6DA.wav,14.22,0.0,30.0,beat_this
ZLgU_h1V6DA.wav,14.8,0.0,30.0,beat_this
ZLgU_h1V6DA.wav,15.38,0.0,30.0,beat_this
ZLgU_h1V6DA.wav,15.96,0.0,30.0,beat_this
ZLgU_h1V6DA.wav,16.52,0.0,30.0,beat_this
ZLgU_h1V6DA.wav,17.1,0.0,30.0,beat_this
ZLgU_h1V6DA.wav,17.68,0.0,30.0,beat_this
ZLgU_h1V6DA.wav,18.26,0.0,30.0,beat_this
ZLgU_h1V6DA.wav,18.82,0.0,30.0,beat_this
ZLgU_h1V6DA.wav,19.4,0.0,30.0,beat_this
ZLgU_h1V6DA.wav,19.98,0.0,30.0,beat_this
ZLgU_h1V6DA.wav,20.56,0.0,30.0,beat_this
ZLgU_h1V6DA.wav,21.14,0.0,30.0,beat_this
ZLgU_h1V6DA.wav,21.72,0.0,30.0,beat_this
ZLgU_h1V6DA.wav,22.3,0.0,30.0,beat_this
ZLgU_h1V6DA.wav,22.86,0.0,30.0,beat_this
ZLgU_h1V6DA.wav,23.44,0.0,30.0,beat_this
ZLgU_h1V6DA.wav,24.02,0.0,30.0,beat_this
ZLgU_h1V6DA.wav,24.6,0.0,30.0,beat_this
ZLgU_h1V6DA.wav,25.18,0.0,30.0,beat_this
ZLgU_h1V6DA.wav,25.74,0.0,30.0,beat_this
ZLgU_h1V6DA.wav,26.32,0.0,30.0,beat_this
ZLgU_h1V6DA.wav,26.9,0.0,30.0,beat_this
ZLgU_h1V6DA.wav,27.48,0.0,30.0,beat_this
ZLgU_h1V6DA.wav,28.06,0.0,30.0,beat_this
ZLgU_h1V6DA.wav,28.64,0.0,30.0,beat_this
ZLgU_h1V6DA.wav,29.22,0.0,30.0,beat_this
ZLgU_h1V6DA.wav,29.8,0.0,30.0,beat_this
ZYE7UJSA7k0.wav,0.42,0.0,30.0,beat_this
ZYE7UJSA7k0.wav,0.94,0.0,30.0,beat_this
ZYE7UJSA7k0.wav,1.46,0.0,30.0,beat_this
ZYE7UJSA7k0.wav,1.98,0.0,30.0,beat_this
ZYE7UJSA7k0.wav,2.52,0.0,30.0,beat_this
ZYE7UJSA7k0.wav,3.02,0.0,30.0,beat_this
ZYE7UJSA7k0.wav,3.54,0.0,30.0,beat_this
ZYE7UJSA7k0.wav,4.06,0.0,30.0,beat_this
ZYE7UJSA7k0.wav,4.58,0.0,30.0,beat_this
ZYE7UJSA7k0.wav,5.08,0.0,30.0,beat_this
ZYE7UJSA7k0.wav,5.6,0.0,30.0,beat_this
ZYE7UJSA7k0.wav,6.14,0.0,30.0,beat_this
ZYE7UJSA7k0.wav,6.68,0.0,30.0,beat_this
ZYE7UJSA7k0.wav,7.2,0.0,30.0,beat_this
ZYE7UJSA7k0.wav,7.7,0.0,30.0,beat_this
ZYE7UJSA7k0.wav,8.24,0.0,30.0,beat_this
ZYE7UJSA7k0.wav,8.74,0.0,30.0,beat_this
ZYE7UJSA7k0.wav,9.26,0.0,30.0,beat_this
ZYE7UJSA7k0.wav,9.78,0.0,30.0,beat_this
ZYE7UJSA7k0.wav,10.3,0.0,30.0,beat_this
ZYE7UJSA7k0.wav,10.84,0.0,30.0,beat_this
ZYE7UJSA7k0.wav,11.34,0.0,30.0,beat_this
ZYE7UJSA7k0.wav,11.86,0.0,30.0,beat_this
ZYE7UJSA7k0.wav,12.38,0.0,30.0,beat_this
ZYE7UJSA7k0.wav,12.9,0.0,30.0,beat_this
ZYE7UJSA7k0.wav,13.4,0.0,30.0,beat_this
ZYE7UJSA7k0.wav,13.92,0.0,30.0,beat_this
ZYE7UJSA7k0.wav,14.44,0.0,30.0,beat_this
ZYE7UJSA7k0.wav,14.96,0.0,30.0,beat_this
ZYE7UJSA7k0.wav,15.48,0.0,30.0,beat_this
ZYE7UJSA7k0.wav,16.0,0.0,30.0,beat_this
ZYE7UJSA7k0.wav,16.52,0.0,30.0,beat_this
ZYE7UJSA7k0.wav,17.04,0.0,30.0,beat_this
ZYE7UJSA7k0.wav,17.56,0.0,30.0,beat_this
ZYE7UJSA7k0.wav,18.08,0.0,30.0,beat_this
ZYE7UJSA7k0.wav,18.6,0.0,30.0,beat_this
ZYE7UJSA7k0.wav,19.14,0.0,30.0,beat_this
ZYE7UJSA7k0.wav,19.66,0.0,30.0,beat_this
ZYE7UJSA7k0.wav,20.16,0.0,30.0,beat_this
ZYE7UJSA7k0.wav,20.68,0.0,30.0,beat_this
ZYE7UJSA7k0.wav,21.2,0.0,30.0,beat_this
ZYE7UJSA7k0.wav,21.7,0.0,30.0,beat_this
ZYE7UJSA7k0.wav,22.22,0.0,30.0,beat_this
ZYE7UJSA7k0.wav,22.76,0.0,30.0,beat_this
ZYE7UJSA7k0.wav,23.28,0.0,30.0,beat_this
ZYE7UJSA7k0.wav,23.78,0.0,30.0,beat_this
ZYE7UJSA7k0.wav,24.3,0.0,30.0,beat_this
ZYE7UJSA7k0.wav,24.84,0.0,30.0,beat_this
ZYE7UJSA7k0.wav,25.34,0.0,30.0,beat_this
ZYE7UJSA7k0.wav,25.88,0.0,30.0,beat_this
ZYE7UJSA7k0.wav,26.38,0.0,30.0,beat_this
ZYE7UJSA7k0.wav,26.9,0.0,30.0,beat_this
ZYE7UJSA7k0.wav,27.44,0.0,30.0,beat_this
ZYE7UJSA7k0.wav,27.96,0.0,30.0,beat_this
ZYE7UJSA7k0.wav,28.46,0.0,30.0,beat_this
ZYE7UJSA7k0.wav,28.98,0.0,30.0,beat_this
ZYE7UJSA7k0.wav,29.5,0.0,30.0,beat_this
ZYE7UJSA7k0.wav,30.0,0.0,30.0,beat_this
Z_czLm560A4.wav,0.28,0.0,30.0,beat_this
Z_czLm560A4.wav,0.74,0.0,30.0,beat_this
Z_czLm560A4.wav,1.2,0.0,30.0,beat_this
Z_czLm560A4.wav,1.66,0.0,30.0,beat_this
Z_czLm560A4.wav,2.12,0.0,30.0,beat_this
Z_czLm560A4.wav,2.56,0.0,30.0,beat_this
Z_czLm560A4.wav,3.02,0.0,30.0,beat_this
Z_czLm560A4.wav,3.48,0.0,30.0,beat_this
Z_czLm560A4.wav,3.94,0.0,30.0,beat_this
Z_czLm560A4.wav,4.38,0.0,30.0,beat_this
Z_czLm560A4.wav,4.84,0.0,30.0,beat_this
Z_czLm560A4.wav,5.3,0.0,30.0,beat_this
Z_czLm560A4.wav,5.74,0.0,30.0,beat_this
Z_czLm560A4.wav,6.2,0.0,30.0,beat_this
Z_czLm560A4.wav,6.66,0.0,30.0,beat_this
Z_czLm560A4.wav,7.12,0.0,30.0,beat_this
Z_czLm560A4.wav,7.58,0.0,30.0,beat_this
Z_czLm560A4.wav,8.02,0.0,30.0,beat_this
Z_czLm560A4.wav,8.46,0.0,30.0,beat_this
Z_czLm560A4.wav,8.92,0.0,30.0,beat_this
Z_czLm560A4.wav,9.38,0.0,30.0,beat_this
Z_czLm560A4.wav,9.84,0.0,30.0,beat_this
Z_czLm560A4.wav,10.3,0.0,30.0,beat_this
Z_czLm560A4.wav,10.76,0.0,30.0,beat_this
Z_czLm560A4.wav,11.2,0.0,30.0,beat_this
Z_czLm560A4.wav,11.66,0.0,30.0,beat_this
Z_czLm560A4.wav,12.12,0.0,30.0,beat_this
Z_czLm560A4.wav,12.56,0.0,30.0,beat_this
Z_czLm560A4.wav,13.02,0.0,30.0,beat_this
Z_czLm560A4.wav,13.48,0.0,30.0,beat_this
Z_czLm560A4.wav,13.94,0.0,30.0,beat_this
Z_czLm560A4.wav,14.38,0.0,30.0,beat_this
Z_czLm560A4.wav,14.84,0.0,30.0,beat_this
Z_czLm560A4.wav,15.3,0.0,30.0,beat_this
Z_czLm560A4.wav,15.76,0.0,30.0,beat_this
Z_czLm560A4.wav,16.2,0.0,30.0,beat_this
Z_czLm560A4.wav,16.66,0.0,30.0,beat_this
Z_czLm560A4.wav,17.1,0.0,30.0,beat_this
Z_czLm560A4.wav,17.58,0.0,30.0,beat_this
Z_czLm560A4.wav,18.02,0.0,30.0,beat_this
Z_czLm560A4.wav,18.46,0.0,30.0,beat_this
Z_czLm560A4.wav,18.94,0.0,30.0,beat_this
Z_czLm560A4.wav,19.38,0.0,30.0,beat_this
Z_czLm560A4.wav,19.84,0.0,30.0,beat_this
Z_czLm560A4.wav,20.3,0.0,30.0,beat_this
Z_czLm560A4.wav,20.74,0.0,30.0,beat_this
Z_czLm560A4.wav,21.2,0.0,30.0,beat_this
Z_czLm560A4.wav,21.66,0.0,30.0,beat_this
Z_czLm560A4.wav,22.1,0.0,30.0,beat_this
Z_czLm560A4.wav,22.56,0.0,30.0,beat_this
Z_czLm560A4.wav,23.02,0.0,30.0,beat_this
Z_czLm560A4.wav,23.48,0.0,30.0,beat_this
Z_czLm560A4.wav,23.94,0.0,30.0,beat_this
Z_czLm560A4.wav,24.4,0.0,30.0,beat_this
Z_czLm560A4.wav,24.84,0.0,30.0,beat_this
Z_czLm560A4.wav,25.3,0.0,30.0,beat_this
Z_czLm560A4.wav,25.76,0.0,30.0,beat_this
Z_czLm560A4.wav,26.22,0.0,30.0,beat_this
Z_czLm560A4.wav,26.66,0.0,30.0,beat_this
Z_czLm560A4.wav,27.12,0.0,30.0,beat_this
Z_czLm560A4.wav,27.56,0.0,30.0,beat_this
Z_czLm560A4.wav,28.02,0.0,30.0,beat_this
Z_czLm560A4.wav,28.48,0.0,30.0,beat_this
Z_czLm560A4.wav,28.94,0.0,30.0,beat_this
Z_czLm560A4.wav,29.38,0.0,30.0,beat_this
Z_czLm560A4.wav,29.84,0.0,30.0,beat_this
Zd_VDxlEZP8.wav,0.32,0.0,30.0,beat_this
Zd_VDxlEZP8.wav,0.88,0.0,30.0,beat_this
Zd_VDxlEZP8.wav,1.42,0.0,30.0,beat_this
Zd_VDxlEZP8.wav,1.94,0.0,30.0,beat_this
Zd_VDxlEZP8.wav,2.5,0.0,30.0,beat_this
Zd_VDxlEZP8.wav,3.04,0.0,30.0,beat_this
Zd_VDxlEZP8.wav,3.58,0.0,30.0,beat_this
Zd_VDxlEZP8.wav,4.12,0.0,30.0,beat_this
Zd_VDxlEZP8.wav,4.66,0.0,30.0,beat_this
Zd_VDxlEZP8.wav,5.2,0.0,30.0,beat_this
Zd_VDxlEZP8.wav,5.74,0.0,30.0,beat_this
Zd_VDxlEZP8.wav,6.26,0.0,30.0,beat_this
Zd_VDxlEZP8.wav,6.8,0.0,30.0,beat_this
Zd_VDxlEZP8.wav,7.34,0.0,30.0,beat_this
Zd_VDxlEZP8.wav,7.9,0.0,30.0,beat_this
Zd_VDxlEZP8.wav,8.44,0.0,30.0,beat_this
Zd_VDxlEZP8.wav,8.98,0.0,30.0,beat_this
Zd_VDxlEZP8.wav,9.52,0.0,30.0,beat_this
Zd_VDxlEZP8.wav,10.06,0.0,30.0,beat_this
Zd_VDxlEZP8.wav,10.6,0.0,30.0,beat_this
Zd_VDxlEZP8.wav,11.14,0.0,30.0,beat_this
Zd_VDxlEZP8.wav,11.68,0.0,30.0,beat_this
Zd_VDxlEZP8.wav,12.22,0.0,30.0,beat_this
Zd_VDxlEZP8.wav,12.76,0.0,30.0,beat_this
Zd_VDxlEZP8.wav,13.3,0.0,30.0,beat_this
Zd_VDxlEZP8.wav,13.84,0.0,30.0,beat_this
Zd_VDxlEZP8.wav,14.38,0.0,30.0,beat_this
Zd_VDxlEZP8.wav,14.92,0.0,30.0,beat_this
Zd_VDxlEZP8.wav,15.48,0.0,30.0,beat_this
Zd_VDxlEZP8.wav,16.0,0.0,30.0,beat_this
Zd_VDxlEZP8.wav,16.56,0.0,30.0,beat_this
Zd_VDxlEZP8.wav,17.08,0.0,30.0,beat_this
Zd_VDxlEZP8.wav,17.64,0.0,30.0,beat_this
Zd_VDxlEZP8.wav,18.16,0.0,30.0,beat_this
Zd_VDxlEZP8.wav,18.7,0.0,30.0,beat_this
Zd_VDxlEZP8.wav,19.24,0.0,30.0,beat_this
Zd_VDxlEZP8.wav,19.8,0.0,30.0,beat_this
Zd_VDxlEZP8.wav,20.34,0.0,30.0,beat_this
Zd_VDxlEZP8.wav,20.88,0.0,30.0,beat_this
Zd_VDxlEZP8.wav,21.42,0.0,30.0,beat_this
Zd_VDxlEZP8.wav,21.96,0.0,30.0,beat_this
Zd_VDxlEZP8.wav,22.5,0.0,30.0,beat_this
Zd_VDxlEZP8.wav,23.04,0.0,30.0,beat_this
Zd_VDxlEZP8.wav,23.58,0.0,30.0,beat_this
Zd_VDxlEZP8.wav,24.12,0.0,30.0,beat_this
Zd_VDxlEZP8.wav,24.66,0.0,30.0,beat_this
Zd_VDxlEZP8.wav,25.2,0.0,30.0,beat_this
Zd_VDxlEZP8.wav,25.74,0.0,30.0,beat_this
Zd_VDxlEZP8.wav,26.28,0.0,30.0,beat_this
Zd_VDxlEZP8.wav,26.82,0.0,30.0,beat_this
Zd_VDxlEZP8.wav,27.36,0.0,30.0,beat_this
Zd_VDxlEZP8.wav,27.9,0.0,30.0,beat_this
Zd_VDxlEZP8.wav,28.44,0.0,30.0,beat_this
Zd_VDxlEZP8.wav,28.98,0.0,30.0,beat_this
Zd_VDxlEZP8.wav,29.52,0.0,30.0,beat_this
Zk8KnhrJpp8.wav,0.56,0.0,30.0,beat_this
Zk8KnhrJpp8.wav,1.4,0.0,30.0,beat_this
Zk8KnhrJpp8.wav,2.22,0.0,30.0,beat_this
Zk8KnhrJpp8.wav,3.04,0.0,30.0,beat_this
Zk8KnhrJpp8.wav,3.86,0.0,30.0,beat_this
Zk8KnhrJpp8.wav,4.68,0.0,30.0,beat_this
Zk8KnhrJpp8.wav,5.5,0.0,30.0,beat_this
Zk8KnhrJpp8.wav,6.34,0.0,30.0,beat_this
Zk8KnhrJpp8.wav,7.14,0.0,30.0,beat_this
Zk8KnhrJpp8.wav,7.98,0.0,30.0,beat_this
Zk8KnhrJpp8.wav,8.8,0.0,30.0,beat_this
Zk8KnhrJpp8.wav,9.64,0.0,30.0,beat_this
Zk8KnhrJpp8.wav,10.46,0.0,30.0,beat_this
Zk8KnhrJpp8.wav,11.28,0.0,30.0,beat_this
Zk8KnhrJpp8.wav,12.1,0.0,30.0,beat_this
Zk8KnhrJpp8.wav,12.92,0.0,30.0,beat_this
Zk8KnhrJpp8.wav,13.74,0.0,30.0,beat_this
Zk8KnhrJpp8.wav,14.58,0.0,30.0,beat_this
Zk8KnhrJpp8.wav,15.36,0.0,30.0,beat_this
Zk8KnhrJpp8.wav,16.2,0.0,30.0,beat_this
Zk8KnhrJpp8.wav,17.02,0.0,30.0,beat_this
Zk8KnhrJpp8.wav,17.86,0.0,30.0,beat_this
Zk8KnhrJpp8.wav,18.66,0.0,30.0,beat_this
Zk8KnhrJpp8.wav,19.5,0.0,30.0,beat_this
Zk8KnhrJpp8.wav,20.32,0.0,30.0,beat_this
Zk8KnhrJpp8.wav,21.14,0.0,30.0,beat_this
Zk8KnhrJpp8.wav,21.96,0.0,30.0,beat_this
Zk8KnhrJpp8.wav,22.78,0.0,30.0,beat_this
Zk8KnhrJpp8.wav,23.6,0.0,30.0,beat_this
Zk8KnhrJpp8.wav,24.42,0.0,30.0,beat_this
Zk8KnhrJpp8.wav,25.24,0.0,30.0,beat_this
Zk8KnhrJpp8.wav,26.06,0.0,30.0,beat_this
Zk8KnhrJpp8.wav,26.88,0.0,30.0,beat_this
Zk8KnhrJpp8.wav,27.72,0.0,30.0,beat_this
Zk8KnhrJpp8.wav,28.52,0.0,30.0,beat_this
Zk8KnhrJpp8.wav,29.36,0.0,30.0,beat_this
ZllgNaVpYz8.wav,0.12,0.0,30.0,beat_this
ZllgNaVpYz8.wav,0.68,0.0,30.0,beat_this
ZllgNaVpYz8.wav,1.24,0.0,30.0,beat_this
ZllgNaVpYz8.wav,1.82,0.0,30.0,beat_this
ZllgNaVpYz8.wav,2.38,0.0,30.0,beat_this
ZllgNaVpYz8.wav,2.96,0.0,30.0,beat_this
ZllgNaVpYz8.wav,3.54,0.0,30.0,beat_this
ZllgNaVpYz8.wav,4.12,0.0,30.0,beat_this
ZllgNaVpYz8.wav,4.7,0.0,30.0,beat_this
ZllgNaVpYz8.wav,5.26,0.0,30.0,beat_this
ZllgNaVpYz8.wav,5.86,0.0,30.0,beat_this
ZllgNaVpYz8.wav,6.44,0.0,30.0,beat_this
ZllgNaVpYz8.wav,7.0,0.0,30.0,beat_this
ZllgNaVpYz8.wav,7.56,0.0,30.0,beat_this
ZllgNaVpYz8.wav,8.14,0.0,30.0,beat_this
ZllgNaVpYz8.wav,8.72,0.0,30.0,beat_this
ZllgNaVpYz8.wav,9.3,0.0,30.0,beat_this
ZllgNaVpYz8.wav,9.88,0.0,30.0,beat_this
ZllgNaVpYz8.wav,10.46,0.0,30.0,beat_this
ZllgNaVpYz8.wav,11.04,0.0,30.0,beat_this
ZllgNaVpYz8.wav,11.62,0.0,30.0,beat_this
ZllgNaVpYz8.wav,12.18,0.0,30.0,beat_this
ZllgNaVpYz8.wav,12.76,0.0,30.0,beat_this
ZllgNaVpYz8.wav,13.34,0.0,30.0,beat_this
ZllgNaVpYz8.wav,13.92,0.0,30.0,beat_this
ZllgNaVpYz8.wav,14.52,0.0,30.0,beat_this
ZllgNaVpYz8.wav,15.1,0.0,30.0,beat_this
ZllgNaVpYz8.wav,15.7,0.0,30.0,beat_this
ZllgNaVpYz8.wav,16.28,0.0,30.0,beat_this
ZllgNaVpYz8.wav,16.86,0.0,30.0,beat_this
ZllgNaVpYz8.wav,17.42,0.0,30.0,beat_this
ZllgNaVpYz8.wav,18.0,0.0,30.0,beat_this
ZllgNaVpYz8.wav,18.54,0.0,30.0,beat_this
ZllgNaVpYz8.wav,19.08,0.0,30.0,beat_this
ZllgNaVpYz8.wav,19.66,0.0,30.0,beat_this
ZllgNaVpYz8.wav,20.22,0.0,30.0,beat_this
ZllgNaVpYz8.wav,20.8,0.0,30.0,beat_this
ZllgNaVpYz8.wav,21.36,0.0,30.0,beat_this
ZllgNaVpYz8.wav,21.92,0.0,30.0,beat_this
ZllgNaVpYz8.wav,22.5,0.0,30.0,beat_this
ZllgNaVpYz8.wav,23.06,0.0,30.0,beat_this
ZllgNaVpYz8.wav,23.62,0.0,30.0,beat_this
ZllgNaVpYz8.wav,24.18,0.0,30.0,beat_this
ZllgNaVpYz8.wav,24.76,0.0,30.0,beat_this
ZllgNaVpYz8.wav,25.32,0.0,30.0,beat_this
ZllgNaVpYz8.wav,25.88,0.0,30.0,beat_this
ZllgNaVpYz8.wav,26.46,0.0,30.0,beat_this
ZllgNaVpYz8.wav,27.0,0.0,30.0,beat_this
ZllgNaVpYz8.wav,27.54,0.0,30.0,beat_this
ZllgNaVpYz8.wav,28.1,0.0,30.0,beat_this
ZllgNaVpYz8.wav,28.68,0.0,30.0,beat_this
ZllgNaVpYz8.wav,29.24,0.0,30.0,beat_this
ZllgNaVpYz8.wav,29.8,0.0,30.0,beat_this
_BcRXT8DUu0.wav,0.42,0.0,30.0,beat_this
_BcRXT8DUu0.wav,1.2,0.0,30.0,beat_this
_BcRXT8DUu0.wav,2.06,0.0,30.0,beat_this
_BcRXT8DUu0.wav,2.94,0.0,30.0,beat_this
_BcRXT8DUu0.wav,3.8,0.0,30.0,beat_this
_BcRXT8DUu0.wav,4.64,0.0,30.0,beat_this
_BcRXT8DUu0.wav,5.5,0.0,30.0,beat_this
_BcRXT8DUu0.wav,6.34,0.0,30.0,beat_this
_BcRXT8DUu0.wav,7.2,0.0,30.0,beat_this
_BcRXT8DUu0.wav,8.06,0.0,30.0,beat_this
_BcRXT8DUu0.wav,8.92,0.0,30.0,beat_this
_BcRXT8DUu0.wav,9.78,0.0,30.0,beat_this
_BcRXT8DUu0.wav,10.62,0.0,30.0,beat_this
_BcRXT8DUu0.wav,11.5,0.0,30.0,beat_this
_BcRXT8DUu0.wav,12.34,0.0,30.0,beat_this
_BcRXT8DUu0.wav,13.2,0.0,30.0,beat_this
_BcRXT8DUu0.wav,14.06,0.0,30.0,beat_this
_BcRXT8DUu0.wav,14.94,0.0,30.0,beat_this
_BcRXT8DUu0.wav,15.36,0.0,30.0,beat_this
_BcRXT8DUu0.wav,15.8,0.0,30.0,beat_this
_BcRXT8DUu0.wav,16.64,0.0,30.0,beat_this
_BcRXT8DUu0.wav,17.5,0.0,30.0,beat_this
_BcRXT8DUu0.wav,18.36,0.0,30.0,beat_this
_BcRXT8DUu0.wav,19.2,0.0,30.0,beat_this
_BcRXT8DUu0.wav,20.04,0.0,30.0,beat_this
_BcRXT8DUu0.wav,20.88,0.0,30.0,beat_this
_BcRXT8DUu0.wav,21.76,0.0,30.0,beat_this
_BcRXT8DUu0.wav,22.62,0.0,30.0,beat_this
_BcRXT8DUu0.wav,23.48,0.0,30.0,beat_this
_BcRXT8DUu0.wav,24.34,0.0,30.0,beat_this
_BcRXT8DUu0.wav,25.2,0.0,30.0,beat_this
_BcRXT8DUu0.wav,26.04,0.0,30.0,beat_this
_BcRXT8DUu0.wav,26.9,0.0,30.0,beat_this
_BcRXT8DUu0.wav,27.76,0.0,30.0,beat_this
_BcRXT8DUu0.wav,28.64,0.0,30.0,beat_this
_BcRXT8DUu0.wav,29.48,0.0,30.0,beat_this
_rOVBXw47mk.wav,0.42,0.0,30.0,beat_this
_rOVBXw47mk.wav,1.22,0.0,30.0,beat_this
_rOVBXw47mk.wav,2.02,0.0,30.0,beat_this
_rOVBXw47mk.wav,2.82,0.0,30.0,beat_this
_rOVBXw47mk.wav,3.62,0.0,30.0,beat_this
_rOVBXw47mk.wav,4.42,0.0,30.0,beat_this
_rOVBXw47mk.wav,5.22,0.0,30.0,beat_this
_rOVBXw47mk.wav,6.02,0.0,30.0,beat_this
_rOVBXw47mk.wav,6.82,0.0,30.0,beat_this
_rOVBXw47mk.wav,7.62,0.0,30.0,beat_this
_rOVBXw47mk.wav,8.42,0.0,30.0,beat_this
_rOVBXw47mk.wav,9.22,0.0,30.0,beat_this
_rOVBXw47mk.wav,10.02,0.0,30.0,beat_this
_rOVBXw47mk.wav,10.82,0.0,30.0,beat_this
_rOVBXw47mk.wav,11.62,0.0,30.0,beat_this
_rOVBXw47mk.wav,12.42,0.0,30.0,beat_this
_rOVBXw47mk.wav,13.22,0.0,30.0,beat_this
_rOVBXw47mk.wav,14.02,0.0,30.0,beat_this
_rOVBXw47mk.wav,14.82,0.0,30.0,beat_this
_rOVBXw47mk.wav,15.62,0.0,30.0,beat_this
_rOVBXw47mk.wav,16.42,0.0,30.0,beat_this
_rOVBXw47mk.wav,17.22,0.0,30.0,beat_this
_rOVBXw47mk.wav,18.0,0.0,30.0,beat_this
_rOVBXw47mk.wav,18.82,0.0,30.0,beat_this
_rOVBXw47mk.wav,19.6,0.0,30.0,beat_this
_rOVBXw47mk.wav,20.4,0.0,30.0,beat_this
_rOVBXw47mk.wav,21.2,0.0,30.0,beat_this
_rOVBXw47mk.wav,22.0,0.0,30.0,beat_this
_rOVBXw47mk.wav,22.8,0.0,30.0,beat_this
_rOVBXw47mk.wav,23.62,0.0,30.0,beat_this
_rOVBXw47mk.wav,24.42,0.0,30.0,beat_this
_rOVBXw47mk.wav,25.22,0.0,30.0,beat_this
_rOVBXw47mk.wav,26.0,0.0,30.0,beat_this
_rOVBXw47mk.wav,26.8,0.0,30.0,beat_this
_rOVBXw47mk.wav,27.62,0.0,30.0,beat_this
_rOVBXw47mk.wav,28.42,0.0,30.0,beat_this
_rOVBXw47mk.wav,29.22,0.0,30.0,beat_this
_rOVBXw47mk.wav,29.98,0.0,30.0,beat_this
a6U0NuNx6Rs.wav,0.02,0.0,30.0,beat_this
a6U0NuNx6Rs.wav,0.48,0.0,30.0,beat_this
a6U0NuNx6Rs.wav,0.88,0.0,30.0,beat_this
a6U0NuNx6Rs.wav,1.32,0.0,30.0,beat_this
a6U0NuNx6Rs.wav,1.78,0.0,30.0,beat_this
a6U0NuNx6Rs.wav,2.22,0.0,30.0,beat_this
a6U0NuNx6Rs.wav,2.66,0.0,30.0,beat_this
a6U0NuNx6Rs.wav,3.12,0.0,30.0,beat_this
a6U0NuNx6Rs.wav,3.56,0.0,30.0,beat_this
a6U0NuNx6Rs.wav,4.0,0.0,30.0,beat_this
a6U0NuNx6Rs.wav,4.44,0.0,30.0,beat_this
a6U0NuNx6Rs.wav,4.88,0.0,30.0,beat_this
a6U0NuNx6Rs.wav,5.34,0.0,30.0,beat_this
a6U0NuNx6Rs.wav,5.76,0.0,30.0,beat_this
a6U0NuNx6Rs.wav,6.2,0.0,30.0,beat_this
a6U0NuNx6Rs.wav,6.72,0.0,30.0,beat_this
a6U0NuNx6Rs.wav,7.12,0.0,30.0,beat_this
a6U0NuNx6Rs.wav,7.6,0.0,30.0,beat_this
a6U0NuNx6Rs.wav,8.04,0.0,30.0,beat_this
a6U0NuNx6Rs.wav,8.46,0.0,30.0,beat_this
a6U0NuNx6Rs.wav,8.92,0.0,30.0,beat_this
a6U0NuNx6Rs.wav,9.34,0.0,30.0,beat_this
a6U0NuNx6Rs.wav,9.78,0.0,30.0,beat_this
a6U0NuNx6Rs.wav,10.22,0.0,30.0,beat_this
a6U0NuNx6Rs.wav,10.66,0.0,30.0,beat_this
a6U0NuNx6Rs.wav,11.1,0.0,30.0,beat_this
a6U0NuNx6Rs.wav,11.54,0.0,30.0,beat_this
a6U0NuNx6Rs.wav,11.98,0.0,30.0,beat_this
a6U0NuNx6Rs.wav,12.42,0.0,30.0,beat_this
a6U0NuNx6Rs.wav,12.88,0.0,30.0,beat_this
a6U0NuNx6Rs.wav,13.34,0.0,30.0,beat_this
a6U0NuNx6Rs.wav,13.8,0.0,30.0,beat_this
a6U0NuNx6Rs.wav,14.24,0.0,30.0,beat_this
a6U0NuNx6Rs.wav,14.68,0.0,30.0,beat_this
a6U0NuNx6Rs.wav,15.12,0.0,30.0,beat_this
a6U0NuNx6Rs.wav,15.56,0.0,30.0,beat_this
a6U0NuNx6Rs.wav,16.0,0.0,30.0,beat_this
a6U0NuNx6Rs.wav,16.44,0.0,30.0,beat_this
a6U0NuNx6Rs.wav,16.9,0.0,30.0,beat_this
a6U0NuNx6Rs.wav,17.34,0.0,30.0,beat_this
a6U0NuNx6Rs.wav,17.78,0.0,30.0,beat_this
a6U0NuNx6Rs.wav,18.24,0.0,30.0,beat_this
a6U0NuNx6Rs.wav,18.68,0.0,30.0,beat_this
a6U0NuNx6Rs.wav,19.12,0.0,30.0,beat_this
a6U0NuNx6Rs.wav,19.58,0.0,30.0,beat_this
a6U0NuNx6Rs.wav,20.02,0.0,30.0,beat_this
a6U0NuNx6Rs.wav,20.46,0.0,30.0,beat_this
a6U0NuNx6Rs.wav,20.92,0.0,30.0,beat_this
a6U0NuNx6Rs.wav,21.36,0.0,30.0,beat_this
a6U0NuNx6Rs.wav,21.8,0.0,30.0,beat_this
a6U0NuNx6Rs.wav,22.24,0.0,30.0,beat_this
a6U0NuNx6Rs.wav,22.68,0.0,30.0,beat_this
a6U0NuNx6Rs.wav,23.12,0.0,30.0,beat_this
a6U0NuNx6Rs.wav,23.56,0.0,30.0,beat_this
a6U0NuNx6Rs.wav,24.02,0.0,30.0,beat_this
a6U0NuNx6Rs.wav,24.44,0.0,30.0,beat_this
a6U0NuNx6Rs.wav,24.9,0.0,30.0,beat_this
a6U0NuNx6Rs.wav,25.34,0.0,30.0,beat_this
a6U0NuNx6Rs.wav,25.8,0.0,30.0,beat_this
a6U0NuNx6Rs.wav,26.24,0.0,30.0,beat_this
a6U0NuNx6Rs.wav,26.68,0.0,30.0,beat_this
a6U0NuNx6Rs.wav,27.12,0.0,30.0,beat_this
a6U0NuNx6Rs.wav,27.56,0.0,30.0,beat_this
a6U0NuNx6Rs.wav,28.0,0.0,30.0,beat_this
a6U0NuNx6Rs.wav,28.42,0.0,30.0,beat_this
a6U0NuNx6Rs.wav,28.9,0.0,30.0,beat_this
a6U0NuNx6Rs.wav,29.36,0.0,30.0,beat_this
a6U0NuNx6Rs.wav,29.76,0.0,30.0,beat_this
aezgXC00hQw.wav,0.12,0.0,30.0,beat_this
aezgXC00hQw.wav,0.74,0.0,30.0,beat_this
aezgXC00hQw.wav,1.36,0.0,30.0,beat_this
aezgXC00hQw.wav,2.0,0.0,30.0,beat_this
aezgXC00hQw.wav,2.62,0.0,30.0,beat_this
aezgXC00hQw.wav,3.24,0.0,30.0,beat_this
aezgXC00hQw.wav,3.88,0.0,30.0,beat_this
aezgXC00hQw.wav,4.5,0.0,30.0,beat_this
aezgXC00hQw.wav,5.12,0.0,30.0,beat_this
aezgXC00hQw.wav,5.74,0.0,30.0,beat_this
aezgXC00hQw.wav,6.36,0.0,30.0,beat_this
aezgXC00hQw.wav,7.0,0.0,30.0,beat_this
aezgXC00hQw.wav,7.62,0.0,30.0,beat_this
aezgXC00hQw.wav,8.24,0.0,30.0,beat_this
aezgXC00hQw.wav,8.88,0.0,30.0,beat_this
aezgXC00hQw.wav,9.5,0.0,30.0,beat_this
aezgXC00hQw.wav,10.12,0.0,30.0,beat_this
aezgXC00hQw.wav,10.74,0.0,30.0,beat_this
aezgXC00hQw.wav,11.36,0.0,30.0,beat_this
aezgXC00hQw.wav,12.0,0.0,30.0,beat_this
aezgXC00hQw.wav,12.62,0.0,30.0,beat_this
aezgXC00hQw.wav,13.24,0.0,30.0,beat_this
aezgXC00hQw.wav,13.88,0.0,30.0,beat_this
aezgXC00hQw.wav,14.5,0.0,30.0,beat_this
aezgXC00hQw.wav,15.12,0.0,30.0,beat_this
aezgXC00hQw.wav,15.74,0.0,30.0,beat_this
aezgXC00hQw.wav,16.38,0.0,30.0,beat_this
aezgXC00hQw.wav,17.0,0.0,30.0,beat_this
aezgXC00hQw.wav,17.62,0.0,30.0,beat_this
aezgXC00hQw.wav,18.24,0.0,30.0,beat_this
aezgXC00hQw.wav,18.86,0.0,30.0,beat_this
aezgXC00hQw.wav,19.5,0.0,30.0,beat_this
aezgXC00hQw.wav,20.12,0.0,30.0,beat_this
aezgXC00hQw.wav,20.74,0.0,30.0,beat_this
aezgXC00hQw.wav,21.36,0.0,30.0,beat_this
aezgXC00hQw.wav,22.0,0.0,30.0,beat_this
aezgXC00hQw.wav,22.62,0.0,30.0,beat_this
aezgXC00hQw.wav,23.24,0.0,30.0,beat_this
aezgXC00hQw.wav,23.86,0.0,30.0,beat_this
aezgXC00hQw.wav,24.5,0.0,30.0,beat_this
aezgXC00hQw.wav,25.12,0.0,30.0,beat_this
aezgXC00hQw.wav,25.76,0.0,30.0,beat_this
aezgXC00hQw.wav,26.38,0.0,30.0,beat_this
aezgXC00hQw.wav,27.0,0.0,30.0,beat_this
aezgXC00hQw.wav,27.62,0.0,30.0,beat_this
aezgXC00hQw.wav,28.24,0.0,30.0,beat_this
aezgXC00hQw.wav,28.86,0.0,30.0,beat_this
aezgXC00hQw.wav,29.5,0.0,30.0,beat_this
bSmvp0w2zYY.wav,0.04,0.0,30.0,beat_this
bSmvp0w2zYY.wav,0.92,0.0,30.0,beat_this
bSmvp0w2zYY.wav,1.78,0.0,30.0,beat_this
bSmvp0w2zYY.wav,2.64,0.0,30.0,beat_this
bSmvp0w2zYY.wav,3.48,0.0,30.0,beat_this
bSmvp0w2zYY.wav,4.34,0.0,30.0,beat_this
bSmvp0w2zYY.wav,5.2,0.0,30.0,beat_this
bSmvp0w2zYY.wav,6.04,0.0,30.0,beat_this
bSmvp0w2zYY.wav,6.92,0.0,30.0,beat_this
bSmvp0w2zYY.wav,7.76,0.0,30.0,beat_this
bSmvp0w2zYY.wav,8.62,0.0,30.0,beat_this
bSmvp0w2zYY.wav,9.48,0.0,30.0,beat_this
bSmvp0w2zYY.wav,10.34,0.0,30.0,beat_this
bSmvp0w2zYY.wav,11.2,0.0,30.0,beat_this
bSmvp0w2zYY.wav,12.06,0.0,30.0,beat_this
bSmvp0w2zYY.wav,12.9,0.0,30.0,beat_this
bSmvp0w2zYY.wav,13.78,0.0,30.0,beat_this
bSmvp0w2zYY.wav,14.62,0.0,30.0,beat_this
bSmvp0w2zYY.wav,15.48,0.0,30.0,beat_this
bSmvp0w2zYY.wav,16.34,0.0,30.0,beat_this
bSmvp0w2zYY.wav,17.2,0.0,30.0,beat_this
bSmvp0w2zYY.wav,18.06,0.0,30.0,beat_this
bSmvp0w2zYY.wav,18.92,0.0,30.0,beat_this
bSmvp0w2zYY.wav,19.76,0.0,30.0,beat_this
bSmvp0w2zYY.wav,20.64,0.0,30.0,beat_this
bSmvp0w2zYY.wav,21.48,0.0,30.0,beat_this
bSmvp0w2zYY.wav,22.34,0.0,30.0,beat_this
bSmvp0w2zYY.wav,23.2,0.0,30.0,beat_this
bSmvp0w2zYY.wav,24.06,0.0,30.0,beat_this
bSmvp0w2zYY.wav,24.9,0.0,30.0,beat_this
bSmvp0w2zYY.wav,25.76,0.0,30.0,beat_this
bSmvp0w2zYY.wav,26.64,0.0,30.0,beat_this
bSmvp0w2zYY.wav,27.5,0.0,30.0,beat_this
bSmvp0w2zYY.wav,28.34,0.0,30.0,beat_this
bSmvp0w2zYY.wav,29.2,0.0,30.0,beat_this
bTSTMIoNf9k.wav,0.24,0.0,30.0,beat_this
bTSTMIoNf9k.wav,0.8,0.0,30.0,beat_this
bTSTMIoNf9k.wav,1.36,0.0,30.0,beat_this
bTSTMIoNf9k.wav,1.9,0.0,30.0,beat_this
bTSTMIoNf9k.wav,2.46,0.0,30.0,beat_this
bTSTMIoNf9k.wav,3.0,0.0,30.0,beat_this
bTSTMIoNf9k.wav,3.56,0.0,30.0,beat_this
bTSTMIoNf9k.wav,4.12,0.0,30.0,beat_this
bTSTMIoNf9k.wav,4.66,0.0,30.0,beat_this
bTSTMIoNf9k.wav,5.22,0.0,30.0,beat_this
bTSTMIoNf9k.wav,5.76,0.0,30.0,beat_this
bTSTMIoNf9k.wav,6.32,0.0,30.0,beat_this
bTSTMIoNf9k.wav,6.88,0.0,30.0,beat_this
bTSTMIoNf9k.wav,7.42,0.0,30.0,beat_this
bTSTMIoNf9k.wav,7.96,0.0,30.0,beat_this
bTSTMIoNf9k.wav,8.52,0.0,30.0,beat_this
bTSTMIoNf9k.wav,9.06,0.0,30.0,beat_this
bTSTMIoNf9k.wav,9.62,0.0,30.0,beat_this
bTSTMIoNf9k.wav,10.16,0.0,30.0,beat_this
bTSTMIoNf9k.wav,10.72,0.0,30.0,beat_this
bTSTMIoNf9k.wav,11.26,0.0,30.0,beat_this
bTSTMIoNf9k.wav,11.82,0.0,30.0,beat_this
bTSTMIoNf9k.wav,12.36,0.0,30.0,beat_this
bTSTMIoNf9k.wav,12.92,0.0,30.0,beat_this
bTSTMIoNf9k.wav,13.46,0.0,30.0,beat_this
bTSTMIoNf9k.wav,14.0,0.0,30.0,beat_this
bTSTMIoNf9k.wav,14.56,0.0,30.0,beat_this
bTSTMIoNf9k.wav,15.12,0.0,30.0,beat_this
bTSTMIoNf9k.wav,15.66,0.0,30.0,beat_this
bTSTMIoNf9k.wav,16.22,0.0,30.0,beat_this
bTSTMIoNf9k.wav,16.76,0.0,30.0,beat_this
bTSTMIoNf9k.wav,17.32,0.0,30.0,beat_this
bTSTMIoNf9k.wav,17.86,0.0,30.0,beat_this
bTSTMIoNf9k.wav,18.42,0.0,30.0,beat_this
bTSTMIoNf9k.wav,18.96,0.0,30.0,beat_this
bTSTMIoNf9k.wav,19.52,0.0,30.0,beat_this
bTSTMIoNf9k.wav,20.08,0.0,30.0,beat_this
bTSTMIoNf9k.wav,20.62,0.0,30.0,beat_this
bTSTMIoNf9k.wav,21.16,0.0,30.0,beat_this
bTSTMIoNf9k.wav,21.72,0.0,30.0,beat_this
bTSTMIoNf9k.wav,22.28,0.0,30.0,beat_this
bTSTMIoNf9k.wav,22.84,0.0,30.0,beat_this
bTSTMIoNf9k.wav,23.38,0.0,30.0,beat_this
bTSTMIoNf9k.wav,23.94,0.0,30.0,beat_this
bTSTMIoNf9k.wav,24.5,0.0,30.0,beat_this
bTSTMIoNf9k.wav,25.04,0.0,30.0,beat_this
bTSTMIoNf9k.wav,25.6,0.0,30.0,beat_this
bTSTMIoNf9k.wav,26.14,0.0,30.0,beat_this
bTSTMIoNf9k.wav,26.7,0.0,30.0,beat_this
bTSTMIoNf9k.wav,27.24,0.0,30.0,beat_this
bTSTMIoNf9k.wav,27.8,0.0,30.0,beat_this
bTSTMIoNf9k.wav,28.32,0.0,30.0,beat_this
bTSTMIoNf9k.wav,28.88,0.0,30.0,beat_this
bTSTMIoNf9k.wav,29.44,0.0,30.0,beat_this
bTSTMIoNf9k.wav,29.98,0.0,30.0,beat_this
bY2yvESoWAs.wav,0.02,0.0,30.0,beat_this
bY2yvESoWAs.wav,0.64,0.0,30.0,beat_this
bY2yvESoWAs.wav,1.08,0.0,30.0,beat_this
bY2yvESoWAs.wav,1.28,0.0,30.0,beat_this
bY2yvESoWAs.wav,1.44,0.0,30.0,beat_this
bY2yvESoWAs.wav,1.9,0.0,30.0,beat_this
bY2yvESoWAs.wav,2.32,0.0,30.0,beat_this
bY2yvESoWAs.wav,2.74,0.0,30.0,beat_this
bY2yvESoWAs.wav,3.14,0.0,30.0,beat_this
bY2yvESoWAs.wav,3.56,0.0,30.0,beat_this
bY2yvESoWAs.wav,3.96,0.0,30.0,beat_this
bY2yvESoWAs.wav,4.38,0.0,30.0,beat_this
bY2yvESoWAs.wav,4.78,0.0,30.0,beat_this
bY2yvESoWAs.wav,5.24,0.0,30.0,beat_this
bY2yvESoWAs.wav,5.6,0.0,30.0,beat_this
bY2yvESoWAs.wav,6.0,0.0,30.0,beat_this
bY2yvESoWAs.wav,6.4,0.0,30.0,beat_this
bY2yvESoWAs.wav,6.88,0.0,30.0,beat_this
bY2yvESoWAs.wav,7.22,0.0,30.0,beat_this
bY2yvESoWAs.wav,8.1,0.0,30.0,beat_this
bY2yvESoWAs.wav,8.42,0.0,30.0,beat_this
bY2yvESoWAs.wav,8.5,0.0,30.0,beat_this
bY2yvESoWAs.wav,8.72,0.0,30.0,beat_this
bY2yvESoWAs.wav,8.98,0.0,30.0,beat_this
bY2yvESoWAs.wav,9.08,0.0,30.0,beat_this
bY2yvESoWAs.wav,9.82,0.0,30.0,beat_this
bY2yvESoWAs.wav,9.94,0.0,30.0,beat_this
bY2yvESoWAs.wav,10.18,0.0,30.0,beat_this
bY2yvESoWAs.wav,10.58,0.0,30.0,beat_this
bY2yvESoWAs.wav,11.22,0.0,30.0,beat_this
bY2yvESoWAs.wav,11.44,0.0,30.0,beat_this
bY2yvESoWAs.wav,11.88,0.0,30.0,beat_this
bY2yvESoWAs.wav,12.46,0.0,30.0,beat_this
bY2yvESoWAs.wav,12.92,0.0,30.0,beat_this
bY2yvESoWAs.wav,13.08,0.0,30.0,beat_this
bY2yvESoWAs.wav,13.84,0.0,30.0,beat_this
bY2yvESoWAs.wav,14.52,0.0,30.0,beat_this
bY2yvESoWAs.wav,14.68,0.0,30.0,beat_this
bY2yvESoWAs.wav,15.16,0.0,30.0,beat_this
bY2yvESoWAs.wav,15.76,0.0,30.0,beat_this
bY2yvESoWAs.wav,16.34,0.0,30.0,beat_this
bY2yvESoWAs.wav,17.12,0.0,30.0,beat_this
bY2yvESoWAs.wav,17.48,0.0,30.0,beat_this
bY2yvESoWAs.wav,17.96,0.0,30.0,beat_this
bY2yvESoWAs.wav,18.46,0.0,30.0,beat_this
bY2yvESoWAs.wav,18.86,0.0,30.0,beat_this
bY2yvESoWAs.wav,19.26,0.0,30.0,beat_this
bY2yvESoWAs.wav,19.7,0.0,30.0,beat_this
bY2yvESoWAs.wav,20.06,0.0,30.0,beat_this
bY2yvESoWAs.wav,20.46,0.0,30.0,beat_this
bY2yvESoWAs.wav,20.92,0.0,30.0,beat_this
bY2yvESoWAs.wav,21.28,0.0,30.0,beat_this
bY2yvESoWAs.wav,21.4,0.0,30.0,beat_this
bY2yvESoWAs.wav,21.72,0.0,30.0,beat_this
bY2yvESoWAs.wav,21.8,0.0,30.0,beat_this
bY2yvESoWAs.wav,22.2,0.0,30.0,beat_this
bY2yvESoWAs.wav,22.58,0.0,30.0,beat_this
bY2yvESoWAs.wav,22.96,0.0,30.0,beat_this
bY2yvESoWAs.wav,23.36,0.0,30.0,beat_this
bY2yvESoWAs.wav,23.8,0.0,30.0,beat_this
bY2yvESoWAs.wav,24.02,0.0,30.0,beat_this
bY2yvESoWAs.wav,24.3,0.0,30.0,beat_this
bY2yvESoWAs.wav,24.76,0.0,30.0,beat_this
bY2yvESoWAs.wav,25.0,0.0,30.0,beat_this
bY2yvESoWAs.wav,25.16,0.0,30.0,beat_this
bY2yvESoWAs.wav,25.54,0.0,30.0,beat_this
bY2yvESoWAs.wav,26.06,0.0,30.0,beat_this
bY2yvESoWAs.wav,26.34,0.0,30.0,beat_this
bY2yvESoWAs.wav,26.54,0.0,30.0,beat_this
bY2yvESoWAs.wav,26.74,0.0,30.0,beat_this
bY2yvESoWAs.wav,27.28,0.0,30.0,beat_this
bY2yvESoWAs.wav,27.4,0.0,30.0,beat_this
bY2yvESoWAs.wav,27.62,0.0,30.0,beat_this
bY2yvESoWAs.wav,27.82,0.0,30.0,beat_this
bY2yvESoWAs.wav,27.98,0.0,30.0,beat_this
bY2yvESoWAs.wav,28.22,0.0,30.0,beat_this
bY2yvESoWAs.wav,28.48,0.0,30.0,beat_this
bY2yvESoWAs.wav,28.62,0.0,30.0,beat_this
bY2yvESoWAs.wav,28.8,0.0,30.0,beat_this
bY2yvESoWAs.wav,29.08,0.0,30.0,beat_this
bY2yvESoWAs.wav,29.28,0.0,30.0,beat_this
bY2yvESoWAs.wav,29.42,0.0,30.0,beat_this
bY2yvESoWAs.wav,29.68,0.0,30.0,beat_this
bY2yvESoWAs.wav,29.96,0.0,30.0,beat_this
bhJjNBcHdNs.wav,0.0,0.0,30.0,beat_this
bhJjNBcHdNs.wav,0.48,0.0,30.0,beat_this
bhJjNBcHdNs.wav,0.94,0.0,30.0,beat_this
bhJjNBcHdNs.wav,1.42,0.0,30.0,beat_this
bhJjNBcHdNs.wav,1.9,0.0,30.0,beat_this
bhJjNBcHdNs.wav,2.38,0.0,30.0,beat_this
bhJjNBcHdNs.wav,2.86,0.0,30.0,beat_this
bhJjNBcHdNs.wav,3.34,0.0,30.0,beat_this
bhJjNBcHdNs.wav,3.82,0.0,30.0,beat_this
bhJjNBcHdNs.wav,4.3,0.0,30.0,beat_this
bhJjNBcHdNs.wav,4.76,0.0,30.0,beat_this
bhJjNBcHdNs.wav,5.24,0.0,30.0,beat_this
bhJjNBcHdNs.wav,5.7,0.0,30.0,beat_this
bhJjNBcHdNs.wav,6.2,0.0,30.0,beat_this
bhJjNBcHdNs.wav,6.66,0.0,30.0,beat_this
bhJjNBcHdNs.wav,7.14,0.0,30.0,beat_this
bhJjNBcHdNs.wav,7.62,0.0,30.0,beat_this
bhJjNBcHdNs.wav,8.1,0.0,30.0,beat_this
bhJjNBcHdNs.wav,8.58,0.0,30.0,beat_this
bhJjNBcHdNs.wav,9.04,0.0,30.0,beat_this
bhJjNBcHdNs.wav,9.52,0.0,30.0,beat_this
bhJjNBcHdNs.wav,10.0,0.0,30.0,beat_this
bhJjNBcHdNs.wav,10.48,0.0,30.0,beat_this
bhJjNBcHdNs.wav,10.96,0.0,30.0,beat_this
bhJjNBcHdNs.wav,11.42,0.0,30.0,beat_this
bhJjNBcHdNs.wav,11.9,0.0,30.0,beat_this
bhJjNBcHdNs.wav,12.38,0.0,30.0,beat_this
bhJjNBcHdNs.wav,12.86,0.0,30.0,beat_this
bhJjNBcHdNs.wav,13.34,0.0,30.0,beat_this
bhJjNBcHdNs.wav,13.82,0.0,30.0,beat_this
bhJjNBcHdNs.wav,14.28,0.0,30.0,beat_this
bhJjNBcHdNs.wav,14.76,0.0,30.0,beat_this
bhJjNBcHdNs.wav,15.24,0.0,30.0,beat_this
bhJjNBcHdNs.wav,15.72,0.0,30.0,beat_this
bhJjNBcHdNs.wav,16.2,0.0,30.0,beat_this
bhJjNBcHdNs.wav,16.66,0.0,30.0,beat_this
bhJjNBcHdNs.wav,17.14,0.0,30.0,beat_this
bhJjNBcHdNs.wav,17.62,0.0,30.0,beat_this
bhJjNBcHdNs.wav,18.08,0.0,30.0,beat_this
bhJjNBcHdNs.wav,18.56,0.0,30.0,beat_this
bhJjNBcHdNs.wav,19.04,0.0,30.0,beat_this
bhJjNBcHdNs.wav,19.52,0.0,30.0,beat_this
bhJjNBcHdNs.wav,20.0,0.0,30.0,beat_this
bhJjNBcHdNs.wav,20.48,0.0,30.0,beat_this
bhJjNBcHdNs.wav,20.96,0.0,30.0,beat_this
bhJjNBcHdNs.wav,21.44,0.0,30.0,beat_this
bhJjNBcHdNs.wav,21.92,0.0,30.0,beat_this
bhJjNBcHdNs.wav,22.38,0.0,30.0,beat_this
bhJjNBcHdNs.wav,22.86,0.0,30.0,beat_this
bhJjNBcHdNs.wav,23.34,0.0,30.0,beat_this
bhJjNBcHdNs.wav,23.8,0.0,30.0,beat_this
bhJjNBcHdNs.wav,24.28,0.0,30.0,beat_this
bhJjNBcHdNs.wav,24.76,0.0,30.0,beat_this
bhJjNBcHdNs.wav,25.24,0.0,30.0,beat_this
bhJjNBcHdNs.wav,25.72,0.0,30.0,beat_this
bhJjNBcHdNs.wav,26.2,0.0,30.0,beat_this
bhJjNBcHdNs.wav,26.68,0.0,30.0,beat_this
bhJjNBcHdNs.wav,27.14,0.0,30.0,beat_this
bhJjNBcHdNs.wav,27.62,0.0,30.0,beat_this
bhJjNBcHdNs.wav,28.1,0.0,30.0,beat_this
bhJjNBcHdNs.wav,28.58,0.0,30.0,beat_this
bhJjNBcHdNs.wav,29.06,0.0,30.0,beat_this
bhJjNBcHdNs.wav,29.52,0.0,30.0,beat_this
bhJjNBcHdNs.wav,30.0,0.0,30.0,beat_this
bjW1WfRAk18.wav,0.0,0.0,30.0,beat_this
bjW1WfRAk18.wav,2.34,0.0,30.0,beat_this
bjW1WfRAk18.wav,2.94,0.0,30.0,beat_this
bjW1WfRAk18.wav,3.52,0.0,30.0,beat_this
bjW1WfRAk18.wav,4.1,0.0,30.0,beat_this
bjW1WfRAk18.wav,4.68,0.0,30.0,beat_this
bjW1WfRAk18.wav,5.28,0.0,30.0,beat_this
bjW1WfRAk18.wav,5.88,0.0,30.0,beat_this
bjW1WfRAk18.wav,6.46,0.0,30.0,beat_this
bjW1WfRAk18.wav,7.06,0.0,30.0,beat_this
bjW1WfRAk18.wav,7.64,0.0,30.0,beat_this
bjW1WfRAk18.wav,8.24,0.0,30.0,beat_this
bjW1WfRAk18.wav,8.82,0.0,30.0,beat_this
bjW1WfRAk18.wav,9.36,0.0,30.0,beat_this
bjW1WfRAk18.wav,9.96,0.0,30.0,beat_this
bjW1WfRAk18.wav,10.56,0.0,30.0,beat_this
bjW1WfRAk18.wav,11.14,0.0,30.0,beat_this
bjW1WfRAk18.wav,11.72,0.0,30.0,beat_this
bjW1WfRAk18.wav,12.3,0.0,30.0,beat_this
bjW1WfRAk18.wav,12.88,0.0,30.0,beat_this
bjW1WfRAk18.wav,13.46,0.0,30.0,beat_this
bjW1WfRAk18.wav,14.04,0.0,30.0,beat_this
bjW1WfRAk18.wav,14.62,0.0,30.0,beat_this
bjW1WfRAk18.wav,15.2,0.0,30.0,beat_this
bjW1WfRAk18.wav,15.8,0.0,30.0,beat_this
bjW1WfRAk18.wav,16.38,0.0,30.0,beat_this
bjW1WfRAk18.wav,16.96,0.0,30.0,beat_this
bjW1WfRAk18.wav,17.52,0.0,30.0,beat_this
bjW1WfRAk18.wav,18.14,0.0,30.0,beat_this
bjW1WfRAk18.wav,18.7,0.0,30.0,beat_this
bjW1WfRAk18.wav,19.28,0.0,30.0,beat_this
bjW1WfRAk18.wav,19.86,0.0,30.0,beat_this
bjW1WfRAk18.wav,20.46,0.0,30.0,beat_this
bjW1WfRAk18.wav,21.04,0.0,30.0,beat_this
bjW1WfRAk18.wav,21.62,0.0,30.0,beat_this
bjW1WfRAk18.wav,22.2,0.0,30.0,beat_this
bjW1WfRAk18.wav,22.78,0.0,30.0,beat_this
bjW1WfRAk18.wav,23.36,0.0,30.0,beat_this
bjW1WfRAk18.wav,23.94,0.0,30.0,beat_this
bjW1WfRAk18.wav,24.52,0.0,30.0,beat_this
bjW1WfRAk18.wav,25.12,0.0,30.0,beat_this
bjW1WfRAk18.wav,25.68,0.0,30.0,beat_this
bjW1WfRAk18.wav,26.28,0.0,30.0,beat_this
bjW1WfRAk18.wav,26.86,0.0,30.0,beat_this
bjW1WfRAk18.wav,27.44,0.0,30.0,beat_this
bjW1WfRAk18.wav,28.02,0.0,30.0,beat_this
bjW1WfRAk18.wav,28.6,0.0,30.0,beat_this
bjW1WfRAk18.wav,29.2,0.0,30.0,beat_this
bjW1WfRAk18.wav,29.78,0.0,30.0,beat_this
cCnf1w1DzlA.wav,0.16,0.0,30.0,beat_this
cCnf1w1DzlA.wav,0.82,0.0,30.0,beat_this
cCnf1w1DzlA.wav,1.5,0.0,30.0,beat_this
cCnf1w1DzlA.wav,2.16,0.0,30.0,beat_this
cCnf1w1DzlA.wav,2.84,0.0,30.0,beat_this
cCnf1w1DzlA.wav,3.5,0.0,30.0,beat_this
cCnf1w1DzlA.wav,4.18,0.0,30.0,beat_this
cCnf1w1DzlA.wav,4.84,0.0,30.0,beat_this
cCnf1w1DzlA.wav,5.5,0.0,30.0,beat_this
cCnf1w1DzlA.wav,6.16,0.0,30.0,beat_this
cCnf1w1DzlA.wav,6.84,0.0,30.0,beat_this
cCnf1w1DzlA.wav,7.5,0.0,30.0,beat_this
cCnf1w1DzlA.wav,8.16,0.0,30.0,beat_this
cCnf1w1DzlA.wav,8.82,0.0,30.0,beat_this
cCnf1w1DzlA.wav,9.52,0.0,30.0,beat_this
cCnf1w1DzlA.wav,10.2,0.0,30.0,beat_this
cCnf1w1DzlA.wav,10.84,0.0,30.0,beat_this
cCnf1w1DzlA.wav,11.5,0.0,30.0,beat_this
cCnf1w1DzlA.wav,12.18,0.0,30.0,beat_this
cCnf1w1DzlA.wav,12.84,0.0,30.0,beat_this
cCnf1w1DzlA.wav,13.52,0.0,30.0,beat_this
cCnf1w1DzlA.wav,14.18,0.0,30.0,beat_this
cCnf1w1DzlA.wav,14.86,0.0,30.0,beat_this
cCnf1w1DzlA.wav,15.52,0.0,30.0,beat_this
cCnf1w1DzlA.wav,16.18,0.0,30.0,beat_this
cCnf1w1DzlA.wav,16.84,0.0,30.0,beat_this
cCnf1w1DzlA.wav,17.52,0.0,30.0,beat_this
cCnf1w1DzlA.wav,18.18,0.0,30.0,beat_this
cCnf1w1DzlA.wav,18.84,0.0,30.0,beat_this
cCnf1w1DzlA.wav,19.52,0.0,30.0,beat_this
cCnf1w1DzlA.wav,20.18,0.0,30.0,beat_this
cCnf1w1DzlA.wav,20.84,0.0,30.0,beat_this
cCnf1w1DzlA.wav,21.5,0.0,30.0,beat_this
cCnf1w1DzlA.wav,22.16,0.0,30.0,beat_this
cCnf1w1DzlA.wav,22.84,0.0,30.0,beat_this
cCnf1w1DzlA.wav,23.5,0.0,30.0,beat_this
cCnf1w1DzlA.wav,24.16,0.0,30.0,beat_this
cCnf1w1DzlA.wav,24.82,0.0,30.0,beat_this
cCnf1w1DzlA.wav,25.5,0.0,30.0,beat_this
cCnf1w1DzlA.wav,26.18,0.0,30.0,beat_this
cCnf1w1DzlA.wav,26.84,0.0,30.0,beat_this
cCnf1w1DzlA.wav,27.52,0.0,30.0,beat_this
cCnf1w1DzlA.wav,28.18,0.0,30.0,beat_this
cCnf1w1DzlA.wav,28.84,0.0,30.0,beat_this
cCnf1w1DzlA.wav,29.5,0.0,30.0,beat_this
cetR8PMSK0c.wav,0.02,0.0,30.0,beat_this
cetR8PMSK0c.wav,1.0,0.0,30.0,beat_this
cetR8PMSK0c.wav,1.96,0.0,30.0,beat_this
cetR8PMSK0c.wav,2.8,0.0,30.0,beat_this
cetR8PMSK0c.wav,2.9,0.0,30.0,beat_this
cetR8PMSK0c.wav,3.9,0.0,30.0,beat_this
cetR8PMSK0c.wav,4.86,0.0,30.0,beat_this
cetR8PMSK0c.wav,5.84,0.0,30.0,beat_this
cetR8PMSK0c.wav,6.8,0.0,30.0,beat_this
cetR8PMSK0c.wav,7.74,0.0,30.0,beat_this
cetR8PMSK0c.wav,8.7,0.0,30.0,beat_this
cetR8PMSK0c.wav,9.66,0.0,30.0,beat_this
cetR8PMSK0c.wav,10.6,0.0,30.0,beat_this
cetR8PMSK0c.wav,11.58,0.0,30.0,beat_this
cetR8PMSK0c.wav,12.52,0.0,30.0,beat_this
cetR8PMSK0c.wav,13.5,0.0,30.0,beat_this
cetR8PMSK0c.wav,14.46,0.0,30.0,beat_this
cetR8PMSK0c.wav,15.4,0.0,30.0,beat_this
cetR8PMSK0c.wav,16.36,0.0,30.0,beat_this
cetR8PMSK0c.wav,17.34,0.0,30.0,beat_this
cetR8PMSK0c.wav,18.28,0.0,30.0,beat_this
cetR8PMSK0c.wav,19.26,0.0,30.0,beat_this
cetR8PMSK0c.wav,20.22,0.0,30.0,beat_this
cetR8PMSK0c.wav,21.18,0.0,30.0,beat_this
cetR8PMSK0c.wav,22.14,0.0,30.0,beat_this
cetR8PMSK0c.wav,23.1,0.0,30.0,beat_this
cetR8PMSK0c.wav,24.06,0.0,30.0,beat_this
cetR8PMSK0c.wav,25.02,0.0,30.0,beat_this
cetR8PMSK0c.wav,25.98,0.0,30.0,beat_this
cetR8PMSK0c.wav,26.94,0.0,30.0,beat_this
cetR8PMSK0c.wav,27.9,0.0,30.0,beat_this
cetR8PMSK0c.wav,28.88,0.0,30.0,beat_this
cetR8PMSK0c.wav,29.84,0.0,30.0,beat_this
cnkWWKwo4Ww.wav,0.74,0.0,30.0,beat_this
cnkWWKwo4Ww.wav,1.54,0.0,30.0,beat_this
cnkWWKwo4Ww.wav,2.36,0.0,30.0,beat_this
cnkWWKwo4Ww.wav,3.16,0.0,30.0,beat_this
cnkWWKwo4Ww.wav,4.0,0.0,30.0,beat_this
cnkWWKwo4Ww.wav,4.82,0.0,30.0,beat_this
cnkWWKwo4Ww.wav,5.66,0.0,30.0,beat_this
cnkWWKwo4Ww.wav,6.48,0.0,30.0,beat_this
cnkWWKwo4Ww.wav,7.3,0.0,30.0,beat_this
cnkWWKwo4Ww.wav,8.12,0.0,30.0,beat_this
cnkWWKwo4Ww.wav,8.94,0.0,30.0,beat_this
cnkWWKwo4Ww.wav,9.76,0.0,30.0,beat_this
cnkWWKwo4Ww.wav,10.6,0.0,30.0,beat_this
cnkWWKwo4Ww.wav,11.4,0.0,30.0,beat_this
cnkWWKwo4Ww.wav,12.24,0.0,30.0,beat_this
cnkWWKwo4Ww.wav,13.06,0.0,30.0,beat_this
cnkWWKwo4Ww.wav,13.9,0.0,30.0,beat_this
cnkWWKwo4Ww.wav,14.7,0.0,30.0,beat_this
cnkWWKwo4Ww.wav,15.52,0.0,30.0,beat_this
cnkWWKwo4Ww.wav,16.32,0.0,30.0,beat_this
cnkWWKwo4Ww.wav,17.16,0.0,30.0,beat_this
cnkWWKwo4Ww.wav,17.98,0.0,30.0,beat_this
cnkWWKwo4Ww.wav,18.8,0.0,30.0,beat_this
cnkWWKwo4Ww.wav,19.6,0.0,30.0,beat_this
cnkWWKwo4Ww.wav,20.46,0.0,30.0,beat_this
cnkWWKwo4Ww.wav,21.28,0.0,30.0,beat_this
cnkWWKwo4Ww.wav,22.08,0.0,30.0,beat_this
cnkWWKwo4Ww.wav,22.9,0.0,30.0,beat_this
cnkWWKwo4Ww.wav,23.74,0.0,30.0,beat_this
cnkWWKwo4Ww.wav,24.54,0.0,30.0,beat_this
cnkWWKwo4Ww.wav,25.36,0.0,30.0,beat_this
cnkWWKwo4Ww.wav,26.18,0.0,30.0,beat_this
cnkWWKwo4Ww.wav,27.0,0.0,30.0,beat_this
cnkWWKwo4Ww.wav,27.82,0.0,30.0,beat_this
cnkWWKwo4Ww.wav,28.66,0.0,30.0,beat_this
cnkWWKwo4Ww.wav,29.48,0.0,30.0,beat_this
cugnPFhB2L8.wav,0.46,0.0,30.0,beat_this
cugnPFhB2L8.wav,1.32,0.0,30.0,beat_this
cugnPFhB2L8.wav,2.16,0.0,30.0,beat_this
cugnPFhB2L8.wav,3.04,0.0,30.0,beat_this
cugnPFhB2L8.wav,3.88,0.0,30.0,beat_this
cugnPFhB2L8.wav,4.76,0.0,30.0,beat_this
cugnPFhB2L8.wav,5.6,0.0,30.0,beat_this
cugnPFhB2L8.wav,6.46,0.0,30.0,beat_this
cugnPFhB2L8.wav,7.32,0.0,30.0,beat_this
cugnPFhB2L8.wav,8.18,0.0,30.0,beat_this
cugnPFhB2L8.wav,9.02,0.0,30.0,beat_this
cugnPFhB2L8.wav,9.88,0.0,30.0,beat_this
cugnPFhB2L8.wav,10.74,0.0,30.0,beat_this
cugnPFhB2L8.wav,11.6,0.0,30.0,beat_this
cugnPFhB2L8.wav,12.44,0.0,30.0,beat_this
cugnPFhB2L8.wav,13.32,0.0,30.0,beat_this
cugnPFhB2L8.wav,14.16,0.0,30.0,beat_this
cugnPFhB2L8.wav,15.02,0.0,30.0,beat_this
cugnPFhB2L8.wav,15.88,0.0,30.0,beat_this
cugnPFhB2L8.wav,16.74,0.0,30.0,beat_this
cugnPFhB2L8.wav,17.6,0.0,30.0,beat_this
cugnPFhB2L8.wav,18.46,0.0,30.0,beat_this
cugnPFhB2L8.wav,19.32,0.0,30.0,beat_this
cugnPFhB2L8.wav,20.16,0.0,30.0,beat_this
cugnPFhB2L8.wav,21.02,0.0,30.0,beat_this
cugnPFhB2L8.wav,21.88,0.0,30.0,beat_this
cugnPFhB2L8.wav,22.74,0.0,30.0,beat_this
cugnPFhB2L8.wav,23.6,0.0,30.0,beat_this
cugnPFhB2L8.wav,24.46,0.0,30.0,beat_this
cugnPFhB2L8.wav,25.32,0.0,30.0,beat_this
cugnPFhB2L8.wav,26.18,0.0,30.0,beat_this
cugnPFhB2L8.wav,27.02,0.0,30.0,beat_this
cugnPFhB2L8.wav,27.88,0.0,30.0,beat_this
cugnPFhB2L8.wav,28.74,0.0,30.0,beat_this
cugnPFhB2L8.wav,29.6,0.0,30.0,beat_this
dlXZYP7bDCY.wav,0.18,0.0,30.0,beat_this
dlXZYP7bDCY.wav,0.86,0.0,30.0,beat_this
dlXZYP7bDCY.wav,1.52,0.0,30.0,beat_this
dlXZYP7bDCY.wav,2.2,0.0,30.0,beat_this
dlXZYP7bDCY.wav,2.86,0.0,30.0,beat_this
dlXZYP7bDCY.wav,3.54,0.0,30.0,beat_this
dlXZYP7bDCY.wav,4.2,0.0,30.0,beat_this
dlXZYP7bDCY.wav,4.86,0.0,30.0,beat_this
dlXZYP7bDCY.wav,5.54,0.0,30.0,beat_this
dlXZYP7bDCY.wav,6.2,0.0,30.0,beat_this
dlXZYP7bDCY.wav,6.86,0.0,30.0,beat_this
dlXZYP7bDCY.wav,7.54,0.0,30.0,beat_this
dlXZYP7bDCY.wav,8.2,0.0,30.0,beat_this
dlXZYP7bDCY.wav,8.86,0.0,30.0,beat_this
dlXZYP7bDCY.wav,9.52,0.0,30.0,beat_this
dlXZYP7bDCY.wav,10.18,0.0,30.0,beat_this
dlXZYP7bDCY.wav,10.86,0.0,30.0,beat_this
dlXZYP7bDCY.wav,11.52,0.0,30.0,beat_this
dlXZYP7bDCY.wav,12.18,0.0,30.0,beat_this
dlXZYP7bDCY.wav,12.86,0.0,30.0,beat_this
dlXZYP7bDCY.wav,13.52,0.0,30.0,beat_this
dlXZYP7bDCY.wav,14.2,0.0,30.0,beat_this
dlXZYP7bDCY.wav,14.86,0.0,30.0,beat_this
dlXZYP7bDCY.wav,15.52,0.0,30.0,beat_this
dlXZYP7bDCY.wav,16.18,0.0,30.0,beat_this
dlXZYP7bDCY.wav,16.86,0.0,30.0,beat_this
dlXZYP7bDCY.wav,17.52,0.0,30.0,beat_this
dlXZYP7bDCY.wav,18.2,0.0,30.0,beat_this
dlXZYP7bDCY.wav,18.86,0.0,30.0,beat_this
dlXZYP7bDCY.wav,19.54,0.0,30.0,beat_this
dlXZYP7bDCY.wav,20.2,0.0,30.0,beat_this
dlXZYP7bDCY.wav,20.88,0.0,30.0,beat_this
dlXZYP7bDCY.wav,21.54,0.0,30.0,beat_this
dlXZYP7bDCY.wav,22.2,0.0,30.0,beat_this
dlXZYP7bDCY.wav,22.86,0.0,30.0,beat_this
dlXZYP7bDCY.wav,23.54,0.0,30.0,beat_this
dlXZYP7bDCY.wav,24.2,0.0,30.0,beat_this
dlXZYP7bDCY.wav,24.86,0.0,30.0,beat_this
dlXZYP7bDCY.wav,25.52,0.0,30.0,beat_this
dlXZYP7bDCY.wav,26.2,0.0,30.0,beat_this
dlXZYP7bDCY.wav,26.86,0.0,30.0,beat_this
dlXZYP7bDCY.wav,27.54,0.0,30.0,beat_this
dlXZYP7bDCY.wav,28.2,0.0,30.0,beat_this
dlXZYP7bDCY.wav,28.86,0.0,30.0,beat_this
dlXZYP7bDCY.wav,29.54,0.0,30.0,beat_this
eDDXIycpNNU.wav,0.04,0.0,30.0,beat_this
eDDXIycpNNU.wav,0.18,0.0,30.0,beat_this
eDDXIycpNNU.wav,0.4,0.0,30.0,beat_this
eDDXIycpNNU.wav,0.58,0.0,30.0,beat_this
eDDXIycpNNU.wav,0.8,0.0,30.0,beat_this
eDDXIycpNNU.wav,0.96,0.0,30.0,beat_this
eDDXIycpNNU.wav,1.2,0.0,30.0,beat_this
eDDXIycpNNU.wav,1.36,0.0,30.0,beat_this
eDDXIycpNNU.wav,1.56,0.0,30.0,beat_this
eDDXIycpNNU.wav,1.72,0.0,30.0,beat_this
eDDXIycpNNU.wav,1.96,0.0,30.0,beat_this
eDDXIycpNNU.wav,2.12,0.0,30.0,beat_this
eDDXIycpNNU.wav,2.34,0.0,30.0,beat_this
eDDXIycpNNU.wav,2.52,0.0,30.0,beat_this
eDDXIycpNNU.wav,2.72,0.0,30.0,beat_this
eDDXIycpNNU.wav,2.9,0.0,30.0,beat_this
eDDXIycpNNU.wav,3.12,0.0,30.0,beat_this
eDDXIycpNNU.wav,3.32,0.0,30.0,beat_this
eDDXIycpNNU.wav,3.5,0.0,30.0,beat_this
eDDXIycpNNU.wav,3.7,0.0,30.0,beat_this
eDDXIycpNNU.wav,3.88,0.0,30.0,beat_this
eDDXIycpNNU.wav,4.1,0.0,30.0,beat_this
eDDXIycpNNU.wav,4.34,0.0,30.0,beat_this
eDDXIycpNNU.wav,4.5,0.0,30.0,beat_this
eDDXIycpNNU.wav,4.7,0.0,30.0,beat_this
eDDXIycpNNU.wav,4.9,0.0,30.0,beat_this
eDDXIycpNNU.wav,5.12,0.0,30.0,beat_this
eDDXIycpNNU.wav,5.28,0.0,30.0,beat_this
eDDXIycpNNU.wav,5.5,0.0,30.0,beat_this
eDDXIycpNNU.wav,5.7,0.0,30.0,beat_this
eDDXIycpNNU.wav,5.92,0.0,30.0,beat_this
eDDXIycpNNU.wav,6.06,0.0,30.0,beat_this
eDDXIycpNNU.wav,6.28,0.0,30.0,beat_this
eDDXIycpNNU.wav,6.48,0.0,30.0,beat_this
eDDXIycpNNU.wav,6.7,0.0,30.0,beat_this
eDDXIycpNNU.wav,6.86,0.0,30.0,beat_this
eDDXIycpNNU.wav,7.08,0.0,30.0,beat_this
eDDXIycpNNU.wav,7.24,0.0,30.0,beat_this
eDDXIycpNNU.wav,7.48,0.0,30.0,beat_this
eDDXIycpNNU.wav,7.64,0.0,30.0,beat_this
eDDXIycpNNU.wav,7.86,0.0,30.0,beat_this
eDDXIycpNNU.wav,8.02,0.0,30.0,beat_this
eDDXIycpNNU.wav,8.26,0.0,30.0,beat_this
eDDXIycpNNU.wav,8.4,0.0,30.0,beat_this
eDDXIycpNNU.wav,8.62,0.0,30.0,beat_this
eDDXIycpNNU.wav,8.8,0.0,30.0,beat_this
eDDXIycpNNU.wav,9.02,0.0,30.0,beat_this
eDDXIycpNNU.wav,9.18,0.0,30.0,beat_this
eDDXIycpNNU.wav,9.42,0.0,30.0,beat_this
eDDXIycpNNU.wav,9.58,0.0,30.0,beat_this
eDDXIycpNNU.wav,9.8,0.0,30.0,beat_this
eDDXIycpNNU.wav,9.98,0.0,30.0,beat_this
eDDXIycpNNU.wav,10.16,0.0,30.0,beat_this
eDDXIycpNNU.wav,10.34,0.0,30.0,beat_this
eDDXIycpNNU.wav,10.52,0.0,30.0,beat_this
eDDXIycpNNU.wav,10.74,0.0,30.0,beat_this
eDDXIycpNNU.wav,10.96,0.0,30.0,beat_this
eDDXIycpNNU.wav,11.12,0.0,30.0,beat_this
eDDXIycpNNU.wav,11.34,0.0,30.0,beat_this
eDDXIycpNNU.wav,11.52,0.0,30.0,beat_this
eDDXIycpNNU.wav,11.74,0.0,30.0,beat_this
eDDXIycpNNU.wav,11.9,0.0,30.0,beat_this
eDDXIycpNNU.wav,12.12,0.0,30.0,beat_this
eDDXIycpNNU.wav,12.3,0.0,30.0,beat_this
eDDXIycpNNU.wav,12.54,0.0,30.0,beat_this
eDDXIycpNNU.wav,12.7,0.0,30.0,beat_this
eDDXIycpNNU.wav,12.92,0.0,30.0,beat_this
eDDXIycpNNU.wav,13.12,0.0,30.0,beat_this
eDDXIycpNNU.wav,13.3,0.0,30.0,beat_this
eDDXIycpNNU.wav,13.52,0.0,30.0,beat_this
eDDXIycpNNU.wav,13.72,0.0,30.0,beat_this
eDDXIycpNNU.wav,13.92,0.0,30.0,beat_this
eDDXIycpNNU.wav,14.12,0.0,30.0,beat_this
eDDXIycpNNU.wav,14.3,0.0,30.0,beat_this
eDDXIycpNNU.wav,14.54,0.0,30.0,beat_this
eDDXIycpNNU.wav,14.72,0.0,30.0,beat_this
eDDXIycpNNU.wav,14.92,0.0,30.0,beat_this
eDDXIycpNNU.wav,15.1,0.0,30.0,beat_this
eDDXIycpNNU.wav,15.32,0.0,30.0,beat_this
eDDXIycpNNU.wav,15.5,0.0,30.0,beat_this
eDDXIycpNNU.wav,15.68,0.0,30.0,beat_this
eDDXIycpNNU.wav,15.9,0.0,30.0,beat_this
eDDXIycpNNU.wav,16.1,0.0,30.0,beat_this
eDDXIycpNNU.wav,16.28,0.0,30.0,beat_this
eDDXIycpNNU.wav,16.48,0.0,30.0,beat_this
eDDXIycpNNU.wav,16.7,0.0,30.0,beat_this
eDDXIycpNNU.wav,16.88,0.0,30.0,beat_this
eDDXIycpNNU.wav,17.08,0.0,30.0,beat_this
eDDXIycpNNU.wav,17.28,0.0,30.0,beat_this
eDDXIycpNNU.wav,17.48,0.0,30.0,beat_this
eDDXIycpNNU.wav,17.68,0.0,30.0,beat_this
eDDXIycpNNU.wav,17.86,0.0,30.0,beat_this
eDDXIycpNNU.wav,18.08,0.0,30.0,beat_this
eDDXIycpNNU.wav,18.28,0.0,30.0,beat_this
eDDXIycpNNU.wav,18.48,0.0,30.0,beat_this
eDDXIycpNNU.wav,18.68,0.0,30.0,beat_this
eDDXIycpNNU.wav,18.86,0.0,30.0,beat_this
eDDXIycpNNU.wav,19.06,0.0,30.0,beat_this
eDDXIycpNNU.wav,19.26,0.0,30.0,beat_this
eDDXIycpNNU.wav,19.46,0.0,30.0,beat_this
eDDXIycpNNU.wav,19.64,0.0,30.0,beat_this
eDDXIycpNNU.wav,19.86,0.0,30.0,beat_this
eDDXIycpNNU.wav,20.04,0.0,30.0,beat_this
eDDXIycpNNU.wav,20.24,0.0,30.0,beat_this
eDDXIycpNNU.wav,20.48,0.0,30.0,beat_this
eDDXIycpNNU.wav,20.66,0.0,30.0,beat_this
eDDXIycpNNU.wav,20.86,0.0,30.0,beat_this
eDDXIycpNNU.wav,21.04,0.0,30.0,beat_this
eDDXIycpNNU.wav,21.24,0.0,30.0,beat_this
eDDXIycpNNU.wav,21.42,0.0,30.0,beat_this
eDDXIycpNNU.wav,21.64,0.0,30.0,beat_this
eDDXIycpNNU.wav,21.84,0.0,30.0,beat_this
eDDXIycpNNU.wav,22.24,0.0,30.0,beat_this
eDDXIycpNNU.wav,22.46,0.0,30.0,beat_this
eDDXIycpNNU.wav,22.62,0.0,30.0,beat_this
eDDXIycpNNU.wav,22.84,0.0,30.0,beat_this
eDDXIycpNNU.wav,23.04,0.0,30.0,beat_this
eDDXIycpNNU.wav,23.24,0.0,30.0,beat_this
eDDXIycpNNU.wav,23.44,0.0,30.0,beat_this
eDDXIycpNNU.wav,23.62,0.0,30.0,beat_this
eDDXIycpNNU.wav,23.82,0.0,30.0,beat_this
eDDXIycpNNU.wav,24.0,0.0,30.0,beat_this
eDDXIycpNNU.wav,24.22,0.0,30.0,beat_this
eDDXIycpNNU.wav,24.46,0.0,30.0,beat_this
eDDXIycpNNU.wav,24.64,0.0,30.0,beat_this
eDDXIycpNNU.wav,24.8,0.0,30.0,beat_this
eDDXIycpNNU.wav,25.02,0.0,30.0,beat_this
eDDXIycpNNU.wav,25.4,0.0,30.0,beat_this
eDDXIycpNNU.wav,25.62,0.0,30.0,beat_this
eDDXIycpNNU.wav,25.8,0.0,30.0,beat_this
eDDXIycpNNU.wav,26.04,0.0,30.0,beat_this
eDDXIycpNNU.wav,26.18,0.0,30.0,beat_this
eDDXIycpNNU.wav,26.42,0.0,30.0,beat_this
eDDXIycpNNU.wav,26.58,0.0,30.0,beat_this
eDDXIycpNNU.wav,26.8,0.0,30.0,beat_this
eDDXIycpNNU.wav,26.96,0.0,30.0,beat_this
eDDXIycpNNU.wav,27.2,0.0,30.0,beat_this
eDDXIycpNNU.wav,27.34,0.0,30.0,beat_this
eDDXIycpNNU.wav,27.58,0.0,30.0,beat_this
eDDXIycpNNU.wav,27.74,0.0,30.0,beat_this
eDDXIycpNNU.wav,27.96,0.0,30.0,beat_this
eDDXIycpNNU.wav,28.16,0.0,30.0,beat_this
eDDXIycpNNU.wav,28.34,0.0,30.0,beat_this
eDDXIycpNNU.wav,28.54,0.0,30.0,beat_this
eDDXIycpNNU.wav,28.76,0.0,30.0,beat_this
eDDXIycpNNU.wav,28.96,0.0,30.0,beat_this
eDDXIycpNNU.wav,29.16,0.0,30.0,beat_this
eDDXIycpNNU.wav,29.36,0.0,30.0,beat_this
eDDXIycpNNU.wav,29.56,0.0,30.0,beat_this
eDDXIycpNNU.wav,29.72,0.0,30.0,beat_this
eDDXIycpNNU.wav,29.94,0.0,30.0,beat_this
eQbTz-OUyfA.wav,0.04,0.0,30.0,beat_this
eQbTz-OUyfA.wav,0.64,0.0,30.0,beat_this
eQbTz-OUyfA.wav,1.22,0.0,30.0,beat_this
eQbTz-OUyfA.wav,1.82,0.0,30.0,beat_this
eQbTz-OUyfA.wav,2.4,0.0,30.0,beat_this
eQbTz-OUyfA.wav,3.0,0.0,30.0,beat_this
eQbTz-OUyfA.wav,3.58,0.0,30.0,beat_this
eQbTz-OUyfA.wav,4.16,0.0,30.0,beat_this
eQbTz-OUyfA.wav,4.76,0.0,30.0,beat_this
eQbTz-OUyfA.wav,5.34,0.0,30.0,beat_this
eQbTz-OUyfA.wav,5.94,0.0,30.0,beat_this
eQbTz-OUyfA.wav,6.52,0.0,30.0,beat_this
eQbTz-OUyfA.wav,7.1,0.0,30.0,beat_this
eQbTz-OUyfA.wav,7.7,0.0,30.0,beat_this
eQbTz-OUyfA.wav,8.28,0.0,30.0,beat_this
eQbTz-OUyfA.wav,8.88,0.0,30.0,beat_this
eQbTz-OUyfA.wav,9.46,0.0,30.0,beat_this
eQbTz-OUyfA.wav,10.04,0.0,30.0,beat_this
eQbTz-OUyfA.wav,10.64,0.0,30.0,beat_this
eQbTz-OUyfA.wav,11.22,0.0,30.0,beat_this
eQbTz-OUyfA.wav,11.82,0.0,30.0,beat_this
eQbTz-OUyfA.wav,12.4,0.0,30.0,beat_this
eQbTz-OUyfA.wav,12.98,0.0,30.0,beat_this
eQbTz-OUyfA.wav,13.58,0.0,30.0,beat_this
eQbTz-OUyfA.wav,14.16,0.0,30.0,beat_this
eQbTz-OUyfA.wav,14.76,0.0,30.0,beat_this
eQbTz-OUyfA.wav,15.34,0.0,30.0,beat_this
eQbTz-OUyfA.wav,15.94,0.0,30.0,beat_this
eQbTz-OUyfA.wav,16.52,0.0,30.0,beat_this
eQbTz-OUyfA.wav,17.1,0.0,30.0,beat_this
eQbTz-OUyfA.wav,17.7,0.0,30.0,beat_this
eQbTz-OUyfA.wav,18.28,0.0,30.0,beat_this
eQbTz-OUyfA.wav,18.88,0.0,30.0,beat_this
eQbTz-OUyfA.wav,19.46,0.0,30.0,beat_this
eQbTz-OUyfA.wav,20.04,0.0,30.0,beat_this
eQbTz-OUyfA.wav,20.64,0.0,30.0,beat_this
eQbTz-OUyfA.wav,21.22,0.0,30.0,beat_this
eQbTz-OUyfA.wav,21.82,0.0,30.0,beat_this
eQbTz-OUyfA.wav,22.4,0.0,30.0,beat_this
eQbTz-OUyfA.wav,22.98,0.0,30.0,beat_this
eQbTz-OUyfA.wav,23.58,0.0,30.0,beat_this
eQbTz-OUyfA.wav,24.16,0.0,30.0,beat_this
eQbTz-OUyfA.wav,24.76,0.0,30.0,beat_this
eQbTz-OUyfA.wav,25.34,0.0,30.0,beat_this
eQbTz-OUyfA.wav,25.94,0.0,30.0,beat_this
eQbTz-OUyfA.wav,26.52,0.0,30.0,beat_this
eQbTz-OUyfA.wav,27.12,0.0,30.0,beat_this
eQbTz-OUyfA.wav,27.7,0.0,30.0,beat_this
eQbTz-OUyfA.wav,28.28,0.0,30.0,beat_this
eQbTz-OUyfA.wav,28.88,0.0,30.0,beat_this
eQbTz-OUyfA.wav,29.46,0.0,30.0,beat_this
ebHTsxs9j4A.wav,0.06,0.0,30.0,beat_this
ebHTsxs9j4A.wav,0.72,0.0,30.0,beat_this
ebHTsxs9j4A.wav,1.34,0.0,30.0,beat_this
ebHTsxs9j4A.wav,2.0,0.0,30.0,beat_this
ebHTsxs9j4A.wav,2.64,0.0,30.0,beat_this
ebHTsxs9j4A.wav,3.3,0.0,30.0,beat_this
ebHTsxs9j4A.wav,3.92,0.0,30.0,beat_this
ebHTsxs9j4A.wav,4.58,0.0,30.0,beat_this
ebHTsxs9j4A.wav,5.24,0.0,30.0,beat_this
ebHTsxs9j4A.wav,5.88,0.0,30.0,beat_this
ebHTsxs9j4A.wav,6.5,0.0,30.0,beat_this
ebHTsxs9j4A.wav,7.16,0.0,30.0,beat_this
ebHTsxs9j4A.wav,7.82,0.0,30.0,beat_this
ebHTsxs9j4A.wav,8.46,0.0,30.0,beat_this
ebHTsxs9j4A.wav,9.08,0.0,30.0,beat_this
ebHTsxs9j4A.wav,9.74,0.0,30.0,beat_this
ebHTsxs9j4A.wav,10.4,0.0,30.0,beat_this
ebHTsxs9j4A.wav,11.04,0.0,30.0,beat_this
ebHTsxs9j4A.wav,11.66,0.0,30.0,beat_this
ebHTsxs9j4A.wav,12.32,0.0,30.0,beat_this
ebHTsxs9j4A.wav,12.98,0.0,30.0,beat_this
ebHTsxs9j4A.wav,13.62,0.0,30.0,beat_this
ebHTsxs9j4A.wav,14.24,0.0,30.0,beat_this
ebHTsxs9j4A.wav,14.9,0.0,30.0,beat_this
ebHTsxs9j4A.wav,15.54,0.0,30.0,beat_this
ebHTsxs9j4A.wav,16.18,0.0,30.0,beat_this
ebHTsxs9j4A.wav,16.82,0.0,30.0,beat_this
ebHTsxs9j4A.wav,17.48,0.0,30.0,beat_this
ebHTsxs9j4A.wav,18.14,0.0,30.0,beat_this
ebHTsxs9j4A.wav,18.78,0.0,30.0,beat_this
ebHTsxs9j4A.wav,19.4,0.0,30.0,beat_this
ebHTsxs9j4A.wav,20.06,0.0,30.0,beat_this
ebHTsxs9j4A.wav,20.72,0.0,30.0,beat_this
ebHTsxs9j4A.wav,21.36,0.0,30.0,beat_this
ebHTsxs9j4A.wav,21.98,0.0,30.0,beat_this
ebHTsxs9j4A.wav,22.64,0.0,30.0,beat_this
ebHTsxs9j4A.wav,23.3,0.0,30.0,beat_this
ebHTsxs9j4A.wav,23.94,0.0,30.0,beat_this
ebHTsxs9j4A.wav,24.56,0.0,30.0,beat_this
ebHTsxs9j4A.wav,25.22,0.0,30.0,beat_this
ebHTsxs9j4A.wav,25.88,0.0,30.0,beat_this
ebHTsxs9j4A.wav,26.52,0.0,30.0,beat_this
ebHTsxs9j4A.wav,27.18,0.0,30.0,beat_this
ebHTsxs9j4A.wav,27.82,0.0,30.0,beat_this
ebHTsxs9j4A.wav,28.46,0.0,30.0,beat_this
ebHTsxs9j4A.wav,29.1,0.0,30.0,beat_this
ebHTsxs9j4A.wav,29.72,0.0,30.0,beat_this
ebgt9w3tLcQ.wav,0.5,0.0,30.0,beat_this
ebgt9w3tLcQ.wav,1.12,0.0,30.0,beat_this
ebgt9w3tLcQ.wav,1.72,0.0,30.0,beat_this
ebgt9w3tLcQ.wav,2.34,0.0,30.0,beat_this
ebgt9w3tLcQ.wav,2.96,0.0,30.0,beat_this
ebgt9w3tLcQ.wav,3.56,0.0,30.0,beat_this
ebgt9w3tLcQ.wav,4.16,0.0,30.0,beat_this
ebgt9w3tLcQ.wav,4.76,0.0,30.0,beat_this
ebgt9w3tLcQ.wav,5.38,0.0,30.0,beat_this
ebgt9w3tLcQ.wav,6.0,0.0,30.0,beat_this
ebgt9w3tLcQ.wav,6.6,0.0,30.0,beat_this
ebgt9w3tLcQ.wav,7.22,0.0,30.0,beat_this
ebgt9w3tLcQ.wav,7.8,0.0,30.0,beat_this
ebgt9w3tLcQ.wav,8.42,0.0,30.0,beat_this
ebgt9w3tLcQ.wav,9.02,0.0,30.0,beat_this
ebgt9w3tLcQ.wav,9.64,0.0,30.0,beat_this
ebgt9w3tLcQ.wav,10.26,0.0,30.0,beat_this
ebgt9w3tLcQ.wav,10.86,0.0,30.0,beat_this
ebgt9w3tLcQ.wav,11.48,0.0,30.0,beat_this
ebgt9w3tLcQ.wav,12.08,0.0,30.0,beat_this
ebgt9w3tLcQ.wav,12.68,0.0,30.0,beat_this
ebgt9w3tLcQ.wav,13.3,0.0,30.0,beat_this
ebgt9w3tLcQ.wav,13.9,0.0,30.0,beat_this
ebgt9w3tLcQ.wav,14.52,0.0,30.0,beat_this
ebgt9w3tLcQ.wav,15.12,0.0,30.0,beat_this
ebgt9w3tLcQ.wav,15.74,0.0,30.0,beat_this
ebgt9w3tLcQ.wav,16.34,0.0,30.0,beat_this
ebgt9w3tLcQ.wav,16.94,0.0,30.0,beat_this
ebgt9w3tLcQ.wav,17.56,0.0,30.0,beat_this
ebgt9w3tLcQ.wav,18.18,0.0,30.0,beat_this
ebgt9w3tLcQ.wav,18.78,0.0,30.0,beat_this
ebgt9w3tLcQ.wav,19.38,0.0,30.0,beat_this
ebgt9w3tLcQ.wav,19.98,0.0,30.0,beat_this
ebgt9w3tLcQ.wav,20.6,0.0,30.0,beat_this
ebgt9w3tLcQ.wav,21.22,0.0,30.0,beat_this
ebgt9w3tLcQ.wav,21.8,0.0,30.0,beat_this
ebgt9w3tLcQ.wav,22.42,0.0,30.0,beat_this
ebgt9w3tLcQ.wav,23.02,0.0,30.0,beat_this
ebgt9w3tLcQ.wav,23.64,0.0,30.0,beat_this
ebgt9w3tLcQ.wav,24.24,0.0,30.0,beat_this
ebgt9w3tLcQ.wav,24.82,0.0,30.0,beat_this
ebgt9w3tLcQ.wav,25.48,0.0,30.0,beat_this
ebgt9w3tLcQ.wav,26.08,0.0,30.0,beat_this
ebgt9w3tLcQ.wav,26.7,0.0,30.0,beat_this
ebgt9w3tLcQ.wav,27.3,0.0,30.0,beat_this
ebgt9w3tLcQ.wav,27.92,0.0,30.0,beat_this
ebgt9w3tLcQ.wav,28.54,0.0,30.0,beat_this
ebgt9w3tLcQ.wav,29.14,0.0,30.0,beat_this
ebgt9w3tLcQ.wav,29.74,0.0,30.0,beat_this
f8edbq7JoqQ.wav,0.04,0.0,30.0,beat_this
f8edbq7JoqQ.wav,0.76,0.0,30.0,beat_this
f8edbq7JoqQ.wav,1.44,0.0,30.0,beat_this
f8edbq7JoqQ.wav,2.14,0.0,30.0,beat_this
f8edbq7JoqQ.wav,2.84,0.0,30.0,beat_this
f8edbq7JoqQ.wav,3.54,0.0,30.0,beat_this
f8edbq7JoqQ.wav,4.22,0.0,30.0,beat_this
f8edbq7JoqQ.wav,4.94,0.0,30.0,beat_this
f8edbq7JoqQ.wav,5.64,0.0,30.0,beat_this
f8edbq7JoqQ.wav,6.32,0.0,30.0,beat_this
f8edbq7JoqQ.wav,7.02,0.0,30.0,beat_this
f8edbq7JoqQ.wav,7.72,0.0,30.0,beat_this
f8edbq7JoqQ.wav,8.42,0.0,30.0,beat_this
f8edbq7JoqQ.wav,9.12,0.0,30.0,beat_this
f8edbq7JoqQ.wav,9.82,0.0,30.0,beat_this
f8edbq7JoqQ.wav,10.52,0.0,30.0,beat_this
f8edbq7JoqQ.wav,11.2,0.0,30.0,beat_this
f8edbq7JoqQ.wav,11.92,0.0,30.0,beat_this
f8edbq7JoqQ.wav,12.6,0.0,30.0,beat_this
f8edbq7JoqQ.wav,13.28,0.0,30.0,beat_this
f8edbq7JoqQ.wav,13.98,0.0,30.0,beat_this
f8edbq7JoqQ.wav,14.7,0.0,30.0,beat_this
f8edbq7JoqQ.wav,15.38,0.0,30.0,beat_this
f8edbq7JoqQ.wav,16.1,0.0,30.0,beat_this
f8edbq7JoqQ.wav,16.8,0.0,30.0,beat_this
f8edbq7JoqQ.wav,17.5,0.0,30.0,beat_this
f8edbq7JoqQ.wav,18.18,0.0,30.0,beat_this
f8edbq7JoqQ.wav,18.88,0.0,30.0,beat_this
f8edbq7JoqQ.wav,19.6,0.0,30.0,beat_this
f8edbq7JoqQ.wav,20.28,0.0,30.0,beat_this
f8edbq7JoqQ.wav,20.98,0.0,30.0,beat_this
f8edbq7JoqQ.wav,21.68,0.0,30.0,beat_this
f8edbq7JoqQ.wav,22.38,0.0,30.0,beat_this
f8edbq7JoqQ.wav,23.08,0.0,30.0,beat_this
f8edbq7JoqQ.wav,23.76,0.0,30.0,beat_this
f8edbq7JoqQ.wav,24.48,0.0,30.0,beat_this
f8edbq7JoqQ.wav,25.18,0.0,30.0,beat_this
f8edbq7JoqQ.wav,25.88,0.0,30.0,beat_this
f8edbq7JoqQ.wav,26.56,0.0,30.0,beat_this
f8edbq7JoqQ.wav,27.26,0.0,30.0,beat_this
f8edbq7JoqQ.wav,27.96,0.0,30.0,beat_this
f8edbq7JoqQ.wav,28.66,0.0,30.0,beat_this
f8edbq7JoqQ.wav,29.36,0.0,30.0,beat_this
f9a5K5vowLo.wav,0.34,0.0,30.0,beat_this
f9a5K5vowLo.wav,1.0,0.0,30.0,beat_this
f9a5K5vowLo.wav,1.66,0.0,30.0,beat_this
f9a5K5vowLo.wav,2.32,0.0,30.0,beat_this
f9a5K5vowLo.wav,2.98,0.0,30.0,beat_this
f9a5K5vowLo.wav,3.64,0.0,30.0,beat_this
f9a5K5vowLo.wav,4.3,0.0,30.0,beat_this
f9a5K5vowLo.wav,4.96,0.0,30.0,beat_this
f9a5K5vowLo.wav,5.62,0.0,30.0,beat_this
f9a5K5vowLo.wav,6.28,0.0,30.0,beat_this
f9a5K5vowLo.wav,6.94,0.0,30.0,beat_this
f9a5K5vowLo.wav,7.58,0.0,30.0,beat_this
f9a5K5vowLo.wav,8.24,0.0,30.0,beat_this
f9a5K5vowLo.wav,8.9,0.0,30.0,beat_this
f9a5K5vowLo.wav,9.58,0.0,30.0,beat_this
f9a5K5vowLo.wav,10.24,0.0,30.0,beat_this
f9a5K5vowLo.wav,10.88,0.0,30.0,beat_this
f9a5K5vowLo.wav,11.54,0.0,30.0,beat_this
f9a5K5vowLo.wav,12.2,0.0,30.0,beat_this
f9a5K5vowLo.wav,12.88,0.0,30.0,beat_this
f9a5K5vowLo.wav,13.54,0.0,30.0,beat_this
f9a5K5vowLo.wav,14.2,0.0,30.0,beat_this
f9a5K5vowLo.wav,14.86,0.0,30.0,beat_this
f9a5K5vowLo.wav,15.5,0.0,30.0,beat_this
f9a5K5vowLo.wav,16.18,0.0,30.0,beat_this
f9a5K5vowLo.wav,16.84,0.0,30.0,beat_this
f9a5K5vowLo.wav,17.5,0.0,30.0,beat_this
f9a5K5vowLo.wav,18.14,0.0,30.0,beat_this
f9a5K5vowLo.wav,18.82,0.0,30.0,beat_this
f9a5K5vowLo.wav,19.46,0.0,30.0,beat_this
f9a5K5vowLo.wav,20.12,0.0,30.0,beat_this
f9a5K5vowLo.wav,20.8,0.0,30.0,beat_this
f9a5K5vowLo.wav,21.46,0.0,30.0,beat_this
f9a5K5vowLo.wav,22.1,0.0,30.0,beat_this
f9a5K5vowLo.wav,22.76,0.0,30.0,beat_this
f9a5K5vowLo.wav,23.42,0.0,30.0,beat_this
f9a5K5vowLo.wav,24.06,0.0,30.0,beat_this
f9a5K5vowLo.wav,24.74,0.0,30.0,beat_this
f9a5K5vowLo.wav,25.4,0.0,30.0,beat_this
f9a5K5vowLo.wav,26.06,0.0,30.0,beat_this
f9a5K5vowLo.wav,26.72,0.0,30.0,beat_this
f9a5K5vowLo.wav,27.36,0.0,30.0,beat_this
f9a5K5vowLo.wav,28.04,0.0,30.0,beat_this
f9a5K5vowLo.wav,28.68,0.0,30.0,beat_this
f9a5K5vowLo.wav,29.34,0.0,30.0,beat_this
f9a5K5vowLo.wav,29.98,0.0,30.0,beat_this
faAObMnqMKY.wav,0.5,0.0,30.0,beat_this
faAObMnqMKY.wav,1.32,0.0,30.0,beat_this
faAObMnqMKY.wav,2.16,0.0,30.0,beat_this
faAObMnqMKY.wav,2.98,0.0,30.0,beat_this
faAObMnqMKY.wav,3.8,0.0,30.0,beat_this
faAObMnqMKY.wav,4.64,0.0,30.0,beat_this
faAObMnqMKY.wav,5.46,0.0,30.0,beat_this
faAObMnqMKY.wav,6.28,0.0,30.0,beat_this
faAObMnqMKY.wav,7.12,0.0,30.0,beat_this
faAObMnqMKY.wav,7.94,0.0,30.0,beat_this
faAObMnqMKY.wav,8.78,0.0,30.0,beat_this
faAObMnqMKY.wav,9.6,0.0,30.0,beat_this
faAObMnqMKY.wav,10.42,0.0,30.0,beat_this
faAObMnqMKY.wav,11.26,0.0,30.0,beat_this
faAObMnqMKY.wav,12.08,0.0,30.0,beat_this
faAObMnqMKY.wav,12.9,0.0,30.0,beat_this
faAObMnqMKY.wav,13.74,0.0,30.0,beat_this
faAObMnqMKY.wav,14.58,0.0,30.0,beat_this
faAObMnqMKY.wav,15.4,0.0,30.0,beat_this
faAObMnqMKY.wav,16.24,0.0,30.0,beat_this
faAObMnqMKY.wav,17.06,0.0,30.0,beat_this
faAObMnqMKY.wav,17.9,0.0,30.0,beat_this
faAObMnqMKY.wav,18.72,0.0,30.0,beat_this
faAObMnqMKY.wav,19.54,0.0,30.0,beat_this
faAObMnqMKY.wav,20.36,0.0,30.0,beat_this
faAObMnqMKY.wav,21.2,0.0,30.0,beat_this
faAObMnqMKY.wav,22.02,0.0,30.0,beat_this
faAObMnqMKY.wav,22.84,0.0,30.0,beat_this
faAObMnqMKY.wav,23.66,0.0,30.0,beat_this
faAObMnqMKY.wav,24.5,0.0,30.0,beat_this
faAObMnqMKY.wav,25.34,0.0,30.0,beat_this
faAObMnqMKY.wav,26.16,0.0,30.0,beat_this
faAObMnqMKY.wav,26.98,0.0,30.0,beat_this
faAObMnqMKY.wav,27.82,0.0,30.0,beat_this
faAObMnqMKY.wav,28.64,0.0,30.0,beat_this
faAObMnqMKY.wav,29.44,0.0,30.0,beat_this
fkbhJS6HXLo.wav,0.28,0.0,30.0,beat_this
fkbhJS6HXLo.wav,1.04,0.0,30.0,beat_this
fkbhJS6HXLo.wav,1.82,0.0,30.0,beat_this
fkbhJS6HXLo.wav,2.6,0.0,30.0,beat_this
fkbhJS6HXLo.wav,3.36,0.0,30.0,beat_this
fkbhJS6HXLo.wav,4.14,0.0,30.0,beat_this
fkbhJS6HXLo.wav,4.9,0.0,30.0,beat_this
fkbhJS6HXLo.wav,5.68,0.0,30.0,beat_this
fkbhJS6HXLo.wav,6.46,0.0,30.0,beat_this
fkbhJS6HXLo.wav,7.24,0.0,30.0,beat_this
fkbhJS6HXLo.wav,8.0,0.0,30.0,beat_this
fkbhJS6HXLo.wav,8.78,0.0,30.0,beat_this
fkbhJS6HXLo.wav,9.56,0.0,30.0,beat_this
fkbhJS6HXLo.wav,10.34,0.0,30.0,beat_this
fkbhJS6HXLo.wav,11.1,0.0,30.0,beat_this
fkbhJS6HXLo.wav,11.88,0.0,30.0,beat_this
fkbhJS6HXLo.wav,12.66,0.0,30.0,beat_this
fkbhJS6HXLo.wav,13.44,0.0,30.0,beat_this
fkbhJS6HXLo.wav,14.2,0.0,30.0,beat_this
fkbhJS6HXLo.wav,14.98,0.0,30.0,beat_this
fkbhJS6HXLo.wav,15.74,0.0,30.0,beat_this
fkbhJS6HXLo.wav,16.52,0.0,30.0,beat_this
fkbhJS6HXLo.wav,17.3,0.0,30.0,beat_this
fkbhJS6HXLo.wav,18.08,0.0,30.0,beat_this
fkbhJS6HXLo.wav,18.86,0.0,30.0,beat_this
fkbhJS6HXLo.wav,19.64,0.0,30.0,beat_this
fkbhJS6HXLo.wav,20.4,0.0,30.0,beat_this
fkbhJS6HXLo.wav,21.18,0.0,30.0,beat_this
fkbhJS6HXLo.wav,21.96,0.0,30.0,beat_this
fkbhJS6HXLo.wav,22.72,0.0,30.0,beat_this
fkbhJS6HXLo.wav,23.48,0.0,30.0,beat_this
fkbhJS6HXLo.wav,24.26,0.0,30.0,beat_this
fkbhJS6HXLo.wav,25.04,0.0,30.0,beat_this
fkbhJS6HXLo.wav,25.82,0.0,30.0,beat_this
fkbhJS6HXLo.wav,26.6,0.0,30.0,beat_this
fkbhJS6HXLo.wav,27.38,0.0,30.0,beat_this
fkbhJS6HXLo.wav,28.16,0.0,30.0,beat_this
fkbhJS6HXLo.wav,28.92,0.0,30.0,beat_this
fkbhJS6HXLo.wav,29.7,0.0,30.0,beat_this
fmZ_nkEkZ_c.wav,0.0,0.0,30.0,beat_this
fmZ_nkEkZ_c.wav,0.62,0.0,30.0,beat_this
fmZ_nkEkZ_c.wav,1.24,0.0,30.0,beat_this
fmZ_nkEkZ_c.wav,1.86,0.0,30.0,beat_this
fmZ_nkEkZ_c.wav,2.48,0.0,30.0,beat_this
fmZ_nkEkZ_c.wav,3.1,0.0,30.0,beat_this
fmZ_nkEkZ_c.wav,3.72,0.0,30.0,beat_this
fmZ_nkEkZ_c.wav,4.34,0.0,30.0,beat_this
fmZ_nkEkZ_c.wav,4.96,0.0,30.0,beat_this
fmZ_nkEkZ_c.wav,5.56,0.0,30.0,beat_this
fmZ_nkEkZ_c.wav,6.2,0.0,30.0,beat_this
fmZ_nkEkZ_c.wav,6.82,0.0,30.0,beat_this
fmZ_nkEkZ_c.wav,7.44,0.0,30.0,beat_this
fmZ_nkEkZ_c.wav,8.06,0.0,30.0,beat_this
fmZ_nkEkZ_c.wav,8.68,0.0,30.0,beat_this
fmZ_nkEkZ_c.wav,9.3,0.0,30.0,beat_this
fmZ_nkEkZ_c.wav,9.9,0.0,30.0,beat_this
fmZ_nkEkZ_c.wav,10.52,0.0,30.0,beat_this
fmZ_nkEkZ_c.wav,11.14,0.0,30.0,beat_this
fmZ_nkEkZ_c.wav,11.76,0.0,30.0,beat_this
fmZ_nkEkZ_c.wav,12.38,0.0,30.0,beat_this
fmZ_nkEkZ_c.wav,13.0,0.0,30.0,beat_this
fmZ_nkEkZ_c.wav,13.62,0.0,30.0,beat_this
fmZ_nkEkZ_c.wav,14.24,0.0,30.0,beat_this
fmZ_nkEkZ_c.wav,14.84,0.0,30.0,beat_this
fmZ_nkEkZ_c.wav,15.46,0.0,30.0,beat_this
fmZ_nkEkZ_c.wav,16.1,0.0,30.0,beat_this
fmZ_nkEkZ_c.wav,16.72,0.0,30.0,beat_this
fmZ_nkEkZ_c.wav,17.34,0.0,30.0,beat_this
fmZ_nkEkZ_c.wav,17.96,0.0,30.0,beat_this
fmZ_nkEkZ_c.wav,18.56,0.0,30.0,beat_this
fmZ_nkEkZ_c.wav,19.2,0.0,30.0,beat_this
fmZ_nkEkZ_c.wav,19.8,0.0,30.0,beat_this
fmZ_nkEkZ_c.wav,20.4,0.0,30.0,beat_this
fmZ_nkEkZ_c.wav,21.04,0.0,30.0,beat_this
fmZ_nkEkZ_c.wav,21.66,0.0,30.0,beat_this
fmZ_nkEkZ_c.wav,22.28,0.0,30.0,beat_this
fmZ_nkEkZ_c.wav,22.9,0.0,30.0,beat_this
fmZ_nkEkZ_c.wav,23.52,0.0,30.0,beat_this
fmZ_nkEkZ_c.wav,24.12,0.0,30.0,beat_this
fmZ_nkEkZ_c.wav,24.74,0.0,30.0,beat_this
fmZ_nkEkZ_c.wav,25.36,0.0,30.0,beat_this
fmZ_nkEkZ_c.wav,25.98,0.0,30.0,beat_this
fmZ_nkEkZ_c.wav,26.6,0.0,30.0,beat_this
fmZ_nkEkZ_c.wav,27.22,0.0,30.0,beat_this
fmZ_nkEkZ_c.wav,27.84,0.0,30.0,beat_this
fmZ_nkEkZ_c.wav,28.46,0.0,30.0,beat_this
fmZ_nkEkZ_c.wav,29.06,0.0,30.0,beat_this
fmZ_nkEkZ_c.wav,29.7,0.0,30.0,beat_this
g6mNueuu8c8.wav,0.28,0.0,30.0,beat_this
g6mNueuu8c8.wav,0.8,0.0,30.0,beat_this
g6mNueuu8c8.wav,1.32,0.0,30.0,beat_this
g6mNueuu8c8.wav,1.86,0.0,30.0,beat_this
g6mNueuu8c8.wav,2.38,0.0,30.0,beat_this
g6mNueuu8c8.wav,2.9,0.0,30.0,beat_this
g6mNueuu8c8.wav,3.42,0.0,30.0,beat_this
g6mNueuu8c8.wav,3.94,0.0,30.0,beat_this
g6mNueuu8c8.wav,4.46,0.0,30.0,beat_this
g6mNueuu8c8.wav,4.98,0.0,30.0,beat_this
g6mNueuu8c8.wav,5.5,0.0,30.0,beat_this
g6mNueuu8c8.wav,6.04,0.0,30.0,beat_this
g6mNueuu8c8.wav,6.54,0.0,30.0,beat_this
g6mNueuu8c8.wav,7.08,0.0,30.0,beat_this
g6mNueuu8c8.wav,7.58,0.0,30.0,beat_this
g6mNueuu8c8.wav,8.1,0.0,30.0,beat_this
g6mNueuu8c8.wav,8.64,0.0,30.0,beat_this
g6mNueuu8c8.wav,9.16,0.0,30.0,beat_this
g6mNueuu8c8.wav,9.68,0.0,30.0,beat_this
g6mNueuu8c8.wav,10.2,0.0,30.0,beat_this
g6mNueuu8c8.wav,10.72,0.0,30.0,beat_this
g6mNueuu8c8.wav,11.24,0.0,30.0,beat_this
g6mNueuu8c8.wav,11.76,0.0,30.0,beat_this
g6mNueuu8c8.wav,12.28,0.0,30.0,beat_this
g6mNueuu8c8.wav,12.82,0.0,30.0,beat_this
g6mNueuu8c8.wav,13.32,0.0,30.0,beat_this
g6mNueuu8c8.wav,13.86,0.0,30.0,beat_this
g6mNueuu8c8.wav,14.38,0.0,30.0,beat_this
g6mNueuu8c8.wav,14.9,0.0,30.0,beat_this
g6mNueuu8c8.wav,15.42,0.0,30.0,beat_this
g6mNueuu8c8.wav,15.94,0.0,30.0,beat_this
g6mNueuu8c8.wav,16.46,0.0,30.0,beat_this
g6mNueuu8c8.wav,16.98,0.0,30.0,beat_this
g6mNueuu8c8.wav,17.5,0.0,30.0,beat_this
g6mNueuu8c8.wav,18.02,0.0,30.0,beat_this
g6mNueuu8c8.wav,18.54,0.0,30.0,beat_this
g6mNueuu8c8.wav,19.08,0.0,30.0,beat_this
g6mNueuu8c8.wav,19.6,0.0,30.0,beat_this
g6mNueuu8c8.wav,20.12,0.0,30.0,beat_this
g6mNueuu8c8.wav,20.64,0.0,30.0,beat_this
g6mNueuu8c8.wav,21.16,0.0,30.0,beat_this
g6mNueuu8c8.wav,21.68,0.0,30.0,beat_this
g6mNueuu8c8.wav,22.2,0.0,30.0,beat_this
g6mNueuu8c8.wav,22.72,0.0,30.0,beat_this
g6mNueuu8c8.wav,23.24,0.0,30.0,beat_this
g6mNueuu8c8.wav,23.76,0.0,30.0,beat_this
g6mNueuu8c8.wav,24.3,0.0,30.0,beat_this
g6mNueuu8c8.wav,24.82,0.0,30.0,beat_this
g6mNueuu8c8.wav,25.34,0.0,30.0,beat_this
g6mNueuu8c8.wav,25.86,0.0,30.0,beat_this
g6mNueuu8c8.wav,26.38,0.0,30.0,beat_this
g6mNueuu8c8.wav,26.88,0.0,30.0,beat_this
g6mNueuu8c8.wav,27.42,0.0,30.0,beat_this
g6mNueuu8c8.wav,27.94,0.0,30.0,beat_this
g6mNueuu8c8.wav,28.46,0.0,30.0,beat_this
g6mNueuu8c8.wav,28.98,0.0,30.0,beat_this
g6mNueuu8c8.wav,29.5,0.0,30.0,beat_this
g6mNueuu8c8.wav,30.0,0.0,30.0,beat_this
gRacamF19ZM.wav,0.26,0.0,30.0,beat_this
gRacamF19ZM.wav,0.86,0.0,30.0,beat_this
gRacamF19ZM.wav,1.46,0.0,30.0,beat_this
gRacamF19ZM.wav,2.04,0.0,30.0,beat_this
gRacamF19ZM.wav,2.64,0.0,30.0,beat_this
gRacamF19ZM.wav,3.26,0.0,30.0,beat_this
gRacamF19ZM.wav,3.84,0.0,30.0,beat_this
gRacamF19ZM.wav,4.44,0.0,30.0,beat_this
gRacamF19ZM.wav,5.06,0.0,30.0,beat_this
gRacamF19ZM.wav,5.64,0.0,30.0,beat_this
gRacamF19ZM.wav,6.24,0.0,30.0,beat_this
gRacamF19ZM.wav,6.84,0.0,30.0,beat_this
gRacamF19ZM.wav,7.44,0.0,30.0,beat_this
gRacamF19ZM.wav,8.06,0.0,30.0,beat_this
gRacamF19ZM.wav,8.64,0.0,30.0,beat_this
gRacamF19ZM.wav,9.26,0.0,30.0,beat_this
gRacamF19ZM.wav,9.84,0.0,30.0,beat_this
gRacamF19ZM.wav,10.44,0.0,30.0,beat_this
gRacamF19ZM.wav,11.06,0.0,30.0,beat_this
gRacamF19ZM.wav,11.64,0.0,30.0,beat_this
gRacamF19ZM.wav,12.24,0.0,30.0,beat_this
gRacamF19ZM.wav,12.84,0.0,30.0,beat_this
gRacamF19ZM.wav,13.44,0.0,30.0,beat_this
gRacamF19ZM.wav,14.02,0.0,30.0,beat_this
gRacamF19ZM.wav,14.62,0.0,30.0,beat_this
gRacamF19ZM.wav,15.24,0.0,30.0,beat_this
gRacamF19ZM.wav,15.84,0.0,30.0,beat_this
gRacamF19ZM.wav,16.42,0.0,30.0,beat_this
gRacamF19ZM.wav,17.04,0.0,30.0,beat_this
gRacamF19ZM.wav,17.66,0.0,30.0,beat_this
gRacamF19ZM.wav,18.26,0.0,30.0,beat_this
gRacamF19ZM.wav,18.86,0.0,30.0,beat_this
gRacamF19ZM.wav,19.46,0.0,30.0,beat_this
gRacamF19ZM.wav,20.06,0.0,30.0,beat_this
gRacamF19ZM.wav,20.66,0.0,30.0,beat_this
gRacamF19ZM.wav,21.26,0.0,30.0,beat_this
gRacamF19ZM.wav,21.86,0.0,30.0,beat_this
gRacamF19ZM.wav,22.46,0.0,30.0,beat_this
gRacamF19ZM.wav,23.06,0.0,30.0,beat_this
gRacamF19ZM.wav,23.66,0.0,30.0,beat_this
gRacamF19ZM.wav,24.26,0.0,30.0,beat_this
gRacamF19ZM.wav,24.86,0.0,30.0,beat_this
gRacamF19ZM.wav,25.46,0.0,30.0,beat_this
gRacamF19ZM.wav,26.06,0.0,30.0,beat_this
gRacamF19ZM.wav,26.66,0.0,30.0,beat_this
gRacamF19ZM.wav,27.26,0.0,30.0,beat_this
gRacamF19ZM.wav,27.86,0.0,30.0,beat_this
gRacamF19ZM.wav,28.46,0.0,30.0,beat_this
gRacamF19ZM.wav,29.06,0.0,30.0,beat_this
gRacamF19ZM.wav,29.66,0.0,30.0,beat_this
ggikYXT_Z9g.wav,0.18,0.0,30.0,beat_this
ggikYXT_Z9g.wav,1.0,0.0,30.0,beat_this
ggikYXT_Z9g.wav,1.84,0.0,30.0,beat_this
ggikYXT_Z9g.wav,2.68,0.0,30.0,beat_this
ggikYXT_Z9g.wav,3.54,0.0,30.0,beat_this
ggikYXT_Z9g.wav,4.4,0.0,30.0,beat_this
ggikYXT_Z9g.wav,5.24,0.0,30.0,beat_this
ggikYXT_Z9g.wav,6.08,0.0,30.0,beat_this
ggikYXT_Z9g.wav,6.94,0.0,30.0,beat_this
ggikYXT_Z9g.wav,7.8,0.0,30.0,beat_this
ggikYXT_Z9g.wav,8.64,0.0,30.0,beat_this
ggikYXT_Z9g.wav,9.48,0.0,30.0,beat_this
ggikYXT_Z9g.wav,10.36,0.0,30.0,beat_this
ggikYXT_Z9g.wav,11.2,0.0,30.0,beat_this
ggikYXT_Z9g.wav,12.04,0.0,30.0,beat_this
ggikYXT_Z9g.wav,12.88,0.0,30.0,beat_this
ggikYXT_Z9g.wav,13.74,0.0,30.0,beat_this
ggikYXT_Z9g.wav,14.58,0.0,30.0,beat_this
ggikYXT_Z9g.wav,15.44,0.0,30.0,beat_this
ggikYXT_Z9g.wav,16.3,0.0,30.0,beat_this
ggikYXT_Z9g.wav,17.14,0.0,30.0,beat_this
ggikYXT_Z9g.wav,18.0,0.0,30.0,beat_this
ggikYXT_Z9g.wav,18.86,0.0,30.0,beat_this
ggikYXT_Z9g.wav,19.72,0.0,30.0,beat_this
ggikYXT_Z9g.wav,20.56,0.0,30.0,beat_this
ggikYXT_Z9g.wav,21.42,0.0,30.0,beat_this
ggikYXT_Z9g.wav,22.24,0.0,30.0,beat_this
ggikYXT_Z9g.wav,23.1,0.0,30.0,beat_this
ggikYXT_Z9g.wav,23.94,0.0,30.0,beat_this
ggikYXT_Z9g.wav,24.8,0.0,30.0,beat_this
ggikYXT_Z9g.wav,25.66,0.0,30.0,beat_this
ggikYXT_Z9g.wav,26.52,0.0,30.0,beat_this
ggikYXT_Z9g.wav,27.36,0.0,30.0,beat_this
ggikYXT_Z9g.wav,28.22,0.0,30.0,beat_this
ggikYXT_Z9g.wav,29.08,0.0,30.0,beat_this
ggikYXT_Z9g.wav,29.92,0.0,30.0,beat_this
ggzR6BQXAk0.wav,0.0,0.0,30.0,beat_this
ggzR6BQXAk0.wav,0.86,0.0,30.0,beat_this
ggzR6BQXAk0.wav,1.7,0.0,30.0,beat_this
ggzR6BQXAk0.wav,2.56,0.0,30.0,beat_this
ggzR6BQXAk0.wav,3.44,0.0,30.0,beat_this
ggzR6BQXAk0.wav,4.28,0.0,30.0,beat_this
ggzR6BQXAk0.wav,5.14,0.0,30.0,beat_this
ggzR6BQXAk0.wav,6.0,0.0,30.0,beat_this
ggzR6BQXAk0.wav,6.86,0.0,30.0,beat_this
ggzR6BQXAk0.wav,7.72,0.0,30.0,beat_this
ggzR6BQXAk0.wav,8.58,0.0,30.0,beat_this
ggzR6BQXAk0.wav,9.02,0.0,30.0,beat_this
ggzR6BQXAk0.wav,9.42,0.0,30.0,beat_this
ggzR6BQXAk0.wav,10.28,0.0,30.0,beat_this
ggzR6BQXAk0.wav,10.72,0.0,30.0,beat_this
ggzR6BQXAk0.wav,11.14,0.0,30.0,beat_this
ggzR6BQXAk0.wav,12.0,0.0,30.0,beat_this
ggzR6BQXAk0.wav,12.86,0.0,30.0,beat_this
ggzR6BQXAk0.wav,13.72,0.0,30.0,beat_this
ggzR6BQXAk0.wav,14.14,0.0,30.0,beat_this
ggzR6BQXAk0.wav,14.56,0.0,30.0,beat_this
ggzR6BQXAk0.wav,15.42,0.0,30.0,beat_this
ggzR6BQXAk0.wav,16.28,0.0,30.0,beat_this
ggzR6BQXAk0.wav,17.14,0.0,30.0,beat_this
ggzR6BQXAk0.wav,17.98,0.0,30.0,beat_this
ggzR6BQXAk0.wav,18.86,0.0,30.0,beat_this
ggzR6BQXAk0.wav,19.72,0.0,30.0,beat_this
ggzR6BQXAk0.wav,20.56,0.0,30.0,beat_this
ggzR6BQXAk0.wav,21.42,0.0,30.0,beat_this
ggzR6BQXAk0.wav,22.28,0.0,30.0,beat_this
ggzR6BQXAk0.wav,22.72,0.0,30.0,beat_this
ggzR6BQXAk0.wav,23.14,0.0,30.0,beat_this
ggzR6BQXAk0.wav,24.0,0.0,30.0,beat_this
ggzR6BQXAk0.wav,24.44,0.0,30.0,beat_this
ggzR6BQXAk0.wav,24.86,0.0,30.0,beat_this
ggzR6BQXAk0.wav,25.72,0.0,30.0,beat_this
ggzR6BQXAk0.wav,26.58,0.0,30.0,beat_this
ggzR6BQXAk0.wav,27.44,0.0,30.0,beat_this
ggzR6BQXAk0.wav,28.28,0.0,30.0,beat_this
ggzR6BQXAk0.wav,29.14,0.0,30.0,beat_this
ggzR6BQXAk0.wav,29.98,0.0,30.0,beat_this
gktSILI4uGw.wav,0.36,0.0,30.0,beat_this
gktSILI4uGw.wav,0.92,0.0,30.0,beat_this
gktSILI4uGw.wav,1.5,0.0,30.0,beat_this
gktSILI4uGw.wav,2.08,0.0,30.0,beat_this
gktSILI4uGw.wav,2.64,0.0,30.0,beat_this
gktSILI4uGw.wav,3.22,0.0,30.0,beat_this
gktSILI4uGw.wav,3.8,0.0,30.0,beat_this
gktSILI4uGw.wav,4.36,0.0,30.0,beat_this
gktSILI4uGw.wav,4.92,0.0,30.0,beat_this
gktSILI4uGw.wav,5.48,0.0,30.0,beat_this
gktSILI4uGw.wav,6.06,0.0,30.0,beat_this
gktSILI4uGw.wav,6.62,0.0,30.0,beat_this
gktSILI4uGw.wav,7.22,0.0,30.0,beat_this
gktSILI4uGw.wav,7.8,0.0,30.0,beat_this
gktSILI4uGw.wav,8.36,0.0,30.0,beat_this
gktSILI4uGw.wav,8.92,0.0,30.0,beat_this
gktSILI4uGw.wav,9.5,0.0,30.0,beat_this
gktSILI4uGw.wav,10.06,0.0,30.0,beat_this
gktSILI4uGw.wav,10.64,0.0,30.0,beat_this
gktSILI4uGw.wav,11.22,0.0,30.0,beat_this
gktSILI4uGw.wav,11.78,0.0,30.0,beat_this
gktSILI4uGw.wav,12.34,0.0,30.0,beat_this
gktSILI4uGw.wav,12.92,0.0,30.0,beat_this
gktSILI4uGw.wav,13.5,0.0,30.0,beat_this
gktSILI4uGw.wav,14.06,0.0,30.0,beat_this
gktSILI4uGw.wav,14.64,0.0,30.0,beat_this
gktSILI4uGw.wav,15.22,0.0,30.0,beat_this
gktSILI4uGw.wav,15.78,0.0,30.0,beat_this
gktSILI4uGw.wav,16.36,0.0,30.0,beat_this
gktSILI4uGw.wav,16.94,0.0,30.0,beat_this
gktSILI4uGw.wav,17.5,0.0,30.0,beat_this
gktSILI4uGw.wav,18.08,0.0,30.0,beat_this
gktSILI4uGw.wav,18.66,0.0,30.0,beat_this
gktSILI4uGw.wav,19.24,0.0,30.0,beat_this
gktSILI4uGw.wav,19.8,0.0,30.0,beat_this
gktSILI4uGw.wav,20.36,0.0,30.0,beat_this
gktSILI4uGw.wav,20.94,0.0,30.0,beat_this
gktSILI4uGw.wav,21.5,0.0,30.0,beat_this
gktSILI4uGw.wav,22.08,0.0,30.0,beat_this
gktSILI4uGw.wav,22.64,0.0,30.0,beat_this
gktSILI4uGw.wav,23.22,0.0,30.0,beat_this
gktSILI4uGw.wav,23.8,0.0,30.0,beat_this
gktSILI4uGw.wav,24.36,0.0,30.0,beat_this
gktSILI4uGw.wav,24.92,0.0,30.0,beat_this
gktSILI4uGw.wav,25.5,0.0,30.0,beat_this
gktSILI4uGw.wav,26.08,0.0,30.0,beat_this
gktSILI4uGw.wav,26.64,0.0,30.0,beat_this
gktSILI4uGw.wav,27.22,0.0,30.0,beat_this
gktSILI4uGw.wav,27.8,0.0,30.0,beat_this
gktSILI4uGw.wav,28.38,0.0,30.0,beat_this
gktSILI4uGw.wav,28.94,0.0,30.0,beat_this
gktSILI4uGw.wav,29.52,0.0,30.0,beat_this
glaZwDDrTSo.wav,0.0,0.0,30.0,beat_this
glaZwDDrTSo.wav,6.88,0.0,30.0,beat_this
glaZwDDrTSo.wav,7.42,0.0,30.0,beat_this
glaZwDDrTSo.wav,7.92,0.0,30.0,beat_this
glaZwDDrTSo.wav,8.44,0.0,30.0,beat_this
glaZwDDrTSo.wav,8.94,0.0,30.0,beat_this
glaZwDDrTSo.wav,9.44,0.0,30.0,beat_this
glaZwDDrTSo.wav,9.94,0.0,30.0,beat_this
glaZwDDrTSo.wav,10.48,0.0,30.0,beat_this
glaZwDDrTSo.wav,11.0,0.0,30.0,beat_this
glaZwDDrTSo.wav,11.5,0.0,30.0,beat_this
glaZwDDrTSo.wav,12.0,0.0,30.0,beat_this
glaZwDDrTSo.wav,12.52,0.0,30.0,beat_this
glaZwDDrTSo.wav,13.04,0.0,30.0,beat_this
glaZwDDrTSo.wav,13.54,0.0,30.0,beat_this
glaZwDDrTSo.wav,14.06,0.0,30.0,beat_this
glaZwDDrTSo.wav,14.56,0.0,30.0,beat_this
glaZwDDrTSo.wav,15.08,0.0,30.0,beat_this
glaZwDDrTSo.wav,15.6,0.0,30.0,beat_this
glaZwDDrTSo.wav,16.1,0.0,30.0,beat_this
glaZwDDrTSo.wav,16.6,0.0,30.0,beat_this
glaZwDDrTSo.wav,17.1,0.0,30.0,beat_this
glaZwDDrTSo.wav,17.6,0.0,30.0,beat_this
glaZwDDrTSo.wav,18.1,0.0,30.0,beat_this
glaZwDDrTSo.wav,18.62,0.0,30.0,beat_this
glaZwDDrTSo.wav,19.14,0.0,30.0,beat_this
glaZwDDrTSo.wav,19.64,0.0,30.0,beat_this
glaZwDDrTSo.wav,20.16,0.0,30.0,beat_this
glaZwDDrTSo.wav,20.66,0.0,30.0,beat_this
glaZwDDrTSo.wav,21.18,0.0,30.0,beat_this
glaZwDDrTSo.wav,21.66,0.0,30.0,beat_this
glaZwDDrTSo.wav,22.18,0.0,30.0,beat_this
glaZwDDrTSo.wav,22.68,0.0,30.0,beat_this
glaZwDDrTSo.wav,23.2,0.0,30.0,beat_this
glaZwDDrTSo.wav,23.7,0.0,30.0,beat_this
glaZwDDrTSo.wav,24.22,0.0,30.0,beat_this
glaZwDDrTSo.wav,24.72,0.0,30.0,beat_this
glaZwDDrTSo.wav,25.22,0.0,30.0,beat_this
glaZwDDrTSo.wav,25.74,0.0,30.0,beat_this
glaZwDDrTSo.wav,26.28,0.0,30.0,beat_this
glaZwDDrTSo.wav,26.78,0.0,30.0,beat_this
glaZwDDrTSo.wav,27.28,0.0,30.0,beat_this
glaZwDDrTSo.wav,27.8,0.0,30.0,beat_this
glaZwDDrTSo.wav,28.28,0.0,30.0,beat_this
glaZwDDrTSo.wav,28.78,0.0,30.0,beat_this
glaZwDDrTSo.wav,29.38,0.0,30.0,beat_this
glaZwDDrTSo.wav,29.8,0.0,30.0,beat_this
glaZwDDrTSo.wav,29.94,0.0,30.0,beat_this
grjlXtjRC-U.wav,0.04,0.0,30.0,beat_this
grjlXtjRC-U.wav,0.88,0.0,30.0,beat_this
grjlXtjRC-U.wav,1.72,0.0,30.0,beat_this
grjlXtjRC-U.wav,2.54,0.0,30.0,beat_this
grjlXtjRC-U.wav,3.38,0.0,30.0,beat_this
grjlXtjRC-U.wav,4.22,0.0,30.0,beat_this
grjlXtjRC-U.wav,5.06,0.0,30.0,beat_this
grjlXtjRC-U.wav,5.9,0.0,30.0,beat_this
grjlXtjRC-U.wav,6.72,0.0,30.0,beat_this
grjlXtjRC-U.wav,7.54,0.0,30.0,beat_this
grjlXtjRC-U.wav,8.38,0.0,30.0,beat_this
grjlXtjRC-U.wav,9.22,0.0,30.0,beat_this
grjlXtjRC-U.wav,10.06,0.0,30.0,beat_this
grjlXtjRC-U.wav,10.88,0.0,30.0,beat_this
grjlXtjRC-U.wav,11.72,0.0,30.0,beat_this
grjlXtjRC-U.wav,12.56,0.0,30.0,beat_this
grjlXtjRC-U.wav,13.4,0.0,30.0,beat_this
grjlXtjRC-U.wav,14.22,0.0,30.0,beat_this
grjlXtjRC-U.wav,15.06,0.0,30.0,beat_this
grjlXtjRC-U.wav,15.88,0.0,30.0,beat_this
grjlXtjRC-U.wav,16.72,0.0,30.0,beat_this
grjlXtjRC-U.wav,17.54,0.0,30.0,beat_this
grjlXtjRC-U.wav,18.4,0.0,30.0,beat_this
grjlXtjRC-U.wav,19.22,0.0,30.0,beat_this
grjlXtjRC-U.wav,20.06,0.0,30.0,beat_this
grjlXtjRC-U.wav,20.9,0.0,30.0,beat_this
grjlXtjRC-U.wav,21.74,0.0,30.0,beat_this
grjlXtjRC-U.wav,22.54,0.0,30.0,beat_this
grjlXtjRC-U.wav,23.38,0.0,30.0,beat_this
grjlXtjRC-U.wav,24.22,0.0,30.0,beat_this
grjlXtjRC-U.wav,25.06,0.0,30.0,beat_this
grjlXtjRC-U.wav,25.88,0.0,30.0,beat_this
grjlXtjRC-U.wav,26.72,0.0,30.0,beat_this
grjlXtjRC-U.wav,27.54,0.0,30.0,beat_this
grjlXtjRC-U.wav,28.38,0.0,30.0,beat_this
grjlXtjRC-U.wav,29.22,0.0,30.0,beat_this
h7cOOfpdEfk.wav,0.02,0.0,30.0,beat_this
h7cOOfpdEfk.wav,0.48,0.0,30.0,beat_this
h7cOOfpdEfk.wav,0.94,0.0,30.0,beat_this
h7cOOfpdEfk.wav,1.4,0.0,30.0,beat_this
h7cOOfpdEfk.wav,1.86,0.0,30.0,beat_this
h7cOOfpdEfk.wav,2.34,0.0,30.0,beat_this
h7cOOfpdEfk.wav,2.78,0.0,30.0,beat_this
h7cOOfpdEfk.wav,3.26,0.0,30.0,beat_this
h7cOOfpdEfk.wav,3.72,0.0,30.0,beat_this
h7cOOfpdEfk.wav,4.18,0.0,30.0,beat_this
h7cOOfpdEfk.wav,4.64,0.0,30.0,beat_this
h7cOOfpdEfk.wav,5.1,0.0,30.0,beat_this
h7cOOfpdEfk.wav,5.56,0.0,30.0,beat_this
h7cOOfpdEfk.wav,6.02,0.0,30.0,beat_this
h7cOOfpdEfk.wav,6.48,0.0,30.0,beat_this
h7cOOfpdEfk.wav,6.96,0.0,30.0,beat_this
h7cOOfpdEfk.wav,7.42,0.0,30.0,beat_this
h7cOOfpdEfk.wav,7.88,0.0,30.0,beat_this
h7cOOfpdEfk.wav,8.8,0.0,30.0,beat_this
h7cOOfpdEfk.wav,9.26,0.0,30.0,beat_this
h7cOOfpdEfk.wav,9.72,0.0,30.0,beat_this
h7cOOfpdEfk.wav,10.18,0.0,30.0,beat_this
h7cOOfpdEfk.wav,10.64,0.0,30.0,beat_this
h7cOOfpdEfk.wav,11.1,0.0,30.0,beat_this
h7cOOfpdEfk.wav,11.58,0.0,30.0,beat_this
h7cOOfpdEfk.wav,12.04,0.0,30.0,beat_this
h7cOOfpdEfk.wav,12.5,0.0,30.0,beat_this
h7cOOfpdEfk.wav,12.96,0.0,30.0,beat_this
h7cOOfpdEfk.wav,13.4,0.0,30.0,beat_this
h7cOOfpdEfk.wav,13.88,0.0,30.0,beat_this
h7cOOfpdEfk.wav,14.32,0.0,30.0,beat_this
h7cOOfpdEfk.wav,14.8,0.0,30.0,beat_this
h7cOOfpdEfk.wav,15.26,0.0,30.0,beat_this
h7cOOfpdEfk.wav,15.72,0.0,30.0,beat_this
h7cOOfpdEfk.wav,16.18,0.0,30.0,beat_this
h7cOOfpdEfk.wav,16.64,0.0,30.0,beat_this
h7cOOfpdEfk.wav,17.1,0.0,30.0,beat_this
h7cOOfpdEfk.wav,17.56,0.0,30.0,beat_this
h7cOOfpdEfk.wav,18.02,0.0,30.0,beat_this
h7cOOfpdEfk.wav,18.48,0.0,30.0,beat_this
h7cOOfpdEfk.wav,18.94,0.0,30.0,beat_this
h7cOOfpdEfk.wav,19.4,0.0,30.0,beat_this
h7cOOfpdEfk.wav,19.88,0.0,30.0,beat_this
h7cOOfpdEfk.wav,20.34,0.0,30.0,beat_this
h7cOOfpdEfk.wav,20.8,0.0,30.0,beat_this
h7cOOfpdEfk.wav,21.26,0.0,30.0,beat_this
h7cOOfpdEfk.wav,21.72,0.0,30.0,beat_this
h7cOOfpdEfk.wav,22.18,0.0,30.0,beat_this
h7cOOfpdEfk.wav,22.64,0.0,30.0,beat_this
h7cOOfpdEfk.wav,23.1,0.0,30.0,beat_this
h7cOOfpdEfk.wav,23.56,0.0,30.0,beat_this
h7cOOfpdEfk.wav,24.48,0.0,30.0,beat_this
h7cOOfpdEfk.wav,24.94,0.0,30.0,beat_this
h7cOOfpdEfk.wav,25.4,0.0,30.0,beat_this
h7cOOfpdEfk.wav,25.86,0.0,30.0,beat_this
h7cOOfpdEfk.wav,26.32,0.0,30.0,beat_this
h7cOOfpdEfk.wav,27.26,0.0,30.0,beat_this
h7cOOfpdEfk.wav,27.7,0.0,30.0,beat_this
h7cOOfpdEfk.wav,28.16,0.0,30.0,beat_this
h7cOOfpdEfk.wav,28.64,0.0,30.0,beat_this
h7cOOfpdEfk.wav,29.1,0.0,30.0,beat_this
h7cOOfpdEfk.wav,29.56,0.0,30.0,beat_this
h7cOOfpdEfk.wav,30.0,0.0,30.0,beat_this
hC0AvnigvJc.wav,0.0,0.0,30.0,beat_this
hC0AvnigvJc.wav,2.06,0.0,30.0,beat_this
hC0AvnigvJc.wav,2.48,0.0,30.0,beat_this
hC0AvnigvJc.wav,7.84,0.0,30.0,beat_this
hC0AvnigvJc.wav,8.26,0.0,30.0,beat_this
hC0AvnigvJc.wav,8.72,0.0,30.0,beat_this
hC0AvnigvJc.wav,9.16,0.0,30.0,beat_this
hC0AvnigvJc.wav,9.62,0.0,30.0,beat_this
hC0AvnigvJc.wav,10.04,0.0,30.0,beat_this
hC0AvnigvJc.wav,10.94,0.0,30.0,beat_this
hC0AvnigvJc.wav,14.7,0.0,30.0,beat_this
hC0AvnigvJc.wav,15.16,0.0,30.0,beat_this
hC0AvnigvJc.wav,15.6,0.0,30.0,beat_this
hC0AvnigvJc.wav,16.04,0.0,30.0,beat_this
hC0AvnigvJc.wav,16.48,0.0,30.0,beat_this
hC0AvnigvJc.wav,16.92,0.0,30.0,beat_this
hC0AvnigvJc.wav,17.34,0.0,30.0,beat_this
hC0AvnigvJc.wav,17.78,0.0,30.0,beat_this
hC0AvnigvJc.wav,18.2,0.0,30.0,beat_this
hC0AvnigvJc.wav,18.64,0.0,30.0,beat_this
hC0AvnigvJc.wav,19.04,0.0,30.0,beat_this
hC0AvnigvJc.wav,19.48,0.0,30.0,beat_this
hC0AvnigvJc.wav,19.88,0.0,30.0,beat_this
hC0AvnigvJc.wav,20.3,0.0,30.0,beat_this
hC0AvnigvJc.wav,20.72,0.0,30.0,beat_this
hC0AvnigvJc.wav,21.14,0.0,30.0,beat_this
hC0AvnigvJc.wav,21.56,0.0,30.0,beat_this
hC0AvnigvJc.wav,21.98,0.0,30.0,beat_this
hC0AvnigvJc.wav,22.42,0.0,30.0,beat_this
hC0AvnigvJc.wav,22.84,0.0,30.0,beat_this
hC0AvnigvJc.wav,23.26,0.0,30.0,beat_this
hC0AvnigvJc.wav,23.68,0.0,30.0,beat_this
hC0AvnigvJc.wav,24.12,0.0,30.0,beat_this
hC0AvnigvJc.wav,24.54,0.0,30.0,beat_this
hC0AvnigvJc.wav,24.98,0.0,30.0,beat_this
hC0AvnigvJc.wav,25.4,0.0,30.0,beat_this
hC0AvnigvJc.wav,25.82,0.0,30.0,beat_this
hC0AvnigvJc.wav,26.24,0.0,30.0,beat_this
hC0AvnigvJc.wav,26.66,0.0,30.0,beat_this
hC0AvnigvJc.wav,27.08,0.0,30.0,beat_this
hC0AvnigvJc.wav,27.52,0.0,30.0,beat_this
hC0AvnigvJc.wav,27.94,0.0,30.0,beat_this
hC0AvnigvJc.wav,28.36,0.0,30.0,beat_this
hC0AvnigvJc.wav,28.8,0.0,30.0,beat_this
hC0AvnigvJc.wav,29.22,0.0,30.0,beat_this
hC0AvnigvJc.wav,29.64,0.0,30.0,beat_this
hV3i-2bykvo.wav,0.1,0.0,30.0,beat_this
hV3i-2bykvo.wav,0.78,0.0,30.0,beat_this
hV3i-2bykvo.wav,1.44,0.0,30.0,beat_this
hV3i-2bykvo.wav,2.1,0.0,30.0,beat_this
hV3i-2bykvo.wav,2.78,0.0,30.0,beat_this
hV3i-2bykvo.wav,3.44,0.0,30.0,beat_this
hV3i-2bykvo.wav,4.1,0.0,30.0,beat_this
hV3i-2bykvo.wav,4.78,0.0,30.0,beat_this
hV3i-2bykvo.wav,5.44,0.0,30.0,beat_this
hV3i-2bykvo.wav,6.12,0.0,30.0,beat_this
hV3i-2bykvo.wav,6.78,0.0,30.0,beat_this
hV3i-2bykvo.wav,7.44,0.0,30.0,beat_this
hV3i-2bykvo.wav,8.1,0.0,30.0,beat_this
hV3i-2bykvo.wav,8.78,0.0,30.0,beat_this
hV3i-2bykvo.wav,9.44,0.0,30.0,beat_this
hV3i-2bykvo.wav,10.12,0.0,30.0,beat_this
hV3i-2bykvo.wav,10.78,0.0,30.0,beat_this
hV3i-2bykvo.wav,11.44,0.0,30.0,beat_this
hV3i-2bykvo.wav,12.12,0.0,30.0,beat_this
hV3i-2bykvo.wav,12.78,0.0,30.0,beat_this
hV3i-2bykvo.wav,13.44,0.0,30.0,beat_this
hV3i-2bykvo.wav,14.12,0.0,30.0,beat_this
hV3i-2bykvo.wav,14.78,0.0,30.0,beat_this
hV3i-2bykvo.wav,15.44,0.0,30.0,beat_this
hV3i-2bykvo.wav,16.1,0.0,30.0,beat_this
hV3i-2bykvo.wav,16.78,0.0,30.0,beat_this
hV3i-2bykvo.wav,17.44,0.0,30.0,beat_this
hV3i-2bykvo.wav,18.12,0.0,30.0,beat_this
hV3i-2bykvo.wav,18.78,0.0,30.0,beat_this
hV3i-2bykvo.wav,19.44,0.0,30.0,beat_this
hV3i-2bykvo.wav,20.12,0.0,30.0,beat_this
hV3i-2bykvo.wav,20.78,0.0,30.0,beat_this
hV3i-2bykvo.wav,21.44,0.0,30.0,beat_this
hV3i-2bykvo.wav,22.12,0.0,30.0,beat_this
hV3i-2bykvo.wav,22.78,0.0,30.0,beat_this
hV3i-2bykvo.wav,23.44,0.0,30.0,beat_this
hV3i-2bykvo.wav,24.12,0.0,30.0,beat_this
hV3i-2bykvo.wav,24.78,0.0,30.0,beat_this
hV3i-2bykvo.wav,25.44,0.0,30.0,beat_this
hV3i-2bykvo.wav,26.12,0.0,30.0,beat_this
hV3i-2bykvo.wav,26.76,0.0,30.0,beat_this
hV3i-2bykvo.wav,27.46,0.0,30.0,beat_this
hV3i-2bykvo.wav,28.12,0.0,30.0,beat_this
hV3i-2bykvo.wav,28.78,0.0,30.0,beat_this
hV3i-2bykvo.wav,29.46,0.0,30.0,beat_this
hV_oeKf3dLU.wav,0.42,0.0,30.0,beat_this
hV_oeKf3dLU.wav,0.96,0.0,30.0,beat_this
hV_oeKf3dLU.wav,1.5,0.0,30.0,beat_this
hV_oeKf3dLU.wav,2.04,0.0,30.0,beat_this
hV_oeKf3dLU.wav,2.6,0.0,30.0,beat_this
hV_oeKf3dLU.wav,3.18,0.0,30.0,beat_this
hV_oeKf3dLU.wav,3.74,0.0,30.0,beat_this
hV_oeKf3dLU.wav,4.3,0.0,30.0,beat_this
hV_oeKf3dLU.wav,4.86,0.0,30.0,beat_this
hV_oeKf3dLU.wav,5.42,0.0,30.0,beat_this
hV_oeKf3dLU.wav,5.96,0.0,30.0,beat_this
hV_oeKf3dLU.wav,6.5,0.0,30.0,beat_this
hV_oeKf3dLU.wav,7.04,0.0,30.0,beat_this
hV_oeKf3dLU.wav,7.6,0.0,30.0,beat_this
hV_oeKf3dLU.wav,8.16,0.0,30.0,beat_this
hV_oeKf3dLU.wav,8.72,0.0,30.0,beat_this
hV_oeKf3dLU.wav,9.28,0.0,30.0,beat_this
hV_oeKf3dLU.wav,9.84,0.0,30.0,beat_this
hV_oeKf3dLU.wav,10.4,0.0,30.0,beat_this
hV_oeKf3dLU.wav,10.96,0.0,30.0,beat_this
hV_oeKf3dLU.wav,11.5,0.0,30.0,beat_this
hV_oeKf3dLU.wav,12.06,0.0,30.0,beat_this
hV_oeKf3dLU.wav,12.62,0.0,30.0,beat_this
hV_oeKf3dLU.wav,13.16,0.0,30.0,beat_this
hV_oeKf3dLU.wav,13.72,0.0,30.0,beat_this
hV_oeKf3dLU.wav,14.28,0.0,30.0,beat_this
hV_oeKf3dLU.wav,14.84,0.0,30.0,beat_this
hV_oeKf3dLU.wav,15.4,0.0,30.0,beat_this
hV_oeKf3dLU.wav,15.96,0.0,30.0,beat_this
hV_oeKf3dLU.wav,16.5,0.0,30.0,beat_this
hV_oeKf3dLU.wav,17.04,0.0,30.0,beat_this
hV_oeKf3dLU.wav,17.62,0.0,30.0,beat_this
hV_oeKf3dLU.wav,18.18,0.0,30.0,beat_this
hV_oeKf3dLU.wav,18.74,0.0,30.0,beat_this
hV_oeKf3dLU.wav,19.3,0.0,30.0,beat_this
hV_oeKf3dLU.wav,19.86,0.0,30.0,beat_this
hV_oeKf3dLU.wav,20.42,0.0,30.0,beat_this
hV_oeKf3dLU.wav,20.94,0.0,30.0,beat_this
hV_oeKf3dLU.wav,21.5,0.0,30.0,beat_this
hV_oeKf3dLU.wav,22.04,0.0,30.0,beat_this
hV_oeKf3dLU.wav,22.62,0.0,30.0,beat_this
hV_oeKf3dLU.wav,23.18,0.0,30.0,beat_this
hV_oeKf3dLU.wav,23.74,0.0,30.0,beat_this
hV_oeKf3dLU.wav,24.28,0.0,30.0,beat_this
hV_oeKf3dLU.wav,24.84,0.0,30.0,beat_this
hV_oeKf3dLU.wav,25.38,0.0,30.0,beat_this
hV_oeKf3dLU.wav,25.94,0.0,30.0,beat_this
hV_oeKf3dLU.wav,26.5,0.0,30.0,beat_this
hV_oeKf3dLU.wav,27.06,0.0,30.0,beat_this
hV_oeKf3dLU.wav,27.6,0.0,30.0,beat_this
hV_oeKf3dLU.wav,28.18,0.0,30.0,beat_this
hV_oeKf3dLU.wav,28.72,0.0,30.0,beat_this
hV_oeKf3dLU.wav,29.28,0.0,30.0,beat_this
hV_oeKf3dLU.wav,29.84,0.0,30.0,beat_this
hXYT32hIbX4.wav,0.34,0.0,30.0,beat_this
hXYT32hIbX4.wav,0.9,0.0,30.0,beat_this
hXYT32hIbX4.wav,1.46,0.0,30.0,beat_this
hXYT32hIbX4.wav,2.02,0.0,30.0,beat_this
hXYT32hIbX4.wav,2.58,0.0,30.0,beat_this
hXYT32hIbX4.wav,3.14,0.0,30.0,beat_this
hXYT32hIbX4.wav,3.7,0.0,30.0,beat_this
hXYT32hIbX4.wav,4.28,0.0,30.0,beat_this
hXYT32hIbX4.wav,4.82,0.0,30.0,beat_this
hXYT32hIbX4.wav,5.38,0.0,30.0,beat_this
hXYT32hIbX4.wav,5.94,0.0,30.0,beat_this
hXYT32hIbX4.wav,6.5,0.0,30.0,beat_this
hXYT32hIbX4.wav,7.06,0.0,30.0,beat_this
hXYT32hIbX4.wav,7.62,0.0,30.0,beat_this
hXYT32hIbX4.wav,8.2,0.0,30.0,beat_this
hXYT32hIbX4.wav,8.74,0.0,30.0,beat_this
hXYT32hIbX4.wav,9.3,0.0,30.0,beat_this
hXYT32hIbX4.wav,9.88,0.0,30.0,beat_this
hXYT32hIbX4.wav,10.44,0.0,30.0,beat_this
hXYT32hIbX4.wav,11.0,0.0,30.0,beat_this
hXYT32hIbX4.wav,11.56,0.0,30.0,beat_this
hXYT32hIbX4.wav,12.12,0.0,30.0,beat_this
hXYT32hIbX4.wav,12.68,0.0,30.0,beat_this
hXYT32hIbX4.wav,13.24,0.0,30.0,beat_this
hXYT32hIbX4.wav,13.8,0.0,30.0,beat_this
hXYT32hIbX4.wav,14.36,0.0,30.0,beat_this
hXYT32hIbX4.wav,14.92,0.0,30.0,beat_this
hXYT32hIbX4.wav,15.48,0.0,30.0,beat_this
hXYT32hIbX4.wav,16.04,0.0,30.0,beat_this
hXYT32hIbX4.wav,16.6,0.0,30.0,beat_this
hXYT32hIbX4.wav,17.16,0.0,30.0,beat_this
hXYT32hIbX4.wav,17.72,0.0,30.0,beat_this
hXYT32hIbX4.wav,18.28,0.0,30.0,beat_this
hXYT32hIbX4.wav,18.84,0.0,30.0,beat_this
hXYT32hIbX4.wav,19.4,0.0,30.0,beat_this
hXYT32hIbX4.wav,19.98,0.0,30.0,beat_this
hXYT32hIbX4.wav,20.52,0.0,30.0,beat_this
hXYT32hIbX4.wav,21.08,0.0,30.0,beat_this
hXYT32hIbX4.wav,21.64,0.0,30.0,beat_this
hXYT32hIbX4.wav,22.2,0.0,30.0,beat_this
hXYT32hIbX4.wav,22.76,0.0,30.0,beat_this
hXYT32hIbX4.wav,23.32,0.0,30.0,beat_this
hXYT32hIbX4.wav,23.88,0.0,30.0,beat_this
hXYT32hIbX4.wav,24.44,0.0,30.0,beat_this
hXYT32hIbX4.wav,25.02,0.0,30.0,beat_this
hXYT32hIbX4.wav,25.58,0.0,30.0,beat_this
hXYT32hIbX4.wav,26.14,0.0,30.0,beat_this
hXYT32hIbX4.wav,26.7,0.0,30.0,beat_this
hXYT32hIbX4.wav,27.26,0.0,30.0,beat_this
hXYT32hIbX4.wav,27.82,0.0,30.0,beat_this
hXYT32hIbX4.wav,28.38,0.0,30.0,beat_this
hXYT32hIbX4.wav,28.94,0.0,30.0,beat_this
hXYT32hIbX4.wav,29.5,0.0,30.0,beat_this
hnAeK7UyQp0.wav,3.26,0.0,30.0,beat_this
hnAeK7UyQp0.wav,3.94,0.0,30.0,beat_this
hnAeK7UyQp0.wav,4.72,0.0,30.0,beat_this
hnAeK7UyQp0.wav,5.42,0.0,30.0,beat_this
hnAeK7UyQp0.wav,6.18,0.0,30.0,beat_this
hnAeK7UyQp0.wav,6.9,0.0,30.0,beat_this
hnAeK7UyQp0.wav,7.64,0.0,30.0,beat_this
hnAeK7UyQp0.wav,8.36,0.0,30.0,beat_this
hnAeK7UyQp0.wav,9.1,0.0,30.0,beat_this
hnAeK7UyQp0.wav,9.84,0.0,30.0,beat_this
hnAeK7UyQp0.wav,10.56,0.0,30.0,beat_this
hnAeK7UyQp0.wav,11.3,0.0,30.0,beat_this
hnAeK7UyQp0.wav,12.04,0.0,30.0,beat_this
hnAeK7UyQp0.wav,12.76,0.0,30.0,beat_this
hnAeK7UyQp0.wav,13.48,0.0,30.0,beat_this
hnAeK7UyQp0.wav,14.22,0.0,30.0,beat_this
hnAeK7UyQp0.wav,14.96,0.0,30.0,beat_this
hnAeK7UyQp0.wav,15.68,0.0,30.0,beat_this
hnAeK7UyQp0.wav,16.42,0.0,30.0,beat_this
hnAeK7UyQp0.wav,17.16,0.0,30.0,beat_this
hnAeK7UyQp0.wav,17.9,0.0,30.0,beat_this
hnAeK7UyQp0.wav,18.62,0.0,30.0,beat_this
hnAeK7UyQp0.wav,19.36,0.0,30.0,beat_this
hnAeK7UyQp0.wav,20.08,0.0,30.0,beat_this
hnAeK7UyQp0.wav,20.82,0.0,30.0,beat_this
hnAeK7UyQp0.wav,21.54,0.0,30.0,beat_this
hnAeK7UyQp0.wav,22.28,0.0,30.0,beat_this
hnAeK7UyQp0.wav,23.0,0.0,30.0,beat_this
hnAeK7UyQp0.wav,23.74,0.0,30.0,beat_this
hnAeK7UyQp0.wav,24.46,0.0,30.0,beat_this
hnAeK7UyQp0.wav,25.2,0.0,30.0,beat_this
hnAeK7UyQp0.wav,25.94,0.0,30.0,beat_this
hnAeK7UyQp0.wav,26.68,0.0,30.0,beat_this
hnAeK7UyQp0.wav,27.4,0.0,30.0,beat_this
hnAeK7UyQp0.wav,28.12,0.0,30.0,beat_this
hnAeK7UyQp0.wav,28.84,0.0,30.0,beat_this
hnAeK7UyQp0.wav,29.58,0.0,30.0,beat_this
i5ubDN3SySI.wav,0.24,0.0,30.0,beat_this
i5ubDN3SySI.wav,1.08,0.0,30.0,beat_this
i5ubDN3SySI.wav,1.86,0.0,30.0,beat_this
i5ubDN3SySI.wav,2.66,0.0,30.0,beat_this
i5ubDN3SySI.wav,3.46,0.0,30.0,beat_this
i5ubDN3SySI.wav,4.3,0.0,30.0,beat_this
i5ubDN3SySI.wav,5.1,0.0,30.0,beat_this
i5ubDN3SySI.wav,5.92,0.0,30.0,beat_this
i5ubDN3SySI.wav,6.72,0.0,30.0,beat_this
i5ubDN3SySI.wav,7.58,0.0,30.0,beat_this
i5ubDN3SySI.wav,8.38,0.0,30.0,beat_this
i5ubDN3SySI.wav,9.18,0.0,30.0,beat_this
i5ubDN3SySI.wav,9.96,0.0,30.0,beat_this
i5ubDN3SySI.wav,10.76,0.0,30.0,beat_this
i5ubDN3SySI.wav,11.58,0.0,30.0,beat_this
i5ubDN3SySI.wav,12.4,0.0,30.0,beat_this
i5ubDN3SySI.wav,13.22,0.0,30.0,beat_this
i5ubDN3SySI.wav,14.04,0.0,30.0,beat_this
i5ubDN3SySI.wav,14.84,0.0,30.0,beat_this
i5ubDN3SySI.wav,15.66,0.0,30.0,beat_this
i5ubDN3SySI.wav,16.46,0.0,30.0,beat_this
i5ubDN3SySI.wav,17.28,0.0,30.0,beat_this
i5ubDN3SySI.wav,18.08,0.0,30.0,beat_this
i5ubDN3SySI.wav,18.88,0.0,30.0,beat_this
i5ubDN3SySI.wav,19.68,0.0,30.0,beat_this
i5ubDN3SySI.wav,20.52,0.0,30.0,beat_this
i5ubDN3SySI.wav,21.32,0.0,30.0,beat_this
i5ubDN3SySI.wav,22.14,0.0,30.0,beat_this
i5ubDN3SySI.wav,22.94,0.0,30.0,beat_this
i5ubDN3SySI.wav,23.74,0.0,30.0,beat_this
i5ubDN3SySI.wav,24.54,0.0,30.0,beat_this
i5ubDN3SySI.wav,25.38,0.0,30.0,beat_this
i5ubDN3SySI.wav,26.18,0.0,30.0,beat_this
i5ubDN3SySI.wav,27.0,0.0,30.0,beat_this
i5ubDN3SySI.wav,27.78,0.0,30.0,beat_this
i5ubDN3SySI.wav,28.62,0.0,30.0,beat_this
i5ubDN3SySI.wav,29.44,0.0,30.0,beat_this
j3Itb7Or3aA.wav,0.14,0.0,30.0,beat_this
j3Itb7Or3aA.wav,0.78,0.0,30.0,beat_this
j3Itb7Or3aA.wav,1.44,0.0,30.0,beat_this
j3Itb7Or3aA.wav,2.08,0.0,30.0,beat_this
j3Itb7Or3aA.wav,2.74,0.0,30.0,beat_this
j3Itb7Or3aA.wav,3.4,0.0,30.0,beat_this
j3Itb7Or3aA.wav,4.06,0.0,30.0,beat_this
j3Itb7Or3aA.wav,4.7,0.0,30.0,beat_this
j3Itb7Or3aA.wav,5.36,0.0,30.0,beat_this
j3Itb7Or3aA.wav,6.0,0.0,30.0,beat_this
j3Itb7Or3aA.wav,6.66,0.0,30.0,beat_this
j3Itb7Or3aA.wav,7.3,0.0,30.0,beat_this
j3Itb7Or3aA.wav,7.96,0.0,30.0,beat_this
j3Itb7Or3aA.wav,8.62,0.0,30.0,beat_this
j3Itb7Or3aA.wav,9.26,0.0,30.0,beat_this
j3Itb7Or3aA.wav,9.92,0.0,30.0,beat_this
j3Itb7Or3aA.wav,10.58,0.0,30.0,beat_this
j3Itb7Or3aA.wav,11.22,0.0,30.0,beat_this
j3Itb7Or3aA.wav,11.86,0.0,30.0,beat_this
j3Itb7Or3aA.wav,12.52,0.0,30.0,beat_this
j3Itb7Or3aA.wav,13.16,0.0,30.0,beat_this
j3Itb7Or3aA.wav,13.82,0.0,30.0,beat_this
j3Itb7Or3aA.wav,14.48,0.0,30.0,beat_this
j3Itb7Or3aA.wav,15.14,0.0,30.0,beat_this
j3Itb7Or3aA.wav,15.8,0.0,30.0,beat_this
j3Itb7Or3aA.wav,16.44,0.0,30.0,beat_this
j3Itb7Or3aA.wav,17.1,0.0,30.0,beat_this
j3Itb7Or3aA.wav,17.74,0.0,30.0,beat_this
j3Itb7Or3aA.wav,18.4,0.0,30.0,beat_this
j3Itb7Or3aA.wav,19.04,0.0,30.0,beat_this
j3Itb7Or3aA.wav,19.7,0.0,30.0,beat_this
j3Itb7Or3aA.wav,20.34,0.0,30.0,beat_this
j3Itb7Or3aA.wav,21.0,0.0,30.0,beat_this
j3Itb7Or3aA.wav,21.66,0.0,30.0,beat_this
j3Itb7Or3aA.wav,22.3,0.0,30.0,beat_this
j3Itb7Or3aA.wav,22.96,0.0,30.0,beat_this
j3Itb7Or3aA.wav,23.6,0.0,30.0,beat_this
j3Itb7Or3aA.wav,24.28,0.0,30.0,beat_this
j3Itb7Or3aA.wav,24.92,0.0,30.0,beat_this
j3Itb7Or3aA.wav,25.56,0.0,30.0,beat_this
j3Itb7Or3aA.wav,26.22,0.0,30.0,beat_this
j3Itb7Or3aA.wav,26.88,0.0,30.0,beat_this
j3Itb7Or3aA.wav,27.52,0.0,30.0,beat_this
j3Itb7Or3aA.wav,28.18,0.0,30.0,beat_this
j3Itb7Or3aA.wav,28.82,0.0,30.0,beat_this
j3Itb7Or3aA.wav,29.5,0.0,30.0,beat_this
jGGQyqohOaw.wav,0.34,0.0,30.0,beat_this
jGGQyqohOaw.wav,1.14,0.0,30.0,beat_this
jGGQyqohOaw.wav,1.94,0.0,30.0,beat_this
jGGQyqohOaw.wav,2.76,0.0,30.0,beat_this
jGGQyqohOaw.wav,3.58,0.0,30.0,beat_this
jGGQyqohOaw.wav,4.38,0.0,30.0,beat_this
jGGQyqohOaw.wav,5.2,0.0,30.0,beat_this
jGGQyqohOaw.wav,6.0,0.0,30.0,beat_this
jGGQyqohOaw.wav,6.8,0.0,30.0,beat_this
jGGQyqohOaw.wav,7.62,0.0,30.0,beat_this
jGGQyqohOaw.wav,8.42,0.0,30.0,beat_this
jGGQyqohOaw.wav,9.24,0.0,30.0,beat_this
jGGQyqohOaw.wav,10.04,0.0,30.0,beat_this
jGGQyqohOaw.wav,10.86,0.0,30.0,beat_this
jGGQyqohOaw.wav,11.66,0.0,30.0,beat_this
jGGQyqohOaw.wav,12.48,0.0,30.0,beat_this
jGGQyqohOaw.wav,13.32,0.0,30.0,beat_this
jGGQyqohOaw.wav,14.12,0.0,30.0,beat_this
jGGQyqohOaw.wav,14.92,0.0,30.0,beat_this
jGGQyqohOaw.wav,15.72,0.0,30.0,beat_this
jGGQyqohOaw.wav,16.54,0.0,30.0,beat_this
jGGQyqohOaw.wav,17.36,0.0,30.0,beat_this
jGGQyqohOaw.wav,18.18,0.0,30.0,beat_this
jGGQyqohOaw.wav,18.98,0.0,30.0,beat_this
jGGQyqohOaw.wav,19.8,0.0,30.0,beat_this
jGGQyqohOaw.wav,20.6,0.0,30.0,beat_this
jGGQyqohOaw.wav,21.4,0.0,30.0,beat_this
jGGQyqohOaw.wav,22.22,0.0,30.0,beat_this
jGGQyqohOaw.wav,23.02,0.0,30.0,beat_this
jGGQyqohOaw.wav,23.84,0.0,30.0,beat_this
jGGQyqohOaw.wav,24.64,0.0,30.0,beat_this
jGGQyqohOaw.wav,25.46,0.0,30.0,beat_this
jGGQyqohOaw.wav,26.28,0.0,30.0,beat_this
jGGQyqohOaw.wav,27.08,0.0,30.0,beat_this
jGGQyqohOaw.wav,27.9,0.0,30.0,beat_this
jGGQyqohOaw.wav,28.7,0.0,30.0,beat_this
jGGQyqohOaw.wav,29.52,0.0,30.0,beat_this
jR_j-LPLBvU.wav,0.54,0.0,30.0,beat_this
jR_j-LPLBvU.wav,1.18,0.0,30.0,beat_this
jR_j-LPLBvU.wav,1.82,0.0,30.0,beat_this
jR_j-LPLBvU.wav,2.44,0.0,30.0,beat_this
jR_j-LPLBvU.wav,3.08,0.0,30.0,beat_this
jR_j-LPLBvU.wav,3.7,0.0,30.0,beat_this
jR_j-LPLBvU.wav,4.34,0.0,30.0,beat_this
jR_j-LPLBvU.wav,4.96,0.0,30.0,beat_this
jR_j-LPLBvU.wav,5.6,0.0,30.0,beat_this
jR_j-LPLBvU.wav,6.24,0.0,30.0,beat_this
jR_j-LPLBvU.wav,6.86,0.0,30.0,beat_this
jR_j-LPLBvU.wav,7.5,0.0,30.0,beat_this
jR_j-LPLBvU.wav,8.12,0.0,30.0,beat_this
jR_j-LPLBvU.wav,8.76,0.0,30.0,beat_this
jR_j-LPLBvU.wav,9.4,0.0,30.0,beat_this
jR_j-LPLBvU.wav,10.02,0.0,30.0,beat_this
jR_j-LPLBvU.wav,10.66,0.0,30.0,beat_this
jR_j-LPLBvU.wav,11.28,0.0,30.0,beat_this
jR_j-LPLBvU.wav,11.92,0.0,30.0,beat_this
jR_j-LPLBvU.wav,12.54,0.0,30.0,beat_this
jR_j-LPLBvU.wav,13.18,0.0,30.0,beat_this
jR_j-LPLBvU.wav,13.8,0.0,30.0,beat_this
jR_j-LPLBvU.wav,14.44,0.0,30.0,beat_this
jR_j-LPLBvU.wav,15.08,0.0,30.0,beat_this
jR_j-LPLBvU.wav,15.7,0.0,30.0,beat_this
jR_j-LPLBvU.wav,16.34,0.0,30.0,beat_this
jR_j-LPLBvU.wav,16.96,0.0,30.0,beat_this
jR_j-LPLBvU.wav,17.6,0.0,30.0,beat_this
jR_j-LPLBvU.wav,18.24,0.0,30.0,beat_this
jR_j-LPLBvU.wav,18.86,0.0,30.0,beat_this
jR_j-LPLBvU.wav,19.5,0.0,30.0,beat_this
jR_j-LPLBvU.wav,20.12,0.0,30.0,beat_this
jR_j-LPLBvU.wav,20.76,0.0,30.0,beat_this
jR_j-LPLBvU.wav,21.38,0.0,30.0,beat_this
jR_j-LPLBvU.wav,22.02,0.0,30.0,beat_this
jR_j-LPLBvU.wav,22.66,0.0,30.0,beat_this
jR_j-LPLBvU.wav,23.28,0.0,30.0,beat_this
jR_j-LPLBvU.wav,23.92,0.0,30.0,beat_this
jR_j-LPLBvU.wav,24.54,0.0,30.0,beat_this
jR_j-LPLBvU.wav,25.18,0.0,30.0,beat_this
jR_j-LPLBvU.wav,25.82,0.0,30.0,beat_this
jR_j-LPLBvU.wav,26.44,0.0,30.0,beat_this
jR_j-LPLBvU.wav,27.08,0.0,30.0,beat_this
jR_j-LPLBvU.wav,27.7,0.0,30.0,beat_this
jR_j-LPLBvU.wav,28.34,0.0,30.0,beat_this
jR_j-LPLBvU.wav,28.96,0.0,30.0,beat_this
jR_j-LPLBvU.wav,29.6,0.0,30.0,beat_this
kAV_6EHIuXU.wav,0.4,0.0,30.0,beat_this
kAV_6EHIuXU.wav,1.02,0.0,30.0,beat_this
kAV_6EHIuXU.wav,1.68,0.0,30.0,beat_this
kAV_6EHIuXU.wav,2.28,0.0,30.0,beat_this
kAV_6EHIuXU.wav,2.9,0.0,30.0,beat_this
kAV_6EHIuXU.wav,3.52,0.0,30.0,beat_this
kAV_6EHIuXU.wav,4.14,0.0,30.0,beat_this
kAV_6EHIuXU.wav,4.74,0.0,30.0,beat_this
kAV_6EHIuXU.wav,5.36,0.0,30.0,beat_this
kAV_6EHIuXU.wav,5.98,0.0,30.0,beat_this
kAV_6EHIuXU.wav,6.6,0.0,30.0,beat_this
kAV_6EHIuXU.wav,7.22,0.0,30.0,beat_this
kAV_6EHIuXU.wav,7.84,0.0,30.0,beat_this
kAV_6EHIuXU.wav,8.46,0.0,30.0,beat_this
kAV_6EHIuXU.wav,9.08,0.0,30.0,beat_this
kAV_6EHIuXU.wav,9.7,0.0,30.0,beat_this
kAV_6EHIuXU.wav,10.32,0.0,30.0,beat_this
kAV_6EHIuXU.wav,10.94,0.0,30.0,beat_this
kAV_6EHIuXU.wav,11.56,0.0,30.0,beat_this
kAV_6EHIuXU.wav,12.18,0.0,30.0,beat_this
kAV_6EHIuXU.wav,12.78,0.0,30.0,beat_this
kAV_6EHIuXU.wav,13.42,0.0,30.0,beat_this
kAV_6EHIuXU.wav,14.02,0.0,30.0,beat_this
kAV_6EHIuXU.wav,14.64,0.0,30.0,beat_this
kAV_6EHIuXU.wav,15.26,0.0,30.0,beat_this
kAV_6EHIuXU.wav,15.9,0.0,30.0,beat_this
kAV_6EHIuXU.wav,16.5,0.0,30.0,beat_this
kAV_6EHIuXU.wav,17.12,0.0,30.0,beat_this
kAV_6EHIuXU.wav,17.74,0.0,30.0,beat_this
kAV_6EHIuXU.wav,18.38,0.0,30.0,beat_this
kAV_6EHIuXU.wav,18.98,0.0,30.0,beat_this
kAV_6EHIuXU.wav,19.6,0.0,30.0,beat_this
kAV_6EHIuXU.wav,20.22,0.0,30.0,beat_this
kAV_6EHIuXU.wav,20.84,0.0,30.0,beat_this
kAV_6EHIuXU.wav,21.44,0.0,30.0,beat_this
kAV_6EHIuXU.wav,22.06,0.0,30.0,beat_this
kAV_6EHIuXU.wav,22.68,0.0,30.0,beat_this
kAV_6EHIuXU.wav,23.32,0.0,30.0,beat_this
kAV_6EHIuXU.wav,23.92,0.0,30.0,beat_this
kAV_6EHIuXU.wav,24.54,0.0,30.0,beat_this
kAV_6EHIuXU.wav,25.16,0.0,30.0,beat_this
kAV_6EHIuXU.wav,25.78,0.0,30.0,beat_this
kAV_6EHIuXU.wav,26.4,0.0,30.0,beat_this
kAV_6EHIuXU.wav,27.02,0.0,30.0,beat_this
kAV_6EHIuXU.wav,27.62,0.0,30.0,beat_this
kAV_6EHIuXU.wav,28.26,0.0,30.0,beat_this
kAV_6EHIuXU.wav,28.86,0.0,30.0,beat_this
kAV_6EHIuXU.wav,29.48,0.0,30.0,beat_this
kORjDONhB3E.wav,0.9,0.0,30.0,beat_this
kORjDONhB3E.wav,1.72,0.0,30.0,beat_this
kORjDONhB3E.wav,2.56,0.0,30.0,beat_this
kORjDONhB3E.wav,3.36,0.0,30.0,beat_this
kORjDONhB3E.wav,4.2,0.0,30.0,beat_this
kORjDONhB3E.wav,5.04,0.0,30.0,beat_this
kORjDONhB3E.wav,5.84,0.0,30.0,beat_this
kORjDONhB3E.wav,6.68,0.0,30.0,beat_this
kORjDONhB3E.wav,7.5,0.0,30.0,beat_this
kORjDONhB3E.wav,8.34,0.0,30.0,beat_this
kORjDONhB3E.wav,9.16,0.0,30.0,beat_this
kORjDONhB3E.wav,10.0,0.0,30.0,beat_this
kORjDONhB3E.wav,10.82,0.0,30.0,beat_this
kORjDONhB3E.wav,11.66,0.0,30.0,beat_this
kORjDONhB3E.wav,12.48,0.0,30.0,beat_this
kORjDONhB3E.wav,13.3,0.0,30.0,beat_this
kORjDONhB3E.wav,14.14,0.0,30.0,beat_this
kORjDONhB3E.wav,14.96,0.0,30.0,beat_this
kORjDONhB3E.wav,15.78,0.0,30.0,beat_this
kORjDONhB3E.wav,16.6,0.0,30.0,beat_this
kORjDONhB3E.wav,17.46,0.0,30.0,beat_this
kORjDONhB3E.wav,18.28,0.0,30.0,beat_this
kORjDONhB3E.wav,19.1,0.0,30.0,beat_this
kORjDONhB3E.wav,19.92,0.0,30.0,beat_this
kORjDONhB3E.wav,20.76,0.0,30.0,beat_this
kORjDONhB3E.wav,21.58,0.0,30.0,beat_this
kORjDONhB3E.wav,22.4,0.0,30.0,beat_this
kORjDONhB3E.wav,23.22,0.0,30.0,beat_this
kORjDONhB3E.wav,24.06,0.0,30.0,beat_this
kORjDONhB3E.wav,24.9,0.0,30.0,beat_this
kORjDONhB3E.wav,25.72,0.0,30.0,beat_this
kORjDONhB3E.wav,26.54,0.0,30.0,beat_this
kORjDONhB3E.wav,27.38,0.0,30.0,beat_this
kORjDONhB3E.wav,28.2,0.0,30.0,beat_this
kORjDONhB3E.wav,29.02,0.0,30.0,beat_this
kORjDONhB3E.wav,29.84,0.0,30.0,beat_this
k_M2pPYYYH0.wav,0.34,0.0,30.0,beat_this
k_M2pPYYYH0.wav,0.92,0.0,30.0,beat_this
k_M2pPYYYH0.wav,1.52,0.0,30.0,beat_this
k_M2pPYYYH0.wav,2.12,0.0,30.0,beat_this
k_M2pPYYYH0.wav,2.76,0.0,30.0,beat_this
k_M2pPYYYH0.wav,3.38,0.0,30.0,beat_this
k_M2pPYYYH0.wav,3.98,0.0,30.0,beat_this
k_M2pPYYYH0.wav,4.6,0.0,30.0,beat_this
k_M2pPYYYH0.wav,5.2,0.0,30.0,beat_this
k_M2pPYYYH0.wav,5.82,0.0,30.0,beat_this
k_M2pPYYYH0.wav,6.44,0.0,30.0,beat_this
k_M2pPYYYH0.wav,7.04,0.0,30.0,beat_this
k_M2pPYYYH0.wav,7.66,0.0,30.0,beat_this
k_M2pPYYYH0.wav,8.26,0.0,30.0,beat_this
k_M2pPYYYH0.wav,8.88,0.0,30.0,beat_this
k_M2pPYYYH0.wav,9.48,0.0,30.0,beat_this
k_M2pPYYYH0.wav,10.1,0.0,30.0,beat_this
k_M2pPYYYH0.wav,10.72,0.0,30.0,beat_this
k_M2pPYYYH0.wav,11.34,0.0,30.0,beat_this
k_M2pPYYYH0.wav,11.92,0.0,30.0,beat_this
k_M2pPYYYH0.wav,12.54,0.0,30.0,beat_this
k_M2pPYYYH0.wav,13.14,0.0,30.0,beat_this
k_M2pPYYYH0.wav,13.78,0.0,30.0,beat_this
k_M2pPYYYH0.wav,14.38,0.0,30.0,beat_this
k_M2pPYYYH0.wav,15.0,0.0,30.0,beat_this
k_M2pPYYYH0.wav,15.62,0.0,30.0,beat_this
k_M2pPYYYH0.wav,16.24,0.0,30.0,beat_this
k_M2pPYYYH0.wav,16.84,0.0,30.0,beat_this
k_M2pPYYYH0.wav,17.44,0.0,30.0,beat_this
k_M2pPYYYH0.wav,18.06,0.0,30.0,beat_this
k_M2pPYYYH0.wav,18.68,0.0,30.0,beat_this
k_M2pPYYYH0.wav,19.28,0.0,30.0,beat_this
k_M2pPYYYH0.wav,19.9,0.0,30.0,beat_this
k_M2pPYYYH0.wav,20.5,0.0,30.0,beat_this
k_M2pPYYYH0.wav,21.12,0.0,30.0,beat_this
k_M2pPYYYH0.wav,21.74,0.0,30.0,beat_this
k_M2pPYYYH0.wav,22.36,0.0,30.0,beat_this
k_M2pPYYYH0.wav,22.96,0.0,30.0,beat_this
k_M2pPYYYH0.wav,23.58,0.0,30.0,beat_this
k_M2pPYYYH0.wav,24.18,0.0,30.0,beat_this
k_M2pPYYYH0.wav,24.8,0.0,30.0,beat_this
k_M2pPYYYH0.wav,25.4,0.0,30.0,beat_this
k_M2pPYYYH0.wav,26.02,0.0,30.0,beat_this
k_M2pPYYYH0.wav,26.64,0.0,30.0,beat_this
k_M2pPYYYH0.wav,27.24,0.0,30.0,beat_this
k_M2pPYYYH0.wav,27.86,0.0,30.0,beat_this
k_M2pPYYYH0.wav,28.46,0.0,30.0,beat_this
k_M2pPYYYH0.wav,29.08,0.0,30.0,beat_this
k_M2pPYYYH0.wav,29.7,0.0,30.0,beat_this
lNR4TrmRIcY.wav,0.0,0.0,30.0,beat_this
lNR4TrmRIcY.wav,0.48,0.0,30.0,beat_this
lNR4TrmRIcY.wav,0.96,0.0,30.0,beat_this
lNR4TrmRIcY.wav,1.44,0.0,30.0,beat_this
lNR4TrmRIcY.wav,1.92,0.0,30.0,beat_this
lNR4TrmRIcY.wav,2.4,0.0,30.0,beat_this
lNR4TrmRIcY.wav,2.88,0.0,30.0,beat_this
lNR4TrmRIcY.wav,3.34,0.0,30.0,beat_this
lNR4TrmRIcY.wav,3.8,0.0,30.0,beat_this
lNR4TrmRIcY.wav,4.28,0.0,30.0,beat_this
lNR4TrmRIcY.wav,4.76,0.0,30.0,beat_this
lNR4TrmRIcY.wav,5.22,0.0,30.0,beat_this
lNR4TrmRIcY.wav,5.7,0.0,30.0,beat_this
lNR4TrmRIcY.wav,6.2,0.0,30.0,beat_this
lNR4TrmRIcY.wav,6.66,0.0,30.0,beat_this
lNR4TrmRIcY.wav,7.12,0.0,30.0,beat_this
lNR4TrmRIcY.wav,7.6,0.0,30.0,beat_this
lNR4TrmRIcY.wav,8.06,0.0,30.0,beat_this
lNR4TrmRIcY.wav,8.54,0.0,30.0,beat_this
lNR4TrmRIcY.wav,9.0,0.0,30.0,beat_this
lNR4TrmRIcY.wav,9.48,0.0,30.0,beat_this
lNR4TrmRIcY.wav,9.94,0.0,30.0,beat_this
lNR4TrmRIcY.wav,10.42,0.0,30.0,beat_this
lNR4TrmRIcY.wav,10.86,0.0,30.0,beat_this
lNR4TrmRIcY.wav,11.34,0.0,30.0,beat_this
lNR4TrmRIcY.wav,11.82,0.0,30.0,beat_this
lNR4TrmRIcY.wav,12.28,0.0,30.0,beat_this
lNR4TrmRIcY.wav,12.74,0.0,30.0,beat_this
lNR4TrmRIcY.wav,13.2,0.0,30.0,beat_this
lNR4TrmRIcY.wav,13.66,0.0,30.0,beat_this
lNR4TrmRIcY.wav,14.12,0.0,30.0,beat_this
lNR4TrmRIcY.wav,14.6,0.0,30.0,beat_this
lNR4TrmRIcY.wav,15.06,0.0,30.0,beat_this
lNR4TrmRIcY.wav,15.54,0.0,30.0,beat_this
lNR4TrmRIcY.wav,16.0,0.0,30.0,beat_this
lNR4TrmRIcY.wav,16.48,0.0,30.0,beat_this
lNR4TrmRIcY.wav,16.94,0.0,30.0,beat_this
lNR4TrmRIcY.wav,17.4,0.0,30.0,beat_this
lNR4TrmRIcY.wav,17.88,0.0,30.0,beat_this
lNR4TrmRIcY.wav,18.34,0.0,30.0,beat_this
lNR4TrmRIcY.wav,18.82,0.0,30.0,beat_this
lNR4TrmRIcY.wav,19.28,0.0,30.0,beat_this
lNR4TrmRIcY.wav,19.76,0.0,30.0,beat_this
lNR4TrmRIcY.wav,20.22,0.0,30.0,beat_this
lNR4TrmRIcY.wav,20.7,0.0,30.0,beat_this
lNR4TrmRIcY.wav,21.18,0.0,30.0,beat_this
lNR4TrmRIcY.wav,21.64,0.0,30.0,beat_this
lNR4TrmRIcY.wav,22.12,0.0,30.0,beat_this
lNR4TrmRIcY.wav,22.58,0.0,30.0,beat_this
lNR4TrmRIcY.wav,23.04,0.0,30.0,beat_this
lNR4TrmRIcY.wav,23.52,0.0,30.0,beat_this
lNR4TrmRIcY.wav,24.0,0.0,30.0,beat_this
lNR4TrmRIcY.wav,24.46,0.0,30.0,beat_this
lNR4TrmRIcY.wav,24.94,0.0,30.0,beat_this
lNR4TrmRIcY.wav,25.42,0.0,30.0,beat_this
lNR4TrmRIcY.wav,25.88,0.0,30.0,beat_this
lNR4TrmRIcY.wav,26.36,0.0,30.0,beat_this
lNR4TrmRIcY.wav,26.84,0.0,30.0,beat_this
lNR4TrmRIcY.wav,27.3,0.0,30.0,beat_this
lNR4TrmRIcY.wav,27.78,0.0,30.0,beat_this
lNR4TrmRIcY.wav,28.24,0.0,30.0,beat_this
lNR4TrmRIcY.wav,28.7,0.0,30.0,beat_this
lNR4TrmRIcY.wav,29.18,0.0,30.0,beat_this
lNR4TrmRIcY.wav,29.64,0.0,30.0,beat_this
lUnynBPGc-Q.wav,0.16,0.0,30.0,beat_this
lUnynBPGc-Q.wav,1.0,0.0,30.0,beat_this
lUnynBPGc-Q.wav,1.84,0.0,30.0,beat_this
lUnynBPGc-Q.wav,2.72,0.0,30.0,beat_this
lUnynBPGc-Q.wav,3.58,0.0,30.0,beat_this
lUnynBPGc-Q.wav,4.44,0.0,30.0,beat_this
lUnynBPGc-Q.wav,5.28,0.0,30.0,beat_this
lUnynBPGc-Q.wav,6.12,0.0,30.0,beat_this
lUnynBPGc-Q.wav,6.98,0.0,30.0,beat_this
lUnynBPGc-Q.wav,7.84,0.0,30.0,beat_this
lUnynBPGc-Q.wav,8.68,0.0,30.0,beat_this
lUnynBPGc-Q.wav,9.52,0.0,30.0,beat_this
lUnynBPGc-Q.wav,10.38,0.0,30.0,beat_this
lUnynBPGc-Q.wav,11.24,0.0,30.0,beat_this
lUnynBPGc-Q.wav,12.08,0.0,30.0,beat_this
lUnynBPGc-Q.wav,12.94,0.0,30.0,beat_this
lUnynBPGc-Q.wav,13.78,0.0,30.0,beat_this
lUnynBPGc-Q.wav,14.64,0.0,30.0,beat_this
lUnynBPGc-Q.wav,15.48,0.0,30.0,beat_this
lUnynBPGc-Q.wav,16.34,0.0,30.0,beat_this
lUnynBPGc-Q.wav,17.18,0.0,30.0,beat_this
lUnynBPGc-Q.wav,18.04,0.0,30.0,beat_this
lUnynBPGc-Q.wav,18.9,0.0,30.0,beat_this
lUnynBPGc-Q.wav,19.74,0.0,30.0,beat_this
lUnynBPGc-Q.wav,20.6,0.0,30.0,beat_this
lUnynBPGc-Q.wav,21.46,0.0,30.0,beat_this
lUnynBPGc-Q.wav,22.3,0.0,30.0,beat_this
lUnynBPGc-Q.wav,23.14,0.0,30.0,beat_this
lUnynBPGc-Q.wav,24.0,0.0,30.0,beat_this
lUnynBPGc-Q.wav,24.86,0.0,30.0,beat_this
lUnynBPGc-Q.wav,25.7,0.0,30.0,beat_this
lUnynBPGc-Q.wav,26.56,0.0,30.0,beat_this
lUnynBPGc-Q.wav,27.42,0.0,30.0,beat_this
lUnynBPGc-Q.wav,28.26,0.0,30.0,beat_this
lUnynBPGc-Q.wav,29.1,0.0,30.0,beat_this
lUnynBPGc-Q.wav,29.94,0.0,30.0,beat_this
le6FHCO1sd8.wav,0.0,0.0,30.0,beat_this
le6FHCO1sd8.wav,0.54,0.0,30.0,beat_this
le6FHCO1sd8.wav,1.12,0.0,30.0,beat_this
le6FHCO1sd8.wav,1.72,0.0,30.0,beat_this
le6FHCO1sd8.wav,2.34,0.0,30.0,beat_this
le6FHCO1sd8.wav,2.94,0.0,30.0,beat_this
le6FHCO1sd8.wav,3.54,0.0,30.0,beat_this
le6FHCO1sd8.wav,4.14,0.0,30.0,beat_this
le6FHCO1sd8.wav,4.74,0.0,30.0,beat_this
le6FHCO1sd8.wav,5.34,0.0,30.0,beat_this
le6FHCO1sd8.wav,5.94,0.0,30.0,beat_this
le6FHCO1sd8.wav,6.54,0.0,30.0,beat_this
le6FHCO1sd8.wav,7.14,0.0,30.0,beat_this
le6FHCO1sd8.wav,7.74,0.0,30.0,beat_this
le6FHCO1sd8.wav,8.34,0.0,30.0,beat_this
le6FHCO1sd8.wav,8.94,0.0,30.0,beat_this
le6FHCO1sd8.wav,9.54,0.0,30.0,beat_this
le6FHCO1sd8.wav,10.14,0.0,30.0,beat_this
le6FHCO1sd8.wav,10.74,0.0,30.0,beat_this
le6FHCO1sd8.wav,11.34,0.0,30.0,beat_this
le6FHCO1sd8.wav,11.94,0.0,30.0,beat_this
le6FHCO1sd8.wav,12.54,0.0,30.0,beat_this
le6FHCO1sd8.wav,13.14,0.0,30.0,beat_this
le6FHCO1sd8.wav,13.74,0.0,30.0,beat_this
le6FHCO1sd8.wav,14.34,0.0,30.0,beat_this
le6FHCO1sd8.wav,14.92,0.0,30.0,beat_this
le6FHCO1sd8.wav,15.54,0.0,30.0,beat_this
le6FHCO1sd8.wav,16.14,0.0,30.0,beat_this
le6FHCO1sd8.wav,16.74,0.0,30.0,beat_this
le6FHCO1sd8.wav,17.34,0.0,30.0,beat_this
le6FHCO1sd8.wav,17.94,0.0,30.0,beat_this
le6FHCO1sd8.wav,18.54,0.0,30.0,beat_this
le6FHCO1sd8.wav,19.14,0.0,30.0,beat_this
le6FHCO1sd8.wav,19.74,0.0,30.0,beat_this
le6FHCO1sd8.wav,20.34,0.0,30.0,beat_this
le6FHCO1sd8.wav,20.94,0.0,30.0,beat_this
le6FHCO1sd8.wav,21.54,0.0,30.0,beat_this
le6FHCO1sd8.wav,22.14,0.0,30.0,beat_this
le6FHCO1sd8.wav,22.76,0.0,30.0,beat_this
le6FHCO1sd8.wav,23.36,0.0,30.0,beat_this
le6FHCO1sd8.wav,23.94,0.0,30.0,beat_this
le6FHCO1sd8.wav,24.54,0.0,30.0,beat_this
le6FHCO1sd8.wav,25.14,0.0,30.0,beat_this
le6FHCO1sd8.wav,25.74,0.0,30.0,beat_this
le6FHCO1sd8.wav,26.34,0.0,30.0,beat_this
le6FHCO1sd8.wav,26.94,0.0,30.0,beat_this
le6FHCO1sd8.wav,27.54,0.0,30.0,beat_this
le6FHCO1sd8.wav,28.14,0.0,30.0,beat_this
le6FHCO1sd8.wav,28.74,0.0,30.0,beat_this
le6FHCO1sd8.wav,29.34,0.0,30.0,beat_this
le6FHCO1sd8.wav,29.94,0.0,30.0,beat_this
lsFMXK1YPG8.wav,0.22,0.0,30.0,beat_this
lsFMXK1YPG8.wav,0.84,0.0,30.0,beat_this
lsFMXK1YPG8.wav,1.48,0.0,30.0,beat_this
lsFMXK1YPG8.wav,2.1,0.0,30.0,beat_this
lsFMXK1YPG8.wav,2.72,0.0,30.0,beat_this
lsFMXK1YPG8.wav,3.34,0.0,30.0,beat_this
lsFMXK1YPG8.wav,3.98,0.0,30.0,beat_this
lsFMXK1YPG8.wav,4.6,0.0,30.0,beat_this
lsFMXK1YPG8.wav,5.22,0.0,30.0,beat_this
lsFMXK1YPG8.wav,5.84,0.0,30.0,beat_this
lsFMXK1YPG8.wav,6.48,0.0,30.0,beat_this
lsFMXK1YPG8.wav,7.1,0.0,30.0,beat_this
lsFMXK1YPG8.wav,7.72,0.0,30.0,beat_this
lsFMXK1YPG8.wav,8.34,0.0,30.0,beat_this
lsFMXK1YPG8.wav,8.98,0.0,30.0,beat_this
lsFMXK1YPG8.wav,9.6,0.0,30.0,beat_this
lsFMXK1YPG8.wav,10.22,0.0,30.0,beat_this
lsFMXK1YPG8.wav,10.86,0.0,30.0,beat_this
lsFMXK1YPG8.wav,11.48,0.0,30.0,beat_this
lsFMXK1YPG8.wav,12.1,0.0,30.0,beat_this
lsFMXK1YPG8.wav,12.72,0.0,30.0,beat_this
lsFMXK1YPG8.wav,13.36,0.0,30.0,beat_this
lsFMXK1YPG8.wav,13.98,0.0,30.0,beat_this
lsFMXK1YPG8.wav,14.6,0.0,30.0,beat_this
lsFMXK1YPG8.wav,15.22,0.0,30.0,beat_this
lsFMXK1YPG8.wav,15.86,0.0,30.0,beat_this
lsFMXK1YPG8.wav,16.48,0.0,30.0,beat_this
lsFMXK1YPG8.wav,17.1,0.0,30.0,beat_this
lsFMXK1YPG8.wav,17.72,0.0,30.0,beat_this
lsFMXK1YPG8.wav,18.34,0.0,30.0,beat_this
lsFMXK1YPG8.wav,18.98,0.0,30.0,beat_this
lsFMXK1YPG8.wav,19.6,0.0,30.0,beat_this
lsFMXK1YPG8.wav,20.24,0.0,30.0,beat_this
lsFMXK1YPG8.wav,20.86,0.0,30.0,beat_this
lsFMXK1YPG8.wav,21.48,0.0,30.0,beat_this
lsFMXK1YPG8.wav,22.1,0.0,30.0,beat_this
lsFMXK1YPG8.wav,22.74,0.0,30.0,beat_this
lsFMXK1YPG8.wav,23.36,0.0,30.0,beat_this
lsFMXK1YPG8.wav,23.98,0.0,30.0,beat_this
lsFMXK1YPG8.wav,24.6,0.0,30.0,beat_this
lsFMXK1YPG8.wav,25.22,0.0,30.0,beat_this
lsFMXK1YPG8.wav,25.84,0.0,30.0,beat_this
lsFMXK1YPG8.wav,26.48,0.0,30.0,beat_this
lsFMXK1YPG8.wav,27.1,0.0,30.0,beat_this
lsFMXK1YPG8.wav,27.72,0.0,30.0,beat_this
lsFMXK1YPG8.wav,28.34,0.0,30.0,beat_this
lsFMXK1YPG8.wav,28.98,0.0,30.0,beat_this
lsFMXK1YPG8.wav,29.6,0.0,30.0,beat_this
mEfvYXGi9Qw.wav,0.9,0.0,30.0,beat_this
mEfvYXGi9Qw.wav,1.34,0.0,30.0,beat_this
mEfvYXGi9Qw.wav,1.86,0.0,30.0,beat_this
mEfvYXGi9Qw.wav,2.3,0.0,30.0,beat_this
mEfvYXGi9Qw.wav,2.76,0.0,30.0,beat_this
mEfvYXGi9Qw.wav,3.22,0.0,30.0,beat_this
mEfvYXGi9Qw.wav,3.72,0.0,30.0,beat_this
mEfvYXGi9Qw.wav,4.16,0.0,30.0,beat_this
mEfvYXGi9Qw.wav,4.64,0.0,30.0,beat_this
mEfvYXGi9Qw.wav,5.1,0.0,30.0,beat_this
mEfvYXGi9Qw.wav,5.58,0.0,30.0,beat_this
mEfvYXGi9Qw.wav,6.02,0.0,30.0,beat_this
mEfvYXGi9Qw.wav,6.3,0.0,30.0,beat_this
mEfvYXGi9Qw.wav,6.94,0.0,30.0,beat_this
mEfvYXGi9Qw.wav,7.5,0.0,30.0,beat_this
mEfvYXGi9Qw.wav,8.08,0.0,30.0,beat_this
mEfvYXGi9Qw.wav,8.72,0.0,30.0,beat_this
mEfvYXGi9Qw.wav,9.32,0.0,30.0,beat_this
mEfvYXGi9Qw.wav,9.96,0.0,30.0,beat_this
mEfvYXGi9Qw.wav,10.58,0.0,30.0,beat_this
mEfvYXGi9Qw.wav,11.2,0.0,30.0,beat_this
mEfvYXGi9Qw.wav,11.82,0.0,30.0,beat_this
mEfvYXGi9Qw.wav,12.44,0.0,30.0,beat_this
mEfvYXGi9Qw.wav,13.06,0.0,30.0,beat_this
mEfvYXGi9Qw.wav,13.66,0.0,30.0,beat_this
mEfvYXGi9Qw.wav,14.26,0.0,30.0,beat_this
mEfvYXGi9Qw.wav,14.86,0.0,30.0,beat_this
mEfvYXGi9Qw.wav,15.48,0.0,30.0,beat_this
mEfvYXGi9Qw.wav,16.08,0.0,30.0,beat_this
mEfvYXGi9Qw.wav,16.7,0.0,30.0,beat_this
mEfvYXGi9Qw.wav,17.32,0.0,30.0,beat_this
mEfvYXGi9Qw.wav,17.92,0.0,30.0,beat_this
mEfvYXGi9Qw.wav,18.54,0.0,30.0,beat_this
mEfvYXGi9Qw.wav,19.14,0.0,30.0,beat_this
mEfvYXGi9Qw.wav,19.76,0.0,30.0,beat_this
mEfvYXGi9Qw.wav,20.36,0.0,30.0,beat_this
mEfvYXGi9Qw.wav,20.96,0.0,30.0,beat_this
mEfvYXGi9Qw.wav,21.58,0.0,30.0,beat_this
mEfvYXGi9Qw.wav,22.18,0.0,30.0,beat_this
mEfvYXGi9Qw.wav,22.8,0.0,30.0,beat_this
mEfvYXGi9Qw.wav,23.38,0.0,30.0,beat_this
mEfvYXGi9Qw.wav,24.0,0.0,30.0,beat_this
mEfvYXGi9Qw.wav,24.6,0.0,30.0,beat_this
mEfvYXGi9Qw.wav,25.22,0.0,30.0,beat_this
mEfvYXGi9Qw.wav,25.84,0.0,30.0,beat_this
mEfvYXGi9Qw.wav,26.44,0.0,30.0,beat_this
mEfvYXGi9Qw.wav,27.04,0.0,30.0,beat_this
mEfvYXGi9Qw.wav,27.66,0.0,30.0,beat_this
mEfvYXGi9Qw.wav,28.28,0.0,30.0,beat_this
mEfvYXGi9Qw.wav,28.88,0.0,30.0,beat_this
mEfvYXGi9Qw.wav,29.52,0.0,30.0,beat_this
mMPxaBYL3hY.wav,0.12,0.0,30.0,beat_this
mMPxaBYL3hY.wav,0.66,0.0,30.0,beat_this
mMPxaBYL3hY.wav,1.2,0.0,30.0,beat_this
mMPxaBYL3hY.wav,1.76,0.0,30.0,beat_this
mMPxaBYL3hY.wav,2.3,0.0,30.0,beat_this
mMPxaBYL3hY.wav,2.84,0.0,30.0,beat_this
mMPxaBYL3hY.wav,3.38,0.0,30.0,beat_this
mMPxaBYL3hY.wav,3.94,0.0,30.0,beat_this
mMPxaBYL3hY.wav,4.48,0.0,30.0,beat_this
mMPxaBYL3hY.wav,5.02,0.0,30.0,beat_this
mMPxaBYL3hY.wav,5.56,0.0,30.0,beat_this
mMPxaBYL3hY.wav,6.12,0.0,30.0,beat_this
mMPxaBYL3hY.wav,6.66,0.0,30.0,beat_this
mMPxaBYL3hY.wav,7.2,0.0,30.0,beat_this
mMPxaBYL3hY.wav,7.76,0.0,30.0,beat_this
mMPxaBYL3hY.wav,8.3,0.0,30.0,beat_this
mMPxaBYL3hY.wav,8.84,0.0,30.0,beat_this
mMPxaBYL3hY.wav,9.38,0.0,30.0,beat_this
mMPxaBYL3hY.wav,9.94,0.0,30.0,beat_this
mMPxaBYL3hY.wav,10.48,0.0,30.0,beat_this
mMPxaBYL3hY.wav,11.02,0.0,30.0,beat_this
mMPxaBYL3hY.wav,11.56,0.0,30.0,beat_this
mMPxaBYL3hY.wav,12.12,0.0,30.0,beat_this
mMPxaBYL3hY.wav,12.66,0.0,30.0,beat_this
mMPxaBYL3hY.wav,13.22,0.0,30.0,beat_this
mMPxaBYL3hY.wav,13.76,0.0,30.0,beat_this
mMPxaBYL3hY.wav,14.3,0.0,30.0,beat_this
mMPxaBYL3hY.wav,14.84,0.0,30.0,beat_this
mMPxaBYL3hY.wav,15.38,0.0,30.0,beat_this
mMPxaBYL3hY.wav,15.94,0.0,30.0,beat_this
mMPxaBYL3hY.wav,16.48,0.0,30.0,beat_this
mMPxaBYL3hY.wav,17.02,0.0,30.0,beat_this
mMPxaBYL3hY.wav,17.56,0.0,30.0,beat_this
mMPxaBYL3hY.wav,18.1,0.0,30.0,beat_this
mMPxaBYL3hY.wav,18.64,0.0,30.0,beat_this
mMPxaBYL3hY.wav,19.2,0.0,30.0,beat_this
mMPxaBYL3hY.wav,19.74,0.0,30.0,beat_this
mMPxaBYL3hY.wav,20.28,0.0,30.0,beat_this
mMPxaBYL3hY.wav,20.84,0.0,30.0,beat_this
mMPxaBYL3hY.wav,21.38,0.0,30.0,beat_this
mMPxaBYL3hY.wav,21.94,0.0,30.0,beat_this
mMPxaBYL3hY.wav,22.48,0.0,30.0,beat_this
mMPxaBYL3hY.wav,23.02,0.0,30.0,beat_this
mMPxaBYL3hY.wav,23.56,0.0,30.0,beat_this
mMPxaBYL3hY.wav,24.1,0.0,30.0,beat_this
mMPxaBYL3hY.wav,24.66,0.0,30.0,beat_this
mMPxaBYL3hY.wav,25.2,0.0,30.0,beat_this
mMPxaBYL3hY.wav,25.74,0.0,30.0,beat_this
mMPxaBYL3hY.wav,26.28,0.0,30.0,beat_this
mMPxaBYL3hY.wav,26.82,0.0,30.0,beat_this
mMPxaBYL3hY.wav,27.38,0.0,30.0,beat_this
mMPxaBYL3hY.wav,27.92,0.0,30.0,beat_this
mMPxaBYL3hY.wav,28.46,0.0,30.0,beat_this
mMPxaBYL3hY.wav,29.02,0.0,30.0,beat_this
mMPxaBYL3hY.wav,29.56,0.0,30.0,beat_this
mUSsyCtoC60.wav,0.02,0.0,30.0,beat_this
mUSsyCtoC60.wav,0.7,0.0,30.0,beat_this
mUSsyCtoC60.wav,1.36,0.0,30.0,beat_this
mUSsyCtoC60.wav,2.0,0.0,30.0,beat_this
mUSsyCtoC60.wav,2.64,0.0,30.0,beat_this
mUSsyCtoC60.wav,3.28,0.0,30.0,beat_this
mUSsyCtoC60.wav,3.92,0.0,30.0,beat_this
mUSsyCtoC60.wav,4.56,0.0,30.0,beat_this
mUSsyCtoC60.wav,5.2,0.0,30.0,beat_this
mUSsyCtoC60.wav,5.84,0.0,30.0,beat_this
mUSsyCtoC60.wav,6.48,0.0,30.0,beat_this
mUSsyCtoC60.wav,7.12,0.0,30.0,beat_this
mUSsyCtoC60.wav,7.76,0.0,30.0,beat_this
mUSsyCtoC60.wav,8.4,0.0,30.0,beat_this
mUSsyCtoC60.wav,9.04,0.0,30.0,beat_this
mUSsyCtoC60.wav,9.66,0.0,30.0,beat_this
mUSsyCtoC60.wav,10.3,0.0,30.0,beat_this
mUSsyCtoC60.wav,10.94,0.0,30.0,beat_this
mUSsyCtoC60.wav,11.6,0.0,30.0,beat_this
mUSsyCtoC60.wav,12.24,0.0,30.0,beat_this
mUSsyCtoC60.wav,12.88,0.0,30.0,beat_this
mUSsyCtoC60.wav,13.52,0.0,30.0,beat_this
mUSsyCtoC60.wav,14.14,0.0,30.0,beat_this
mUSsyCtoC60.wav,14.78,0.0,30.0,beat_this
mUSsyCtoC60.wav,15.42,0.0,30.0,beat_this
mUSsyCtoC60.wav,16.04,0.0,30.0,beat_this
mUSsyCtoC60.wav,16.7,0.0,30.0,beat_this
mUSsyCtoC60.wav,17.32,0.0,30.0,beat_this
mUSsyCtoC60.wav,17.98,0.0,30.0,beat_this
mUSsyCtoC60.wav,18.6,0.0,30.0,beat_this
mUSsyCtoC60.wav,19.24,0.0,30.0,beat_this
mUSsyCtoC60.wav,19.88,0.0,30.0,beat_this
mUSsyCtoC60.wav,20.52,0.0,30.0,beat_this
mUSsyCtoC60.wav,21.16,0.0,30.0,beat_this
mUSsyCtoC60.wav,21.8,0.0,30.0,beat_this
mUSsyCtoC60.wav,22.44,0.0,30.0,beat_this
mUSsyCtoC60.wav,23.08,0.0,30.0,beat_this
mUSsyCtoC60.wav,23.7,0.0,30.0,beat_this
mUSsyCtoC60.wav,24.36,0.0,30.0,beat_this
mUSsyCtoC60.wav,24.98,0.0,30.0,beat_this
mUSsyCtoC60.wav,25.62,0.0,30.0,beat_this
mUSsyCtoC60.wav,26.26,0.0,30.0,beat_this
mUSsyCtoC60.wav,26.9,0.0,30.0,beat_this
mUSsyCtoC60.wav,27.54,0.0,30.0,beat_this
mUSsyCtoC60.wav,28.18,0.0,30.0,beat_this
mUSsyCtoC60.wav,28.82,0.0,30.0,beat_this
mUSsyCtoC60.wav,29.46,0.0,30.0,beat_this
n0x7jpD7upQ.wav,0.24,0.0,30.0,beat_this
n0x7jpD7upQ.wav,0.94,0.0,30.0,beat_this
n0x7jpD7upQ.wav,1.66,0.0,30.0,beat_this
n0x7jpD7upQ.wav,2.36,0.0,30.0,beat_this
n0x7jpD7upQ.wav,3.06,0.0,30.0,beat_this
n0x7jpD7upQ.wav,3.76,0.0,30.0,beat_this
n0x7jpD7upQ.wav,4.48,0.0,30.0,beat_this
n0x7jpD7upQ.wav,5.18,0.0,30.0,beat_this
n0x7jpD7upQ.wav,5.88,0.0,30.0,beat_this
n0x7jpD7upQ.wav,6.58,0.0,30.0,beat_this
n0x7jpD7upQ.wav,7.3,0.0,30.0,beat_this
n0x7jpD7upQ.wav,8.0,0.0,30.0,beat_this
n0x7jpD7upQ.wav,8.7,0.0,30.0,beat_this
n0x7jpD7upQ.wav,9.42,0.0,30.0,beat_this
n0x7jpD7upQ.wav,10.12,0.0,30.0,beat_this
n0x7jpD7upQ.wav,10.82,0.0,30.0,beat_this
n0x7jpD7upQ.wav,11.52,0.0,30.0,beat_this
n0x7jpD7upQ.wav,12.24,0.0,30.0,beat_this
n0x7jpD7upQ.wav,12.94,0.0,30.0,beat_this
n0x7jpD7upQ.wav,13.64,0.0,30.0,beat_this
n0x7jpD7upQ.wav,14.36,0.0,30.0,beat_this
n0x7jpD7upQ.wav,15.06,0.0,30.0,beat_this
n0x7jpD7upQ.wav,15.76,0.0,30.0,beat_this
n0x7jpD7upQ.wav,16.46,0.0,30.0,beat_this
n0x7jpD7upQ.wav,17.16,0.0,30.0,beat_this
n0x7jpD7upQ.wav,17.88,0.0,30.0,beat_this
n0x7jpD7upQ.wav,18.58,0.0,30.0,beat_this
n0x7jpD7upQ.wav,19.3,0.0,30.0,beat_this
n0x7jpD7upQ.wav,20.0,0.0,30.0,beat_this
n0x7jpD7upQ.wav,20.7,0.0,30.0,beat_this
n0x7jpD7upQ.wav,21.4,0.0,30.0,beat_this
n0x7jpD7upQ.wav,22.12,0.0,30.0,beat_this
n0x7jpD7upQ.wav,22.82,0.0,30.0,beat_this
n0x7jpD7upQ.wav,23.52,0.0,30.0,beat_this
n0x7jpD7upQ.wav,24.22,0.0,30.0,beat_this
n0x7jpD7upQ.wav,24.94,0.0,30.0,beat_this
n0x7jpD7upQ.wav,25.64,0.0,30.0,beat_this
n0x7jpD7upQ.wav,26.36,0.0,30.0,beat_this
n0x7jpD7upQ.wav,27.06,0.0,30.0,beat_this
n0x7jpD7upQ.wav,27.76,0.0,30.0,beat_this
n0x7jpD7upQ.wav,28.46,0.0,30.0,beat_this
n0x7jpD7upQ.wav,29.18,0.0,30.0,beat_this
n0x7jpD7upQ.wav,29.88,0.0,30.0,beat_this
oCOWsvnWJuA.wav,0.18,0.0,30.0,beat_this
oCOWsvnWJuA.wav,0.78,0.0,30.0,beat_this
oCOWsvnWJuA.wav,1.38,0.0,30.0,beat_this
oCOWsvnWJuA.wav,1.98,0.0,30.0,beat_this
oCOWsvnWJuA.wav,2.58,0.0,30.0,beat_this
oCOWsvnWJuA.wav,3.18,0.0,30.0,beat_this
oCOWsvnWJuA.wav,3.78,0.0,30.0,beat_this
oCOWsvnWJuA.wav,4.38,0.0,30.0,beat_this
oCOWsvnWJuA.wav,4.98,0.0,30.0,beat_this
oCOWsvnWJuA.wav,5.58,0.0,30.0,beat_this
oCOWsvnWJuA.wav,6.2,0.0,30.0,beat_this
oCOWsvnWJuA.wav,6.78,0.0,30.0,beat_this
oCOWsvnWJuA.wav,7.38,0.0,30.0,beat_this
oCOWsvnWJuA.wav,7.98,0.0,30.0,beat_this
oCOWsvnWJuA.wav,8.58,0.0,30.0,beat_this
oCOWsvnWJuA.wav,9.18,0.0,30.0,beat_this
oCOWsvnWJuA.wav,9.78,0.0,30.0,beat_this
oCOWsvnWJuA.wav,10.38,0.0,30.0,beat_this
oCOWsvnWJuA.wav,10.98,0.0,30.0,beat_this
oCOWsvnWJuA.wav,11.58,0.0,30.0,beat_this
oCOWsvnWJuA.wav,12.18,0.0,30.0,beat_this
oCOWsvnWJuA.wav,12.78,0.0,30.0,beat_this
oCOWsvnWJuA.wav,13.38,0.0,30.0,beat_this
oCOWsvnWJuA.wav,13.98,0.0,30.0,beat_this
oCOWsvnWJuA.wav,14.58,0.0,30.0,beat_this
oCOWsvnWJuA.wav,15.18,0.0,30.0,beat_this
oCOWsvnWJuA.wav,15.8,0.0,30.0,beat_this
oCOWsvnWJuA.wav,16.4,0.0,30.0,beat_this
oCOWsvnWJuA.wav,16.98,0.0,30.0,beat_this
oCOWsvnWJuA.wav,17.58,0.0,30.0,beat_this
oCOWsvnWJuA.wav,18.18,0.0,30.0,beat_this
oCOWsvnWJuA.wav,18.78,0.0,30.0,beat_this
oCOWsvnWJuA.wav,19.38,0.0,30.0,beat_this
oCOWsvnWJuA.wav,19.98,0.0,30.0,beat_this
oCOWsvnWJuA.wav,20.58,0.0,30.0,beat_this
oCOWsvnWJuA.wav,21.18,0.0,30.0,beat_this
oCOWsvnWJuA.wav,21.78,0.0,30.0,beat_this
oCOWsvnWJuA.wav,22.38,0.0,30.0,beat_this
oCOWsvnWJuA.wav,22.98,0.0,30.0,beat_this
oCOWsvnWJuA.wav,23.58,0.0,30.0,beat_this
oCOWsvnWJuA.wav,24.2,0.0,30.0,beat_this
oCOWsvnWJuA.wav,24.78,0.0,30.0,beat_this
oCOWsvnWJuA.wav,25.38,0.0,30.0,beat_this
oCOWsvnWJuA.wav,26.0,0.0,30.0,beat_this
oCOWsvnWJuA.wav,26.6,0.0,30.0,beat_this
oCOWsvnWJuA.wav,27.2,0.0,30.0,beat_this
oCOWsvnWJuA.wav,27.8,0.0,30.0,beat_this
oCOWsvnWJuA.wav,28.4,0.0,30.0,beat_this
oCOWsvnWJuA.wav,29.0,0.0,30.0,beat_this
oCOWsvnWJuA.wav,29.6,0.0,30.0,beat_this
ojRj2JK5oCI.wav,0.02,0.0,30.0,beat_this
ojRj2JK5oCI.wav,0.46,0.0,30.0,beat_this
ojRj2JK5oCI.wav,0.86,0.0,30.0,beat_this
ojRj2JK5oCI.wav,1.26,0.0,30.0,beat_this
ojRj2JK5oCI.wav,2.06,0.0,30.0,beat_this
ojRj2JK5oCI.wav,2.94,0.0,30.0,beat_this
ojRj2JK5oCI.wav,3.78,0.0,30.0,beat_this
ojRj2JK5oCI.wav,4.62,0.0,30.0,beat_this
ojRj2JK5oCI.wav,5.44,0.0,30.0,beat_this
ojRj2JK5oCI.wav,6.28,0.0,30.0,beat_this
ojRj2JK5oCI.wav,7.12,0.0,30.0,beat_this
ojRj2JK5oCI.wav,7.96,0.0,30.0,beat_this
ojRj2JK5oCI.wav,8.86,0.0,30.0,beat_this
ojRj2JK5oCI.wav,9.72,0.0,30.0,beat_this
ojRj2JK5oCI.wav,10.54,0.0,30.0,beat_this
ojRj2JK5oCI.wav,11.36,0.0,30.0,beat_this
ojRj2JK5oCI.wav,12.18,0.0,30.0,beat_this
ojRj2JK5oCI.wav,13.0,0.0,30.0,beat_this
ojRj2JK5oCI.wav,13.8,0.0,30.0,beat_this
ojRj2JK5oCI.wav,14.6,0.0,30.0,beat_this
ojRj2JK5oCI.wav,15.42,0.0,30.0,beat_this
ojRj2JK5oCI.wav,16.24,0.0,30.0,beat_this
ojRj2JK5oCI.wav,17.04,0.0,30.0,beat_this
ojRj2JK5oCI.wav,17.88,0.0,30.0,beat_this
ojRj2JK5oCI.wav,18.7,0.0,30.0,beat_this
ojRj2JK5oCI.wav,19.56,0.0,30.0,beat_this
ojRj2JK5oCI.wav,20.4,0.0,30.0,beat_this
ojRj2JK5oCI.wav,21.26,0.0,30.0,beat_this
ojRj2JK5oCI.wav,22.12,0.0,30.0,beat_this
ojRj2JK5oCI.wav,22.52,0.0,30.0,beat_this
ojRj2JK5oCI.wav,22.96,0.0,30.0,beat_this
ojRj2JK5oCI.wav,23.78,0.0,30.0,beat_this
ojRj2JK5oCI.wav,24.62,0.0,30.0,beat_this
ojRj2JK5oCI.wav,25.48,0.0,30.0,beat_this
ojRj2JK5oCI.wav,26.34,0.0,30.0,beat_this
ojRj2JK5oCI.wav,27.2,0.0,30.0,beat_this
ojRj2JK5oCI.wav,28.04,0.0,30.0,beat_this
ojRj2JK5oCI.wav,28.88,0.0,30.0,beat_this
ojRj2JK5oCI.wav,29.74,0.0,30.0,beat_this
p5wp3UBBt10.wav,0.02,0.0,30.0,beat_this
p5wp3UBBt10.wav,0.48,0.0,30.0,beat_this
p5wp3UBBt10.wav,0.96,0.0,30.0,beat_this
p5wp3UBBt10.wav,1.42,0.0,30.0,beat_this
p5wp3UBBt10.wav,1.88,0.0,30.0,beat_this
p5wp3UBBt10.wav,2.34,0.0,30.0,beat_this
p5wp3UBBt10.wav,2.8,0.0,30.0,beat_this
p5wp3UBBt10.wav,3.26,0.0,30.0,beat_this
p5wp3UBBt10.wav,3.72,0.0,30.0,beat_this
p5wp3UBBt10.wav,4.2,0.0,30.0,beat_this
p5wp3UBBt10.wav,4.64,0.0,30.0,beat_this
p5wp3UBBt10.wav,5.1,0.0,30.0,beat_this
p5wp3UBBt10.wav,5.56,0.0,30.0,beat_this
p5wp3UBBt10.wav,6.02,0.0,30.0,beat_this
p5wp3UBBt10.wav,6.48,0.0,30.0,beat_this
p5wp3UBBt10.wav,6.94,0.0,30.0,beat_this
p5wp3UBBt10.wav,7.42,0.0,30.0,beat_this
p5wp3UBBt10.wav,7.88,0.0,30.0,beat_this
p5wp3UBBt10.wav,8.34,0.0,30.0,beat_this
p5wp3UBBt10.wav,8.8,0.0,30.0,beat_this
p5wp3UBBt10.wav,9.26,0.0,30.0,beat_this
p5wp3UBBt10.wav,9.72,0.0,30.0,beat_this
p5wp3UBBt10.wav,10.18,0.0,30.0,beat_this
p5wp3UBBt10.wav,10.64,0.0,30.0,beat_this
p5wp3UBBt10.wav,11.1,0.0,30.0,beat_this
p5wp3UBBt10.wav,11.56,0.0,30.0,beat_this
p5wp3UBBt10.wav,12.02,0.0,30.0,beat_this
p5wp3UBBt10.wav,12.48,0.0,30.0,beat_this
p5wp3UBBt10.wav,12.94,0.0,30.0,beat_this
p5wp3UBBt10.wav,13.4,0.0,30.0,beat_this
p5wp3UBBt10.wav,13.88,0.0,30.0,beat_this
p5wp3UBBt10.wav,14.34,0.0,30.0,beat_this
p5wp3UBBt10.wav,14.8,0.0,30.0,beat_this
p5wp3UBBt10.wav,15.26,0.0,30.0,beat_this
p5wp3UBBt10.wav,15.72,0.0,30.0,beat_this
p5wp3UBBt10.wav,16.18,0.0,30.0,beat_this
p5wp3UBBt10.wav,16.64,0.0,30.0,beat_this
p5wp3UBBt10.wav,17.1,0.0,30.0,beat_this
p5wp3UBBt10.wav,17.56,0.0,30.0,beat_this
p5wp3UBBt10.wav,18.02,0.0,30.0,beat_this
p5wp3UBBt10.wav,18.46,0.0,30.0,beat_this
p5wp3UBBt10.wav,18.94,0.0,30.0,beat_this
p5wp3UBBt10.wav,19.38,0.0,30.0,beat_this
p5wp3UBBt10.wav,19.86,0.0,30.0,beat_this
p5wp3UBBt10.wav,20.32,0.0,30.0,beat_this
p5wp3UBBt10.wav,20.78,0.0,30.0,beat_this
p5wp3UBBt10.wav,21.26,0.0,30.0,beat_this
p5wp3UBBt10.wav,21.72,0.0,30.0,beat_this
p5wp3UBBt10.wav,22.18,0.0,30.0,beat_this
p5wp3UBBt10.wav,22.64,0.0,30.0,beat_this
p5wp3UBBt10.wav,23.1,0.0,30.0,beat_this
p5wp3UBBt10.wav,23.56,0.0,30.0,beat_this
p5wp3UBBt10.wav,24.02,0.0,30.0,beat_this
p5wp3UBBt10.wav,24.48,0.0,30.0,beat_this
p5wp3UBBt10.wav,24.94,0.0,30.0,beat_this
p5wp3UBBt10.wav,25.42,0.0,30.0,beat_this
p5wp3UBBt10.wav,25.86,0.0,30.0,beat_this
p5wp3UBBt10.wav,26.28,0.0,30.0,beat_this
p5wp3UBBt10.wav,26.8,0.0,30.0,beat_this
p5wp3UBBt10.wav,27.26,0.0,30.0,beat_this
p5wp3UBBt10.wav,27.72,0.0,30.0,beat_this
p5wp3UBBt10.wav,28.18,0.0,30.0,beat_this
p5wp3UBBt10.wav,28.64,0.0,30.0,beat_this
p5wp3UBBt10.wav,29.1,0.0,30.0,beat_this
p5wp3UBBt10.wav,29.56,0.0,30.0,beat_this
p5wp3UBBt10.wav,29.96,0.0,30.0,beat_this
p9OZAZrw-9o.wav,0.4,0.0,30.0,beat_this
p9OZAZrw-9o.wav,1.16,0.0,30.0,beat_this
p9OZAZrw-9o.wav,1.9,0.0,30.0,beat_this
p9OZAZrw-9o.wav,2.66,0.0,30.0,beat_this
p9OZAZrw-9o.wav,3.4,0.0,30.0,beat_this
p9OZAZrw-9o.wav,4.16,0.0,30.0,beat_this
p9OZAZrw-9o.wav,4.92,0.0,30.0,beat_this
p9OZAZrw-9o.wav,5.66,0.0,30.0,beat_this
p9OZAZrw-9o.wav,6.4,0.0,30.0,beat_this
p9OZAZrw-9o.wav,7.16,0.0,30.0,beat_this
p9OZAZrw-9o.wav,7.88,0.0,30.0,beat_this
p9OZAZrw-9o.wav,8.64,0.0,30.0,beat_this
p9OZAZrw-9o.wav,9.4,0.0,30.0,beat_this
p9OZAZrw-9o.wav,10.14,0.0,30.0,beat_this
p9OZAZrw-9o.wav,10.9,0.0,30.0,beat_this
p9OZAZrw-9o.wav,11.64,0.0,30.0,beat_this
p9OZAZrw-9o.wav,12.4,0.0,30.0,beat_this
p9OZAZrw-9o.wav,13.16,0.0,30.0,beat_this
p9OZAZrw-9o.wav,13.92,0.0,30.0,beat_this
p9OZAZrw-9o.wav,14.66,0.0,30.0,beat_this
p9OZAZrw-9o.wav,15.4,0.0,30.0,beat_this
p9OZAZrw-9o.wav,16.14,0.0,30.0,beat_this
p9OZAZrw-9o.wav,16.92,0.0,30.0,beat_this
p9OZAZrw-9o.wav,17.66,0.0,30.0,beat_this
p9OZAZrw-9o.wav,18.42,0.0,30.0,beat_this
p9OZAZrw-9o.wav,19.16,0.0,30.0,beat_this
p9OZAZrw-9o.wav,19.9,0.0,30.0,beat_this
p9OZAZrw-9o.wav,20.66,0.0,30.0,beat_this
p9OZAZrw-9o.wav,21.4,0.0,30.0,beat_this
p9OZAZrw-9o.wav,22.14,0.0,30.0,beat_this
p9OZAZrw-9o.wav,22.9,0.0,30.0,beat_this
p9OZAZrw-9o.wav,23.66,0.0,30.0,beat_this
p9OZAZrw-9o.wav,24.4,0.0,30.0,beat_this
p9OZAZrw-9o.wav,25.14,0.0,30.0,beat_this
p9OZAZrw-9o.wav,25.9,0.0,30.0,beat_this
p9OZAZrw-9o.wav,26.66,0.0,30.0,beat_this
p9OZAZrw-9o.wav,27.4,0.0,30.0,beat_this
p9OZAZrw-9o.wav,28.14,0.0,30.0,beat_this
p9OZAZrw-9o.wav,28.9,0.0,30.0,beat_this
p9OZAZrw-9o.wav,29.64,0.0,30.0,beat_this
pOEzjT-SED0.wav,0.0,0.0,30.0,beat_this
pOEzjT-SED0.wav,0.7,0.0,30.0,beat_this
pOEzjT-SED0.wav,1.44,0.0,30.0,beat_this
pOEzjT-SED0.wav,2.16,0.0,30.0,beat_this
pOEzjT-SED0.wav,2.9,0.0,30.0,beat_this
pOEzjT-SED0.wav,3.64,0.0,30.0,beat_this
pOEzjT-SED0.wav,4.36,0.0,30.0,beat_this
pOEzjT-SED0.wav,5.1,0.0,30.0,beat_this
pOEzjT-SED0.wav,5.84,0.0,30.0,beat_this
pOEzjT-SED0.wav,6.58,0.0,30.0,beat_this
pOEzjT-SED0.wav,7.3,0.0,30.0,beat_this
pOEzjT-SED0.wav,8.06,0.0,30.0,beat_this
pOEzjT-SED0.wav,8.78,0.0,30.0,beat_this
pOEzjT-SED0.wav,9.52,0.0,30.0,beat_this
pOEzjT-SED0.wav,10.24,0.0,30.0,beat_this
pOEzjT-SED0.wav,10.98,0.0,30.0,beat_this
pOEzjT-SED0.wav,11.72,0.0,30.0,beat_this
pOEzjT-SED0.wav,12.46,0.0,30.0,beat_this
pOEzjT-SED0.wav,13.18,0.0,30.0,beat_this
pOEzjT-SED0.wav,13.92,0.0,30.0,beat_this
pOEzjT-SED0.wav,14.66,0.0,30.0,beat_this
pOEzjT-SED0.wav,15.38,0.0,30.0,beat_this
pOEzjT-SED0.wav,16.14,0.0,30.0,beat_this
pOEzjT-SED0.wav,16.86,0.0,30.0,beat_this
pOEzjT-SED0.wav,17.6,0.0,30.0,beat_this
pOEzjT-SED0.wav,18.32,0.0,30.0,beat_this
pOEzjT-SED0.wav,19.06,0.0,30.0,beat_this
pOEzjT-SED0.wav,19.8,0.0,30.0,beat_this
pOEzjT-SED0.wav,20.54,0.0,30.0,beat_this
pOEzjT-SED0.wav,21.28,0.0,30.0,beat_this
pOEzjT-SED0.wav,22.02,0.0,30.0,beat_this
pOEzjT-SED0.wav,22.76,0.0,30.0,beat_this
pOEzjT-SED0.wav,23.5,0.0,30.0,beat_this
pOEzjT-SED0.wav,24.22,0.0,30.0,beat_this
pOEzjT-SED0.wav,24.96,0.0,30.0,beat_this
pOEzjT-SED0.wav,25.7,0.0,30.0,beat_this
pOEzjT-SED0.wav,26.44,0.0,30.0,beat_this
pOEzjT-SED0.wav,27.16,0.0,30.0,beat_this
pOEzjT-SED0.wav,27.9,0.0,30.0,beat_this
pOEzjT-SED0.wav,28.66,0.0,30.0,beat_this
pOEzjT-SED0.wav,29.38,0.0,30.0,beat_this
pPAAFMtDUzo.wav,0.68,0.0,30.0,beat_this
pPAAFMtDUzo.wav,1.52,0.0,30.0,beat_this
pPAAFMtDUzo.wav,2.32,0.0,30.0,beat_this
pPAAFMtDUzo.wav,3.14,0.0,30.0,beat_this
pPAAFMtDUzo.wav,3.92,0.0,30.0,beat_this
pPAAFMtDUzo.wav,4.76,0.0,30.0,beat_this
pPAAFMtDUzo.wav,5.56,0.0,30.0,beat_this
pPAAFMtDUzo.wav,6.38,0.0,30.0,beat_this
pPAAFMtDUzo.wav,7.18,0.0,30.0,beat_this
pPAAFMtDUzo.wav,8.0,0.0,30.0,beat_this
pPAAFMtDUzo.wav,8.8,0.0,30.0,beat_this
pPAAFMtDUzo.wav,9.62,0.0,30.0,beat_this
pPAAFMtDUzo.wav,10.42,0.0,30.0,beat_this
pPAAFMtDUzo.wav,11.24,0.0,30.0,beat_this
pPAAFMtDUzo.wav,12.06,0.0,30.0,beat_this
pPAAFMtDUzo.wav,12.86,0.0,30.0,beat_this
pPAAFMtDUzo.wav,13.66,0.0,30.0,beat_this
pPAAFMtDUzo.wav,14.5,0.0,30.0,beat_this
pPAAFMtDUzo.wav,15.3,0.0,30.0,beat_this
pPAAFMtDUzo.wav,16.12,0.0,30.0,beat_this
pPAAFMtDUzo.wav,16.92,0.0,30.0,beat_this
pPAAFMtDUzo.wav,17.74,0.0,30.0,beat_this
pPAAFMtDUzo.wav,18.54,0.0,30.0,beat_this
pPAAFMtDUzo.wav,19.36,0.0,30.0,beat_this
pPAAFMtDUzo.wav,20.16,0.0,30.0,beat_this
pPAAFMtDUzo.wav,20.96,0.0,30.0,beat_this
pPAAFMtDUzo.wav,21.8,0.0,30.0,beat_this
pPAAFMtDUzo.wav,22.6,0.0,30.0,beat_this
pPAAFMtDUzo.wav,23.4,0.0,30.0,beat_this
pPAAFMtDUzo.wav,24.22,0.0,30.0,beat_this
pPAAFMtDUzo.wav,25.02,0.0,30.0,beat_this
pPAAFMtDUzo.wav,25.84,0.0,30.0,beat_this
pPAAFMtDUzo.wav,26.66,0.0,30.0,beat_this
pPAAFMtDUzo.wav,27.48,0.0,30.0,beat_this
pPAAFMtDUzo.wav,28.3,0.0,30.0,beat_this
pPAAFMtDUzo.wav,29.08,0.0,30.0,beat_this
pTK9FnAzgwI.wav,0.18,0.0,30.0,beat_this
pTK9FnAzgwI.wav,0.62,0.0,30.0,beat_this
pTK9FnAzgwI.wav,1.08,0.0,30.0,beat_this
pTK9FnAzgwI.wav,1.56,0.0,30.0,beat_this
pTK9FnAzgwI.wav,2.0,0.0,30.0,beat_this
pTK9FnAzgwI.wav,2.48,0.0,30.0,beat_this
pTK9FnAzgwI.wav,2.92,0.0,30.0,beat_this
pTK9FnAzgwI.wav,3.38,0.0,30.0,beat_this
pTK9FnAzgwI.wav,3.88,0.0,30.0,beat_this
pTK9FnAzgwI.wav,4.34,0.0,30.0,beat_this
pTK9FnAzgwI.wav,4.76,0.0,30.0,beat_this
pTK9FnAzgwI.wav,5.16,0.0,30.0,beat_this
pTK9FnAzgwI.wav,5.66,0.0,30.0,beat_this
pTK9FnAzgwI.wav,6.14,0.0,30.0,beat_this
pTK9FnAzgwI.wav,6.52,0.0,30.0,beat_this
pTK9FnAzgwI.wav,7.02,0.0,30.0,beat_this
pTK9FnAzgwI.wav,7.48,0.0,30.0,beat_this
pTK9FnAzgwI.wav,7.92,0.0,30.0,beat_this
pTK9FnAzgwI.wav,8.38,0.0,30.0,beat_this
pTK9FnAzgwI.wav,8.84,0.0,30.0,beat_this
pTK9FnAzgwI.wav,9.3,0.0,30.0,beat_this
pTK9FnAzgwI.wav,9.74,0.0,30.0,beat_this
pTK9FnAzgwI.wav,10.18,0.0,30.0,beat_this
pTK9FnAzgwI.wav,10.66,0.0,30.0,beat_this
pTK9FnAzgwI.wav,11.12,0.0,30.0,beat_this
pTK9FnAzgwI.wav,11.56,0.0,30.0,beat_this
pTK9FnAzgwI.wav,12.02,0.0,30.0,beat_this
pTK9FnAzgwI.wav,12.48,0.0,30.0,beat_this
pTK9FnAzgwI.wav,12.92,0.0,30.0,beat_this
pTK9FnAzgwI.wav,13.38,0.0,30.0,beat_this
pTK9FnAzgwI.wav,13.82,0.0,30.0,beat_this
pTK9FnAzgwI.wav,14.3,0.0,30.0,beat_this
pTK9FnAzgwI.wav,14.74,0.0,30.0,beat_this
pTK9FnAzgwI.wav,15.2,0.0,30.0,beat_this
pTK9FnAzgwI.wav,15.64,0.0,30.0,beat_this
pTK9FnAzgwI.wav,16.1,0.0,30.0,beat_this
pTK9FnAzgwI.wav,16.56,0.0,30.0,beat_this
pTK9FnAzgwI.wav,17.02,0.0,30.0,beat_this
pTK9FnAzgwI.wav,17.46,0.0,30.0,beat_this
pTK9FnAzgwI.wav,17.94,0.0,30.0,beat_this
pTK9FnAzgwI.wav,18.36,0.0,30.0,beat_this
pTK9FnAzgwI.wav,18.82,0.0,30.0,beat_this
pTK9FnAzgwI.wav,19.26,0.0,30.0,beat_this
pTK9FnAzgwI.wav,19.74,0.0,30.0,beat_this
pTK9FnAzgwI.wav,20.2,0.0,30.0,beat_this
pTK9FnAzgwI.wav,20.64,0.0,30.0,beat_this
pTK9FnAzgwI.wav,21.1,0.0,30.0,beat_this
pTK9FnAzgwI.wav,21.58,0.0,30.0,beat_this
pTK9FnAzgwI.wav,22.0,0.0,30.0,beat_this
pTK9FnAzgwI.wav,22.48,0.0,30.0,beat_this
pTK9FnAzgwI.wav,22.92,0.0,30.0,beat_this
pTK9FnAzgwI.wav,23.38,0.0,30.0,beat_this
pTK9FnAzgwI.wav,23.84,0.0,30.0,beat_this
pTK9FnAzgwI.wav,24.28,0.0,30.0,beat_this
pTK9FnAzgwI.wav,24.74,0.0,30.0,beat_this
pTK9FnAzgwI.wav,25.2,0.0,30.0,beat_this
pTK9FnAzgwI.wav,25.64,0.0,30.0,beat_this
pTK9FnAzgwI.wav,26.1,0.0,30.0,beat_this
pTK9FnAzgwI.wav,26.56,0.0,30.0,beat_this
pTK9FnAzgwI.wav,27.02,0.0,30.0,beat_this
pTK9FnAzgwI.wav,27.48,0.0,30.0,beat_this
pTK9FnAzgwI.wav,27.92,0.0,30.0,beat_this
pTK9FnAzgwI.wav,28.38,0.0,30.0,beat_this
pTK9FnAzgwI.wav,28.84,0.0,30.0,beat_this
pTK9FnAzgwI.wav,29.28,0.0,30.0,beat_this
pTK9FnAzgwI.wav,29.74,0.0,30.0,beat_this
q1tC8PSDJe4.wav,0.24,0.0,30.0,beat_this
q1tC8PSDJe4.wav,0.7,0.0,30.0,beat_this
q1tC8PSDJe4.wav,1.12,0.0,30.0,beat_this
q1tC8PSDJe4.wav,1.56,0.0,30.0,beat_this
q1tC8PSDJe4.wav,1.98,0.0,30.0,beat_this
q1tC8PSDJe4.wav,2.42,0.0,30.0,beat_this
q1tC8PSDJe4.wav,2.86,0.0,30.0,beat_this
q1tC8PSDJe4.wav,3.28,0.0,30.0,beat_this
q1tC8PSDJe4.wav,3.72,0.0,30.0,beat_this
q1tC8PSDJe4.wav,4.12,0.0,30.0,beat_this
q1tC8PSDJe4.wav,4.54,0.0,30.0,beat_this
q1tC8PSDJe4.wav,4.96,0.0,30.0,beat_this
q1tC8PSDJe4.wav,5.4,0.0,30.0,beat_this
q1tC8PSDJe4.wav,5.82,0.0,30.0,beat_this
q1tC8PSDJe4.wav,6.24,0.0,30.0,beat_this
q1tC8PSDJe4.wav,6.66,0.0,30.0,beat_this
q1tC8PSDJe4.wav,7.1,0.0,30.0,beat_this
q1tC8PSDJe4.wav,7.5,0.0,30.0,beat_this
q1tC8PSDJe4.wav,7.92,0.0,30.0,beat_this
q1tC8PSDJe4.wav,8.36,0.0,30.0,beat_this
q1tC8PSDJe4.wav,8.78,0.0,30.0,beat_this
q1tC8PSDJe4.wav,9.22,0.0,30.0,beat_this
q1tC8PSDJe4.wav,9.64,0.0,30.0,beat_this
q1tC8PSDJe4.wav,10.06,0.0,30.0,beat_this
q1tC8PSDJe4.wav,10.48,0.0,30.0,beat_this
q1tC8PSDJe4.wav,10.9,0.0,30.0,beat_this
q1tC8PSDJe4.wav,11.36,0.0,30.0,beat_this
q1tC8PSDJe4.wav,11.78,0.0,30.0,beat_this
q1tC8PSDJe4.wav,12.2,0.0,30.0,beat_this
q1tC8PSDJe4.wav,12.62,0.0,30.0,beat_this
q1tC8PSDJe4.wav,13.06,0.0,30.0,beat_this
q1tC8PSDJe4.wav,13.48,0.0,30.0,beat_this
q1tC8PSDJe4.wav,13.9,0.0,30.0,beat_this
q1tC8PSDJe4.wav,14.32,0.0,30.0,beat_this
q1tC8PSDJe4.wav,14.76,0.0,30.0,beat_this
q1tC8PSDJe4.wav,15.18,0.0,30.0,beat_this
q1tC8PSDJe4.wav,15.6,0.0,30.0,beat_this
q1tC8PSDJe4.wav,16.02,0.0,30.0,beat_this
q1tC8PSDJe4.wav,16.44,0.0,30.0,beat_this
q1tC8PSDJe4.wav,16.86,0.0,30.0,beat_this
q1tC8PSDJe4.wav,17.28,0.0,30.0,beat_this
q1tC8PSDJe4.wav,17.72,0.0,30.0,beat_this
q1tC8PSDJe4.wav,18.14,0.0,30.0,beat_this
q1tC8PSDJe4.wav,18.56,0.0,30.0,beat_this
q1tC8PSDJe4.wav,19.0,0.0,30.0,beat_this
q1tC8PSDJe4.wav,19.4,0.0,30.0,beat_this
q1tC8PSDJe4.wav,19.84,0.0,30.0,beat_this
q1tC8PSDJe4.wav,20.26,0.0,30.0,beat_this
q1tC8PSDJe4.wav,20.68,0.0,30.0,beat_this
q1tC8PSDJe4.wav,21.12,0.0,30.0,beat_this
q1tC8PSDJe4.wav,21.54,0.0,30.0,beat_this
q1tC8PSDJe4.wav,21.98,0.0,30.0,beat_this
q1tC8PSDJe4.wav,22.4,0.0,30.0,beat_this
q1tC8PSDJe4.wav,22.82,0.0,30.0,beat_this
q1tC8PSDJe4.wav,23.26,0.0,30.0,beat_this
q1tC8PSDJe4.wav,23.68,0.0,30.0,beat_this
q1tC8PSDJe4.wav,24.1,0.0,30.0,beat_this
q1tC8PSDJe4.wav,24.5,0.0,30.0,beat_this
q1tC8PSDJe4.wav,24.94,0.0,30.0,beat_this
q1tC8PSDJe4.wav,25.36,0.0,30.0,beat_this
q1tC8PSDJe4.wav,25.8,0.0,30.0,beat_this
q1tC8PSDJe4.wav,26.24,0.0,30.0,beat_this
q1tC8PSDJe4.wav,26.66,0.0,30.0,beat_this
q1tC8PSDJe4.wav,27.08,0.0,30.0,beat_this
q1tC8PSDJe4.wav,27.5,0.0,30.0,beat_this
q1tC8PSDJe4.wav,27.92,0.0,30.0,beat_this
q1tC8PSDJe4.wav,28.34,0.0,30.0,beat_this
q1tC8PSDJe4.wav,28.76,0.0,30.0,beat_this
q1tC8PSDJe4.wav,29.2,0.0,30.0,beat_this
q1tC8PSDJe4.wav,29.62,0.0,30.0,beat_this
qhg8a5LUk-Y.wav,0.0,0.0,30.0,beat_this
qhg8a5LUk-Y.wav,0.88,0.0,30.0,beat_this
qhg8a5LUk-Y.wav,1.8,0.0,30.0,beat_this
qhg8a5LUk-Y.wav,2.76,0.0,30.0,beat_this
qhg8a5LUk-Y.wav,3.68,0.0,30.0,beat_this
qhg8a5LUk-Y.wav,4.62,0.0,30.0,beat_this
qhg8a5LUk-Y.wav,5.56,0.0,30.0,beat_this
qhg8a5LUk-Y.wav,6.5,0.0,30.0,beat_this
qhg8a5LUk-Y.wav,7.44,0.0,30.0,beat_this
qhg8a5LUk-Y.wav,8.38,0.0,30.0,beat_this
qhg8a5LUk-Y.wav,9.32,0.0,30.0,beat_this
qhg8a5LUk-Y.wav,10.24,0.0,30.0,beat_this
qhg8a5LUk-Y.wav,11.18,0.0,30.0,beat_this
qhg8a5LUk-Y.wav,12.14,0.0,30.0,beat_this
qhg8a5LUk-Y.wav,13.06,0.0,30.0,beat_this
qhg8a5LUk-Y.wav,14.0,0.0,30.0,beat_this
qhg8a5LUk-Y.wav,14.94,0.0,30.0,beat_this
qhg8a5LUk-Y.wav,15.88,0.0,30.0,beat_this
qhg8a5LUk-Y.wav,16.8,0.0,30.0,beat_this
qhg8a5LUk-Y.wav,17.74,0.0,30.0,beat_this
qhg8a5LUk-Y.wav,18.68,0.0,30.0,beat_this
qhg8a5LUk-Y.wav,19.62,0.0,30.0,beat_this
qhg8a5LUk-Y.wav,20.56,0.0,30.0,beat_this
qhg8a5LUk-Y.wav,21.5,0.0,30.0,beat_this
qhg8a5LUk-Y.wav,22.44,0.0,30.0,beat_this
qhg8a5LUk-Y.wav,23.38,0.0,30.0,beat_this
qhg8a5LUk-Y.wav,24.32,0.0,30.0,beat_this
qhg8a5LUk-Y.wav,25.26,0.0,30.0,beat_this
qhg8a5LUk-Y.wav,26.18,0.0,30.0,beat_this
qhg8a5LUk-Y.wav,27.14,0.0,30.0,beat_this
qhg8a5LUk-Y.wav,28.06,0.0,30.0,beat_this
qhg8a5LUk-Y.wav,29.0,0.0,30.0,beat_this
qhg8a5LUk-Y.wav,29.94,0.0,30.0,beat_this
qtDcpyukzIw.wav,0.0,0.0,30.0,beat_this
qtDcpyukzIw.wav,0.62,0.0,30.0,beat_this
qtDcpyukzIw.wav,1.22,0.0,30.0,beat_this
qtDcpyukzIw.wav,1.82,0.0,30.0,beat_this
qtDcpyukzIw.wav,2.42,0.0,30.0,beat_this
qtDcpyukzIw.wav,3.04,0.0,30.0,beat_this
qtDcpyukzIw.wav,3.64,0.0,30.0,beat_this
qtDcpyukzIw.wav,4.24,0.0,30.0,beat_this
qtDcpyukzIw.wav,4.84,0.0,30.0,beat_this
qtDcpyukzIw.wav,5.46,0.0,30.0,beat_this
qtDcpyukzIw.wav,6.06,0.0,30.0,beat_this
qtDcpyukzIw.wav,6.66,0.0,30.0,beat_this
qtDcpyukzIw.wav,7.28,0.0,30.0,beat_this
qtDcpyukzIw.wav,7.88,0.0,30.0,beat_this
qtDcpyukzIw.wav,8.48,0.0,30.0,beat_this
qtDcpyukzIw.wav,9.1,0.0,30.0,beat_this
qtDcpyukzIw.wav,9.7,0.0,30.0,beat_this
qtDcpyukzIw.wav,10.3,0.0,30.0,beat_this
qtDcpyukzIw.wav,10.9,0.0,30.0,beat_this
qtDcpyukzIw.wav,11.5,0.0,30.0,beat_this
qtDcpyukzIw.wav,12.12,0.0,30.0,beat_this
qtDcpyukzIw.wav,12.72,0.0,30.0,beat_this
qtDcpyukzIw.wav,13.32,0.0,30.0,beat_this
qtDcpyukzIw.wav,13.92,0.0,30.0,beat_this
qtDcpyukzIw.wav,14.52,0.0,30.0,beat_this
qtDcpyukzIw.wav,15.14,0.0,30.0,beat_this
qtDcpyukzIw.wav,15.74,0.0,30.0,beat_this
qtDcpyukzIw.wav,16.36,0.0,30.0,beat_this
qtDcpyukzIw.wav,16.96,0.0,30.0,beat_this
qtDcpyukzIw.wav,17.56,0.0,30.0,beat_this
qtDcpyukzIw.wav,18.18,0.0,30.0,beat_this
qtDcpyukzIw.wav,18.78,0.0,30.0,beat_this
qtDcpyukzIw.wav,19.36,0.0,30.0,beat_this
qtDcpyukzIw.wav,19.96,0.0,30.0,beat_this
qtDcpyukzIw.wav,20.56,0.0,30.0,beat_this
qtDcpyukzIw.wav,21.18,0.0,30.0,beat_this
qtDcpyukzIw.wav,21.78,0.0,30.0,beat_this
qtDcpyukzIw.wav,22.4,0.0,30.0,beat_this
qtDcpyukzIw.wav,23.0,0.0,30.0,beat_this
qtDcpyukzIw.wav,23.6,0.0,30.0,beat_this
qtDcpyukzIw.wav,24.22,0.0,30.0,beat_this
qtDcpyukzIw.wav,24.82,0.0,30.0,beat_this
qtDcpyukzIw.wav,25.44,0.0,30.0,beat_this
qtDcpyukzIw.wav,26.02,0.0,30.0,beat_this
qtDcpyukzIw.wav,26.64,0.0,30.0,beat_this
qtDcpyukzIw.wav,27.26,0.0,30.0,beat_this
qtDcpyukzIw.wav,27.84,0.0,30.0,beat_this
qtDcpyukzIw.wav,28.46,0.0,30.0,beat_this
qtDcpyukzIw.wav,29.06,0.0,30.0,beat_this
qtDcpyukzIw.wav,29.68,0.0,30.0,beat_this
rgQacXMj7EQ.wav,0.02,0.0,30.0,beat_this
rgQacXMj7EQ.wav,0.18,0.0,30.0,beat_this
rgQacXMj7EQ.wav,0.42,0.0,30.0,beat_this
rgQacXMj7EQ.wav,0.66,0.0,30.0,beat_this
rgQacXMj7EQ.wav,0.9,0.0,30.0,beat_this
rgQacXMj7EQ.wav,1.14,0.0,30.0,beat_this
rgQacXMj7EQ.wav,1.4,0.0,30.0,beat_this
rgQacXMj7EQ.wav,1.62,0.0,30.0,beat_this
rgQacXMj7EQ.wav,1.86,0.0,30.0,beat_this
rgQacXMj7EQ.wav,2.1,0.0,30.0,beat_this
rgQacXMj7EQ.wav,2.36,0.0,30.0,beat_this
rgQacXMj7EQ.wav,2.6,0.0,30.0,beat_this
rgQacXMj7EQ.wav,2.84,0.0,30.0,beat_this
rgQacXMj7EQ.wav,3.08,0.0,30.0,beat_this
rgQacXMj7EQ.wav,3.32,0.0,30.0,beat_this
rgQacXMj7EQ.wav,3.56,0.0,30.0,beat_this
rgQacXMj7EQ.wav,3.8,0.0,30.0,beat_this
rgQacXMj7EQ.wav,4.04,0.0,30.0,beat_this
rgQacXMj7EQ.wav,4.28,0.0,30.0,beat_this
rgQacXMj7EQ.wav,4.52,0.0,30.0,beat_this
rgQacXMj7EQ.wav,4.78,0.0,30.0,beat_this
rgQacXMj7EQ.wav,5.0,0.0,30.0,beat_this
rgQacXMj7EQ.wav,5.24,0.0,30.0,beat_this
rgQacXMj7EQ.wav,5.48,0.0,30.0,beat_this
rgQacXMj7EQ.wav,5.72,0.0,30.0,beat_this
rgQacXMj7EQ.wav,5.96,0.0,30.0,beat_this
rgQacXMj7EQ.wav,6.22,0.0,30.0,beat_this
rgQacXMj7EQ.wav,6.46,0.0,30.0,beat_this
rgQacXMj7EQ.wav,6.7,0.0,30.0,beat_this
rgQacXMj7EQ.wav,6.94,0.0,30.0,beat_this
rgQacXMj7EQ.wav,7.18,0.0,30.0,beat_this
rgQacXMj7EQ.wav,7.42,0.0,30.0,beat_this
rgQacXMj7EQ.wav,7.68,0.0,30.0,beat_this
rgQacXMj7EQ.wav,7.92,0.0,30.0,beat_this
rgQacXMj7EQ.wav,8.16,0.0,30.0,beat_this
rgQacXMj7EQ.wav,8.4,0.0,30.0,beat_this
rgQacXMj7EQ.wav,8.64,0.0,30.0,beat_this
rgQacXMj7EQ.wav,8.88,0.0,30.0,beat_this
rgQacXMj7EQ.wav,9.12,0.0,30.0,beat_this
rgQacXMj7EQ.wav,9.36,0.0,30.0,beat_this
rgQacXMj7EQ.wav,9.6,0.0,30.0,beat_this
rgQacXMj7EQ.wav,9.84,0.0,30.0,beat_this
rgQacXMj7EQ.wav,10.1,0.0,30.0,beat_this
rgQacXMj7EQ.wav,10.34,0.0,30.0,beat_this
rgQacXMj7EQ.wav,10.56,0.0,30.0,beat_this
rgQacXMj7EQ.wav,10.82,0.0,30.0,beat_this
rgQacXMj7EQ.wav,11.06,0.0,30.0,beat_this
rgQacXMj7EQ.wav,11.3,0.0,30.0,beat_this
rgQacXMj7EQ.wav,11.54,0.0,30.0,beat_this
rgQacXMj7EQ.wav,11.78,0.0,30.0,beat_this
rgQacXMj7EQ.wav,12.02,0.0,30.0,beat_this
rgQacXMj7EQ.wav,12.26,0.0,30.0,beat_this
rgQacXMj7EQ.wav,12.5,0.0,30.0,beat_this
rgQacXMj7EQ.wav,12.74,0.0,30.0,beat_this
rgQacXMj7EQ.wav,13.0,0.0,30.0,beat_this
rgQacXMj7EQ.wav,13.22,0.0,30.0,beat_this
rgQacXMj7EQ.wav,13.48,0.0,30.0,beat_this
rgQacXMj7EQ.wav,13.72,0.0,30.0,beat_this
rgQacXMj7EQ.wav,13.96,0.0,30.0,beat_this
rgQacXMj7EQ.wav,14.2,0.0,30.0,beat_this
rgQacXMj7EQ.wav,14.44,0.0,30.0,beat_this
rgQacXMj7EQ.wav,14.68,0.0,30.0,beat_this
rgQacXMj7EQ.wav,14.92,0.0,30.0,beat_this
rgQacXMj7EQ.wav,15.16,0.0,30.0,beat_this
rgQacXMj7EQ.wav,15.42,0.0,30.0,beat_this
rgQacXMj7EQ.wav,15.66,0.0,30.0,beat_this
rgQacXMj7EQ.wav,15.9,0.0,30.0,beat_this
rgQacXMj7EQ.wav,16.14,0.0,30.0,beat_this
rgQacXMj7EQ.wav,16.38,0.0,30.0,beat_this
rgQacXMj7EQ.wav,16.62,0.0,30.0,beat_this
rgQacXMj7EQ.wav,16.86,0.0,30.0,beat_this
rgQacXMj7EQ.wav,17.1,0.0,30.0,beat_this
rgQacXMj7EQ.wav,17.34,0.0,30.0,beat_this
rgQacXMj7EQ.wav,17.58,0.0,30.0,beat_this
rgQacXMj7EQ.wav,17.84,0.0,30.0,beat_this
rgQacXMj7EQ.wav,18.06,0.0,30.0,beat_this
rgQacXMj7EQ.wav,18.32,0.0,30.0,beat_this
rgQacXMj7EQ.wav,18.56,0.0,30.0,beat_this
rgQacXMj7EQ.wav,18.8,0.0,30.0,beat_this
rgQacXMj7EQ.wav,19.04,0.0,30.0,beat_this
rgQacXMj7EQ.wav,19.28,0.0,30.0,beat_this
rgQacXMj7EQ.wav,19.52,0.0,30.0,beat_this
rgQacXMj7EQ.wav,19.78,0.0,30.0,beat_this
rgQacXMj7EQ.wav,20.0,0.0,30.0,beat_this
rgQacXMj7EQ.wav,20.26,0.0,30.0,beat_this
rgQacXMj7EQ.wav,20.5,0.0,30.0,beat_this
rgQacXMj7EQ.wav,20.74,0.0,30.0,beat_this
rgQacXMj7EQ.wav,20.98,0.0,30.0,beat_this
rgQacXMj7EQ.wav,21.22,0.0,30.0,beat_this
rgQacXMj7EQ.wav,21.46,0.0,30.0,beat_this
rgQacXMj7EQ.wav,21.7,0.0,30.0,beat_this
rgQacXMj7EQ.wav,21.94,0.0,30.0,beat_this
rgQacXMj7EQ.wav,22.18,0.0,30.0,beat_this
rgQacXMj7EQ.wav,22.42,0.0,30.0,beat_this
rgQacXMj7EQ.wav,22.66,0.0,30.0,beat_this
rgQacXMj7EQ.wav,22.9,0.0,30.0,beat_this
rgQacXMj7EQ.wav,23.16,0.0,30.0,beat_this
rgQacXMj7EQ.wav,23.4,0.0,30.0,beat_this
rgQacXMj7EQ.wav,23.64,0.0,30.0,beat_this
rgQacXMj7EQ.wav,23.88,0.0,30.0,beat_this
rgQacXMj7EQ.wav,24.12,0.0,30.0,beat_this
rgQacXMj7EQ.wav,24.36,0.0,30.0,beat_this
rgQacXMj7EQ.wav,24.6,0.0,30.0,beat_this
rgQacXMj7EQ.wav,24.84,0.0,30.0,beat_this
rgQacXMj7EQ.wav,25.08,0.0,30.0,beat_this
rgQacXMj7EQ.wav,25.32,0.0,30.0,beat_this
rgQacXMj7EQ.wav,25.58,0.0,30.0,beat_this
rgQacXMj7EQ.wav,25.8,0.0,30.0,beat_this
rgQacXMj7EQ.wav,26.06,0.0,30.0,beat_this
rgQacXMj7EQ.wav,26.3,0.0,30.0,beat_this
rgQacXMj7EQ.wav,26.54,0.0,30.0,beat_this
rgQacXMj7EQ.wav,26.78,0.0,30.0,beat_this
rgQacXMj7EQ.wav,27.02,0.0,30.0,beat_this
rgQacXMj7EQ.wav,27.26,0.0,30.0,beat_this
rgQacXMj7EQ.wav,27.5,0.0,30.0,beat_this
rgQacXMj7EQ.wav,27.74,0.0,30.0,beat_this
rgQacXMj7EQ.wav,27.98,0.0,30.0,beat_this
rgQacXMj7EQ.wav,28.24,0.0,30.0,beat_this
rgQacXMj7EQ.wav,28.48,0.0,30.0,beat_this
rgQacXMj7EQ.wav,28.72,0.0,30.0,beat_this
rgQacXMj7EQ.wav,28.96,0.0,30.0,beat_this
rgQacXMj7EQ.wav,29.2,0.0,30.0,beat_this
rgQacXMj7EQ.wav,29.44,0.0,30.0,beat_this
rgQacXMj7EQ.wav,29.68,0.0,30.0,beat_this
rgQacXMj7EQ.wav,29.92,0.0,30.0,beat_this
s7VmlXsURZQ.wav,0.04,0.0,30.0,beat_this
s7VmlXsURZQ.wav,0.54,0.0,30.0,beat_this
s7VmlXsURZQ.wav,1.02,0.0,30.0,beat_this
s7VmlXsURZQ.wav,1.5,0.0,30.0,beat_this
s7VmlXsURZQ.wav,1.98,0.0,30.0,beat_this
s7VmlXsURZQ.wav,2.44,0.0,30.0,beat_this
s7VmlXsURZQ.wav,2.92,0.0,30.0,beat_this
s7VmlXsURZQ.wav,3.4,0.0,30.0,beat_this
s7VmlXsURZQ.wav,3.88,0.0,30.0,beat_this
s7VmlXsURZQ.wav,4.36,0.0,30.0,beat_this
s7VmlXsURZQ.wav,4.82,0.0,30.0,beat_this
s7VmlXsURZQ.wav,5.3,0.0,30.0,beat_this
s7VmlXsURZQ.wav,5.78,0.0,30.0,beat_this
s7VmlXsURZQ.wav,6.26,0.0,30.0,beat_this
s7VmlXsURZQ.wav,6.72,0.0,30.0,beat_this
s7VmlXsURZQ.wav,7.22,0.0,30.0,beat_this
s7VmlXsURZQ.wav,7.68,0.0,30.0,beat_this
s7VmlXsURZQ.wav,8.16,0.0,30.0,beat_this
s7VmlXsURZQ.wav,8.64,0.0,30.0,beat_this
s7VmlXsURZQ.wav,9.12,0.0,30.0,beat_this
s7VmlXsURZQ.wav,9.58,0.0,30.0,beat_this
s7VmlXsURZQ.wav,10.06,0.0,30.0,beat_this
s7VmlXsURZQ.wav,10.54,0.0,30.0,beat_this
s7VmlXsURZQ.wav,11.02,0.0,30.0,beat_this
s7VmlXsURZQ.wav,11.5,0.0,30.0,beat_this
s7VmlXsURZQ.wav,11.98,0.0,30.0,beat_this
s7VmlXsURZQ.wav,12.44,0.0,30.0,beat_this
s7VmlXsURZQ.wav,12.92,0.0,30.0,beat_this
s7VmlXsURZQ.wav,13.4,0.0,30.0,beat_this
s7VmlXsURZQ.wav,13.88,0.0,30.0,beat_this
s7VmlXsURZQ.wav,14.34,0.0,30.0,beat_this
s7VmlXsURZQ.wav,14.84,0.0,30.0,beat_this
s7VmlXsURZQ.wav,15.3,0.0,30.0,beat_this
s7VmlXsURZQ.wav,15.78,0.0,30.0,beat_this
s7VmlXsURZQ.wav,16.26,0.0,30.0,beat_this
s7VmlXsURZQ.wav,16.74,0.0,30.0,beat_this
s7VmlXsURZQ.wav,17.2,0.0,30.0,beat_this
s7VmlXsURZQ.wav,17.68,0.0,30.0,beat_this
s7VmlXsURZQ.wav,18.16,0.0,30.0,beat_this
s7VmlXsURZQ.wav,18.64,0.0,30.0,beat_this
s7VmlXsURZQ.wav,19.12,0.0,30.0,beat_this
s7VmlXsURZQ.wav,19.58,0.0,30.0,beat_this
s7VmlXsURZQ.wav,20.06,0.0,30.0,beat_this
s7VmlXsURZQ.wav,20.54,0.0,30.0,beat_this
s7VmlXsURZQ.wav,21.02,0.0,30.0,beat_this
s7VmlXsURZQ.wav,21.5,0.0,30.0,beat_this
s7VmlXsURZQ.wav,21.98,0.0,30.0,beat_this
s7VmlXsURZQ.wav,22.44,0.0,30.0,beat_this
s7VmlXsURZQ.wav,22.92,0.0,30.0,beat_this
s7VmlXsURZQ.wav,23.4,0.0,30.0,beat_this
s7VmlXsURZQ.wav,23.88,0.0,30.0,beat_this
s7VmlXsURZQ.wav,24.36,0.0,30.0,beat_this
s7VmlXsURZQ.wav,24.84,0.0,30.0,beat_this
s7VmlXsURZQ.wav,25.3,0.0,30.0,beat_this
s7VmlXsURZQ.wav,25.78,0.0,30.0,beat_this
s7VmlXsURZQ.wav,26.26,0.0,30.0,beat_this
s7VmlXsURZQ.wav,26.74,0.0,30.0,beat_this
s7VmlXsURZQ.wav,27.22,0.0,30.0,beat_this
s7VmlXsURZQ.wav,27.68,0.0,30.0,beat_this
s7VmlXsURZQ.wav,28.16,0.0,30.0,beat_this
s7VmlXsURZQ.wav,28.62,0.0,30.0,beat_this
s7VmlXsURZQ.wav,29.12,0.0,30.0,beat_this
s7VmlXsURZQ.wav,29.6,0.0,30.0,beat_this
sS8jpNdABgw.wav,0.1,0.0,30.0,beat_this
sS8jpNdABgw.wav,0.92,0.0,30.0,beat_this
sS8jpNdABgw.wav,1.72,0.0,30.0,beat_this
sS8jpNdABgw.wav,2.54,0.0,30.0,beat_this
sS8jpNdABgw.wav,3.34,0.0,30.0,beat_this
sS8jpNdABgw.wav,4.16,0.0,30.0,beat_this
sS8jpNdABgw.wav,4.96,0.0,30.0,beat_this
sS8jpNdABgw.wav,5.78,0.0,30.0,beat_this
sS8jpNdABgw.wav,6.6,0.0,30.0,beat_this
sS8jpNdABgw.wav,7.4,0.0,30.0,beat_this
sS8jpNdABgw.wav,8.2,0.0,30.0,beat_this
sS8jpNdABgw.wav,9.02,0.0,30.0,beat_this
sS8jpNdABgw.wav,9.84,0.0,30.0,beat_this
sS8jpNdABgw.wav,10.64,0.0,30.0,beat_this
sS8jpNdABgw.wav,11.46,0.0,30.0,beat_this
sS8jpNdABgw.wav,12.28,0.0,30.0,beat_this
sS8jpNdABgw.wav,13.08,0.0,30.0,beat_this
sS8jpNdABgw.wav,13.88,0.0,30.0,beat_this
sS8jpNdABgw.wav,14.7,0.0,30.0,beat_this
sS8jpNdABgw.wav,15.52,0.0,30.0,beat_this
sS8jpNdABgw.wav,16.32,0.0,30.0,beat_this
sS8jpNdABgw.wav,17.14,0.0,30.0,beat_this
sS8jpNdABgw.wav,17.96,0.0,30.0,beat_this
sS8jpNdABgw.wav,18.76,0.0,30.0,beat_this
sS8jpNdABgw.wav,19.56,0.0,30.0,beat_this
sS8jpNdABgw.wav,20.38,0.0,30.0,beat_this
sS8jpNdABgw.wav,21.2,0.0,30.0,beat_this
sS8jpNdABgw.wav,22.0,0.0,30.0,beat_this
sS8jpNdABgw.wav,22.8,0.0,30.0,beat_this
sS8jpNdABgw.wav,23.62,0.0,30.0,beat_this
sS8jpNdABgw.wav,24.44,0.0,30.0,beat_this
sS8jpNdABgw.wav,25.24,0.0,30.0,beat_this
sS8jpNdABgw.wav,26.04,0.0,30.0,beat_this
sS8jpNdABgw.wav,26.86,0.0,30.0,beat_this
sS8jpNdABgw.wav,27.68,0.0,30.0,beat_this
sS8jpNdABgw.wav,28.48,0.0,30.0,beat_this
sS8jpNdABgw.wav,29.3,0.0,30.0,beat_this
tBCoITfR6GQ.wav,0.38,0.0,30.0,beat_this
tBCoITfR6GQ.wav,0.92,0.0,30.0,beat_this
tBCoITfR6GQ.wav,1.4,0.0,30.0,beat_this
tBCoITfR6GQ.wav,1.9,0.0,30.0,beat_this
tBCoITfR6GQ.wav,2.38,0.0,30.0,beat_this
tBCoITfR6GQ.wav,2.86,0.0,30.0,beat_this
tBCoITfR6GQ.wav,3.32,0.0,30.0,beat_this
tBCoITfR6GQ.wav,3.8,0.0,30.0,beat_this
tBCoITfR6GQ.wav,4.3,0.0,30.0,beat_this
tBCoITfR6GQ.wav,4.78,0.0,30.0,beat_this
tBCoITfR6GQ.wav,5.28,0.0,30.0,beat_this
tBCoITfR6GQ.wav,5.76,0.0,30.0,beat_this
tBCoITfR6GQ.wav,6.26,0.0,30.0,beat_this
tBCoITfR6GQ.wav,6.76,0.0,30.0,beat_this
tBCoITfR6GQ.wav,7.24,0.0,30.0,beat_this
tBCoITfR6GQ.wav,7.74,0.0,30.0,beat_this
tBCoITfR6GQ.wav,8.22,0.0,30.0,beat_this
tBCoITfR6GQ.wav,8.72,0.0,30.0,beat_this
tBCoITfR6GQ.wav,9.22,0.0,30.0,beat_this
tBCoITfR6GQ.wav,9.7,0.0,30.0,beat_this
tBCoITfR6GQ.wav,10.18,0.0,30.0,beat_this
tBCoITfR6GQ.wav,10.68,0.0,30.0,beat_this
tBCoITfR6GQ.wav,11.18,0.0,30.0,beat_this
tBCoITfR6GQ.wav,11.66,0.0,30.0,beat_this
tBCoITfR6GQ.wav,12.16,0.0,30.0,beat_this
tBCoITfR6GQ.wav,12.66,0.0,30.0,beat_this
tBCoITfR6GQ.wav,13.14,0.0,30.0,beat_this
tBCoITfR6GQ.wav,13.64,0.0,30.0,beat_this
tBCoITfR6GQ.wav,14.12,0.0,30.0,beat_this
tBCoITfR6GQ.wav,14.64,0.0,30.0,beat_this
tBCoITfR6GQ.wav,15.14,0.0,30.0,beat_this
tBCoITfR6GQ.wav,15.62,0.0,30.0,beat_this
tBCoITfR6GQ.wav,16.12,0.0,30.0,beat_this
tBCoITfR6GQ.wav,16.6,0.0,30.0,beat_this
tBCoITfR6GQ.wav,17.08,0.0,30.0,beat_this
tBCoITfR6GQ.wav,17.58,0.0,30.0,beat_this
tBCoITfR6GQ.wav,18.06,0.0,30.0,beat_this
tBCoITfR6GQ.wav,18.56,0.0,30.0,beat_this
tBCoITfR6GQ.wav,19.06,0.0,30.0,beat_this
tBCoITfR6GQ.wav,19.54,0.0,30.0,beat_this
tBCoITfR6GQ.wav,20.04,0.0,30.0,beat_this
tBCoITfR6GQ.wav,20.52,0.0,30.0,beat_this
tBCoITfR6GQ.wav,21.02,0.0,30.0,beat_this
tBCoITfR6GQ.wav,21.5,0.0,30.0,beat_this
tBCoITfR6GQ.wav,22.0,0.0,30.0,beat_this
tBCoITfR6GQ.wav,22.48,0.0,30.0,beat_this
tBCoITfR6GQ.wav,22.98,0.0,30.0,beat_this
tBCoITfR6GQ.wav,23.48,0.0,30.0,beat_this
tBCoITfR6GQ.wav,23.98,0.0,30.0,beat_this
tBCoITfR6GQ.wav,24.46,0.0,30.0,beat_this
tBCoITfR6GQ.wav,24.96,0.0,30.0,beat_this
tBCoITfR6GQ.wav,25.46,0.0,30.0,beat_this
tBCoITfR6GQ.wav,25.94,0.0,30.0,beat_this
tBCoITfR6GQ.wav,26.42,0.0,30.0,beat_this
tBCoITfR6GQ.wav,26.92,0.0,30.0,beat_this
tBCoITfR6GQ.wav,27.42,0.0,30.0,beat_this
tBCoITfR6GQ.wav,27.92,0.0,30.0,beat_this
tBCoITfR6GQ.wav,28.42,0.0,30.0,beat_this
tBCoITfR6GQ.wav,28.9,0.0,30.0,beat_this
tBCoITfR6GQ.wav,29.38,0.0,30.0,beat_this
tBCoITfR6GQ.wav,29.86,0.0,30.0,beat_this
tIqmSwfnRSw.wav,0.14,0.0,30.0,beat_this
tIqmSwfnRSw.wav,0.56,0.0,30.0,beat_this
tIqmSwfnRSw.wav,0.94,0.0,30.0,beat_this
tIqmSwfnRSw.wav,1.36,0.0,30.0,beat_this
tIqmSwfnRSw.wav,1.76,0.0,30.0,beat_this
tIqmSwfnRSw.wav,2.16,0.0,30.0,beat_this
tIqmSwfnRSw.wav,2.56,0.0,30.0,beat_this
tIqmSwfnRSw.wav,2.98,0.0,30.0,beat_this
tIqmSwfnRSw.wav,3.38,0.0,30.0,beat_this
tIqmSwfnRSw.wav,3.78,0.0,30.0,beat_this
tIqmSwfnRSw.wav,4.2,0.0,30.0,beat_this
tIqmSwfnRSw.wav,4.6,0.0,30.0,beat_this
tIqmSwfnRSw.wav,5.0,0.0,30.0,beat_this
tIqmSwfnRSw.wav,5.4,0.0,30.0,beat_this
tIqmSwfnRSw.wav,5.8,0.0,30.0,beat_this
tIqmSwfnRSw.wav,6.22,0.0,30.0,beat_this
tIqmSwfnRSw.wav,6.62,0.0,30.0,beat_this
tIqmSwfnRSw.wav,7.02,0.0,30.0,beat_this
tIqmSwfnRSw.wav,7.42,0.0,30.0,beat_this
tIqmSwfnRSw.wav,7.84,0.0,30.0,beat_this
tIqmSwfnRSw.wav,8.24,0.0,30.0,beat_this
tIqmSwfnRSw.wav,8.64,0.0,30.0,beat_this
tIqmSwfnRSw.wav,9.04,0.0,30.0,beat_this
tIqmSwfnRSw.wav,9.46,0.0,30.0,beat_this
tIqmSwfnRSw.wav,9.84,0.0,30.0,beat_this
tIqmSwfnRSw.wav,10.26,0.0,30.0,beat_this
tIqmSwfnRSw.wav,10.66,0.0,30.0,beat_this
tIqmSwfnRSw.wav,11.08,0.0,30.0,beat_this
tIqmSwfnRSw.wav,11.46,0.0,30.0,beat_this
tIqmSwfnRSw.wav,11.88,0.0,30.0,beat_this
tIqmSwfnRSw.wav,12.28,0.0,30.0,beat_this
tIqmSwfnRSw.wav,12.7,0.0,30.0,beat_this
tIqmSwfnRSw.wav,13.1,0.0,30.0,beat_this
tIqmSwfnRSw.wav,13.52,0.0,30.0,beat_this
tIqmSwfnRSw.wav,13.9,0.0,30.0,beat_this
tIqmSwfnRSw.wav,14.32,0.0,30.0,beat_this
tIqmSwfnRSw.wav,14.72,0.0,30.0,beat_this
tIqmSwfnRSw.wav,15.1,0.0,30.0,beat_this
tIqmSwfnRSw.wav,15.52,0.0,30.0,beat_this
tIqmSwfnRSw.wav,15.94,0.0,30.0,beat_this
tIqmSwfnRSw.wav,16.34,0.0,30.0,beat_this
tIqmSwfnRSw.wav,16.74,0.0,30.0,beat_this
tIqmSwfnRSw.wav,17.14,0.0,30.0,beat_this
tIqmSwfnRSw.wav,17.56,0.0,30.0,beat_this
tIqmSwfnRSw.wav,17.96,0.0,30.0,beat_this
tIqmSwfnRSw.wav,18.36,0.0,30.0,beat_this
tIqmSwfnRSw.wav,18.76,0.0,30.0,beat_this
tIqmSwfnRSw.wav,19.18,0.0,30.0,beat_this
tIqmSwfnRSw.wav,19.58,0.0,30.0,beat_this
tIqmSwfnRSw.wav,19.98,0.0,30.0,beat_this
tIqmSwfnRSw.wav,20.4,0.0,30.0,beat_this
tIqmSwfnRSw.wav,20.82,0.0,30.0,beat_this
tIqmSwfnRSw.wav,21.22,0.0,30.0,beat_this
tIqmSwfnRSw.wav,21.62,0.0,30.0,beat_this
tIqmSwfnRSw.wav,22.02,0.0,30.0,beat_this
tIqmSwfnRSw.wav,22.42,0.0,30.0,beat_this
tIqmSwfnRSw.wav,22.82,0.0,30.0,beat_this
tIqmSwfnRSw.wav,23.24,0.0,30.0,beat_this
tIqmSwfnRSw.wav,23.64,0.0,30.0,beat_this
tIqmSwfnRSw.wav,24.04,0.0,30.0,beat_this
tIqmSwfnRSw.wav,24.44,0.0,30.0,beat_this
tIqmSwfnRSw.wav,24.86,0.0,30.0,beat_this
tIqmSwfnRSw.wav,25.26,0.0,30.0,beat_this
tIqmSwfnRSw.wav,25.68,0.0,30.0,beat_this
tIqmSwfnRSw.wav,26.06,0.0,30.0,beat_this
tIqmSwfnRSw.wav,26.48,0.0,30.0,beat_this
tIqmSwfnRSw.wav,26.88,0.0,30.0,beat_this
tIqmSwfnRSw.wav,27.3,0.0,30.0,beat_this
tIqmSwfnRSw.wav,27.7,0.0,30.0,beat_this
tIqmSwfnRSw.wav,28.1,0.0,30.0,beat_this
tIqmSwfnRSw.wav,28.5,0.0,30.0,beat_this
tIqmSwfnRSw.wav,28.92,0.0,30.0,beat_this
tIqmSwfnRSw.wav,29.32,0.0,30.0,beat_this
tIqmSwfnRSw.wav,29.72,0.0,30.0,beat_this
tQbIvj7jM9A.wav,0.08,0.0,30.0,beat_this
tQbIvj7jM9A.wav,0.4,0.0,30.0,beat_this
tQbIvj7jM9A.wav,0.7,0.0,30.0,beat_this
tQbIvj7jM9A.wav,1.0,0.0,30.0,beat_this
tQbIvj7jM9A.wav,1.3,0.0,30.0,beat_this
tQbIvj7jM9A.wav,1.58,0.0,30.0,beat_this
tQbIvj7jM9A.wav,1.9,0.0,30.0,beat_this
tQbIvj7jM9A.wav,2.18,0.0,30.0,beat_this
tQbIvj7jM9A.wav,2.48,0.0,30.0,beat_this
tQbIvj7jM9A.wav,2.76,0.0,30.0,beat_this
tQbIvj7jM9A.wav,3.08,0.0,30.0,beat_this
tQbIvj7jM9A.wav,3.36,0.0,30.0,beat_this
tQbIvj7jM9A.wav,3.66,0.0,30.0,beat_this
tQbIvj7jM9A.wav,3.96,0.0,30.0,beat_this
tQbIvj7jM9A.wav,4.26,0.0,30.0,beat_this
tQbIvj7jM9A.wav,4.54,0.0,30.0,beat_this
tQbIvj7jM9A.wav,4.86,0.0,30.0,beat_this
tQbIvj7jM9A.wav,5.14,0.0,30.0,beat_this
tQbIvj7jM9A.wav,5.46,0.0,30.0,beat_this
tQbIvj7jM9A.wav,5.74,0.0,30.0,beat_this
tQbIvj7jM9A.wav,6.04,0.0,30.0,beat_this
tQbIvj7jM9A.wav,6.32,0.0,30.0,beat_this
tQbIvj7jM9A.wav,6.64,0.0,30.0,beat_this
tQbIvj7jM9A.wav,6.92,0.0,30.0,beat_this
tQbIvj7jM9A.wav,7.22,0.0,30.0,beat_this
tQbIvj7jM9A.wav,7.52,0.0,30.0,beat_this
tQbIvj7jM9A.wav,7.82,0.0,30.0,beat_this
tQbIvj7jM9A.wav,8.1,0.0,30.0,beat_this
tQbIvj7jM9A.wav,8.4,0.0,30.0,beat_this
tQbIvj7jM9A.wav,8.7,0.0,30.0,beat_this
tQbIvj7jM9A.wav,8.98,0.0,30.0,beat_this
tQbIvj7jM9A.wav,9.3,0.0,30.0,beat_this
tQbIvj7jM9A.wav,9.58,0.0,30.0,beat_this
tQbIvj7jM9A.wav,9.86,0.0,30.0,beat_this
tQbIvj7jM9A.wav,10.18,0.0,30.0,beat_this
tQbIvj7jM9A.wav,10.48,0.0,30.0,beat_this
tQbIvj7jM9A.wav,10.78,0.0,30.0,beat_this
tQbIvj7jM9A.wav,11.1,0.0,30.0,beat_this
tQbIvj7jM9A.wav,11.22,0.0,30.0,beat_this
tQbIvj7jM9A.wav,11.4,0.0,30.0,beat_this
tQbIvj7jM9A.wav,11.72,0.0,30.0,beat_this
tQbIvj7jM9A.wav,12.04,0.0,30.0,beat_this
tQbIvj7jM9A.wav,12.14,0.0,30.0,beat_this
tQbIvj7jM9A.wav,12.32,0.0,30.0,beat_this
tQbIvj7jM9A.wav,12.62,0.0,30.0,beat_this
tQbIvj7jM9A.wav,12.9,0.0,30.0,beat_this
tQbIvj7jM9A.wav,13.06,0.0,30.0,beat_this
tQbIvj7jM9A.wav,13.22,0.0,30.0,beat_this
tQbIvj7jM9A.wav,13.52,0.0,30.0,beat_this
tQbIvj7jM9A.wav,13.84,0.0,30.0,beat_this
tQbIvj7jM9A.wav,13.98,0.0,30.0,beat_this
tQbIvj7jM9A.wav,14.1,0.0,30.0,beat_this
tQbIvj7jM9A.wav,14.42,0.0,30.0,beat_this
tQbIvj7jM9A.wav,14.56,0.0,30.0,beat_this
tQbIvj7jM9A.wav,14.68,0.0,30.0,beat_this
tQbIvj7jM9A.wav,14.94,0.0,30.0,beat_this
tQbIvj7jM9A.wav,15.18,0.0,30.0,beat_this
tQbIvj7jM9A.wav,15.4,0.0,30.0,beat_this
tQbIvj7jM9A.wav,15.76,0.0,30.0,beat_this
tQbIvj7jM9A.wav,16.02,0.0,30.0,beat_this
tQbIvj7jM9A.wav,16.32,0.0,30.0,beat_this
tQbIvj7jM9A.wav,16.66,0.0,30.0,beat_this
tQbIvj7jM9A.wav,16.94,0.0,30.0,beat_this
tQbIvj7jM9A.wav,17.24,0.0,30.0,beat_this
tQbIvj7jM9A.wav,17.56,0.0,30.0,beat_this
tQbIvj7jM9A.wav,17.68,0.0,30.0,beat_this
tQbIvj7jM9A.wav,17.86,0.0,30.0,beat_this
tQbIvj7jM9A.wav,18.16,0.0,30.0,beat_this
tQbIvj7jM9A.wav,18.5,0.0,30.0,beat_this
tQbIvj7jM9A.wav,18.6,0.0,30.0,beat_this
tQbIvj7jM9A.wav,18.76,0.0,30.0,beat_this
tQbIvj7jM9A.wav,19.1,0.0,30.0,beat_this
tQbIvj7jM9A.wav,19.4,0.0,30.0,beat_this
tQbIvj7jM9A.wav,19.54,0.0,30.0,beat_this
tQbIvj7jM9A.wav,19.72,0.0,30.0,beat_this
tQbIvj7jM9A.wav,20.02,0.0,30.0,beat_this
tQbIvj7jM9A.wav,20.34,0.0,30.0,beat_this
tQbIvj7jM9A.wav,20.5,0.0,30.0,beat_this
tQbIvj7jM9A.wav,20.64,0.0,30.0,beat_this
tQbIvj7jM9A.wav,20.94,0.0,30.0,beat_this
tQbIvj7jM9A.wav,21.26,0.0,30.0,beat_this
tQbIvj7jM9A.wav,21.38,0.0,30.0,beat_this
tQbIvj7jM9A.wav,21.54,0.0,30.0,beat_this
tQbIvj7jM9A.wav,21.86,0.0,30.0,beat_this
tQbIvj7jM9A.wav,22.16,0.0,30.0,beat_this
tQbIvj7jM9A.wav,22.3,0.0,30.0,beat_this
tQbIvj7jM9A.wav,22.48,0.0,30.0,beat_this
tQbIvj7jM9A.wav,22.78,0.0,30.0,beat_this
tQbIvj7jM9A.wav,23.12,0.0,30.0,beat_this
tQbIvj7jM9A.wav,23.24,0.0,30.0,beat_this
tQbIvj7jM9A.wav,23.36,0.0,30.0,beat_this
tQbIvj7jM9A.wav,23.46,0.0,30.0,beat_this
tQbIvj7jM9A.wav,23.7,0.0,30.0,beat_this
tQbIvj7jM9A.wav,24.02,0.0,30.0,beat_this
tQbIvj7jM9A.wav,24.1,0.0,30.0,beat_this
tQbIvj7jM9A.wav,24.18,0.0,30.0,beat_this
tQbIvj7jM9A.wav,24.3,0.0,30.0,beat_this
tQbIvj7jM9A.wav,24.62,0.0,30.0,beat_this
tQbIvj7jM9A.wav,24.96,0.0,30.0,beat_this
tQbIvj7jM9A.wav,25.08,0.0,30.0,beat_this
tQbIvj7jM9A.wav,25.22,0.0,30.0,beat_this
tQbIvj7jM9A.wav,25.3,0.0,30.0,beat_this
tQbIvj7jM9A.wav,25.52,0.0,30.0,beat_this
tQbIvj7jM9A.wav,25.88,0.0,30.0,beat_this
tQbIvj7jM9A.wav,26.0,0.0,30.0,beat_this
tQbIvj7jM9A.wav,26.16,0.0,30.0,beat_this
tQbIvj7jM9A.wav,26.48,0.0,30.0,beat_this
tQbIvj7jM9A.wav,26.8,0.0,30.0,beat_this
tQbIvj7jM9A.wav,26.9,0.0,30.0,beat_this
tQbIvj7jM9A.wav,27.08,0.0,30.0,beat_this
tQbIvj7jM9A.wav,27.4,0.0,30.0,beat_this
tQbIvj7jM9A.wav,27.7,0.0,30.0,beat_this
tQbIvj7jM9A.wav,27.84,0.0,30.0,beat_this
tQbIvj7jM9A.wav,28.0,0.0,30.0,beat_this
tQbIvj7jM9A.wav,28.32,0.0,30.0,beat_this
tQbIvj7jM9A.wav,28.64,0.0,30.0,beat_this
tQbIvj7jM9A.wav,28.86,0.0,30.0,beat_this
tQbIvj7jM9A.wav,29.22,0.0,30.0,beat_this
tQbIvj7jM9A.wav,29.44,0.0,30.0,beat_this
tQbIvj7jM9A.wav,29.54,0.0,30.0,beat_this
tQbIvj7jM9A.wav,29.7,0.0,30.0,beat_this
tQbIvj7jM9A.wav,29.94,0.0,30.0,beat_this
tuhxZytmhss.wav,0.46,0.0,30.0,beat_this
tuhxZytmhss.wav,1.34,0.0,30.0,beat_this
tuhxZytmhss.wav,2.18,0.0,30.0,beat_this
tuhxZytmhss.wav,3.04,0.0,30.0,beat_this
tuhxZytmhss.wav,3.92,0.0,30.0,beat_this
tuhxZytmhss.wav,4.76,0.0,30.0,beat_this
tuhxZytmhss.wav,5.62,0.0,30.0,beat_this
tuhxZytmhss.wav,6.48,0.0,30.0,beat_this
tuhxZytmhss.wav,7.34,0.0,30.0,beat_this
tuhxZytmhss.wav,8.2,0.0,30.0,beat_this
tuhxZytmhss.wav,9.06,0.0,30.0,beat_this
tuhxZytmhss.wav,9.9,0.0,30.0,beat_this
tuhxZytmhss.wav,10.78,0.0,30.0,beat_this
tuhxZytmhss.wav,11.62,0.0,30.0,beat_this
tuhxZytmhss.wav,12.46,0.0,30.0,beat_this
tuhxZytmhss.wav,13.32,0.0,30.0,beat_this
tuhxZytmhss.wav,14.18,0.0,30.0,beat_this
tuhxZytmhss.wav,15.04,0.0,30.0,beat_this
tuhxZytmhss.wav,15.9,0.0,30.0,beat_this
tuhxZytmhss.wav,16.76,0.0,30.0,beat_this
tuhxZytmhss.wav,17.62,0.0,30.0,beat_this
tuhxZytmhss.wav,18.46,0.0,30.0,beat_this
tuhxZytmhss.wav,19.34,0.0,30.0,beat_this
tuhxZytmhss.wav,20.18,0.0,30.0,beat_this
tuhxZytmhss.wav,21.06,0.0,30.0,beat_this
tuhxZytmhss.wav,21.9,0.0,30.0,beat_this
tuhxZytmhss.wav,22.76,0.0,30.0,beat_this
tuhxZytmhss.wav,23.64,0.0,30.0,beat_this
tuhxZytmhss.wav,24.5,0.0,30.0,beat_this
tuhxZytmhss.wav,25.34,0.0,30.0,beat_this
tuhxZytmhss.wav,26.2,0.0,30.0,beat_this
tuhxZytmhss.wav,27.06,0.0,30.0,beat_this
tuhxZytmhss.wav,27.92,0.0,30.0,beat_this
tuhxZytmhss.wav,28.76,0.0,30.0,beat_this
tuhxZytmhss.wav,29.62,0.0,30.0,beat_this
uRleWlf-trQ.wav,0.02,0.0,30.0,beat_this
uRleWlf-trQ.wav,0.48,0.0,30.0,beat_this
uRleWlf-trQ.wav,0.96,0.0,30.0,beat_this
uRleWlf-trQ.wav,1.44,0.0,30.0,beat_this
uRleWlf-trQ.wav,1.9,0.0,30.0,beat_this
uRleWlf-trQ.wav,2.34,0.0,30.0,beat_this
uRleWlf-trQ.wav,2.82,0.0,30.0,beat_this
uRleWlf-trQ.wav,3.28,0.0,30.0,beat_this
uRleWlf-trQ.wav,3.74,0.0,30.0,beat_this
uRleWlf-trQ.wav,4.2,0.0,30.0,beat_this
uRleWlf-trQ.wav,4.66,0.0,30.0,beat_this
uRleWlf-trQ.wav,5.12,0.0,30.0,beat_this
uRleWlf-trQ.wav,5.58,0.0,30.0,beat_this
uRleWlf-trQ.wav,6.04,0.0,30.0,beat_this
uRleWlf-trQ.wav,6.5,0.0,30.0,beat_this
uRleWlf-trQ.wav,6.96,0.0,30.0,beat_this
uRleWlf-trQ.wav,7.42,0.0,30.0,beat_this
uRleWlf-trQ.wav,7.88,0.0,30.0,beat_this
uRleWlf-trQ.wav,8.34,0.0,30.0,beat_this
uRleWlf-trQ.wav,8.82,0.0,30.0,beat_this
uRleWlf-trQ.wav,9.28,0.0,30.0,beat_this
uRleWlf-trQ.wav,9.74,0.0,30.0,beat_this
uRleWlf-trQ.wav,10.2,0.0,30.0,beat_this
uRleWlf-trQ.wav,10.66,0.0,30.0,beat_this
uRleWlf-trQ.wav,11.12,0.0,30.0,beat_this
uRleWlf-trQ.wav,11.58,0.0,30.0,beat_this
uRleWlf-trQ.wav,12.04,0.0,30.0,beat_this
uRleWlf-trQ.wav,12.5,0.0,30.0,beat_this
uRleWlf-trQ.wav,12.96,0.0,30.0,beat_this
uRleWlf-trQ.wav,13.42,0.0,30.0,beat_this
uRleWlf-trQ.wav,13.88,0.0,30.0,beat_this
uRleWlf-trQ.wav,14.36,0.0,30.0,beat_this
uRleWlf-trQ.wav,14.82,0.0,30.0,beat_this
uRleWlf-trQ.wav,15.26,0.0,30.0,beat_this
uRleWlf-trQ.wav,15.74,0.0,30.0,beat_this
uRleWlf-trQ.wav,16.2,0.0,30.0,beat_this
uRleWlf-trQ.wav,16.66,0.0,30.0,beat_this
uRleWlf-trQ.wav,17.12,0.0,30.0,beat_this
uRleWlf-trQ.wav,17.58,0.0,30.0,beat_this
uRleWlf-trQ.wav,18.04,0.0,30.0,beat_this
uRleWlf-trQ.wav,18.5,0.0,30.0,beat_this
uRleWlf-trQ.wav,18.96,0.0,30.0,beat_this
uRleWlf-trQ.wav,19.42,0.0,30.0,beat_this
uRleWlf-trQ.wav,19.9,0.0,30.0,beat_this
uRleWlf-trQ.wav,20.36,0.0,30.0,beat_this
uRleWlf-trQ.wav,20.82,0.0,30.0,beat_this
uRleWlf-trQ.wav,21.28,0.0,30.0,beat_this
uRleWlf-trQ.wav,21.74,0.0,30.0,beat_this
uRleWlf-trQ.wav,22.2,0.0,30.0,beat_this
uRleWlf-trQ.wav,22.66,0.0,30.0,beat_this
uRleWlf-trQ.wav,23.12,0.0,30.0,beat_this
uRleWlf-trQ.wav,23.58,0.0,30.0,beat_this
uRleWlf-trQ.wav,24.04,0.0,30.0,beat_this
uRleWlf-trQ.wav,24.5,0.0,30.0,beat_this
uRleWlf-trQ.wav,24.96,0.0,30.0,beat_this
uRleWlf-trQ.wav,25.44,0.0,30.0,beat_this
uRleWlf-trQ.wav,25.88,0.0,30.0,beat_this
uRleWlf-trQ.wav,26.34,0.0,30.0,beat_this
uRleWlf-trQ.wav,26.82,0.0,30.0,beat_this
uRleWlf-trQ.wav,27.28,0.0,30.0,beat_this
uRleWlf-trQ.wav,27.74,0.0,30.0,beat_this
uRleWlf-trQ.wav,28.2,0.0,30.0,beat_this
uRleWlf-trQ.wav,28.66,0.0,30.0,beat_this
uRleWlf-trQ.wav,29.12,0.0,30.0,beat_this
uRleWlf-trQ.wav,29.6,0.0,30.0,beat_this
uRleWlf-trQ.wav,30.0,0.0,30.0,beat_this
uZUSXcdYGS4.wav,0.28,0.0,30.0,beat_this
uZUSXcdYGS4.wav,0.86,0.0,30.0,beat_this
uZUSXcdYGS4.wav,1.46,0.0,30.0,beat_this
uZUSXcdYGS4.wav,2.04,0.0,30.0,beat_this
uZUSXcdYGS4.wav,2.62,0.0,30.0,beat_this
uZUSXcdYGS4.wav,3.2,0.0,30.0,beat_this
uZUSXcdYGS4.wav,3.78,0.0,30.0,beat_this
uZUSXcdYGS4.wav,4.36,0.0,30.0,beat_this
uZUSXcdYGS4.wav,4.96,0.0,30.0,beat_this
uZUSXcdYGS4.wav,5.52,0.0,30.0,beat_this
uZUSXcdYGS4.wav,6.12,0.0,30.0,beat_this
uZUSXcdYGS4.wav,6.7,0.0,30.0,beat_this
uZUSXcdYGS4.wav,7.28,0.0,30.0,beat_this
uZUSXcdYGS4.wav,7.86,0.0,30.0,beat_this
uZUSXcdYGS4.wav,8.44,0.0,30.0,beat_this
uZUSXcdYGS4.wav,9.02,0.0,30.0,beat_this
uZUSXcdYGS4.wav,9.6,0.0,30.0,beat_this
uZUSXcdYGS4.wav,10.2,0.0,30.0,beat_this
uZUSXcdYGS4.wav,10.78,0.0,30.0,beat_this
uZUSXcdYGS4.wav,11.36,0.0,30.0,beat_this
uZUSXcdYGS4.wav,11.94,0.0,30.0,beat_this
uZUSXcdYGS4.wav,12.52,0.0,30.0,beat_this
uZUSXcdYGS4.wav,13.12,0.0,30.0,beat_this
uZUSXcdYGS4.wav,13.7,0.0,30.0,beat_this
uZUSXcdYGS4.wav,14.28,0.0,30.0,beat_this
uZUSXcdYGS4.wav,14.86,0.0,30.0,beat_this
uZUSXcdYGS4.wav,15.44,0.0,30.0,beat_this
uZUSXcdYGS4.wav,16.02,0.0,30.0,beat_this
uZUSXcdYGS4.wav,16.6,0.0,30.0,beat_this
uZUSXcdYGS4.wav,17.2,0.0,30.0,beat_this
uZUSXcdYGS4.wav,17.78,0.0,30.0,beat_this
uZUSXcdYGS4.wav,18.36,0.0,30.0,beat_this
uZUSXcdYGS4.wav,18.94,0.0,30.0,beat_this
uZUSXcdYGS4.wav,19.52,0.0,30.0,beat_this
uZUSXcdYGS4.wav,20.1,0.0,30.0,beat_this
uZUSXcdYGS4.wav,20.68,0.0,30.0,beat_this
uZUSXcdYGS4.wav,21.26,0.0,30.0,beat_this
uZUSXcdYGS4.wav,21.84,0.0,30.0,beat_this
uZUSXcdYGS4.wav,22.42,0.0,30.0,beat_this
uZUSXcdYGS4.wav,23.02,0.0,30.0,beat_this
uZUSXcdYGS4.wav,23.6,0.0,30.0,beat_this
uZUSXcdYGS4.wav,24.18,0.0,30.0,beat_this
uZUSXcdYGS4.wav,24.76,0.0,30.0,beat_this
uZUSXcdYGS4.wav,25.34,0.0,30.0,beat_this
uZUSXcdYGS4.wav,25.92,0.0,30.0,beat_this
uZUSXcdYGS4.wav,26.5,0.0,30.0,beat_this
uZUSXcdYGS4.wav,27.08,0.0,30.0,beat_this
uZUSXcdYGS4.wav,27.68,0.0,30.0,beat_this
uZUSXcdYGS4.wav,28.26,0.0,30.0,beat_this
uZUSXcdYGS4.wav,28.84,0.0,30.0,beat_this
uZUSXcdYGS4.wav,29.42,0.0,30.0,beat_this
uZUSXcdYGS4.wav,30.0,0.0,30.0,beat_this
vF1zk38YxKQ.wav,0.5,0.0,30.0,beat_this
vF1zk38YxKQ.wav,1.1,0.0,30.0,beat_this
vF1zk38YxKQ.wav,1.7,0.0,30.0,beat_this
vF1zk38YxKQ.wav,2.3,0.0,30.0,beat_this
vF1zk38YxKQ.wav,2.88,0.0,30.0,beat_this
vF1zk38YxKQ.wav,3.46,0.0,30.0,beat_this
vF1zk38YxKQ.wav,4.08,0.0,30.0,beat_this
vF1zk38YxKQ.wav,4.68,0.0,30.0,beat_this
vF1zk38YxKQ.wav,5.26,0.0,30.0,beat_this
vF1zk38YxKQ.wav,5.86,0.0,30.0,beat_this
vF1zk38YxKQ.wav,6.46,0.0,30.0,beat_this
vF1zk38YxKQ.wav,7.06,0.0,30.0,beat_this
vF1zk38YxKQ.wav,7.64,0.0,30.0,beat_this
vF1zk38YxKQ.wav,8.22,0.0,30.0,beat_this
vF1zk38YxKQ.wav,8.84,0.0,30.0,beat_this
vF1zk38YxKQ.wav,9.42,0.0,30.0,beat_this
vF1zk38YxKQ.wav,10.02,0.0,30.0,beat_this
vF1zk38YxKQ.wav,10.6,0.0,30.0,beat_this
vF1zk38YxKQ.wav,11.2,0.0,30.0,beat_this
vF1zk38YxKQ.wav,11.78,0.0,30.0,beat_this
vF1zk38YxKQ.wav,12.4,0.0,30.0,beat_this
vF1zk38YxKQ.wav,12.98,0.0,30.0,beat_this
vF1zk38YxKQ.wav,13.58,0.0,30.0,beat_this
vF1zk38YxKQ.wav,14.16,0.0,30.0,beat_this
vF1zk38YxKQ.wav,14.76,0.0,30.0,beat_this
vF1zk38YxKQ.wav,15.36,0.0,30.0,beat_this
vF1zk38YxKQ.wav,15.94,0.0,30.0,beat_this
vF1zk38YxKQ.wav,16.54,0.0,30.0,beat_this
vF1zk38YxKQ.wav,17.14,0.0,30.0,beat_this
vF1zk38YxKQ.wav,17.72,0.0,30.0,beat_this
vF1zk38YxKQ.wav,18.32,0.0,30.0,beat_this
vF1zk38YxKQ.wav,18.92,0.0,30.0,beat_this
vF1zk38YxKQ.wav,19.52,0.0,30.0,beat_this
vF1zk38YxKQ.wav,20.12,0.0,30.0,beat_this
vF1zk38YxKQ.wav,20.72,0.0,30.0,beat_this
vF1zk38YxKQ.wav,21.3,0.0,30.0,beat_this
vF1zk38YxKQ.wav,21.9,0.0,30.0,beat_this
vF1zk38YxKQ.wav,22.5,0.0,30.0,beat_this
vF1zk38YxKQ.wav,23.08,0.0,30.0,beat_this
vF1zk38YxKQ.wav,23.68,0.0,30.0,beat_this
vF1zk38YxKQ.wav,24.28,0.0,30.0,beat_this
vF1zk38YxKQ.wav,24.86,0.0,30.0,beat_this
vF1zk38YxKQ.wav,25.46,0.0,30.0,beat_this
vF1zk38YxKQ.wav,26.06,0.0,30.0,beat_this
vF1zk38YxKQ.wav,26.64,0.0,30.0,beat_this
vF1zk38YxKQ.wav,27.24,0.0,30.0,beat_this
vF1zk38YxKQ.wav,27.84,0.0,30.0,beat_this
vF1zk38YxKQ.wav,28.42,0.0,30.0,beat_this
vF1zk38YxKQ.wav,29.02,0.0,30.0,beat_this
vF1zk38YxKQ.wav,29.62,0.0,30.0,beat_this
wR9XzsRdg1M.wav,0.04,0.0,30.0,beat_this
wR9XzsRdg1M.wav,0.86,0.0,30.0,beat_this
wR9XzsRdg1M.wav,1.66,0.0,30.0,beat_this
wR9XzsRdg1M.wav,2.48,0.0,30.0,beat_this
wR9XzsRdg1M.wav,3.3,0.0,30.0,beat_this
wR9XzsRdg1M.wav,4.14,0.0,30.0,beat_this
wR9XzsRdg1M.wav,4.94,0.0,30.0,beat_this
wR9XzsRdg1M.wav,5.74,0.0,30.0,beat_this
wR9XzsRdg1M.wav,6.58,0.0,30.0,beat_this
wR9XzsRdg1M.wav,7.4,0.0,30.0,beat_this
wR9XzsRdg1M.wav,8.2,0.0,30.0,beat_this
wR9XzsRdg1M.wav,9.02,0.0,30.0,beat_this
wR9XzsRdg1M.wav,9.84,0.0,30.0,beat_this
wR9XzsRdg1M.wav,10.66,0.0,30.0,beat_this
wR9XzsRdg1M.wav,11.46,0.0,30.0,beat_this
wR9XzsRdg1M.wav,12.28,0.0,30.0,beat_this
wR9XzsRdg1M.wav,13.1,0.0,30.0,beat_this
wR9XzsRdg1M.wav,13.92,0.0,30.0,beat_this
wR9XzsRdg1M.wav,14.74,0.0,30.0,beat_this
wR9XzsRdg1M.wav,15.56,0.0,30.0,beat_this
wR9XzsRdg1M.wav,16.36,0.0,30.0,beat_this
wR9XzsRdg1M.wav,17.2,0.0,30.0,beat_this
wR9XzsRdg1M.wav,18.0,0.0,30.0,beat_this
wR9XzsRdg1M.wav,18.82,0.0,30.0,beat_this
wR9XzsRdg1M.wav,19.64,0.0,30.0,beat_this
wR9XzsRdg1M.wav,20.46,0.0,30.0,beat_this
wR9XzsRdg1M.wav,21.26,0.0,30.0,beat_this
wR9XzsRdg1M.wav,22.08,0.0,30.0,beat_this
wR9XzsRdg1M.wav,22.9,0.0,30.0,beat_this
wR9XzsRdg1M.wav,23.72,0.0,30.0,beat_this
wR9XzsRdg1M.wav,24.52,0.0,30.0,beat_this
wR9XzsRdg1M.wav,25.34,0.0,30.0,beat_this
wR9XzsRdg1M.wav,26.16,0.0,30.0,beat_this
wR9XzsRdg1M.wav,26.98,0.0,30.0,beat_this
wR9XzsRdg1M.wav,27.8,0.0,30.0,beat_this
wR9XzsRdg1M.wav,28.62,0.0,30.0,beat_this
wR9XzsRdg1M.wav,29.42,0.0,30.0,beat_this
wbfPOw65xXw.wav,0.2,0.0,30.0,beat_this
wbfPOw65xXw.wav,0.62,0.0,30.0,beat_this
wbfPOw65xXw.wav,1.02,0.0,30.0,beat_this
wbfPOw65xXw.wav,1.42,0.0,30.0,beat_this
wbfPOw65xXw.wav,1.84,0.0,30.0,beat_this
wbfPOw65xXw.wav,2.24,0.0,30.0,beat_this
wbfPOw65xXw.wav,2.64,0.0,30.0,beat_this
wbfPOw65xXw.wav,3.04,0.0,30.0,beat_this
wbfPOw65xXw.wav,3.44,0.0,30.0,beat_this
wbfPOw65xXw.wav,3.86,0.0,30.0,beat_this
wbfPOw65xXw.wav,4.28,0.0,30.0,beat_this
wbfPOw65xXw.wav,4.66,0.0,30.0,beat_this
wbfPOw65xXw.wav,5.1,0.0,30.0,beat_this
wbfPOw65xXw.wav,5.48,0.0,30.0,beat_this
wbfPOw65xXw.wav,5.9,0.0,30.0,beat_this
wbfPOw65xXw.wav,6.3,0.0,30.0,beat_this
wbfPOw65xXw.wav,6.7,0.0,30.0,beat_this
wbfPOw65xXw.wav,7.14,0.0,30.0,beat_this
wbfPOw65xXw.wav,7.54,0.0,30.0,beat_this
wbfPOw65xXw.wav,7.92,0.0,30.0,beat_this
wbfPOw65xXw.wav,8.36,0.0,30.0,beat_this
wbfPOw65xXw.wav,8.74,0.0,30.0,beat_this
wbfPOw65xXw.wav,9.16,0.0,30.0,beat_this
wbfPOw65xXw.wav,9.56,0.0,30.0,beat_this
wbfPOw65xXw.wav,10.0,0.0,30.0,beat_this
wbfPOw65xXw.wav,10.42,0.0,30.0,beat_this
wbfPOw65xXw.wav,10.82,0.0,30.0,beat_this
wbfPOw65xXw.wav,11.64,0.0,30.0,beat_this
wbfPOw65xXw.wav,12.26,0.0,30.0,beat_this
wbfPOw65xXw.wav,12.44,0.0,30.0,beat_this
wbfPOw65xXw.wav,13.08,0.0,30.0,beat_this
wbfPOw65xXw.wav,13.3,0.0,30.0,beat_this
wbfPOw65xXw.wav,13.88,0.0,30.0,beat_this
wbfPOw65xXw.wav,14.08,0.0,30.0,beat_this
wbfPOw65xXw.wav,14.7,0.0,30.0,beat_this
wbfPOw65xXw.wav,14.9,0.0,30.0,beat_this
wbfPOw65xXw.wav,15.5,0.0,30.0,beat_this
wbfPOw65xXw.wav,16.54,0.0,30.0,beat_this
wbfPOw65xXw.wav,16.72,0.0,30.0,beat_this
wbfPOw65xXw.wav,17.36,0.0,30.0,beat_this
wbfPOw65xXw.wav,18.16,0.0,30.0,beat_this
wbfPOw65xXw.wav,18.98,0.0,30.0,beat_this
wbfPOw65xXw.wav,19.8,0.0,30.0,beat_this
wbfPOw65xXw.wav,20.62,0.0,30.0,beat_this
wbfPOw65xXw.wav,21.0,0.0,30.0,beat_this
wbfPOw65xXw.wav,21.42,0.0,30.0,beat_this
wbfPOw65xXw.wav,21.82,0.0,30.0,beat_this
wbfPOw65xXw.wav,22.24,0.0,30.0,beat_this
wbfPOw65xXw.wav,22.64,0.0,30.0,beat_this
wbfPOw65xXw.wav,23.08,0.0,30.0,beat_this
wbfPOw65xXw.wav,23.48,0.0,30.0,beat_this
wbfPOw65xXw.wav,23.88,0.0,30.0,beat_this
wbfPOw65xXw.wav,24.28,0.0,30.0,beat_this
wbfPOw65xXw.wav,24.7,0.0,30.0,beat_this
wbfPOw65xXw.wav,25.1,0.0,30.0,beat_this
wbfPOw65xXw.wav,25.52,0.0,30.0,beat_this
wbfPOw65xXw.wav,25.94,0.0,30.0,beat_this
wbfPOw65xXw.wav,26.34,0.0,30.0,beat_this
wbfPOw65xXw.wav,26.74,0.0,30.0,beat_this
wbfPOw65xXw.wav,27.14,0.0,30.0,beat_this
wbfPOw65xXw.wav,27.56,0.0,30.0,beat_this
wbfPOw65xXw.wav,27.96,0.0,30.0,beat_this
wbfPOw65xXw.wav,28.38,0.0,30.0,beat_this
wbfPOw65xXw.wav,28.78,0.0,30.0,beat_this
wbfPOw65xXw.wav,29.2,0.0,30.0,beat_this
wbfPOw65xXw.wav,29.6,0.0,30.0,beat_this
wbfPOw65xXw.wav,30.0,0.0,30.0,beat_this
whnKlYxrops.wav,0.36,0.0,30.0,beat_this
whnKlYxrops.wav,1.1,0.0,30.0,beat_this
whnKlYxrops.wav,1.86,0.0,30.0,beat_this
whnKlYxrops.wav,2.6,0.0,30.0,beat_this
whnKlYxrops.wav,3.34,0.0,30.0,beat_this
whnKlYxrops.wav,4.08,0.0,30.0,beat_this
whnKlYxrops.wav,4.82,0.0,30.0,beat_this
whnKlYxrops.wav,5.56,0.0,30.0,beat_this
whnKlYxrops.wav,6.3,0.0,30.0,beat_this
whnKlYxrops.wav,7.02,0.0,30.0,beat_this
whnKlYxrops.wav,7.78,0.0,30.0,beat_this
whnKlYxrops.wav,8.52,0.0,30.0,beat_this
whnKlYxrops.wav,9.26,0.0,30.0,beat_this
whnKlYxrops.wav,10.0,0.0,30.0,beat_this
whnKlYxrops.wav,10.74,0.0,30.0,beat_this
whnKlYxrops.wav,11.48,0.0,30.0,beat_this
whnKlYxrops.wav,12.22,0.0,30.0,beat_this
whnKlYxrops.wav,12.96,0.0,30.0,beat_this
whnKlYxrops.wav,13.7,0.0,30.0,beat_this
whnKlYxrops.wav,14.44,0.0,30.0,beat_this
whnKlYxrops.wav,15.18,0.0,30.0,beat_this
whnKlYxrops.wav,15.92,0.0,30.0,beat_this
whnKlYxrops.wav,16.68,0.0,30.0,beat_this
whnKlYxrops.wav,17.42,0.0,30.0,beat_this
whnKlYxrops.wav,18.16,0.0,30.0,beat_this
whnKlYxrops.wav,18.9,0.0,30.0,beat_this
whnKlYxrops.wav,19.64,0.0,30.0,beat_this
whnKlYxrops.wav,20.38,0.0,30.0,beat_this
whnKlYxrops.wav,21.12,0.0,30.0,beat_this
whnKlYxrops.wav,21.86,0.0,30.0,beat_this
whnKlYxrops.wav,22.6,0.0,30.0,beat_this
whnKlYxrops.wav,23.34,0.0,30.0,beat_this
whnKlYxrops.wav,24.08,0.0,30.0,beat_this
whnKlYxrops.wav,24.82,0.0,30.0,beat_this
whnKlYxrops.wav,25.56,0.0,30.0,beat_this
whnKlYxrops.wav,26.3,0.0,30.0,beat_this
whnKlYxrops.wav,27.04,0.0,30.0,beat_this
whnKlYxrops.wav,27.78,0.0,30.0,beat_this
whnKlYxrops.wav,28.52,0.0,30.0,beat_this
whnKlYxrops.wav,29.26,0.0,30.0,beat_this
whnKlYxrops.wav,30.0,0.0,30.0,beat_this
wlTbG2KT7Qs.wav,0.04,0.0,30.0,beat_this
wlTbG2KT7Qs.wav,0.36,0.0,30.0,beat_this
wlTbG2KT7Qs.wav,0.64,0.0,30.0,beat_this
wlTbG2KT7Qs.wav,0.94,0.0,30.0,beat_this
wlTbG2KT7Qs.wav,1.22,0.0,30.0,beat_this
wlTbG2KT7Qs.wav,1.52,0.0,30.0,beat_this
wlTbG2KT7Qs.wav,1.78,0.0,30.0,beat_this
wlTbG2KT7Qs.wav,2.08,0.0,30.0,beat_this
wlTbG2KT7Qs.wav,2.36,0.0,30.0,beat_this
wlTbG2KT7Qs.wav,2.64,0.0,30.0,beat_this
wlTbG2KT7Qs.wav,2.92,0.0,30.0,beat_this
wlTbG2KT7Qs.wav,3.22,0.0,30.0,beat_this
wlTbG2KT7Qs.wav,3.5,0.0,30.0,beat_this
wlTbG2KT7Qs.wav,3.78,0.0,30.0,beat_this
wlTbG2KT7Qs.wav,4.06,0.0,30.0,beat_this
wlTbG2KT7Qs.wav,4.34,0.0,30.0,beat_this
wlTbG2KT7Qs.wav,4.64,0.0,30.0,beat_this
wlTbG2KT7Qs.wav,4.92,0.0,30.0,beat_this
wlTbG2KT7Qs.wav,5.2,0.0,30.0,beat_this
wlTbG2KT7Qs.wav,5.5,0.0,30.0,beat_this
wlTbG2KT7Qs.wav,5.78,0.0,30.0,beat_this
wlTbG2KT7Qs.wav,6.08,0.0,30.0,beat_this
wlTbG2KT7Qs.wav,6.36,0.0,30.0,beat_this
wlTbG2KT7Qs.wav,6.64,0.0,30.0,beat_this
wlTbG2KT7Qs.wav,6.92,0.0,30.0,beat_this
wlTbG2KT7Qs.wav,7.2,0.0,30.0,beat_this
wlTbG2KT7Qs.wav,7.5,0.0,30.0,beat_this
wlTbG2KT7Qs.wav,7.78,0.0,30.0,beat_this
wlTbG2KT7Qs.wav,8.06,0.0,30.0,beat_this
wlTbG2KT7Qs.wav,8.36,0.0,30.0,beat_this
wlTbG2KT7Qs.wav,8.64,0.0,30.0,beat_this
wlTbG2KT7Qs.wav,8.92,0.0,30.0,beat_this
wlTbG2KT7Qs.wav,9.2,0.0,30.0,beat_this
wlTbG2KT7Qs.wav,9.48,0.0,30.0,beat_this
wlTbG2KT7Qs.wav,9.78,0.0,30.0,beat_this
wlTbG2KT7Qs.wav,10.06,0.0,30.0,beat_this
wlTbG2KT7Qs.wav,10.36,0.0,30.0,beat_this
wlTbG2KT7Qs.wav,10.64,0.0,30.0,beat_this
wlTbG2KT7Qs.wav,10.92,0.0,30.0,beat_this
wlTbG2KT7Qs.wav,11.2,0.0,30.0,beat_this
wlTbG2KT7Qs.wav,11.5,0.0,30.0,beat_this
wlTbG2KT7Qs.wav,11.78,0.0,30.0,beat_this
wlTbG2KT7Qs.wav,12.06,0.0,30.0,beat_this
wlTbG2KT7Qs.wav,12.34,0.0,30.0,beat_this
wlTbG2KT7Qs.wav,12.64,0.0,30.0,beat_this
wlTbG2KT7Qs.wav,12.92,0.0,30.0,beat_this
wlTbG2KT7Qs.wav,13.2,0.0,30.0,beat_this
wlTbG2KT7Qs.wav,13.48,0.0,30.0,beat_this
wlTbG2KT7Qs.wav,13.78,0.0,30.0,beat_this
wlTbG2KT7Qs.wav,14.06,0.0,30.0,beat_this
wlTbG2KT7Qs.wav,14.36,0.0,30.0,beat_this
wlTbG2KT7Qs.wav,14.64,0.0,30.0,beat_this
wlTbG2KT7Qs.wav,14.94,0.0,30.0,beat_this
wlTbG2KT7Qs.wav,15.22,0.0,30.0,beat_this
wlTbG2KT7Qs.wav,15.52,0.0,30.0,beat_this
wlTbG2KT7Qs.wav,15.8,0.0,30.0,beat_this
wlTbG2KT7Qs.wav,16.08,0.0,30.0,beat_this
wlTbG2KT7Qs.wav,16.36,0.0,30.0,beat_this
wlTbG2KT7Qs.wav,16.62,0.0,30.0,beat_this
wlTbG2KT7Qs.wav,16.92,0.0,30.0,beat_this
wlTbG2KT7Qs.wav,17.22,0.0,30.0,beat_this
wlTbG2KT7Qs.wav,17.5,0.0,30.0,beat_this
wlTbG2KT7Qs.wav,17.78,0.0,30.0,beat_this
wlTbG2KT7Qs.wav,18.08,0.0,30.0,beat_this
wlTbG2KT7Qs.wav,18.36,0.0,30.0,beat_this
wlTbG2KT7Qs.wav,18.66,0.0,30.0,beat_this
wlTbG2KT7Qs.wav,18.94,0.0,30.0,beat_this
wlTbG2KT7Qs.wav,19.22,0.0,30.0,beat_this
wlTbG2KT7Qs.wav,19.5,0.0,30.0,beat_this
wlTbG2KT7Qs.wav,19.78,0.0,30.0,beat_this
wlTbG2KT7Qs.wav,20.06,0.0,30.0,beat_this
wlTbG2KT7Qs.wav,20.34,0.0,30.0,beat_this
wlTbG2KT7Qs.wav,20.64,0.0,30.0,beat_this
wlTbG2KT7Qs.wav,20.92,0.0,30.0,beat_this
wlTbG2KT7Qs.wav,21.2,0.0,30.0,beat_this
wlTbG2KT7Qs.wav,21.5,0.0,30.0,beat_this
wlTbG2KT7Qs.wav,21.78,0.0,30.0,beat_this
wlTbG2KT7Qs.wav,22.08,0.0,30.0,beat_this
wlTbG2KT7Qs.wav,22.36,0.0,30.0,beat_this
wlTbG2KT7Qs.wav,22.64,0.0,30.0,beat_this
wlTbG2KT7Qs.wav,22.92,0.0,30.0,beat_this
wlTbG2KT7Qs.wav,23.22,0.0,30.0,beat_this
wlTbG2KT7Qs.wav,23.5,0.0,30.0,beat_this
wlTbG2KT7Qs.wav,23.78,0.0,30.0,beat_this
wlTbG2KT7Qs.wav,24.06,0.0,30.0,beat_this
wlTbG2KT7Qs.wav,24.34,0.0,30.0,beat_this
wlTbG2KT7Qs.wav,24.62,0.0,30.0,beat_this
wlTbG2KT7Qs.wav,24.9,0.0,30.0,beat_this
wlTbG2KT7Qs.wav,25.2,0.0,30.0,beat_this
wlTbG2KT7Qs.wav,25.5,0.0,30.0,beat_this
wlTbG2KT7Qs.wav,25.8,0.0,30.0,beat_this
wlTbG2KT7Qs.wav,26.08,0.0,30.0,beat_this
wlTbG2KT7Qs.wav,26.38,0.0,30.0,beat_this
wlTbG2KT7Qs.wav,26.66,0.0,30.0,beat_this
wlTbG2KT7Qs.wav,26.94,0.0,30.0,beat_this
wlTbG2KT7Qs.wav,27.22,0.0,30.0,beat_this
wlTbG2KT7Qs.wav,27.5,0.0,30.0,beat_this
wlTbG2KT7Qs.wav,27.78,0.0,30.0,beat_this
wlTbG2KT7Qs.wav,28.06,0.0,30.0,beat_this
wlTbG2KT7Qs.wav,28.34,0.0,30.0,beat_this
wlTbG2KT7Qs.wav,28.62,0.0,30.0,beat_this
wlTbG2KT7Qs.wav,28.9,0.0,30.0,beat_this
wlTbG2KT7Qs.wav,29.18,0.0,30.0,beat_this
wlTbG2KT7Qs.wav,29.46,0.0,30.0,beat_this
wlTbG2KT7Qs.wav,29.74,0.0,30.0,beat_this
wlTbG2KT7Qs.wav,29.98,0.0,30.0,beat_this
x0tJ_ICD47Y.wav,0.02,0.0,30.0,beat_this
x0tJ_ICD47Y.wav,0.36,0.0,30.0,beat_this
x0tJ_ICD47Y.wav,1.02,0.0,30.0,beat_this
x0tJ_ICD47Y.wav,1.68,0.0,30.0,beat_this
x0tJ_ICD47Y.wav,2.34,0.0,30.0,beat_this
x0tJ_ICD47Y.wav,2.98,0.0,30.0,beat_this
x0tJ_ICD47Y.wav,3.64,0.0,30.0,beat_this
x0tJ_ICD47Y.wav,4.28,0.0,30.0,beat_this
x0tJ_ICD47Y.wav,4.94,0.0,30.0,beat_this
x0tJ_ICD47Y.wav,5.6,0.0,30.0,beat_this
x0tJ_ICD47Y.wav,6.26,0.0,30.0,beat_this
x0tJ_ICD47Y.wav,6.9,0.0,30.0,beat_this
x0tJ_ICD47Y.wav,7.56,0.0,30.0,beat_this
x0tJ_ICD47Y.wav,8.2,0.0,30.0,beat_this
x0tJ_ICD47Y.wav,8.86,0.0,30.0,beat_this
x0tJ_ICD47Y.wav,9.52,0.0,30.0,beat_this
x0tJ_ICD47Y.wav,10.16,0.0,30.0,beat_this
x0tJ_ICD47Y.wav,10.8,0.0,30.0,beat_this
x0tJ_ICD47Y.wav,11.46,0.0,30.0,beat_this
x0tJ_ICD47Y.wav,12.12,0.0,30.0,beat_this
x0tJ_ICD47Y.wav,12.78,0.0,30.0,beat_this
x0tJ_ICD47Y.wav,13.42,0.0,30.0,beat_this
x0tJ_ICD47Y.wav,14.06,0.0,30.0,beat_this
x0tJ_ICD47Y.wav,14.72,0.0,30.0,beat_this
x0tJ_ICD47Y.wav,15.38,0.0,30.0,beat_this
x0tJ_ICD47Y.wav,16.04,0.0,30.0,beat_this
x0tJ_ICD47Y.wav,16.68,0.0,30.0,beat_this
x0tJ_ICD47Y.wav,17.34,0.0,30.0,beat_this
x0tJ_ICD47Y.wav,18.0,0.0,30.0,beat_this
x0tJ_ICD47Y.wav,18.64,0.0,30.0,beat_this
x0tJ_ICD47Y.wav,19.3,0.0,30.0,beat_this
x0tJ_ICD47Y.wav,19.94,0.0,30.0,beat_this
x0tJ_ICD47Y.wav,20.6,0.0,30.0,beat_this
x0tJ_ICD47Y.wav,21.24,0.0,30.0,beat_this
x0tJ_ICD47Y.wav,21.9,0.0,30.0,beat_this
x0tJ_ICD47Y.wav,22.56,0.0,30.0,beat_this
x0tJ_ICD47Y.wav,23.22,0.0,30.0,beat_this
x0tJ_ICD47Y.wav,23.86,0.0,30.0,beat_this
x0tJ_ICD47Y.wav,24.52,0.0,30.0,beat_this
x0tJ_ICD47Y.wav,25.16,0.0,30.0,beat_this
x0tJ_ICD47Y.wav,25.82,0.0,30.0,beat_this
x0tJ_ICD47Y.wav,26.48,0.0,30.0,beat_this
x0tJ_ICD47Y.wav,27.12,0.0,30.0,beat_this
x0tJ_ICD47Y.wav,27.78,0.0,30.0,beat_this
x0tJ_ICD47Y.wav,28.42,0.0,30.0,beat_this
x0tJ_ICD47Y.wav,29.08,0.0,30.0,beat_this
x0tJ_ICD47Y.wav,29.74,0.0,30.0,beat_this
x4XOZ4LotYc.wav,0.0,0.0,30.0,beat_this
x4XOZ4LotYc.wav,0.6,0.0,30.0,beat_this
x4XOZ4LotYc.wav,1.16,0.0,30.0,beat_this
x4XOZ4LotYc.wav,1.72,0.0,30.0,beat_this
x4XOZ4LotYc.wav,2.32,0.0,30.0,beat_this
x4XOZ4LotYc.wav,2.9,0.0,30.0,beat_this
x4XOZ4LotYc.wav,3.46,0.0,30.0,beat_this
x4XOZ4LotYc.wav,4.04,0.0,30.0,beat_this
x4XOZ4LotYc.wav,4.62,0.0,30.0,beat_this
x4XOZ4LotYc.wav,5.22,0.0,30.0,beat_this
x4XOZ4LotYc.wav,5.78,0.0,30.0,beat_this
x4XOZ4LotYc.wav,6.36,0.0,30.0,beat_this
x4XOZ4LotYc.wav,6.94,0.0,30.0,beat_this
x4XOZ4LotYc.wav,7.52,0.0,30.0,beat_this
x4XOZ4LotYc.wav,8.08,0.0,30.0,beat_this
x4XOZ4LotYc.wav,8.66,0.0,30.0,beat_this
x4XOZ4LotYc.wav,9.24,0.0,30.0,beat_this
x4XOZ4LotYc.wav,9.84,0.0,30.0,beat_this
x4XOZ4LotYc.wav,10.4,0.0,30.0,beat_this
x4XOZ4LotYc.wav,10.98,0.0,30.0,beat_this
x4XOZ4LotYc.wav,11.54,0.0,30.0,beat_this
x4XOZ4LotYc.wav,12.12,0.0,30.0,beat_this
x4XOZ4LotYc.wav,12.7,0.0,30.0,beat_this
x4XOZ4LotYc.wav,13.28,0.0,30.0,beat_this
x4XOZ4LotYc.wav,13.86,0.0,30.0,beat_this
x4XOZ4LotYc.wav,14.44,0.0,30.0,beat_this
x4XOZ4LotYc.wav,15.0,0.0,30.0,beat_this
x4XOZ4LotYc.wav,15.58,0.0,30.0,beat_this
x4XOZ4LotYc.wav,16.16,0.0,30.0,beat_this
x4XOZ4LotYc.wav,16.74,0.0,30.0,beat_this
x4XOZ4LotYc.wav,17.32,0.0,30.0,beat_this
x4XOZ4LotYc.wav,17.9,0.0,30.0,beat_this
x4XOZ4LotYc.wav,18.46,0.0,30.0,beat_this
x4XOZ4LotYc.wav,19.04,0.0,30.0,beat_this
x4XOZ4LotYc.wav,19.62,0.0,30.0,beat_this
x4XOZ4LotYc.wav,20.2,0.0,30.0,beat_this
x4XOZ4LotYc.wav,20.78,0.0,30.0,beat_this
x4XOZ4LotYc.wav,21.36,0.0,30.0,beat_this
x4XOZ4LotYc.wav,21.94,0.0,30.0,beat_this
x4XOZ4LotYc.wav,22.52,0.0,30.0,beat_this
x4XOZ4LotYc.wav,23.08,0.0,30.0,beat_this
x4XOZ4LotYc.wav,23.66,0.0,30.0,beat_this
x4XOZ4LotYc.wav,24.24,0.0,30.0,beat_this
x4XOZ4LotYc.wav,24.82,0.0,30.0,beat_this
x4XOZ4LotYc.wav,25.38,0.0,30.0,beat_this
x4XOZ4LotYc.wav,25.98,0.0,30.0,beat_this
x4XOZ4LotYc.wav,26.54,0.0,30.0,beat_this
x4XOZ4LotYc.wav,27.12,0.0,30.0,beat_this
x4XOZ4LotYc.wav,27.7,0.0,30.0,beat_this
x4XOZ4LotYc.wav,28.28,0.0,30.0,beat_this
x4XOZ4LotYc.wav,28.86,0.0,30.0,beat_this
x4XOZ4LotYc.wav,29.44,0.0,30.0,beat_this
x4XOZ4LotYc.wav,30.0,0.0,30.0,beat_this
x_rLT6Y93rk.wav,0.38,0.0,30.0,beat_this
x_rLT6Y93rk.wav,1.18,0.0,30.0,beat_this
x_rLT6Y93rk.wav,1.92,0.0,30.0,beat_this
x_rLT6Y93rk.wav,2.66,0.0,30.0,beat_this
x_rLT6Y93rk.wav,3.42,0.0,30.0,beat_this
x_rLT6Y93rk.wav,4.16,0.0,30.0,beat_this
x_rLT6Y93rk.wav,4.92,0.0,30.0,beat_this
x_rLT6Y93rk.wav,5.68,0.0,30.0,beat_this
x_rLT6Y93rk.wav,6.46,0.0,30.0,beat_this
x_rLT6Y93rk.wav,7.22,0.0,30.0,beat_this
x_rLT6Y93rk.wav,8.02,0.0,30.0,beat_this
x_rLT6Y93rk.wav,8.8,0.0,30.0,beat_this
x_rLT6Y93rk.wav,9.58,0.0,30.0,beat_this
x_rLT6Y93rk.wav,10.38,0.0,30.0,beat_this
x_rLT6Y93rk.wav,11.2,0.0,30.0,beat_this
x_rLT6Y93rk.wav,12.04,0.0,30.0,beat_this
x_rLT6Y93rk.wav,12.84,0.0,30.0,beat_this
x_rLT6Y93rk.wav,13.62,0.0,30.0,beat_this
x_rLT6Y93rk.wav,14.42,0.0,30.0,beat_this
x_rLT6Y93rk.wav,15.22,0.0,30.0,beat_this
x_rLT6Y93rk.wav,16.0,0.0,30.0,beat_this
x_rLT6Y93rk.wav,16.82,0.0,30.0,beat_this
x_rLT6Y93rk.wav,17.6,0.0,30.0,beat_this
x_rLT6Y93rk.wav,18.4,0.0,30.0,beat_this
x_rLT6Y93rk.wav,19.18,0.0,30.0,beat_this
x_rLT6Y93rk.wav,20.0,0.0,30.0,beat_this
x_rLT6Y93rk.wav,20.78,0.0,30.0,beat_this
x_rLT6Y93rk.wav,21.6,0.0,30.0,beat_this
x_rLT6Y93rk.wav,22.38,0.0,30.0,beat_this
x_rLT6Y93rk.wav,23.14,0.0,30.0,beat_this
x_rLT6Y93rk.wav,23.92,0.0,30.0,beat_this
x_rLT6Y93rk.wav,24.7,0.0,30.0,beat_this
x_rLT6Y93rk.wav,25.48,0.0,30.0,beat_this
x_rLT6Y93rk.wav,26.26,0.0,30.0,beat_this
x_rLT6Y93rk.wav,27.06,0.0,30.0,beat_this
x_rLT6Y93rk.wav,27.84,0.0,30.0,beat_this
x_rLT6Y93rk.wav,28.64,0.0,30.0,beat_this
x_rLT6Y93rk.wav,29.44,0.0,30.0,beat_this
xiWtqVtd1Oo.wav,0.38,0.0,30.0,beat_this
xiWtqVtd1Oo.wav,0.82,0.0,30.0,beat_this
xiWtqVtd1Oo.wav,1.28,0.0,30.0,beat_this
xiWtqVtd1Oo.wav,1.72,0.0,30.0,beat_this
xiWtqVtd1Oo.wav,2.18,0.0,30.0,beat_this
xiWtqVtd1Oo.wav,2.64,0.0,30.0,beat_this
xiWtqVtd1Oo.wav,3.08,0.0,30.0,beat_this
xiWtqVtd1Oo.wav,3.54,0.0,30.0,beat_this
xiWtqVtd1Oo.wav,4.0,0.0,30.0,beat_this
xiWtqVtd1Oo.wav,4.44,0.0,30.0,beat_this
xiWtqVtd1Oo.wav,4.9,0.0,30.0,beat_this
xiWtqVtd1Oo.wav,5.34,0.0,30.0,beat_this
xiWtqVtd1Oo.wav,5.8,0.0,30.0,beat_this
xiWtqVtd1Oo.wav,6.24,0.0,30.0,beat_this
xiWtqVtd1Oo.wav,6.7,0.0,30.0,beat_this
xiWtqVtd1Oo.wav,7.16,0.0,30.0,beat_this
xiWtqVtd1Oo.wav,7.6,0.0,30.0,beat_this
xiWtqVtd1Oo.wav,8.06,0.0,30.0,beat_this
xiWtqVtd1Oo.wav,8.5,0.0,30.0,beat_this
xiWtqVtd1Oo.wav,8.96,0.0,30.0,beat_this
xiWtqVtd1Oo.wav,9.4,0.0,30.0,beat_this
xiWtqVtd1Oo.wav,9.86,0.0,30.0,beat_this
xiWtqVtd1Oo.wav,10.32,0.0,30.0,beat_this
xiWtqVtd1Oo.wav,10.76,0.0,30.0,beat_this
xiWtqVtd1Oo.wav,11.22,0.0,30.0,beat_this
xiWtqVtd1Oo.wav,11.68,0.0,30.0,beat_this
xiWtqVtd1Oo.wav,12.12,0.0,30.0,beat_this
xiWtqVtd1Oo.wav,12.58,0.0,30.0,beat_this
xiWtqVtd1Oo.wav,13.04,0.0,30.0,beat_this
xiWtqVtd1Oo.wav,13.48,0.0,30.0,beat_this
xiWtqVtd1Oo.wav,13.94,0.0,30.0,beat_this
xiWtqVtd1Oo.wav,14.38,0.0,30.0,beat_this
xiWtqVtd1Oo.wav,14.84,0.0,30.0,beat_this
xiWtqVtd1Oo.wav,15.3,0.0,30.0,beat_this
xiWtqVtd1Oo.wav,15.74,0.0,30.0,beat_this
xiWtqVtd1Oo.wav,16.2,0.0,30.0,beat_this
xiWtqVtd1Oo.wav,16.64,0.0,30.0,beat_this
xiWtqVtd1Oo.wav,17.1,0.0,30.0,beat_this
xiWtqVtd1Oo.wav,17.56,0.0,30.0,beat_this
xiWtqVtd1Oo.wav,18.0,0.0,30.0,beat_this
xiWtqVtd1Oo.wav,18.46,0.0,30.0,beat_this
xiWtqVtd1Oo.wav,18.92,0.0,30.0,beat_this
xiWtqVtd1Oo.wav,19.36,0.0,30.0,beat_this
xiWtqVtd1Oo.wav,19.82,0.0,30.0,beat_this
xiWtqVtd1Oo.wav,20.26,0.0,30.0,beat_this
xiWtqVtd1Oo.wav,20.72,0.0,30.0,beat_this
xiWtqVtd1Oo.wav,21.16,0.0,30.0,beat_this
xiWtqVtd1Oo.wav,21.62,0.0,30.0,beat_this
xiWtqVtd1Oo.wav,22.08,0.0,30.0,beat_this
xiWtqVtd1Oo.wav,22.52,0.0,30.0,beat_this
xiWtqVtd1Oo.wav,22.98,0.0,30.0,beat_this
xiWtqVtd1Oo.wav,23.42,0.0,30.0,beat_this
xiWtqVtd1Oo.wav,23.88,0.0,30.0,beat_this
xiWtqVtd1Oo.wav,24.32,0.0,30.0,beat_this
xiWtqVtd1Oo.wav,24.78,0.0,30.0,beat_this
xiWtqVtd1Oo.wav,25.22,0.0,30.0,beat_this
xiWtqVtd1Oo.wav,25.68,0.0,30.0,beat_this
xiWtqVtd1Oo.wav,26.14,0.0,30.0,beat_this
xiWtqVtd1Oo.wav,26.58,0.0,30.0,beat_this
xiWtqVtd1Oo.wav,27.04,0.0,30.0,beat_this
xiWtqVtd1Oo.wav,27.48,0.0,30.0,beat_this
xiWtqVtd1Oo.wav,27.94,0.0,30.0,beat_this
xiWtqVtd1Oo.wav,28.4,0.0,30.0,beat_this
xiWtqVtd1Oo.wav,28.84,0.0,30.0,beat_this
xiWtqVtd1Oo.wav,29.3,0.0,30.0,beat_this
xiWtqVtd1Oo.wav,29.74,0.0,30.0,beat_this
xz1bDy8Kt38.wav,0.32,0.0,30.0,beat_this
xz1bDy8Kt38.wav,0.8,0.0,30.0,beat_this
xz1bDy8Kt38.wav,1.26,0.0,30.0,beat_this
xz1bDy8Kt38.wav,1.72,0.0,30.0,beat_this
xz1bDy8Kt38.wav,2.2,0.0,30.0,beat_this
xz1bDy8Kt38.wav,2.66,0.0,30.0,beat_this
xz1bDy8Kt38.wav,3.14,0.0,30.0,beat_this
xz1bDy8Kt38.wav,3.6,0.0,30.0,beat_this
xz1bDy8Kt38.wav,4.08,0.0,30.0,beat_this
xz1bDy8Kt38.wav,4.54,0.0,30.0,beat_this
xz1bDy8Kt38.wav,5.0,0.0,30.0,beat_this
xz1bDy8Kt38.wav,5.48,0.0,30.0,beat_this
xz1bDy8Kt38.wav,5.96,0.0,30.0,beat_this
xz1bDy8Kt38.wav,6.42,0.0,30.0,beat_this
xz1bDy8Kt38.wav,6.88,0.0,30.0,beat_this
xz1bDy8Kt38.wav,7.34,0.0,30.0,beat_this
xz1bDy8Kt38.wav,7.82,0.0,30.0,beat_this
xz1bDy8Kt38.wav,8.3,0.0,30.0,beat_this
xz1bDy8Kt38.wav,8.76,0.0,30.0,beat_this
xz1bDy8Kt38.wav,9.24,0.0,30.0,beat_this
xz1bDy8Kt38.wav,9.7,0.0,30.0,beat_this
xz1bDy8Kt38.wav,10.16,0.0,30.0,beat_this
xz1bDy8Kt38.wav,10.64,0.0,30.0,beat_this
xz1bDy8Kt38.wav,11.1,0.0,30.0,beat_this
xz1bDy8Kt38.wav,11.58,0.0,30.0,beat_this
xz1bDy8Kt38.wav,12.04,0.0,30.0,beat_this
xz1bDy8Kt38.wav,12.5,0.0,30.0,beat_this
xz1bDy8Kt38.wav,12.98,0.0,30.0,beat_this
xz1bDy8Kt38.wav,13.44,0.0,30.0,beat_this
xz1bDy8Kt38.wav,13.92,0.0,30.0,beat_this
xz1bDy8Kt38.wav,14.38,0.0,30.0,beat_this
xz1bDy8Kt38.wav,14.86,0.0,30.0,beat_this
xz1bDy8Kt38.wav,15.32,0.0,30.0,beat_this
xz1bDy8Kt38.wav,15.78,0.0,30.0,beat_this
xz1bDy8Kt38.wav,16.26,0.0,30.0,beat_this
xz1bDy8Kt38.wav,16.72,0.0,30.0,beat_this
xz1bDy8Kt38.wav,17.2,0.0,30.0,beat_this
xz1bDy8Kt38.wav,17.66,0.0,30.0,beat_this
xz1bDy8Kt38.wav,18.12,0.0,30.0,beat_this
xz1bDy8Kt38.wav,18.6,0.0,30.0,beat_this
xz1bDy8Kt38.wav,19.06,0.0,30.0,beat_this
xz1bDy8Kt38.wav,19.54,0.0,30.0,beat_this
xz1bDy8Kt38.wav,20.02,0.0,30.0,beat_this
xz1bDy8Kt38.wav,20.48,0.0,30.0,beat_this
xz1bDy8Kt38.wav,20.94,0.0,30.0,beat_this
xz1bDy8Kt38.wav,21.42,0.0,30.0,beat_this
xz1bDy8Kt38.wav,21.9,0.0,30.0,beat_this
xz1bDy8Kt38.wav,22.36,0.0,30.0,beat_this
xz1bDy8Kt38.wav,22.82,0.0,30.0,beat_this
xz1bDy8Kt38.wav,23.3,0.0,30.0,beat_this
xz1bDy8Kt38.wav,23.76,0.0,30.0,beat_this
xz1bDy8Kt38.wav,24.24,0.0,30.0,beat_this
xz1bDy8Kt38.wav,24.7,0.0,30.0,beat_this
xz1bDy8Kt38.wav,25.16,0.0,30.0,beat_this
xz1bDy8Kt38.wav,25.64,0.0,30.0,beat_this
xz1bDy8Kt38.wav,26.1,0.0,30.0,beat_this
xz1bDy8Kt38.wav,26.58,0.0,30.0,beat_this
xz1bDy8Kt38.wav,27.04,0.0,30.0,beat_this
xz1bDy8Kt38.wav,27.5,0.0,30.0,beat_this
xz1bDy8Kt38.wav,27.98,0.0,30.0,beat_this
xz1bDy8Kt38.wav,28.44,0.0,30.0,beat_this
xz1bDy8Kt38.wav,28.92,0.0,30.0,beat_this
xz1bDy8Kt38.wav,29.38,0.0,30.0,beat_this
xz1bDy8Kt38.wav,29.86,0.0,30.0,beat_this
yZfHX-TsaC4.wav,0.0,0.0,30.0,beat_this
yZfHX-TsaC4.wav,0.56,0.0,30.0,beat_this
yZfHX-TsaC4.wav,1.14,0.0,30.0,beat_this
yZfHX-TsaC4.wav,1.72,0.0,30.0,beat_this
yZfHX-TsaC4.wav,2.28,0.0,30.0,beat_this
yZfHX-TsaC4.wav,2.86,0.0,30.0,beat_this
yZfHX-TsaC4.wav,3.44,0.0,30.0,beat_this
yZfHX-TsaC4.wav,4.02,0.0,30.0,beat_this
yZfHX-TsaC4.wav,4.58,0.0,30.0,beat_this
yZfHX-TsaC4.wav,5.14,0.0,30.0,beat_this
yZfHX-TsaC4.wav,5.72,0.0,30.0,beat_this
yZfHX-TsaC4.wav,6.28,0.0,30.0,beat_this
yZfHX-TsaC4.wav,6.86,0.0,30.0,beat_this
yZfHX-TsaC4.wav,7.44,0.0,30.0,beat_this
yZfHX-TsaC4.wav,8.0,0.0,30.0,beat_this
yZfHX-TsaC4.wav,8.58,0.0,30.0,beat_this
yZfHX-TsaC4.wav,9.14,0.0,30.0,beat_this
yZfHX-TsaC4.wav,9.72,0.0,30.0,beat_this
yZfHX-TsaC4.wav,10.3,0.0,30.0,beat_this
yZfHX-TsaC4.wav,10.88,0.0,30.0,beat_this
yZfHX-TsaC4.wav,11.42,0.0,30.0,beat_this
yZfHX-TsaC4.wav,12.0,0.0,30.0,beat_this
yZfHX-TsaC4.wav,12.58,0.0,30.0,beat_this
yZfHX-TsaC4.wav,13.14,0.0,30.0,beat_this
yZfHX-TsaC4.wav,13.72,0.0,30.0,beat_this
yZfHX-TsaC4.wav,14.28,0.0,30.0,beat_this
yZfHX-TsaC4.wav,14.86,0.0,30.0,beat_this
yZfHX-TsaC4.wav,15.44,0.0,30.0,beat_this
yZfHX-TsaC4.wav,16.0,0.0,30.0,beat_this
yZfHX-TsaC4.wav,16.58,0.0,30.0,beat_this
yZfHX-TsaC4.wav,17.14,0.0,30.0,beat_this
yZfHX-TsaC4.wav,17.72,0.0,30.0,beat_this
yZfHX-TsaC4.wav,18.28,0.0,30.0,beat_this
yZfHX-TsaC4.wav,18.86,0.0,30.0,beat_this
yZfHX-TsaC4.wav,19.44,0.0,30.0,beat_this
yZfHX-TsaC4.wav,20.0,0.0,30.0,beat_this
yZfHX-TsaC4.wav,20.56,0.0,30.0,beat_this
yZfHX-TsaC4.wav,21.14,0.0,30.0,beat_this
yZfHX-TsaC4.wav,21.72,0.0,30.0,beat_this
yZfHX-TsaC4.wav,22.28,0.0,30.0,beat_this
yZfHX-TsaC4.wav,22.86,0.0,30.0,beat_this
yZfHX-TsaC4.wav,23.44,0.0,30.0,beat_this
yZfHX-TsaC4.wav,24.0,0.0,30.0,beat_this
yZfHX-TsaC4.wav,24.58,0.0,30.0,beat_this
yZfHX-TsaC4.wav,25.14,0.0,30.0,beat_this
yZfHX-TsaC4.wav,25.72,0.0,30.0,beat_this
yZfHX-TsaC4.wav,26.28,0.0,30.0,beat_this
yZfHX-TsaC4.wav,26.86,0.0,30.0,beat_this
yZfHX-TsaC4.wav,27.42,0.0,30.0,beat_this
yZfHX-TsaC4.wav,28.0,0.0,30.0,beat_this
yZfHX-TsaC4.wav,28.58,0.0,30.0,beat_this
yZfHX-TsaC4.wav,29.14,0.0,30.0,beat_this
yZfHX-TsaC4.wav,29.7,0.0,30.0,beat_this
