stimulus_id,peak_index,peak_time_s,window_t0,window_t1,kw_ms,kde_dt,peak_prominence,peak_distance_s,peak_width_s,cleaning
-15MmJrqU38,0,1.48,0.0,30.0,80.0,0.005,0.1,0.15,0.0,mad_only
-15MmJrqU38,1,2.095,0.0,30.0,80.0,0.005,0.1,0.15,0.0,mad_only
-15MmJrqU38,2,2.67,0.0,30.0,80.0,0.005,0.1,0.15,0.0,mad_only
-15MmJrqU38,3,3.215,0.0,30.0,80.0,0.005,0.1,0.15,0.0,mad_only
-15MmJrqU38,4,3.805,0.0,30.0,80.0,0.005,0.1,0.15,0.0,mad_only
-15MmJrqU38,5,4.385,0.0,30.0,80.0,0.005,0.1,0.15,0.0,mad_only
-15MmJrqU38,6,4.995,0.0,30.0,80.0,0.005,0.1,0.15,0.0,mad_only
-15MmJrqU38,7,5.575,0.0,30.0,80.0,0.005,0.1,0.15,0.0,mad_only
-15MmJrqU38,8,6.17,0.0,30.0,80.0,0.005,0.1,0.15,0.0,mad_only
-15MmJrqU38,9,6.715,0.0,30.0,80.0,0.005,0.1,0.15,0.0,mad_only
-15MmJrqU38,10,7.2700000000000005,0.0,30.0,80.0,0.005,0.1,0.15,0.0,mad_only
-15MmJrqU38,11,7.87,0.0,30.0,80.0,0.005,0.1,0.15,0.0,mad_only
-15MmJrqU38,12,8.46,0.0,30.0,80.0,0.005,0.1,0.15,0.0,mad_only
-15MmJrqU38,13,9.035,0.0,30.0,80.0,0.005,0.1,0.15,0.0,mad_only
-15MmJrqU38,14,9.63,0.0,30.0,80.0,0.005,0.1,0.15,0.0,mad_only
-15MmJrqU38,15,10.195,0.0,30.0,80.0,0.005,0.1,0.15,0.0,mad_only
-15MmJrqU38,16,10.78,0.0,30.0,80.0,0.005,0.1,0.15,0.0,mad_only
-15MmJrqU38,17,11.370000000000001,0.0,30.0,80.0,0.005,0.1,0.15,0.0,mad_only
-15MmJrqU38,18,11.955,0.0,30.0,80.0,0.005,0.1,0.15,0.0,mad_only
-15MmJrqU38,19,12.525,0.0,30.0,80.0,0.005,0.1,0.15,0.0,mad_only
-15MmJrqU38,20,13.11,0.0,30.0,80.0,0.005,0.1,0.15,0.0,mad_only
-15MmJrqU38,21,13.675,0.0,30.0,80.0,0.005,0.1,0.15,0.0,mad_only
-15MmJrqU38,22,14.285,0.0,30.0,80.0,0.005,0.1,0.15,0.0,mad_only
-15MmJrqU38,23,14.875,0.0,30.0,80.0,0.005,0.1,0.15,0.0,mad_only
-15MmJrqU38,24,15.450000000000001,0.0,30.0,80.0,0.005,0.1,0.15,0.0,mad_only
-15MmJrqU38,25,16.035,0.0,30.0,80.0,0.005,0.1,0.15,0.0,mad_only
-15MmJrqU38,26,16.625,0.0,30.0,80.0,0.005,0.1,0.15,0.0,mad_only
-15MmJrqU38,27,17.175,0.0,30.0,80.0,0.005,0.1,0.15,0.0,mad_only
-15MmJrqU38,28,17.785,0.0,30.0,80.0,0.005,0.1,0.15,0.0,mad_only
-15MmJrqU38,29,18.35,0.0,30.0,80.0,0.005,0.1,0.15,0.0,mad_only
-15MmJrqU38,30,18.955000000000002,0.0,30.0,80.0,0.005,0.1,0.15,0.0,mad_only
-15MmJrqU38,31,19.525000000000002,0.0,30.0,80.0,0.005,0.1,0.15,0.0,mad_only
-15MmJrqU38,32,20.12,0.0,30.0,80.0,0.005,0.1,0.15,0.0,mad_only
-15MmJrqU38,33,20.68,0.0,30.0,80.0,0.005,0.1,0.15,0.0,mad_only
-15MmJrqU38,34,21.285,0.0,30.0,80.0,0.005,0.1,0.15,0.0,mad_only
-15MmJrqU38,35,21.845,0.0,30.0,80.0,0.005,0.1,0.15,0.0,mad_only
-15MmJrqU38,36,22.44,0.0,30.0,80.0,0.005,0.1,0.15,0.0,mad_only
-15MmJrqU38,37,23.01,0.0,30.0,80.0,0.005,0.1,0.15,0.0,mad_only
-15MmJrqU38,38,23.605,0.0,30.0,80.0,0.005,0.1,0.15,0.0,mad_only
-15MmJrqU38,39,24.19,0.0,30.0,80.0,0.005,0.1,0.15,0.0,mad_only
-15MmJrqU38,40,24.765,0.0,30.0,80.0,0.005,0.1,0.15,0.0,mad_only
-15MmJrqU38,41,25.35,0.0,30.0,80.0,0.005,0.1,0.15,0.0,mad_only
-15MmJrqU38,42,25.935000000000002,0.0,30.0,80.0,0.005,0.1,0.15,0.0,mad_only
-15MmJrqU38,43,26.51,0.0,30.0,80.0,0.005,0.1,0.15,0.0,mad_only
-15MmJrqU38,44,27.105,0.0,30.0,80.0,0.005,0.1,0.15,0.0,mad_only
-15MmJrqU38,45,27.665,0.0,30.0,80.0,0.005,0.1,0.15,0.0,mad_only
-15MmJrqU38,46,28.26,0.0,30.0,80.0,0.005,0.1,0.15,0.0,mad_only
-15MmJrqU38,47,28.835,0.0,30.0,80.0,0.005,0.1,0.15,0.0,mad_only
-15MmJrqU38,48,29.42,0.0,30.0,80.0,0.005,0.1,0.15,0.0,mad_only
-4sq1sUI7-I,0,0.78,0.0,30.0,80.0,0.005,0.1,0.15,0.0,mad_only
-4sq1sUI7-I,1,1.71,0.0,30.0,80.0,0.005,0.1,0.15,0.0,mad_only
-4sq1sUI7-I,2,2.5500000000000003,0.0,30.0,80.0,0.005,0.1,0.15,0.0,mad_only
-4sq1sUI7-I,3,3.295,0.0,30.0,80.0,0.005,0.1,0.15,0.0,mad_only
-4sq1sUI7-I,4,4.12,0.0,30.0,80.0,0.005,0.1,0.15,0.0,mad_only
-4sq1sUI7-I,5,4.955,0.0,30.0,80.0,0.005,0.1,0.15,0.0,mad_only
-4sq1sUI7-I,6,5.765,0.0,30.0,80.0,0.005,0.1,0.15,0.0,mad_only
-4sq1sUI7-I,7,6.58,0.0,30.0,80.0,0.005,0.1,0.15,0.0,mad_only
-4sq1sUI7-I,8,7.365,0.0,30.0,80.0,0.005,0.1,0.15,0.0,mad_only
-4sq1sUI7-I,9,8.19,0.0,30.0,80.0,0.005,0.1,0.15,0.0,mad_only
-4sq1sUI7-I,10,8.935,0.0,30.0,80.0,0.005,0.1,0.15,0.0,mad_only
-4sq1sUI7-I,11,9.785,0.0,30.0,80.0,0.005,0.1,0.15,0.0,mad_only
-4sq1sUI7-I,12,10.61,0.0,30.0,80.0,0.005,0.1,0.15,0.0,mad_only
-4sq1sUI7-I,13,11.44,0.0,30.0,80.0,0.005,0.1,0.15,0.0,mad_only
-4sq1sUI7-I,14,12.245000000000001,0.0,30.0,80.0,0.005,0.1,0.15,0.0,mad_only
-4sq1sUI7-I,15,13.045,0.0,30.0,80.0,0.005,0.1,0.15,0.0,mad_only
-4sq1sUI7-I,16,13.84,0.0,30.0,80.0,0.005,0.1,0.15,0.0,mad_only
-4sq1sUI7-I,17,14.67,0.0,30.0,80.0,0.005,0.1,0.15,0.0,mad_only
-4sq1sUI7-I,18,15.48,0.0,30.0,80.0,0.005,0.1,0.15,0.0,mad_only
-4sq1sUI7-I,19,16.275,0.0,30.0,80.0,0.005,0.1,0.15,0.0,mad_only
-4sq1sUI7-I,20,17.07,0.0,30.0,80.0,0.005,0.1,0.15,0.0,mad_only
-4sq1sUI7-I,21,17.865000000000002,0.0,30.0,80.0,0.005,0.1,0.15,0.0,mad_only
-4sq1sUI7-I,22,18.685,0.0,30.0,80.0,0.005,0.1,0.15,0.0,mad_only
-4sq1sUI7-I,23,19.5,0.0,30.0,80.0,0.005,0.1,0.15,0.0,mad_only
-4sq1sUI7-I,24,20.305,0.0,30.0,80.0,0.005,0.1,0.15,0.0,mad_only
-4sq1sUI7-I,25,20.72,0.0,30.0,80.0,0.005,0.1,0.15,0.0,mad_only
-4sq1sUI7-I,26,21.125,0.0,30.0,80.0,0.005,0.1,0.15,0.0,mad_only
-4sq1sUI7-I,27,21.53,0.0,30.0,80.0,0.005,0.1,0.15,0.0,mad_only
-4sq1sUI7-I,28,21.94,0.0,30.0,80.0,0.005,0.1,0.15,0.0,mad_only
-4sq1sUI7-I,29,22.75,0.0,30.0,80.0,0.005,0.1,0.15,0.0,mad_only
-4sq1sUI7-I,30,23.55,0.0,30.0,80.0,0.005,0.1,0.15,0.0,mad_only
-4sq1sUI7-I,31,23.975,0.0,30.0,80.0,0.005,0.1,0.15,0.0,mad_only
-4sq1sUI7-I,32,24.375,0.0,30.0,80.0,0.005,0.1,0.15,0.0,mad_only
-4sq1sUI7-I,33,25.185000000000002,0.0,30.0,80.0,0.005,0.1,0.15,0.0,mad_only
-4sq1sUI7-I,34,25.595,0.0,30.0,80.0,0.005,0.1,0.15,0.0,mad_only
-4sq1sUI7-I,35,25.990000000000002,0.0,30.0,80.0,0.005,0.1,0.15,0.0,mad_only
-4sq1sUI7-I,36,26.395,0.0,30.0,80.0,0.005,0.1,0.15,0.0,mad_only
-4sq1sUI7-I,37,26.795,0.0,30.0,80.0,0.005,0.1,0.15,0.0,mad_only
-4sq1sUI7-I,38,27.605,0.0,30.0,80.0,0.005,0.1,0.15,0.0,mad_only
-4sq1sUI7-I,39,28.02,0.0,30.0,80.0,0.005,0.1,0.15,0.0,mad_only
-4sq1sUI7-I,40,28.41,0.0,30.0,80.0,0.005,0.1,0.15,0.0,mad_only
-4sq1sUI7-I,41,29.21,0.0,30.0,80.0,0.005,0.1,0.15,0.0,mad_only
-4sq1sUI7-I,42,29.62,0.0,30.0,80.0,0.005,0.1,0.15,0.0,mad_only
-E5lmFh_0x0,0,1.21,0.0,30.0,80.0,0.005,0.1,0.15,0.0,mad_only
-E5lmFh_0x0,1,1.615,0.0,30.0,80.0,0.005,0.1,0.15,0.0,mad_only
-E5lmFh_0x0,2,2.365,0.0,30.0,80.0,0.005,0.1,0.15,0.0,mad_only
-E5lmFh_0x0,3,3.225,0.0,30.0,80.0,0.005,0.1,0.15,0.0,mad_only
-E5lmFh_0x0,4,4.1450000000000005,0.0,30.0,80.0,0.005,0.1,0.15,0.0,mad_only
-E5lmFh_0x0,5,4.955,0.0,30.0,80.0,0.005,0.1,0.15,0.0,mad_only
-E5lmFh_0x0,6,5.75,0.0,30.0,80.0,0.005,0.1,0.15,0.0,mad_only
-E5lmFh_0x0,7,6.58,0.0,30.0,80.0,0.005,0.1,0.15,0.0,mad_only
-E5lmFh_0x0,8,7.34,0.0,30.0,80.0,0.005,0.1,0.15,0.0,mad_only
-E5lmFh_0x0,9,8.215,0.0,30.0,80.0,0.005,0.1,0.15,0.0,mad_only
-E5lmFh_0x0,10,9.065,0.0,30.0,80.0,0.005,0.1,0.15,0.0,mad_only
-E5lmFh_0x0,11,9.935,0.0,30.0,80.0,0.005,0.1,0.15,0.0,mad_only
-E5lmFh_0x0,12,10.75,0.0,30.0,80.0,0.005,0.1,0.15,0.0,mad_only
-E5lmFh_0x0,13,11.6,0.0,30.0,80.0,0.005,0.1,0.15,0.0,mad_only
-E5lmFh_0x0,14,12.4,0.0,30.0,80.0,0.005,0.1,0.15,0.0,mad_only
-E5lmFh_0x0,15,13.22,0.0,30.0,80.0,0.005,0.1,0.15,0.0,mad_only
-E5lmFh_0x0,16,14.040000000000001,0.0,30.0,80.0,0.005,0.1,0.15,0.0,mad_only
-E5lmFh_0x0,17,14.85,0.0,30.0,80.0,0.005,0.1,0.15,0.0,mad_only
-E5lmFh_0x0,18,15.71,0.0,30.0,80.0,0.005,0.1,0.15,0.0,mad_only
-E5lmFh_0x0,19,16.52,0.0,30.0,80.0,0.005,0.1,0.15,0.0,mad_only
-E5lmFh_0x0,20,17.375,0.0,30.0,80.0,0.005,0.1,0.15,0.0,mad_only
-E5lmFh_0x0,21,18.195,0.0,30.0,80.0,0.005,0.1,0.15,0.0,mad_only
-E5lmFh_0x0,22,19.03,0.0,30.0,80.0,0.005,0.1,0.15,0.0,mad_only
-E5lmFh_0x0,23,19.91,0.0,30.0,80.0,0.005,0.1,0.15,0.0,mad_only
-E5lmFh_0x0,24,20.765,0.0,30.0,80.0,0.005,0.1,0.15,0.0,mad_only
-E5lmFh_0x0,25,21.605,0.0,30.0,80.0,0.005,0.1,0.15,0.0,mad_only
-E5lmFh_0x0,26,22.445,0.0,30.0,80.0,0.005,0.1,0.15,0.0,mad_only
-E5lmFh_0x0,27,23.285,0.0,30.0,80.0,0.005,0.1,0.15,0.0,mad_only
-E5lmFh_0x0,28,24.11,0.0,30.0,80.0,0.005,0.1,0.15,0.0,mad_only
-E5lmFh_0x0,29,24.925,0.0,30.0,80.0,0.005,0.1,0.15,0.0,mad_only
-E5lmFh_0x0,30,25.75,0.0,30.0,80.0,0.005,0.1,0.15,0.0,mad_only
-E5lmFh_0x0,31,26.580000000000002,0.0,30.0,80.0,0.005,0.1,0.15,0.0,mad_only
-E5lmFh_0x0,32,27.41,0.0,30.0,80.0,0.005,0.1,0.15,0.0,mad_only
-E5lmFh_0x0,33,28.275000000000002,0.0,30.0,80.0,0.005,0.1,0.15,0.0,mad_only
-E5lmFh_0x0,34,29.195,0.0,30.0,80.0,0.005,0.1,0.15,0.0,mad_only
-E5lmFh_0x0,35,29.900000000000002,0.0,30.0,80.0,0.005,0.1,0.15,0.0,mad_only
-Gvgb3K5iOE,0,0.745,0.0,30.0,80.0,0.005,0.1,0.15,0.0,mad_only
-Gvgb3K5iOE,1,1.325,0.0,30.0,80.0,0.005,0.1,0.15,0.0,mad_only
-Gvgb3K5iOE,2,1.905,0.0,30.0,80.0,0.005,0.1,0.15,0.0,mad_only
-Gvgb3K5iOE,3,2.5100000000000002,0.0,30.0,80.0,0.005,0.1,0.15,0.0,mad_only
-Gvgb3K5iOE,4,3.105,0.0,30.0,80.0,0.005,0.1,0.15,0.0,mad_only
-Gvgb3K5iOE,5,3.705,0.0,30.0,80.0,0.005,0.1,0.15,0.0,mad_only
-Gvgb3K5iOE,6,4.3,0.0,30.0,80.0,0.005,0.1,0.15,0.0,mad_only
-Gvgb3K5iOE,7,4.9,0.0,30.0,80.0,0.005,0.1,0.15,0.0,mad_only
-Gvgb3K5iOE,8,5.5,0.0,30.0,80.0,0.005,0.1,0.15,0.0,mad_only
-Gvgb3K5iOE,9,6.105,0.0,30.0,80.0,0.005,0.1,0.15,0.0,mad_only
-Gvgb3K5iOE,10,6.69,0.0,30.0,80.0,0.005,0.1,0.15,0.0,mad_only
-Gvgb3K5iOE,11,7.3,0.0,30.0,80.0,0.005,0.1,0.15,0.0,mad_only
-Gvgb3K5iOE,12,7.9,0.0,30.0,80.0,0.005,0.1,0.15,0.0,mad_only
-Gvgb3K5iOE,13,8.495000000000001,0.0,30.0,80.0,0.005,0.1,0.15,0.0,mad_only
-Gvgb3K5iOE,14,9.1,0.0,30.0,80.0,0.005,0.1,0.15,0.0,mad_only
-Gvgb3K5iOE,15,9.700000000000001,0.0,30.0,80.0,0.005,0.1,0.15,0.0,mad_only
-Gvgb3K5iOE,16,10.3,0.0,30.0,80.0,0.005,0.1,0.15,0.0,mad_only
-Gvgb3K5iOE,17,10.895,0.0,30.0,80.0,0.005,0.1,0.15,0.0,mad_only
-Gvgb3K5iOE,18,11.49,0.0,30.0,80.0,0.005,0.1,0.15,0.0,mad_only
-Gvgb3K5iOE,19,12.095,0.0,30.0,80.0,0.005,0.1,0.15,0.0,mad_only
-Gvgb3K5iOE,20,12.695,0.0,30.0,80.0,0.005,0.1,0.15,0.0,mad_only
-Gvgb3K5iOE,21,13.3,0.0,30.0,80.0,0.005,0.1,0.15,0.0,mad_only
-Gvgb3K5iOE,22,13.895,0.0,30.0,80.0,0.005,0.1,0.15,0.0,mad_only
-Gvgb3K5iOE,23,14.5,0.0,30.0,80.0,0.005,0.1,0.15,0.0,mad_only
-Gvgb3K5iOE,24,15.095,0.0,30.0,80.0,0.005,0.1,0.15,0.0,mad_only
-Gvgb3K5iOE,25,15.700000000000001,0.0,30.0,80.0,0.005,0.1,0.15,0.0,mad_only
-Gvgb3K5iOE,26,16.285,0.0,30.0,80.0,0.005,0.1,0.15,0.0,mad_only
-Gvgb3K5iOE,27,16.89,0.0,30.0,80.0,0.005,0.1,0.15,0.0,mad_only
-Gvgb3K5iOE,28,17.490000000000002,0.0,30.0,80.0,0.005,0.1,0.15,0.0,mad_only
-Gvgb3K5iOE,29,18.09,0.0,30.0,80.0,0.005,0.1,0.15,0.0,mad_only
-Gvgb3K5iOE,30,18.685,0.0,30.0,80.0,0.005,0.1,0.15,0.0,mad_only
-Gvgb3K5iOE,31,19.29,0.0,30.0,80.0,0.005,0.1,0.15,0.0,mad_only
-Gvgb3K5iOE,32,19.89,0.0,30.0,80.0,0.005,0.1,0.15,0.0,mad_only
-Gvgb3K5iOE,33,20.485,0.0,30.0,80.0,0.005,0.1,0.15,0.0,mad_only
-Gvgb3K5iOE,34,21.09,0.0,30.0,80.0,0.005,0.1,0.15,0.0,mad_only
-Gvgb3K5iOE,35,21.69,0.0,30.0,80.0,0.005,0.1,0.15,0.0,mad_only
-Gvgb3K5iOE,36,22.29,0.0,30.0,80.0,0.005,0.1,0.15,0.0,mad_only
-Gvgb3K5iOE,37,22.89,0.0,30.0,80.0,0.005,0.1,0.15,0.0,mad_only
-Gvgb3K5iOE,38,23.485,0.0,30.0,80.0,0.005,0.1,0.15,0.0,mad_only
-Gvgb3K5iOE,39,24.09,0.0,30.0,80.0,0.005,0.1,0.15,0.0,mad_only
-Gvgb3K5iOE,40,24.685000000000002,0.0,30.0,80.0,0.005,0.1,0.15,0.0,mad_only
-Gvgb3K5iOE,41,25.305,0.0,30.0,80.0,0.005,0.1,0.15,0.0,mad_only
-Gvgb3K5iOE,42,25.89,0.0,30.0,80.0,0.005,0.1,0.15,0.0,mad_only
-Gvgb3K5iOE,43,26.490000000000002,0.0,30.0,80.0,0.005,0.1,0.15,0.0,mad_only
-Gvgb3K5iOE,44,27.085,0.0,30.0,80.0,0.005,0.1,0.15,0.0,mad_only
-Gvgb3K5iOE,45,27.7,0.0,30.0,80.0,0.005,0.1,0.15,0.0,mad_only
-Gvgb3K5iOE,46,28.285,0.0,30.0,80.0,0.005,0.1,0.15,0.0,mad_only
-Gvgb3K5iOE,47,28.89,0.0,30.0,80.0,0.005,0.1,0.15,0.0,mad_only
-Gvgb3K5iOE,48,29.490000000000002,0.0,30.0,80.0,0.005,0.1,0.15,0.0,mad_only
-rT_0DJQygY,0,1.6400000000000001,0.0,30.0,80.0,0.005,0.1,0.15,0.0,mad_only
-rT_0DJQygY,1,2.465,0.0,30.0,80.0,0.005,0.1,0.15,0.0,mad_only
-rT_0DJQygY,2,2.81,0.0,30.0,80.0,0.005,0.1,0.15,0.0,mad_only
-rT_0DJQygY,3,3.145,0.0,30.0,80.0,0.005,0.1,0.15,0.0,mad_only
-rT_0DJQygY,4,3.485,0.0,30.0,80.0,0.005,0.1,0.15,0.0,mad_only
-rT_0DJQygY,5,3.835,0.0,30.0,80.0,0.005,0.1,0.15,0.0,mad_only
-rT_0DJQygY,6,4.1850000000000005,0.0,30.0,80.0,0.005,0.1,0.15,0.0,mad_only
-rT_0DJQygY,7,4.525,0.0,30.0,80.0,0.005,0.1,0.15,0.0,mad_only
-rT_0DJQygY,8,4.87,0.0,30.0,80.0,0.005,0.1,0.15,0.0,mad_only
-rT_0DJQygY,9,5.22,0.0,30.0,80.0,0.005,0.1,0.15,0.0,mad_only
-rT_0DJQygY,10,5.5600000000000005,0.0,30.0,80.0,0.005,0.1,0.15,0.0,mad_only
-rT_0DJQygY,11,5.9,0.0,30.0,80.0,0.005,0.1,0.15,0.0,mad_only
-rT_0DJQygY,12,6.2250000000000005,0.0,30.0,80.0,0.005,0.1,0.15,0.0,mad_only
-rT_0DJQygY,13,6.58,0.0,30.0,80.0,0.005,0.1,0.15,0.0,mad_only
-rT_0DJQygY,14,6.925,0.0,30.0,80.0,0.005,0.1,0.15,0.0,mad_only
-rT_0DJQygY,15,7.275,0.0,30.0,80.0,0.005,0.1,0.15,0.0,mad_only
-rT_0DJQygY,16,7.58,0.0,30.0,80.0,0.005,0.1,0.15,0.0,mad_only
-rT_0DJQygY,17,7.915,0.0,30.0,80.0,0.005,0.1,0.15,0.0,mad_only
-rT_0DJQygY,18,8.24,0.0,30.0,80.0,0.005,0.1,0.15,0.0,mad_only
-rT_0DJQygY,19,8.595,0.0,30.0,80.0,0.005,0.1,0.15,0.0,mad_only
-rT_0DJQygY,20,8.935,0.0,30.0,80.0,0.005,0.1,0.15,0.0,mad_only
-rT_0DJQygY,21,9.290000000000001,0.0,30.0,80.0,0.005,0.1,0.15,0.0,mad_only
-rT_0DJQygY,22,9.620000000000001,0.0,30.0,80.0,0.005,0.1,0.15,0.0,mad_only
-rT_0DJQygY,23,9.975,0.0,30.0,80.0,0.005,0.1,0.15,0.0,mad_only
-rT_0DJQygY,24,10.305,0.0,30.0,80.0,0.005,0.1,0.15,0.0,mad_only
-rT_0DJQygY,25,10.96,0.0,30.0,80.0,0.005,0.1,0.15,0.0,mad_only
-rT_0DJQygY,26,11.325000000000001,0.0,30.0,80.0,0.005,0.1,0.15,0.0,mad_only
-rT_0DJQygY,27,11.66,0.0,30.0,80.0,0.005,0.1,0.15,0.0,mad_only
-rT_0DJQygY,28,12.0,0.0,30.0,80.0,0.005,0.1,0.15,0.0,mad_only
-rT_0DJQygY,29,12.325000000000001,0.0,30.0,80.0,0.005,0.1,0.15,0.0,mad_only
-rT_0DJQygY,30,12.675,0.0,30.0,80.0,0.005,0.1,0.15,0.0,mad_only
-rT_0DJQygY,31,13.005,0.0,30.0,80.0,0.005,0.1,0.15,0.0,mad_only
-rT_0DJQygY,32,13.355,0.0,30.0,80.0,0.005,0.1,0.15,0.0,mad_only
-rT_0DJQygY,33,13.685,0.0,30.0,80.0,0.005,0.1,0.15,0.0,mad_only
-rT_0DJQygY,34,14.035,0.0,30.0,80.0,0.005,0.1,0.15,0.0,mad_only
-rT_0DJQygY,35,14.365,0.0,30.0,80.0,0.005,0.1,0.15,0.0,mad_only
-rT_0DJQygY,36,14.725,0.0,30.0,80.0,0.005,0.1,0.15,0.0,mad_only
-rT_0DJQygY,37,15.045,0.0,30.0,80.0,0.005,0.1,0.15,0.0,mad_only
-rT_0DJQygY,38,15.41,0.0,30.0,80.0,0.005,0.1,0.15,0.0,mad_only
-rT_0DJQygY,39,15.725,0.0,30.0,80.0,0.005,0.1,0.15,0.0,mad_only
-rT_0DJQygY,40,16.080000000000002,0.0,30.0,80.0,0.005,0.1,0.15,0.0,mad_only
-rT_0DJQygY,41,16.4,0.0,30.0,80.0,0.005,0.1,0.15,0.0,mad_only
-rT_0DJQygY,42,16.755,0.0,30.0,80.0,0.005,0.1,0.15,0.0,mad_only
-rT_0DJQygY,43,17.080000000000002,0.0,30.0,80.0,0.005,0.1,0.15,0.0,mad_only
-rT_0DJQygY,44,17.445,0.0,30.0,80.0,0.005,0.1,0.15,0.0,mad_only
-rT_0DJQygY,45,17.77,0.0,30.0,80.0,0.005,0.1,0.15,0.0,mad_only
-rT_0DJQygY,46,18.13,0.0,30.0,80.0,0.005,0.1,0.15,0.0,mad_only
-rT_0DJQygY,47,18.455000000000002,0.0,30.0,80.0,0.005,0.1,0.15,0.0,mad_only
-rT_0DJQygY,48,18.81,0.0,30.0,80.0,0.005,0.1,0.15,0.0,mad_only
-rT_0DJQygY,49,19.14,0.0,30.0,80.0,0.005,0.1,0.15,0.0,mad_only
-rT_0DJQygY,50,19.485,0.0,30.0,80.0,0.005,0.1,0.15,0.0,mad_only
-rT_0DJQygY,51,19.81,0.0,30.0,80.0,0.005,0.1,0.15,0.0,mad_only
-rT_0DJQygY,52,20.16,0.0,30.0,80.0,0.005,0.1,0.15,0.0,mad_only
-rT_0DJQygY,53,20.485,0.0,30.0,80.0,0.005,0.1,0.15,0.0,mad_only
-rT_0DJQygY,54,20.845,0.0,30.0,80.0,0.005,0.1,0.15,0.0,mad_only
-rT_0DJQygY,55,21.17,0.0,30.0,80.0,0.005,0.1,0.15,0.0,mad_only
-rT_0DJQygY,56,21.515,0.0,30.0,80.0,0.005,0.1,0.15,0.0,mad_only
-rT_0DJQygY,57,21.835,0.0,30.0,80.0,0.005,0.1,0.15,0.0,mad_only
-rT_0DJQygY,58,22.205000000000002,0.0,30.0,80.0,0.005,0.1,0.15,0.0,mad_only
-rT_0DJQygY,59,22.54,0.0,30.0,80.0,0.005,0.1,0.15,0.0,mad_only
-rT_0DJQygY,60,22.885,0.0,30.0,80.0,0.005,0.1,0.15,0.0,mad_only
-rT_0DJQygY,61,23.225,0.0,30.0,80.0,0.005,0.1,0.15,0.0,mad_only
-rT_0DJQygY,62,23.585,0.0,30.0,80.0,0.005,0.1,0.15,0.0,mad_only
-rT_0DJQygY,63,23.905,0.0,30.0,80.0,0.005,0.1,0.15,0.0,mad_only
-rT_0DJQygY,64,24.26,0.0,30.0,80.0,0.005,0.1,0.15,0.0,mad_only
-rT_0DJQygY,65,24.595,0.0,30.0,80.0,0.005,0.1,0.15,0.0,mad_only
-rT_0DJQygY,66,24.935000000000002,0.0,30.0,80.0,0.005,0.1,0.15,0.0,mad_only
-rT_0DJQygY,67,25.265,0.0,30.0,80.0,0.005,0.1,0.15,0.0,mad_only
-rT_0DJQygY,68,25.615000000000002,0.0,30.0,80.0,0.005,0.1,0.15,0.0,mad_only
-rT_0DJQygY,69,25.955000000000002,0.0,30.0,80.0,0.005,0.1,0.15,0.0,mad_only
-rT_0DJQygY,70,26.3,0.0,30.0,80.0,0.005,0.1,0.15,0.0,mad_only
-rT_0DJQygY,71,26.64,0.0,30.0,80.0,0.005,0.1,0.15,0.0,mad_only
-rT_0DJQygY,72,26.97,0.0,30.0,80.0,0.005,0.1,0.15,0.0,mad_only
-rT_0DJQygY,73,27.315,0.0,30.0,80.0,0.005,0.1,0.15,0.0,mad_only
-rT_0DJQygY,74,27.655,0.0,30.0,80.0,0.005,0.1,0.15,0.0,mad_only
-rT_0DJQygY,75,27.995,0.0,30.0,80.0,0.005,0.1,0.15,0.0,mad_only
-rT_0DJQygY,76,28.345,0.0,30.0,80.0,0.005,0.1,0.15,0.0,mad_only
-rT_0DJQygY,77,28.695,0.0,30.0,80.0,0.005,0.1,0.15,0.0,mad_only
-rT_0DJQygY,78,29.04,0.0,30.0,80.0,0.005,0.1,0.15,0.0,mad_only
-rT_0DJQygY,79,29.365000000000002,0.0,30.0,80.0,0.005,0.1,0.15,0.0,mad_only
-rT_0DJQygY,80,29.71,0.0,30.0,80.0,0.005,0.1,0.15,0.0,mad_only
0FfElnIC8mM,0,1.23,0.0,30.0,80.0,0.005,0.1,0.15,0.0,mad_only
0FfElnIC8mM,1,1.925,0.0,30.0,80.0,0.005,0.1,0.15,0.0,mad_only
0FfElnIC8mM,2,2.65,0.0,30.0,80.0,0.005,0.1,0.15,0.0,mad_only
0FfElnIC8mM,3,3.38,0.0,30.0,80.0,0.005,0.1,0.15,0.0,mad_only
0FfElnIC8mM,4,4.13,0.0,30.0,80.0,0.005,0.1,0.15,0.0,mad_only
0FfElnIC8mM,5,4.855,0.0,30.0,80.0,0.005,0.1,0.15,0.0,mad_only
0FfElnIC8mM,6,5.6000000000000005,0.0,30.0,80.0,0.005,0.1,0.15,0.0,mad_only
0FfElnIC8mM,7,6.34,0.0,30.0,80.0,0.005,0.1,0.15,0.0,mad_only
0FfElnIC8mM,8,7.1000000000000005,0.0,30.0,80.0,0.005,0.1,0.15,0.0,mad_only
0FfElnIC8mM,9,7.845,0.0,30.0,80.0,0.005,0.1,0.15,0.0,mad_only
0FfElnIC8mM,10,8.58,0.0,30.0,80.0,0.005,0.1,0.15,0.0,mad_only
0FfElnIC8mM,11,9.32,0.0,30.0,80.0,0.005,0.1,0.15,0.0,mad_only
0FfElnIC8mM,12,10.055,0.0,30.0,80.0,0.005,0.1,0.15,0.0,mad_only
0FfElnIC8mM,13,10.795,0.0,30.0,80.0,0.005,0.1,0.15,0.0,mad_only
0FfElnIC8mM,14,11.53,0.0,30.0,80.0,0.005,0.1,0.15,0.0,mad_only
0FfElnIC8mM,15,12.275,0.0,30.0,80.0,0.005,0.1,0.15,0.0,mad_only
0FfElnIC8mM,16,13.015,0.0,30.0,80.0,0.005,0.1,0.15,0.0,mad_only
0FfElnIC8mM,17,13.75,0.0,30.0,80.0,0.005,0.1,0.15,0.0,mad_only
0FfElnIC8mM,18,14.135,0.0,30.0,80.0,0.005,0.1,0.15,0.0,mad_only
0FfElnIC8mM,19,14.505,0.0,30.0,80.0,0.005,0.1,0.15,0.0,mad_only
0FfElnIC8mM,20,15.245000000000001,0.0,30.0,80.0,0.005,0.1,0.15,0.0,mad_only
0FfElnIC8mM,21,15.635,0.0,30.0,80.0,0.005,0.1,0.15,0.0,mad_only
0FfElnIC8mM,22,15.99,0.0,30.0,80.0,0.005,0.1,0.15,0.0,mad_only
0FfElnIC8mM,23,16.34,0.0,30.0,80.0,0.005,0.1,0.15,0.0,mad_only
0FfElnIC8mM,24,16.715,0.0,30.0,80.0,0.005,0.1,0.15,0.0,mad_only
0FfElnIC8mM,25,17.48,0.0,30.0,80.0,0.005,0.1,0.15,0.0,mad_only
0FfElnIC8mM,26,18.205000000000002,0.0,30.0,80.0,0.005,0.1,0.15,0.0,mad_only
0FfElnIC8mM,27,18.965,0.0,30.0,80.0,0.005,0.1,0.15,0.0,mad_only
0FfElnIC8mM,28,19.695,0.0,30.0,80.0,0.005,0.1,0.15,0.0,mad_only
0FfElnIC8mM,29,20.43,0.0,30.0,80.0,0.005,0.1,0.15,0.0,mad_only
0FfElnIC8mM,30,21.165,0.0,30.0,80.0,0.005,0.1,0.15,0.0,mad_only
0FfElnIC8mM,31,21.905,0.0,30.0,80.0,0.005,0.1,0.15,0.0,mad_only
0FfElnIC8mM,32,22.295,0.0,30.0,80.0,0.005,0.1,0.15,0.0,mad_only
0FfElnIC8mM,33,22.66,0.0,30.0,80.0,0.005,0.1,0.15,0.0,mad_only
0FfElnIC8mM,34,23.400000000000002,0.0,30.0,80.0,0.005,0.1,0.15,0.0,mad_only
0FfElnIC8mM,35,24.145,0.0,30.0,80.0,0.005,0.1,0.15,0.0,mad_only
0FfElnIC8mM,36,24.88,0.0,30.0,80.0,0.005,0.1,0.15,0.0,mad_only
0FfElnIC8mM,37,25.62,0.0,30.0,80.0,0.005,0.1,0.15,0.0,mad_only
0FfElnIC8mM,38,26.355,0.0,30.0,80.0,0.005,0.1,0.15,0.0,mad_only
0FfElnIC8mM,39,27.095,0.0,30.0,80.0,0.005,0.1,0.15,0.0,mad_only
0FfElnIC8mM,40,27.46,0.0,30.0,80.0,0.005,0.1,0.15,0.0,mad_only
0FfElnIC8mM,41,27.830000000000002,0.0,30.0,80.0,0.005,0.1,0.15,0.0,mad_only
0FfElnIC8mM,42,28.205000000000002,0.0,30.0,80.0,0.005,0.1,0.15,0.0,mad_only
0FfElnIC8mM,43,28.580000000000002,0.0,30.0,80.0,0.005,0.1,0.15,0.0,mad_only
0FfElnIC8mM,44,29.325,0.0,30.0,80.0,0.005,0.1,0.15,0.0,mad_only
0m0w1wEReOI,0,0.74,0.0,30.0,80.0,0.005,0.1,0.15,0.0,mad_only
0m0w1wEReOI,1,1.165,0.0,30.0,80.0,0.005,0.1,0.15,0.0,mad_only
0m0w1wEReOI,2,1.695,0.0,30.0,80.0,0.005,0.1,0.15,0.0,mad_only
0m0w1wEReOI,3,2.225,0.0,30.0,80.0,0.005,0.1,0.15,0.0,mad_only
0m0w1wEReOI,4,2.77,0.0,30.0,80.0,0.005,0.1,0.15,0.0,mad_only
0m0w1wEReOI,5,3.285,0.0,30.0,80.0,0.005,0.1,0.15,0.0,mad_only
0m0w1wEReOI,6,3.815,0.0,30.0,80.0,0.005,0.1,0.15,0.0,mad_only
0m0w1wEReOI,7,4.355,0.0,30.0,80.0,0.005,0.1,0.15,0.0,mad_only
0m0w1wEReOI,8,4.8950000000000005,0.0,30.0,80.0,0.005,0.1,0.15,0.0,mad_only
0m0w1wEReOI,9,5.425,0.0,30.0,80.0,0.005,0.1,0.15,0.0,mad_only
0m0w1wEReOI,10,5.965,0.0,30.0,80.0,0.005,0.1,0.15,0.0,mad_only
0m0w1wEReOI,11,6.495,0.0,30.0,80.0,0.005,0.1,0.15,0.0,mad_only
0m0w1wEReOI,12,7.03,0.0,30.0,80.0,0.005,0.1,0.15,0.0,mad_only
0m0w1wEReOI,13,7.5600000000000005,0.0,30.0,80.0,0.005,0.1,0.15,0.0,mad_only
0m0w1wEReOI,14,8.1,0.0,30.0,80.0,0.005,0.1,0.15,0.0,mad_only
0m0w1wEReOI,15,8.645,0.0,30.0,80.0,0.005,0.1,0.15,0.0,mad_only
0m0w1wEReOI,16,9.18,0.0,30.0,80.0,0.005,0.1,0.15,0.0,mad_only
0m0w1wEReOI,17,9.705,0.0,30.0,80.0,0.005,0.1,0.15,0.0,mad_only
0m0w1wEReOI,18,10.245000000000001,0.0,30.0,80.0,0.005,0.1,0.15,0.0,mad_only
0m0w1wEReOI,19,10.785,0.0,30.0,80.0,0.005,0.1,0.15,0.0,mad_only
0m0w1wEReOI,20,11.31,0.0,30.0,80.0,0.005,0.1,0.15,0.0,mad_only
0m0w1wEReOI,21,11.845,0.0,30.0,80.0,0.005,0.1,0.15,0.0,mad_only
0m0w1wEReOI,22,12.385,0.0,30.0,80.0,0.005,0.1,0.15,0.0,mad_only
0m0w1wEReOI,23,12.92,0.0,30.0,80.0,0.005,0.1,0.15,0.0,mad_only
0m0w1wEReOI,24,13.455,0.0,30.0,80.0,0.005,0.1,0.15,0.0,mad_only
0m0w1wEReOI,25,13.995000000000001,0.0,30.0,80.0,0.005,0.1,0.15,0.0,mad_only
0m0w1wEReOI,26,14.525,0.0,30.0,80.0,0.005,0.1,0.15,0.0,mad_only
0m0w1wEReOI,27,15.06,0.0,30.0,80.0,0.005,0.1,0.15,0.0,mad_only
0m0w1wEReOI,28,15.6,0.0,30.0,80.0,0.005,0.1,0.15,0.0,mad_only
0m0w1wEReOI,29,16.14,0.0,30.0,80.0,0.005,0.1,0.15,0.0,mad_only
0m0w1wEReOI,30,16.67,0.0,30.0,80.0,0.005,0.1,0.15,0.0,mad_only
0m0w1wEReOI,31,17.205000000000002,0.0,30.0,80.0,0.005,0.1,0.15,0.0,mad_only
0m0w1wEReOI,32,17.735,0.0,30.0,80.0,0.005,0.1,0.15,0.0,mad_only
0m0w1wEReOI,33,18.28,0.0,30.0,80.0,0.005,0.1,0.15,0.0,mad_only
0m0w1wEReOI,34,18.815,0.0,30.0,80.0,0.005,0.1,0.15,0.0,mad_only
0m0w1wEReOI,35,19.35,0.0,30.0,80.0,0.005,0.1,0.15,0.0,mad_only
0m0w1wEReOI,36,19.885,0.0,30.0,80.0,0.005,0.1,0.15,0.0,mad_only
0m0w1wEReOI,37,20.42,0.0,30.0,80.0,0.005,0.1,0.15,0.0,mad_only
0m0w1wEReOI,38,20.955000000000002,0.0,30.0,80.0,0.005,0.1,0.15,0.0,mad_only
0m0w1wEReOI,39,21.495,0.0,30.0,80.0,0.005,0.1,0.15,0.0,mad_only
0m0w1wEReOI,40,22.025000000000002,0.0,30.0,80.0,0.005,0.1,0.15,0.0,mad_only
0m0w1wEReOI,41,22.565,0.0,30.0,80.0,0.005,0.1,0.15,0.0,mad_only
0m0w1wEReOI,42,23.09,0.0,30.0,80.0,0.005,0.1,0.15,0.0,mad_only
0m0w1wEReOI,43,23.625,0.0,30.0,80.0,0.005,0.1,0.15,0.0,mad_only
0m0w1wEReOI,44,24.165,0.0,30.0,80.0,0.005,0.1,0.15,0.0,mad_only
0m0w1wEReOI,45,24.695,0.0,30.0,80.0,0.005,0.1,0.15,0.0,mad_only
0m0w1wEReOI,46,25.240000000000002,0.0,30.0,80.0,0.005,0.1,0.15,0.0,mad_only
0m0w1wEReOI,47,25.78,0.0,30.0,80.0,0.005,0.1,0.15,0.0,mad_only
0m0w1wEReOI,48,26.310000000000002,0.0,30.0,80.0,0.005,0.1,0.15,0.0,mad_only
0m0w1wEReOI,49,26.845,0.0,30.0,80.0,0.005,0.1,0.15,0.0,mad_only
0m0w1wEReOI,50,27.38,0.0,30.0,80.0,0.005,0.1,0.15,0.0,mad_only
0m0w1wEReOI,51,27.915,0.0,30.0,80.0,0.005,0.1,0.15,0.0,mad_only
0m0w1wEReOI,52,28.45,0.0,30.0,80.0,0.005,0.1,0.15,0.0,mad_only
0m0w1wEReOI,53,28.985,0.0,30.0,80.0,0.005,0.1,0.15,0.0,mad_only
0m0w1wEReOI,54,29.51,0.0,30.0,80.0,0.005,0.1,0.15,0.0,mad_only
18fkHq5tbmQ,0,0.84,0.0,30.0,80.0,0.005,0.1,0.15,0.0,mad_only
18fkHq5tbmQ,1,1.705,0.0,30.0,80.0,0.005,0.1,0.15,0.0,mad_only
18fkHq5tbmQ,2,2.1550000000000002,0.0,30.0,80.0,0.005,0.1,0.15,0.0,mad_only
18fkHq5tbmQ,3,2.545,0.0,30.0,80.0,0.005,0.1,0.15,0.0,mad_only
18fkHq5tbmQ,4,2.965,0.0,30.0,80.0,0.005,0.1,0.15,0.0,mad_only
18fkHq5tbmQ,5,3.38,0.0,30.0,80.0,0.005,0.1,0.15,0.0,mad_only
18fkHq5tbmQ,6,3.815,0.0,30.0,80.0,0.005,0.1,0.15,0.0,mad_only
18fkHq5tbmQ,7,4.225,0.0,30.0,80.0,0.005,0.1,0.15,0.0,mad_only
18fkHq5tbmQ,8,4.65,0.0,30.0,80.0,0.005,0.1,0.15,0.0,mad_only
18fkHq5tbmQ,9,5.0600000000000005,0.0,30.0,80.0,0.005,0.1,0.15,0.0,mad_only
18fkHq5tbmQ,10,5.48,0.0,30.0,80.0,0.005,0.1,0.15,0.0,mad_only
18fkHq5tbmQ,11,5.88,0.0,30.0,80.0,0.005,0.1,0.15,0.0,mad_only
18fkHq5tbmQ,12,6.315,0.0,30.0,80.0,0.005,0.1,0.15,0.0,mad_only
18fkHq5tbmQ,13,6.73,0.0,30.0,80.0,0.005,0.1,0.15,0.0,mad_only
18fkHq5tbmQ,14,7.15,0.0,30.0,80.0,0.005,0.1,0.15,0.0,mad_only
18fkHq5tbmQ,15,7.555,0.0,30.0,80.0,0.005,0.1,0.15,0.0,mad_only
18fkHq5tbmQ,16,7.98,0.0,30.0,80.0,0.005,0.1,0.15,0.0,mad_only
18fkHq5tbmQ,17,8.38,0.0,30.0,80.0,0.005,0.1,0.15,0.0,mad_only
18fkHq5tbmQ,18,8.81,0.0,30.0,80.0,0.005,0.1,0.15,0.0,mad_only
18fkHq5tbmQ,19,9.225,0.0,30.0,80.0,0.005,0.1,0.15,0.0,mad_only
18fkHq5tbmQ,20,9.645,0.0,30.0,80.0,0.005,0.1,0.15,0.0,mad_only
18fkHq5tbmQ,21,10.045,0.0,30.0,80.0,0.005,0.1,0.15,0.0,mad_only
18fkHq5tbmQ,22,10.465,0.0,30.0,80.0,0.005,0.1,0.15,0.0,mad_only
18fkHq5tbmQ,23,10.89,0.0,30.0,80.0,0.005,0.1,0.15,0.0,mad_only
18fkHq5tbmQ,24,11.31,0.0,30.0,80.0,0.005,0.1,0.15,0.0,mad_only
18fkHq5tbmQ,25,11.715,0.0,30.0,80.0,0.005,0.1,0.15,0.0,mad_only
18fkHq5tbmQ,26,12.13,0.0,30.0,80.0,0.005,0.1,0.15,0.0,mad_only
18fkHq5tbmQ,27,12.540000000000001,0.0,30.0,80.0,0.005,0.1,0.15,0.0,mad_only
18fkHq5tbmQ,28,12.975,0.0,30.0,80.0,0.005,0.1,0.15,0.0,mad_only
18fkHq5tbmQ,29,13.39,0.0,30.0,80.0,0.005,0.1,0.15,0.0,mad_only
18fkHq5tbmQ,30,13.805,0.0,30.0,80.0,0.005,0.1,0.15,0.0,mad_only
18fkHq5tbmQ,31,14.23,0.0,30.0,80.0,0.005,0.1,0.15,0.0,mad_only
18fkHq5tbmQ,32,14.65,0.0,30.0,80.0,0.005,0.1,0.15,0.0,mad_only
18fkHq5tbmQ,33,15.045,0.0,30.0,80.0,0.005,0.1,0.15,0.0,mad_only
18fkHq5tbmQ,34,15.47,0.0,30.0,80.0,0.005,0.1,0.15,0.0,mad_only
18fkHq5tbmQ,35,15.870000000000001,0.0,30.0,80.0,0.005,0.1,0.15,0.0,mad_only
18fkHq5tbmQ,36,16.31,0.0,30.0,80.0,0.005,0.1,0.15,0.0,mad_only
18fkHq5tbmQ,37,16.71,0.0,30.0,80.0,0.005,0.1,0.15,0.0,mad_only
18fkHq5tbmQ,38,17.13,0.0,30.0,80.0,0.005,0.1,0.15,0.0,mad_only
18fkHq5tbmQ,39,17.545,0.0,30.0,80.0,0.005,0.1,0.15,0.0,mad_only
18fkHq5tbmQ,40,17.97,0.0,30.0,80.0,0.005,0.1,0.15,0.0,mad_only
18fkHq5tbmQ,41,18.385,0.0,30.0,80.0,0.005,0.1,0.15,0.0,mad_only
18fkHq5tbmQ,42,18.8,0.0,30.0,80.0,0.005,0.1,0.15,0.0,mad_only
18fkHq5tbmQ,43,19.205000000000002,0.0,30.0,80.0,0.005,0.1,0.15,0.0,mad_only
18fkHq5tbmQ,44,19.64,0.0,30.0,80.0,0.005,0.1,0.15,0.0,mad_only
18fkHq5tbmQ,45,20.045,0.0,30.0,80.0,0.005,0.1,0.15,0.0,mad_only
18fkHq5tbmQ,46,20.47,0.0,30.0,80.0,0.005,0.1,0.15,0.0,mad_only
18fkHq5tbmQ,47,20.900000000000002,0.0,30.0,80.0,0.005,0.1,0.15,0.0,mad_only
18fkHq5tbmQ,48,21.32,0.0,30.0,80.0,0.005,0.1,0.15,0.0,mad_only
18fkHq5tbmQ,49,21.725,0.0,30.0,80.0,0.005,0.1,0.15,0.0,mad_only
18fkHq5tbmQ,50,22.145,0.0,30.0,80.0,0.005,0.1,0.15,0.0,mad_only
18fkHq5tbmQ,51,22.56,0.0,30.0,80.0,0.005,0.1,0.15,0.0,mad_only
18fkHq5tbmQ,52,22.98,0.0,30.0,80.0,0.005,0.1,0.15,0.0,mad_only
18fkHq5tbmQ,53,23.400000000000002,0.0,30.0,80.0,0.005,0.1,0.15,0.0,mad_only
18fkHq5tbmQ,54,23.81,0.0,30.0,80.0,0.005,0.1,0.15,0.0,mad_only
18fkHq5tbmQ,55,24.22,0.0,30.0,80.0,0.005,0.1,0.15,0.0,mad_only
18fkHq5tbmQ,56,24.635,0.0,30.0,80.0,0.005,0.1,0.15,0.0,mad_only
18fkHq5tbmQ,57,25.035,0.0,30.0,80.0,0.005,0.1,0.15,0.0,mad_only
18fkHq5tbmQ,58,25.455000000000002,0.0,30.0,80.0,0.005,0.1,0.15,0.0,mad_only
18fkHq5tbmQ,59,25.855,0.0,30.0,80.0,0.005,0.1,0.15,0.0,mad_only
18fkHq5tbmQ,60,26.275000000000002,0.0,30.0,80.0,0.005,0.1,0.15,0.0,mad_only
18fkHq5tbmQ,61,26.705000000000002,0.0,30.0,80.0,0.005,0.1,0.15,0.0,mad_only
18fkHq5tbmQ,62,27.125,0.0,30.0,80.0,0.005,0.1,0.15,0.0,mad_only
18fkHq5tbmQ,63,27.54,0.0,30.0,80.0,0.005,0.1,0.15,0.0,mad_only
18fkHq5tbmQ,64,27.97,0.0,30.0,80.0,0.005,0.1,0.15,0.0,mad_only
18fkHq5tbmQ,65,28.38,0.0,30.0,80.0,0.005,0.1,0.15,0.0,mad_only
18fkHq5tbmQ,66,28.795,0.0,30.0,80.0,0.005,0.1,0.15,0.0,mad_only
18fkHq5tbmQ,67,29.2,0.0,30.0,80.0,0.005,0.1,0.15,0.0,mad_only
18fkHq5tbmQ,68,29.62,0.0,30.0,80.0,0.005,0.1,0.15,0.0,mad_only
1ec5zdJPbnU,0,1.115,0.0,30.0,80.0,0.005,0.1,0.15,0.0,mad_only
1ec5zdJPbnU,1,1.5050000000000001,0.0,30.0,80.0,0.005,0.1,0.15,0.0,mad_only
1ec5zdJPbnU,2,1.97,0.0,30.0,80.0,0.005,0.1,0.15,0.0,mad_only
1ec5zdJPbnU,3,2.42,0.0,30.0,80.0,0.005,0.1,0.15,0.0,mad_only
1ec5zdJPbnU,4,2.875,0.0,30.0,80.0,0.005,0.1,0.15,0.0,mad_only
1ec5zdJPbnU,5,3.325,0.0,30.0,80.0,0.005,0.1,0.15,0.0,mad_only
1ec5zdJPbnU,6,3.7800000000000002,0.0,30.0,80.0,0.005,0.1,0.15,0.0,mad_only
1ec5zdJPbnU,7,4.235,0.0,30.0,80.0,0.005,0.1,0.15,0.0,mad_only
1ec5zdJPbnU,8,4.6850000000000005,0.0,30.0,80.0,0.005,0.1,0.15,0.0,mad_only
1ec5zdJPbnU,9,5.135,0.0,30.0,80.0,0.005,0.1,0.15,0.0,mad_only
1ec5zdJPbnU,10,5.6000000000000005,0.0,30.0,80.0,0.005,0.1,0.15,0.0,mad_only
1ec5zdJPbnU,11,6.055,0.0,30.0,80.0,0.005,0.1,0.15,0.0,mad_only
1ec5zdJPbnU,12,6.505,0.0,30.0,80.0,0.005,0.1,0.15,0.0,mad_only
1ec5zdJPbnU,13,6.95,0.0,30.0,80.0,0.005,0.1,0.15,0.0,mad_only
1ec5zdJPbnU,14,7.4,0.0,30.0,80.0,0.005,0.1,0.15,0.0,mad_only
1ec5zdJPbnU,15,7.86,0.0,30.0,80.0,0.005,0.1,0.15,0.0,mad_only
1ec5zdJPbnU,16,8.32,0.0,30.0,80.0,0.005,0.1,0.15,0.0,mad_only
1ec5zdJPbnU,17,8.775,0.0,30.0,80.0,0.005,0.1,0.15,0.0,mad_only
1ec5zdJPbnU,18,9.24,0.0,30.0,80.0,0.005,0.1,0.15,0.0,mad_only
1ec5zdJPbnU,19,9.68,0.0,30.0,80.0,0.005,0.1,0.15,0.0,mad_only
1ec5zdJPbnU,20,10.13,0.0,30.0,80.0,0.005,0.1,0.15,0.0,mad_only
1ec5zdJPbnU,21,10.585,0.0,30.0,80.0,0.005,0.1,0.15,0.0,mad_only
1ec5zdJPbnU,22,11.03,0.0,30.0,80.0,0.005,0.1,0.15,0.0,mad_only
1ec5zdJPbnU,23,11.505,0.0,30.0,80.0,0.005,0.1,0.15,0.0,mad_only
1ec5zdJPbnU,24,11.96,0.0,30.0,80.0,0.005,0.1,0.15,0.0,mad_only
1ec5zdJPbnU,25,12.41,0.0,30.0,80.0,0.005,0.1,0.15,0.0,mad_only
1ec5zdJPbnU,26,12.86,0.0,30.0,80.0,0.005,0.1,0.15,0.0,mad_only
1ec5zdJPbnU,27,13.31,0.0,30.0,80.0,0.005,0.1,0.15,0.0,mad_only
1ec5zdJPbnU,28,13.780000000000001,0.0,30.0,80.0,0.005,0.1,0.15,0.0,mad_only
1ec5zdJPbnU,29,14.225,0.0,30.0,80.0,0.005,0.1,0.15,0.0,mad_only
1ec5zdJPbnU,30,14.69,0.0,30.0,80.0,0.005,0.1,0.15,0.0,mad_only
1ec5zdJPbnU,31,15.145,0.0,30.0,80.0,0.005,0.1,0.15,0.0,mad_only
1ec5zdJPbnU,32,15.6,0.0,30.0,80.0,0.005,0.1,0.15,0.0,mad_only
1ec5zdJPbnU,33,16.055,0.0,30.0,80.0,0.005,0.1,0.15,0.0,mad_only
1ec5zdJPbnU,34,16.5,0.0,30.0,80.0,0.005,0.1,0.15,0.0,mad_only
1ec5zdJPbnU,35,16.945,0.0,30.0,80.0,0.005,0.1,0.15,0.0,mad_only
1ec5zdJPbnU,36,17.41,0.0,30.0,80.0,0.005,0.1,0.15,0.0,mad_only
1ec5zdJPbnU,37,17.86,0.0,30.0,80.0,0.005,0.1,0.15,0.0,mad_only
1ec5zdJPbnU,38,18.32,0.0,30.0,80.0,0.005,0.1,0.15,0.0,mad_only
1ec5zdJPbnU,39,18.765,0.0,30.0,80.0,0.005,0.1,0.15,0.0,mad_only
1ec5zdJPbnU,40,19.225,0.0,30.0,80.0,0.005,0.1,0.15,0.0,mad_only
1ec5zdJPbnU,41,19.675,0.0,30.0,80.0,0.005,0.1,0.15,0.0,mad_only
1ec5zdJPbnU,42,20.13,0.0,30.0,80.0,0.005,0.1,0.15,0.0,mad_only
1ec5zdJPbnU,43,20.59,0.0,30.0,80.0,0.005,0.1,0.15,0.0,mad_only
1ec5zdJPbnU,44,21.05,0.0,30.0,80.0,0.005,0.1,0.15,0.0,mad_only
1ec5zdJPbnU,45,21.5,0.0,30.0,80.0,0.005,0.1,0.15,0.0,mad_only
1ec5zdJPbnU,46,21.95,0.0,30.0,80.0,0.005,0.1,0.15,0.0,mad_only
1ec5zdJPbnU,47,22.41,0.0,30.0,80.0,0.005,0.1,0.15,0.0,mad_only
1ec5zdJPbnU,48,22.87,0.0,30.0,80.0,0.005,0.1,0.15,0.0,mad_only
1ec5zdJPbnU,49,23.325,0.0,30.0,80.0,0.005,0.1,0.15,0.0,mad_only
1ec5zdJPbnU,50,23.78,0.0,30.0,80.0,0.005,0.1,0.15,0.0,mad_only
1ec5zdJPbnU,51,24.235,0.0,30.0,80.0,0.005,0.1,0.15,0.0,mad_only
1ec5zdJPbnU,52,24.685000000000002,0.0,30.0,80.0,0.005,0.1,0.15,0.0,mad_only
1ec5zdJPbnU,53,25.13,0.0,30.0,80.0,0.005,0.1,0.15,0.0,mad_only
1ec5zdJPbnU,54,25.59,0.0,30.0,80.0,0.005,0.1,0.15,0.0,mad_only
1ec5zdJPbnU,55,26.035,0.0,30.0,80.0,0.005,0.1,0.15,0.0,mad_only
1ec5zdJPbnU,56,26.5,0.0,30.0,80.0,0.005,0.1,0.15,0.0,mad_only
1ec5zdJPbnU,57,26.945,0.0,30.0,80.0,0.005,0.1,0.15,0.0,mad_only
1ec5zdJPbnU,58,27.400000000000002,0.0,30.0,80.0,0.005,0.1,0.15,0.0,mad_only
1ec5zdJPbnU,59,27.87,0.0,30.0,80.0,0.005,0.1,0.15,0.0,mad_only
1ec5zdJPbnU,60,28.315,0.0,30.0,80.0,0.005,0.1,0.15,0.0,mad_only
1ec5zdJPbnU,61,28.76,0.0,30.0,80.0,0.005,0.1,0.15,0.0,mad_only
1ec5zdJPbnU,62,29.21,0.0,30.0,80.0,0.005,0.1,0.15,0.0,mad_only
1ec5zdJPbnU,63,29.67,0.0,30.0,80.0,0.005,0.1,0.15,0.0,mad_only
1uldbfT264k,0,0.685,0.0,30.0,80.0,0.005,0.1,0.15,0.0,mad_only
1uldbfT264k,1,2.0300000000000002,0.0,30.0,80.0,0.005,0.1,0.15,0.0,mad_only
1uldbfT264k,2,2.595,0.0,30.0,80.0,0.005,0.1,0.15,0.0,mad_only
1uldbfT264k,3,3.15,0.0,30.0,80.0,0.005,0.1,0.15,0.0,mad_only
1uldbfT264k,4,3.745,0.0,30.0,80.0,0.005,0.1,0.15,0.0,mad_only
1uldbfT264k,5,4.305,0.0,30.0,80.0,0.005,0.1,0.15,0.0,mad_only
1uldbfT264k,6,4.875,0.0,30.0,80.0,0.005,0.1,0.15,0.0,mad_only
1uldbfT264k,7,5.165,0.0,30.0,80.0,0.005,0.1,0.15,0.0,mad_only
1uldbfT264k,8,5.4350000000000005,0.0,30.0,80.0,0.005,0.1,0.15,0.0,mad_only
1uldbfT264k,9,5.695,0.0,30.0,80.0,0.005,0.1,0.15,0.0,mad_only
1uldbfT264k,10,5.985,0.0,30.0,80.0,0.005,0.1,0.15,0.0,mad_only
1uldbfT264k,11,6.255,0.0,30.0,80.0,0.005,0.1,0.15,0.0,mad_only
1uldbfT264k,12,6.53,0.0,30.0,80.0,0.005,0.1,0.15,0.0,mad_only
1uldbfT264k,13,6.785,0.0,30.0,80.0,0.005,0.1,0.15,0.0,mad_only
1uldbfT264k,14,7.055,0.0,30.0,80.0,0.005,0.1,0.15,0.0,mad_only
1uldbfT264k,15,7.32,0.0,30.0,80.0,0.005,0.1,0.15,0.0,mad_only
1uldbfT264k,16,7.59,0.0,30.0,80.0,0.005,0.1,0.15,0.0,mad_only
1uldbfT264k,17,7.88,0.0,30.0,80.0,0.005,0.1,0.15,0.0,mad_only
1uldbfT264k,18,8.135,0.0,30.0,80.0,0.005,0.1,0.15,0.0,mad_only
1uldbfT264k,19,8.415000000000001,0.0,30.0,80.0,0.005,0.1,0.15,0.0,mad_only
1uldbfT264k,20,8.665000000000001,0.0,30.0,80.0,0.005,0.1,0.15,0.0,mad_only
1uldbfT264k,21,8.94,0.0,30.0,80.0,0.005,0.1,0.15,0.0,mad_only
1uldbfT264k,22,9.19,0.0,30.0,80.0,0.005,0.1,0.15,0.0,mad_only
1uldbfT264k,23,9.71,0.0,30.0,80.0,0.005,0.1,0.15,0.0,mad_only
1uldbfT264k,24,10.23,0.0,30.0,80.0,0.005,0.1,0.15,0.0,mad_only
1uldbfT264k,25,10.74,0.0,30.0,80.0,0.005,0.1,0.15,0.0,mad_only
1uldbfT264k,26,11.25,0.0,30.0,80.0,0.005,0.1,0.15,0.0,mad_only
1uldbfT264k,27,11.75,0.0,30.0,80.0,0.005,0.1,0.15,0.0,mad_only
1uldbfT264k,28,12.245000000000001,0.0,30.0,80.0,0.005,0.1,0.15,0.0,mad_only
1uldbfT264k,29,12.745000000000001,0.0,30.0,80.0,0.005,0.1,0.15,0.0,mad_only
1uldbfT264k,30,13.255,0.0,30.0,80.0,0.005,0.1,0.15,0.0,mad_only
1uldbfT264k,31,13.77,0.0,30.0,80.0,0.005,0.1,0.15,0.0,mad_only
1uldbfT264k,32,14.285,0.0,30.0,80.0,0.005,0.1,0.15,0.0,mad_only
1uldbfT264k,33,14.8,0.0,30.0,80.0,0.005,0.1,0.15,0.0,mad_only
1uldbfT264k,34,15.31,0.0,30.0,80.0,0.005,0.1,0.15,0.0,mad_only
1uldbfT264k,35,15.81,0.0,30.0,80.0,0.005,0.1,0.15,0.0,mad_only
1uldbfT264k,36,16.330000000000002,0.0,30.0,80.0,0.005,0.1,0.15,0.0,mad_only
1uldbfT264k,37,16.84,0.0,30.0,80.0,0.005,0.1,0.15,0.0,mad_only
1uldbfT264k,38,17.34,0.0,30.0,80.0,0.005,0.1,0.15,0.0,mad_only
1uldbfT264k,39,17.855,0.0,30.0,80.0,0.005,0.1,0.15,0.0,mad_only
1uldbfT264k,40,18.345,0.0,30.0,80.0,0.005,0.1,0.15,0.0,mad_only
1uldbfT264k,41,18.835,0.0,30.0,80.0,0.005,0.1,0.15,0.0,mad_only
1uldbfT264k,42,19.345,0.0,30.0,80.0,0.005,0.1,0.15,0.0,mad_only
1uldbfT264k,43,19.85,0.0,30.0,80.0,0.005,0.1,0.15,0.0,mad_only
1uldbfT264k,44,20.34,0.0,30.0,80.0,0.005,0.1,0.15,0.0,mad_only
1uldbfT264k,45,20.830000000000002,0.0,30.0,80.0,0.005,0.1,0.15,0.0,mad_only
1uldbfT264k,46,21.330000000000002,0.0,30.0,80.0,0.005,0.1,0.15,0.0,mad_only
1uldbfT264k,47,21.815,0.0,30.0,80.0,0.005,0.1,0.15,0.0,mad_only
1uldbfT264k,48,22.295,0.0,30.0,80.0,0.005,0.1,0.15,0.0,mad_only
1uldbfT264k,49,22.77,0.0,30.0,80.0,0.005,0.1,0.15,0.0,mad_only
1uldbfT264k,50,23.245,0.0,30.0,80.0,0.005,0.1,0.15,0.0,mad_only
1uldbfT264k,51,23.72,0.0,30.0,80.0,0.005,0.1,0.15,0.0,mad_only
1uldbfT264k,52,24.205000000000002,0.0,30.0,80.0,0.005,0.1,0.15,0.0,mad_only
1uldbfT264k,53,24.685000000000002,0.0,30.0,80.0,0.005,0.1,0.15,0.0,mad_only
1uldbfT264k,54,25.185000000000002,0.0,30.0,80.0,0.005,0.1,0.15,0.0,mad_only
1uldbfT264k,55,25.67,0.0,30.0,80.0,0.005,0.1,0.15,0.0,mad_only
1uldbfT264k,56,26.14,0.0,30.0,80.0,0.005,0.1,0.15,0.0,mad_only
1uldbfT264k,57,26.635,0.0,30.0,80.0,0.005,0.1,0.15,0.0,mad_only
1uldbfT264k,58,27.125,0.0,30.0,80.0,0.005,0.1,0.15,0.0,mad_only
1uldbfT264k,59,27.61,0.0,30.0,80.0,0.005,0.1,0.15,0.0,mad_only
1uldbfT264k,60,28.085,0.0,30.0,80.0,0.005,0.1,0.15,0.0,mad_only
1uldbfT264k,61,28.575,0.0,30.0,80.0,0.005,0.1,0.15,0.0,mad_only
1uldbfT264k,62,29.045,0.0,30.0,80.0,0.005,0.1,0.15,0.0,mad_only
1uldbfT264k,63,29.51,0.0,30.0,80.0,0.005,0.1,0.15,0.0,mad_only
28JvbWHN6w0,0,0.77,0.0,30.0,80.0,0.005,0.1,0.15,0.0,mad_only
28JvbWHN6w0,1,1.1500000000000001,0.0,30.0,80.0,0.005,0.1,0.15,0.0,mad_only
28JvbWHN6w0,2,1.475,0.0,30.0,80.0,0.005,0.1,0.15,0.0,mad_only
28JvbWHN6w0,3,2.245,0.0,30.0,80.0,0.005,0.1,0.15,0.0,mad_only
28JvbWHN6w0,4,2.62,0.0,30.0,80.0,0.005,0.1,0.15,0.0,mad_only
28JvbWHN6w0,5,3.015,0.0,30.0,80.0,0.005,0.1,0.15,0.0,mad_only
28JvbWHN6w0,6,3.43,0.0,30.0,80.0,0.005,0.1,0.15,0.0,mad_only
28JvbWHN6w0,7,3.785,0.0,30.0,80.0,0.005,0.1,0.15,0.0,mad_only
28JvbWHN6w0,8,4.135,0.0,30.0,80.0,0.005,0.1,0.15,0.0,mad_only
28JvbWHN6w0,9,4.505,0.0,30.0,80.0,0.005,0.1,0.15,0.0,mad_only
28JvbWHN6w0,10,4.875,0.0,30.0,80.0,0.005,0.1,0.15,0.0,mad_only
28JvbWHN6w0,11,5.23,0.0,30.0,80.0,0.005,0.1,0.15,0.0,mad_only
28JvbWHN6w0,12,5.61,0.0,30.0,80.0,0.005,0.1,0.15,0.0,mad_only
28JvbWHN6w0,13,5.985,0.0,30.0,80.0,0.005,0.1,0.15,0.0,mad_only
28JvbWHN6w0,14,6.795,0.0,30.0,80.0,0.005,0.1,0.15,0.0,mad_only
28JvbWHN6w0,15,7.54,0.0,30.0,80.0,0.005,0.1,0.15,0.0,mad_only
28JvbWHN6w0,16,8.33,0.0,30.0,80.0,0.005,0.1,0.15,0.0,mad_only
28JvbWHN6w0,17,8.735,0.0,30.0,80.0,0.005,0.1,0.15,0.0,mad_only
28JvbWHN6w0,18,9.1,0.0,30.0,80.0,0.005,0.1,0.15,0.0,mad_only
28JvbWHN6w0,19,9.91,0.0,30.0,80.0,0.005,0.1,0.15,0.0,mad_only
28JvbWHN6w0,20,10.65,0.0,30.0,80.0,0.005,0.1,0.15,0.0,mad_only
28JvbWHN6w0,21,11.365,0.0,30.0,80.0,0.005,0.1,0.15,0.0,mad_only
28JvbWHN6w0,22,12.18,0.0,30.0,80.0,0.005,0.1,0.15,0.0,mad_only
28JvbWHN6w0,23,13.93,0.0,30.0,80.0,0.005,0.1,0.15,0.0,mad_only
28JvbWHN6w0,24,14.735,0.0,30.0,80.0,0.005,0.1,0.15,0.0,mad_only
28JvbWHN6w0,25,15.575000000000001,0.0,30.0,80.0,0.005,0.1,0.15,0.0,mad_only
28JvbWHN6w0,26,15.9,0.0,30.0,80.0,0.005,0.1,0.15,0.0,mad_only
28JvbWHN6w0,27,18.325,0.0,30.0,80.0,0.005,0.1,0.15,0.0,mad_only
28JvbWHN6w0,28,19.015,0.0,30.0,80.0,0.005,0.1,0.15,0.0,mad_only
28JvbWHN6w0,29,19.72,0.0,30.0,80.0,0.005,0.1,0.15,0.0,mad_only
28JvbWHN6w0,30,20.11,0.0,30.0,80.0,0.005,0.1,0.15,0.0,mad_only
28JvbWHN6w0,31,20.48,0.0,30.0,80.0,0.005,0.1,0.15,0.0,mad_only
28JvbWHN6w0,32,20.86,0.0,30.0,80.0,0.005,0.1,0.15,0.0,mad_only
28JvbWHN6w0,33,21.240000000000002,0.0,30.0,80.0,0.005,0.1,0.15,0.0,mad_only
28JvbWHN6w0,34,21.645,0.0,30.0,80.0,0.005,0.1,0.15,0.0,mad_only
28JvbWHN6w0,35,22.015,0.0,30.0,80.0,0.005,0.1,0.15,0.0,mad_only
28JvbWHN6w0,36,22.425,0.0,30.0,80.0,0.005,0.1,0.15,0.0,mad_only
28JvbWHN6w0,37,22.795,0.0,30.0,80.0,0.005,0.1,0.15,0.0,mad_only
28JvbWHN6w0,38,23.18,0.0,30.0,80.0,0.005,0.1,0.15,0.0,mad_only
28JvbWHN6w0,39,23.535,0.0,30.0,80.0,0.005,0.1,0.15,0.0,mad_only
28JvbWHN6w0,40,23.925,0.0,30.0,80.0,0.005,0.1,0.15,0.0,mad_only
28JvbWHN6w0,41,24.295,0.0,30.0,80.0,0.005,0.1,0.15,0.0,mad_only
28JvbWHN6w0,42,24.695,0.0,30.0,80.0,0.005,0.1,0.15,0.0,mad_only
28JvbWHN6w0,43,25.060000000000002,0.0,30.0,80.0,0.005,0.1,0.15,0.0,mad_only
28JvbWHN6w0,44,25.46,0.0,30.0,80.0,0.005,0.1,0.15,0.0,mad_only
28JvbWHN6w0,45,25.830000000000002,0.0,30.0,80.0,0.005,0.1,0.15,0.0,mad_only
28JvbWHN6w0,46,26.235,0.0,30.0,80.0,0.005,0.1,0.15,0.0,mad_only
28JvbWHN6w0,47,26.61,0.0,30.0,80.0,0.005,0.1,0.15,0.0,mad_only
28JvbWHN6w0,48,26.985,0.0,30.0,80.0,0.005,0.1,0.15,0.0,mad_only
28JvbWHN6w0,49,27.365000000000002,0.0,30.0,80.0,0.005,0.1,0.15,0.0,mad_only
28JvbWHN6w0,50,27.75,0.0,30.0,80.0,0.005,0.1,0.15,0.0,mad_only
28JvbWHN6w0,51,28.12,0.0,30.0,80.0,0.005,0.1,0.15,0.0,mad_only
28JvbWHN6w0,52,28.5,0.0,30.0,80.0,0.005,0.1,0.15,0.0,mad_only
28JvbWHN6w0,53,28.88,0.0,30.0,80.0,0.005,0.1,0.15,0.0,mad_only
28JvbWHN6w0,54,29.265,0.0,30.0,80.0,0.005,0.1,0.15,0.0,mad_only
28JvbWHN6w0,55,29.655,0.0,30.0,80.0,0.005,0.1,0.15,0.0,mad_only
2SeNCoP6Zy8,0,1.105,0.0,30.0,80.0,0.005,0.1,0.15,0.0,mad_only
2SeNCoP6Zy8,1,1.565,0.0,30.0,80.0,0.005,0.1,0.15,0.0,mad_only
2SeNCoP6Zy8,2,2.035,0.0,30.0,80.0,0.005,0.1,0.15,0.0,mad_only
2SeNCoP6Zy8,3,2.5,0.0,30.0,80.0,0.005,0.1,0.15,0.0,mad_only
2SeNCoP6Zy8,4,2.97,0.0,30.0,80.0,0.005,0.1,0.15,0.0,mad_only
2SeNCoP6Zy8,5,3.435,0.0,30.0,80.0,0.005,0.1,0.15,0.0,mad_only
2SeNCoP6Zy8,6,3.895,0.0,30.0,80.0,0.005,0.1,0.15,0.0,mad_only
2SeNCoP6Zy8,7,4.36,0.0,30.0,80.0,0.005,0.1,0.15,0.0,mad_only
2SeNCoP6Zy8,8,4.835,0.0,30.0,80.0,0.005,0.1,0.15,0.0,mad_only
2SeNCoP6Zy8,9,5.305,0.0,30.0,80.0,0.005,0.1,0.15,0.0,mad_only
2SeNCoP6Zy8,10,5.775,0.0,30.0,80.0,0.005,0.1,0.15,0.0,mad_only
2SeNCoP6Zy8,11,6.235,0.0,30.0,80.0,0.005,0.1,0.15,0.0,mad_only
2SeNCoP6Zy8,12,6.71,0.0,30.0,80.0,0.005,0.1,0.15,0.0,mad_only
2SeNCoP6Zy8,13,7.175,0.0,30.0,80.0,0.005,0.1,0.15,0.0,mad_only
2SeNCoP6Zy8,14,7.65,0.0,30.0,80.0,0.005,0.1,0.15,0.0,mad_only
2SeNCoP6Zy8,15,8.115,0.0,30.0,80.0,0.005,0.1,0.15,0.0,mad_only
2SeNCoP6Zy8,16,8.58,0.0,30.0,80.0,0.005,0.1,0.15,0.0,mad_only
2SeNCoP6Zy8,17,9.03,0.0,30.0,80.0,0.005,0.1,0.15,0.0,mad_only
2SeNCoP6Zy8,18,9.5,0.0,30.0,80.0,0.005,0.1,0.15,0.0,mad_only
2SeNCoP6Zy8,19,9.97,0.0,30.0,80.0,0.005,0.1,0.15,0.0,mad_only
2SeNCoP6Zy8,20,10.44,0.0,30.0,80.0,0.005,0.1,0.15,0.0,mad_only
2SeNCoP6Zy8,21,10.915000000000001,0.0,30.0,80.0,0.005,0.1,0.15,0.0,mad_only
2SeNCoP6Zy8,22,11.385,0.0,30.0,80.0,0.005,0.1,0.15,0.0,mad_only
2SeNCoP6Zy8,23,11.86,0.0,30.0,80.0,0.005,0.1,0.15,0.0,mad_only
2SeNCoP6Zy8,24,12.33,0.0,30.0,80.0,0.005,0.1,0.15,0.0,mad_only
2SeNCoP6Zy8,25,12.805,0.0,30.0,80.0,0.005,0.1,0.15,0.0,mad_only
2SeNCoP6Zy8,26,13.275,0.0,30.0,80.0,0.005,0.1,0.15,0.0,mad_only
2SeNCoP6Zy8,27,13.735,0.0,30.0,80.0,0.005,0.1,0.15,0.0,mad_only
2SeNCoP6Zy8,28,14.200000000000001,0.0,30.0,80.0,0.005,0.1,0.15,0.0,mad_only
2SeNCoP6Zy8,29,14.665000000000001,0.0,30.0,80.0,0.005,0.1,0.15,0.0,mad_only
2SeNCoP6Zy8,30,15.14,0.0,30.0,80.0,0.005,0.1,0.15,0.0,mad_only
2SeNCoP6Zy8,31,15.610000000000001,0.0,30.0,80.0,0.005,0.1,0.15,0.0,mad_only
2SeNCoP6Zy8,32,16.080000000000002,0.0,30.0,80.0,0.005,0.1,0.15,0.0,mad_only
2SeNCoP6Zy8,33,16.54,0.0,30.0,80.0,0.005,0.1,0.15,0.0,mad_only
2SeNCoP6Zy8,34,17.01,0.0,30.0,80.0,0.005,0.1,0.15,0.0,mad_only
2SeNCoP6Zy8,35,17.475,0.0,30.0,80.0,0.005,0.1,0.15,0.0,mad_only
2SeNCoP6Zy8,36,17.945,0.0,30.0,80.0,0.005,0.1,0.15,0.0,mad_only
2SeNCoP6Zy8,37,18.42,0.0,30.0,80.0,0.005,0.1,0.15,0.0,mad_only
2SeNCoP6Zy8,38,18.89,0.0,30.0,80.0,0.005,0.1,0.15,0.0,mad_only
2SeNCoP6Zy8,39,19.355,0.0,30.0,80.0,0.005,0.1,0.15,0.0,mad_only
2SeNCoP6Zy8,40,19.825,0.0,30.0,80.0,0.005,0.1,0.15,0.0,mad_only
2SeNCoP6Zy8,41,20.29,0.0,30.0,80.0,0.005,0.1,0.15,0.0,mad_only
2SeNCoP6Zy8,42,20.765,0.0,30.0,80.0,0.005,0.1,0.15,0.0,mad_only
2SeNCoP6Zy8,43,21.23,0.0,30.0,80.0,0.005,0.1,0.15,0.0,mad_only
2SeNCoP6Zy8,44,21.7,0.0,30.0,80.0,0.005,0.1,0.15,0.0,mad_only
2SeNCoP6Zy8,45,22.165,0.0,30.0,80.0,0.005,0.1,0.15,0.0,mad_only
2SeNCoP6Zy8,46,22.64,0.0,30.0,80.0,0.005,0.1,0.15,0.0,mad_only
2SeNCoP6Zy8,47,23.11,0.0,30.0,80.0,0.005,0.1,0.15,0.0,mad_only
2SeNCoP6Zy8,48,23.565,0.0,30.0,80.0,0.005,0.1,0.15,0.0,mad_only
2SeNCoP6Zy8,49,24.035,0.0,30.0,80.0,0.005,0.1,0.15,0.0,mad_only
2SeNCoP6Zy8,50,24.5,0.0,30.0,80.0,0.005,0.1,0.15,0.0,mad_only
2SeNCoP6Zy8,51,24.98,0.0,30.0,80.0,0.005,0.1,0.15,0.0,mad_only
2SeNCoP6Zy8,52,25.455000000000002,0.0,30.0,80.0,0.005,0.1,0.15,0.0,mad_only
2SeNCoP6Zy8,53,25.92,0.0,30.0,80.0,0.005,0.1,0.15,0.0,mad_only
2SeNCoP6Zy8,54,26.39,0.0,30.0,80.0,0.005,0.1,0.15,0.0,mad_only
2SeNCoP6Zy8,55,26.855,0.0,30.0,80.0,0.005,0.1,0.15,0.0,mad_only
2SeNCoP6Zy8,56,27.330000000000002,0.0,30.0,80.0,0.005,0.1,0.15,0.0,mad_only
2SeNCoP6Zy8,57,27.785,0.0,30.0,80.0,0.005,0.1,0.15,0.0,mad_only
2SeNCoP6Zy8,58,28.26,0.0,30.0,80.0,0.005,0.1,0.15,0.0,mad_only
2SeNCoP6Zy8,59,28.740000000000002,0.0,30.0,80.0,0.005,0.1,0.15,0.0,mad_only
2SeNCoP6Zy8,60,29.205000000000002,0.0,30.0,80.0,0.005,0.1,0.15,0.0,mad_only
2SeNCoP6Zy8,61,29.655,0.0,30.0,80.0,0.005,0.1,0.15,0.0,mad_only
30zfbFdeY7g,0,2.475,0.0,30.0,80.0,0.005,0.1,0.15,0.0,mad_only
30zfbFdeY7g,1,2.93,0.0,30.0,80.0,0.005,0.1,0.15,0.0,mad_only
30zfbFdeY7g,2,3.495,0.0,30.0,80.0,0.005,0.1,0.15,0.0,mad_only
30zfbFdeY7g,3,4.075,0.0,30.0,80.0,0.005,0.1,0.15,0.0,mad_only
30zfbFdeY7g,4,4.63,0.0,30.0,80.0,0.005,0.1,0.15,0.0,mad_only
30zfbFdeY7g,5,5.1450000000000005,0.0,30.0,80.0,0.005,0.1,0.15,0.0,mad_only
30zfbFdeY7g,6,5.7,0.0,30.0,80.0,0.005,0.1,0.15,0.0,mad_only
30zfbFdeY7g,7,6.265000000000001,0.0,30.0,80.0,0.005,0.1,0.15,0.0,mad_only
30zfbFdeY7g,8,6.78,0.0,30.0,80.0,0.005,0.1,0.15,0.0,mad_only
30zfbFdeY7g,9,7.34,0.0,30.0,80.0,0.005,0.1,0.15,0.0,mad_only
30zfbFdeY7g,10,7.865,0.0,30.0,80.0,0.005,0.1,0.15,0.0,mad_only
30zfbFdeY7g,11,8.425,0.0,30.0,80.0,0.005,0.1,0.15,0.0,mad_only
30zfbFdeY7g,12,8.985,0.0,30.0,80.0,0.005,0.1,0.15,0.0,mad_only
30zfbFdeY7g,13,10.055,0.0,30.0,80.0,0.005,0.1,0.15,0.0,mad_only
30zfbFdeY7g,14,10.58,0.0,30.0,80.0,0.005,0.1,0.15,0.0,mad_only
30zfbFdeY7g,15,11.125,0.0,30.0,80.0,0.005,0.1,0.15,0.0,mad_only
30zfbFdeY7g,16,11.66,0.0,30.0,80.0,0.005,0.1,0.15,0.0,mad_only
30zfbFdeY7g,17,12.23,0.0,30.0,80.0,0.005,0.1,0.15,0.0,mad_only
30zfbFdeY7g,18,12.780000000000001,0.0,30.0,80.0,0.005,0.1,0.15,0.0,mad_only
30zfbFdeY7g,19,13.325000000000001,0.0,30.0,80.0,0.005,0.1,0.15,0.0,mad_only
30zfbFdeY7g,20,13.875,0.0,30.0,80.0,0.005,0.1,0.15,0.0,mad_only
30zfbFdeY7g,21,14.395,0.0,30.0,80.0,0.005,0.1,0.15,0.0,mad_only
30zfbFdeY7g,22,14.93,0.0,30.0,80.0,0.005,0.1,0.15,0.0,mad_only
30zfbFdeY7g,23,15.19,0.0,30.0,80.0,0.005,0.1,0.15,0.0,mad_only
30zfbFdeY7g,24,15.48,0.0,30.0,80.0,0.005,0.1,0.15,0.0,mad_only
30zfbFdeY7g,25,16.05,0.0,30.0,80.0,0.005,0.1,0.15,0.0,mad_only
30zfbFdeY7g,26,16.61,0.0,30.0,80.0,0.005,0.1,0.15,0.0,mad_only
30zfbFdeY7g,27,17.17,0.0,30.0,80.0,0.005,0.1,0.15,0.0,mad_only
30zfbFdeY7g,28,17.73,0.0,30.0,80.0,0.005,0.1,0.15,0.0,mad_only
30zfbFdeY7g,29,18.265,0.0,30.0,80.0,0.005,0.1,0.15,0.0,mad_only
30zfbFdeY7g,30,18.785,0.0,30.0,80.0,0.005,0.1,0.15,0.0,mad_only
30zfbFdeY7g,31,19.330000000000002,0.0,30.0,80.0,0.005,0.1,0.15,0.0,mad_only
30zfbFdeY7g,32,19.86,0.0,30.0,80.0,0.005,0.1,0.15,0.0,mad_only
30zfbFdeY7g,33,20.395,0.0,30.0,80.0,0.005,0.1,0.15,0.0,mad_only
30zfbFdeY7g,34,20.665,0.0,30.0,80.0,0.005,0.1,0.15,0.0,mad_only
30zfbFdeY7g,35,20.96,0.0,30.0,80.0,0.005,0.1,0.15,0.0,mad_only
30zfbFdeY7g,36,21.525000000000002,0.0,30.0,80.0,0.005,0.1,0.15,0.0,mad_only
30zfbFdeY7g,37,22.080000000000002,0.0,30.0,80.0,0.005,0.1,0.15,0.0,mad_only
30zfbFdeY7g,38,22.6,0.0,30.0,80.0,0.005,0.1,0.15,0.0,mad_only
30zfbFdeY7g,39,23.18,0.0,30.0,80.0,0.005,0.1,0.15,0.0,mad_only
30zfbFdeY7g,40,24.245,0.0,30.0,80.0,0.005,0.1,0.15,0.0,mad_only
30zfbFdeY7g,41,24.78,0.0,30.0,80.0,0.005,0.1,0.15,0.0,mad_only
30zfbFdeY7g,42,25.34,0.0,30.0,80.0,0.005,0.1,0.15,0.0,mad_only
30zfbFdeY7g,43,25.865000000000002,0.0,30.0,80.0,0.005,0.1,0.15,0.0,mad_only
30zfbFdeY7g,44,26.415,0.0,30.0,80.0,0.005,0.1,0.15,0.0,mad_only
30zfbFdeY7g,45,26.96,0.0,30.0,80.0,0.005,0.1,0.15,0.0,mad_only
30zfbFdeY7g,46,27.505,0.0,30.0,80.0,0.005,0.1,0.15,0.0,mad_only
30zfbFdeY7g,47,28.055,0.0,30.0,80.0,0.005,0.1,0.15,0.0,mad_only
30zfbFdeY7g,48,28.59,0.0,30.0,80.0,0.005,0.1,0.15,0.0,mad_only
30zfbFdeY7g,49,29.145,0.0,30.0,80.0,0.005,0.1,0.15,0.0,mad_only
30zfbFdeY7g,50,29.68,0.0,30.0,80.0,0.005,0.1,0.15,0.0,mad_only
3NqMmAYSrJw,0,0.645,0.0,30.0,80.0,0.005,0.1,0.15,0.0,mad_only
3NqMmAYSrJw,1,1.315,0.0,30.0,80.0,0.005,0.1,0.15,0.0,mad_only
3NqMmAYSrJw,2,2.04,0.0,30.0,80.0,0.005,0.1,0.15,0.0,mad_only
3NqMmAYSrJw,3,2.6,0.0,30.0,80.0,0.005,0.1,0.15,0.0,mad_only
3NqMmAYSrJw,4,3.125,0.0,30.0,80.0,0.005,0.1,0.15,0.0,mad_only
3NqMmAYSrJw,5,3.7,0.0,30.0,80.0,0.005,0.1,0.15,0.0,mad_only
3NqMmAYSrJw,6,4.22,0.0,30.0,80.0,0.005,0.1,0.15,0.0,mad_only
3NqMmAYSrJw,7,4.775,0.0,30.0,80.0,0.005,0.1,0.15,0.0,mad_only
3NqMmAYSrJw,8,5.3,0.0,30.0,80.0,0.005,0.1,0.15,0.0,mad_only
3NqMmAYSrJw,9,5.87,0.0,30.0,80.0,0.005,0.1,0.15,0.0,mad_only
3NqMmAYSrJw,10,6.425,0.0,30.0,80.0,0.005,0.1,0.15,0.0,mad_only
3NqMmAYSrJw,11,6.97,0.0,30.0,80.0,0.005,0.1,0.15,0.0,mad_only
3NqMmAYSrJw,12,7.5,0.0,30.0,80.0,0.005,0.1,0.15,0.0,mad_only
3NqMmAYSrJw,13,8.065,0.0,30.0,80.0,0.005,0.1,0.15,0.0,mad_only
3NqMmAYSrJw,14,8.58,0.0,30.0,80.0,0.005,0.1,0.15,0.0,mad_only
3NqMmAYSrJw,15,9.145,0.0,30.0,80.0,0.005,0.1,0.15,0.0,mad_only
3NqMmAYSrJw,16,9.685,0.0,30.0,80.0,0.005,0.1,0.15,0.0,mad_only
3NqMmAYSrJw,17,10.23,0.0,30.0,80.0,0.005,0.1,0.15,0.0,mad_only
3NqMmAYSrJw,18,10.78,0.0,30.0,80.0,0.005,0.1,0.15,0.0,mad_only
3NqMmAYSrJw,19,11.325000000000001,0.0,30.0,80.0,0.005,0.1,0.15,0.0,mad_only
3NqMmAYSrJw,20,11.865,0.0,30.0,80.0,0.005,0.1,0.15,0.0,mad_only
3NqMmAYSrJw,21,12.43,0.0,30.0,80.0,0.005,0.1,0.15,0.0,mad_only
3NqMmAYSrJw,22,12.950000000000001,0.0,30.0,80.0,0.005,0.1,0.15,0.0,mad_only
3NqMmAYSrJw,23,13.505,0.0,30.0,80.0,0.005,0.1,0.15,0.0,mad_only
3NqMmAYSrJw,24,14.045,0.0,30.0,80.0,0.005,0.1,0.15,0.0,mad_only
3NqMmAYSrJw,25,14.595,0.0,30.0,80.0,0.005,0.1,0.15,0.0,mad_only
3NqMmAYSrJw,26,15.125,0.0,30.0,80.0,0.005,0.1,0.15,0.0,mad_only
3NqMmAYSrJw,27,15.68,0.0,30.0,80.0,0.005,0.1,0.15,0.0,mad_only
3NqMmAYSrJw,28,16.215,0.0,30.0,80.0,0.005,0.1,0.15,0.0,mad_only
3NqMmAYSrJw,29,16.77,0.0,30.0,80.0,0.005,0.1,0.15,0.0,mad_only
3NqMmAYSrJw,30,17.305,0.0,30.0,80.0,0.005,0.1,0.15,0.0,mad_only
3NqMmAYSrJw,31,17.865000000000002,0.0,30.0,80.0,0.005,0.1,0.15,0.0,mad_only
3NqMmAYSrJw,32,18.400000000000002,0.0,30.0,80.0,0.005,0.1,0.15,0.0,mad_only
3NqMmAYSrJw,33,18.955000000000002,0.0,30.0,80.0,0.005,0.1,0.15,0.0,mad_only
3NqMmAYSrJw,34,19.5,0.0,30.0,80.0,0.005,0.1,0.15,0.0,mad_only
3NqMmAYSrJw,35,20.04,0.0,30.0,80.0,0.005,0.1,0.15,0.0,mad_only
3NqMmAYSrJw,36,20.585,0.0,30.0,80.0,0.005,0.1,0.15,0.0,mad_only
3NqMmAYSrJw,37,21.13,0.0,30.0,80.0,0.005,0.1,0.15,0.0,mad_only
3NqMmAYSrJw,38,21.67,0.0,30.0,80.0,0.005,0.1,0.15,0.0,mad_only
3NqMmAYSrJw,39,22.215,0.0,30.0,80.0,0.005,0.1,0.15,0.0,mad_only
3NqMmAYSrJw,40,22.76,0.0,30.0,80.0,0.005,0.1,0.15,0.0,mad_only
3NqMmAYSrJw,41,23.315,0.0,30.0,80.0,0.005,0.1,0.15,0.0,mad_only
3NqMmAYSrJw,42,23.86,0.0,30.0,80.0,0.005,0.1,0.15,0.0,mad_only
3NqMmAYSrJw,43,24.400000000000002,0.0,30.0,80.0,0.005,0.1,0.15,0.0,mad_only
3NqMmAYSrJw,44,24.945,0.0,30.0,80.0,0.005,0.1,0.15,0.0,mad_only
3NqMmAYSrJw,45,25.5,0.0,30.0,80.0,0.005,0.1,0.15,0.0,mad_only
3NqMmAYSrJw,46,26.035,0.0,30.0,80.0,0.005,0.1,0.15,0.0,mad_only
3NqMmAYSrJw,47,26.59,0.0,30.0,80.0,0.005,0.1,0.15,0.0,mad_only
3NqMmAYSrJw,48,27.145,0.0,30.0,80.0,0.005,0.1,0.15,0.0,mad_only
3NqMmAYSrJw,49,27.68,0.0,30.0,80.0,0.005,0.1,0.15,0.0,mad_only
3NqMmAYSrJw,50,28.225,0.0,30.0,80.0,0.005,0.1,0.15,0.0,mad_only
3NqMmAYSrJw,51,28.765,0.0,30.0,80.0,0.005,0.1,0.15,0.0,mad_only
3NqMmAYSrJw,52,29.310000000000002,0.0,30.0,80.0,0.005,0.1,0.15,0.0,mad_only
3NqMmAYSrJw,53,29.855,0.0,30.0,80.0,0.005,0.1,0.15,0.0,mad_only
3OByv5luEjc,0,2.285,0.0,30.0,80.0,0.005,0.1,0.15,0.0,mad_only
3OByv5luEjc,1,2.92,0.0,30.0,80.0,0.005,0.1,0.15,0.0,mad_only
3OByv5luEjc,2,3.605,0.0,30.0,80.0,0.005,0.1,0.15,0.0,mad_only
3OByv5luEjc,3,4.23,0.0,30.0,80.0,0.005,0.1,0.15,0.0,mad_only
3OByv5luEjc,4,4.905,0.0,30.0,80.0,0.005,0.1,0.15,0.0,mad_only
3OByv5luEjc,5,5.5200000000000005,0.0,30.0,80.0,0.005,0.1,0.15,0.0,mad_only
3OByv5luEjc,6,6.1850000000000005,0.0,30.0,80.0,0.005,0.1,0.15,0.0,mad_only
3OByv5luEjc,7,6.855,0.0,30.0,80.0,0.005,0.1,0.15,0.0,mad_only
3OByv5luEjc,8,7.505,0.0,30.0,80.0,0.005,0.1,0.15,0.0,mad_only
3OByv5luEjc,9,8.76,0.0,30.0,80.0,0.005,0.1,0.15,0.0,mad_only
3OByv5luEjc,10,11.915000000000001,0.0,30.0,80.0,0.005,0.1,0.15,0.0,mad_only
3OByv5luEjc,11,12.84,0.0,30.0,80.0,0.005,0.1,0.15,0.0,mad_only
3OByv5luEjc,12,13.205,0.0,30.0,80.0,0.005,0.1,0.15,0.0,mad_only
3OByv5luEjc,13,13.865,0.0,30.0,80.0,0.005,0.1,0.15,0.0,mad_only
3OByv5luEjc,14,14.55,0.0,30.0,80.0,0.005,0.1,0.15,0.0,mad_only
3OByv5luEjc,15,16.01,0.0,30.0,80.0,0.005,0.1,0.15,0.0,mad_only
3OByv5luEjc,16,16.655,0.0,30.0,80.0,0.005,0.1,0.15,0.0,mad_only
3OByv5luEjc,17,18.405,0.0,30.0,80.0,0.005,0.1,0.15,0.0,mad_only
3OByv5luEjc,18,18.895,0.0,30.0,80.0,0.005,0.1,0.15,0.0,mad_only
3OByv5luEjc,19,19.405,0.0,30.0,80.0,0.005,0.1,0.15,0.0,mad_only
3OByv5luEjc,20,19.900000000000002,0.0,30.0,80.0,0.005,0.1,0.15,0.0,mad_only
3OByv5luEjc,21,20.415,0.0,30.0,80.0,0.005,0.1,0.15,0.0,mad_only
3OByv5luEjc,22,20.905,0.0,30.0,80.0,0.005,0.1,0.15,0.0,mad_only
3OByv5luEjc,23,21.41,0.0,30.0,80.0,0.005,0.1,0.15,0.0,mad_only
3OByv5luEjc,24,21.89,0.0,30.0,80.0,0.005,0.1,0.15,0.0,mad_only
3OByv5luEjc,25,22.39,0.0,30.0,80.0,0.005,0.1,0.15,0.0,mad_only
3OByv5luEjc,26,22.885,0.0,30.0,80.0,0.005,0.1,0.15,0.0,mad_only
3OByv5luEjc,27,23.385,0.0,30.0,80.0,0.005,0.1,0.15,0.0,mad_only
3OByv5luEjc,28,23.89,0.0,30.0,80.0,0.005,0.1,0.15,0.0,mad_only
3OByv5luEjc,29,24.39,0.0,30.0,80.0,0.005,0.1,0.15,0.0,mad_only
3OByv5luEjc,30,24.89,0.0,30.0,80.0,0.005,0.1,0.15,0.0,mad_only
3OByv5luEjc,31,25.400000000000002,0.0,30.0,80.0,0.005,0.1,0.15,0.0,mad_only
3OByv5luEjc,32,25.88,0.0,30.0,80.0,0.005,0.1,0.15,0.0,mad_only
3OByv5luEjc,33,26.38,0.0,30.0,80.0,0.005,0.1,0.15,0.0,mad_only
3OByv5luEjc,34,26.88,0.0,30.0,80.0,0.005,0.1,0.15,0.0,mad_only
3OByv5luEjc,35,27.38,0.0,30.0,80.0,0.005,0.1,0.15,0.0,mad_only
3OByv5luEjc,36,27.885,0.0,30.0,80.0,0.005,0.1,0.15,0.0,mad_only
3OByv5luEjc,37,28.385,0.0,30.0,80.0,0.005,0.1,0.15,0.0,mad_only
3OByv5luEjc,38,28.89,0.0,30.0,80.0,0.005,0.1,0.15,0.0,mad_only
3OByv5luEjc,39,29.385,0.0,30.0,80.0,0.005,0.1,0.15,0.0,mad_only
3OByv5luEjc,40,29.86,0.0,30.0,80.0,0.005,0.1,0.15,0.0,mad_only
3QuyNWZoKgk,0,1.1500000000000001,0.0,30.0,80.0,0.005,0.1,0.15,0.0,mad_only
3QuyNWZoKgk,1,1.725,0.0,30.0,80.0,0.005,0.1,0.15,0.0,mad_only
3QuyNWZoKgk,2,2.305,0.0,30.0,80.0,0.005,0.1,0.15,0.0,mad_only
3QuyNWZoKgk,3,2.9050000000000002,0.0,30.0,80.0,0.005,0.1,0.15,0.0,mad_only
3QuyNWZoKgk,4,3.49,0.0,30.0,80.0,0.005,0.1,0.15,0.0,mad_only
3QuyNWZoKgk,5,4.09,0.0,30.0,80.0,0.005,0.1,0.15,0.0,mad_only
3QuyNWZoKgk,6,4.69,0.0,30.0,80.0,0.005,0.1,0.15,0.0,mad_only
3QuyNWZoKgk,7,5.29,0.0,30.0,80.0,0.005,0.1,0.15,0.0,mad_only
3QuyNWZoKgk,8,5.885,0.0,30.0,80.0,0.005,0.1,0.15,0.0,mad_only
3QuyNWZoKgk,9,6.49,0.0,30.0,80.0,0.005,0.1,0.15,0.0,mad_only
3QuyNWZoKgk,10,7.085,0.0,30.0,80.0,0.005,0.1,0.15,0.0,mad_only
3QuyNWZoKgk,11,7.6850000000000005,0.0,30.0,80.0,0.005,0.1,0.15,0.0,mad_only
3QuyNWZoKgk,12,8.290000000000001,0.0,30.0,80.0,0.005,0.1,0.15,0.0,mad_only
3QuyNWZoKgk,13,8.89,0.0,30.0,80.0,0.005,0.1,0.15,0.0,mad_only
3QuyNWZoKgk,14,9.485,0.0,30.0,80.0,0.005,0.1,0.15,0.0,mad_only
3QuyNWZoKgk,15,10.085,0.0,30.0,80.0,0.005,0.1,0.15,0.0,mad_only
3QuyNWZoKgk,16,10.685,0.0,30.0,80.0,0.005,0.1,0.15,0.0,mad_only
3QuyNWZoKgk,17,11.295,0.0,30.0,80.0,0.005,0.1,0.15,0.0,mad_only
3QuyNWZoKgk,18,11.88,0.0,30.0,80.0,0.005,0.1,0.15,0.0,mad_only
3QuyNWZoKgk,19,12.485,0.0,30.0,80.0,0.005,0.1,0.15,0.0,mad_only
3QuyNWZoKgk,20,13.085,0.0,30.0,80.0,0.005,0.1,0.15,0.0,mad_only
3QuyNWZoKgk,21,13.69,0.0,30.0,80.0,0.005,0.1,0.15,0.0,mad_only
3QuyNWZoKgk,22,14.280000000000001,0.0,30.0,80.0,0.005,0.1,0.15,0.0,mad_only
3QuyNWZoKgk,23,14.885,0.0,30.0,80.0,0.005,0.1,0.15,0.0,mad_only
3QuyNWZoKgk,24,15.48,0.0,30.0,80.0,0.005,0.1,0.15,0.0,mad_only
3QuyNWZoKgk,25,16.085,0.0,30.0,80.0,0.005,0.1,0.15,0.0,mad_only
3QuyNWZoKgk,26,16.675,0.0,30.0,80.0,0.005,0.1,0.15,0.0,mad_only
3QuyNWZoKgk,27,16.98,0.0,30.0,80.0,0.005,0.1,0.15,0.0,mad_only
3QuyNWZoKgk,28,17.285,0.0,30.0,80.0,0.005,0.1,0.15,0.0,mad_only
3QuyNWZoKgk,29,17.895,0.0,30.0,80.0,0.005,0.1,0.15,0.0,mad_only
3QuyNWZoKgk,30,18.485,0.0,30.0,80.0,0.005,0.1,0.15,0.0,mad_only
3QuyNWZoKgk,31,19.080000000000002,0.0,30.0,80.0,0.005,0.1,0.15,0.0,mad_only
3QuyNWZoKgk,32,19.7,0.0,30.0,80.0,0.005,0.1,0.15,0.0,mad_only
3QuyNWZoKgk,33,20.32,0.0,30.0,80.0,0.005,0.1,0.15,0.0,mad_only
3QuyNWZoKgk,34,20.925,0.0,30.0,80.0,0.005,0.1,0.15,0.0,mad_only
3QuyNWZoKgk,35,21.515,0.0,30.0,80.0,0.005,0.1,0.15,0.0,mad_only
3QuyNWZoKgk,36,22.09,0.0,30.0,80.0,0.005,0.1,0.15,0.0,mad_only
3QuyNWZoKgk,37,22.695,0.0,30.0,80.0,0.005,0.1,0.15,0.0,mad_only
3QuyNWZoKgk,38,23.295,0.0,30.0,80.0,0.005,0.1,0.15,0.0,mad_only
3QuyNWZoKgk,39,23.88,0.0,30.0,80.0,0.005,0.1,0.15,0.0,mad_only
3QuyNWZoKgk,40,24.485,0.0,30.0,80.0,0.005,0.1,0.15,0.0,mad_only
3QuyNWZoKgk,41,25.075,0.0,30.0,80.0,0.005,0.1,0.15,0.0,mad_only
3QuyNWZoKgk,42,25.685000000000002,0.0,30.0,80.0,0.005,0.1,0.15,0.0,mad_only
3QuyNWZoKgk,43,26.29,0.0,30.0,80.0,0.005,0.1,0.15,0.0,mad_only
3QuyNWZoKgk,44,26.875,0.0,30.0,80.0,0.005,0.1,0.15,0.0,mad_only
3QuyNWZoKgk,45,27.475,0.0,30.0,80.0,0.005,0.1,0.15,0.0,mad_only
3QuyNWZoKgk,46,28.105,0.0,30.0,80.0,0.005,0.1,0.15,0.0,mad_only
3QuyNWZoKgk,47,28.685000000000002,0.0,30.0,80.0,0.005,0.1,0.15,0.0,mad_only
3QuyNWZoKgk,48,29.29,0.0,30.0,80.0,0.005,0.1,0.15,0.0,mad_only
3QuyNWZoKgk,49,29.87,0.0,30.0,80.0,0.005,0.1,0.15,0.0,mad_only
3WqrNqX1lsI,0,0.935,0.0,30.0,80.0,0.005,0.1,0.15,0.0,mad_only
3WqrNqX1lsI,1,1.3900000000000001,0.0,30.0,80.0,0.005,0.1,0.15,0.0,mad_only
3WqrNqX1lsI,2,1.85,0.0,30.0,80.0,0.005,0.1,0.15,0.0,mad_only
3WqrNqX1lsI,3,2.32,0.0,30.0,80.0,0.005,0.1,0.15,0.0,mad_only
3WqrNqX1lsI,4,2.8000000000000003,0.0,30.0,80.0,0.005,0.1,0.15,0.0,mad_only
3WqrNqX1lsI,5,3.265,0.0,30.0,80.0,0.005,0.1,0.15,0.0,mad_only
3WqrNqX1lsI,6,3.735,0.0,30.0,80.0,0.005,0.1,0.15,0.0,mad_only
3WqrNqX1lsI,7,4.2,0.0,30.0,80.0,0.005,0.1,0.15,0.0,mad_only
3WqrNqX1lsI,8,4.67,0.0,30.0,80.0,0.005,0.1,0.15,0.0,mad_only
3WqrNqX1lsI,9,5.135,0.0,30.0,80.0,0.005,0.1,0.15,0.0,mad_only
3WqrNqX1lsI,10,5.595,0.0,30.0,80.0,0.005,0.1,0.15,0.0,mad_only
3WqrNqX1lsI,11,6.075,0.0,30.0,80.0,0.005,0.1,0.15,0.0,mad_only
3WqrNqX1lsI,12,6.54,0.0,30.0,80.0,0.005,0.1,0.15,0.0,mad_only
3WqrNqX1lsI,13,7.01,0.0,30.0,80.0,0.005,0.1,0.15,0.0,mad_only
3WqrNqX1lsI,14,7.4750000000000005,0.0,30.0,80.0,0.005,0.1,0.15,0.0,mad_only
3WqrNqX1lsI,15,7.945,0.0,30.0,80.0,0.005,0.1,0.15,0.0,mad_only
3WqrNqX1lsI,16,8.41,0.0,30.0,80.0,0.005,0.1,0.15,0.0,mad_only
3WqrNqX1lsI,17,8.88,0.0,30.0,80.0,0.005,0.1,0.15,0.0,mad_only
3WqrNqX1lsI,18,9.35,0.0,30.0,80.0,0.005,0.1,0.15,0.0,mad_only
3WqrNqX1lsI,19,9.815,0.0,30.0,80.0,0.005,0.1,0.15,0.0,mad_only
3WqrNqX1lsI,20,10.285,0.0,30.0,80.0,0.005,0.1,0.15,0.0,mad_only
3WqrNqX1lsI,21,10.75,0.0,30.0,80.0,0.005,0.1,0.15,0.0,mad_only
3WqrNqX1lsI,22,11.22,0.0,30.0,80.0,0.005,0.1,0.15,0.0,mad_only
3WqrNqX1lsI,23,11.695,0.0,30.0,80.0,0.005,0.1,0.15,0.0,mad_only
3WqrNqX1lsI,24,12.16,0.0,30.0,80.0,0.005,0.1,0.15,0.0,mad_only
3WqrNqX1lsI,25,12.63,0.0,30.0,80.0,0.005,0.1,0.15,0.0,mad_only
3WqrNqX1lsI,26,13.09,0.0,30.0,80.0,0.005,0.1,0.15,0.0,mad_only
3WqrNqX1lsI,27,13.565,0.0,30.0,80.0,0.005,0.1,0.15,0.0,mad_only
3WqrNqX1lsI,28,14.030000000000001,0.0,30.0,80.0,0.005,0.1,0.15,0.0,mad_only
3WqrNqX1lsI,29,14.5,0.0,30.0,80.0,0.005,0.1,0.15,0.0,mad_only
3WqrNqX1lsI,30,14.97,0.0,30.0,80.0,0.005,0.1,0.15,0.0,mad_only
3WqrNqX1lsI,31,15.435,0.0,30.0,80.0,0.005,0.1,0.15,0.0,mad_only
3WqrNqX1lsI,32,15.905000000000001,0.0,30.0,80.0,0.005,0.1,0.15,0.0,mad_only
3WqrNqX1lsI,33,16.375,0.0,30.0,80.0,0.005,0.1,0.15,0.0,mad_only
3WqrNqX1lsI,34,16.85,0.0,30.0,80.0,0.005,0.1,0.15,0.0,mad_only
3WqrNqX1lsI,35,17.31,0.0,30.0,80.0,0.005,0.1,0.15,0.0,mad_only
3WqrNqX1lsI,36,17.78,0.0,30.0,80.0,0.005,0.1,0.15,0.0,mad_only
3WqrNqX1lsI,37,18.255,0.0,30.0,80.0,0.005,0.1,0.15,0.0,mad_only
3WqrNqX1lsI,38,18.715,0.0,30.0,80.0,0.005,0.1,0.15,0.0,mad_only
3WqrNqX1lsI,39,19.19,0.0,30.0,80.0,0.005,0.1,0.15,0.0,mad_only
3WqrNqX1lsI,40,19.655,0.0,30.0,80.0,0.005,0.1,0.15,0.0,mad_only
3WqrNqX1lsI,41,20.125,0.0,30.0,80.0,0.005,0.1,0.15,0.0,mad_only
3WqrNqX1lsI,42,20.595,0.0,30.0,80.0,0.005,0.1,0.15,0.0,mad_only
3WqrNqX1lsI,43,21.065,0.0,30.0,80.0,0.005,0.1,0.15,0.0,mad_only
3WqrNqX1lsI,44,21.53,0.0,30.0,80.0,0.005,0.1,0.15,0.0,mad_only
3WqrNqX1lsI,45,22.0,0.0,30.0,80.0,0.005,0.1,0.15,0.0,mad_only
3WqrNqX1lsI,46,22.475,0.0,30.0,80.0,0.005,0.1,0.15,0.0,mad_only
3WqrNqX1lsI,47,22.94,0.0,30.0,80.0,0.005,0.1,0.15,0.0,mad_only
3WqrNqX1lsI,48,23.41,0.0,30.0,80.0,0.005,0.1,0.15,0.0,mad_only
3WqrNqX1lsI,49,23.88,0.0,30.0,80.0,0.005,0.1,0.15,0.0,mad_only
3WqrNqX1lsI,50,24.34,0.0,30.0,80.0,0.005,0.1,0.15,0.0,mad_only
3WqrNqX1lsI,51,24.815,0.0,30.0,80.0,0.005,0.1,0.15,0.0,mad_only
3WqrNqX1lsI,52,25.285,0.0,30.0,80.0,0.005,0.1,0.15,0.0,mad_only
3WqrNqX1lsI,53,25.75,0.0,30.0,80.0,0.005,0.1,0.15,0.0,mad_only
3WqrNqX1lsI,54,26.22,0.0,30.0,80.0,0.005,0.1,0.15,0.0,mad_only
3WqrNqX1lsI,55,26.685000000000002,0.0,30.0,80.0,0.005,0.1,0.15,0.0,mad_only
3WqrNqX1lsI,56,27.16,0.0,30.0,80.0,0.005,0.1,0.15,0.0,mad_only
3WqrNqX1lsI,57,27.63,0.0,30.0,80.0,0.005,0.1,0.15,0.0,mad_only
3WqrNqX1lsI,58,28.09,0.0,30.0,80.0,0.005,0.1,0.15,0.0,mad_only
3WqrNqX1lsI,59,28.560000000000002,0.0,30.0,80.0,0.005,0.1,0.15,0.0,mad_only
3WqrNqX1lsI,60,29.025000000000002,0.0,30.0,80.0,0.005,0.1,0.15,0.0,mad_only
3WqrNqX1lsI,61,29.495,0.0,30.0,80.0,0.005,0.1,0.15,0.0,mad_only
3WqrNqX1lsI,62,29.95,0.0,30.0,80.0,0.005,0.1,0.15,0.0,mad_only
3jmQ3-LNeAU,0,0.885,0.0,30.0,80.0,0.005,0.1,0.15,0.0,mad_only
3jmQ3-LNeAU,1,1.565,0.0,30.0,80.0,0.005,0.1,0.15,0.0,mad_only
3jmQ3-LNeAU,2,2.315,0.0,30.0,80.0,0.005,0.1,0.15,0.0,mad_only
3jmQ3-LNeAU,3,2.7,0.0,30.0,80.0,0.005,0.1,0.15,0.0,mad_only
3jmQ3-LNeAU,4,3.06,0.0,30.0,80.0,0.005,0.1,0.15,0.0,mad_only
3jmQ3-LNeAU,5,3.435,0.0,30.0,80.0,0.005,0.1,0.15,0.0,mad_only
3jmQ3-LNeAU,6,3.795,0.0,30.0,80.0,0.005,0.1,0.15,0.0,mad_only
3jmQ3-LNeAU,7,4.175,0.0,30.0,80.0,0.005,0.1,0.15,0.0,mad_only
3jmQ3-LNeAU,8,4.535,0.0,30.0,80.0,0.005,0.1,0.15,0.0,mad_only
3jmQ3-LNeAU,9,4.915,0.0,30.0,80.0,0.005,0.1,0.15,0.0,mad_only
3jmQ3-LNeAU,10,5.295,0.0,30.0,80.0,0.005,0.1,0.15,0.0,mad_only
3jmQ3-LNeAU,11,5.68,0.0,30.0,80.0,0.005,0.1,0.15,0.0,mad_only
3jmQ3-LNeAU,12,6.025,0.0,30.0,80.0,0.005,0.1,0.15,0.0,mad_only
3jmQ3-LNeAU,13,6.405,0.0,30.0,80.0,0.005,0.1,0.15,0.0,mad_only
3jmQ3-LNeAU,14,6.775,0.0,30.0,80.0,0.005,0.1,0.15,0.0,mad_only
3jmQ3-LNeAU,15,7.18,0.0,30.0,80.0,0.005,0.1,0.15,0.0,mad_only
3jmQ3-LNeAU,16,7.535,0.0,30.0,80.0,0.005,0.1,0.15,0.0,mad_only
3jmQ3-LNeAU,17,7.91,0.0,30.0,80.0,0.005,0.1,0.15,0.0,mad_only
3jmQ3-LNeAU,18,8.285,0.0,30.0,80.0,0.005,0.1,0.15,0.0,mad_only
3jmQ3-LNeAU,19,8.68,0.0,30.0,80.0,0.005,0.1,0.15,0.0,mad_only
3jmQ3-LNeAU,20,9.040000000000001,0.0,30.0,80.0,0.005,0.1,0.15,0.0,mad_only
3jmQ3-LNeAU,21,9.43,0.0,30.0,80.0,0.005,0.1,0.15,0.0,mad_only
3jmQ3-LNeAU,22,9.805,0.0,30.0,80.0,0.005,0.1,0.15,0.0,mad_only
3jmQ3-LNeAU,23,10.205,0.0,30.0,80.0,0.005,0.1,0.15,0.0,mad_only
3jmQ3-LNeAU,24,10.565,0.0,30.0,80.0,0.005,0.1,0.15,0.0,mad_only
3jmQ3-LNeAU,25,10.945,0.0,30.0,80.0,0.005,0.1,0.15,0.0,mad_only
3jmQ3-LNeAU,26,11.315,0.0,30.0,80.0,0.005,0.1,0.15,0.0,mad_only
3jmQ3-LNeAU,27,11.685,0.0,30.0,80.0,0.005,0.1,0.15,0.0,mad_only
3jmQ3-LNeAU,28,12.055,0.0,30.0,80.0,0.005,0.1,0.15,0.0,mad_only
3jmQ3-LNeAU,29,12.44,0.0,30.0,80.0,0.005,0.1,0.15,0.0,mad_only
3jmQ3-LNeAU,30,12.81,0.0,30.0,80.0,0.005,0.1,0.15,0.0,mad_only
3jmQ3-LNeAU,31,13.18,0.0,30.0,80.0,0.005,0.1,0.15,0.0,mad_only
3jmQ3-LNeAU,32,13.55,0.0,30.0,80.0,0.005,0.1,0.15,0.0,mad_only
3jmQ3-LNeAU,33,13.935,0.0,30.0,80.0,0.005,0.1,0.15,0.0,mad_only
3jmQ3-LNeAU,34,14.3,0.0,30.0,80.0,0.005,0.1,0.15,0.0,mad_only
3jmQ3-LNeAU,35,14.68,0.0,30.0,80.0,0.005,0.1,0.15,0.0,mad_only
3jmQ3-LNeAU,36,15.040000000000001,0.0,30.0,80.0,0.005,0.1,0.15,0.0,mad_only
3jmQ3-LNeAU,37,15.41,0.0,30.0,80.0,0.005,0.1,0.15,0.0,mad_only
3jmQ3-LNeAU,38,15.785,0.0,30.0,80.0,0.005,0.1,0.15,0.0,mad_only
3jmQ3-LNeAU,39,16.17,0.0,30.0,80.0,0.005,0.1,0.15,0.0,mad_only
3jmQ3-LNeAU,40,16.525,0.0,30.0,80.0,0.005,0.1,0.15,0.0,mad_only
3jmQ3-LNeAU,41,16.9,0.0,30.0,80.0,0.005,0.1,0.15,0.0,mad_only
3jmQ3-LNeAU,42,17.255,0.0,30.0,80.0,0.005,0.1,0.15,0.0,mad_only
3jmQ3-LNeAU,43,17.635,0.0,30.0,80.0,0.005,0.1,0.15,0.0,mad_only
3jmQ3-LNeAU,44,18.02,0.0,30.0,80.0,0.005,0.1,0.15,0.0,mad_only
3jmQ3-LNeAU,45,18.400000000000002,0.0,30.0,80.0,0.005,0.1,0.15,0.0,mad_only
3jmQ3-LNeAU,46,18.775000000000002,0.0,30.0,80.0,0.005,0.1,0.15,0.0,mad_only
3jmQ3-LNeAU,47,19.16,0.0,30.0,80.0,0.005,0.1,0.15,0.0,mad_only
3jmQ3-LNeAU,48,19.525000000000002,0.0,30.0,80.0,0.005,0.1,0.15,0.0,mad_only
3jmQ3-LNeAU,49,19.89,0.0,30.0,80.0,0.005,0.1,0.15,0.0,mad_only
3jmQ3-LNeAU,50,20.26,0.0,30.0,80.0,0.005,0.1,0.15,0.0,mad_only
3jmQ3-LNeAU,51,20.650000000000002,0.0,30.0,80.0,0.005,0.1,0.15,0.0,mad_only
3jmQ3-LNeAU,52,21.025000000000002,0.0,30.0,80.0,0.005,0.1,0.15,0.0,mad_only
3jmQ3-LNeAU,53,21.400000000000002,0.0,30.0,80.0,0.005,0.1,0.15,0.0,mad_only
3jmQ3-LNeAU,54,21.765,0.0,30.0,80.0,0.005,0.1,0.15,0.0,mad_only
3jmQ3-LNeAU,55,22.150000000000002,0.0,30.0,80.0,0.005,0.1,0.15,0.0,mad_only
3jmQ3-LNeAU,56,22.525000000000002,0.0,30.0,80.0,0.005,0.1,0.15,0.0,mad_only
3jmQ3-LNeAU,57,22.93,0.0,30.0,80.0,0.005,0.1,0.15,0.0,mad_only
3jmQ3-LNeAU,58,23.285,0.0,30.0,80.0,0.005,0.1,0.15,0.0,mad_only
3jmQ3-LNeAU,59,23.67,0.0,30.0,80.0,0.005,0.1,0.15,0.0,mad_only
3jmQ3-LNeAU,60,24.04,0.0,30.0,80.0,0.005,0.1,0.15,0.0,mad_only
3jmQ3-LNeAU,61,24.42,0.0,30.0,80.0,0.005,0.1,0.15,0.0,mad_only
3jmQ3-LNeAU,62,24.79,0.0,30.0,80.0,0.005,0.1,0.15,0.0,mad_only
3jmQ3-LNeAU,63,25.175,0.0,30.0,80.0,0.005,0.1,0.15,0.0,mad_only
3jmQ3-LNeAU,64,25.54,0.0,30.0,80.0,0.005,0.1,0.15,0.0,mad_only
3jmQ3-LNeAU,65,25.91,0.0,30.0,80.0,0.005,0.1,0.15,0.0,mad_only
3jmQ3-LNeAU,66,26.28,0.0,30.0,80.0,0.005,0.1,0.15,0.0,mad_only
3jmQ3-LNeAU,67,26.650000000000002,0.0,30.0,80.0,0.005,0.1,0.15,0.0,mad_only
3jmQ3-LNeAU,68,27.03,0.0,30.0,80.0,0.005,0.1,0.15,0.0,mad_only
3jmQ3-LNeAU,69,27.395,0.0,30.0,80.0,0.005,0.1,0.15,0.0,mad_only
3jmQ3-LNeAU,70,27.79,0.0,30.0,80.0,0.005,0.1,0.15,0.0,mad_only
3jmQ3-LNeAU,71,28.175,0.0,30.0,80.0,0.005,0.1,0.15,0.0,mad_only
3jmQ3-LNeAU,72,28.545,0.0,30.0,80.0,0.005,0.1,0.15,0.0,mad_only
3jmQ3-LNeAU,73,28.925,0.0,30.0,80.0,0.005,0.1,0.15,0.0,mad_only
3jmQ3-LNeAU,74,29.29,0.0,30.0,80.0,0.005,0.1,0.15,0.0,mad_only
3jmQ3-LNeAU,75,29.66,0.0,30.0,80.0,0.005,0.1,0.15,0.0,mad_only
44j8lJU2dqM,0,0.93,0.0,30.0,80.0,0.005,0.1,0.15,0.0,mad_only
44j8lJU2dqM,1,1.26,0.0,30.0,80.0,0.005,0.1,0.15,0.0,mad_only
44j8lJU2dqM,2,1.61,0.0,30.0,80.0,0.005,0.1,0.15,0.0,mad_only
44j8lJU2dqM,3,2.0100000000000002,0.0,30.0,80.0,0.005,0.1,0.15,0.0,mad_only
44j8lJU2dqM,4,2.355,0.0,30.0,80.0,0.005,0.1,0.15,0.0,mad_only
44j8lJU2dqM,5,2.705,0.0,30.0,80.0,0.005,0.1,0.15,0.0,mad_only
44j8lJU2dqM,6,3.08,0.0,30.0,80.0,0.005,0.1,0.15,0.0,mad_only
44j8lJU2dqM,7,3.415,0.0,30.0,80.0,0.005,0.1,0.15,0.0,mad_only
44j8lJU2dqM,8,3.765,0.0,30.0,80.0,0.005,0.1,0.15,0.0,mad_only
44j8lJU2dqM,9,4.13,0.0,30.0,80.0,0.005,0.1,0.15,0.0,mad_only
44j8lJU2dqM,10,4.465,0.0,30.0,80.0,0.005,0.1,0.15,0.0,mad_only
44j8lJU2dqM,11,4.825,0.0,30.0,80.0,0.005,0.1,0.15,0.0,mad_only
44j8lJU2dqM,12,5.18,0.0,30.0,80.0,0.005,0.1,0.15,0.0,mad_only
44j8lJU2dqM,13,5.545,0.0,30.0,80.0,0.005,0.1,0.15,0.0,mad_only
44j8lJU2dqM,14,5.9,0.0,30.0,80.0,0.005,0.1,0.15,0.0,mad_only
44j8lJU2dqM,15,6.26,0.0,30.0,80.0,0.005,0.1,0.15,0.0,mad_only
44j8lJU2dqM,16,6.615,0.0,30.0,80.0,0.005,0.1,0.15,0.0,mad_only
44j8lJU2dqM,17,6.9750000000000005,0.0,30.0,80.0,0.005,0.1,0.15,0.0,mad_only
44j8lJU2dqM,18,7.33,0.0,30.0,80.0,0.005,0.1,0.15,0.0,mad_only
44j8lJU2dqM,19,7.69,0.0,30.0,80.0,0.005,0.1,0.15,0.0,mad_only
44j8lJU2dqM,20,8.045,0.0,30.0,80.0,0.005,0.1,0.15,0.0,mad_only
44j8lJU2dqM,21,8.395,0.0,30.0,80.0,0.005,0.1,0.15,0.0,mad_only
44j8lJU2dqM,22,8.76,0.0,30.0,80.0,0.005,0.1,0.15,0.0,mad_only
44j8lJU2dqM,23,9.1,0.0,30.0,80.0,0.005,0.1,0.15,0.0,mad_only
44j8lJU2dqM,24,9.475,0.0,30.0,80.0,0.005,0.1,0.15,0.0,mad_only
44j8lJU2dqM,25,9.82,0.0,30.0,80.0,0.005,0.1,0.15,0.0,mad_only
44j8lJU2dqM,26,10.18,0.0,30.0,80.0,0.005,0.1,0.15,0.0,mad_only
44j8lJU2dqM,27,10.52,0.0,30.0,80.0,0.005,0.1,0.15,0.0,mad_only
44j8lJU2dqM,28,10.870000000000001,0.0,30.0,80.0,0.005,0.1,0.15,0.0,mad_only
44j8lJU2dqM,29,11.225,0.0,30.0,80.0,0.005,0.1,0.15,0.0,mad_only
44j8lJU2dqM,30,11.6,0.0,30.0,80.0,0.005,0.1,0.15,0.0,mad_only
44j8lJU2dqM,31,11.965,0.0,30.0,80.0,0.005,0.1,0.15,0.0,mad_only
44j8lJU2dqM,32,12.33,0.0,30.0,80.0,0.005,0.1,0.15,0.0,mad_only
44j8lJU2dqM,33,12.68,0.0,30.0,80.0,0.005,0.1,0.15,0.0,mad_only
44j8lJU2dqM,34,13.05,0.0,30.0,80.0,0.005,0.1,0.15,0.0,mad_only
44j8lJU2dqM,35,13.415000000000001,0.0,30.0,80.0,0.005,0.1,0.15,0.0,mad_only
44j8lJU2dqM,36,13.775,0.0,30.0,80.0,0.005,0.1,0.15,0.0,mad_only
44j8lJU2dqM,37,14.135,0.0,30.0,80.0,0.005,0.1,0.15,0.0,mad_only
44j8lJU2dqM,38,14.495000000000001,0.0,30.0,80.0,0.005,0.1,0.15,0.0,mad_only
44j8lJU2dqM,39,14.835,0.0,30.0,80.0,0.005,0.1,0.15,0.0,mad_only
44j8lJU2dqM,40,15.185,0.0,30.0,80.0,0.005,0.1,0.15,0.0,mad_only
44j8lJU2dqM,41,15.540000000000001,0.0,30.0,80.0,0.005,0.1,0.15,0.0,mad_only
44j8lJU2dqM,42,15.905000000000001,0.0,30.0,80.0,0.005,0.1,0.15,0.0,mad_only
44j8lJU2dqM,43,16.26,0.0,30.0,80.0,0.005,0.1,0.15,0.0,mad_only
44j8lJU2dqM,44,16.61,0.0,30.0,80.0,0.005,0.1,0.15,0.0,mad_only
44j8lJU2dqM,45,16.965,0.0,30.0,80.0,0.005,0.1,0.15,0.0,mad_only
44j8lJU2dqM,46,17.34,0.0,30.0,80.0,0.005,0.1,0.15,0.0,mad_only
44j8lJU2dqM,47,17.68,0.0,30.0,80.0,0.005,0.1,0.15,0.0,mad_only
44j8lJU2dqM,48,18.04,0.0,30.0,80.0,0.005,0.1,0.15,0.0,mad_only
44j8lJU2dqM,49,18.400000000000002,0.0,30.0,80.0,0.005,0.1,0.15,0.0,mad_only
44j8lJU2dqM,50,18.745,0.0,30.0,80.0,0.005,0.1,0.15,0.0,mad_only
44j8lJU2dqM,51,19.12,0.0,30.0,80.0,0.005,0.1,0.15,0.0,mad_only
44j8lJU2dqM,52,19.475,0.0,30.0,80.0,0.005,0.1,0.15,0.0,mad_only
44j8lJU2dqM,53,19.835,0.0,30.0,80.0,0.005,0.1,0.15,0.0,mad_only
44j8lJU2dqM,54,20.19,0.0,30.0,80.0,0.005,0.1,0.15,0.0,mad_only
44j8lJU2dqM,55,20.55,0.0,30.0,80.0,0.005,0.1,0.15,0.0,mad_only
44j8lJU2dqM,56,20.905,0.0,30.0,80.0,0.005,0.1,0.15,0.0,mad_only
44j8lJU2dqM,57,21.26,0.0,30.0,80.0,0.005,0.1,0.15,0.0,mad_only
44j8lJU2dqM,58,21.615000000000002,0.0,30.0,80.0,0.005,0.1,0.15,0.0,mad_only
44j8lJU2dqM,59,21.955000000000002,0.0,30.0,80.0,0.005,0.1,0.15,0.0,mad_only
44j8lJU2dqM,60,22.315,0.0,30.0,80.0,0.005,0.1,0.15,0.0,mad_only
44j8lJU2dqM,61,22.685,0.0,30.0,80.0,0.005,0.1,0.15,0.0,mad_only
44j8lJU2dqM,62,23.065,0.0,30.0,80.0,0.005,0.1,0.15,0.0,mad_only
44j8lJU2dqM,63,23.42,0.0,30.0,80.0,0.005,0.1,0.15,0.0,mad_only
44j8lJU2dqM,64,23.77,0.0,30.0,80.0,0.005,0.1,0.15,0.0,mad_only
44j8lJU2dqM,65,24.115000000000002,0.0,30.0,80.0,0.005,0.1,0.15,0.0,mad_only
44j8lJU2dqM,66,24.47,0.0,30.0,80.0,0.005,0.1,0.15,0.0,mad_only
44j8lJU2dqM,67,24.825,0.0,30.0,80.0,0.005,0.1,0.15,0.0,mad_only
44j8lJU2dqM,68,25.195,0.0,30.0,80.0,0.005,0.1,0.15,0.0,mad_only
44j8lJU2dqM,69,25.55,0.0,30.0,80.0,0.005,0.1,0.15,0.0,mad_only
44j8lJU2dqM,70,25.915,0.0,30.0,80.0,0.005,0.1,0.15,0.0,mad_only
44j8lJU2dqM,71,26.25,0.0,30.0,80.0,0.005,0.1,0.15,0.0,mad_only
44j8lJU2dqM,72,26.62,0.0,30.0,80.0,0.005,0.1,0.15,0.0,mad_only
44j8lJU2dqM,73,26.97,0.0,30.0,80.0,0.005,0.1,0.15,0.0,mad_only
44j8lJU2dqM,74,27.325,0.0,30.0,80.0,0.005,0.1,0.15,0.0,mad_only
44j8lJU2dqM,75,27.68,0.0,30.0,80.0,0.005,0.1,0.15,0.0,mad_only
44j8lJU2dqM,76,28.035,0.0,30.0,80.0,0.005,0.1,0.15,0.0,mad_only
44j8lJU2dqM,77,28.395,0.0,30.0,80.0,0.005,0.1,0.15,0.0,mad_only
44j8lJU2dqM,78,28.77,0.0,30.0,80.0,0.005,0.1,0.15,0.0,mad_only
44j8lJU2dqM,79,29.12,0.0,30.0,80.0,0.005,0.1,0.15,0.0,mad_only
44j8lJU2dqM,80,29.48,0.0,30.0,80.0,0.005,0.1,0.15,0.0,mad_only
44j8lJU2dqM,81,29.82,0.0,30.0,80.0,0.005,0.1,0.15,0.0,mad_only
4VKiwmQJ4Lo,0,0.9,0.0,30.0,80.0,0.005,0.1,0.15,0.0,mad_only
4VKiwmQJ4Lo,1,2.865,0.0,30.0,80.0,0.005,0.1,0.15,0.0,mad_only
4VKiwmQJ4Lo,2,3.345,0.0,30.0,80.0,0.005,0.1,0.15,0.0,mad_only
4VKiwmQJ4Lo,3,3.775,0.0,30.0,80.0,0.005,0.1,0.15,0.0,mad_only
4VKiwmQJ4Lo,4,4.19,0.0,30.0,80.0,0.005,0.1,0.15,0.0,mad_only
4VKiwmQJ4Lo,5,4.68,0.0,30.0,80.0,0.005,0.1,0.15,0.0,mad_only
4VKiwmQJ4Lo,6,5.13,0.0,30.0,80.0,0.005,0.1,0.15,0.0,mad_only
4VKiwmQJ4Lo,7,5.585,0.0,30.0,80.0,0.005,0.1,0.15,0.0,mad_only
4VKiwmQJ4Lo,8,6.03,0.0,30.0,80.0,0.005,0.1,0.15,0.0,mad_only
4VKiwmQJ4Lo,9,6.51,0.0,30.0,80.0,0.005,0.1,0.15,0.0,mad_only
4VKiwmQJ4Lo,10,6.945,0.0,30.0,80.0,0.005,0.1,0.15,0.0,mad_only
4VKiwmQJ4Lo,11,7.3950000000000005,0.0,30.0,80.0,0.005,0.1,0.15,0.0,mad_only
4VKiwmQJ4Lo,12,7.84,0.0,30.0,80.0,0.005,0.1,0.15,0.0,mad_only
4VKiwmQJ4Lo,13,8.295,0.0,30.0,80.0,0.005,0.1,0.15,0.0,mad_only
4VKiwmQJ4Lo,14,8.74,0.0,30.0,80.0,0.005,0.1,0.15,0.0,mad_only
4VKiwmQJ4Lo,15,9.205,0.0,30.0,80.0,0.005,0.1,0.15,0.0,mad_only
4VKiwmQJ4Lo,16,9.65,0.0,30.0,80.0,0.005,0.1,0.15,0.0,mad_only
4VKiwmQJ4Lo,17,10.105,0.0,30.0,80.0,0.005,0.1,0.15,0.0,mad_only
4VKiwmQJ4Lo,18,10.540000000000001,0.0,30.0,80.0,0.005,0.1,0.15,0.0,mad_only
4VKiwmQJ4Lo,19,11.01,0.0,30.0,80.0,0.005,0.1,0.15,0.0,mad_only
4VKiwmQJ4Lo,20,11.450000000000001,0.0,30.0,80.0,0.005,0.1,0.15,0.0,mad_only
4VKiwmQJ4Lo,21,11.93,0.0,30.0,80.0,0.005,0.1,0.15,0.0,mad_only
4VKiwmQJ4Lo,22,12.355,0.0,30.0,80.0,0.005,0.1,0.15,0.0,mad_only
4VKiwmQJ4Lo,23,12.83,0.0,30.0,80.0,0.005,0.1,0.15,0.0,mad_only
4VKiwmQJ4Lo,24,13.280000000000001,0.0,30.0,80.0,0.005,0.1,0.15,0.0,mad_only
4VKiwmQJ4Lo,25,13.77,0.0,30.0,80.0,0.005,0.1,0.15,0.0,mad_only
4VKiwmQJ4Lo,26,14.19,0.0,30.0,80.0,0.005,0.1,0.15,0.0,mad_only
4VKiwmQJ4Lo,27,14.655000000000001,0.0,30.0,80.0,0.005,0.1,0.15,0.0,mad_only
4VKiwmQJ4Lo,28,15.1,0.0,30.0,80.0,0.005,0.1,0.15,0.0,mad_only
4VKiwmQJ4Lo,29,15.565,0.0,30.0,80.0,0.005,0.1,0.15,0.0,mad_only
4VKiwmQJ4Lo,30,16.0,0.0,30.0,80.0,0.005,0.1,0.15,0.0,mad_only
4VKiwmQJ4Lo,31,16.475,0.0,30.0,80.0,0.005,0.1,0.15,0.0,mad_only
4VKiwmQJ4Lo,32,16.915,0.0,30.0,80.0,0.005,0.1,0.15,0.0,mad_only
4VKiwmQJ4Lo,33,17.38,0.0,30.0,80.0,0.005,0.1,0.15,0.0,mad_only
4VKiwmQJ4Lo,34,17.825,0.0,30.0,80.0,0.005,0.1,0.15,0.0,mad_only
4VKiwmQJ4Lo,35,18.305,0.0,30.0,80.0,0.005,0.1,0.15,0.0,mad_only
4VKiwmQJ4Lo,36,18.740000000000002,0.0,30.0,80.0,0.005,0.1,0.15,0.0,mad_only
4VKiwmQJ4Lo,37,19.205000000000002,0.0,30.0,80.0,0.005,0.1,0.15,0.0,mad_only
4VKiwmQJ4Lo,38,19.645,0.0,30.0,80.0,0.005,0.1,0.15,0.0,mad_only
4VKiwmQJ4Lo,39,20.115000000000002,0.0,30.0,80.0,0.005,0.1,0.15,0.0,mad_only
4VKiwmQJ4Lo,40,20.555,0.0,30.0,80.0,0.005,0.1,0.15,0.0,mad_only
4VKiwmQJ4Lo,41,21.02,0.0,30.0,80.0,0.005,0.1,0.15,0.0,mad_only
4VKiwmQJ4Lo,42,21.465,0.0,30.0,80.0,0.005,0.1,0.15,0.0,mad_only
4VKiwmQJ4Lo,43,21.945,0.0,30.0,80.0,0.005,0.1,0.15,0.0,mad_only
4VKiwmQJ4Lo,44,22.395,0.0,30.0,80.0,0.005,0.1,0.15,0.0,mad_only
4VKiwmQJ4Lo,45,22.865000000000002,0.0,30.0,80.0,0.005,0.1,0.15,0.0,mad_only
4VKiwmQJ4Lo,46,23.305,0.0,30.0,80.0,0.005,0.1,0.15,0.0,mad_only
4VKiwmQJ4Lo,47,23.785,0.0,30.0,80.0,0.005,0.1,0.15,0.0,mad_only
4VKiwmQJ4Lo,48,24.235,0.0,30.0,80.0,0.005,0.1,0.15,0.0,mad_only
4VKiwmQJ4Lo,49,24.69,0.0,30.0,80.0,0.005,0.1,0.15,0.0,mad_only
4VKiwmQJ4Lo,50,25.115000000000002,0.0,30.0,80.0,0.005,0.1,0.15,0.0,mad_only
4VKiwmQJ4Lo,51,25.57,0.0,30.0,80.0,0.005,0.1,0.15,0.0,mad_only
4VKiwmQJ4Lo,52,25.995,0.0,30.0,80.0,0.005,0.1,0.15,0.0,mad_only
4VKiwmQJ4Lo,53,26.46,0.0,30.0,80.0,0.005,0.1,0.15,0.0,mad_only
4VKiwmQJ4Lo,54,26.900000000000002,0.0,30.0,80.0,0.005,0.1,0.15,0.0,mad_only
4VKiwmQJ4Lo,55,27.385,0.0,30.0,80.0,0.005,0.1,0.15,0.0,mad_only
4VKiwmQJ4Lo,56,27.830000000000002,0.0,30.0,80.0,0.005,0.1,0.15,0.0,mad_only
4VKiwmQJ4Lo,57,28.305,0.0,30.0,80.0,0.005,0.1,0.15,0.0,mad_only
4VKiwmQJ4Lo,58,28.75,0.0,30.0,80.0,0.005,0.1,0.15,0.0,mad_only
4VKiwmQJ4Lo,59,29.215,0.0,30.0,80.0,0.005,0.1,0.15,0.0,mad_only
4VKiwmQJ4Lo,60,29.645,0.0,30.0,80.0,0.005,0.1,0.15,0.0,mad_only
4XIvB4rPehs,0,0.8150000000000001,0.0,30.0,80.0,0.005,0.1,0.15,0.0,mad_only
4XIvB4rPehs,1,1.745,0.0,30.0,80.0,0.005,0.1,0.15,0.0,mad_only
4XIvB4rPehs,2,2.29,0.0,30.0,80.0,0.005,0.1,0.15,0.0,mad_only
4XIvB4rPehs,3,2.94,0.0,30.0,80.0,0.005,0.1,0.15,0.0,mad_only
4XIvB4rPehs,4,3.565,0.0,30.0,80.0,0.005,0.1,0.15,0.0,mad_only
4XIvB4rPehs,5,4.18,0.0,30.0,80.0,0.005,0.1,0.15,0.0,mad_only
4XIvB4rPehs,6,4.74,0.0,30.0,80.0,0.005,0.1,0.15,0.0,mad_only
4XIvB4rPehs,7,5.375,0.0,30.0,80.0,0.005,0.1,0.15,0.0,mad_only
4XIvB4rPehs,8,5.985,0.0,30.0,80.0,0.005,0.1,0.15,0.0,mad_only
4XIvB4rPehs,9,6.61,0.0,30.0,80.0,0.005,0.1,0.15,0.0,mad_only
4XIvB4rPehs,10,7.2,0.0,30.0,80.0,0.005,0.1,0.15,0.0,mad_only
4XIvB4rPehs,11,7.84,0.0,30.0,80.0,0.005,0.1,0.15,0.0,mad_only
4XIvB4rPehs,12,8.435,0.0,30.0,80.0,0.005,0.1,0.15,0.0,mad_only
4XIvB4rPehs,13,9.05,0.0,30.0,80.0,0.005,0.1,0.15,0.0,mad_only
4XIvB4rPehs,14,9.655,0.0,30.0,80.0,0.005,0.1,0.15,0.0,mad_only
4XIvB4rPehs,15,10.285,0.0,30.0,80.0,0.005,0.1,0.15,0.0,mad_only
4XIvB4rPehs,16,10.88,0.0,30.0,80.0,0.005,0.1,0.15,0.0,mad_only
4XIvB4rPehs,17,11.51,0.0,30.0,80.0,0.005,0.1,0.15,0.0,mad_only
4XIvB4rPehs,18,12.120000000000001,0.0,30.0,80.0,0.005,0.1,0.15,0.0,mad_only
4XIvB4rPehs,19,12.73,0.0,30.0,80.0,0.005,0.1,0.15,0.0,mad_only
4XIvB4rPehs,20,13.33,0.0,30.0,80.0,0.005,0.1,0.15,0.0,mad_only
4XIvB4rPehs,21,13.935,0.0,30.0,80.0,0.005,0.1,0.15,0.0,mad_only
4XIvB4rPehs,22,14.525,0.0,30.0,80.0,0.005,0.1,0.15,0.0,mad_only
4XIvB4rPehs,23,15.17,0.0,30.0,80.0,0.005,0.1,0.15,0.0,mad_only
4XIvB4rPehs,24,15.77,0.0,30.0,80.0,0.005,0.1,0.15,0.0,mad_only
4XIvB4rPehs,25,16.41,0.0,30.0,80.0,0.005,0.1,0.15,0.0,mad_only
4XIvB4rPehs,26,16.98,0.0,30.0,80.0,0.005,0.1,0.15,0.0,mad_only
4XIvB4rPehs,27,17.63,0.0,30.0,80.0,0.005,0.1,0.15,0.0,mad_only
4XIvB4rPehs,28,18.22,0.0,30.0,80.0,0.005,0.1,0.15,0.0,mad_only
4XIvB4rPehs,29,18.830000000000002,0.0,30.0,80.0,0.005,0.1,0.15,0.0,mad_only
4XIvB4rPehs,30,19.43,0.0,30.0,80.0,0.005,0.1,0.15,0.0,mad_only
4XIvB4rPehs,31,20.065,0.0,30.0,80.0,0.005,0.1,0.15,0.0,mad_only
4XIvB4rPehs,32,20.655,0.0,30.0,80.0,0.005,0.1,0.15,0.0,mad_only
4XIvB4rPehs,33,21.285,0.0,30.0,80.0,0.005,0.1,0.15,0.0,mad_only
4XIvB4rPehs,34,21.885,0.0,30.0,80.0,0.005,0.1,0.15,0.0,mad_only
4XIvB4rPehs,35,22.52,0.0,30.0,80.0,0.005,0.1,0.15,0.0,mad_only
4XIvB4rPehs,36,23.105,0.0,30.0,80.0,0.005,0.1,0.15,0.0,mad_only
4XIvB4rPehs,37,23.740000000000002,0.0,30.0,80.0,0.005,0.1,0.15,0.0,mad_only
4XIvB4rPehs,38,24.330000000000002,0.0,30.0,80.0,0.005,0.1,0.15,0.0,mad_only
4XIvB4rPehs,39,24.965,0.0,30.0,80.0,0.005,0.1,0.15,0.0,mad_only
4XIvB4rPehs,40,25.555,0.0,30.0,80.0,0.005,0.1,0.15,0.0,mad_only
4XIvB4rPehs,41,26.195,0.0,30.0,80.0,0.005,0.1,0.15,0.0,mad_only
4XIvB4rPehs,42,26.79,0.0,30.0,80.0,0.005,0.1,0.15,0.0,mad_only
4XIvB4rPehs,43,27.42,0.0,30.0,80.0,0.005,0.1,0.15,0.0,mad_only
4XIvB4rPehs,44,28.025000000000002,0.0,30.0,80.0,0.005,0.1,0.15,0.0,mad_only
4XIvB4rPehs,45,28.645,0.0,30.0,80.0,0.005,0.1,0.15,0.0,mad_only
4XIvB4rPehs,46,29.245,0.0,30.0,80.0,0.005,0.1,0.15,0.0,mad_only
4XIvB4rPehs,47,29.855,0.0,30.0,80.0,0.005,0.1,0.15,0.0,mad_only
4liY0E7XBTw,0,1.845,0.0,30.0,80.0,0.005,0.1,0.15,0.0,mad_only
4liY0E7XBTw,1,2.3850000000000002,0.0,30.0,80.0,0.005,0.1,0.15,0.0,mad_only
4liY0E7XBTw,2,2.9250000000000003,0.0,30.0,80.0,0.005,0.1,0.15,0.0,mad_only
4liY0E7XBTw,3,3.475,0.0,30.0,80.0,0.005,0.1,0.15,0.0,mad_only
4liY0E7XBTw,4,4.0200000000000005,0.0,30.0,80.0,0.005,0.1,0.15,0.0,mad_only
4liY0E7XBTw,5,4.5600000000000005,0.0,30.0,80.0,0.005,0.1,0.15,0.0,mad_only
4liY0E7XBTw,6,5.095,0.0,30.0,80.0,0.005,0.1,0.15,0.0,mad_only
4liY0E7XBTw,7,5.64,0.0,30.0,80.0,0.005,0.1,0.15,0.0,mad_only
4liY0E7XBTw,8,6.17,0.0,30.0,80.0,0.005,0.1,0.15,0.0,mad_only
4liY0E7XBTw,9,6.72,0.0,30.0,80.0,0.005,0.1,0.15,0.0,mad_only
4liY0E7XBTw,10,7.26,0.0,30.0,80.0,0.005,0.1,0.15,0.0,mad_only
4liY0E7XBTw,11,7.815,0.0,30.0,80.0,0.005,0.1,0.15,0.0,mad_only
4liY0E7XBTw,12,8.36,0.0,30.0,80.0,0.005,0.1,0.15,0.0,mad_only
4liY0E7XBTw,13,8.89,0.0,30.0,80.0,0.005,0.1,0.15,0.0,mad_only
4liY0E7XBTw,14,9.435,0.0,30.0,80.0,0.005,0.1,0.15,0.0,mad_only
4liY0E7XBTw,15,9.98,0.0,30.0,80.0,0.005,0.1,0.15,0.0,mad_only
4liY0E7XBTw,16,10.540000000000001,0.0,30.0,80.0,0.005,0.1,0.15,0.0,mad_only
4liY0E7XBTw,17,11.085,0.0,30.0,80.0,0.005,0.1,0.15,0.0,mad_only
4liY0E7XBTw,18,11.625,0.0,30.0,80.0,0.005,0.1,0.15,0.0,mad_only
4liY0E7XBTw,19,12.165000000000001,0.0,30.0,80.0,0.005,0.1,0.15,0.0,mad_only
4liY0E7XBTw,20,12.71,0.0,30.0,80.0,0.005,0.1,0.15,0.0,mad_only
4liY0E7XBTw,21,13.25,0.0,30.0,80.0,0.005,0.1,0.15,0.0,mad_only
4liY0E7XBTw,22,13.8,0.0,30.0,80.0,0.005,0.1,0.15,0.0,mad_only
4liY0E7XBTw,23,14.355,0.0,30.0,80.0,0.005,0.1,0.15,0.0,mad_only
4liY0E7XBTw,24,14.905000000000001,0.0,30.0,80.0,0.005,0.1,0.15,0.0,mad_only
4liY0E7XBTw,25,15.44,0.0,30.0,80.0,0.005,0.1,0.15,0.0,mad_only
4liY0E7XBTw,26,15.985000000000001,0.0,30.0,80.0,0.005,0.1,0.15,0.0,mad_only
4liY0E7XBTw,27,16.53,0.0,30.0,80.0,0.005,0.1,0.15,0.0,mad_only
4liY0E7XBTw,28,17.080000000000002,0.0,30.0,80.0,0.005,0.1,0.15,0.0,mad_only
4liY0E7XBTw,29,17.62,0.0,30.0,80.0,0.005,0.1,0.15,0.0,mad_only
4liY0E7XBTw,30,18.175,0.0,30.0,80.0,0.005,0.1,0.15,0.0,mad_only
4liY0E7XBTw,31,18.71,0.0,30.0,80.0,0.005,0.1,0.15,0.0,mad_only
4liY0E7XBTw,32,19.265,0.0,30.0,80.0,0.005,0.1,0.15,0.0,mad_only
4liY0E7XBTw,33,19.81,0.0,30.0,80.0,0.005,0.1,0.15,0.0,mad_only
4liY0E7XBTw,34,20.35,0.0,30.0,80.0,0.005,0.1,0.15,0.0,mad_only
4liY0E7XBTw,35,20.895,0.0,30.0,80.0,0.005,0.1,0.15,0.0,mad_only
4liY0E7XBTw,36,21.445,0.0,30.0,80.0,0.005,0.1,0.15,0.0,mad_only
4liY0E7XBTw,37,21.985,0.0,30.0,80.0,0.005,0.1,0.15,0.0,mad_only
4liY0E7XBTw,38,22.54,0.0,30.0,80.0,0.005,0.1,0.15,0.0,mad_only
4liY0E7XBTw,39,23.075,0.0,30.0,80.0,0.005,0.1,0.15,0.0,mad_only
4liY0E7XBTw,40,23.615000000000002,0.0,30.0,80.0,0.005,0.1,0.15,0.0,mad_only
4liY0E7XBTw,41,24.155,0.0,30.0,80.0,0.005,0.1,0.15,0.0,mad_only
4liY0E7XBTw,42,24.72,0.0,30.0,80.0,0.005,0.1,0.15,0.0,mad_only
4liY0E7XBTw,43,25.265,0.0,30.0,80.0,0.005,0.1,0.15,0.0,mad_only
4liY0E7XBTw,44,25.815,0.0,30.0,80.0,0.005,0.1,0.15,0.0,mad_only
4liY0E7XBTw,45,26.355,0.0,30.0,80.0,0.005,0.1,0.15,0.0,mad_only
4liY0E7XBTw,46,26.900000000000002,0.0,30.0,80.0,0.005,0.1,0.15,0.0,mad_only
4liY0E7XBTw,47,27.445,0.0,30.0,80.0,0.005,0.1,0.15,0.0,mad_only
4liY0E7XBTw,48,27.985,0.0,30.0,80.0,0.005,0.1,0.15,0.0,mad_only
4liY0E7XBTw,49,28.53,0.0,30.0,80.0,0.005,0.1,0.15,0.0,mad_only
4liY0E7XBTw,50,29.075,0.0,30.0,80.0,0.005,0.1,0.15,0.0,mad_only
4liY0E7XBTw,51,29.615000000000002,0.0,30.0,80.0,0.005,0.1,0.15,0.0,mad_only
4nbBTmGOusA,0,0.6900000000000001,0.0,30.0,80.0,0.005,0.1,0.15,0.0,mad_only
4nbBTmGOusA,1,3.975,0.0,30.0,80.0,0.005,0.1,0.15,0.0,mad_only
4nbBTmGOusA,2,4.47,0.0,30.0,80.0,0.005,0.1,0.15,0.0,mad_only
4nbBTmGOusA,3,4.905,0.0,30.0,80.0,0.005,0.1,0.15,0.0,mad_only
4nbBTmGOusA,4,5.3100000000000005,0.0,30.0,80.0,0.005,0.1,0.15,0.0,mad_only
4nbBTmGOusA,5,5.7250000000000005,0.0,30.0,80.0,0.005,0.1,0.15,0.0,mad_only
4nbBTmGOusA,6,6.195,0.0,30.0,80.0,0.005,0.1,0.15,0.0,mad_only
4nbBTmGOusA,7,6.635,0.0,30.0,80.0,0.005,0.1,0.15,0.0,mad_only
4nbBTmGOusA,8,7.085,0.0,30.0,80.0,0.005,0.1,0.15,0.0,mad_only
4nbBTmGOusA,9,7.525,0.0,30.0,80.0,0.005,0.1,0.15,0.0,mad_only
4nbBTmGOusA,10,7.97,0.0,30.0,80.0,0.005,0.1,0.15,0.0,mad_only
4nbBTmGOusA,11,8.425,0.0,30.0,80.0,0.005,0.1,0.15,0.0,mad_only
4nbBTmGOusA,12,8.86,0.0,30.0,80.0,0.005,0.1,0.15,0.0,mad_only
4nbBTmGOusA,13,9.275,0.0,30.0,80.0,0.005,0.1,0.15,0.0,mad_only
4nbBTmGOusA,14,9.72,0.0,30.0,80.0,0.005,0.1,0.15,0.0,mad_only
4nbBTmGOusA,15,10.165000000000001,0.0,30.0,80.0,0.005,0.1,0.15,0.0,mad_only
4nbBTmGOusA,16,10.605,0.0,30.0,80.0,0.005,0.1,0.15,0.0,mad_only
4nbBTmGOusA,17,11.075000000000001,0.0,30.0,80.0,0.005,0.1,0.15,0.0,mad_only
4nbBTmGOusA,18,11.51,0.0,30.0,80.0,0.005,0.1,0.15,0.0,mad_only
4nbBTmGOusA,19,11.96,0.0,30.0,80.0,0.005,0.1,0.15,0.0,mad_only
4nbBTmGOusA,20,12.39,0.0,30.0,80.0,0.005,0.1,0.15,0.0,mad_only
4nbBTmGOusA,21,12.845,0.0,30.0,80.0,0.005,0.1,0.15,0.0,mad_only
4nbBTmGOusA,22,13.285,0.0,30.0,80.0,0.005,0.1,0.15,0.0,mad_only
4nbBTmGOusA,23,13.735,0.0,30.0,80.0,0.005,0.1,0.15,0.0,mad_only
4nbBTmGOusA,24,14.155000000000001,0.0,30.0,80.0,0.005,0.1,0.15,0.0,mad_only
4nbBTmGOusA,25,14.59,0.0,30.0,80.0,0.005,0.1,0.15,0.0,mad_only
4nbBTmGOusA,26,15.02,0.0,30.0,80.0,0.005,0.1,0.15,0.0,mad_only
4nbBTmGOusA,27,15.475,0.0,30.0,80.0,0.005,0.1,0.15,0.0,mad_only
4nbBTmGOusA,28,15.905000000000001,0.0,30.0,80.0,0.005,0.1,0.15,0.0,mad_only
4nbBTmGOusA,29,16.355,0.0,30.0,80.0,0.005,0.1,0.15,0.0,mad_only
4nbBTmGOusA,30,16.795,0.0,30.0,80.0,0.005,0.1,0.15,0.0,mad_only
4nbBTmGOusA,31,17.240000000000002,0.0,30.0,80.0,0.005,0.1,0.15,0.0,mad_only
4nbBTmGOusA,32,17.675,0.0,30.0,80.0,0.005,0.1,0.15,0.0,mad_only
4nbBTmGOusA,33,18.125,0.0,30.0,80.0,0.005,0.1,0.15,0.0,mad_only
4nbBTmGOusA,34,18.575,0.0,30.0,80.0,0.005,0.1,0.15,0.0,mad_only
4nbBTmGOusA,35,19.02,0.0,30.0,80.0,0.005,0.1,0.15,0.0,mad_only
4nbBTmGOusA,36,19.435,0.0,30.0,80.0,0.005,0.1,0.15,0.0,mad_only
4nbBTmGOusA,37,19.885,0.0,30.0,80.0,0.005,0.1,0.15,0.0,mad_only
4nbBTmGOusA,38,20.32,0.0,30.0,80.0,0.005,0.1,0.15,0.0,mad_only
4nbBTmGOusA,39,20.755,0.0,30.0,80.0,0.005,0.1,0.15,0.0,mad_only
4nbBTmGOusA,40,21.2,0.0,30.0,80.0,0.005,0.1,0.15,0.0,mad_only
4nbBTmGOusA,41,21.650000000000002,0.0,30.0,80.0,0.005,0.1,0.15,0.0,mad_only
4nbBTmGOusA,42,22.075,0.0,30.0,80.0,0.005,0.1,0.15,0.0,mad_only
4nbBTmGOusA,43,22.525000000000002,0.0,30.0,80.0,0.005,0.1,0.15,0.0,mad_only
4nbBTmGOusA,44,22.97,0.0,30.0,80.0,0.005,0.1,0.15,0.0,mad_only
4nbBTmGOusA,45,23.41,0.0,30.0,80.0,0.005,0.1,0.15,0.0,mad_only
4nbBTmGOusA,46,23.855,0.0,30.0,80.0,0.005,0.1,0.15,0.0,mad_only
4nbBTmGOusA,47,24.295,0.0,30.0,80.0,0.005,0.1,0.15,0.0,mad_only
4nbBTmGOusA,48,24.72,0.0,30.0,80.0,0.005,0.1,0.15,0.0,mad_only
4nbBTmGOusA,49,25.19,0.0,30.0,80.0,0.005,0.1,0.15,0.0,mad_only
4nbBTmGOusA,50,25.63,0.0,30.0,80.0,0.005,0.1,0.15,0.0,mad_only
4nbBTmGOusA,51,26.065,0.0,30.0,80.0,0.005,0.1,0.15,0.0,mad_only
4nbBTmGOusA,52,26.5,0.0,30.0,80.0,0.005,0.1,0.15,0.0,mad_only
4nbBTmGOusA,53,26.945,0.0,30.0,80.0,0.005,0.1,0.15,0.0,mad_only
4nbBTmGOusA,54,27.395,0.0,30.0,80.0,0.005,0.1,0.15,0.0,mad_only
4nbBTmGOusA,55,27.830000000000002,0.0,30.0,80.0,0.005,0.1,0.15,0.0,mad_only
4nbBTmGOusA,56,28.265,0.0,30.0,80.0,0.005,0.1,0.15,0.0,mad_only
4nbBTmGOusA,57,28.695,0.0,30.0,80.0,0.005,0.1,0.15,0.0,mad_only
4nbBTmGOusA,58,29.135,0.0,30.0,80.0,0.005,0.1,0.15,0.0,mad_only
4nbBTmGOusA,59,29.585,0.0,30.0,80.0,0.005,0.1,0.15,0.0,mad_only
55W2LxbQoHc,0,1.285,0.0,30.0,80.0,0.005,0.1,0.15,0.0,mad_only
55W2LxbQoHc,1,1.7850000000000001,0.0,30.0,80.0,0.005,0.1,0.15,0.0,mad_only
55W2LxbQoHc,2,2.3000000000000003,0.0,30.0,80.0,0.005,0.1,0.15,0.0,mad_only
55W2LxbQoHc,3,3.065,0.0,30.0,80.0,0.005,0.1,0.15,0.0,mad_only
55W2LxbQoHc,4,3.6550000000000002,0.0,30.0,80.0,0.005,0.1,0.15,0.0,mad_only
55W2LxbQoHc,5,4.245,0.0,30.0,80.0,0.005,0.1,0.15,0.0,mad_only
55W2LxbQoHc,6,4.855,0.0,30.0,80.0,0.005,0.1,0.15,0.0,mad_only
55W2LxbQoHc,7,5.455,0.0,30.0,80.0,0.005,0.1,0.15,0.0,mad_only
55W2LxbQoHc,8,6.03,0.0,30.0,80.0,0.005,0.1,0.15,0.0,mad_only
55W2LxbQoHc,9,6.65,0.0,30.0,80.0,0.005,0.1,0.15,0.0,mad_only
55W2LxbQoHc,10,7.24,0.0,30.0,80.0,0.005,0.1,0.15,0.0,mad_only
55W2LxbQoHc,11,7.84,0.0,30.0,80.0,0.005,0.1,0.15,0.0,mad_only
55W2LxbQoHc,12,8.44,0.0,30.0,80.0,0.005,0.1,0.15,0.0,mad_only
55W2LxbQoHc,13,9.035,0.0,30.0,80.0,0.005,0.1,0.15,0.0,mad_only
55W2LxbQoHc,14,9.335,0.0,30.0,80.0,0.005,0.1,0.15,0.0,mad_only
55W2LxbQoHc,15,9.66,0.0,30.0,80.0,0.005,0.1,0.15,0.0,mad_only
55W2LxbQoHc,16,10.26,0.0,30.0,80.0,0.005,0.1,0.15,0.0,mad_only
55W2LxbQoHc,17,10.545,0.0,30.0,80.0,0.005,0.1,0.15,0.0,mad_only
55W2LxbQoHc,18,10.855,0.0,30.0,80.0,0.005,0.1,0.15,0.0,mad_only
55W2LxbQoHc,19,11.435,0.0,30.0,80.0,0.005,0.1,0.15,0.0,mad_only
55W2LxbQoHc,20,12.045,0.0,30.0,80.0,0.005,0.1,0.15,0.0,mad_only
55W2LxbQoHc,21,12.63,0.0,30.0,80.0,0.005,0.1,0.15,0.0,mad_only
55W2LxbQoHc,22,13.23,0.0,30.0,80.0,0.005,0.1,0.15,0.0,mad_only
55W2LxbQoHc,23,13.545,0.0,30.0,80.0,0.005,0.1,0.15,0.0,mad_only
55W2LxbQoHc,24,13.855,0.0,30.0,80.0,0.005,0.1,0.15,0.0,mad_only
55W2LxbQoHc,25,14.445,0.0,30.0,80.0,0.005,0.1,0.15,0.0,mad_only
55W2LxbQoHc,26,15.05,0.0,30.0,80.0,0.005,0.1,0.15,0.0,mad_only
55W2LxbQoHc,27,15.645,0.0,30.0,80.0,0.005,0.1,0.15,0.0,mad_only
55W2LxbQoHc,28,16.255,0.0,30.0,80.0,0.005,0.1,0.15,0.0,mad_only
55W2LxbQoHc,29,16.56,0.0,30.0,80.0,0.005,0.1,0.15,0.0,mad_only
55W2LxbQoHc,30,16.87,0.0,30.0,80.0,0.005,0.1,0.15,0.0,mad_only
55W2LxbQoHc,31,17.455000000000002,0.0,30.0,80.0,0.005,0.1,0.15,0.0,mad_only
55W2LxbQoHc,32,18.05,0.0,30.0,80.0,0.005,0.1,0.15,0.0,mad_only
55W2LxbQoHc,33,18.655,0.0,30.0,80.0,0.005,0.1,0.15,0.0,mad_only
55W2LxbQoHc,34,18.97,0.0,30.0,80.0,0.005,0.1,0.15,0.0,mad_only
55W2LxbQoHc,35,19.26,0.0,30.0,80.0,0.005,0.1,0.15,0.0,mad_only
55W2LxbQoHc,36,19.845,0.0,30.0,80.0,0.005,0.1,0.15,0.0,mad_only
55W2LxbQoHc,37,20.43,0.0,30.0,80.0,0.005,0.1,0.15,0.0,mad_only
55W2LxbQoHc,38,21.04,0.0,30.0,80.0,0.005,0.1,0.15,0.0,mad_only
55W2LxbQoHc,39,21.635,0.0,30.0,80.0,0.005,0.1,0.15,0.0,mad_only
55W2LxbQoHc,40,22.25,0.0,30.0,80.0,0.005,0.1,0.15,0.0,mad_only
55W2LxbQoHc,41,22.845,0.0,30.0,80.0,0.005,0.1,0.15,0.0,mad_only
55W2LxbQoHc,42,23.455000000000002,0.0,30.0,80.0,0.005,0.1,0.15,0.0,mad_only
55W2LxbQoHc,43,24.04,0.0,30.0,80.0,0.005,0.1,0.15,0.0,mad_only
55W2LxbQoHc,44,24.66,0.0,30.0,80.0,0.005,0.1,0.15,0.0,mad_only
55W2LxbQoHc,45,25.240000000000002,0.0,30.0,80.0,0.005,0.1,0.15,0.0,mad_only
55W2LxbQoHc,46,25.855,0.0,30.0,80.0,0.005,0.1,0.15,0.0,mad_only
55W2LxbQoHc,47,26.435000000000002,0.0,30.0,80.0,0.005,0.1,0.15,0.0,mad_only
55W2LxbQoHc,48,27.04,0.0,30.0,80.0,0.005,0.1,0.15,0.0,mad_only
55W2LxbQoHc,49,27.645,0.0,30.0,80.0,0.005,0.1,0.15,0.0,mad_only
55W2LxbQoHc,50,28.265,0.0,30.0,80.0,0.005,0.1,0.15,0.0,mad_only
55W2LxbQoHc,51,28.865000000000002,0.0,30.0,80.0,0.005,0.1,0.15,0.0,mad_only
55W2LxbQoHc,52,29.46,0.0,30.0,80.0,0.005,0.1,0.15,0.0,mad_only
5Fj-VIslrFc,0,0.9500000000000001,0.0,30.0,80.0,0.005,0.1,0.15,0.0,mad_only
5Fj-VIslrFc,1,1.4000000000000001,0.0,30.0,80.0,0.005,0.1,0.15,0.0,mad_only
5Fj-VIslrFc,2,1.9000000000000001,0.0,30.0,80.0,0.005,0.1,0.15,0.0,mad_only
5Fj-VIslrFc,3,2.445,0.0,30.0,80.0,0.005,0.1,0.15,0.0,mad_only
5Fj-VIslrFc,4,2.89,0.0,30.0,80.0,0.005,0.1,0.15,0.0,mad_only
5Fj-VIslrFc,5,3.495,0.0,30.0,80.0,0.005,0.1,0.15,0.0,mad_only
5Fj-VIslrFc,6,3.97,0.0,30.0,80.0,0.005,0.1,0.15,0.0,mad_only
5Fj-VIslrFc,7,4.45,0.0,30.0,80.0,0.005,0.1,0.15,0.0,mad_only
5Fj-VIslrFc,8,4.925,0.0,30.0,80.0,0.005,0.1,0.15,0.0,mad_only
5Fj-VIslrFc,9,5.4350000000000005,0.0,30.0,80.0,0.005,0.1,0.15,0.0,mad_only
5Fj-VIslrFc,10,5.955,0.0,30.0,80.0,0.005,0.1,0.15,0.0,mad_only
5Fj-VIslrFc,11,6.445,0.0,30.0,80.0,0.005,0.1,0.15,0.0,mad_only
5Fj-VIslrFc,12,6.955,0.0,30.0,80.0,0.005,0.1,0.15,0.0,mad_only
5Fj-VIslrFc,13,7.43,0.0,30.0,80.0,0.005,0.1,0.15,0.0,mad_only
5Fj-VIslrFc,14,7.930000000000001,0.0,30.0,80.0,0.005,0.1,0.15,0.0,mad_only
5Fj-VIslrFc,15,8.425,0.0,30.0,80.0,0.005,0.1,0.15,0.0,mad_only
5Fj-VIslrFc,16,8.92,0.0,30.0,80.0,0.005,0.1,0.15,0.0,mad_only
5Fj-VIslrFc,17,9.425,0.0,30.0,80.0,0.005,0.1,0.15,0.0,mad_only
5Fj-VIslrFc,18,9.925,0.0,30.0,80.0,0.005,0.1,0.15,0.0,mad_only
5Fj-VIslrFc,19,10.44,0.0,30.0,80.0,0.005,0.1,0.15,0.0,mad_only
5Fj-VIslrFc,20,10.950000000000001,0.0,30.0,80.0,0.005,0.1,0.15,0.0,mad_only
5Fj-VIslrFc,21,11.44,0.0,30.0,80.0,0.005,0.1,0.15,0.0,mad_only
5Fj-VIslrFc,22,11.935,0.0,30.0,80.0,0.005,0.1,0.15,0.0,mad_only
5Fj-VIslrFc,23,12.425,0.0,30.0,80.0,0.005,0.1,0.15,0.0,mad_only
5Fj-VIslrFc,24,12.92,0.0,30.0,80.0,0.005,0.1,0.15,0.0,mad_only
5Fj-VIslrFc,25,13.435,0.0,30.0,80.0,0.005,0.1,0.15,0.0,mad_only
5Fj-VIslrFc,26,13.94,0.0,30.0,80.0,0.005,0.1,0.15,0.0,mad_only
5Fj-VIslrFc,27,14.43,0.0,30.0,80.0,0.005,0.1,0.15,0.0,mad_only
5Fj-VIslrFc,28,14.935,0.0,30.0,80.0,0.005,0.1,0.15,0.0,mad_only
5Fj-VIslrFc,29,15.435,0.0,30.0,80.0,0.005,0.1,0.15,0.0,mad_only
5Fj-VIslrFc,30,15.935,0.0,30.0,80.0,0.005,0.1,0.15,0.0,mad_only
5Fj-VIslrFc,31,16.43,0.0,30.0,80.0,0.005,0.1,0.15,0.0,mad_only
5Fj-VIslrFc,32,16.945,0.0,30.0,80.0,0.005,0.1,0.15,0.0,mad_only
5Fj-VIslrFc,33,17.435,0.0,30.0,80.0,0.005,0.1,0.15,0.0,mad_only
5Fj-VIslrFc,34,17.92,0.0,30.0,80.0,0.005,0.1,0.15,0.0,mad_only
5Fj-VIslrFc,35,18.435,0.0,30.0,80.0,0.005,0.1,0.15,0.0,mad_only
5Fj-VIslrFc,36,18.94,0.0,30.0,80.0,0.005,0.1,0.15,0.0,mad_only
5Fj-VIslrFc,37,19.44,0.0,30.0,80.0,0.005,0.1,0.15,0.0,mad_only
5Fj-VIslrFc,38,19.97,0.0,30.0,80.0,0.005,0.1,0.15,0.0,mad_only
5Fj-VIslrFc,39,20.475,0.0,30.0,80.0,0.005,0.1,0.15,0.0,mad_only
5Fj-VIslrFc,40,21.025000000000002,0.0,30.0,80.0,0.005,0.1,0.15,0.0,mad_only
5Fj-VIslrFc,41,21.57,0.0,30.0,80.0,0.005,0.1,0.15,0.0,mad_only
5Fj-VIslrFc,42,22.07,0.0,30.0,80.0,0.005,0.1,0.15,0.0,mad_only
5Fj-VIslrFc,43,22.625,0.0,30.0,80.0,0.005,0.1,0.15,0.0,mad_only
5Fj-VIslrFc,44,23.095,0.0,30.0,80.0,0.005,0.1,0.15,0.0,mad_only
5Fj-VIslrFc,45,23.625,0.0,30.0,80.0,0.005,0.1,0.15,0.0,mad_only
5Fj-VIslrFc,46,24.125,0.0,30.0,80.0,0.005,0.1,0.15,0.0,mad_only
5Fj-VIslrFc,47,26.2,0.0,30.0,80.0,0.005,0.1,0.15,0.0,mad_only
5Fj-VIslrFc,48,26.6,0.0,30.0,80.0,0.005,0.1,0.15,0.0,mad_only
5Fj-VIslrFc,49,27.080000000000002,0.0,30.0,80.0,0.005,0.1,0.15,0.0,mad_only
5Fj-VIslrFc,50,27.555,0.0,30.0,80.0,0.005,0.1,0.15,0.0,mad_only
5Fj-VIslrFc,51,28.060000000000002,0.0,30.0,80.0,0.005,0.1,0.15,0.0,mad_only
5Fj-VIslrFc,52,28.575,0.0,30.0,80.0,0.005,0.1,0.15,0.0,mad_only
5Fj-VIslrFc,53,29.080000000000002,0.0,30.0,80.0,0.005,0.1,0.15,0.0,mad_only
5Fj-VIslrFc,54,29.575,0.0,30.0,80.0,0.005,0.1,0.15,0.0,mad_only
5bF0V6bAwjc,0,0.8200000000000001,0.0,30.0,80.0,0.005,0.1,0.15,0.0,mad_only
5bF0V6bAwjc,1,1.865,0.0,30.0,80.0,0.005,0.1,0.15,0.0,mad_only
5bF0V6bAwjc,2,2.5,0.0,30.0,80.0,0.005,0.1,0.15,0.0,mad_only
5bF0V6bAwjc,3,3.075,0.0,30.0,80.0,0.005,0.1,0.15,0.0,mad_only
5bF0V6bAwjc,4,3.88,0.0,30.0,80.0,0.005,0.1,0.15,0.0,mad_only
5bF0V6bAwjc,5,4.5600000000000005,0.0,30.0,80.0,0.005,0.1,0.15,0.0,mad_only
5bF0V6bAwjc,6,5.275,0.0,30.0,80.0,0.005,0.1,0.15,0.0,mad_only
5bF0V6bAwjc,7,5.96,0.0,30.0,80.0,0.005,0.1,0.15,0.0,mad_only
5bF0V6bAwjc,8,6.7,0.0,30.0,80.0,0.005,0.1,0.15,0.0,mad_only
5bF0V6bAwjc,9,7.425,0.0,30.0,80.0,0.005,0.1,0.15,0.0,mad_only
5bF0V6bAwjc,10,8.13,0.0,30.0,80.0,0.005,0.1,0.15,0.0,mad_only
5bF0V6bAwjc,11,8.805,0.0,30.0,80.0,0.005,0.1,0.15,0.0,mad_only
5bF0V6bAwjc,12,9.21,0.0,30.0,80.0,0.005,0.1,0.15,0.0,mad_only
5bF0V6bAwjc,13,9.545,0.0,30.0,80.0,0.005,0.1,0.15,0.0,mad_only
5bF0V6bAwjc,14,10.26,0.0,30.0,80.0,0.005,0.1,0.15,0.0,mad_only
5bF0V6bAwjc,15,10.96,0.0,30.0,80.0,0.005,0.1,0.15,0.0,mad_only
5bF0V6bAwjc,16,11.665000000000001,0.0,30.0,80.0,0.005,0.1,0.15,0.0,mad_only
5bF0V6bAwjc,17,12.045,0.0,30.0,80.0,0.005,0.1,0.15,0.0,mad_only
5bF0V6bAwjc,18,12.38,0.0,30.0,80.0,0.005,0.1,0.15,0.0,mad_only
5bF0V6bAwjc,19,13.11,0.0,30.0,80.0,0.005,0.1,0.15,0.0,mad_only
5bF0V6bAwjc,20,13.82,0.0,30.0,80.0,0.005,0.1,0.15,0.0,mad_only
5bF0V6bAwjc,21,14.545,0.0,30.0,80.0,0.005,0.1,0.15,0.0,mad_only
5bF0V6bAwjc,22,14.895,0.0,30.0,80.0,0.005,0.1,0.15,0.0,mad_only
5bF0V6bAwjc,23,15.255,0.0,30.0,80.0,0.005,0.1,0.15,0.0,mad_only
5bF0V6bAwjc,24,15.63,0.0,30.0,80.0,0.005,0.1,0.15,0.0,mad_only
5bF0V6bAwjc,25,15.96,0.0,30.0,80.0,0.005,0.1,0.15,0.0,mad_only
5bF0V6bAwjc,26,16.67,0.0,30.0,80.0,0.005,0.1,0.15,0.0,mad_only
5bF0V6bAwjc,27,17.035,0.0,30.0,80.0,0.005,0.1,0.15,0.0,mad_only
5bF0V6bAwjc,28,17.395,0.0,30.0,80.0,0.005,0.1,0.15,0.0,mad_only
5bF0V6bAwjc,29,17.755,0.0,30.0,80.0,0.005,0.1,0.15,0.0,mad_only
5bF0V6bAwjc,30,18.125,0.0,30.0,80.0,0.005,0.1,0.15,0.0,mad_only
5bF0V6bAwjc,31,18.825,0.0,30.0,80.0,0.005,0.1,0.15,0.0,mad_only
5bF0V6bAwjc,32,19.545,0.0,30.0,80.0,0.005,0.1,0.15,0.0,mad_only
5bF0V6bAwjc,33,20.26,0.0,30.0,80.0,0.005,0.1,0.15,0.0,mad_only
5bF0V6bAwjc,34,20.595,0.0,30.0,80.0,0.005,0.1,0.15,0.0,mad_only
5bF0V6bAwjc,35,20.97,0.0,30.0,80.0,0.005,0.1,0.15,0.0,mad_only
5bF0V6bAwjc,36,21.7,0.0,30.0,80.0,0.005,0.1,0.15,0.0,mad_only
5bF0V6bAwjc,37,22.395,0.0,30.0,80.0,0.005,0.1,0.15,0.0,mad_only
5bF0V6bAwjc,38,23.105,0.0,30.0,80.0,0.005,0.1,0.15,0.0,mad_only
5bF0V6bAwjc,39,23.47,0.0,30.0,80.0,0.005,0.1,0.15,0.0,mad_only
5bF0V6bAwjc,40,23.82,0.0,30.0,80.0,0.005,0.1,0.15,0.0,mad_only
5bF0V6bAwjc,41,24.185000000000002,0.0,30.0,80.0,0.005,0.1,0.15,0.0,mad_only
5bF0V6bAwjc,42,24.54,0.0,30.0,80.0,0.005,0.1,0.15,0.0,mad_only
5bF0V6bAwjc,43,24.89,0.0,30.0,80.0,0.005,0.1,0.15,0.0,mad_only
5bF0V6bAwjc,44,25.255,0.0,30.0,80.0,0.005,0.1,0.15,0.0,mad_only
5bF0V6bAwjc,45,25.6,0.0,30.0,80.0,0.005,0.1,0.15,0.0,mad_only
5bF0V6bAwjc,46,25.98,0.0,30.0,80.0,0.005,0.1,0.15,0.0,mad_only
5bF0V6bAwjc,47,26.310000000000002,0.0,30.0,80.0,0.005,0.1,0.15,0.0,mad_only
5bF0V6bAwjc,48,26.7,0.0,30.0,80.0,0.005,0.1,0.15,0.0,mad_only
5bF0V6bAwjc,49,27.405,0.0,30.0,80.0,0.005,0.1,0.15,0.0,mad_only
5bF0V6bAwjc,50,28.11,0.0,30.0,80.0,0.005,0.1,0.15,0.0,mad_only
5bF0V6bAwjc,51,28.815,0.0,30.0,80.0,0.005,0.1,0.15,0.0,mad_only
5bF0V6bAwjc,52,29.525000000000002,0.0,30.0,80.0,0.005,0.1,0.15,0.0,mad_only
5sIaUu2igUY,0,1.475,0.0,30.0,80.0,0.005,0.1,0.15,0.0,mad_only
5sIaUu2igUY,1,1.7750000000000001,0.0,30.0,80.0,0.005,0.1,0.15,0.0,mad_only
5sIaUu2igUY,2,2.095,0.0,30.0,80.0,0.005,0.1,0.15,0.0,mad_only
5sIaUu2igUY,3,2.41,0.0,30.0,80.0,0.005,0.1,0.15,0.0,mad_only
5sIaUu2igUY,4,2.735,0.0,30.0,80.0,0.005,0.1,0.15,0.0,mad_only
5sIaUu2igUY,5,3.055,0.0,30.0,80.0,0.005,0.1,0.15,0.0,mad_only
5sIaUu2igUY,6,3.37,0.0,30.0,80.0,0.005,0.1,0.15,0.0,mad_only
5sIaUu2igUY,7,3.67,0.0,30.0,80.0,0.005,0.1,0.15,0.0,mad_only
5sIaUu2igUY,8,3.99,0.0,30.0,80.0,0.005,0.1,0.15,0.0,mad_only
5sIaUu2igUY,9,4.305,0.0,30.0,80.0,0.005,0.1,0.15,0.0,mad_only
5sIaUu2igUY,10,4.615,0.0,30.0,80.0,0.005,0.1,0.15,0.0,mad_only
5sIaUu2igUY,11,4.9350000000000005,0.0,30.0,80.0,0.005,0.1,0.15,0.0,mad_only
5sIaUu2igUY,12,5.245,0.0,30.0,80.0,0.005,0.1,0.15,0.0,mad_only
5sIaUu2igUY,13,5.57,0.0,30.0,80.0,0.005,0.1,0.15,0.0,mad_only
5sIaUu2igUY,14,5.875,0.0,30.0,80.0,0.005,0.1,0.15,0.0,mad_only
5sIaUu2igUY,15,6.19,0.0,30.0,80.0,0.005,0.1,0.15,0.0,mad_only
5sIaUu2igUY,16,6.5200000000000005,0.0,30.0,80.0,0.005,0.1,0.15,0.0,mad_only
5sIaUu2igUY,17,6.825,0.0,30.0,80.0,0.005,0.1,0.15,0.0,mad_only
5sIaUu2igUY,18,7.1450000000000005,0.0,30.0,80.0,0.005,0.1,0.15,0.0,mad_only
5sIaUu2igUY,19,7.47,0.0,30.0,80.0,0.005,0.1,0.15,0.0,mad_only
5sIaUu2igUY,20,7.775,0.0,30.0,80.0,0.005,0.1,0.15,0.0,mad_only
5sIaUu2igUY,21,8.105,0.0,30.0,80.0,0.005,0.1,0.15,0.0,mad_only
5sIaUu2igUY,22,8.71,0.0,30.0,80.0,0.005,0.1,0.15,0.0,mad_only
5sIaUu2igUY,23,9.03,0.0,30.0,80.0,0.005,0.1,0.15,0.0,mad_only
5sIaUu2igUY,24,9.345,0.0,30.0,80.0,0.005,0.1,0.15,0.0,mad_only
5sIaUu2igUY,25,9.98,0.0,30.0,80.0,0.005,0.1,0.15,0.0,mad_only
5sIaUu2igUY,26,10.6,0.0,30.0,80.0,0.005,0.1,0.15,0.0,mad_only
5sIaUu2igUY,27,11.235,0.0,30.0,80.0,0.005,0.1,0.15,0.0,mad_only
5sIaUu2igUY,28,11.86,0.0,30.0,80.0,0.005,0.1,0.15,0.0,mad_only
5sIaUu2igUY,29,12.495000000000001,0.0,30.0,80.0,0.005,0.1,0.15,0.0,mad_only
5sIaUu2igUY,30,12.805,0.0,30.0,80.0,0.005,0.1,0.15,0.0,mad_only
5sIaUu2igUY,31,13.13,0.0,30.0,80.0,0.005,0.1,0.15,0.0,mad_only
5sIaUu2igUY,32,13.445,0.0,30.0,80.0,0.005,0.1,0.15,0.0,mad_only
5sIaUu2igUY,33,13.755,0.0,30.0,80.0,0.005,0.1,0.15,0.0,mad_only
5sIaUu2igUY,34,14.08,0.0,30.0,80.0,0.005,0.1,0.15,0.0,mad_only
5sIaUu2igUY,35,14.395,0.0,30.0,80.0,0.005,0.1,0.15,0.0,mad_only
5sIaUu2igUY,36,14.71,0.0,30.0,80.0,0.005,0.1,0.15,0.0,mad_only
5sIaUu2igUY,37,15.030000000000001,0.0,30.0,80.0,0.005,0.1,0.15,0.0,mad_only
5sIaUu2igUY,38,15.335,0.0,30.0,80.0,0.005,0.1,0.15,0.0,mad_only
5sIaUu2igUY,39,15.66,0.0,30.0,80.0,0.005,0.1,0.15,0.0,mad_only
5sIaUu2igUY,40,16.28,0.0,30.0,80.0,0.005,0.1,0.15,0.0,mad_only
5sIaUu2igUY,41,16.59,0.0,30.0,80.0,0.005,0.1,0.15,0.0,mad_only
5sIaUu2igUY,42,16.915,0.0,30.0,80.0,0.005,0.1,0.15,0.0,mad_only
5sIaUu2igUY,43,17.22,0.0,30.0,80.0,0.005,0.1,0.15,0.0,mad_only
5sIaUu2igUY,44,17.535,0.0,30.0,80.0,0.005,0.1,0.15,0.0,mad_only
5sIaUu2igUY,45,17.845,0.0,30.0,80.0,0.005,0.1,0.15,0.0,mad_only
5sIaUu2igUY,46,18.17,0.0,30.0,80.0,0.005,0.1,0.15,0.0,mad_only
5sIaUu2igUY,47,18.795,0.0,30.0,80.0,0.005,0.1,0.15,0.0,mad_only
5sIaUu2igUY,48,19.12,0.0,30.0,80.0,0.005,0.1,0.15,0.0,mad_only
5sIaUu2igUY,49,19.435,0.0,30.0,80.0,0.005,0.1,0.15,0.0,mad_only
5sIaUu2igUY,50,19.75,0.0,30.0,80.0,0.005,0.1,0.15,0.0,mad_only
5sIaUu2igUY,51,20.075,0.0,30.0,80.0,0.005,0.1,0.15,0.0,mad_only
5sIaUu2igUY,52,20.71,0.0,30.0,80.0,0.005,0.1,0.15,0.0,mad_only
5sIaUu2igUY,53,21.005,0.0,30.0,80.0,0.005,0.1,0.15,0.0,mad_only
5sIaUu2igUY,54,21.32,0.0,30.0,80.0,0.005,0.1,0.15,0.0,mad_only
5sIaUu2igUY,55,21.64,0.0,30.0,80.0,0.005,0.1,0.15,0.0,mad_only
5sIaUu2igUY,56,21.965,0.0,30.0,80.0,0.005,0.1,0.15,0.0,mad_only
5sIaUu2igUY,57,22.59,0.0,30.0,80.0,0.005,0.1,0.15,0.0,mad_only
5sIaUu2igUY,58,22.91,0.0,30.0,80.0,0.005,0.1,0.15,0.0,mad_only
5sIaUu2igUY,59,23.22,0.0,30.0,80.0,0.005,0.1,0.15,0.0,mad_only
5sIaUu2igUY,60,23.54,0.0,30.0,80.0,0.005,0.1,0.15,0.0,mad_only
5sIaUu2igUY,61,23.85,0.0,30.0,80.0,0.005,0.1,0.15,0.0,mad_only
5sIaUu2igUY,62,24.16,0.0,30.0,80.0,0.005,0.1,0.15,0.0,mad_only
5sIaUu2igUY,63,24.495,0.0,30.0,80.0,0.005,0.1,0.15,0.0,mad_only
5sIaUu2igUY,64,24.805,0.0,30.0,80.0,0.005,0.1,0.15,0.0,mad_only
5sIaUu2igUY,65,25.13,0.0,30.0,80.0,0.005,0.1,0.15,0.0,mad_only
5sIaUu2igUY,66,25.435000000000002,0.0,30.0,80.0,0.005,0.1,0.15,0.0,mad_only
5sIaUu2igUY,67,25.75,0.0,30.0,80.0,0.005,0.1,0.15,0.0,mad_only
5sIaUu2igUY,68,26.07,0.0,30.0,80.0,0.005,0.1,0.15,0.0,mad_only
5sIaUu2igUY,69,26.375,0.0,30.0,80.0,0.005,0.1,0.15,0.0,mad_only
5sIaUu2igUY,70,26.695,0.0,30.0,80.0,0.005,0.1,0.15,0.0,mad_only
5sIaUu2igUY,71,27.02,0.0,30.0,80.0,0.005,0.1,0.15,0.0,mad_only
5sIaUu2igUY,72,27.64,0.0,30.0,80.0,0.005,0.1,0.15,0.0,mad_only
5sIaUu2igUY,73,27.955000000000002,0.0,30.0,80.0,0.005,0.1,0.15,0.0,mad_only
5sIaUu2igUY,74,28.29,0.0,30.0,80.0,0.005,0.1,0.15,0.0,mad_only
5sIaUu2igUY,75,28.6,0.0,30.0,80.0,0.005,0.1,0.15,0.0,mad_only
5sIaUu2igUY,76,28.92,0.0,30.0,80.0,0.005,0.1,0.15,0.0,mad_only
5sIaUu2igUY,77,29.22,0.0,30.0,80.0,0.005,0.1,0.15,0.0,mad_only
5sIaUu2igUY,78,29.545,0.0,30.0,80.0,0.005,0.1,0.15,0.0,mad_only
5sIaUu2igUY,79,29.87,0.0,30.0,80.0,0.005,0.1,0.15,0.0,mad_only
6FQLjcGmOaU,0,0.78,0.0,30.0,80.0,0.005,0.1,0.15,0.0,mad_only
6FQLjcGmOaU,1,1.855,0.0,30.0,80.0,0.005,0.1,0.15,0.0,mad_only
6FQLjcGmOaU,2,2.47,0.0,30.0,80.0,0.005,0.1,0.15,0.0,mad_only
6FQLjcGmOaU,3,3.0700000000000003,0.0,30.0,80.0,0.005,0.1,0.15,0.0,mad_only
6FQLjcGmOaU,4,3.615,0.0,30.0,80.0,0.005,0.1,0.15,0.0,mad_only
6FQLjcGmOaU,5,4.235,0.0,30.0,80.0,0.005,0.1,0.15,0.0,mad_only
6FQLjcGmOaU,6,4.785,0.0,30.0,80.0,0.005,0.1,0.15,0.0,mad_only
6FQLjcGmOaU,7,5.075,0.0,30.0,80.0,0.005,0.1,0.15,0.0,mad_only
6FQLjcGmOaU,8,5.6450000000000005,0.0,30.0,80.0,0.005,0.1,0.15,0.0,mad_only
6FQLjcGmOaU,9,5.99,0.0,30.0,80.0,0.005,0.1,0.15,0.0,mad_only
6FQLjcGmOaU,10,6.555,0.0,30.0,80.0,0.005,0.1,0.15,0.0,mad_only
6FQLjcGmOaU,11,7.13,0.0,30.0,80.0,0.005,0.1,0.15,0.0,mad_only
6FQLjcGmOaU,12,7.41,0.0,30.0,80.0,0.005,0.1,0.15,0.0,mad_only
6FQLjcGmOaU,13,7.765000000000001,0.0,30.0,80.0,0.005,0.1,0.15,0.0,mad_only
6FQLjcGmOaU,14,8.315,0.0,30.0,80.0,0.005,0.1,0.15,0.0,mad_only
6FQLjcGmOaU,15,8.905,0.0,30.0,80.0,0.005,0.1,0.15,0.0,mad_only
6FQLjcGmOaU,16,9.195,0.0,30.0,80.0,0.005,0.1,0.15,0.0,mad_only
6FQLjcGmOaU,17,9.49,0.0,30.0,80.0,0.005,0.1,0.15,0.0,mad_only
6FQLjcGmOaU,18,10.07,0.0,30.0,80.0,0.005,0.1,0.15,0.0,mad_only
6FQLjcGmOaU,19,10.685,0.0,30.0,80.0,0.005,0.1,0.15,0.0,mad_only
6FQLjcGmOaU,20,10.965,0.0,30.0,80.0,0.005,0.1,0.15,0.0,mad_only
6FQLjcGmOaU,21,11.28,0.0,30.0,80.0,0.005,0.1,0.15,0.0,mad_only
6FQLjcGmOaU,22,11.835,0.0,30.0,80.0,0.005,0.1,0.15,0.0,mad_only
6FQLjcGmOaU,23,12.42,0.0,30.0,80.0,0.005,0.1,0.15,0.0,mad_only
6FQLjcGmOaU,24,12.705,0.0,30.0,80.0,0.005,0.1,0.15,0.0,mad_only
6FQLjcGmOaU,25,13.01,0.0,30.0,80.0,0.005,0.1,0.15,0.0,mad_only
6FQLjcGmOaU,26,13.575000000000001,0.0,30.0,80.0,0.005,0.1,0.15,0.0,mad_only
6FQLjcGmOaU,27,14.18,0.0,30.0,80.0,0.005,0.1,0.15,0.0,mad_only
6FQLjcGmOaU,28,14.48,0.0,30.0,80.0,0.005,0.1,0.15,0.0,mad_only
6FQLjcGmOaU,29,14.780000000000001,0.0,30.0,80.0,0.005,0.1,0.15,0.0,mad_only
6FQLjcGmOaU,30,15.345,0.0,30.0,80.0,0.005,0.1,0.15,0.0,mad_only
6FQLjcGmOaU,31,15.925,0.0,30.0,80.0,0.005,0.1,0.15,0.0,mad_only
6FQLjcGmOaU,32,16.240000000000002,0.0,30.0,80.0,0.005,0.1,0.15,0.0,mad_only
6FQLjcGmOaU,33,16.52,0.0,30.0,80.0,0.005,0.1,0.15,0.0,mad_only
6FQLjcGmOaU,34,17.115000000000002,0.0,30.0,80.0,0.005,0.1,0.15,0.0,mad_only
6FQLjcGmOaU,35,17.705000000000002,0.0,30.0,80.0,0.005,0.1,0.15,0.0,mad_only
6FQLjcGmOaU,36,17.995,0.0,30.0,80.0,0.005,0.1,0.15,0.0,mad_only
6FQLjcGmOaU,37,18.305,0.0,30.0,80.0,0.005,0.1,0.15,0.0,mad_only
6FQLjcGmOaU,38,18.6,0.0,30.0,80.0,0.005,0.1,0.15,0.0,mad_only
6FQLjcGmOaU,39,18.895,0.0,30.0,80.0,0.005,0.1,0.15,0.0,mad_only
6FQLjcGmOaU,40,19.48,0.0,30.0,80.0,0.005,0.1,0.15,0.0,mad_only
6FQLjcGmOaU,41,19.775000000000002,0.0,30.0,80.0,0.005,0.1,0.15,0.0,mad_only
6FQLjcGmOaU,42,20.09,0.0,30.0,80.0,0.005,0.1,0.15,0.0,mad_only
6FQLjcGmOaU,43,20.650000000000002,0.0,30.0,80.0,0.005,0.1,0.15,0.0,mad_only
6FQLjcGmOaU,44,20.98,0.0,30.0,80.0,0.005,0.1,0.15,0.0,mad_only
6FQLjcGmOaU,45,21.25,0.0,30.0,80.0,0.005,0.1,0.15,0.0,mad_only
6FQLjcGmOaU,46,21.545,0.0,30.0,80.0,0.005,0.1,0.15,0.0,mad_only
6FQLjcGmOaU,47,21.855,0.0,30.0,80.0,0.005,0.1,0.15,0.0,mad_only
6FQLjcGmOaU,48,22.445,0.0,30.0,80.0,0.005,0.1,0.15,0.0,mad_only
6FQLjcGmOaU,49,23.035,0.0,30.0,80.0,0.005,0.1,0.15,0.0,mad_only
6FQLjcGmOaU,50,23.335,0.0,30.0,80.0,0.005,0.1,0.15,0.0,mad_only
6FQLjcGmOaU,51,23.625,0.0,30.0,80.0,0.005,0.1,0.15,0.0,mad_only
6FQLjcGmOaU,52,24.23,0.0,30.0,80.0,0.005,0.1,0.15,0.0,mad_only
6FQLjcGmOaU,53,24.815,0.0,30.0,80.0,0.005,0.1,0.15,0.0,mad_only
6FQLjcGmOaU,54,25.13,0.0,30.0,80.0,0.005,0.1,0.15,0.0,mad_only
6FQLjcGmOaU,55,25.41,0.0,30.0,80.0,0.005,0.1,0.15,0.0,mad_only
6FQLjcGmOaU,56,25.990000000000002,0.0,30.0,80.0,0.005,0.1,0.15,0.0,mad_only
6FQLjcGmOaU,57,26.580000000000002,0.0,30.0,80.0,0.005,0.1,0.15,0.0,mad_only
6FQLjcGmOaU,58,26.845,0.0,30.0,80.0,0.005,0.1,0.15,0.0,mad_only
6FQLjcGmOaU,59,27.125,0.0,30.0,80.0,0.005,0.1,0.15,0.0,mad_only
6FQLjcGmOaU,60,27.72,0.0,30.0,80.0,0.005,0.1,0.15,0.0,mad_only
6FQLjcGmOaU,61,28.310000000000002,0.0,30.0,80.0,0.005,0.1,0.15,0.0,mad_only
6FQLjcGmOaU,62,28.585,0.0,30.0,80.0,0.005,0.1,0.15,0.0,mad_only
6FQLjcGmOaU,63,28.89,0.0,30.0,80.0,0.005,0.1,0.15,0.0,mad_only
6FQLjcGmOaU,64,29.17,0.0,30.0,80.0,0.005,0.1,0.15,0.0,mad_only
6FQLjcGmOaU,65,29.48,0.0,30.0,80.0,0.005,0.1,0.15,0.0,mad_only
6Rqy3BpSr_U,0,0.8200000000000001,0.0,30.0,80.0,0.005,0.1,0.15,0.0,mad_only
6Rqy3BpSr_U,1,1.565,0.0,30.0,80.0,0.005,0.1,0.15,0.0,mad_only
6Rqy3BpSr_U,2,2.17,0.0,30.0,80.0,0.005,0.1,0.15,0.0,mad_only
6Rqy3BpSr_U,3,2.72,0.0,30.0,80.0,0.005,0.1,0.15,0.0,mad_only
6Rqy3BpSr_U,4,3.27,0.0,30.0,80.0,0.005,0.1,0.15,0.0,mad_only
6Rqy3BpSr_U,5,3.835,0.0,30.0,80.0,0.005,0.1,0.15,0.0,mad_only
6Rqy3BpSr_U,6,4.385,0.0,30.0,80.0,0.005,0.1,0.15,0.0,mad_only
6Rqy3BpSr_U,7,4.9350000000000005,0.0,30.0,80.0,0.005,0.1,0.15,0.0,mad_only
6Rqy3BpSr_U,8,5.495,0.0,30.0,80.0,0.005,0.1,0.15,0.0,mad_only
6Rqy3BpSr_U,9,6.0600000000000005,0.0,30.0,80.0,0.005,0.1,0.15,0.0,mad_only
6Rqy3BpSr_U,10,6.61,0.0,30.0,80.0,0.005,0.1,0.15,0.0,mad_only
6Rqy3BpSr_U,11,7.18,0.0,30.0,80.0,0.005,0.1,0.15,0.0,mad_only
6Rqy3BpSr_U,12,7.74,0.0,30.0,80.0,0.005,0.1,0.15,0.0,mad_only
6Rqy3BpSr_U,13,8.290000000000001,0.0,30.0,80.0,0.005,0.1,0.15,0.0,mad_only
6Rqy3BpSr_U,14,8.815,0.0,30.0,80.0,0.005,0.1,0.15,0.0,mad_only
6Rqy3BpSr_U,15,9.385,0.0,30.0,80.0,0.005,0.1,0.15,0.0,mad_only
6Rqy3BpSr_U,16,9.945,0.0,30.0,80.0,0.005,0.1,0.15,0.0,mad_only
6Rqy3BpSr_U,17,10.535,0.0,30.0,80.0,0.005,0.1,0.15,0.0,mad_only
6Rqy3BpSr_U,18,11.06,0.0,30.0,80.0,0.005,0.1,0.15,0.0,mad_only
6Rqy3BpSr_U,19,11.655,0.0,30.0,80.0,0.005,0.1,0.15,0.0,mad_only
6Rqy3BpSr_U,20,12.19,0.0,30.0,80.0,0.005,0.1,0.15,0.0,mad_only
6Rqy3BpSr_U,21,12.77,0.0,30.0,80.0,0.005,0.1,0.15,0.0,mad_only
6Rqy3BpSr_U,22,13.33,0.0,30.0,80.0,0.005,0.1,0.15,0.0,mad_only
6Rqy3BpSr_U,23,14.445,0.0,30.0,80.0,0.005,0.1,0.15,0.0,mad_only
6Rqy3BpSr_U,24,15.040000000000001,0.0,30.0,80.0,0.005,0.1,0.15,0.0,mad_only
6Rqy3BpSr_U,25,15.55,0.0,30.0,80.0,0.005,0.1,0.15,0.0,mad_only
6Rqy3BpSr_U,26,15.870000000000001,0.0,30.0,80.0,0.005,0.1,0.15,0.0,mad_only
6Rqy3BpSr_U,27,16.68,0.0,30.0,80.0,0.005,0.1,0.15,0.0,mad_only
6Rqy3BpSr_U,28,17.26,0.0,30.0,80.0,0.005,0.1,0.15,0.0,mad_only
6Rqy3BpSr_U,29,17.79,0.0,30.0,80.0,0.005,0.1,0.15,0.0,mad_only
6Rqy3BpSr_U,30,18.095,0.0,30.0,80.0,0.005,0.1,0.15,0.0,mad_only
6Rqy3BpSr_U,31,18.38,0.0,30.0,80.0,0.005,0.1,0.15,0.0,mad_only
6Rqy3BpSr_U,32,18.925,0.0,30.0,80.0,0.005,0.1,0.15,0.0,mad_only
6Rqy3BpSr_U,33,19.5,0.0,30.0,80.0,0.005,0.1,0.15,0.0,mad_only
6Rqy3BpSr_U,34,20.045,0.0,30.0,80.0,0.005,0.1,0.15,0.0,mad_only
6Rqy3BpSr_U,35,20.63,0.0,30.0,80.0,0.005,0.1,0.15,0.0,mad_only
6Rqy3BpSr_U,36,21.185,0.0,30.0,80.0,0.005,0.1,0.15,0.0,mad_only
6Rqy3BpSr_U,37,21.735,0.0,30.0,80.0,0.005,0.1,0.15,0.0,mad_only
6Rqy3BpSr_U,38,22.285,0.0,30.0,80.0,0.005,0.1,0.15,0.0,mad_only
6Rqy3BpSr_U,39,22.845,0.0,30.0,80.0,0.005,0.1,0.15,0.0,mad_only
6Rqy3BpSr_U,40,23.39,0.0,30.0,80.0,0.005,0.1,0.15,0.0,mad_only
6Rqy3BpSr_U,41,23.975,0.0,30.0,80.0,0.005,0.1,0.15,0.0,mad_only
6Rqy3BpSr_U,42,24.495,0.0,30.0,80.0,0.005,0.1,0.15,0.0,mad_only
6Rqy3BpSr_U,43,25.095,0.0,30.0,80.0,0.005,0.1,0.15,0.0,mad_only
6Rqy3BpSr_U,44,25.67,0.0,30.0,80.0,0.005,0.1,0.15,0.0,mad_only
6Rqy3BpSr_U,45,26.235,0.0,30.0,80.0,0.005,0.1,0.15,0.0,mad_only
6Rqy3BpSr_U,46,26.78,0.0,30.0,80.0,0.005,0.1,0.15,0.0,mad_only
6Rqy3BpSr_U,47,27.37,0.0,30.0,80.0,0.005,0.1,0.15,0.0,mad_only
6Rqy3BpSr_U,48,27.93,0.0,30.0,80.0,0.005,0.1,0.15,0.0,mad_only
6Rqy3BpSr_U,49,28.485,0.0,30.0,80.0,0.005,0.1,0.15,0.0,mad_only
6Rqy3BpSr_U,50,29.005,0.0,30.0,80.0,0.005,0.1,0.15,0.0,mad_only
6Rqy3BpSr_U,51,29.57,0.0,30.0,80.0,0.005,0.1,0.15,0.0,mad_only
6c8RiGGHEYY,0,1.08,0.0,30.0,80.0,0.005,0.1,0.15,0.0,mad_only
6c8RiGGHEYY,1,1.62,0.0,30.0,80.0,0.005,0.1,0.15,0.0,mad_only
6c8RiGGHEYY,2,2.085,0.0,30.0,80.0,0.005,0.1,0.15,0.0,mad_only
6c8RiGGHEYY,3,2.605,0.0,30.0,80.0,0.005,0.1,0.15,0.0,mad_only
6c8RiGGHEYY,4,3.095,0.0,30.0,80.0,0.005,0.1,0.15,0.0,mad_only
6c8RiGGHEYY,5,3.6,0.0,30.0,80.0,0.005,0.1,0.15,0.0,mad_only
6c8RiGGHEYY,6,4.09,0.0,30.0,80.0,0.005,0.1,0.15,0.0,mad_only
6c8RiGGHEYY,7,4.62,0.0,30.0,80.0,0.005,0.1,0.15,0.0,mad_only
6c8RiGGHEYY,8,5.12,0.0,30.0,80.0,0.005,0.1,0.15,0.0,mad_only
6c8RiGGHEYY,9,5.625,0.0,30.0,80.0,0.005,0.1,0.15,0.0,mad_only
6c8RiGGHEYY,10,6.115,0.0,30.0,80.0,0.005,0.1,0.15,0.0,mad_only
6c8RiGGHEYY,11,6.635,0.0,30.0,80.0,0.005,0.1,0.15,0.0,mad_only
6c8RiGGHEYY,12,7.135,0.0,30.0,80.0,0.005,0.1,0.15,0.0,mad_only
6c8RiGGHEYY,13,7.65,0.0,30.0,80.0,0.005,0.1,0.15,0.0,mad_only
6c8RiGGHEYY,14,8.14,0.0,30.0,80.0,0.005,0.1,0.15,0.0,mad_only
6c8RiGGHEYY,15,8.69,0.0,30.0,80.0,0.005,0.1,0.15,0.0,mad_only
6c8RiGGHEYY,16,9.16,0.0,30.0,80.0,0.005,0.1,0.15,0.0,mad_only
6c8RiGGHEYY,17,9.69,0.0,30.0,80.0,0.005,0.1,0.15,0.0,mad_only
6c8RiGGHEYY,18,10.175,0.0,30.0,80.0,0.005,0.1,0.15,0.0,mad_only
6c8RiGGHEYY,19,10.700000000000001,0.0,30.0,80.0,0.005,0.1,0.15,0.0,mad_only
6c8RiGGHEYY,20,11.200000000000001,0.0,30.0,80.0,0.005,0.1,0.15,0.0,mad_only
6c8RiGGHEYY,21,11.725,0.0,30.0,80.0,0.005,0.1,0.15,0.0,mad_only
6c8RiGGHEYY,22,12.225,0.0,30.0,80.0,0.005,0.1,0.15,0.0,mad_only
6c8RiGGHEYY,23,12.73,0.0,30.0,80.0,0.005,0.1,0.15,0.0,mad_only
6c8RiGGHEYY,24,13.22,0.0,30.0,80.0,0.005,0.1,0.15,0.0,mad_only
6c8RiGGHEYY,25,13.75,0.0,30.0,80.0,0.005,0.1,0.15,0.0,mad_only
6c8RiGGHEYY,26,14.265,0.0,30.0,80.0,0.005,0.1,0.15,0.0,mad_only
6c8RiGGHEYY,27,14.76,0.0,30.0,80.0,0.005,0.1,0.15,0.0,mad_only
6c8RiGGHEYY,28,15.265,0.0,30.0,80.0,0.005,0.1,0.15,0.0,mad_only
6c8RiGGHEYY,29,15.795,0.0,30.0,80.0,0.005,0.1,0.15,0.0,mad_only
6c8RiGGHEYY,30,16.295,0.0,30.0,80.0,0.005,0.1,0.15,0.0,mad_only
6c8RiGGHEYY,31,16.805,0.0,30.0,80.0,0.005,0.1,0.15,0.0,mad_only
6c8RiGGHEYY,32,17.29,0.0,30.0,80.0,0.005,0.1,0.15,0.0,mad_only
6c8RiGGHEYY,33,17.815,0.0,30.0,80.0,0.005,0.1,0.15,0.0,mad_only
6c8RiGGHEYY,34,18.325,0.0,30.0,80.0,0.005,0.1,0.15,0.0,mad_only
6c8RiGGHEYY,35,18.830000000000002,0.0,30.0,80.0,0.005,0.1,0.15,0.0,mad_only
6c8RiGGHEYY,36,19.35,0.0,30.0,80.0,0.005,0.1,0.15,0.0,mad_only
6c8RiGGHEYY,37,19.855,0.0,30.0,80.0,0.005,0.1,0.15,0.0,mad_only
6c8RiGGHEYY,38,20.36,0.0,30.0,80.0,0.005,0.1,0.15,0.0,mad_only
6c8RiGGHEYY,39,20.87,0.0,30.0,80.0,0.005,0.1,0.15,0.0,mad_only
6c8RiGGHEYY,40,21.37,0.0,30.0,80.0,0.005,0.1,0.15,0.0,mad_only
6c8RiGGHEYY,41,21.89,0.0,30.0,80.0,0.005,0.1,0.15,0.0,mad_only
6c8RiGGHEYY,42,22.395,0.0,30.0,80.0,0.005,0.1,0.15,0.0,mad_only
6c8RiGGHEYY,43,22.905,0.0,30.0,80.0,0.005,0.1,0.15,0.0,mad_only
6c8RiGGHEYY,44,23.405,0.0,30.0,80.0,0.005,0.1,0.15,0.0,mad_only
6c8RiGGHEYY,45,23.915,0.0,30.0,80.0,0.005,0.1,0.15,0.0,mad_only
6c8RiGGHEYY,46,24.425,0.0,30.0,80.0,0.005,0.1,0.15,0.0,mad_only
6c8RiGGHEYY,47,24.935000000000002,0.0,30.0,80.0,0.005,0.1,0.15,0.0,mad_only
6c8RiGGHEYY,48,25.435000000000002,0.0,30.0,80.0,0.005,0.1,0.15,0.0,mad_only
6c8RiGGHEYY,49,25.97,0.0,30.0,80.0,0.005,0.1,0.15,0.0,mad_only
6c8RiGGHEYY,50,26.47,0.0,30.0,80.0,0.005,0.1,0.15,0.0,mad_only
6c8RiGGHEYY,51,26.96,0.0,30.0,80.0,0.005,0.1,0.15,0.0,mad_only
6c8RiGGHEYY,52,27.45,0.0,30.0,80.0,0.005,0.1,0.15,0.0,mad_only
6c8RiGGHEYY,53,27.97,0.0,30.0,80.0,0.005,0.1,0.15,0.0,mad_only
6c8RiGGHEYY,54,28.485,0.0,30.0,80.0,0.005,0.1,0.15,0.0,mad_only
6c8RiGGHEYY,55,28.990000000000002,0.0,30.0,80.0,0.005,0.1,0.15,0.0,mad_only
6c8RiGGHEYY,56,29.490000000000002,0.0,30.0,80.0,0.005,0.1,0.15,0.0,mad_only
6gPAjNCyHB8,0,1.045,0.0,30.0,80.0,0.005,0.1,0.15,0.0,mad_only
6gPAjNCyHB8,1,1.5350000000000001,0.0,30.0,80.0,0.005,0.1,0.15,0.0,mad_only
6gPAjNCyHB8,2,1.955,0.0,30.0,80.0,0.005,0.1,0.15,0.0,mad_only
6gPAjNCyHB8,3,2.395,0.0,30.0,80.0,0.005,0.1,0.15,0.0,mad_only
6gPAjNCyHB8,4,2.805,0.0,30.0,80.0,0.005,0.1,0.15,0.0,mad_only
6gPAjNCyHB8,5,3.245,0.0,30.0,80.0,0.005,0.1,0.15,0.0,mad_only
6gPAjNCyHB8,6,3.69,0.0,30.0,80.0,0.005,0.1,0.15,0.0,mad_only
6gPAjNCyHB8,7,4.115,0.0,30.0,80.0,0.005,0.1,0.15,0.0,mad_only
6gPAjNCyHB8,8,4.545,0.0,30.0,80.0,0.005,0.1,0.15,0.0,mad_only
6gPAjNCyHB8,9,4.95,0.0,30.0,80.0,0.005,0.1,0.15,0.0,mad_only
6gPAjNCyHB8,10,5.385,0.0,30.0,80.0,0.005,0.1,0.15,0.0,mad_only
6gPAjNCyHB8,11,5.82,0.0,30.0,80.0,0.005,0.1,0.15,0.0,mad_only
6gPAjNCyHB8,12,6.26,0.0,30.0,80.0,0.005,0.1,0.15,0.0,mad_only
6gPAjNCyHB8,13,6.675,0.0,30.0,80.0,0.005,0.1,0.15,0.0,mad_only
6gPAjNCyHB8,14,7.12,0.0,30.0,80.0,0.005,0.1,0.15,0.0,mad_only
6gPAjNCyHB8,15,7.555,0.0,30.0,80.0,0.005,0.1,0.15,0.0,mad_only
6gPAjNCyHB8,16,7.995,0.0,30.0,80.0,0.005,0.1,0.15,0.0,mad_only
6gPAjNCyHB8,17,8.42,0.0,30.0,80.0,0.005,0.1,0.15,0.0,mad_only
6gPAjNCyHB8,18,8.855,0.0,30.0,80.0,0.005,0.1,0.15,0.0,mad_only
6gPAjNCyHB8,19,9.295,0.0,30.0,80.0,0.005,0.1,0.15,0.0,mad_only
6gPAjNCyHB8,20,9.745000000000001,0.0,30.0,80.0,0.005,0.1,0.15,0.0,mad_only
6gPAjNCyHB8,21,10.17,0.0,30.0,80.0,0.005,0.1,0.15,0.0,mad_only
6gPAjNCyHB8,22,10.61,0.0,30.0,80.0,0.005,0.1,0.15,0.0,mad_only
6gPAjNCyHB8,23,11.03,0.0,30.0,80.0,0.005,0.1,0.15,0.0,mad_only
6gPAjNCyHB8,24,11.465,0.0,30.0,80.0,0.005,0.1,0.15,0.0,mad_only
6gPAjNCyHB8,25,11.88,0.0,30.0,80.0,0.005,0.1,0.15,0.0,mad_only
6gPAjNCyHB8,26,12.305,0.0,30.0,80.0,0.005,0.1,0.15,0.0,mad_only
6gPAjNCyHB8,27,12.735,0.0,30.0,80.0,0.005,0.1,0.15,0.0,mad_only
6gPAjNCyHB8,28,13.17,0.0,30.0,80.0,0.005,0.1,0.15,0.0,mad_only
6gPAjNCyHB8,29,13.58,0.0,30.0,80.0,0.005,0.1,0.15,0.0,mad_only
6gPAjNCyHB8,30,14.030000000000001,0.0,30.0,80.0,0.005,0.1,0.15,0.0,mad_only
6gPAjNCyHB8,31,14.465,0.0,30.0,80.0,0.005,0.1,0.15,0.0,mad_only
6gPAjNCyHB8,32,14.915000000000001,0.0,30.0,80.0,0.005,0.1,0.15,0.0,mad_only
6gPAjNCyHB8,33,15.34,0.0,30.0,80.0,0.005,0.1,0.15,0.0,mad_only
6gPAjNCyHB8,34,15.785,0.0,30.0,80.0,0.005,0.1,0.15,0.0,mad_only
6gPAjNCyHB8,35,16.205000000000002,0.0,30.0,80.0,0.005,0.1,0.15,0.0,mad_only
6gPAjNCyHB8,36,16.635,0.0,30.0,80.0,0.005,0.1,0.15,0.0,mad_only
6gPAjNCyHB8,37,17.07,0.0,30.0,80.0,0.005,0.1,0.15,0.0,mad_only
6gPAjNCyHB8,38,17.505,0.0,30.0,80.0,0.005,0.1,0.15,0.0,mad_only
6gPAjNCyHB8,39,17.925,0.0,30.0,80.0,0.005,0.1,0.15,0.0,mad_only
6gPAjNCyHB8,40,18.365000000000002,0.0,30.0,80.0,0.005,0.1,0.15,0.0,mad_only
6gPAjNCyHB8,41,18.815,0.0,30.0,80.0,0.005,0.1,0.15,0.0,mad_only
6gPAjNCyHB8,42,19.245,0.0,30.0,80.0,0.005,0.1,0.15,0.0,mad_only
6gPAjNCyHB8,43,19.68,0.0,30.0,80.0,0.005,0.1,0.15,0.0,mad_only
6gPAjNCyHB8,44,20.13,0.0,30.0,80.0,0.005,0.1,0.15,0.0,mad_only
6gPAjNCyHB8,45,20.545,0.0,30.0,80.0,0.005,0.1,0.15,0.0,mad_only
6gPAjNCyHB8,46,20.98,0.0,30.0,80.0,0.005,0.1,0.15,0.0,mad_only
6gPAjNCyHB8,47,21.41,0.0,30.0,80.0,0.005,0.1,0.15,0.0,mad_only
6gPAjNCyHB8,48,21.835,0.0,30.0,80.0,0.005,0.1,0.15,0.0,mad_only
6gPAjNCyHB8,49,22.265,0.0,30.0,80.0,0.005,0.1,0.15,0.0,mad_only
6gPAjNCyHB8,50,22.7,0.0,30.0,80.0,0.005,0.1,0.15,0.0,mad_only
6gPAjNCyHB8,51,23.12,0.0,30.0,80.0,0.005,0.1,0.15,0.0,mad_only
6gPAjNCyHB8,52,23.555,0.0,30.0,80.0,0.005,0.1,0.15,0.0,mad_only
6gPAjNCyHB8,53,24.005,0.0,30.0,80.0,0.005,0.1,0.15,0.0,mad_only
6gPAjNCyHB8,54,24.435000000000002,0.0,30.0,80.0,0.005,0.1,0.15,0.0,mad_only
6gPAjNCyHB8,55,24.875,0.0,30.0,80.0,0.005,0.1,0.15,0.0,mad_only
6gPAjNCyHB8,56,25.310000000000002,0.0,30.0,80.0,0.005,0.1,0.15,0.0,mad_only
6gPAjNCyHB8,57,25.745,0.0,30.0,80.0,0.005,0.1,0.15,0.0,mad_only
6gPAjNCyHB8,58,26.175,0.0,30.0,80.0,0.005,0.1,0.15,0.0,mad_only
6gPAjNCyHB8,59,26.6,0.0,30.0,80.0,0.005,0.1,0.15,0.0,mad_only
6gPAjNCyHB8,60,27.035,0.0,30.0,80.0,0.005,0.1,0.15,0.0,mad_only
6gPAjNCyHB8,61,27.45,0.0,30.0,80.0,0.005,0.1,0.15,0.0,mad_only
6gPAjNCyHB8,62,27.895,0.0,30.0,80.0,0.005,0.1,0.15,0.0,mad_only
6gPAjNCyHB8,63,28.325,0.0,30.0,80.0,0.005,0.1,0.15,0.0,mad_only
6gPAjNCyHB8,64,28.77,0.0,30.0,80.0,0.005,0.1,0.15,0.0,mad_only
6gPAjNCyHB8,65,29.225,0.0,30.0,80.0,0.005,0.1,0.15,0.0,mad_only
6gPAjNCyHB8,66,29.665,0.0,30.0,80.0,0.005,0.1,0.15,0.0,mad_only
6tniJKkjVv0,0,0.92,0.0,30.0,80.0,0.005,0.1,0.15,0.0,mad_only
6tniJKkjVv0,1,1.705,0.0,30.0,80.0,0.005,0.1,0.15,0.0,mad_only
6tniJKkjVv0,2,2.085,0.0,30.0,80.0,0.005,0.1,0.15,0.0,mad_only
6tniJKkjVv0,3,2.47,0.0,30.0,80.0,0.005,0.1,0.15,0.0,mad_only
6tniJKkjVv0,4,2.915,0.0,30.0,80.0,0.005,0.1,0.15,0.0,mad_only
6tniJKkjVv0,5,3.275,0.0,30.0,80.0,0.005,0.1,0.15,0.0,mad_only
6tniJKkjVv0,6,3.665,0.0,30.0,80.0,0.005,0.1,0.15,0.0,mad_only
6tniJKkjVv0,7,4.01,0.0,30.0,80.0,0.005,0.1,0.15,0.0,mad_only
6tniJKkjVv0,8,4.42,0.0,30.0,80.0,0.005,0.1,0.15,0.0,mad_only
6tniJKkjVv0,9,4.805,0.0,30.0,80.0,0.005,0.1,0.15,0.0,mad_only
6tniJKkjVv0,10,5.2,0.0,30.0,80.0,0.005,0.1,0.15,0.0,mad_only
6tniJKkjVv0,11,5.57,0.0,30.0,80.0,0.005,0.1,0.15,0.0,mad_only
6tniJKkjVv0,12,5.97,0.0,30.0,80.0,0.005,0.1,0.15,0.0,mad_only
6tniJKkjVv0,13,6.355,0.0,30.0,80.0,0.005,0.1,0.15,0.0,mad_only
6tniJKkjVv0,14,6.73,0.0,30.0,80.0,0.005,0.1,0.15,0.0,mad_only
6tniJKkjVv0,15,7.125,0.0,30.0,80.0,0.005,0.1,0.15,0.0,mad_only
6tniJKkjVv0,16,7.54,0.0,30.0,80.0,0.005,0.1,0.15,0.0,mad_only
6tniJKkjVv0,17,7.915,0.0,30.0,80.0,0.005,0.1,0.15,0.0,mad_only
6tniJKkjVv0,18,8.32,0.0,30.0,80.0,0.005,0.1,0.15,0.0,mad_only
6tniJKkjVv0,19,8.715,0.0,30.0,80.0,0.005,0.1,0.15,0.0,mad_only
6tniJKkjVv0,20,9.095,0.0,30.0,80.0,0.005,0.1,0.15,0.0,mad_only
6tniJKkjVv0,21,9.465,0.0,30.0,80.0,0.005,0.1,0.15,0.0,mad_only
6tniJKkjVv0,22,9.855,0.0,30.0,80.0,0.005,0.1,0.15,0.0,mad_only
6tniJKkjVv0,23,10.255,0.0,30.0,80.0,0.005,0.1,0.15,0.0,mad_only
6tniJKkjVv0,24,10.620000000000001,0.0,30.0,80.0,0.005,0.1,0.15,0.0,mad_only
6tniJKkjVv0,25,10.975,0.0,30.0,80.0,0.005,0.1,0.15,0.0,mad_only
6tniJKkjVv0,26,11.385,0.0,30.0,80.0,0.005,0.1,0.15,0.0,mad_only
6tniJKkjVv0,27,11.815,0.0,30.0,80.0,0.005,0.1,0.15,0.0,mad_only
6tniJKkjVv0,28,12.585,0.0,30.0,80.0,0.005,0.1,0.15,0.0,mad_only
6tniJKkjVv0,29,13.42,0.0,30.0,80.0,0.005,0.1,0.15,0.0,mad_only
6tniJKkjVv0,30,14.14,0.0,30.0,80.0,0.005,0.1,0.15,0.0,mad_only
6tniJKkjVv0,31,14.96,0.0,30.0,80.0,0.005,0.1,0.15,0.0,mad_only
6tniJKkjVv0,32,15.325000000000001,0.0,30.0,80.0,0.005,0.1,0.15,0.0,mad_only
6tniJKkjVv0,33,15.765,0.0,30.0,80.0,0.005,0.1,0.15,0.0,mad_only
6tniJKkjVv0,34,16.135,0.0,30.0,80.0,0.005,0.1,0.15,0.0,mad_only
6tniJKkjVv0,35,16.515,0.0,30.0,80.0,0.005,0.1,0.15,0.0,mad_only
6tniJKkjVv0,36,16.885,0.0,30.0,80.0,0.005,0.1,0.15,0.0,mad_only
6tniJKkjVv0,37,17.265,0.0,30.0,80.0,0.005,0.1,0.15,0.0,mad_only
6tniJKkjVv0,38,17.66,0.0,30.0,80.0,0.005,0.1,0.15,0.0,mad_only
6tniJKkjVv0,39,18.035,0.0,30.0,80.0,0.005,0.1,0.15,0.0,mad_only
6tniJKkjVv0,40,18.44,0.0,30.0,80.0,0.005,0.1,0.15,0.0,mad_only
6tniJKkjVv0,41,18.825,0.0,30.0,80.0,0.005,0.1,0.15,0.0,mad_only
6tniJKkjVv0,42,19.21,0.0,30.0,80.0,0.005,0.1,0.15,0.0,mad_only
6tniJKkjVv0,43,19.605,0.0,30.0,80.0,0.005,0.1,0.15,0.0,mad_only
6tniJKkjVv0,44,19.975,0.0,30.0,80.0,0.005,0.1,0.15,0.0,mad_only
6tniJKkjVv0,45,20.395,0.0,30.0,80.0,0.005,0.1,0.15,0.0,mad_only
6tniJKkjVv0,46,20.79,0.0,30.0,80.0,0.005,0.1,0.15,0.0,mad_only
6tniJKkjVv0,47,21.17,0.0,30.0,80.0,0.005,0.1,0.15,0.0,mad_only
6tniJKkjVv0,48,21.580000000000002,0.0,30.0,80.0,0.005,0.1,0.15,0.0,mad_only
6tniJKkjVv0,49,21.985,0.0,30.0,80.0,0.005,0.1,0.15,0.0,mad_only
6tniJKkjVv0,50,22.375,0.0,30.0,80.0,0.005,0.1,0.15,0.0,mad_only
6tniJKkjVv0,51,22.735,0.0,30.0,80.0,0.005,0.1,0.15,0.0,mad_only
6tniJKkjVv0,52,23.11,0.0,30.0,80.0,0.005,0.1,0.15,0.0,mad_only
6tniJKkjVv0,53,23.490000000000002,0.0,30.0,80.0,0.005,0.1,0.15,0.0,mad_only
6tniJKkjVv0,54,23.88,0.0,30.0,80.0,0.005,0.1,0.15,0.0,mad_only
6tniJKkjVv0,55,24.255,0.0,30.0,80.0,0.005,0.1,0.15,0.0,mad_only
6tniJKkjVv0,56,24.650000000000002,0.0,30.0,80.0,0.005,0.1,0.15,0.0,mad_only
6tniJKkjVv0,57,25.02,0.0,30.0,80.0,0.005,0.1,0.15,0.0,mad_only
6tniJKkjVv0,58,25.43,0.0,30.0,80.0,0.005,0.1,0.15,0.0,mad_only
6tniJKkjVv0,59,25.825,0.0,30.0,80.0,0.005,0.1,0.15,0.0,mad_only
6tniJKkjVv0,60,26.22,0.0,30.0,80.0,0.005,0.1,0.15,0.0,mad_only
6tniJKkjVv0,61,26.615000000000002,0.0,30.0,80.0,0.005,0.1,0.15,0.0,mad_only
6tniJKkjVv0,62,27.01,0.0,30.0,80.0,0.005,0.1,0.15,0.0,mad_only
6tniJKkjVv0,63,27.375,0.0,30.0,80.0,0.005,0.1,0.15,0.0,mad_only
6tniJKkjVv0,64,27.755,0.0,30.0,80.0,0.005,0.1,0.15,0.0,mad_only
6tniJKkjVv0,65,28.165,0.0,30.0,80.0,0.005,0.1,0.15,0.0,mad_only
6tniJKkjVv0,66,28.55,0.0,30.0,80.0,0.005,0.1,0.15,0.0,mad_only
6tniJKkjVv0,67,28.935000000000002,0.0,30.0,80.0,0.005,0.1,0.15,0.0,mad_only
6tniJKkjVv0,68,29.325,0.0,30.0,80.0,0.005,0.1,0.15,0.0,mad_only
6tniJKkjVv0,69,29.73,0.0,30.0,80.0,0.005,0.1,0.15,0.0,mad_only
7976yzHXBJc,0,0.81,0.0,30.0,80.0,0.005,0.1,0.15,0.0,mad_only
7976yzHXBJc,1,1.605,0.0,30.0,80.0,0.005,0.1,0.15,0.0,mad_only
7976yzHXBJc,2,2.31,0.0,30.0,80.0,0.005,0.1,0.15,0.0,mad_only
7976yzHXBJc,3,2.99,0.0,30.0,80.0,0.005,0.1,0.15,0.0,mad_only
7976yzHXBJc,4,3.41,0.0,30.0,80.0,0.005,0.1,0.15,0.0,mad_only
7976yzHXBJc,5,3.74,0.0,30.0,80.0,0.005,0.1,0.15,0.0,mad_only
7976yzHXBJc,6,4.13,0.0,30.0,80.0,0.005,0.1,0.15,0.0,mad_only
7976yzHXBJc,7,4.485,0.0,30.0,80.0,0.005,0.1,0.15,0.0,mad_only
7976yzHXBJc,8,5.215,0.0,30.0,80.0,0.005,0.1,0.15,0.0,mad_only
7976yzHXBJc,9,5.575,0.0,30.0,80.0,0.005,0.1,0.15,0.0,mad_only
7976yzHXBJc,10,5.93,0.0,30.0,80.0,0.005,0.1,0.15,0.0,mad_only
7976yzHXBJc,11,6.24,0.0,30.0,80.0,0.005,0.1,0.15,0.0,mad_only
7976yzHXBJc,12,6.655,0.0,30.0,80.0,0.005,0.1,0.15,0.0,mad_only
7976yzHXBJc,13,6.99,0.0,30.0,80.0,0.005,0.1,0.15,0.0,mad_only
7976yzHXBJc,14,7.3100000000000005,0.0,30.0,80.0,0.005,0.1,0.15,0.0,mad_only
7976yzHXBJc,15,7.73,0.0,30.0,80.0,0.005,0.1,0.15,0.0,mad_only
7976yzHXBJc,16,8.095,0.0,30.0,80.0,0.005,0.1,0.15,0.0,mad_only
7976yzHXBJc,17,8.455,0.0,30.0,80.0,0.005,0.1,0.15,0.0,mad_only
7976yzHXBJc,18,8.835,0.0,30.0,80.0,0.005,0.1,0.15,0.0,mad_only
7976yzHXBJc,19,9.53,0.0,30.0,80.0,0.005,0.1,0.15,0.0,mad_only
7976yzHXBJc,20,9.89,0.0,30.0,80.0,0.005,0.1,0.15,0.0,mad_only
7976yzHXBJc,21,10.28,0.0,30.0,80.0,0.005,0.1,0.15,0.0,mad_only
7976yzHXBJc,22,10.615,0.0,30.0,80.0,0.005,0.1,0.15,0.0,mad_only
7976yzHXBJc,23,11.0,0.0,30.0,80.0,0.005,0.1,0.15,0.0,mad_only
7976yzHXBJc,24,11.715,0.0,30.0,80.0,0.005,0.1,0.15,0.0,mad_only
7976yzHXBJc,25,12.1,0.0,30.0,80.0,0.005,0.1,0.15,0.0,mad_only
7976yzHXBJc,26,12.450000000000001,0.0,30.0,80.0,0.005,0.1,0.15,0.0,mad_only
7976yzHXBJc,27,12.81,0.0,30.0,80.0,0.005,0.1,0.15,0.0,mad_only
7976yzHXBJc,28,13.17,0.0,30.0,80.0,0.005,0.1,0.15,0.0,mad_only
7976yzHXBJc,29,13.545,0.0,30.0,80.0,0.005,0.1,0.15,0.0,mad_only
7976yzHXBJc,30,13.885,0.0,30.0,80.0,0.005,0.1,0.15,0.0,mad_only
7976yzHXBJc,31,14.25,0.0,30.0,80.0,0.005,0.1,0.15,0.0,mad_only
7976yzHXBJc,32,14.620000000000001,0.0,30.0,80.0,0.005,0.1,0.15,0.0,mad_only
7976yzHXBJc,33,14.98,0.0,30.0,80.0,0.005,0.1,0.15,0.0,mad_only
7976yzHXBJc,34,15.385,0.0,30.0,80.0,0.005,0.1,0.15,0.0,mad_only
7976yzHXBJc,35,16.055,0.0,30.0,80.0,0.005,0.1,0.15,0.0,mad_only
7976yzHXBJc,36,16.435,0.0,30.0,80.0,0.005,0.1,0.15,0.0,mad_only
7976yzHXBJc,37,16.815,0.0,30.0,80.0,0.005,0.1,0.15,0.0,mad_only
7976yzHXBJc,38,17.53,0.0,30.0,80.0,0.005,0.1,0.15,0.0,mad_only
7976yzHXBJc,39,17.895,0.0,30.0,80.0,0.005,0.1,0.15,0.0,mad_only
7976yzHXBJc,40,18.26,0.0,30.0,80.0,0.005,0.1,0.15,0.0,mad_only
7976yzHXBJc,41,18.615000000000002,0.0,30.0,80.0,0.005,0.1,0.15,0.0,mad_only
7976yzHXBJc,42,18.995,0.0,30.0,80.0,0.005,0.1,0.15,0.0,mad_only
7976yzHXBJc,43,19.330000000000002,0.0,30.0,80.0,0.005,0.1,0.15,0.0,mad_only
7976yzHXBJc,44,19.7,0.0,30.0,80.0,0.005,0.1,0.15,0.0,mad_only
7976yzHXBJc,45,20.075,0.0,30.0,80.0,0.005,0.1,0.15,0.0,mad_only
7976yzHXBJc,46,20.405,0.0,30.0,80.0,0.005,0.1,0.15,0.0,mad_only
7976yzHXBJc,47,20.78,0.0,30.0,80.0,0.005,0.1,0.15,0.0,mad_only
7976yzHXBJc,48,21.13,0.0,30.0,80.0,0.005,0.1,0.15,0.0,mad_only
7976yzHXBJc,49,21.48,0.0,30.0,80.0,0.005,0.1,0.15,0.0,mad_only
7976yzHXBJc,50,21.855,0.0,30.0,80.0,0.005,0.1,0.15,0.0,mad_only
7976yzHXBJc,51,22.53,0.0,30.0,80.0,0.005,0.1,0.15,0.0,mad_only
7976yzHXBJc,52,22.915,0.0,30.0,80.0,0.005,0.1,0.15,0.0,mad_only
7976yzHXBJc,53,23.285,0.0,30.0,80.0,0.005,0.1,0.15,0.0,mad_only
7976yzHXBJc,54,23.585,0.0,30.0,80.0,0.005,0.1,0.15,0.0,mad_only
7976yzHXBJc,55,23.985,0.0,30.0,80.0,0.005,0.1,0.15,0.0,mad_only
7976yzHXBJc,56,24.69,0.0,30.0,80.0,0.005,0.1,0.15,0.0,mad_only
7976yzHXBJc,57,25.03,0.0,30.0,80.0,0.005,0.1,0.15,0.0,mad_only
7976yzHXBJc,58,25.415,0.0,30.0,80.0,0.005,0.1,0.15,0.0,mad_only
7976yzHXBJc,59,25.77,0.0,30.0,80.0,0.005,0.1,0.15,0.0,mad_only
7976yzHXBJc,60,26.13,0.0,30.0,80.0,0.005,0.1,0.15,0.0,mad_only
7976yzHXBJc,61,26.495,0.0,30.0,80.0,0.005,0.1,0.15,0.0,mad_only
7976yzHXBJc,62,26.835,0.0,30.0,80.0,0.005,0.1,0.15,0.0,mad_only
7976yzHXBJc,63,27.21,0.0,30.0,80.0,0.005,0.1,0.15,0.0,mad_only
7976yzHXBJc,64,27.580000000000002,0.0,30.0,80.0,0.005,0.1,0.15,0.0,mad_only
7976yzHXBJc,65,27.95,0.0,30.0,80.0,0.005,0.1,0.15,0.0,mad_only
7976yzHXBJc,66,28.295,0.0,30.0,80.0,0.005,0.1,0.15,0.0,mad_only
7976yzHXBJc,67,28.985,0.0,30.0,80.0,0.005,0.1,0.15,0.0,mad_only
7976yzHXBJc,68,29.36,0.0,30.0,80.0,0.005,0.1,0.15,0.0,mad_only
7976yzHXBJc,69,29.73,0.0,30.0,80.0,0.005,0.1,0.15,0.0,mad_only
7VuqbMbgLHk,0,1.01,0.0,30.0,80.0,0.005,0.1,0.15,0.0,mad_only
7VuqbMbgLHk,1,1.695,0.0,30.0,80.0,0.005,0.1,0.15,0.0,mad_only
7VuqbMbgLHk,2,2.5,0.0,30.0,80.0,0.005,0.1,0.15,0.0,mad_only
7VuqbMbgLHk,3,3.44,0.0,30.0,80.0,0.005,0.1,0.15,0.0,mad_only
7VuqbMbgLHk,4,4.455,0.0,30.0,80.0,0.005,0.1,0.15,0.0,mad_only
7VuqbMbgLHk,5,5.49,0.0,30.0,80.0,0.005,0.1,0.15,0.0,mad_only
7VuqbMbgLHk,6,6.55,0.0,30.0,80.0,0.005,0.1,0.15,0.0,mad_only
7VuqbMbgLHk,7,7.17,0.0,30.0,80.0,0.005,0.1,0.15,0.0,mad_only
7VuqbMbgLHk,8,7.595,0.0,30.0,80.0,0.005,0.1,0.15,0.0,mad_only
7VuqbMbgLHk,9,8.145,0.0,30.0,80.0,0.005,0.1,0.15,0.0,mad_only
7VuqbMbgLHk,10,8.64,0.0,30.0,80.0,0.005,0.1,0.15,0.0,mad_only
7VuqbMbgLHk,11,9.68,0.0,30.0,80.0,0.005,0.1,0.15,0.0,mad_only
7VuqbMbgLHk,12,10.21,0.0,30.0,80.0,0.005,0.1,0.15,0.0,mad_only
7VuqbMbgLHk,13,10.71,0.0,30.0,80.0,0.005,0.1,0.15,0.0,mad_only
7VuqbMbgLHk,14,11.27,0.0,30.0,80.0,0.005,0.1,0.15,0.0,mad_only
7VuqbMbgLHk,15,11.81,0.0,30.0,80.0,0.005,0.1,0.15,0.0,mad_only
7VuqbMbgLHk,16,12.795,0.0,30.0,80.0,0.005,0.1,0.15,0.0,mad_only
7VuqbMbgLHk,17,13.36,0.0,30.0,80.0,0.005,0.1,0.15,0.0,mad_only
7VuqbMbgLHk,18,13.85,0.0,30.0,80.0,0.005,0.1,0.15,0.0,mad_only
7VuqbMbgLHk,19,14.375,0.0,30.0,80.0,0.005,0.1,0.15,0.0,mad_only
7VuqbMbgLHk,20,14.895,0.0,30.0,80.0,0.005,0.1,0.15,0.0,mad_only
7VuqbMbgLHk,21,15.435,0.0,30.0,80.0,0.005,0.1,0.15,0.0,mad_only
7VuqbMbgLHk,22,15.945,0.0,30.0,80.0,0.005,0.1,0.15,0.0,mad_only
7VuqbMbgLHk,23,16.455000000000002,0.0,30.0,80.0,0.005,0.1,0.15,0.0,mad_only
7VuqbMbgLHk,24,16.965,0.0,30.0,80.0,0.005,0.1,0.15,0.0,mad_only
7VuqbMbgLHk,25,17.505,0.0,30.0,80.0,0.005,0.1,0.15,0.0,mad_only
7VuqbMbgLHk,26,18.02,0.0,30.0,80.0,0.005,0.1,0.15,0.0,mad_only
7VuqbMbgLHk,27,18.565,0.0,30.0,80.0,0.005,0.1,0.15,0.0,mad_only
7VuqbMbgLHk,28,19.065,0.0,30.0,80.0,0.005,0.1,0.15,0.0,mad_only
7VuqbMbgLHk,29,19.625,0.0,30.0,80.0,0.005,0.1,0.15,0.0,mad_only
7VuqbMbgLHk,30,20.14,0.0,30.0,80.0,0.005,0.1,0.15,0.0,mad_only
7VuqbMbgLHk,31,20.675,0.0,30.0,80.0,0.005,0.1,0.15,0.0,mad_only
7VuqbMbgLHk,32,21.17,0.0,30.0,80.0,0.005,0.1,0.15,0.0,mad_only
7VuqbMbgLHk,33,21.740000000000002,0.0,30.0,80.0,0.005,0.1,0.15,0.0,mad_only
7VuqbMbgLHk,34,22.240000000000002,0.0,30.0,80.0,0.005,0.1,0.15,0.0,mad_only
7VuqbMbgLHk,35,22.77,0.0,30.0,80.0,0.005,0.1,0.15,0.0,mad_only
7VuqbMbgLHk,36,23.25,0.0,30.0,80.0,0.005,0.1,0.15,0.0,mad_only
7VuqbMbgLHk,37,23.805,0.0,30.0,80.0,0.005,0.1,0.15,0.0,mad_only
7VuqbMbgLHk,38,24.29,0.0,30.0,80.0,0.005,0.1,0.15,0.0,mad_only
7VuqbMbgLHk,39,25.325,0.0,30.0,80.0,0.005,0.1,0.15,0.0,mad_only
7VuqbMbgLHk,40,26.415,0.0,30.0,80.0,0.005,0.1,0.15,0.0,mad_only
7VuqbMbgLHk,41,26.93,0.0,30.0,80.0,0.005,0.1,0.15,0.0,mad_only
7VuqbMbgLHk,42,27.415,0.0,30.0,80.0,0.005,0.1,0.15,0.0,mad_only
7VuqbMbgLHk,43,28.465,0.0,30.0,80.0,0.005,0.1,0.15,0.0,mad_only
7VuqbMbgLHk,44,28.990000000000002,0.0,30.0,80.0,0.005,0.1,0.15,0.0,mad_only
7VuqbMbgLHk,45,29.475,0.0,30.0,80.0,0.005,0.1,0.15,0.0,mad_only
8W1ij30ACGg,0,0.625,0.0,30.0,80.0,0.005,0.1,0.15,0.0,mad_only
8W1ij30ACGg,1,1.23,0.0,30.0,80.0,0.005,0.1,0.15,0.0,mad_only
8W1ij30ACGg,2,1.87,0.0,30.0,80.0,0.005,0.1,0.15,0.0,mad_only
8W1ij30ACGg,3,2.48,0.0,30.0,80.0,0.005,0.1,0.15,0.0,mad_only
8W1ij30ACGg,4,3.125,0.0,30.0,80.0,0.005,0.1,0.15,0.0,mad_only
8W1ij30ACGg,5,3.7600000000000002,0.0,30.0,80.0,0.005,0.1,0.15,0.0,mad_only
8W1ij30ACGg,6,4.405,0.0,30.0,80.0,0.005,0.1,0.15,0.0,mad_only
8W1ij30ACGg,7,5.025,0.0,30.0,80.0,0.005,0.1,0.15,0.0,mad_only
8W1ij30ACGg,8,5.67,0.0,30.0,80.0,0.005,0.1,0.15,0.0,mad_only
8W1ij30ACGg,9,6.295,0.0,30.0,80.0,0.005,0.1,0.15,0.0,mad_only
8W1ij30ACGg,10,6.93,0.0,30.0,80.0,0.005,0.1,0.15,0.0,mad_only
8W1ij30ACGg,11,7.555,0.0,30.0,80.0,0.005,0.1,0.15,0.0,mad_only
8W1ij30ACGg,12,8.19,0.0,30.0,80.0,0.005,0.1,0.15,0.0,mad_only
8W1ij30ACGg,13,8.815,0.0,30.0,80.0,0.005,0.1,0.15,0.0,mad_only
8W1ij30ACGg,14,9.44,0.0,30.0,80.0,0.005,0.1,0.15,0.0,mad_only
8W1ij30ACGg,15,10.07,0.0,30.0,80.0,0.005,0.1,0.15,0.0,mad_only
8W1ij30ACGg,16,10.71,0.0,30.0,80.0,0.005,0.1,0.15,0.0,mad_only
8W1ij30ACGg,17,11.335,0.0,30.0,80.0,0.005,0.1,0.15,0.0,mad_only
8W1ij30ACGg,18,11.965,0.0,30.0,80.0,0.005,0.1,0.15,0.0,mad_only
8W1ij30ACGg,19,12.58,0.0,30.0,80.0,0.005,0.1,0.15,0.0,mad_only
8W1ij30ACGg,20,13.23,0.0,30.0,80.0,0.005,0.1,0.15,0.0,mad_only
8W1ij30ACGg,21,13.86,0.0,30.0,80.0,0.005,0.1,0.15,0.0,mad_only
8W1ij30ACGg,22,14.485,0.0,30.0,80.0,0.005,0.1,0.15,0.0,mad_only
8W1ij30ACGg,23,15.11,0.0,30.0,80.0,0.005,0.1,0.15,0.0,mad_only
8W1ij30ACGg,24,15.75,0.0,30.0,80.0,0.005,0.1,0.15,0.0,mad_only
8W1ij30ACGg,25,16.385,0.0,30.0,80.0,0.005,0.1,0.15,0.0,mad_only
8W1ij30ACGg,26,17.01,0.0,30.0,80.0,0.005,0.1,0.15,0.0,mad_only
8W1ij30ACGg,27,17.635,0.0,30.0,80.0,0.005,0.1,0.15,0.0,mad_only
8W1ij30ACGg,28,18.28,0.0,30.0,80.0,0.005,0.1,0.15,0.0,mad_only
8W1ij30ACGg,29,18.92,0.0,30.0,80.0,0.005,0.1,0.15,0.0,mad_only
8W1ij30ACGg,30,19.55,0.0,30.0,80.0,0.005,0.1,0.15,0.0,mad_only
8W1ij30ACGg,31,20.17,0.0,30.0,80.0,0.005,0.1,0.15,0.0,mad_only
8W1ij30ACGg,32,20.8,0.0,30.0,80.0,0.005,0.1,0.15,0.0,mad_only
8W1ij30ACGg,33,21.445,0.0,30.0,80.0,0.005,0.1,0.15,0.0,mad_only
8W1ij30ACGg,34,22.075,0.0,30.0,80.0,0.005,0.1,0.15,0.0,mad_only
8W1ij30ACGg,35,22.705000000000002,0.0,30.0,80.0,0.005,0.1,0.15,0.0,mad_only
8W1ij30ACGg,36,23.335,0.0,30.0,80.0,0.005,0.1,0.15,0.0,mad_only
8W1ij30ACGg,37,23.96,0.0,30.0,80.0,0.005,0.1,0.15,0.0,mad_only
8W1ij30ACGg,38,24.59,0.0,30.0,80.0,0.005,0.1,0.15,0.0,mad_only
8W1ij30ACGg,39,25.23,0.0,30.0,80.0,0.005,0.1,0.15,0.0,mad_only
8W1ij30ACGg,40,25.86,0.0,30.0,80.0,0.005,0.1,0.15,0.0,mad_only
8W1ij30ACGg,41,26.495,0.0,30.0,80.0,0.005,0.1,0.15,0.0,mad_only
8W1ij30ACGg,42,27.125,0.0,30.0,80.0,0.005,0.1,0.15,0.0,mad_only
8W1ij30ACGg,43,27.75,0.0,30.0,80.0,0.005,0.1,0.15,0.0,mad_only
8W1ij30ACGg,44,28.38,0.0,30.0,80.0,0.005,0.1,0.15,0.0,mad_only
8W1ij30ACGg,45,29.015,0.0,30.0,80.0,0.005,0.1,0.15,0.0,mad_only
8W1ij30ACGg,46,29.650000000000002,0.0,30.0,80.0,0.005,0.1,0.15,0.0,mad_only
94LD5nwivVs,0,0.89,0.0,30.0,80.0,0.005,0.1,0.15,0.0,mad_only
94LD5nwivVs,1,1.225,0.0,30.0,80.0,0.005,0.1,0.15,0.0,mad_only
94LD5nwivVs,2,1.945,0.0,30.0,80.0,0.005,0.1,0.15,0.0,mad_only
94LD5nwivVs,3,2.705,0.0,30.0,80.0,0.005,0.1,0.15,0.0,mad_only
94LD5nwivVs,4,3.105,0.0,30.0,80.0,0.005,0.1,0.15,0.0,mad_only
94LD5nwivVs,5,3.44,0.0,30.0,80.0,0.005,0.1,0.15,0.0,mad_only
94LD5nwivVs,6,4.1850000000000005,0.0,30.0,80.0,0.005,0.1,0.15,0.0,mad_only
94LD5nwivVs,7,4.545,0.0,30.0,80.0,0.005,0.1,0.15,0.0,mad_only
94LD5nwivVs,8,4.94,0.0,30.0,80.0,0.005,0.1,0.15,0.0,mad_only
94LD5nwivVs,9,5.6850000000000005,0.0,30.0,80.0,0.005,0.1,0.15,0.0,mad_only
94LD5nwivVs,10,6.065,0.0,30.0,80.0,0.005,0.1,0.15,0.0,mad_only
94LD5nwivVs,11,6.445,0.0,30.0,80.0,0.005,0.1,0.15,0.0,mad_only
94LD5nwivVs,12,7.19,0.0,30.0,80.0,0.005,0.1,0.15,0.0,mad_only
94LD5nwivVs,13,7.575,0.0,30.0,80.0,0.005,0.1,0.15,0.0,mad_only
94LD5nwivVs,14,7.945,0.0,30.0,80.0,0.005,0.1,0.15,0.0,mad_only
94LD5nwivVs,15,8.675,0.0,30.0,80.0,0.005,0.1,0.15,0.0,mad_only
94LD5nwivVs,16,9.075000000000001,0.0,30.0,80.0,0.005,0.1,0.15,0.0,mad_only
94LD5nwivVs,17,9.445,0.0,30.0,80.0,0.005,0.1,0.15,0.0,mad_only
94LD5nwivVs,18,10.200000000000001,0.0,30.0,80.0,0.005,0.1,0.15,0.0,mad_only
94LD5nwivVs,19,10.575000000000001,0.0,30.0,80.0,0.005,0.1,0.15,0.0,mad_only
94LD5nwivVs,20,10.94,0.0,30.0,80.0,0.005,0.1,0.15,0.0,mad_only
94LD5nwivVs,21,11.705,0.0,30.0,80.0,0.005,0.1,0.15,0.0,mad_only
94LD5nwivVs,22,12.075000000000001,0.0,30.0,80.0,0.005,0.1,0.15,0.0,mad_only
94LD5nwivVs,23,12.445,0.0,30.0,80.0,0.005,0.1,0.15,0.0,mad_only
94LD5nwivVs,24,13.195,0.0,30.0,80.0,0.005,0.1,0.15,0.0,mad_only
94LD5nwivVs,25,13.59,0.0,30.0,80.0,0.005,0.1,0.15,0.0,mad_only
94LD5nwivVs,26,13.96,0.0,30.0,80.0,0.005,0.1,0.15,0.0,mad_only
94LD5nwivVs,27,14.68,0.0,30.0,80.0,0.005,0.1,0.15,0.0,mad_only
94LD5nwivVs,28,15.06,0.0,30.0,80.0,0.005,0.1,0.15,0.0,mad_only
94LD5nwivVs,29,15.44,0.0,30.0,80.0,0.005,0.1,0.15,0.0,mad_only
94LD5nwivVs,30,16.18,0.0,30.0,80.0,0.005,0.1,0.15,0.0,mad_only
94LD5nwivVs,31,16.57,0.0,30.0,80.0,0.005,0.1,0.15,0.0,mad_only
94LD5nwivVs,32,16.94,0.0,30.0,80.0,0.005,0.1,0.15,0.0,mad_only
94LD5nwivVs,33,17.675,0.0,30.0,80.0,0.005,0.1,0.15,0.0,mad_only
94LD5nwivVs,34,18.07,0.0,30.0,80.0,0.005,0.1,0.15,0.0,mad_only
94LD5nwivVs,35,18.45,0.0,30.0,80.0,0.005,0.1,0.15,0.0,mad_only
94LD5nwivVs,36,19.18,0.0,30.0,80.0,0.005,0.1,0.15,0.0,mad_only
94LD5nwivVs,37,19.57,0.0,30.0,80.0,0.005,0.1,0.15,0.0,mad_only
94LD5nwivVs,38,19.95,0.0,30.0,80.0,0.005,0.1,0.15,0.0,mad_only
94LD5nwivVs,39,20.32,0.0,30.0,80.0,0.005,0.1,0.15,0.0,mad_only
94LD5nwivVs,40,20.71,0.0,30.0,80.0,0.005,0.1,0.15,0.0,mad_only
94LD5nwivVs,41,21.075,0.0,30.0,80.0,0.005,0.1,0.15,0.0,mad_only
94LD5nwivVs,42,21.44,0.0,30.0,80.0,0.005,0.1,0.15,0.0,mad_only
94LD5nwivVs,43,22.18,0.0,30.0,80.0,0.005,0.1,0.15,0.0,mad_only
94LD5nwivVs,44,22.575,0.0,30.0,80.0,0.005,0.1,0.15,0.0,mad_only
94LD5nwivVs,45,22.945,0.0,30.0,80.0,0.005,0.1,0.15,0.0,mad_only
94LD5nwivVs,46,23.69,0.0,30.0,80.0,0.005,0.1,0.15,0.0,mad_only
94LD5nwivVs,47,24.065,0.0,30.0,80.0,0.005,0.1,0.15,0.0,mad_only
94LD5nwivVs,48,24.445,0.0,30.0,80.0,0.005,0.1,0.15,0.0,mad_only
94LD5nwivVs,49,25.185000000000002,0.0,30.0,80.0,0.005,0.1,0.15,0.0,mad_only
94LD5nwivVs,50,25.580000000000002,0.0,30.0,80.0,0.005,0.1,0.15,0.0,mad_only
94LD5nwivVs,51,25.95,0.0,30.0,80.0,0.005,0.1,0.15,0.0,mad_only
94LD5nwivVs,52,26.695,0.0,30.0,80.0,0.005,0.1,0.15,0.0,mad_only
94LD5nwivVs,53,27.080000000000002,0.0,30.0,80.0,0.005,0.1,0.15,0.0,mad_only
94LD5nwivVs,54,27.445,0.0,30.0,80.0,0.005,0.1,0.15,0.0,mad_only
94LD5nwivVs,55,28.17,0.0,30.0,80.0,0.005,0.1,0.15,0.0,mad_only
94LD5nwivVs,56,28.57,0.0,30.0,80.0,0.005,0.1,0.15,0.0,mad_only
94LD5nwivVs,57,28.94,0.0,30.0,80.0,0.005,0.1,0.15,0.0,mad_only
94LD5nwivVs,58,29.675,0.0,30.0,80.0,0.005,0.1,0.15,0.0,mad_only
98s7mqb_II0,0,1.215,0.0,30.0,80.0,0.005,0.1,0.15,0.0,mad_only
98s7mqb_II0,1,1.675,0.0,30.0,80.0,0.005,0.1,0.15,0.0,mad_only
98s7mqb_II0,2,2.12,0.0,30.0,80.0,0.005,0.1,0.15,0.0,mad_only
98s7mqb_II0,3,2.545,0.0,30.0,80.0,0.005,0.1,0.15,0.0,mad_only
98s7mqb_II0,4,3.0,0.0,30.0,80.0,0.005,0.1,0.15,0.0,mad_only
98s7mqb_II0,5,3.485,0.0,30.0,80.0,0.005,0.1,0.15,0.0,mad_only
98s7mqb_II0,6,3.9250000000000003,0.0,30.0,80.0,0.005,0.1,0.15,0.0,mad_only
98s7mqb_II0,7,4.36,0.0,30.0,80.0,0.005,0.1,0.15,0.0,mad_only
98s7mqb_II0,8,4.825,0.0,30.0,80.0,0.005,0.1,0.15,0.0,mad_only
98s7mqb_II0,9,5.285,0.0,30.0,80.0,0.005,0.1,0.15,0.0,mad_only
98s7mqb_II0,10,5.75,0.0,30.0,80.0,0.005,0.1,0.15,0.0,mad_only
98s7mqb_II0,11,6.19,0.0,30.0,80.0,0.005,0.1,0.15,0.0,mad_only
98s7mqb_II0,12,6.66,0.0,30.0,80.0,0.005,0.1,0.15,0.0,mad_only
98s7mqb_II0,13,7.105,0.0,30.0,80.0,0.005,0.1,0.15,0.0,mad_only
98s7mqb_II0,14,7.565,0.0,30.0,80.0,0.005,0.1,0.15,0.0,mad_only
98s7mqb_II0,15,7.985,0.0,30.0,80.0,0.005,0.1,0.15,0.0,mad_only
98s7mqb_II0,16,8.465,0.0,30.0,80.0,0.005,0.1,0.15,0.0,mad_only
98s7mqb_II0,17,8.93,0.0,30.0,80.0,0.005,0.1,0.15,0.0,mad_only
98s7mqb_II0,18,9.385,0.0,30.0,80.0,0.005,0.1,0.15,0.0,mad_only
98s7mqb_II0,19,9.825000000000001,0.0,30.0,80.0,0.005,0.1,0.15,0.0,mad_only
98s7mqb_II0,20,10.3,0.0,30.0,80.0,0.005,0.1,0.15,0.0,mad_only
98s7mqb_II0,21,10.77,0.0,30.0,80.0,0.005,0.1,0.15,0.0,mad_only
98s7mqb_II0,22,11.23,0.0,30.0,80.0,0.005,0.1,0.15,0.0,mad_only
98s7mqb_II0,23,11.66,0.0,30.0,80.0,0.005,0.1,0.15,0.0,mad_only
98s7mqb_II0,24,12.145,0.0,30.0,80.0,0.005,0.1,0.15,0.0,mad_only
98s7mqb_II0,25,12.61,0.0,30.0,80.0,0.005,0.1,0.15,0.0,mad_only
98s7mqb_II0,26,13.065,0.0,30.0,80.0,0.005,0.1,0.15,0.0,mad_only
98s7mqb_II0,27,13.5,0.0,30.0,80.0,0.005,0.1,0.15,0.0,mad_only
98s7mqb_II0,28,13.985,0.0,30.0,80.0,0.005,0.1,0.15,0.0,mad_only
98s7mqb_II0,29,14.43,0.0,30.0,80.0,0.005,0.1,0.15,0.0,mad_only
98s7mqb_II0,30,14.895,0.0,30.0,80.0,0.005,0.1,0.15,0.0,mad_only
98s7mqb_II0,31,15.33,0.0,30.0,80.0,0.005,0.1,0.15,0.0,mad_only
98s7mqb_II0,32,15.805,0.0,30.0,80.0,0.005,0.1,0.15,0.0,mad_only
98s7mqb_II0,33,16.265,0.0,30.0,80.0,0.005,0.1,0.15,0.0,mad_only
98s7mqb_II0,34,16.725,0.0,30.0,80.0,0.005,0.1,0.15,0.0,mad_only
98s7mqb_II0,35,17.155,0.0,30.0,80.0,0.005,0.1,0.15,0.0,mad_only
98s7mqb_II0,36,17.645,0.0,30.0,80.0,0.005,0.1,0.15,0.0,mad_only
98s7mqb_II0,37,18.1,0.0,30.0,80.0,0.005,0.1,0.15,0.0,mad_only
98s7mqb_II0,38,18.555,0.0,30.0,80.0,0.005,0.1,0.15,0.0,mad_only
98s7mqb_II0,39,18.995,0.0,30.0,80.0,0.005,0.1,0.15,0.0,mad_only
98s7mqb_II0,40,19.47,0.0,30.0,80.0,0.005,0.1,0.15,0.0,mad_only
98s7mqb_II0,41,19.94,0.0,30.0,80.0,0.005,0.1,0.15,0.0,mad_only
98s7mqb_II0,42,20.39,0.0,30.0,80.0,0.005,0.1,0.15,0.0,mad_only
98s7mqb_II0,43,20.835,0.0,30.0,80.0,0.005,0.1,0.15,0.0,mad_only
98s7mqb_II0,44,21.295,0.0,30.0,80.0,0.005,0.1,0.15,0.0,mad_only
98s7mqb_II0,45,21.75,0.0,30.0,80.0,0.005,0.1,0.15,0.0,mad_only
98s7mqb_II0,46,22.215,0.0,30.0,80.0,0.005,0.1,0.15,0.0,mad_only
98s7mqb_II0,47,22.650000000000002,0.0,30.0,80.0,0.005,0.1,0.15,0.0,mad_only
98s7mqb_II0,48,23.135,0.0,30.0,80.0,0.005,0.1,0.15,0.0,mad_only
98s7mqb_II0,49,23.59,0.0,30.0,80.0,0.005,0.1,0.15,0.0,mad_only
98s7mqb_II0,50,24.05,0.0,30.0,80.0,0.005,0.1,0.15,0.0,mad_only
98s7mqb_II0,51,24.48,0.0,30.0,80.0,0.005,0.1,0.15,0.0,mad_only
98s7mqb_II0,52,24.955000000000002,0.0,30.0,80.0,0.005,0.1,0.15,0.0,mad_only
98s7mqb_II0,53,25.42,0.0,30.0,80.0,0.005,0.1,0.15,0.0,mad_only
98s7mqb_II0,54,25.88,0.0,30.0,80.0,0.005,0.1,0.15,0.0,mad_only
98s7mqb_II0,55,26.315,0.0,30.0,80.0,0.005,0.1,0.15,0.0,mad_only
98s7mqb_II0,56,26.8,0.0,30.0,80.0,0.005,0.1,0.15,0.0,mad_only
98s7mqb_II0,57,27.265,0.0,30.0,80.0,0.005,0.1,0.15,0.0,mad_only
98s7mqb_II0,58,27.735,0.0,30.0,80.0,0.005,0.1,0.15,0.0,mad_only
98s7mqb_II0,59,28.155,0.0,30.0,80.0,0.005,0.1,0.15,0.0,mad_only
98s7mqb_II0,60,28.625,0.0,30.0,80.0,0.005,0.1,0.15,0.0,mad_only
98s7mqb_II0,61,29.065,0.0,30.0,80.0,0.005,0.1,0.15,0.0,mad_only
98s7mqb_II0,62,29.525000000000002,0.0,30.0,80.0,0.005,0.1,0.15,0.0,mad_only
98s7mqb_II0,63,29.93,0.0,30.0,80.0,0.005,0.1,0.15,0.0,mad_only
9f8xPaRWAbg,0,1.17,0.0,30.0,80.0,0.005,0.1,0.15,0.0,mad_only
9f8xPaRWAbg,1,2.565,0.0,30.0,80.0,0.005,0.1,0.15,0.0,mad_only
9f8xPaRWAbg,2,3.19,0.0,30.0,80.0,0.005,0.1,0.15,0.0,mad_only
9f8xPaRWAbg,3,3.56,0.0,30.0,80.0,0.005,0.1,0.15,0.0,mad_only
9f8xPaRWAbg,4,3.9,0.0,30.0,80.0,0.005,0.1,0.15,0.0,mad_only
9f8xPaRWAbg,5,4.545,0.0,30.0,80.0,0.005,0.1,0.15,0.0,mad_only
9f8xPaRWAbg,6,5.08,0.0,30.0,80.0,0.005,0.1,0.15,0.0,mad_only
9f8xPaRWAbg,7,6.03,0.0,30.0,80.0,0.005,0.1,0.15,0.0,mad_only
9f8xPaRWAbg,8,6.5600000000000005,0.0,30.0,80.0,0.005,0.1,0.15,0.0,mad_only
9f8xPaRWAbg,9,7.05,0.0,30.0,80.0,0.005,0.1,0.15,0.0,mad_only
9f8xPaRWAbg,10,7.53,0.0,30.0,80.0,0.005,0.1,0.15,0.0,mad_only
9f8xPaRWAbg,11,8.055,0.0,30.0,80.0,0.005,0.1,0.15,0.0,mad_only
9f8xPaRWAbg,12,8.535,0.0,30.0,80.0,0.005,0.1,0.15,0.0,mad_only
9f8xPaRWAbg,13,9.035,0.0,30.0,80.0,0.005,0.1,0.15,0.0,mad_only
9f8xPaRWAbg,14,9.535,0.0,30.0,80.0,0.005,0.1,0.15,0.0,mad_only
9f8xPaRWAbg,15,10.035,0.0,30.0,80.0,0.005,0.1,0.15,0.0,mad_only
9f8xPaRWAbg,16,10.555,0.0,30.0,80.0,0.005,0.1,0.15,0.0,mad_only
9f8xPaRWAbg,17,11.045,0.0,30.0,80.0,0.005,0.1,0.15,0.0,mad_only
9f8xPaRWAbg,18,11.540000000000001,0.0,30.0,80.0,0.005,0.1,0.15,0.0,mad_only
9f8xPaRWAbg,19,12.05,0.0,30.0,80.0,0.005,0.1,0.15,0.0,mad_only
9f8xPaRWAbg,20,12.565,0.0,30.0,80.0,0.005,0.1,0.15,0.0,mad_only
9f8xPaRWAbg,21,13.05,0.0,30.0,80.0,0.005,0.1,0.15,0.0,mad_only
9f8xPaRWAbg,22,13.55,0.0,30.0,80.0,0.005,0.1,0.15,0.0,mad_only
9f8xPaRWAbg,23,14.045,0.0,30.0,80.0,0.005,0.1,0.15,0.0,mad_only
9f8xPaRWAbg,24,14.540000000000001,0.0,30.0,80.0,0.005,0.1,0.15,0.0,mad_only
9f8xPaRWAbg,25,15.040000000000001,0.0,30.0,80.0,0.005,0.1,0.15,0.0,mad_only
9f8xPaRWAbg,26,15.555,0.0,30.0,80.0,0.005,0.1,0.15,0.0,mad_only
9f8xPaRWAbg,27,16.045,0.0,30.0,80.0,0.005,0.1,0.15,0.0,mad_only
9f8xPaRWAbg,28,16.54,0.0,30.0,80.0,0.005,0.1,0.15,0.0,mad_only
9f8xPaRWAbg,29,17.05,0.0,30.0,80.0,0.005,0.1,0.15,0.0,mad_only
9f8xPaRWAbg,30,17.56,0.0,30.0,80.0,0.005,0.1,0.15,0.0,mad_only
9f8xPaRWAbg,31,18.055,0.0,30.0,80.0,0.005,0.1,0.15,0.0,mad_only
9f8xPaRWAbg,32,18.57,0.0,30.0,80.0,0.005,0.1,0.15,0.0,mad_only
9f8xPaRWAbg,33,19.055,0.0,30.0,80.0,0.005,0.1,0.15,0.0,mad_only
9f8xPaRWAbg,34,19.56,0.0,30.0,80.0,0.005,0.1,0.15,0.0,mad_only
9f8xPaRWAbg,35,20.06,0.0,30.0,80.0,0.005,0.1,0.15,0.0,mad_only
9f8xPaRWAbg,36,20.555,0.0,30.0,80.0,0.005,0.1,0.15,0.0,mad_only
9f8xPaRWAbg,37,21.05,0.0,30.0,80.0,0.005,0.1,0.15,0.0,mad_only
9f8xPaRWAbg,38,21.56,0.0,30.0,80.0,0.005,0.1,0.15,0.0,mad_only
9f8xPaRWAbg,39,22.05,0.0,30.0,80.0,0.005,0.1,0.15,0.0,mad_only
9f8xPaRWAbg,40,22.545,0.0,30.0,80.0,0.005,0.1,0.15,0.0,mad_only
9f8xPaRWAbg,41,23.045,0.0,30.0,80.0,0.005,0.1,0.15,0.0,mad_only
9f8xPaRWAbg,42,23.555,0.0,30.0,80.0,0.005,0.1,0.15,0.0,mad_only
9f8xPaRWAbg,43,24.04,0.0,30.0,80.0,0.005,0.1,0.15,0.0,mad_only
9f8xPaRWAbg,44,24.52,0.0,30.0,80.0,0.005,0.1,0.15,0.0,mad_only
9f8xPaRWAbg,45,25.035,0.0,30.0,80.0,0.005,0.1,0.15,0.0,mad_only
9f8xPaRWAbg,46,25.55,0.0,30.0,80.0,0.005,0.1,0.15,0.0,mad_only
9f8xPaRWAbg,47,26.035,0.0,30.0,80.0,0.005,0.1,0.15,0.0,mad_only
9f8xPaRWAbg,48,26.54,0.0,30.0,80.0,0.005,0.1,0.15,0.0,mad_only
9f8xPaRWAbg,49,27.03,0.0,30.0,80.0,0.005,0.1,0.15,0.0,mad_only
9f8xPaRWAbg,50,27.545,0.0,30.0,80.0,0.005,0.1,0.15,0.0,mad_only
9f8xPaRWAbg,51,28.04,0.0,30.0,80.0,0.005,0.1,0.15,0.0,mad_only
9f8xPaRWAbg,52,28.525000000000002,0.0,30.0,80.0,0.005,0.1,0.15,0.0,mad_only
9f8xPaRWAbg,53,29.025000000000002,0.0,30.0,80.0,0.005,0.1,0.15,0.0,mad_only
9f8xPaRWAbg,54,29.545,0.0,30.0,80.0,0.005,0.1,0.15,0.0,mad_only
9hODzWIY7Hc,0,1.25,0.0,30.0,80.0,0.005,0.1,0.15,0.0,mad_only
9hODzWIY7Hc,1,1.7650000000000001,0.0,30.0,80.0,0.005,0.1,0.15,0.0,mad_only
9hODzWIY7Hc,2,3.805,0.0,30.0,80.0,0.005,0.1,0.15,0.0,mad_only
9hODzWIY7Hc,3,4.3100000000000005,0.0,30.0,80.0,0.005,0.1,0.15,0.0,mad_only
9hODzWIY7Hc,4,4.825,0.0,30.0,80.0,0.005,0.1,0.15,0.0,mad_only
9hODzWIY7Hc,5,5.315,0.0,30.0,80.0,0.005,0.1,0.15,0.0,mad_only
9hODzWIY7Hc,6,5.82,0.0,30.0,80.0,0.005,0.1,0.15,0.0,mad_only
9hODzWIY7Hc,7,6.34,0.0,30.0,80.0,0.005,0.1,0.15,0.0,mad_only
9hODzWIY7Hc,8,6.845,0.0,30.0,80.0,0.005,0.1,0.15,0.0,mad_only
9hODzWIY7Hc,9,7.335,0.0,30.0,80.0,0.005,0.1,0.15,0.0,mad_only
9hODzWIY7Hc,10,7.835,0.0,30.0,80.0,0.005,0.1,0.15,0.0,mad_only
9hODzWIY7Hc,11,8.345,0.0,30.0,80.0,0.005,0.1,0.15,0.0,mad_only
9hODzWIY7Hc,12,8.86,0.0,30.0,80.0,0.005,0.1,0.15,0.0,mad_only
9hODzWIY7Hc,13,9.375,0.0,30.0,80.0,0.005,0.1,0.15,0.0,mad_only
9hODzWIY7Hc,14,9.885,0.0,30.0,80.0,0.005,0.1,0.15,0.0,mad_only
9hODzWIY7Hc,15,10.405,0.0,30.0,80.0,0.005,0.1,0.15,0.0,mad_only
9hODzWIY7Hc,16,10.915000000000001,0.0,30.0,80.0,0.005,0.1,0.15,0.0,mad_only
9hODzWIY7Hc,17,11.39,0.0,30.0,80.0,0.005,0.1,0.15,0.0,mad_only
9hODzWIY7Hc,18,11.9,0.0,30.0,80.0,0.005,0.1,0.15,0.0,mad_only
9hODzWIY7Hc,19,12.41,0.0,30.0,80.0,0.005,0.1,0.15,0.0,mad_only
9hODzWIY7Hc,20,12.915000000000001,0.0,30.0,80.0,0.005,0.1,0.15,0.0,mad_only
9hODzWIY7Hc,21,13.405000000000001,0.0,30.0,80.0,0.005,0.1,0.15,0.0,mad_only
9hODzWIY7Hc,22,13.925,0.0,30.0,80.0,0.005,0.1,0.15,0.0,mad_only
9hODzWIY7Hc,23,14.425,0.0,30.0,80.0,0.005,0.1,0.15,0.0,mad_only
9hODzWIY7Hc,24,14.94,0.0,30.0,80.0,0.005,0.1,0.15,0.0,mad_only
9hODzWIY7Hc,25,15.43,0.0,30.0,80.0,0.005,0.1,0.15,0.0,mad_only
9hODzWIY7Hc,26,15.950000000000001,0.0,30.0,80.0,0.005,0.1,0.15,0.0,mad_only
9hODzWIY7Hc,27,16.455000000000002,0.0,30.0,80.0,0.005,0.1,0.15,0.0,mad_only
9hODzWIY7Hc,28,16.97,0.0,30.0,80.0,0.005,0.1,0.15,0.0,mad_only
9hODzWIY7Hc,29,17.46,0.0,30.0,80.0,0.005,0.1,0.15,0.0,mad_only
9hODzWIY7Hc,30,17.98,0.0,30.0,80.0,0.005,0.1,0.15,0.0,mad_only
9hODzWIY7Hc,31,18.490000000000002,0.0,30.0,80.0,0.005,0.1,0.15,0.0,mad_only
9hODzWIY7Hc,32,19.025000000000002,0.0,30.0,80.0,0.005,0.1,0.15,0.0,mad_only
9hODzWIY7Hc,33,19.490000000000002,0.0,30.0,80.0,0.005,0.1,0.15,0.0,mad_only
9hODzWIY7Hc,34,19.985,0.0,30.0,80.0,0.005,0.1,0.15,0.0,mad_only
9hODzWIY7Hc,35,20.485,0.0,30.0,80.0,0.005,0.1,0.15,0.0,mad_only
9hODzWIY7Hc,36,21.0,0.0,30.0,80.0,0.005,0.1,0.15,0.0,mad_only
9hODzWIY7Hc,37,21.505,0.0,30.0,80.0,0.005,0.1,0.15,0.0,mad_only
9hODzWIY7Hc,38,22.025000000000002,0.0,30.0,80.0,0.005,0.1,0.15,0.0,mad_only
9hODzWIY7Hc,39,22.525000000000002,0.0,30.0,80.0,0.005,0.1,0.15,0.0,mad_only
9hODzWIY7Hc,40,23.045,0.0,30.0,80.0,0.005,0.1,0.15,0.0,mad_only
9hODzWIY7Hc,41,23.53,0.0,30.0,80.0,0.005,0.1,0.15,0.0,mad_only
9hODzWIY7Hc,42,24.055,0.0,30.0,80.0,0.005,0.1,0.15,0.0,mad_only
9hODzWIY7Hc,43,24.55,0.0,30.0,80.0,0.005,0.1,0.15,0.0,mad_only
9hODzWIY7Hc,44,25.07,0.0,30.0,80.0,0.005,0.1,0.15,0.0,mad_only
9hODzWIY7Hc,45,25.575,0.0,30.0,80.0,0.005,0.1,0.15,0.0,mad_only
9hODzWIY7Hc,46,26.095,0.0,30.0,80.0,0.005,0.1,0.15,0.0,mad_only
9hODzWIY7Hc,47,26.585,0.0,30.0,80.0,0.005,0.1,0.15,0.0,mad_only
9hODzWIY7Hc,48,27.105,0.0,30.0,80.0,0.005,0.1,0.15,0.0,mad_only
9hODzWIY7Hc,49,27.605,0.0,30.0,80.0,0.005,0.1,0.15,0.0,mad_only
9hODzWIY7Hc,50,28.145,0.0,30.0,80.0,0.005,0.1,0.15,0.0,mad_only
9hODzWIY7Hc,51,28.665,0.0,30.0,80.0,0.005,0.1,0.15,0.0,mad_only
9hODzWIY7Hc,52,29.18,0.0,30.0,80.0,0.005,0.1,0.15,0.0,mad_only
9hODzWIY7Hc,53,29.68,0.0,30.0,80.0,0.005,0.1,0.15,0.0,mad_only
9tP_cphjz3E,0,0.725,0.0,30.0,80.0,0.005,0.1,0.15,0.0,mad_only
9tP_cphjz3E,1,1.6,0.0,30.0,80.0,0.005,0.1,0.15,0.0,mad_only
9tP_cphjz3E,2,1.935,0.0,30.0,80.0,0.005,0.1,0.15,0.0,mad_only
9tP_cphjz3E,3,2.22,0.0,30.0,80.0,0.005,0.1,0.15,0.0,mad_only
9tP_cphjz3E,4,2.555,0.0,30.0,80.0,0.005,0.1,0.15,0.0,mad_only
9tP_cphjz3E,5,2.875,0.0,30.0,80.0,0.005,0.1,0.15,0.0,mad_only
9tP_cphjz3E,6,3.185,0.0,30.0,80.0,0.005,0.1,0.15,0.0,mad_only
9tP_cphjz3E,7,3.5100000000000002,0.0,30.0,80.0,0.005,0.1,0.15,0.0,mad_only
9tP_cphjz3E,8,3.8200000000000003,0.0,30.0,80.0,0.005,0.1,0.15,0.0,mad_only
9tP_cphjz3E,9,4.14,0.0,30.0,80.0,0.005,0.1,0.15,0.0,mad_only
9tP_cphjz3E,10,4.44,0.0,30.0,80.0,0.005,0.1,0.15,0.0,mad_only
9tP_cphjz3E,11,4.765,0.0,30.0,80.0,0.005,0.1,0.15,0.0,mad_only
9tP_cphjz3E,12,5.085,0.0,30.0,80.0,0.005,0.1,0.15,0.0,mad_only
9tP_cphjz3E,13,5.3950000000000005,0.0,30.0,80.0,0.005,0.1,0.15,0.0,mad_only
9tP_cphjz3E,14,5.73,0.0,30.0,80.0,0.005,0.1,0.15,0.0,mad_only
9tP_cphjz3E,15,6.025,0.0,30.0,80.0,0.005,0.1,0.15,0.0,mad_only
9tP_cphjz3E,16,6.355,0.0,30.0,80.0,0.005,0.1,0.15,0.0,mad_only
9tP_cphjz3E,17,6.655,0.0,30.0,80.0,0.005,0.1,0.15,0.0,mad_only
9tP_cphjz3E,18,7.265000000000001,0.0,30.0,80.0,0.005,0.1,0.15,0.0,mad_only
9tP_cphjz3E,19,7.61,0.0,30.0,80.0,0.005,0.1,0.15,0.0,mad_only
9tP_cphjz3E,20,7.925,0.0,30.0,80.0,0.005,0.1,0.15,0.0,mad_only
9tP_cphjz3E,21,8.545,0.0,30.0,80.0,0.005,0.1,0.15,0.0,mad_only
9tP_cphjz3E,22,8.88,0.0,30.0,80.0,0.005,0.1,0.15,0.0,mad_only
9tP_cphjz3E,23,9.175,0.0,30.0,80.0,0.005,0.1,0.15,0.0,mad_only
9tP_cphjz3E,24,9.805,0.0,30.0,80.0,0.005,0.1,0.15,0.0,mad_only
9tP_cphjz3E,25,10.135,0.0,30.0,80.0,0.005,0.1,0.15,0.0,mad_only
9tP_cphjz3E,26,10.455,0.0,30.0,80.0,0.005,0.1,0.15,0.0,mad_only
9tP_cphjz3E,27,10.790000000000001,0.0,30.0,80.0,0.005,0.1,0.15,0.0,mad_only
9tP_cphjz3E,28,11.08,0.0,30.0,80.0,0.005,0.1,0.15,0.0,mad_only
9tP_cphjz3E,29,11.405,0.0,30.0,80.0,0.005,0.1,0.15,0.0,mad_only
9tP_cphjz3E,30,11.715,0.0,30.0,80.0,0.005,0.1,0.15,0.0,mad_only
9tP_cphjz3E,31,12.345,0.0,30.0,80.0,0.005,0.1,0.15,0.0,mad_only
9tP_cphjz3E,32,12.67,0.0,30.0,80.0,0.005,0.1,0.15,0.0,mad_only
9tP_cphjz3E,33,12.98,0.0,30.0,80.0,0.005,0.1,0.15,0.0,mad_only
9tP_cphjz3E,34,13.315,0.0,30.0,80.0,0.005,0.1,0.15,0.0,mad_only
9tP_cphjz3E,35,13.6,0.0,30.0,80.0,0.005,0.1,0.15,0.0,mad_only
9tP_cphjz3E,36,13.92,0.0,30.0,80.0,0.005,0.1,0.15,0.0,mad_only
9tP_cphjz3E,37,14.245000000000001,0.0,30.0,80.0,0.005,0.1,0.15,0.0,mad_only
9tP_cphjz3E,38,14.870000000000001,0.0,30.0,80.0,0.005,0.1,0.15,0.0,mad_only
9tP_cphjz3E,39,15.195,0.0,30.0,80.0,0.005,0.1,0.15,0.0,mad_only
9tP_cphjz3E,40,15.495000000000001,0.0,30.0,80.0,0.005,0.1,0.15,0.0,mad_only
9tP_cphjz3E,41,16.13,0.0,30.0,80.0,0.005,0.1,0.15,0.0,mad_only
9tP_cphjz3E,42,16.46,0.0,30.0,80.0,0.005,0.1,0.15,0.0,mad_only
9tP_cphjz3E,43,16.765,0.0,30.0,80.0,0.005,0.1,0.15,0.0,mad_only
9tP_cphjz3E,44,17.400000000000002,0.0,30.0,80.0,0.005,0.1,0.15,0.0,mad_only
9tP_cphjz3E,45,17.715,0.0,30.0,80.0,0.005,0.1,0.15,0.0,mad_only
9tP_cphjz3E,46,18.045,0.0,30.0,80.0,0.005,0.1,0.15,0.0,mad_only
9tP_cphjz3E,47,18.345,0.0,30.0,80.0,0.005,0.1,0.15,0.0,mad_only
9tP_cphjz3E,48,18.665,0.0,30.0,80.0,0.005,0.1,0.15,0.0,mad_only
9tP_cphjz3E,49,18.985,0.0,30.0,80.0,0.005,0.1,0.15,0.0,mad_only
9tP_cphjz3E,50,19.295,0.0,30.0,80.0,0.005,0.1,0.15,0.0,mad_only
9tP_cphjz3E,51,19.61,0.0,30.0,80.0,0.005,0.1,0.15,0.0,mad_only
9tP_cphjz3E,52,19.915,0.0,30.0,80.0,0.005,0.1,0.15,0.0,mad_only
9tP_cphjz3E,53,20.240000000000002,0.0,30.0,80.0,0.005,0.1,0.15,0.0,mad_only
9tP_cphjz3E,54,20.56,0.0,30.0,80.0,0.005,0.1,0.15,0.0,mad_only
9tP_cphjz3E,55,20.900000000000002,0.0,30.0,80.0,0.005,0.1,0.15,0.0,mad_only
9tP_cphjz3E,56,21.19,0.0,30.0,80.0,0.005,0.1,0.15,0.0,mad_only
9tP_cphjz3E,57,21.51,0.0,30.0,80.0,0.005,0.1,0.15,0.0,mad_only
9tP_cphjz3E,58,21.82,0.0,30.0,80.0,0.005,0.1,0.15,0.0,mad_only
9tP_cphjz3E,59,22.435,0.0,30.0,80.0,0.005,0.1,0.15,0.0,mad_only
9tP_cphjz3E,60,22.77,0.0,30.0,80.0,0.005,0.1,0.15,0.0,mad_only
9tP_cphjz3E,61,23.085,0.0,30.0,80.0,0.005,0.1,0.15,0.0,mad_only
9tP_cphjz3E,62,23.72,0.0,30.0,80.0,0.005,0.1,0.15,0.0,mad_only
9tP_cphjz3E,63,24.02,0.0,30.0,80.0,0.005,0.1,0.15,0.0,mad_only
9tP_cphjz3E,64,24.35,0.0,30.0,80.0,0.005,0.1,0.15,0.0,mad_only
9tP_cphjz3E,65,24.985,0.0,30.0,80.0,0.005,0.1,0.15,0.0,mad_only
9tP_cphjz3E,66,25.29,0.0,30.0,80.0,0.005,0.1,0.15,0.0,mad_only
9tP_cphjz3E,67,25.615000000000002,0.0,30.0,80.0,0.005,0.1,0.15,0.0,mad_only
9tP_cphjz3E,68,26.235,0.0,30.0,80.0,0.005,0.1,0.15,0.0,mad_only
9tP_cphjz3E,69,26.55,0.0,30.0,80.0,0.005,0.1,0.15,0.0,mad_only
9tP_cphjz3E,70,26.875,0.0,30.0,80.0,0.005,0.1,0.15,0.0,mad_only
9tP_cphjz3E,71,27.490000000000002,0.0,30.0,80.0,0.005,0.1,0.15,0.0,mad_only
9tP_cphjz3E,72,27.825,0.0,30.0,80.0,0.005,0.1,0.15,0.0,mad_only
9tP_cphjz3E,73,28.135,0.0,30.0,80.0,0.005,0.1,0.15,0.0,mad_only
9tP_cphjz3E,74,28.765,0.0,30.0,80.0,0.005,0.1,0.15,0.0,mad_only
9tP_cphjz3E,75,29.07,0.0,30.0,80.0,0.005,0.1,0.15,0.0,mad_only
9tP_cphjz3E,76,29.395,0.0,30.0,80.0,0.005,0.1,0.15,0.0,mad_only
9tP_cphjz3E,77,29.715,0.0,30.0,80.0,0.005,0.1,0.15,0.0,mad_only
Ai9l_8xy_pc,0,0.92,0.0,30.0,80.0,0.005,0.1,0.15,0.0,mad_only
Ai9l_8xy_pc,1,1.425,0.0,30.0,80.0,0.005,0.1,0.15,0.0,mad_only
Ai9l_8xy_pc,2,1.83,0.0,30.0,80.0,0.005,0.1,0.15,0.0,mad_only
Ai9l_8xy_pc,3,2.295,0.0,30.0,80.0,0.005,0.1,0.15,0.0,mad_only
Ai9l_8xy_pc,4,2.775,0.0,30.0,80.0,0.005,0.1,0.15,0.0,mad_only
Ai9l_8xy_pc,5,3.25,0.0,30.0,80.0,0.005,0.1,0.15,0.0,mad_only
Ai9l_8xy_pc,6,3.72,0.0,30.0,80.0,0.005,0.1,0.15,0.0,mad_only
Ai9l_8xy_pc,7,4.195,0.0,30.0,80.0,0.005,0.1,0.15,0.0,mad_only
Ai9l_8xy_pc,8,4.665,0.0,30.0,80.0,0.005,0.1,0.15,0.0,mad_only
Ai9l_8xy_pc,9,5.13,0.0,30.0,80.0,0.005,0.1,0.15,0.0,mad_only
Ai9l_8xy_pc,10,5.585,0.0,30.0,80.0,0.005,0.1,0.15,0.0,mad_only
Ai9l_8xy_pc,11,6.0600000000000005,0.0,30.0,80.0,0.005,0.1,0.15,0.0,mad_only
Ai9l_8xy_pc,12,6.53,0.0,30.0,80.0,0.005,0.1,0.15,0.0,mad_only
Ai9l_8xy_pc,13,7.005,0.0,30.0,80.0,0.005,0.1,0.15,0.0,mad_only
Ai9l_8xy_pc,14,7.47,0.0,30.0,80.0,0.005,0.1,0.15,0.0,mad_only
Ai9l_8xy_pc,15,7.95,0.0,30.0,80.0,0.005,0.1,0.15,0.0,mad_only
Ai9l_8xy_pc,16,8.425,0.0,30.0,80.0,0.005,0.1,0.15,0.0,mad_only
Ai9l_8xy_pc,17,8.905,0.0,30.0,80.0,0.005,0.1,0.15,0.0,mad_only
Ai9l_8xy_pc,18,9.370000000000001,0.0,30.0,80.0,0.005,0.1,0.15,0.0,mad_only
Ai9l_8xy_pc,19,9.84,0.0,30.0,80.0,0.005,0.1,0.15,0.0,mad_only
Ai9l_8xy_pc,20,10.305,0.0,30.0,80.0,0.005,0.1,0.15,0.0,mad_only
Ai9l_8xy_pc,21,10.78,0.0,30.0,80.0,0.005,0.1,0.15,0.0,mad_only
Ai9l_8xy_pc,22,11.245000000000001,0.0,30.0,80.0,0.005,0.1,0.15,0.0,mad_only
Ai9l_8xy_pc,23,11.725,0.0,30.0,80.0,0.005,0.1,0.15,0.0,mad_only
Ai9l_8xy_pc,24,12.18,0.0,30.0,80.0,0.005,0.1,0.15,0.0,mad_only
Ai9l_8xy_pc,25,12.665000000000001,0.0,30.0,80.0,0.005,0.1,0.15,0.0,mad_only
Ai9l_8xy_pc,26,13.15,0.0,30.0,80.0,0.005,0.1,0.15,0.0,mad_only
Ai9l_8xy_pc,27,13.615,0.0,30.0,80.0,0.005,0.1,0.15,0.0,mad_only
Ai9l_8xy_pc,28,14.08,0.0,30.0,80.0,0.005,0.1,0.15,0.0,mad_only
Ai9l_8xy_pc,29,14.86,0.0,30.0,80.0,0.005,0.1,0.15,0.0,mad_only
Ai9l_8xy_pc,30,15.305,0.0,30.0,80.0,0.005,0.1,0.15,0.0,mad_only
Ai9l_8xy_pc,31,15.76,0.0,30.0,80.0,0.005,0.1,0.15,0.0,mad_only
Ai9l_8xy_pc,32,16.240000000000002,0.0,30.0,80.0,0.005,0.1,0.15,0.0,mad_only
Ai9l_8xy_pc,33,16.715,0.0,30.0,80.0,0.005,0.1,0.15,0.0,mad_only
Ai9l_8xy_pc,34,17.195,0.0,30.0,80.0,0.005,0.1,0.15,0.0,mad_only
Ai9l_8xy_pc,35,17.665,0.0,30.0,80.0,0.005,0.1,0.15,0.0,mad_only
Ai9l_8xy_pc,36,18.150000000000002,0.0,30.0,80.0,0.005,0.1,0.15,0.0,mad_only
Ai9l_8xy_pc,37,18.61,0.0,30.0,80.0,0.005,0.1,0.15,0.0,mad_only
Ai9l_8xy_pc,38,19.080000000000002,0.0,30.0,80.0,0.005,0.1,0.15,0.0,mad_only
Ai9l_8xy_pc,39,19.555,0.0,30.0,80.0,0.005,0.1,0.15,0.0,mad_only
Ai9l_8xy_pc,40,20.025000000000002,0.0,30.0,80.0,0.005,0.1,0.15,0.0,mad_only
Ai9l_8xy_pc,41,20.490000000000002,0.0,30.0,80.0,0.005,0.1,0.15,0.0,mad_only
Ai9l_8xy_pc,42,20.97,0.0,30.0,80.0,0.005,0.1,0.15,0.0,mad_only
Ai9l_8xy_pc,43,21.435,0.0,30.0,80.0,0.005,0.1,0.15,0.0,mad_only
Ai9l_8xy_pc,44,21.900000000000002,0.0,30.0,80.0,0.005,0.1,0.15,0.0,mad_only
Ai9l_8xy_pc,45,22.375,0.0,30.0,80.0,0.005,0.1,0.15,0.0,mad_only
Ai9l_8xy_pc,46,22.845,0.0,30.0,80.0,0.005,0.1,0.15,0.0,mad_only
Ai9l_8xy_pc,47,23.31,0.0,30.0,80.0,0.005,0.1,0.15,0.0,mad_only
Ai9l_8xy_pc,48,23.775000000000002,0.0,30.0,80.0,0.005,0.1,0.15,0.0,mad_only
Ai9l_8xy_pc,49,24.240000000000002,0.0,30.0,80.0,0.005,0.1,0.15,0.0,mad_only
Ai9l_8xy_pc,50,24.71,0.0,30.0,80.0,0.005,0.1,0.15,0.0,mad_only
Ai9l_8xy_pc,51,25.17,0.0,30.0,80.0,0.005,0.1,0.15,0.0,mad_only
Ai9l_8xy_pc,52,25.645,0.0,30.0,80.0,0.005,0.1,0.15,0.0,mad_only
Ai9l_8xy_pc,53,26.125,0.0,30.0,80.0,0.005,0.1,0.15,0.0,mad_only
Ai9l_8xy_pc,54,26.62,0.0,30.0,80.0,0.005,0.1,0.15,0.0,mad_only
Ai9l_8xy_pc,55,27.095,0.0,30.0,80.0,0.005,0.1,0.15,0.0,mad_only
Ai9l_8xy_pc,56,27.555,0.0,30.0,80.0,0.005,0.1,0.15,0.0,mad_only
Ai9l_8xy_pc,57,28.01,0.0,30.0,80.0,0.005,0.1,0.15,0.0,mad_only
Ai9l_8xy_pc,58,28.490000000000002,0.0,30.0,80.0,0.005,0.1,0.15,0.0,mad_only
Ai9l_8xy_pc,59,28.95,0.0,30.0,80.0,0.005,0.1,0.15,0.0,mad_only
Ai9l_8xy_pc,60,29.42,0.0,30.0,80.0,0.005,0.1,0.15,0.0,mad_only
Ai9l_8xy_pc,61,29.89,0.0,30.0,80.0,0.005,0.1,0.15,0.0,mad_only
AkYhR1lc8QM,0,0.905,0.0,30.0,80.0,0.005,0.1,0.15,0.0,mad_only
AkYhR1lc8QM,1,1.395,0.0,30.0,80.0,0.005,0.1,0.15,0.0,mad_only
AkYhR1lc8QM,2,1.825,0.0,30.0,80.0,0.005,0.1,0.15,0.0,mad_only
AkYhR1lc8QM,3,2.365,0.0,30.0,80.0,0.005,0.1,0.15,0.0,mad_only
AkYhR1lc8QM,4,2.8850000000000002,0.0,30.0,80.0,0.005,0.1,0.15,0.0,mad_only
AkYhR1lc8QM,5,3.4,0.0,30.0,80.0,0.005,0.1,0.15,0.0,mad_only
AkYhR1lc8QM,6,3.91,0.0,30.0,80.0,0.005,0.1,0.15,0.0,mad_only
AkYhR1lc8QM,7,4.415,0.0,30.0,80.0,0.005,0.1,0.15,0.0,mad_only
AkYhR1lc8QM,8,4.95,0.0,30.0,80.0,0.005,0.1,0.15,0.0,mad_only
AkYhR1lc8QM,9,5.47,0.0,30.0,80.0,0.005,0.1,0.15,0.0,mad_only
AkYhR1lc8QM,10,5.9750000000000005,0.0,30.0,80.0,0.005,0.1,0.15,0.0,mad_only
AkYhR1lc8QM,11,6.47,0.0,30.0,80.0,0.005,0.1,0.15,0.0,mad_only
AkYhR1lc8QM,12,6.985,0.0,30.0,80.0,0.005,0.1,0.15,0.0,mad_only
AkYhR1lc8QM,13,7.495,0.0,30.0,80.0,0.005,0.1,0.15,0.0,mad_only
AkYhR1lc8QM,14,8.025,0.0,30.0,80.0,0.005,0.1,0.15,0.0,mad_only
AkYhR1lc8QM,15,8.535,0.0,30.0,80.0,0.005,0.1,0.15,0.0,mad_only
AkYhR1lc8QM,16,9.07,0.0,30.0,80.0,0.005,0.1,0.15,0.0,mad_only
AkYhR1lc8QM,17,9.57,0.0,30.0,80.0,0.005,0.1,0.15,0.0,mad_only
AkYhR1lc8QM,18,10.09,0.0,30.0,80.0,0.005,0.1,0.15,0.0,mad_only
AkYhR1lc8QM,19,10.61,0.0,30.0,80.0,0.005,0.1,0.15,0.0,mad_only
AkYhR1lc8QM,20,11.120000000000001,0.0,30.0,80.0,0.005,0.1,0.15,0.0,mad_only
AkYhR1lc8QM,21,11.63,0.0,30.0,80.0,0.005,0.1,0.15,0.0,mad_only
AkYhR1lc8QM,22,12.16,0.0,30.0,80.0,0.005,0.1,0.15,0.0,mad_only
AkYhR1lc8QM,23,12.67,0.0,30.0,80.0,0.005,0.1,0.15,0.0,mad_only
AkYhR1lc8QM,24,13.200000000000001,0.0,30.0,80.0,0.005,0.1,0.15,0.0,mad_only
AkYhR1lc8QM,25,13.705,0.0,30.0,80.0,0.005,0.1,0.15,0.0,mad_only
AkYhR1lc8QM,26,14.225,0.0,30.0,80.0,0.005,0.1,0.15,0.0,mad_only
AkYhR1lc8QM,27,14.74,0.0,30.0,80.0,0.005,0.1,0.15,0.0,mad_only
AkYhR1lc8QM,28,15.27,0.0,30.0,80.0,0.005,0.1,0.15,0.0,mad_only
AkYhR1lc8QM,29,15.775,0.0,30.0,80.0,0.005,0.1,0.15,0.0,mad_only
AkYhR1lc8QM,30,16.31,0.0,30.0,80.0,0.005,0.1,0.15,0.0,mad_only
AkYhR1lc8QM,31,16.81,0.0,30.0,80.0,0.005,0.1,0.15,0.0,mad_only
AkYhR1lc8QM,32,17.330000000000002,0.0,30.0,80.0,0.005,0.1,0.15,0.0,mad_only
AkYhR1lc8QM,33,17.85,0.0,30.0,80.0,0.005,0.1,0.15,0.0,mad_only
AkYhR1lc8QM,34,18.365000000000002,0.0,30.0,80.0,0.005,0.1,0.15,0.0,mad_only
AkYhR1lc8QM,35,18.875,0.0,30.0,80.0,0.005,0.1,0.15,0.0,mad_only
AkYhR1lc8QM,36,19.395,0.0,30.0,80.0,0.005,0.1,0.15,0.0,mad_only
AkYhR1lc8QM,37,19.905,0.0,30.0,80.0,0.005,0.1,0.15,0.0,mad_only
AkYhR1lc8QM,38,20.435,0.0,30.0,80.0,0.005,0.1,0.15,0.0,mad_only
AkYhR1lc8QM,39,20.955000000000002,0.0,30.0,80.0,0.005,0.1,0.15,0.0,mad_only
AkYhR1lc8QM,40,21.475,0.0,30.0,80.0,0.005,0.1,0.15,0.0,mad_only
AkYhR1lc8QM,41,21.975,0.0,30.0,80.0,0.005,0.1,0.15,0.0,mad_only
AkYhR1lc8QM,42,22.5,0.0,30.0,80.0,0.005,0.1,0.15,0.0,mad_only
AkYhR1lc8QM,43,23.025000000000002,0.0,30.0,80.0,0.005,0.1,0.15,0.0,mad_only
AkYhR1lc8QM,44,23.55,0.0,30.0,80.0,0.005,0.1,0.15,0.0,mad_only
AkYhR1lc8QM,45,24.055,0.0,30.0,80.0,0.005,0.1,0.15,0.0,mad_only
AkYhR1lc8QM,46,24.57,0.0,30.0,80.0,0.005,0.1,0.15,0.0,mad_only
AkYhR1lc8QM,47,25.085,0.0,30.0,80.0,0.005,0.1,0.15,0.0,mad_only
AkYhR1lc8QM,48,25.6,0.0,30.0,80.0,0.005,0.1,0.15,0.0,mad_only
AkYhR1lc8QM,49,26.11,0.0,30.0,80.0,0.005,0.1,0.15,0.0,mad_only
AkYhR1lc8QM,50,26.635,0.0,30.0,80.0,0.005,0.1,0.15,0.0,mad_only
AkYhR1lc8QM,51,27.16,0.0,30.0,80.0,0.005,0.1,0.15,0.0,mad_only
AkYhR1lc8QM,52,27.69,0.0,30.0,80.0,0.005,0.1,0.15,0.0,mad_only
AkYhR1lc8QM,53,28.195,0.0,30.0,80.0,0.005,0.1,0.15,0.0,mad_only
AkYhR1lc8QM,54,28.72,0.0,30.0,80.0,0.005,0.1,0.15,0.0,mad_only
AkYhR1lc8QM,55,29.225,0.0,30.0,80.0,0.005,0.1,0.15,0.0,mad_only
AkYhR1lc8QM,56,29.72,0.0,30.0,80.0,0.005,0.1,0.15,0.0,mad_only
BXbKa0EqW8E,0,0.855,0.0,30.0,80.0,0.005,0.1,0.15,0.0,mad_only
BXbKa0EqW8E,1,1.19,0.0,30.0,80.0,0.005,0.1,0.15,0.0,mad_only
BXbKa0EqW8E,2,1.53,0.0,30.0,80.0,0.005,0.1,0.15,0.0,mad_only
BXbKa0EqW8E,3,1.955,0.0,30.0,80.0,0.005,0.1,0.15,0.0,mad_only
BXbKa0EqW8E,4,2.33,0.0,30.0,80.0,0.005,0.1,0.15,0.0,mad_only
BXbKa0EqW8E,5,2.725,0.0,30.0,80.0,0.005,0.1,0.15,0.0,mad_only
BXbKa0EqW8E,6,3.145,0.0,30.0,80.0,0.005,0.1,0.15,0.0,mad_only
BXbKa0EqW8E,7,3.535,0.0,30.0,80.0,0.005,0.1,0.15,0.0,mad_only
BXbKa0EqW8E,8,3.935,0.0,30.0,80.0,0.005,0.1,0.15,0.0,mad_only
BXbKa0EqW8E,9,4.325,0.0,30.0,80.0,0.005,0.1,0.15,0.0,mad_only
BXbKa0EqW8E,10,4.75,0.0,30.0,80.0,0.005,0.1,0.15,0.0,mad_only
BXbKa0EqW8E,11,5.1450000000000005,0.0,30.0,80.0,0.005,0.1,0.15,0.0,mad_only
BXbKa0EqW8E,12,5.5600000000000005,0.0,30.0,80.0,0.005,0.1,0.15,0.0,mad_only
BXbKa0EqW8E,13,5.96,0.0,30.0,80.0,0.005,0.1,0.15,0.0,mad_only
BXbKa0EqW8E,14,6.385,0.0,30.0,80.0,0.005,0.1,0.15,0.0,mad_only
BXbKa0EqW8E,15,6.7700000000000005,0.0,30.0,80.0,0.005,0.1,0.15,0.0,mad_only
BXbKa0EqW8E,16,7.18,0.0,30.0,80.0,0.005,0.1,0.15,0.0,mad_only
BXbKa0EqW8E,17,7.58,0.0,30.0,80.0,0.005,0.1,0.15,0.0,mad_only
BXbKa0EqW8E,18,8.0,0.0,30.0,80.0,0.005,0.1,0.15,0.0,mad_only
BXbKa0EqW8E,19,8.385,0.0,30.0,80.0,0.005,0.1,0.15,0.0,mad_only
BXbKa0EqW8E,20,8.8,0.0,30.0,80.0,0.005,0.1,0.15,0.0,mad_only
BXbKa0EqW8E,21,9.205,0.0,30.0,80.0,0.005,0.1,0.15,0.0,mad_only
BXbKa0EqW8E,22,9.620000000000001,0.0,30.0,80.0,0.005,0.1,0.15,0.0,mad_only
BXbKa0EqW8E,23,10.02,0.0,30.0,80.0,0.005,0.1,0.15,0.0,mad_only
BXbKa0EqW8E,24,10.42,0.0,30.0,80.0,0.005,0.1,0.15,0.0,mad_only
BXbKa0EqW8E,25,10.825000000000001,0.0,30.0,80.0,0.005,0.1,0.15,0.0,mad_only
BXbKa0EqW8E,26,11.24,0.0,30.0,80.0,0.005,0.1,0.15,0.0,mad_only
BXbKa0EqW8E,27,11.63,0.0,30.0,80.0,0.005,0.1,0.15,0.0,mad_only
BXbKa0EqW8E,28,12.040000000000001,0.0,30.0,80.0,0.005,0.1,0.15,0.0,mad_only
BXbKa0EqW8E,29,12.450000000000001,0.0,30.0,80.0,0.005,0.1,0.15,0.0,mad_only
BXbKa0EqW8E,30,12.86,0.0,30.0,80.0,0.005,0.1,0.15,0.0,mad_only
BXbKa0EqW8E,31,13.255,0.0,30.0,80.0,0.005,0.1,0.15,0.0,mad_only
BXbKa0EqW8E,32,13.675,0.0,30.0,80.0,0.005,0.1,0.15,0.0,mad_only
BXbKa0EqW8E,33,14.08,0.0,30.0,80.0,0.005,0.1,0.15,0.0,mad_only
BXbKa0EqW8E,34,14.485,0.0,30.0,80.0,0.005,0.1,0.15,0.0,mad_only
BXbKa0EqW8E,35,14.885,0.0,30.0,80.0,0.005,0.1,0.15,0.0,mad_only
BXbKa0EqW8E,36,15.3,0.0,30.0,80.0,0.005,0.1,0.15,0.0,mad_only
BXbKa0EqW8E,37,15.69,0.0,30.0,80.0,0.005,0.1,0.15,0.0,mad_only
BXbKa0EqW8E,38,16.1,0.0,30.0,80.0,0.005,0.1,0.15,0.0,mad_only
BXbKa0EqW8E,39,16.490000000000002,0.0,30.0,80.0,0.005,0.1,0.15,0.0,mad_only
BXbKa0EqW8E,40,16.905,0.0,30.0,80.0,0.005,0.1,0.15,0.0,mad_only
BXbKa0EqW8E,41,17.3,0.0,30.0,80.0,0.005,0.1,0.15,0.0,mad_only
BXbKa0EqW8E,42,17.715,0.0,30.0,80.0,0.005,0.1,0.15,0.0,mad_only
BXbKa0EqW8E,43,18.125,0.0,30.0,80.0,0.005,0.1,0.15,0.0,mad_only
BXbKa0EqW8E,44,18.535,0.0,30.0,80.0,0.005,0.1,0.15,0.0,mad_only
BXbKa0EqW8E,45,18.93,0.0,30.0,80.0,0.005,0.1,0.15,0.0,mad_only
BXbKa0EqW8E,46,19.345,0.0,30.0,80.0,0.005,0.1,0.15,0.0,mad_only
BXbKa0EqW8E,47,19.735,0.0,30.0,80.0,0.005,0.1,0.15,0.0,mad_only
BXbKa0EqW8E,48,20.145,0.0,30.0,80.0,0.005,0.1,0.15,0.0,mad_only
BXbKa0EqW8E,49,20.56,0.0,30.0,80.0,0.005,0.1,0.15,0.0,mad_only
BXbKa0EqW8E,50,20.98,0.0,30.0,80.0,0.005,0.1,0.15,0.0,mad_only
BXbKa0EqW8E,51,21.38,0.0,30.0,80.0,0.005,0.1,0.15,0.0,mad_only
BXbKa0EqW8E,52,21.77,0.0,30.0,80.0,0.005,0.1,0.15,0.0,mad_only
BXbKa0EqW8E,53,22.18,0.0,30.0,80.0,0.005,0.1,0.15,0.0,mad_only
BXbKa0EqW8E,54,22.585,0.0,30.0,80.0,0.005,0.1,0.15,0.0,mad_only
BXbKa0EqW8E,55,22.98,0.0,30.0,80.0,0.005,0.1,0.15,0.0,mad_only
BXbKa0EqW8E,56,23.385,0.0,30.0,80.0,0.005,0.1,0.15,0.0,mad_only
BXbKa0EqW8E,57,23.795,0.0,30.0,80.0,0.005,0.1,0.15,0.0,mad_only
BXbKa0EqW8E,58,24.21,0.0,30.0,80.0,0.005,0.1,0.15,0.0,mad_only
BXbKa0EqW8E,59,24.605,0.0,30.0,80.0,0.005,0.1,0.15,0.0,mad_only
BXbKa0EqW8E,60,25.005,0.0,30.0,80.0,0.005,0.1,0.15,0.0,mad_only
BXbKa0EqW8E,61,25.42,0.0,30.0,80.0,0.005,0.1,0.15,0.0,mad_only
BXbKa0EqW8E,62,25.845,0.0,30.0,80.0,0.005,0.1,0.15,0.0,mad_only
BXbKa0EqW8E,63,26.23,0.0,30.0,80.0,0.005,0.1,0.15,0.0,mad_only
BXbKa0EqW8E,64,26.64,0.0,30.0,80.0,0.005,0.1,0.15,0.0,mad_only
BXbKa0EqW8E,65,27.035,0.0,30.0,80.0,0.005,0.1,0.15,0.0,mad_only
BXbKa0EqW8E,66,27.44,0.0,30.0,80.0,0.005,0.1,0.15,0.0,mad_only
BXbKa0EqW8E,67,27.85,0.0,30.0,80.0,0.005,0.1,0.15,0.0,mad_only
BXbKa0EqW8E,68,28.26,0.0,30.0,80.0,0.005,0.1,0.15,0.0,mad_only
BXbKa0EqW8E,69,28.66,0.0,30.0,80.0,0.005,0.1,0.15,0.0,mad_only
BXbKa0EqW8E,70,29.065,0.0,30.0,80.0,0.005,0.1,0.15,0.0,mad_only
BXbKa0EqW8E,71,29.48,0.0,30.0,80.0,0.005,0.1,0.15,0.0,mad_only
BXbKa0EqW8E,72,29.88,0.0,30.0,80.0,0.005,0.1,0.15,0.0,mad_only
BZs2ixvEyKM,0,0.855,0.0,30.0,80.0,0.005,0.1,0.15,0.0,mad_only
BZs2ixvEyKM,1,1.285,0.0,30.0,80.0,0.005,0.1,0.15,0.0,mad_only
BZs2ixvEyKM,2,1.82,0.0,30.0,80.0,0.005,0.1,0.15,0.0,mad_only
BZs2ixvEyKM,3,2.445,0.0,30.0,80.0,0.005,0.1,0.15,0.0,mad_only
BZs2ixvEyKM,4,2.89,0.0,30.0,80.0,0.005,0.1,0.15,0.0,mad_only
BZs2ixvEyKM,5,3.37,0.0,30.0,80.0,0.005,0.1,0.15,0.0,mad_only
BZs2ixvEyKM,6,3.9650000000000003,0.0,30.0,80.0,0.005,0.1,0.15,0.0,mad_only
BZs2ixvEyKM,7,4.67,0.0,30.0,80.0,0.005,0.1,0.15,0.0,mad_only
BZs2ixvEyKM,8,5.15,0.0,30.0,80.0,0.005,0.1,0.15,0.0,mad_only
BZs2ixvEyKM,9,5.61,0.0,30.0,80.0,0.005,0.1,0.15,0.0,mad_only
BZs2ixvEyKM,10,6.535,0.0,30.0,80.0,0.005,0.1,0.15,0.0,mad_only
BZs2ixvEyKM,11,6.985,0.0,30.0,80.0,0.005,0.1,0.15,0.0,mad_only
BZs2ixvEyKM,12,7.455,0.0,30.0,80.0,0.005,0.1,0.15,0.0,mad_only
BZs2ixvEyKM,13,7.930000000000001,0.0,30.0,80.0,0.005,0.1,0.15,0.0,mad_only
BZs2ixvEyKM,14,8.355,0.0,30.0,80.0,0.005,0.1,0.15,0.0,mad_only
BZs2ixvEyKM,15,8.84,0.0,30.0,80.0,0.005,0.1,0.15,0.0,mad_only
BZs2ixvEyKM,16,9.325000000000001,0.0,30.0,80.0,0.005,0.1,0.15,0.0,mad_only
BZs2ixvEyKM,17,10.225,0.0,30.0,80.0,0.005,0.1,0.15,0.0,mad_only
BZs2ixvEyKM,18,10.700000000000001,0.0,30.0,80.0,0.005,0.1,0.15,0.0,mad_only
BZs2ixvEyKM,19,11.18,0.0,30.0,80.0,0.005,0.1,0.15,0.0,mad_only
BZs2ixvEyKM,20,11.655,0.0,30.0,80.0,0.005,0.1,0.15,0.0,mad_only
BZs2ixvEyKM,21,12.075000000000001,0.0,30.0,80.0,0.005,0.1,0.15,0.0,mad_only
BZs2ixvEyKM,22,12.52,0.0,30.0,80.0,0.005,0.1,0.15,0.0,mad_only
BZs2ixvEyKM,23,12.985,0.0,30.0,80.0,0.005,0.1,0.15,0.0,mad_only
BZs2ixvEyKM,24,13.89,0.0,30.0,80.0,0.005,0.1,0.15,0.0,mad_only
BZs2ixvEyKM,25,14.365,0.0,30.0,80.0,0.005,0.1,0.15,0.0,mad_only
BZs2ixvEyKM,26,14.85,0.0,30.0,80.0,0.005,0.1,0.15,0.0,mad_only
BZs2ixvEyKM,27,15.315,0.0,30.0,80.0,0.005,0.1,0.15,0.0,mad_only
BZs2ixvEyKM,28,15.755,0.0,30.0,80.0,0.005,0.1,0.15,0.0,mad_only
BZs2ixvEyKM,29,16.22,0.0,30.0,80.0,0.005,0.1,0.15,0.0,mad_only
BZs2ixvEyKM,30,16.68,0.0,30.0,80.0,0.005,0.1,0.15,0.0,mad_only
BZs2ixvEyKM,31,17.17,0.0,30.0,80.0,0.005,0.1,0.15,0.0,mad_only
BZs2ixvEyKM,32,17.64,0.0,30.0,80.0,0.005,0.1,0.15,0.0,mad_only
BZs2ixvEyKM,33,18.080000000000002,0.0,30.0,80.0,0.005,0.1,0.15,0.0,mad_only
BZs2ixvEyKM,34,18.505,0.0,30.0,80.0,0.005,0.1,0.15,0.0,mad_only
BZs2ixvEyKM,35,19.01,0.0,30.0,80.0,0.005,0.1,0.15,0.0,mad_only
BZs2ixvEyKM,36,19.45,0.0,30.0,80.0,0.005,0.1,0.15,0.0,mad_only
BZs2ixvEyKM,37,19.91,0.0,30.0,80.0,0.005,0.1,0.15,0.0,mad_only
BZs2ixvEyKM,38,20.35,0.0,30.0,80.0,0.005,0.1,0.15,0.0,mad_only
BZs2ixvEyKM,39,20.84,0.0,30.0,80.0,0.005,0.1,0.15,0.0,mad_only
BZs2ixvEyKM,40,21.29,0.0,30.0,80.0,0.005,0.1,0.15,0.0,mad_only
BZs2ixvEyKM,41,21.77,0.0,30.0,80.0,0.005,0.1,0.15,0.0,mad_only
BZs2ixvEyKM,42,22.23,0.0,30.0,80.0,0.005,0.1,0.15,0.0,mad_only
BZs2ixvEyKM,43,22.685,0.0,30.0,80.0,0.005,0.1,0.15,0.0,mad_only
BZs2ixvEyKM,44,23.14,0.0,30.0,80.0,0.005,0.1,0.15,0.0,mad_only
BZs2ixvEyKM,45,23.61,0.0,30.0,80.0,0.005,0.1,0.15,0.0,mad_only
BZs2ixvEyKM,46,24.045,0.0,30.0,80.0,0.005,0.1,0.15,0.0,mad_only
BZs2ixvEyKM,47,24.565,0.0,30.0,80.0,0.005,0.1,0.15,0.0,mad_only
BZs2ixvEyKM,48,24.995,0.0,30.0,80.0,0.005,0.1,0.15,0.0,mad_only
BZs2ixvEyKM,49,25.45,0.0,30.0,80.0,0.005,0.1,0.15,0.0,mad_only
BZs2ixvEyKM,50,25.89,0.0,30.0,80.0,0.005,0.1,0.15,0.0,mad_only
BZs2ixvEyKM,51,26.385,0.0,30.0,80.0,0.005,0.1,0.15,0.0,mad_only
BZs2ixvEyKM,52,26.835,0.0,30.0,80.0,0.005,0.1,0.15,0.0,mad_only
BZs2ixvEyKM,53,27.325,0.0,30.0,80.0,0.005,0.1,0.15,0.0,mad_only
BZs2ixvEyKM,54,27.77,0.0,30.0,80.0,0.005,0.1,0.15,0.0,mad_only
BZs2ixvEyKM,55,28.22,0.0,30.0,80.0,0.005,0.1,0.15,0.0,mad_only
BZs2ixvEyKM,56,28.685000000000002,0.0,30.0,80.0,0.005,0.1,0.15,0.0,mad_only
BZs2ixvEyKM,57,29.155,0.0,30.0,80.0,0.005,0.1,0.15,0.0,mad_only
BZs2ixvEyKM,58,29.595,0.0,30.0,80.0,0.005,0.1,0.15,0.0,mad_only
C0vS_SbaaFI,0,0.935,0.0,30.0,80.0,0.005,0.1,0.15,0.0,mad_only
C0vS_SbaaFI,1,1.485,0.0,30.0,80.0,0.005,0.1,0.15,0.0,mad_only
C0vS_SbaaFI,2,2.25,0.0,30.0,80.0,0.005,0.1,0.15,0.0,mad_only
C0vS_SbaaFI,3,2.895,0.0,30.0,80.0,0.005,0.1,0.15,0.0,mad_only
C0vS_SbaaFI,4,3.455,0.0,30.0,80.0,0.005,0.1,0.15,0.0,mad_only
C0vS_SbaaFI,5,3.95,0.0,30.0,80.0,0.005,0.1,0.15,0.0,mad_only
C0vS_SbaaFI,6,4.4750000000000005,0.0,30.0,80.0,0.005,0.1,0.15,0.0,mad_only
C0vS_SbaaFI,7,4.985,0.0,30.0,80.0,0.005,0.1,0.15,0.0,mad_only
C0vS_SbaaFI,8,5.515,0.0,30.0,80.0,0.005,0.1,0.15,0.0,mad_only
C0vS_SbaaFI,9,6.0200000000000005,0.0,30.0,80.0,0.005,0.1,0.15,0.0,mad_only
C0vS_SbaaFI,10,6.53,0.0,30.0,80.0,0.005,0.1,0.15,0.0,mad_only
C0vS_SbaaFI,11,7.045,0.0,30.0,80.0,0.005,0.1,0.15,0.0,mad_only
C0vS_SbaaFI,12,7.6000000000000005,0.0,30.0,80.0,0.005,0.1,0.15,0.0,mad_only
C0vS_SbaaFI,13,8.120000000000001,0.0,30.0,80.0,0.005,0.1,0.15,0.0,mad_only
C0vS_SbaaFI,14,8.67,0.0,30.0,80.0,0.005,0.1,0.15,0.0,mad_only
C0vS_SbaaFI,15,9.17,0.0,30.0,80.0,0.005,0.1,0.15,0.0,mad_only
C0vS_SbaaFI,16,9.705,0.0,30.0,80.0,0.005,0.1,0.15,0.0,mad_only
C0vS_SbaaFI,17,10.22,0.0,30.0,80.0,0.005,0.1,0.15,0.0,mad_only
C0vS_SbaaFI,18,10.775,0.0,30.0,80.0,0.005,0.1,0.15,0.0,mad_only
C0vS_SbaaFI,19,11.285,0.0,30.0,80.0,0.005,0.1,0.15,0.0,mad_only
C0vS_SbaaFI,20,11.805,0.0,30.0,80.0,0.005,0.1,0.15,0.0,mad_only
C0vS_SbaaFI,21,12.34,0.0,30.0,80.0,0.005,0.1,0.15,0.0,mad_only
C0vS_SbaaFI,22,12.870000000000001,0.0,30.0,80.0,0.005,0.1,0.15,0.0,mad_only
C0vS_SbaaFI,23,13.370000000000001,0.0,30.0,80.0,0.005,0.1,0.15,0.0,mad_only
C0vS_SbaaFI,24,13.91,0.0,30.0,80.0,0.005,0.1,0.15,0.0,mad_only
C0vS_SbaaFI,25,14.445,0.0,30.0,80.0,0.005,0.1,0.15,0.0,mad_only
C0vS_SbaaFI,26,14.975,0.0,30.0,80.0,0.005,0.1,0.15,0.0,mad_only
C0vS_SbaaFI,27,15.495000000000001,0.0,30.0,80.0,0.005,0.1,0.15,0.0,mad_only
C0vS_SbaaFI,28,16.005,0.0,30.0,80.0,0.005,0.1,0.15,0.0,mad_only
C0vS_SbaaFI,29,16.54,0.0,30.0,80.0,0.005,0.1,0.15,0.0,mad_only
C0vS_SbaaFI,30,17.07,0.0,30.0,80.0,0.005,0.1,0.15,0.0,mad_only
C0vS_SbaaFI,31,17.605,0.0,30.0,80.0,0.005,0.1,0.15,0.0,mad_only
C0vS_SbaaFI,32,18.13,0.0,30.0,80.0,0.005,0.1,0.15,0.0,mad_only
C0vS_SbaaFI,33,18.645,0.0,30.0,80.0,0.005,0.1,0.15,0.0,mad_only
C0vS_SbaaFI,34,19.18,0.0,30.0,80.0,0.005,0.1,0.15,0.0,mad_only
C0vS_SbaaFI,35,19.69,0.0,30.0,80.0,0.005,0.1,0.15,0.0,mad_only
C0vS_SbaaFI,36,20.23,0.0,30.0,80.0,0.005,0.1,0.15,0.0,mad_only
C0vS_SbaaFI,37,20.745,0.0,30.0,80.0,0.005,0.1,0.15,0.0,mad_only
C0vS_SbaaFI,38,21.285,0.0,30.0,80.0,0.005,0.1,0.15,0.0,mad_only
C0vS_SbaaFI,39,21.8,0.0,30.0,80.0,0.005,0.1,0.15,0.0,mad_only
C0vS_SbaaFI,40,22.35,0.0,30.0,80.0,0.005,0.1,0.15,0.0,mad_only
C0vS_SbaaFI,41,22.875,0.0,30.0,80.0,0.005,0.1,0.15,0.0,mad_only
C0vS_SbaaFI,42,23.405,0.0,30.0,80.0,0.005,0.1,0.15,0.0,mad_only
C0vS_SbaaFI,43,23.92,0.0,30.0,80.0,0.005,0.1,0.15,0.0,mad_only
C0vS_SbaaFI,44,24.44,0.0,30.0,80.0,0.005,0.1,0.15,0.0,mad_only
C0vS_SbaaFI,45,24.96,0.0,30.0,80.0,0.005,0.1,0.15,0.0,mad_only
C0vS_SbaaFI,46,25.5,0.0,30.0,80.0,0.005,0.1,0.15,0.0,mad_only
C0vS_SbaaFI,47,26.025000000000002,0.0,30.0,80.0,0.005,0.1,0.15,0.0,mad_only
C0vS_SbaaFI,48,26.555,0.0,30.0,80.0,0.005,0.1,0.15,0.0,mad_only
C0vS_SbaaFI,49,27.080000000000002,0.0,30.0,80.0,0.005,0.1,0.15,0.0,mad_only
C0vS_SbaaFI,50,27.605,0.0,30.0,80.0,0.005,0.1,0.15,0.0,mad_only
C0vS_SbaaFI,51,28.13,0.0,30.0,80.0,0.005,0.1,0.15,0.0,mad_only
C0vS_SbaaFI,52,28.655,0.0,30.0,80.0,0.005,0.1,0.15,0.0,mad_only
C0vS_SbaaFI,53,29.175,0.0,30.0,80.0,0.005,0.1,0.15,0.0,mad_only
C0vS_SbaaFI,54,29.695,0.0,30.0,80.0,0.005,0.1,0.15,0.0,mad_only
CDetbKTJ1dY,0,0.96,0.0,30.0,80.0,0.005,0.1,0.15,0.0,mad_only
CDetbKTJ1dY,1,1.435,0.0,30.0,80.0,0.005,0.1,0.15,0.0,mad_only
CDetbKTJ1dY,2,1.98,0.0,30.0,80.0,0.005,0.1,0.15,0.0,mad_only
CDetbKTJ1dY,3,2.54,0.0,30.0,80.0,0.005,0.1,0.15,0.0,mad_only
CDetbKTJ1dY,4,3.115,0.0,30.0,80.0,0.005,0.1,0.15,0.0,mad_only
CDetbKTJ1dY,5,3.705,0.0,30.0,80.0,0.005,0.1,0.15,0.0,mad_only
CDetbKTJ1dY,6,4.275,0.0,30.0,80.0,0.005,0.1,0.15,0.0,mad_only
CDetbKTJ1dY,7,4.845,0.0,30.0,80.0,0.005,0.1,0.15,0.0,mad_only
CDetbKTJ1dY,8,5.43,0.0,30.0,80.0,0.005,0.1,0.15,0.0,mad_only
CDetbKTJ1dY,9,6.015000000000001,0.0,30.0,80.0,0.005,0.1,0.15,0.0,mad_only
CDetbKTJ1dY,10,6.595,0.0,30.0,80.0,0.005,0.1,0.15,0.0,mad_only
CDetbKTJ1dY,11,7.16,0.0,30.0,80.0,0.005,0.1,0.15,0.0,mad_only
CDetbKTJ1dY,12,7.74,0.0,30.0,80.0,0.005,0.1,0.15,0.0,mad_only
CDetbKTJ1dY,13,8.31,0.0,30.0,80.0,0.005,0.1,0.15,0.0,mad_only
CDetbKTJ1dY,14,8.895,0.0,30.0,80.0,0.005,0.1,0.15,0.0,mad_only
CDetbKTJ1dY,15,9.46,0.0,30.0,80.0,0.005,0.1,0.15,0.0,mad_only
CDetbKTJ1dY,16,10.035,0.0,30.0,80.0,0.005,0.1,0.15,0.0,mad_only
CDetbKTJ1dY,17,10.61,0.0,30.0,80.0,0.005,0.1,0.15,0.0,mad_only
CDetbKTJ1dY,18,11.195,0.0,30.0,80.0,0.005,0.1,0.15,0.0,mad_only
CDetbKTJ1dY,19,11.76,0.0,30.0,80.0,0.005,0.1,0.15,0.0,mad_only
CDetbKTJ1dY,20,12.335,0.0,30.0,80.0,0.005,0.1,0.15,0.0,mad_only
CDetbKTJ1dY,21,12.91,0.0,30.0,80.0,0.005,0.1,0.15,0.0,mad_only
CDetbKTJ1dY,22,13.49,0.0,30.0,80.0,0.005,0.1,0.15,0.0,mad_only
CDetbKTJ1dY,23,14.065,0.0,30.0,80.0,0.005,0.1,0.15,0.0,mad_only
CDetbKTJ1dY,24,14.64,0.0,30.0,80.0,0.005,0.1,0.15,0.0,mad_only
CDetbKTJ1dY,25,15.225,0.0,30.0,80.0,0.005,0.1,0.15,0.0,mad_only
CDetbKTJ1dY,26,15.815,0.0,30.0,80.0,0.005,0.1,0.15,0.0,mad_only
CDetbKTJ1dY,27,16.37,0.0,30.0,80.0,0.005,0.1,0.15,0.0,mad_only
CDetbKTJ1dY,28,16.945,0.0,30.0,80.0,0.005,0.1,0.15,0.0,mad_only
CDetbKTJ1dY,29,17.52,0.0,30.0,80.0,0.005,0.1,0.15,0.0,mad_only
CDetbKTJ1dY,30,18.095,0.0,30.0,80.0,0.005,0.1,0.15,0.0,mad_only
CDetbKTJ1dY,31,18.675,0.0,30.0,80.0,0.005,0.1,0.15,0.0,mad_only
CDetbKTJ1dY,32,19.245,0.0,30.0,80.0,0.005,0.1,0.15,0.0,mad_only
CDetbKTJ1dY,33,19.825,0.0,30.0,80.0,0.005,0.1,0.15,0.0,mad_only
CDetbKTJ1dY,34,20.400000000000002,0.0,30.0,80.0,0.005,0.1,0.15,0.0,mad_only
CDetbKTJ1dY,35,20.985,0.0,30.0,80.0,0.005,0.1,0.15,0.0,mad_only
CDetbKTJ1dY,36,21.56,0.0,30.0,80.0,0.005,0.1,0.15,0.0,mad_only
CDetbKTJ1dY,37,22.13,0.0,30.0,80.0,0.005,0.1,0.15,0.0,mad_only
CDetbKTJ1dY,38,22.715,0.0,30.0,80.0,0.005,0.1,0.15,0.0,mad_only
CDetbKTJ1dY,39,23.29,0.0,30.0,80.0,0.005,0.1,0.15,0.0,mad_only
CDetbKTJ1dY,40,23.88,0.0,30.0,80.0,0.005,0.1,0.15,0.0,mad_only
CDetbKTJ1dY,41,24.47,0.0,30.0,80.0,0.005,0.1,0.15,0.0,mad_only
CDetbKTJ1dY,42,25.060000000000002,0.0,30.0,80.0,0.005,0.1,0.15,0.0,mad_only
CDetbKTJ1dY,43,25.59,0.0,30.0,80.0,0.005,0.1,0.15,0.0,mad_only
CDetbKTJ1dY,44,26.165,0.0,30.0,80.0,0.005,0.1,0.15,0.0,mad_only
CDetbKTJ1dY,45,26.755,0.0,30.0,80.0,0.005,0.1,0.15,0.0,mad_only
CDetbKTJ1dY,46,27.335,0.0,30.0,80.0,0.005,0.1,0.15,0.0,mad_only
CDetbKTJ1dY,47,27.92,0.0,30.0,80.0,0.005,0.1,0.15,0.0,mad_only
CDetbKTJ1dY,48,28.5,0.0,30.0,80.0,0.005,0.1,0.15,0.0,mad_only
CDetbKTJ1dY,49,29.065,0.0,30.0,80.0,0.005,0.1,0.15,0.0,mad_only
CDetbKTJ1dY,50,29.64,0.0,30.0,80.0,0.005,0.1,0.15,0.0,mad_only
CpJMjyTMg1Q,0,1.385,0.0,30.0,80.0,0.005,0.1,0.15,0.0,mad_only
CpJMjyTMg1Q,1,1.86,0.0,30.0,80.0,0.005,0.1,0.15,0.0,mad_only
CpJMjyTMg1Q,2,2.33,0.0,30.0,80.0,0.005,0.1,0.15,0.0,mad_only
CpJMjyTMg1Q,3,2.865,0.0,30.0,80.0,0.005,0.1,0.15,0.0,mad_only
CpJMjyTMg1Q,4,3.34,0.0,30.0,80.0,0.005,0.1,0.15,0.0,mad_only
CpJMjyTMg1Q,5,3.895,0.0,30.0,80.0,0.005,0.1,0.15,0.0,mad_only
CpJMjyTMg1Q,6,4.3950000000000005,0.0,30.0,80.0,0.005,0.1,0.15,0.0,mad_only
CpJMjyTMg1Q,7,4.915,0.0,30.0,80.0,0.005,0.1,0.15,0.0,mad_only
CpJMjyTMg1Q,8,5.42,0.0,30.0,80.0,0.005,0.1,0.15,0.0,mad_only
CpJMjyTMg1Q,9,5.94,0.0,30.0,80.0,0.005,0.1,0.15,0.0,mad_only
CpJMjyTMg1Q,10,6.44,0.0,30.0,80.0,0.005,0.1,0.15,0.0,mad_only
CpJMjyTMg1Q,11,6.98,0.0,30.0,80.0,0.005,0.1,0.15,0.0,mad_only
CpJMjyTMg1Q,12,7.47,0.0,30.0,80.0,0.005,0.1,0.15,0.0,mad_only
CpJMjyTMg1Q,13,8.0,0.0,30.0,80.0,0.005,0.1,0.15,0.0,mad_only
CpJMjyTMg1Q,14,8.49,0.0,30.0,80.0,0.005,0.1,0.15,0.0,mad_only
CpJMjyTMg1Q,15,9.01,0.0,30.0,80.0,0.005,0.1,0.15,0.0,mad_only
CpJMjyTMg1Q,16,9.5,0.0,30.0,80.0,0.005,0.1,0.15,0.0,mad_only
CpJMjyTMg1Q,17,10.035,0.0,30.0,80.0,0.005,0.1,0.15,0.0,mad_only
CpJMjyTMg1Q,18,10.55,0.0,30.0,80.0,0.005,0.1,0.15,0.0,mad_only
CpJMjyTMg1Q,19,11.07,0.0,30.0,80.0,0.005,0.1,0.15,0.0,mad_only
CpJMjyTMg1Q,20,11.565,0.0,30.0,80.0,0.005,0.1,0.15,0.0,mad_only
CpJMjyTMg1Q,21,12.1,0.0,30.0,80.0,0.005,0.1,0.15,0.0,mad_only
CpJMjyTMg1Q,22,12.605,0.0,30.0,80.0,0.005,0.1,0.15,0.0,mad_only
CpJMjyTMg1Q,23,13.14,0.0,30.0,80.0,0.005,0.1,0.15,0.0,mad_only
CpJMjyTMg1Q,24,13.620000000000001,0.0,30.0,80.0,0.005,0.1,0.15,0.0,mad_only
CpJMjyTMg1Q,25,14.16,0.0,30.0,80.0,0.005,0.1,0.15,0.0,mad_only
CpJMjyTMg1Q,26,14.65,0.0,30.0,80.0,0.005,0.1,0.15,0.0,mad_only
CpJMjyTMg1Q,27,15.17,0.0,30.0,80.0,0.005,0.1,0.15,0.0,mad_only
CpJMjyTMg1Q,28,15.655000000000001,0.0,30.0,80.0,0.005,0.1,0.15,0.0,mad_only
CpJMjyTMg1Q,29,16.18,0.0,30.0,80.0,0.005,0.1,0.15,0.0,mad_only
CpJMjyTMg1Q,30,16.69,0.0,30.0,80.0,0.005,0.1,0.15,0.0,mad_only
CpJMjyTMg1Q,31,17.22,0.0,30.0,80.0,0.005,0.1,0.15,0.0,mad_only
CpJMjyTMg1Q,32,17.71,0.0,30.0,80.0,0.005,0.1,0.15,0.0,mad_only
CpJMjyTMg1Q,33,18.245,0.0,30.0,80.0,0.005,0.1,0.15,0.0,mad_only
CpJMjyTMg1Q,34,18.745,0.0,30.0,80.0,0.005,0.1,0.15,0.0,mad_only
CpJMjyTMg1Q,35,19.265,0.0,30.0,80.0,0.005,0.1,0.15,0.0,mad_only
CpJMjyTMg1Q,36,19.765,0.0,30.0,80.0,0.005,0.1,0.15,0.0,mad_only
CpJMjyTMg1Q,37,20.3,0.0,30.0,80.0,0.005,0.1,0.15,0.0,mad_only
CpJMjyTMg1Q,38,20.805,0.0,30.0,80.0,0.005,0.1,0.15,0.0,mad_only
CpJMjyTMg1Q,39,21.330000000000002,0.0,30.0,80.0,0.005,0.1,0.15,0.0,mad_only
CpJMjyTMg1Q,40,21.815,0.0,30.0,80.0,0.005,0.1,0.15,0.0,mad_only
CpJMjyTMg1Q,41,22.345,0.0,30.0,80.0,0.005,0.1,0.15,0.0,mad_only
CpJMjyTMg1Q,42,22.86,0.0,30.0,80.0,0.005,0.1,0.15,0.0,mad_only
CpJMjyTMg1Q,43,23.38,0.0,30.0,80.0,0.005,0.1,0.15,0.0,mad_only
CpJMjyTMg1Q,44,23.86,0.0,30.0,80.0,0.005,0.1,0.15,0.0,mad_only
CpJMjyTMg1Q,45,24.405,0.0,30.0,80.0,0.005,0.1,0.15,0.0,mad_only
CpJMjyTMg1Q,46,24.905,0.0,30.0,80.0,0.005,0.1,0.15,0.0,mad_only
CpJMjyTMg1Q,47,25.415,0.0,30.0,80.0,0.005,0.1,0.15,0.0,mad_only
CpJMjyTMg1Q,48,25.915,0.0,30.0,80.0,0.005,0.1,0.15,0.0,mad_only
CpJMjyTMg1Q,49,26.445,0.0,30.0,80.0,0.005,0.1,0.15,0.0,mad_only
CpJMjyTMg1Q,50,26.955000000000002,0.0,30.0,80.0,0.005,0.1,0.15,0.0,mad_only
CpJMjyTMg1Q,51,27.475,0.0,30.0,80.0,0.005,0.1,0.15,0.0,mad_only
CpJMjyTMg1Q,52,27.965,0.0,30.0,80.0,0.005,0.1,0.15,0.0,mad_only
CpJMjyTMg1Q,53,28.495,0.0,30.0,80.0,0.005,0.1,0.15,0.0,mad_only
CpJMjyTMg1Q,54,29.0,0.0,30.0,80.0,0.005,0.1,0.15,0.0,mad_only
CpJMjyTMg1Q,55,29.525000000000002,0.0,30.0,80.0,0.005,0.1,0.15,0.0,mad_only
CpJMjyTMg1Q,56,29.900000000000002,0.0,30.0,80.0,0.005,0.1,0.15,0.0,mad_only
Cwkej79U3ek,0,0.8300000000000001,0.0,30.0,80.0,0.005,0.1,0.15,0.0,mad_only
Cwkej79U3ek,1,1.34,0.0,30.0,80.0,0.005,0.1,0.15,0.0,mad_only
Cwkej79U3ek,2,1.905,0.0,30.0,80.0,0.005,0.1,0.15,0.0,mad_only
Cwkej79U3ek,3,2.52,0.0,30.0,80.0,0.005,0.1,0.15,0.0,mad_only
Cwkej79U3ek,4,3.17,0.0,30.0,80.0,0.005,0.1,0.15,0.0,mad_only
Cwkej79U3ek,5,3.7800000000000002,0.0,30.0,80.0,0.005,0.1,0.15,0.0,mad_only
Cwkej79U3ek,6,4.425,0.0,30.0,80.0,0.005,0.1,0.15,0.0,mad_only
Cwkej79U3ek,7,5.0600000000000005,0.0,30.0,80.0,0.005,0.1,0.15,0.0,mad_only
Cwkej79U3ek,8,5.705,0.0,30.0,80.0,0.005,0.1,0.15,0.0,mad_only
Cwkej79U3ek,9,6.315,0.0,30.0,80.0,0.005,0.1,0.15,0.0,mad_only
Cwkej79U3ek,10,6.9750000000000005,0.0,30.0,80.0,0.005,0.1,0.15,0.0,mad_only
Cwkej79U3ek,11,7.605,0.0,30.0,80.0,0.005,0.1,0.15,0.0,mad_only
Cwkej79U3ek,12,8.25,0.0,30.0,80.0,0.005,0.1,0.15,0.0,mad_only
Cwkej79U3ek,13,8.82,0.0,30.0,80.0,0.005,0.1,0.15,0.0,mad_only
Cwkej79U3ek,14,9.485,0.0,30.0,80.0,0.005,0.1,0.15,0.0,mad_only
Cwkej79U3ek,15,10.11,0.0,30.0,80.0,0.005,0.1,0.15,0.0,mad_only
Cwkej79U3ek,16,10.755,0.0,30.0,80.0,0.005,0.1,0.15,0.0,mad_only
Cwkej79U3ek,17,11.375,0.0,30.0,80.0,0.005,0.1,0.15,0.0,mad_only
Cwkej79U3ek,18,12.015,0.0,30.0,80.0,0.005,0.1,0.15,0.0,mad_only
Cwkej79U3ek,19,12.635,0.0,30.0,80.0,0.005,0.1,0.15,0.0,mad_only
Cwkej79U3ek,20,13.265,0.0,30.0,80.0,0.005,0.1,0.15,0.0,mad_only
Cwkej79U3ek,21,13.905000000000001,0.0,30.0,80.0,0.005,0.1,0.15,0.0,mad_only
Cwkej79U3ek,22,14.545,0.0,30.0,80.0,0.005,0.1,0.15,0.0,mad_only
Cwkej79U3ek,23,15.18,0.0,30.0,80.0,0.005,0.1,0.15,0.0,mad_only
Cwkej79U3ek,24,15.815,0.0,30.0,80.0,0.005,0.1,0.15,0.0,mad_only
Cwkej79U3ek,25,16.43,0.0,30.0,80.0,0.005,0.1,0.15,0.0,mad_only
Cwkej79U3ek,26,17.07,0.0,30.0,80.0,0.005,0.1,0.15,0.0,mad_only
Cwkej79U3ek,27,17.695,0.0,30.0,80.0,0.005,0.1,0.15,0.0,mad_only
Cwkej79U3ek,28,18.34,0.0,30.0,80.0,0.005,0.1,0.15,0.0,mad_only
Cwkej79U3ek,29,18.935,0.0,30.0,80.0,0.005,0.1,0.15,0.0,mad_only
Cwkej79U3ek,30,19.59,0.0,30.0,80.0,0.005,0.1,0.15,0.0,mad_only
Cwkej79U3ek,31,20.22,0.0,30.0,80.0,0.005,0.1,0.15,0.0,mad_only
Cwkej79U3ek,32,20.855,0.0,30.0,80.0,0.005,0.1,0.15,0.0,mad_only
Cwkej79U3ek,33,21.46,0.0,30.0,80.0,0.005,0.1,0.15,0.0,mad_only
Cwkej79U3ek,34,22.105,0.0,30.0,80.0,0.005,0.1,0.15,0.0,mad_only
Cwkej79U3ek,35,22.73,0.0,30.0,80.0,0.005,0.1,0.15,0.0,mad_only
Cwkej79U3ek,36,23.39,0.0,30.0,80.0,0.005,0.1,0.15,0.0,mad_only
Cwkej79U3ek,37,24.0,0.0,30.0,80.0,0.005,0.1,0.15,0.0,mad_only
Cwkej79U3ek,38,24.650000000000002,0.0,30.0,80.0,0.005,0.1,0.15,0.0,mad_only
Cwkej79U3ek,39,25.27,0.0,30.0,80.0,0.005,0.1,0.15,0.0,mad_only
Cwkej79U3ek,40,25.92,0.0,30.0,80.0,0.005,0.1,0.15,0.0,mad_only
Cwkej79U3ek,41,26.525000000000002,0.0,30.0,80.0,0.005,0.1,0.15,0.0,mad_only
Cwkej79U3ek,42,27.165,0.0,30.0,80.0,0.005,0.1,0.15,0.0,mad_only
Cwkej79U3ek,43,27.795,0.0,30.0,80.0,0.005,0.1,0.15,0.0,mad_only
Cwkej79U3ek,44,28.44,0.0,30.0,80.0,0.005,0.1,0.15,0.0,mad_only
Cwkej79U3ek,45,29.080000000000002,0.0,30.0,80.0,0.005,0.1,0.15,0.0,mad_only
Cwkej79U3ek,46,29.685000000000002,0.0,30.0,80.0,0.005,0.1,0.15,0.0,mad_only
CzYrMns8QAg,0,0.75,0.0,30.0,80.0,0.005,0.1,0.15,0.0,mad_only
CzYrMns8QAg,1,2.38,0.0,30.0,80.0,0.005,0.1,0.15,0.0,mad_only
CzYrMns8QAg,2,2.855,0.0,30.0,80.0,0.005,0.1,0.15,0.0,mad_only
CzYrMns8QAg,3,3.305,0.0,30.0,80.0,0.005,0.1,0.15,0.0,mad_only
CzYrMns8QAg,4,3.77,0.0,30.0,80.0,0.005,0.1,0.15,0.0,mad_only
CzYrMns8QAg,5,4.21,0.0,30.0,80.0,0.005,0.1,0.15,0.0,mad_only
CzYrMns8QAg,6,4.715,0.0,30.0,80.0,0.005,0.1,0.15,0.0,mad_only
CzYrMns8QAg,7,5.1450000000000005,0.0,30.0,80.0,0.005,0.1,0.15,0.0,mad_only
CzYrMns8QAg,8,5.585,0.0,30.0,80.0,0.005,0.1,0.15,0.0,mad_only
CzYrMns8QAg,9,6.03,0.0,30.0,80.0,0.005,0.1,0.15,0.0,mad_only
CzYrMns8QAg,10,6.5,0.0,30.0,80.0,0.005,0.1,0.15,0.0,mad_only
CzYrMns8QAg,11,6.96,0.0,30.0,80.0,0.005,0.1,0.15,0.0,mad_only
CzYrMns8QAg,12,7.41,0.0,30.0,80.0,0.005,0.1,0.15,0.0,mad_only
CzYrMns8QAg,13,7.8500000000000005,0.0,30.0,80.0,0.005,0.1,0.15,0.0,mad_only
CzYrMns8QAg,14,8.33,0.0,30.0,80.0,0.005,0.1,0.15,0.0,mad_only
CzYrMns8QAg,15,8.765,0.0,30.0,80.0,0.005,0.1,0.15,0.0,mad_only
CzYrMns8QAg,16,9.24,0.0,30.0,80.0,0.005,0.1,0.15,0.0,mad_only
CzYrMns8QAg,17,9.705,0.0,30.0,80.0,0.005,0.1,0.15,0.0,mad_only
CzYrMns8QAg,18,10.18,0.0,30.0,80.0,0.005,0.1,0.15,0.0,mad_only
CzYrMns8QAg,19,10.625,0.0,30.0,80.0,0.005,0.1,0.15,0.0,mad_only
CzYrMns8QAg,20,11.11,0.0,30.0,80.0,0.005,0.1,0.15,0.0,mad_only
CzYrMns8QAg,21,11.545,0.0,30.0,80.0,0.005,0.1,0.15,0.0,mad_only
CzYrMns8QAg,22,12.02,0.0,30.0,80.0,0.005,0.1,0.15,0.0,mad_only
CzYrMns8QAg,23,12.46,0.0,30.0,80.0,0.005,0.1,0.15,0.0,mad_only
CzYrMns8QAg,24,12.935,0.0,30.0,80.0,0.005,0.1,0.15,0.0,mad_only
CzYrMns8QAg,25,13.385,0.0,30.0,80.0,0.005,0.1,0.15,0.0,mad_only
CzYrMns8QAg,26,13.86,0.0,30.0,80.0,0.005,0.1,0.15,0.0,mad_only
CzYrMns8QAg,27,14.305,0.0,30.0,80.0,0.005,0.1,0.15,0.0,mad_only
CzYrMns8QAg,28,14.785,0.0,30.0,80.0,0.005,0.1,0.15,0.0,mad_only
CzYrMns8QAg,29,15.23,0.0,30.0,80.0,0.005,0.1,0.15,0.0,mad_only
CzYrMns8QAg,30,15.71,0.0,30.0,80.0,0.005,0.1,0.15,0.0,mad_only
CzYrMns8QAg,31,16.145,0.0,30.0,80.0,0.005,0.1,0.15,0.0,mad_only
CzYrMns8QAg,32,16.63,0.0,30.0,80.0,0.005,0.1,0.15,0.0,mad_only
CzYrMns8QAg,33,17.085,0.0,30.0,80.0,0.005,0.1,0.15,0.0,mad_only
CzYrMns8QAg,34,17.55,0.0,30.0,80.0,0.005,0.1,0.15,0.0,mad_only
CzYrMns8QAg,35,18.005,0.0,30.0,80.0,0.005,0.1,0.15,0.0,mad_only
CzYrMns8QAg,36,18.48,0.0,30.0,80.0,0.005,0.1,0.15,0.0,mad_only
CzYrMns8QAg,37,18.925,0.0,30.0,80.0,0.005,0.1,0.15,0.0,mad_only
CzYrMns8QAg,38,19.400000000000002,0.0,30.0,80.0,0.005,0.1,0.15,0.0,mad_only
CzYrMns8QAg,39,19.855,0.0,30.0,80.0,0.005,0.1,0.15,0.0,mad_only
CzYrMns8QAg,40,20.315,0.0,30.0,80.0,0.005,0.1,0.15,0.0,mad_only
CzYrMns8QAg,41,20.77,0.0,30.0,80.0,0.005,0.1,0.15,0.0,mad_only
CzYrMns8QAg,42,21.245,0.0,30.0,80.0,0.005,0.1,0.15,0.0,mad_only
CzYrMns8QAg,43,21.68,0.0,30.0,80.0,0.005,0.1,0.15,0.0,mad_only
CzYrMns8QAg,44,22.17,0.0,30.0,80.0,0.005,0.1,0.15,0.0,mad_only
CzYrMns8QAg,45,22.62,0.0,30.0,80.0,0.005,0.1,0.15,0.0,mad_only
CzYrMns8QAg,46,23.09,0.0,30.0,80.0,0.005,0.1,0.15,0.0,mad_only
CzYrMns8QAg,47,23.54,0.0,30.0,80.0,0.005,0.1,0.15,0.0,mad_only
CzYrMns8QAg,48,24.005,0.0,30.0,80.0,0.005,0.1,0.15,0.0,mad_only
CzYrMns8QAg,49,24.47,0.0,30.0,80.0,0.005,0.1,0.15,0.0,mad_only
CzYrMns8QAg,50,24.935000000000002,0.0,30.0,80.0,0.005,0.1,0.15,0.0,mad_only
CzYrMns8QAg,51,25.38,0.0,30.0,80.0,0.005,0.1,0.15,0.0,mad_only
CzYrMns8QAg,52,25.845,0.0,30.0,80.0,0.005,0.1,0.15,0.0,mad_only
CzYrMns8QAg,53,26.3,0.0,30.0,80.0,0.005,0.1,0.15,0.0,mad_only
CzYrMns8QAg,54,26.775000000000002,0.0,30.0,80.0,0.005,0.1,0.15,0.0,mad_only
CzYrMns8QAg,55,27.23,0.0,30.0,80.0,0.005,0.1,0.15,0.0,mad_only
CzYrMns8QAg,56,27.695,0.0,30.0,80.0,0.005,0.1,0.15,0.0,mad_only
CzYrMns8QAg,57,28.155,0.0,30.0,80.0,0.005,0.1,0.15,0.0,mad_only
CzYrMns8QAg,58,28.62,0.0,30.0,80.0,0.005,0.1,0.15,0.0,mad_only
CzYrMns8QAg,59,29.07,0.0,30.0,80.0,0.005,0.1,0.15,0.0,mad_only
CzYrMns8QAg,60,29.545,0.0,30.0,80.0,0.005,0.1,0.15,0.0,mad_only
D3sueyrnhNw,0,0.8300000000000001,0.0,30.0,80.0,0.005,0.1,0.15,0.0,mad_only
D3sueyrnhNw,1,1.355,0.0,30.0,80.0,0.005,0.1,0.15,0.0,mad_only
D3sueyrnhNw,2,1.87,0.0,30.0,80.0,0.005,0.1,0.15,0.0,mad_only
D3sueyrnhNw,3,2.37,0.0,30.0,80.0,0.005,0.1,0.15,0.0,mad_only
D3sueyrnhNw,4,2.87,0.0,30.0,80.0,0.005,0.1,0.15,0.0,mad_only
D3sueyrnhNw,5,3.36,0.0,30.0,80.0,0.005,0.1,0.15,0.0,mad_only
D3sueyrnhNw,6,3.875,0.0,30.0,80.0,0.005,0.1,0.15,0.0,mad_only
D3sueyrnhNw,7,4.37,0.0,30.0,80.0,0.005,0.1,0.15,0.0,mad_only
D3sueyrnhNw,8,4.885,0.0,30.0,80.0,0.005,0.1,0.15,0.0,mad_only
D3sueyrnhNw,9,5.39,0.0,30.0,80.0,0.005,0.1,0.15,0.0,mad_only
D3sueyrnhNw,10,5.89,0.0,30.0,80.0,0.005,0.1,0.15,0.0,mad_only
D3sueyrnhNw,11,6.3950000000000005,0.0,30.0,80.0,0.005,0.1,0.15,0.0,mad_only
D3sueyrnhNw,12,6.890000000000001,0.0,30.0,80.0,0.005,0.1,0.15,0.0,mad_only
D3sueyrnhNw,13,7.385,0.0,30.0,80.0,0.005,0.1,0.15,0.0,mad_only
D3sueyrnhNw,14,7.87,0.0,30.0,80.0,0.005,0.1,0.15,0.0,mad_only
D3sueyrnhNw,15,8.370000000000001,0.0,30.0,80.0,0.005,0.1,0.15,0.0,mad_only
D3sueyrnhNw,16,8.875,0.0,30.0,80.0,0.005,0.1,0.15,0.0,mad_only
D3sueyrnhNw,17,9.375,0.0,30.0,80.0,0.005,0.1,0.15,0.0,mad_only
D3sueyrnhNw,18,9.88,0.0,30.0,80.0,0.005,0.1,0.15,0.0,mad_only
D3sueyrnhNw,19,10.385,0.0,30.0,80.0,0.005,0.1,0.15,0.0,mad_only
D3sueyrnhNw,20,10.88,0.0,30.0,80.0,0.005,0.1,0.15,0.0,mad_only
D3sueyrnhNw,21,11.370000000000001,0.0,30.0,80.0,0.005,0.1,0.15,0.0,mad_only
D3sueyrnhNw,22,11.88,0.0,30.0,80.0,0.005,0.1,0.15,0.0,mad_only
D3sueyrnhNw,23,12.39,0.0,30.0,80.0,0.005,0.1,0.15,0.0,mad_only
D3sueyrnhNw,24,12.895,0.0,30.0,80.0,0.005,0.1,0.15,0.0,mad_only
D3sueyrnhNw,25,13.39,0.0,30.0,80.0,0.005,0.1,0.15,0.0,mad_only
D3sueyrnhNw,26,13.89,0.0,30.0,80.0,0.005,0.1,0.15,0.0,mad_only
D3sueyrnhNw,27,14.385,0.0,30.0,80.0,0.005,0.1,0.15,0.0,mad_only
D3sueyrnhNw,28,14.870000000000001,0.0,30.0,80.0,0.005,0.1,0.15,0.0,mad_only
D3sueyrnhNw,29,15.365,0.0,30.0,80.0,0.005,0.1,0.15,0.0,mad_only
D3sueyrnhNw,30,15.85,0.0,30.0,80.0,0.005,0.1,0.15,0.0,mad_only
D3sueyrnhNw,31,16.375,0.0,30.0,80.0,0.005,0.1,0.15,0.0,mad_only
D3sueyrnhNw,32,16.88,0.0,30.0,80.0,0.005,0.1,0.15,0.0,mad_only
D3sueyrnhNw,33,17.365000000000002,0.0,30.0,80.0,0.005,0.1,0.15,0.0,mad_only
D3sueyrnhNw,34,17.865000000000002,0.0,30.0,80.0,0.005,0.1,0.15,0.0,mad_only
D3sueyrnhNw,35,18.365000000000002,0.0,30.0,80.0,0.005,0.1,0.15,0.0,mad_only
D3sueyrnhNw,36,18.875,0.0,30.0,80.0,0.005,0.1,0.15,0.0,mad_only
D3sueyrnhNw,37,19.365000000000002,0.0,30.0,80.0,0.005,0.1,0.15,0.0,mad_only
D3sueyrnhNw,38,19.855,0.0,30.0,80.0,0.005,0.1,0.15,0.0,mad_only
D3sueyrnhNw,39,20.35,0.0,30.0,80.0,0.005,0.1,0.15,0.0,mad_only
D3sueyrnhNw,40,20.855,0.0,30.0,80.0,0.005,0.1,0.15,0.0,mad_only
D3sueyrnhNw,41,21.345,0.0,30.0,80.0,0.005,0.1,0.15,0.0,mad_only
D3sueyrnhNw,42,21.835,0.0,30.0,80.0,0.005,0.1,0.15,0.0,mad_only
D3sueyrnhNw,43,22.34,0.0,30.0,80.0,0.005,0.1,0.15,0.0,mad_only
D3sueyrnhNw,44,22.85,0.0,30.0,80.0,0.005,0.1,0.15,0.0,mad_only
D3sueyrnhNw,45,23.365000000000002,0.0,30.0,80.0,0.005,0.1,0.15,0.0,mad_only
D3sueyrnhNw,46,23.885,0.0,30.0,80.0,0.005,0.1,0.15,0.0,mad_only
D3sueyrnhNw,47,24.385,0.0,30.0,80.0,0.005,0.1,0.15,0.0,mad_only
D3sueyrnhNw,48,24.87,0.0,30.0,80.0,0.005,0.1,0.15,0.0,mad_only
D3sueyrnhNw,49,25.365000000000002,0.0,30.0,80.0,0.005,0.1,0.15,0.0,mad_only
D3sueyrnhNw,50,25.865000000000002,0.0,30.0,80.0,0.005,0.1,0.15,0.0,mad_only
D3sueyrnhNw,51,26.375,0.0,30.0,80.0,0.005,0.1,0.15,0.0,mad_only
D3sueyrnhNw,52,26.89,0.0,30.0,80.0,0.005,0.1,0.15,0.0,mad_only
D3sueyrnhNw,53,27.375,0.0,30.0,80.0,0.005,0.1,0.15,0.0,mad_only
D3sueyrnhNw,54,27.89,0.0,30.0,80.0,0.005,0.1,0.15,0.0,mad_only
D3sueyrnhNw,55,28.365000000000002,0.0,30.0,80.0,0.005,0.1,0.15,0.0,mad_only
D3sueyrnhNw,56,28.86,0.0,30.0,80.0,0.005,0.1,0.15,0.0,mad_only
D3sueyrnhNw,57,29.35,0.0,30.0,80.0,0.005,0.1,0.15,0.0,mad_only
D3sueyrnhNw,58,29.845,0.0,30.0,80.0,0.005,0.1,0.15,0.0,mad_only
DGZLtb-MWp4,0,0.8300000000000001,0.0,30.0,80.0,0.005,0.1,0.15,0.0,mad_only
DGZLtb-MWp4,1,1.33,0.0,30.0,80.0,0.005,0.1,0.15,0.0,mad_only
DGZLtb-MWp4,2,1.85,0.0,30.0,80.0,0.005,0.1,0.15,0.0,mad_only
DGZLtb-MWp4,3,2.37,0.0,30.0,80.0,0.005,0.1,0.15,0.0,mad_only
DGZLtb-MWp4,4,2.91,0.0,30.0,80.0,0.005,0.1,0.15,0.0,mad_only
DGZLtb-MWp4,5,3.43,0.0,30.0,80.0,0.005,0.1,0.15,0.0,mad_only
DGZLtb-MWp4,6,3.69,0.0,30.0,80.0,0.005,0.1,0.15,0.0,mad_only
DGZLtb-MWp4,7,3.955,0.0,30.0,80.0,0.005,0.1,0.15,0.0,mad_only
DGZLtb-MWp4,8,4.225,0.0,30.0,80.0,0.005,0.1,0.15,0.0,mad_only
DGZLtb-MWp4,9,4.49,0.0,30.0,80.0,0.005,0.1,0.15,0.0,mad_only
DGZLtb-MWp4,10,5.0200000000000005,0.0,30.0,80.0,0.005,0.1,0.15,0.0,mad_only
DGZLtb-MWp4,11,5.25,0.0,30.0,80.0,0.005,0.1,0.15,0.0,mad_only
DGZLtb-MWp4,12,5.535,0.0,30.0,80.0,0.005,0.1,0.15,0.0,mad_only
DGZLtb-MWp4,13,5.785,0.0,30.0,80.0,0.005,0.1,0.15,0.0,mad_only
DGZLtb-MWp4,14,6.075,0.0,30.0,80.0,0.005,0.1,0.15,0.0,mad_only
DGZLtb-MWp4,15,6.59,0.0,30.0,80.0,0.005,0.1,0.15,0.0,mad_only
DGZLtb-MWp4,16,6.845,0.0,30.0,80.0,0.005,0.1,0.15,0.0,mad_only
DGZLtb-MWp4,17,7.125,0.0,30.0,80.0,0.005,0.1,0.15,0.0,mad_only
DGZLtb-MWp4,18,7.365,0.0,30.0,80.0,0.005,0.1,0.15,0.0,mad_only
DGZLtb-MWp4,19,7.635,0.0,30.0,80.0,0.005,0.1,0.15,0.0,mad_only
DGZLtb-MWp4,20,7.905,0.0,30.0,80.0,0.005,0.1,0.15,0.0,mad_only
DGZLtb-MWp4,21,8.165000000000001,0.0,30.0,80.0,0.005,0.1,0.15,0.0,mad_only
DGZLtb-MWp4,22,8.435,0.0,30.0,80.0,0.005,0.1,0.15,0.0,mad_only
DGZLtb-MWp4,23,8.700000000000001,0.0,30.0,80.0,0.005,0.1,0.15,0.0,mad_only
DGZLtb-MWp4,24,8.945,0.0,30.0,80.0,0.005,0.1,0.15,0.0,mad_only
DGZLtb-MWp4,25,9.225,0.0,30.0,80.0,0.005,0.1,0.15,0.0,mad_only
DGZLtb-MWp4,26,9.465,0.0,30.0,80.0,0.005,0.1,0.15,0.0,mad_only
DGZLtb-MWp4,27,9.73,0.0,30.0,80.0,0.005,0.1,0.15,0.0,mad_only
DGZLtb-MWp4,28,9.995000000000001,0.0,30.0,80.0,0.005,0.1,0.15,0.0,mad_only
DGZLtb-MWp4,29,10.27,0.0,30.0,80.0,0.005,0.1,0.15,0.0,mad_only
DGZLtb-MWp4,30,10.525,0.0,30.0,80.0,0.005,0.1,0.15,0.0,mad_only
DGZLtb-MWp4,31,10.785,0.0,30.0,80.0,0.005,0.1,0.15,0.0,mad_only
DGZLtb-MWp4,32,11.065,0.0,30.0,80.0,0.005,0.1,0.15,0.0,mad_only
DGZLtb-MWp4,33,11.31,0.0,30.0,80.0,0.005,0.1,0.15,0.0,mad_only
DGZLtb-MWp4,34,11.59,0.0,30.0,80.0,0.005,0.1,0.15,0.0,mad_only
DGZLtb-MWp4,35,11.83,0.0,30.0,80.0,0.005,0.1,0.15,0.0,mad_only
DGZLtb-MWp4,36,12.115,0.0,30.0,80.0,0.005,0.1,0.15,0.0,mad_only
DGZLtb-MWp4,37,12.375,0.0,30.0,80.0,0.005,0.1,0.15,0.0,mad_only
DGZLtb-MWp4,38,12.63,0.0,30.0,80.0,0.005,0.1,0.15,0.0,mad_only
DGZLtb-MWp4,39,12.9,0.0,30.0,80.0,0.005,0.1,0.15,0.0,mad_only
DGZLtb-MWp4,40,13.155000000000001,0.0,30.0,80.0,0.005,0.1,0.15,0.0,mad_only
DGZLtb-MWp4,41,13.41,0.0,30.0,80.0,0.005,0.1,0.15,0.0,mad_only
DGZLtb-MWp4,42,13.685,0.0,30.0,80.0,0.005,0.1,0.15,0.0,mad_only
DGZLtb-MWp4,43,13.935,0.0,30.0,80.0,0.005,0.1,0.15,0.0,mad_only
DGZLtb-MWp4,44,14.22,0.0,30.0,80.0,0.005,0.1,0.15,0.0,mad_only
DGZLtb-MWp4,45,14.49,0.0,30.0,80.0,0.005,0.1,0.15,0.0,mad_only
DGZLtb-MWp4,46,14.745000000000001,0.0,30.0,80.0,0.005,0.1,0.15,0.0,mad_only
DGZLtb-MWp4,47,15.0,0.0,30.0,80.0,0.005,0.1,0.15,0.0,mad_only
DGZLtb-MWp4,48,15.26,0.0,30.0,80.0,0.005,0.1,0.15,0.0,mad_only
DGZLtb-MWp4,49,15.540000000000001,0.0,30.0,80.0,0.005,0.1,0.15,0.0,mad_only
DGZLtb-MWp4,50,15.790000000000001,0.0,30.0,80.0,0.005,0.1,0.15,0.0,mad_only
DGZLtb-MWp4,51,16.045,0.0,30.0,80.0,0.005,0.1,0.15,0.0,mad_only
DGZLtb-MWp4,52,16.325,0.0,30.0,80.0,0.005,0.1,0.15,0.0,mad_only
DGZLtb-MWp4,53,16.84,0.0,30.0,80.0,0.005,0.1,0.15,0.0,mad_only
DGZLtb-MWp4,54,17.36,0.0,30.0,80.0,0.005,0.1,0.15,0.0,mad_only
DGZLtb-MWp4,55,17.62,0.0,30.0,80.0,0.005,0.1,0.15,0.0,mad_only
DGZLtb-MWp4,56,17.89,0.0,30.0,80.0,0.005,0.1,0.15,0.0,mad_only
DGZLtb-MWp4,57,18.43,0.0,30.0,80.0,0.005,0.1,0.15,0.0,mad_only
DGZLtb-MWp4,58,18.945,0.0,30.0,80.0,0.005,0.1,0.15,0.0,mad_only
DGZLtb-MWp4,59,19.21,0.0,30.0,80.0,0.005,0.1,0.15,0.0,mad_only
DGZLtb-MWp4,60,19.485,0.0,30.0,80.0,0.005,0.1,0.15,0.0,mad_only
DGZLtb-MWp4,61,19.990000000000002,0.0,30.0,80.0,0.005,0.1,0.15,0.0,mad_only
DGZLtb-MWp4,62,20.52,0.0,30.0,80.0,0.005,0.1,0.15,0.0,mad_only
DGZLtb-MWp4,63,21.04,0.0,30.0,80.0,0.005,0.1,0.15,0.0,mad_only
DGZLtb-MWp4,64,21.57,0.0,30.0,80.0,0.005,0.1,0.15,0.0,mad_only
DGZLtb-MWp4,65,21.830000000000002,0.0,30.0,80.0,0.005,0.1,0.15,0.0,mad_only
DGZLtb-MWp4,66,22.09,0.0,30.0,80.0,0.005,0.1,0.15,0.0,mad_only
DGZLtb-MWp4,67,22.63,0.0,30.0,80.0,0.005,0.1,0.15,0.0,mad_only
DGZLtb-MWp4,68,23.155,0.0,30.0,80.0,0.005,0.1,0.15,0.0,mad_only
DGZLtb-MWp4,69,23.675,0.0,30.0,80.0,0.005,0.1,0.15,0.0,mad_only
DGZLtb-MWp4,70,24.205000000000002,0.0,30.0,80.0,0.005,0.1,0.15,0.0,mad_only
DGZLtb-MWp4,71,24.740000000000002,0.0,30.0,80.0,0.005,0.1,0.15,0.0,mad_only
DGZLtb-MWp4,72,25.26,0.0,30.0,80.0,0.005,0.1,0.15,0.0,mad_only
DGZLtb-MWp4,73,25.53,0.0,30.0,80.0,0.005,0.1,0.15,0.0,mad_only
DGZLtb-MWp4,74,25.795,0.0,30.0,80.0,0.005,0.1,0.15,0.0,mad_only
DGZLtb-MWp4,75,26.305,0.0,30.0,80.0,0.005,0.1,0.15,0.0,mad_only
DGZLtb-MWp4,76,26.845,0.0,30.0,80.0,0.005,0.1,0.15,0.0,mad_only
DGZLtb-MWp4,77,27.37,0.0,30.0,80.0,0.005,0.1,0.15,0.0,mad_only
DGZLtb-MWp4,78,27.89,0.0,30.0,80.0,0.005,0.1,0.15,0.0,mad_only
DGZLtb-MWp4,79,28.405,0.0,30.0,80.0,0.005,0.1,0.15,0.0,mad_only
DGZLtb-MWp4,80,28.935000000000002,0.0,30.0,80.0,0.005,0.1,0.15,0.0,mad_only
DGZLtb-MWp4,81,29.46,0.0,30.0,80.0,0.005,0.1,0.15,0.0,mad_only
DGZLtb-MWp4,82,29.93,0.0,30.0,80.0,0.005,0.1,0.15,0.0,mad_only
DO5TjDsrRpM,0,0.935,0.0,30.0,80.0,0.005,0.1,0.15,0.0,mad_only
DO5TjDsrRpM,1,1.555,0.0,30.0,80.0,0.005,0.1,0.15,0.0,mad_only
DO5TjDsrRpM,2,2.165,0.0,30.0,80.0,0.005,0.1,0.15,0.0,mad_only
DO5TjDsrRpM,3,2.7800000000000002,0.0,30.0,80.0,0.005,0.1,0.15,0.0,mad_only
DO5TjDsrRpM,4,3.395,0.0,30.0,80.0,0.005,0.1,0.15,0.0,mad_only
DO5TjDsrRpM,5,4.0200000000000005,0.0,30.0,80.0,0.005,0.1,0.15,0.0,mad_only
DO5TjDsrRpM,6,4.65,0.0,30.0,80.0,0.005,0.1,0.15,0.0,mad_only
DO5TjDsrRpM,7,5.26,0.0,30.0,80.0,0.005,0.1,0.15,0.0,mad_only
DO5TjDsrRpM,8,5.865,0.0,30.0,80.0,0.005,0.1,0.15,0.0,mad_only
DO5TjDsrRpM,9,6.49,0.0,30.0,80.0,0.005,0.1,0.15,0.0,mad_only
DO5TjDsrRpM,10,7.105,0.0,30.0,80.0,0.005,0.1,0.15,0.0,mad_only
DO5TjDsrRpM,11,7.715,0.0,30.0,80.0,0.005,0.1,0.15,0.0,mad_only
DO5TjDsrRpM,12,8.335,0.0,30.0,80.0,0.005,0.1,0.15,0.0,mad_only
DO5TjDsrRpM,13,8.955,0.0,30.0,80.0,0.005,0.1,0.15,0.0,mad_only
DO5TjDsrRpM,14,9.290000000000001,0.0,30.0,80.0,0.005,0.1,0.15,0.0,mad_only
DO5TjDsrRpM,15,9.585,0.0,30.0,80.0,0.005,0.1,0.15,0.0,mad_only
DO5TjDsrRpM,16,10.200000000000001,0.0,30.0,80.0,0.005,0.1,0.15,0.0,mad_only
DO5TjDsrRpM,17,10.805,0.0,30.0,80.0,0.005,0.1,0.15,0.0,mad_only
DO5TjDsrRpM,18,11.425,0.0,30.0,80.0,0.005,0.1,0.15,0.0,mad_only
DO5TjDsrRpM,19,12.040000000000001,0.0,30.0,80.0,0.005,0.1,0.15,0.0,mad_only
DO5TjDsrRpM,20,12.665000000000001,0.0,30.0,80.0,0.005,0.1,0.15,0.0,mad_only
DO5TjDsrRpM,21,13.280000000000001,0.0,30.0,80.0,0.005,0.1,0.15,0.0,mad_only
DO5TjDsrRpM,22,13.91,0.0,30.0,80.0,0.005,0.1,0.15,0.0,mad_only
DO5TjDsrRpM,23,14.525,0.0,30.0,80.0,0.005,0.1,0.15,0.0,mad_only
DO5TjDsrRpM,24,15.135,0.0,30.0,80.0,0.005,0.1,0.15,0.0,mad_only
DO5TjDsrRpM,25,15.76,0.0,30.0,80.0,0.005,0.1,0.15,0.0,mad_only
DO5TjDsrRpM,26,16.37,0.0,30.0,80.0,0.005,0.1,0.15,0.0,mad_only
DO5TjDsrRpM,27,16.995,0.0,30.0,80.0,0.005,0.1,0.15,0.0,mad_only
DO5TjDsrRpM,28,17.61,0.0,30.0,80.0,0.005,0.1,0.15,0.0,mad_only
DO5TjDsrRpM,29,18.23,0.0,30.0,80.0,0.005,0.1,0.15,0.0,mad_only
DO5TjDsrRpM,30,18.855,0.0,30.0,80.0,0.005,0.1,0.15,0.0,mad_only
DO5TjDsrRpM,31,19.48,0.0,30.0,80.0,0.005,0.1,0.15,0.0,mad_only
DO5TjDsrRpM,32,20.105,0.0,30.0,80.0,0.005,0.1,0.15,0.0,mad_only
DO5TjDsrRpM,33,20.71,0.0,30.0,80.0,0.005,0.1,0.15,0.0,mad_only
DO5TjDsrRpM,34,21.315,0.0,30.0,80.0,0.005,0.1,0.15,0.0,mad_only
DO5TjDsrRpM,35,21.94,0.0,30.0,80.0,0.005,0.1,0.15,0.0,mad_only
DO5TjDsrRpM,36,22.565,0.0,30.0,80.0,0.005,0.1,0.15,0.0,mad_only
DO5TjDsrRpM,37,23.175,0.0,30.0,80.0,0.005,0.1,0.15,0.0,mad_only
DO5TjDsrRpM,38,23.8,0.0,30.0,80.0,0.005,0.1,0.15,0.0,mad_only
DO5TjDsrRpM,39,24.42,0.0,30.0,80.0,0.005,0.1,0.15,0.0,mad_only
DO5TjDsrRpM,40,25.035,0.0,30.0,80.0,0.005,0.1,0.15,0.0,mad_only
DO5TjDsrRpM,41,25.645,0.0,30.0,80.0,0.005,0.1,0.15,0.0,mad_only
DO5TjDsrRpM,42,26.255,0.0,30.0,80.0,0.005,0.1,0.15,0.0,mad_only
DO5TjDsrRpM,43,26.88,0.0,30.0,80.0,0.005,0.1,0.15,0.0,mad_only
DO5TjDsrRpM,44,27.51,0.0,30.0,80.0,0.005,0.1,0.15,0.0,mad_only
DO5TjDsrRpM,45,28.13,0.0,30.0,80.0,0.005,0.1,0.15,0.0,mad_only
DO5TjDsrRpM,46,28.755,0.0,30.0,80.0,0.005,0.1,0.15,0.0,mad_only
DO5TjDsrRpM,47,29.365000000000002,0.0,30.0,80.0,0.005,0.1,0.15,0.0,mad_only
DgT4CPv_CCE,0,0.5750000000000001,0.0,30.0,80.0,0.005,0.1,0.15,0.0,mad_only
DgT4CPv_CCE,1,0.97,0.0,30.0,80.0,0.005,0.1,0.15,0.0,mad_only
DgT4CPv_CCE,2,1.47,0.0,30.0,80.0,0.005,0.1,0.15,0.0,mad_only
DgT4CPv_CCE,3,1.975,0.0,30.0,80.0,0.005,0.1,0.15,0.0,mad_only
DgT4CPv_CCE,4,2.48,0.0,30.0,80.0,0.005,0.1,0.15,0.0,mad_only
DgT4CPv_CCE,5,2.98,0.0,30.0,80.0,0.005,0.1,0.15,0.0,mad_only
DgT4CPv_CCE,6,3.475,0.0,30.0,80.0,0.005,0.1,0.15,0.0,mad_only
DgT4CPv_CCE,7,3.9650000000000003,0.0,30.0,80.0,0.005,0.1,0.15,0.0,mad_only
DgT4CPv_CCE,8,4.46,0.0,30.0,80.0,0.005,0.1,0.15,0.0,mad_only
DgT4CPv_CCE,9,4.965,0.0,30.0,80.0,0.005,0.1,0.15,0.0,mad_only
DgT4CPv_CCE,10,5.465,0.0,30.0,80.0,0.005,0.1,0.15,0.0,mad_only
DgT4CPv_CCE,11,5.96,0.0,30.0,80.0,0.005,0.1,0.15,0.0,mad_only
DgT4CPv_CCE,12,6.46,0.0,30.0,80.0,0.005,0.1,0.15,0.0,mad_only
DgT4CPv_CCE,13,6.96,0.0,30.0,80.0,0.005,0.1,0.15,0.0,mad_only
DgT4CPv_CCE,14,7.465,0.0,30.0,80.0,0.005,0.1,0.15,0.0,mad_only
DgT4CPv_CCE,15,7.955,0.0,30.0,80.0,0.005,0.1,0.15,0.0,mad_only
DgT4CPv_CCE,16,8.46,0.0,30.0,80.0,0.005,0.1,0.15,0.0,mad_only
DgT4CPv_CCE,17,8.965,0.0,30.0,80.0,0.005,0.1,0.15,0.0,mad_only
DgT4CPv_CCE,18,9.455,0.0,30.0,80.0,0.005,0.1,0.15,0.0,mad_only
DgT4CPv_CCE,19,9.955,0.0,30.0,80.0,0.005,0.1,0.15,0.0,mad_only
DgT4CPv_CCE,20,10.455,0.0,30.0,80.0,0.005,0.1,0.15,0.0,mad_only
DgT4CPv_CCE,21,10.96,0.0,30.0,80.0,0.005,0.1,0.15,0.0,mad_only
DgT4CPv_CCE,22,11.475,0.0,30.0,80.0,0.005,0.1,0.15,0.0,mad_only
DgT4CPv_CCE,23,11.965,0.0,30.0,80.0,0.005,0.1,0.15,0.0,mad_only
DgT4CPv_CCE,24,12.46,0.0,30.0,80.0,0.005,0.1,0.15,0.0,mad_only
DgT4CPv_CCE,25,12.96,0.0,30.0,80.0,0.005,0.1,0.15,0.0,mad_only
DgT4CPv_CCE,26,13.465,0.0,30.0,80.0,0.005,0.1,0.15,0.0,mad_only
DgT4CPv_CCE,27,13.955,0.0,30.0,80.0,0.005,0.1,0.15,0.0,mad_only
DgT4CPv_CCE,28,14.450000000000001,0.0,30.0,80.0,0.005,0.1,0.15,0.0,mad_only
DgT4CPv_CCE,29,14.955,0.0,30.0,80.0,0.005,0.1,0.15,0.0,mad_only
DgT4CPv_CCE,30,15.465,0.0,30.0,80.0,0.005,0.1,0.15,0.0,mad_only
DgT4CPv_CCE,31,15.96,0.0,30.0,80.0,0.005,0.1,0.15,0.0,mad_only
DgT4CPv_CCE,32,16.455000000000002,0.0,30.0,80.0,0.005,0.1,0.15,0.0,mad_only
DgT4CPv_CCE,33,16.95,0.0,30.0,80.0,0.005,0.1,0.15,0.0,mad_only
DgT4CPv_CCE,34,17.45,0.0,30.0,80.0,0.005,0.1,0.15,0.0,mad_only
DgT4CPv_CCE,35,17.95,0.0,30.0,80.0,0.005,0.1,0.15,0.0,mad_only
DgT4CPv_CCE,36,18.45,0.0,30.0,80.0,0.005,0.1,0.15,0.0,mad_only
DgT4CPv_CCE,37,18.955000000000002,0.0,30.0,80.0,0.005,0.1,0.15,0.0,mad_only
DgT4CPv_CCE,38,19.455000000000002,0.0,30.0,80.0,0.005,0.1,0.15,0.0,mad_only
DgT4CPv_CCE,39,19.95,0.0,30.0,80.0,0.005,0.1,0.15,0.0,mad_only
DgT4CPv_CCE,40,20.45,0.0,30.0,80.0,0.005,0.1,0.15,0.0,mad_only
DgT4CPv_CCE,41,20.945,0.0,30.0,80.0,0.005,0.1,0.15,0.0,mad_only
DgT4CPv_CCE,42,21.455000000000002,0.0,30.0,80.0,0.005,0.1,0.15,0.0,mad_only
DgT4CPv_CCE,43,21.96,0.0,30.0,80.0,0.005,0.1,0.15,0.0,mad_only
DgT4CPv_CCE,44,22.455000000000002,0.0,30.0,80.0,0.005,0.1,0.15,0.0,mad_only
DgT4CPv_CCE,45,22.955000000000002,0.0,30.0,80.0,0.005,0.1,0.15,0.0,mad_only
DgT4CPv_CCE,46,23.46,0.0,30.0,80.0,0.005,0.1,0.15,0.0,mad_only
DgT4CPv_CCE,47,23.955000000000002,0.0,30.0,80.0,0.005,0.1,0.15,0.0,mad_only
DgT4CPv_CCE,48,24.45,0.0,30.0,80.0,0.005,0.1,0.15,0.0,mad_only
DgT4CPv_CCE,49,24.95,0.0,30.0,80.0,0.005,0.1,0.15,0.0,mad_only
DgT4CPv_CCE,50,25.455000000000002,0.0,30.0,80.0,0.005,0.1,0.15,0.0,mad_only
DgT4CPv_CCE,51,25.955000000000002,0.0,30.0,80.0,0.005,0.1,0.15,0.0,mad_only
DgT4CPv_CCE,52,26.46,0.0,30.0,80.0,0.005,0.1,0.15,0.0,mad_only
DgT4CPv_CCE,53,26.95,0.0,30.0,80.0,0.005,0.1,0.15,0.0,mad_only
DgT4CPv_CCE,54,27.45,0.0,30.0,80.0,0.005,0.1,0.15,0.0,mad_only
DgT4CPv_CCE,55,27.96,0.0,30.0,80.0,0.005,0.1,0.15,0.0,mad_only
DgT4CPv_CCE,56,28.46,0.0,30.0,80.0,0.005,0.1,0.15,0.0,mad_only
DgT4CPv_CCE,57,28.95,0.0,30.0,80.0,0.005,0.1,0.15,0.0,mad_only
DgT4CPv_CCE,58,29.455000000000002,0.0,30.0,80.0,0.005,0.1,0.15,0.0,mad_only
DgT4CPv_CCE,59,29.94,0.0,30.0,80.0,0.005,0.1,0.15,0.0,mad_only
E2fPGGZgp-M,0,1.3,0.0,30.0,80.0,0.005,0.1,0.15,0.0,mad_only
E2fPGGZgp-M,1,2.16,0.0,30.0,80.0,0.005,0.1,0.15,0.0,mad_only
E2fPGGZgp-M,2,2.7,0.0,30.0,80.0,0.005,0.1,0.15,0.0,mad_only
E2fPGGZgp-M,3,3.3200000000000003,0.0,30.0,80.0,0.005,0.1,0.15,0.0,mad_only
E2fPGGZgp-M,4,3.95,0.0,30.0,80.0,0.005,0.1,0.15,0.0,mad_only
E2fPGGZgp-M,5,4.57,0.0,30.0,80.0,0.005,0.1,0.15,0.0,mad_only
E2fPGGZgp-M,6,5.215,0.0,30.0,80.0,0.005,0.1,0.15,0.0,mad_only
E2fPGGZgp-M,7,5.825,0.0,30.0,80.0,0.005,0.1,0.15,0.0,mad_only
E2fPGGZgp-M,8,6.47,0.0,30.0,80.0,0.005,0.1,0.15,0.0,mad_only
E2fPGGZgp-M,9,7.085,0.0,30.0,80.0,0.005,0.1,0.15,0.0,mad_only
E2fPGGZgp-M,10,7.73,0.0,30.0,80.0,0.005,0.1,0.15,0.0,mad_only
E2fPGGZgp-M,11,8.345,0.0,30.0,80.0,0.005,0.1,0.15,0.0,mad_only
E2fPGGZgp-M,12,8.995000000000001,0.0,30.0,80.0,0.005,0.1,0.15,0.0,mad_only
E2fPGGZgp-M,13,9.61,0.0,30.0,80.0,0.005,0.1,0.15,0.0,mad_only
E2fPGGZgp-M,14,10.24,0.0,30.0,80.0,0.005,0.1,0.15,0.0,mad_only
E2fPGGZgp-M,15,10.865,0.0,30.0,80.0,0.005,0.1,0.15,0.0,mad_only
E2fPGGZgp-M,16,11.505,0.0,30.0,80.0,0.005,0.1,0.15,0.0,mad_only
E2fPGGZgp-M,17,12.145,0.0,30.0,80.0,0.005,0.1,0.15,0.0,mad_only
E2fPGGZgp-M,18,12.785,0.0,30.0,80.0,0.005,0.1,0.15,0.0,mad_only
E2fPGGZgp-M,19,13.42,0.0,30.0,80.0,0.005,0.1,0.15,0.0,mad_only
E2fPGGZgp-M,20,14.05,0.0,30.0,80.0,0.005,0.1,0.15,0.0,mad_only
E2fPGGZgp-M,21,14.675,0.0,30.0,80.0,0.005,0.1,0.15,0.0,mad_only
E2fPGGZgp-M,22,15.31,0.0,30.0,80.0,0.005,0.1,0.15,0.0,mad_only
E2fPGGZgp-M,23,15.935,0.0,30.0,80.0,0.005,0.1,0.15,0.0,mad_only
E2fPGGZgp-M,24,16.565,0.0,30.0,80.0,0.005,0.1,0.15,0.0,mad_only
E2fPGGZgp-M,25,17.18,0.0,30.0,80.0,0.005,0.1,0.15,0.0,mad_only
E2fPGGZgp-M,26,17.830000000000002,0.0,30.0,80.0,0.005,0.1,0.15,0.0,mad_only
E2fPGGZgp-M,27,18.46,0.0,30.0,80.0,0.005,0.1,0.15,0.0,mad_only
E2fPGGZgp-M,28,19.095,0.0,30.0,80.0,0.005,0.1,0.15,0.0,mad_only
E2fPGGZgp-M,29,19.725,0.0,30.0,80.0,0.005,0.1,0.15,0.0,mad_only
E2fPGGZgp-M,30,20.36,0.0,30.0,80.0,0.005,0.1,0.15,0.0,mad_only
E2fPGGZgp-M,31,20.990000000000002,0.0,30.0,80.0,0.005,0.1,0.15,0.0,mad_only
E2fPGGZgp-M,32,21.64,0.0,30.0,80.0,0.005,0.1,0.15,0.0,mad_only
E2fPGGZgp-M,33,22.255,0.0,30.0,80.0,0.005,0.1,0.15,0.0,mad_only
E2fPGGZgp-M,34,22.885,0.0,30.0,80.0,0.005,0.1,0.15,0.0,mad_only
E2fPGGZgp-M,35,23.51,0.0,30.0,80.0,0.005,0.1,0.15,0.0,mad_only
E2fPGGZgp-M,36,24.150000000000002,0.0,30.0,80.0,0.005,0.1,0.15,0.0,mad_only
E2fPGGZgp-M,37,24.775000000000002,0.0,30.0,80.0,0.005,0.1,0.15,0.0,mad_only
E2fPGGZgp-M,38,25.405,0.0,30.0,80.0,0.005,0.1,0.15,0.0,mad_only
E2fPGGZgp-M,39,26.03,0.0,30.0,80.0,0.005,0.1,0.15,0.0,mad_only
E2fPGGZgp-M,40,26.68,0.0,30.0,80.0,0.005,0.1,0.15,0.0,mad_only
E2fPGGZgp-M,41,27.310000000000002,0.0,30.0,80.0,0.005,0.1,0.15,0.0,mad_only
E2fPGGZgp-M,42,27.935000000000002,0.0,30.0,80.0,0.005,0.1,0.15,0.0,mad_only
E2fPGGZgp-M,43,28.57,0.0,30.0,80.0,0.005,0.1,0.15,0.0,mad_only
E2fPGGZgp-M,44,29.195,0.0,30.0,80.0,0.005,0.1,0.15,0.0,mad_only
E2fPGGZgp-M,45,29.815,0.0,30.0,80.0,0.005,0.1,0.15,0.0,mad_only
E3bbJ3GMi48,0,1.25,0.0,30.0,80.0,0.005,0.1,0.15,0.0,mad_only
E3bbJ3GMi48,1,1.82,0.0,30.0,80.0,0.005,0.1,0.15,0.0,mad_only
E3bbJ3GMi48,2,2.47,0.0,30.0,80.0,0.005,0.1,0.15,0.0,mad_only
E3bbJ3GMi48,3,3.1,0.0,30.0,80.0,0.005,0.1,0.15,0.0,mad_only
E3bbJ3GMi48,4,3.7,0.0,30.0,80.0,0.005,0.1,0.15,0.0,mad_only
E3bbJ3GMi48,5,4.36,0.0,30.0,80.0,0.005,0.1,0.15,0.0,mad_only
E3bbJ3GMi48,6,4.92,0.0,30.0,80.0,0.005,0.1,0.15,0.0,mad_only
E3bbJ3GMi48,7,5.525,0.0,30.0,80.0,0.005,0.1,0.15,0.0,mad_only
E3bbJ3GMi48,8,6.165,0.0,30.0,80.0,0.005,0.1,0.15,0.0,mad_only
E3bbJ3GMi48,9,6.755,0.0,30.0,80.0,0.005,0.1,0.15,0.0,mad_only
E3bbJ3GMi48,10,7.315,0.0,30.0,80.0,0.005,0.1,0.15,0.0,mad_only
E3bbJ3GMi48,11,8.56,0.0,30.0,80.0,0.005,0.1,0.15,0.0,mad_only
E3bbJ3GMi48,12,9.125,0.0,30.0,80.0,0.005,0.1,0.15,0.0,mad_only
E3bbJ3GMi48,13,9.76,0.0,30.0,80.0,0.005,0.1,0.15,0.0,mad_only
E3bbJ3GMi48,14,10.38,0.0,30.0,80.0,0.005,0.1,0.15,0.0,mad_only
E3bbJ3GMi48,15,10.98,0.0,30.0,80.0,0.005,0.1,0.15,0.0,mad_only
E3bbJ3GMi48,16,11.59,0.0,30.0,80.0,0.005,0.1,0.15,0.0,mad_only
E3bbJ3GMi48,17,12.195,0.0,30.0,80.0,0.005,0.1,0.15,0.0,mad_only
E3bbJ3GMi48,18,12.8,0.0,30.0,80.0,0.005,0.1,0.15,0.0,mad_only
E3bbJ3GMi48,19,13.41,0.0,30.0,80.0,0.005,0.1,0.15,0.0,mad_only
E3bbJ3GMi48,20,14.005,0.0,30.0,80.0,0.005,0.1,0.15,0.0,mad_only
E3bbJ3GMi48,21,14.625,0.0,30.0,80.0,0.005,0.1,0.15,0.0,mad_only
E3bbJ3GMi48,22,15.245000000000001,0.0,30.0,80.0,0.005,0.1,0.15,0.0,mad_only
E3bbJ3GMi48,23,15.860000000000001,0.0,30.0,80.0,0.005,0.1,0.15,0.0,mad_only
E3bbJ3GMi48,24,16.46,0.0,30.0,80.0,0.005,0.1,0.15,0.0,mad_only
E3bbJ3GMi48,25,17.07,0.0,30.0,80.0,0.005,0.1,0.15,0.0,mad_only
E3bbJ3GMi48,26,17.675,0.0,30.0,80.0,0.005,0.1,0.15,0.0,mad_only
E3bbJ3GMi48,27,18.3,0.0,30.0,80.0,0.005,0.1,0.15,0.0,mad_only
E3bbJ3GMi48,28,18.96,0.0,30.0,80.0,0.005,0.1,0.15,0.0,mad_only
E3bbJ3GMi48,29,19.525000000000002,0.0,30.0,80.0,0.005,0.1,0.15,0.0,mad_only
E3bbJ3GMi48,30,20.14,0.0,30.0,80.0,0.005,0.1,0.15,0.0,mad_only
E3bbJ3GMi48,31,20.455000000000002,0.0,30.0,80.0,0.005,0.1,0.15,0.0,mad_only
E3bbJ3GMi48,32,20.785,0.0,30.0,80.0,0.005,0.1,0.15,0.0,mad_only
E3bbJ3GMi48,33,21.36,0.0,30.0,80.0,0.005,0.1,0.15,0.0,mad_only
E3bbJ3GMi48,34,21.95,0.0,30.0,80.0,0.005,0.1,0.15,0.0,mad_only
E3bbJ3GMi48,35,22.57,0.0,30.0,80.0,0.005,0.1,0.15,0.0,mad_only
E3bbJ3GMi48,36,23.2,0.0,30.0,80.0,0.005,0.1,0.15,0.0,mad_only
E3bbJ3GMi48,37,23.805,0.0,30.0,80.0,0.005,0.1,0.15,0.0,mad_only
E3bbJ3GMi48,38,24.11,0.0,30.0,80.0,0.005,0.1,0.15,0.0,mad_only
E3bbJ3GMi48,39,24.415,0.0,30.0,80.0,0.005,0.1,0.15,0.0,mad_only
E3bbJ3GMi48,40,25.01,0.0,30.0,80.0,0.005,0.1,0.15,0.0,mad_only
E3bbJ3GMi48,41,25.59,0.0,30.0,80.0,0.005,0.1,0.15,0.0,mad_only
E3bbJ3GMi48,42,25.95,0.0,30.0,80.0,0.005,0.1,0.15,0.0,mad_only
E3bbJ3GMi48,43,26.835,0.0,30.0,80.0,0.005,0.1,0.15,0.0,mad_only
E3bbJ3GMi48,44,27.44,0.0,30.0,80.0,0.005,0.1,0.15,0.0,mad_only
E3bbJ3GMi48,45,27.805,0.0,30.0,80.0,0.005,0.1,0.15,0.0,mad_only
E3bbJ3GMi48,46,28.075,0.0,30.0,80.0,0.005,0.1,0.15,0.0,mad_only
E3bbJ3GMi48,47,28.665,0.0,30.0,80.0,0.005,0.1,0.15,0.0,mad_only
E3bbJ3GMi48,48,29.555,0.0,30.0,80.0,0.005,0.1,0.15,0.0,mad_only
E6uudzXoTJo,0,1.095,0.0,30.0,80.0,0.005,0.1,0.15,0.0,mad_only
E6uudzXoTJo,1,1.965,0.0,30.0,80.0,0.005,0.1,0.15,0.0,mad_only
E6uudzXoTJo,2,3.17,0.0,30.0,80.0,0.005,0.1,0.15,0.0,mad_only
E6uudzXoTJo,3,3.8850000000000002,0.0,30.0,80.0,0.005,0.1,0.15,0.0,mad_only
E6uudzXoTJo,4,5.07,0.0,30.0,80.0,0.005,0.1,0.15,0.0,mad_only
E6uudzXoTJo,5,6.015000000000001,0.0,30.0,80.0,0.005,0.1,0.15,0.0,mad_only
E6uudzXoTJo,6,6.99,0.0,30.0,80.0,0.005,0.1,0.15,0.0,mad_only
E6uudzXoTJo,7,7.965,0.0,30.0,80.0,0.005,0.1,0.15,0.0,mad_only
E6uudzXoTJo,8,8.91,0.0,30.0,80.0,0.005,0.1,0.15,0.0,mad_only
E6uudzXoTJo,9,9.395,0.0,30.0,80.0,0.005,0.1,0.15,0.0,mad_only
E6uudzXoTJo,10,9.875,0.0,30.0,80.0,0.005,0.1,0.15,0.0,mad_only
E6uudzXoTJo,11,10.365,0.0,30.0,80.0,0.005,0.1,0.15,0.0,mad_only
E6uudzXoTJo,12,10.84,0.0,30.0,80.0,0.005,0.1,0.15,0.0,mad_only
E6uudzXoTJo,13,11.315,0.0,30.0,80.0,0.005,0.1,0.15,0.0,mad_only
E6uudzXoTJo,14,11.81,0.0,30.0,80.0,0.005,0.1,0.15,0.0,mad_only
E6uudzXoTJo,15,12.255,0.0,30.0,80.0,0.005,0.1,0.15,0.0,mad_only
E6uudzXoTJo,16,12.75,0.0,30.0,80.0,0.005,0.1,0.15,0.0,mad_only
E6uudzXoTJo,17,13.225,0.0,30.0,80.0,0.005,0.1,0.15,0.0,mad_only
E6uudzXoTJo,18,13.700000000000001,0.0,30.0,80.0,0.005,0.1,0.15,0.0,mad_only
E6uudzXoTJo,19,14.195,0.0,30.0,80.0,0.005,0.1,0.15,0.0,mad_only
E6uudzXoTJo,20,14.67,0.0,30.0,80.0,0.005,0.1,0.15,0.0,mad_only
E6uudzXoTJo,21,15.15,0.0,30.0,80.0,0.005,0.1,0.15,0.0,mad_only
E6uudzXoTJo,22,15.63,0.0,30.0,80.0,0.005,0.1,0.15,0.0,mad_only
E6uudzXoTJo,23,16.1,0.0,30.0,80.0,0.005,0.1,0.15,0.0,mad_only
E6uudzXoTJo,24,16.585,0.0,30.0,80.0,0.005,0.1,0.15,0.0,mad_only
E6uudzXoTJo,25,17.080000000000002,0.0,30.0,80.0,0.005,0.1,0.15,0.0,mad_only
E6uudzXoTJo,26,17.55,0.0,30.0,80.0,0.005,0.1,0.15,0.0,mad_only
E6uudzXoTJo,27,18.035,0.0,30.0,80.0,0.005,0.1,0.15,0.0,mad_only
E6uudzXoTJo,28,18.52,0.0,30.0,80.0,0.005,0.1,0.15,0.0,mad_only
E6uudzXoTJo,29,18.995,0.0,30.0,80.0,0.005,0.1,0.15,0.0,mad_only
E6uudzXoTJo,30,19.48,0.0,30.0,80.0,0.005,0.1,0.15,0.0,mad_only
E6uudzXoTJo,31,19.955000000000002,0.0,30.0,80.0,0.005,0.1,0.15,0.0,mad_only
E6uudzXoTJo,32,20.45,0.0,30.0,80.0,0.005,0.1,0.15,0.0,mad_only
E6uudzXoTJo,33,20.935,0.0,30.0,80.0,0.005,0.1,0.15,0.0,mad_only
E6uudzXoTJo,34,21.400000000000002,0.0,30.0,80.0,0.005,0.1,0.15,0.0,mad_only
E6uudzXoTJo,35,21.885,0.0,30.0,80.0,0.005,0.1,0.15,0.0,mad_only
E6uudzXoTJo,36,22.355,0.0,30.0,80.0,0.005,0.1,0.15,0.0,mad_only
E6uudzXoTJo,37,22.845,0.0,30.0,80.0,0.005,0.1,0.15,0.0,mad_only
E6uudzXoTJo,38,23.3,0.0,30.0,80.0,0.005,0.1,0.15,0.0,mad_only
E6uudzXoTJo,39,23.79,0.0,30.0,80.0,0.005,0.1,0.15,0.0,mad_only
E6uudzXoTJo,40,24.265,0.0,30.0,80.0,0.005,0.1,0.15,0.0,mad_only
E6uudzXoTJo,41,24.755,0.0,30.0,80.0,0.005,0.1,0.15,0.0,mad_only
E6uudzXoTJo,42,25.23,0.0,30.0,80.0,0.005,0.1,0.15,0.0,mad_only
E6uudzXoTJo,43,25.715,0.0,30.0,80.0,0.005,0.1,0.15,0.0,mad_only
E6uudzXoTJo,44,26.195,0.0,30.0,80.0,0.005,0.1,0.15,0.0,mad_only
E6uudzXoTJo,45,26.66,0.0,30.0,80.0,0.005,0.1,0.15,0.0,mad_only
E6uudzXoTJo,46,27.150000000000002,0.0,30.0,80.0,0.005,0.1,0.15,0.0,mad_only
E6uudzXoTJo,47,27.635,0.0,30.0,80.0,0.005,0.1,0.15,0.0,mad_only
E6uudzXoTJo,48,28.12,0.0,30.0,80.0,0.005,0.1,0.15,0.0,mad_only
E6uudzXoTJo,49,28.59,0.0,30.0,80.0,0.005,0.1,0.15,0.0,mad_only
E6uudzXoTJo,50,29.07,0.0,30.0,80.0,0.005,0.1,0.15,0.0,mad_only
E6uudzXoTJo,51,29.55,0.0,30.0,80.0,0.005,0.1,0.15,0.0,mad_only
Fwc3x6UOTUw,0,0.675,0.0,30.0,80.0,0.005,0.1,0.15,0.0,mad_only
Fwc3x6UOTUw,1,1.21,0.0,30.0,80.0,0.005,0.1,0.15,0.0,mad_only
Fwc3x6UOTUw,2,1.79,0.0,30.0,80.0,0.005,0.1,0.15,0.0,mad_only
Fwc3x6UOTUw,3,2.33,0.0,30.0,80.0,0.005,0.1,0.15,0.0,mad_only
Fwc3x6UOTUw,4,2.9050000000000002,0.0,30.0,80.0,0.005,0.1,0.15,0.0,mad_only
Fwc3x6UOTUw,5,3.475,0.0,30.0,80.0,0.005,0.1,0.15,0.0,mad_only
Fwc3x6UOTUw,6,4.04,0.0,30.0,80.0,0.005,0.1,0.15,0.0,mad_only
Fwc3x6UOTUw,7,4.33,0.0,30.0,80.0,0.005,0.1,0.15,0.0,mad_only
Fwc3x6UOTUw,8,4.63,0.0,30.0,80.0,0.005,0.1,0.15,0.0,mad_only
Fwc3x6UOTUw,9,5.195,0.0,30.0,80.0,0.005,0.1,0.15,0.0,mad_only
Fwc3x6UOTUw,10,5.7700000000000005,0.0,30.0,80.0,0.005,0.1,0.15,0.0,mad_only
Fwc3x6UOTUw,11,6.04,0.0,30.0,80.0,0.005,0.1,0.15,0.0,mad_only
Fwc3x6UOTUw,12,6.335,0.0,30.0,80.0,0.005,0.1,0.15,0.0,mad_only
Fwc3x6UOTUw,13,6.9,0.0,30.0,80.0,0.005,0.1,0.15,0.0,mad_only
Fwc3x6UOTUw,14,7.2,0.0,30.0,80.0,0.005,0.1,0.15,0.0,mad_only
Fwc3x6UOTUw,15,7.4750000000000005,0.0,30.0,80.0,0.005,0.1,0.15,0.0,mad_only
Fwc3x6UOTUw,16,7.7700000000000005,0.0,30.0,80.0,0.005,0.1,0.15,0.0,mad_only
Fwc3x6UOTUw,17,8.045,0.0,30.0,80.0,0.005,0.1,0.15,0.0,mad_only
Fwc3x6UOTUw,18,8.335,0.0,30.0,80.0,0.005,0.1,0.15,0.0,mad_only
Fwc3x6UOTUw,19,8.615,0.0,30.0,80.0,0.005,0.1,0.15,0.0,mad_only
Fwc3x6UOTUw,20,8.9,0.0,30.0,80.0,0.005,0.1,0.15,0.0,mad_only
Fwc3x6UOTUw,21,9.185,0.0,30.0,80.0,0.005,0.1,0.15,0.0,mad_only
Fwc3x6UOTUw,22,9.46,0.0,30.0,80.0,0.005,0.1,0.15,0.0,mad_only
Fwc3x6UOTUw,23,9.75,0.0,30.0,80.0,0.005,0.1,0.15,0.0,mad_only
Fwc3x6UOTUw,24,10.040000000000001,0.0,30.0,80.0,0.005,0.1,0.15,0.0,mad_only
Fwc3x6UOTUw,25,10.325000000000001,0.0,30.0,80.0,0.005,0.1,0.15,0.0,mad_only
Fwc3x6UOTUw,26,10.620000000000001,0.0,30.0,80.0,0.005,0.1,0.15,0.0,mad_only
Fwc3x6UOTUw,27,10.905,0.0,30.0,80.0,0.005,0.1,0.15,0.0,mad_only
Fwc3x6UOTUw,28,11.18,0.0,30.0,80.0,0.005,0.1,0.15,0.0,mad_only
Fwc3x6UOTUw,29,11.47,0.0,30.0,80.0,0.005,0.1,0.15,0.0,mad_only
Fwc3x6UOTUw,30,11.76,0.0,30.0,80.0,0.005,0.1,0.15,0.0,mad_only
Fwc3x6UOTUw,31,12.040000000000001,0.0,30.0,80.0,0.005,0.1,0.15,0.0,mad_only
Fwc3x6UOTUw,32,12.33,0.0,30.0,80.0,0.005,0.1,0.15,0.0,mad_only
Fwc3x6UOTUw,33,12.61,0.0,30.0,80.0,0.005,0.1,0.15,0.0,mad_only
Fwc3x6UOTUw,34,12.895,0.0,30.0,80.0,0.005,0.1,0.15,0.0,mad_only
Fwc3x6UOTUw,35,13.175,0.0,30.0,80.0,0.005,0.1,0.15,0.0,mad_only
Fwc3x6UOTUw,36,13.465,0.0,30.0,80.0,0.005,0.1,0.15,0.0,mad_only
Fwc3x6UOTUw,37,13.73,0.0,30.0,80.0,0.005,0.1,0.15,0.0,mad_only
Fwc3x6UOTUw,38,14.030000000000001,0.0,30.0,80.0,0.005,0.1,0.15,0.0,mad_only
Fwc3x6UOTUw,39,14.315,0.0,30.0,80.0,0.005,0.1,0.15,0.0,mad_only
Fwc3x6UOTUw,40,14.595,0.0,30.0,80.0,0.005,0.1,0.15,0.0,mad_only
Fwc3x6UOTUw,41,14.885,0.0,30.0,80.0,0.005,0.1,0.15,0.0,mad_only
Fwc3x6UOTUw,42,15.18,0.0,30.0,80.0,0.005,0.1,0.15,0.0,mad_only
Fwc3x6UOTUw,43,15.455,0.0,30.0,80.0,0.005,0.1,0.15,0.0,mad_only
Fwc3x6UOTUw,44,15.745000000000001,0.0,30.0,80.0,0.005,0.1,0.15,0.0,mad_only
Fwc3x6UOTUw,45,16.035,0.0,30.0,80.0,0.005,0.1,0.15,0.0,mad_only
Fwc3x6UOTUw,46,16.32,0.0,30.0,80.0,0.005,0.1,0.15,0.0,mad_only
Fwc3x6UOTUw,47,16.615000000000002,0.0,30.0,80.0,0.005,0.1,0.15,0.0,mad_only
Fwc3x6UOTUw,48,16.9,0.0,30.0,80.0,0.005,0.1,0.15,0.0,mad_only
Fwc3x6UOTUw,49,17.18,0.0,30.0,80.0,0.005,0.1,0.15,0.0,mad_only
Fwc3x6UOTUw,50,17.46,0.0,30.0,80.0,0.005,0.1,0.15,0.0,mad_only
Fwc3x6UOTUw,51,18.035,0.0,30.0,80.0,0.005,0.1,0.15,0.0,mad_only
Fwc3x6UOTUw,52,18.315,0.0,30.0,80.0,0.005,0.1,0.15,0.0,mad_only
Fwc3x6UOTUw,53,18.61,0.0,30.0,80.0,0.005,0.1,0.15,0.0,mad_only
Fwc3x6UOTUw,54,18.88,0.0,30.0,80.0,0.005,0.1,0.15,0.0,mad_only
Fwc3x6UOTUw,55,19.17,0.0,30.0,80.0,0.005,0.1,0.15,0.0,mad_only
Fwc3x6UOTUw,56,19.465,0.0,30.0,80.0,0.005,0.1,0.15,0.0,mad_only
Fwc3x6UOTUw,57,19.740000000000002,0.0,30.0,80.0,0.005,0.1,0.15,0.0,mad_only
Fwc3x6UOTUw,58,20.025000000000002,0.0,30.0,80.0,0.005,0.1,0.15,0.0,mad_only
Fwc3x6UOTUw,59,20.330000000000002,0.0,30.0,80.0,0.005,0.1,0.15,0.0,mad_only
Fwc3x6UOTUw,60,20.615000000000002,0.0,30.0,80.0,0.005,0.1,0.15,0.0,mad_only
Fwc3x6UOTUw,61,20.905,0.0,30.0,80.0,0.005,0.1,0.15,0.0,mad_only
Fwc3x6UOTUw,62,21.455000000000002,0.0,30.0,80.0,0.005,0.1,0.15,0.0,mad_only
Fwc3x6UOTUw,63,21.76,0.0,30.0,80.0,0.005,0.1,0.15,0.0,mad_only
Fwc3x6UOTUw,64,22.025000000000002,0.0,30.0,80.0,0.005,0.1,0.15,0.0,mad_only
Fwc3x6UOTUw,65,22.315,0.0,30.0,80.0,0.005,0.1,0.15,0.0,mad_only
Fwc3x6UOTUw,66,22.6,0.0,30.0,80.0,0.005,0.1,0.15,0.0,mad_only
Fwc3x6UOTUw,67,22.89,0.0,30.0,80.0,0.005,0.1,0.15,0.0,mad_only
Fwc3x6UOTUw,68,23.165,0.0,30.0,80.0,0.005,0.1,0.15,0.0,mad_only
Fwc3x6UOTUw,69,23.44,0.0,30.0,80.0,0.005,0.1,0.15,0.0,mad_only
Fwc3x6UOTUw,70,23.740000000000002,0.0,30.0,80.0,0.005,0.1,0.15,0.0,mad_only
Fwc3x6UOTUw,71,24.035,0.0,30.0,80.0,0.005,0.1,0.15,0.0,mad_only
Fwc3x6UOTUw,72,24.315,0.0,30.0,80.0,0.005,0.1,0.15,0.0,mad_only
Fwc3x6UOTUw,73,24.605,0.0,30.0,80.0,0.005,0.1,0.15,0.0,mad_only
Fwc3x6UOTUw,74,24.900000000000002,0.0,30.0,80.0,0.005,0.1,0.15,0.0,mad_only
Fwc3x6UOTUw,75,25.185000000000002,0.0,30.0,80.0,0.005,0.1,0.15,0.0,mad_only
Fwc3x6UOTUw,76,25.47,0.0,30.0,80.0,0.005,0.1,0.15,0.0,mad_only
Fwc3x6UOTUw,77,25.75,0.0,30.0,80.0,0.005,0.1,0.15,0.0,mad_only
Fwc3x6UOTUw,78,26.04,0.0,30.0,80.0,0.005,0.1,0.15,0.0,mad_only
Fwc3x6UOTUw,79,26.330000000000002,0.0,30.0,80.0,0.005,0.1,0.15,0.0,mad_only
Fwc3x6UOTUw,80,26.605,0.0,30.0,80.0,0.005,0.1,0.15,0.0,mad_only
Fwc3x6UOTUw,81,26.88,0.0,30.0,80.0,0.005,0.1,0.15,0.0,mad_only
Fwc3x6UOTUw,82,27.17,0.0,30.0,80.0,0.005,0.1,0.15,0.0,mad_only
Fwc3x6UOTUw,83,27.46,0.0,30.0,80.0,0.005,0.1,0.15,0.0,mad_only
Fwc3x6UOTUw,84,27.75,0.0,30.0,80.0,0.005,0.1,0.15,0.0,mad_only
Fwc3x6UOTUw,85,28.035,0.0,30.0,80.0,0.005,0.1,0.15,0.0,mad_only
Fwc3x6UOTUw,86,28.325,0.0,30.0,80.0,0.005,0.1,0.15,0.0,mad_only
Fwc3x6UOTUw,87,28.605,0.0,30.0,80.0,0.005,0.1,0.15,0.0,mad_only
Fwc3x6UOTUw,88,28.89,0.0,30.0,80.0,0.005,0.1,0.15,0.0,mad_only
Fwc3x6UOTUw,89,29.175,0.0,30.0,80.0,0.005,0.1,0.15,0.0,mad_only
Fwc3x6UOTUw,90,29.47,0.0,30.0,80.0,0.005,0.1,0.15,0.0,mad_only
Fwc3x6UOTUw,91,29.735,0.0,30.0,80.0,0.005,0.1,0.15,0.0,mad_only
G4WTl1KqSVw,0,2.105,0.0,30.0,80.0,0.005,0.1,0.15,0.0,mad_only
G4WTl1KqSVw,1,3.11,0.0,30.0,80.0,0.005,0.1,0.15,0.0,mad_only
G4WTl1KqSVw,2,3.615,0.0,30.0,80.0,0.005,0.1,0.15,0.0,mad_only
G4WTl1KqSVw,3,4.115,0.0,30.0,80.0,0.005,0.1,0.15,0.0,mad_only
G4WTl1KqSVw,4,5.09,0.0,30.0,80.0,0.005,0.1,0.15,0.0,mad_only
G4WTl1KqSVw,5,6.09,0.0,30.0,80.0,0.005,0.1,0.15,0.0,mad_only
G4WTl1KqSVw,6,6.62,0.0,30.0,80.0,0.005,0.1,0.15,0.0,mad_only
G4WTl1KqSVw,7,7.11,0.0,30.0,80.0,0.005,0.1,0.15,0.0,mad_only
G4WTl1KqSVw,8,8.11,0.0,30.0,80.0,0.005,0.1,0.15,0.0,mad_only
G4WTl1KqSVw,9,8.625,0.0,30.0,80.0,0.005,0.1,0.15,0.0,mad_only
G4WTl1KqSVw,10,9.105,0.0,30.0,80.0,0.005,0.1,0.15,0.0,mad_only
G4WTl1KqSVw,11,10.1,0.0,30.0,80.0,0.005,0.1,0.15,0.0,mad_only
G4WTl1KqSVw,12,11.09,0.0,30.0,80.0,0.005,0.1,0.15,0.0,mad_only
G4WTl1KqSVw,13,12.1,0.0,30.0,80.0,0.005,0.1,0.15,0.0,mad_only
G4WTl1KqSVw,14,13.1,0.0,30.0,80.0,0.005,0.1,0.15,0.0,mad_only
G4WTl1KqSVw,15,13.61,0.0,30.0,80.0,0.005,0.1,0.15,0.0,mad_only
G4WTl1KqSVw,16,14.105,0.0,30.0,80.0,0.005,0.1,0.15,0.0,mad_only
G4WTl1KqSVw,17,15.11,0.0,30.0,80.0,0.005,0.1,0.15,0.0,mad_only
G4WTl1KqSVw,18,16.125,0.0,30.0,80.0,0.005,0.1,0.15,0.0,mad_only
G4WTl1KqSVw,19,17.095,0.0,30.0,80.0,0.005,0.1,0.15,0.0,mad_only
G4WTl1KqSVw,20,18.075,0.0,30.0,80.0,0.005,0.1,0.15,0.0,mad_only
G4WTl1KqSVw,21,18.6,0.0,30.0,80.0,0.005,0.1,0.15,0.0,mad_only
G4WTl1KqSVw,22,19.09,0.0,30.0,80.0,0.005,0.1,0.15,0.0,mad_only
G4WTl1KqSVw,23,20.1,0.0,30.0,80.0,0.005,0.1,0.15,0.0,mad_only
G4WTl1KqSVw,24,21.07,0.0,30.0,80.0,0.005,0.1,0.15,0.0,mad_only
G4WTl1KqSVw,25,22.095,0.0,30.0,80.0,0.005,0.1,0.15,0.0,mad_only
G4WTl1KqSVw,26,22.615000000000002,0.0,30.0,80.0,0.005,0.1,0.15,0.0,mad_only
G4WTl1KqSVw,27,23.11,0.0,30.0,80.0,0.005,0.1,0.15,0.0,mad_only
G4WTl1KqSVw,28,23.605,0.0,30.0,80.0,0.005,0.1,0.15,0.0,mad_only
G4WTl1KqSVw,29,24.1,0.0,30.0,80.0,0.005,0.1,0.15,0.0,mad_only
G4WTl1KqSVw,30,25.105,0.0,30.0,80.0,0.005,0.1,0.15,0.0,mad_only
G4WTl1KqSVw,31,26.085,0.0,30.0,80.0,0.005,0.1,0.15,0.0,mad_only
G4WTl1KqSVw,32,27.09,0.0,30.0,80.0,0.005,0.1,0.15,0.0,mad_only
G4WTl1KqSVw,33,27.6,0.0,30.0,80.0,0.005,0.1,0.15,0.0,mad_only
G4WTl1KqSVw,34,28.095,0.0,30.0,80.0,0.005,0.1,0.15,0.0,mad_only
G4WTl1KqSVw,35,29.1,0.0,30.0,80.0,0.005,0.1,0.15,0.0,mad_only
G4WTl1KqSVw,36,29.62,0.0,30.0,80.0,0.005,0.1,0.15,0.0,mad_only
G7lUD3Bz-wY,0,1.5150000000000001,0.0,30.0,80.0,0.005,0.1,0.15,0.0,mad_only
G7lUD3Bz-wY,1,2.19,0.0,30.0,80.0,0.005,0.1,0.15,0.0,mad_only
G7lUD3Bz-wY,2,2.865,0.0,30.0,80.0,0.005,0.1,0.15,0.0,mad_only
G7lUD3Bz-wY,3,3.525,0.0,30.0,80.0,0.005,0.1,0.15,0.0,mad_only
G7lUD3Bz-wY,4,4.195,0.0,30.0,80.0,0.005,0.1,0.15,0.0,mad_only
G7lUD3Bz-wY,5,4.885,0.0,30.0,80.0,0.005,0.1,0.15,0.0,mad_only
G7lUD3Bz-wY,6,5.565,0.0,30.0,80.0,0.005,0.1,0.15,0.0,mad_only
G7lUD3Bz-wY,7,6.23,0.0,30.0,80.0,0.005,0.1,0.15,0.0,mad_only
G7lUD3Bz-wY,8,6.915,0.0,30.0,80.0,0.005,0.1,0.15,0.0,mad_only
G7lUD3Bz-wY,9,7.6000000000000005,0.0,30.0,80.0,0.005,0.1,0.15,0.0,mad_only
G7lUD3Bz-wY,10,8.290000000000001,0.0,30.0,80.0,0.005,0.1,0.15,0.0,mad_only
G7lUD3Bz-wY,11,8.950000000000001,0.0,30.0,80.0,0.005,0.1,0.15,0.0,mad_only
G7lUD3Bz-wY,12,9.65,0.0,30.0,80.0,0.005,0.1,0.15,0.0,mad_only
G7lUD3Bz-wY,13,10.315,0.0,30.0,80.0,0.005,0.1,0.15,0.0,mad_only
G7lUD3Bz-wY,14,10.985,0.0,30.0,80.0,0.005,0.1,0.15,0.0,mad_only
G7lUD3Bz-wY,15,11.68,0.0,30.0,80.0,0.005,0.1,0.15,0.0,mad_only
G7lUD3Bz-wY,16,12.36,0.0,30.0,80.0,0.005,0.1,0.15,0.0,mad_only
G7lUD3Bz-wY,17,13.05,0.0,30.0,80.0,0.005,0.1,0.15,0.0,mad_only
G7lUD3Bz-wY,18,13.71,0.0,30.0,80.0,0.005,0.1,0.15,0.0,mad_only
G7lUD3Bz-wY,19,14.4,0.0,30.0,80.0,0.005,0.1,0.15,0.0,mad_only
G7lUD3Bz-wY,20,15.095,0.0,30.0,80.0,0.005,0.1,0.15,0.0,mad_only
G7lUD3Bz-wY,21,15.76,0.0,30.0,80.0,0.005,0.1,0.15,0.0,mad_only
G7lUD3Bz-wY,22,16.45,0.0,30.0,80.0,0.005,0.1,0.15,0.0,mad_only
G7lUD3Bz-wY,23,17.14,0.0,30.0,80.0,0.005,0.1,0.15,0.0,mad_only
G7lUD3Bz-wY,24,17.815,0.0,30.0,80.0,0.005,0.1,0.15,0.0,mad_only
G7lUD3Bz-wY,25,18.490000000000002,0.0,30.0,80.0,0.005,0.1,0.15,0.0,mad_only
G7lUD3Bz-wY,26,19.18,0.0,30.0,80.0,0.005,0.1,0.15,0.0,mad_only
G7lUD3Bz-wY,27,19.855,0.0,30.0,80.0,0.005,0.1,0.15,0.0,mad_only
G7lUD3Bz-wY,28,20.545,0.0,30.0,80.0,0.005,0.1,0.15,0.0,mad_only
G7lUD3Bz-wY,29,21.225,0.0,30.0,80.0,0.005,0.1,0.15,0.0,mad_only
G7lUD3Bz-wY,30,21.905,0.0,30.0,80.0,0.005,0.1,0.15,0.0,mad_only
G7lUD3Bz-wY,31,22.59,0.0,30.0,80.0,0.005,0.1,0.15,0.0,mad_only
G7lUD3Bz-wY,32,23.275000000000002,0.0,30.0,80.0,0.005,0.1,0.15,0.0,mad_only
G7lUD3Bz-wY,33,23.955000000000002,0.0,30.0,80.0,0.005,0.1,0.15,0.0,mad_only
G7lUD3Bz-wY,34,24.64,0.0,30.0,80.0,0.005,0.1,0.15,0.0,mad_only
G7lUD3Bz-wY,35,25.335,0.0,30.0,80.0,0.005,0.1,0.15,0.0,mad_only
G7lUD3Bz-wY,36,26.01,0.0,30.0,80.0,0.005,0.1,0.15,0.0,mad_only
G7lUD3Bz-wY,37,26.68,0.0,30.0,80.0,0.005,0.1,0.15,0.0,mad_only
G7lUD3Bz-wY,38,27.36,0.0,30.0,80.0,0.005,0.1,0.15,0.0,mad_only
G7lUD3Bz-wY,39,28.03,0.0,30.0,80.0,0.005,0.1,0.15,0.0,mad_only
G7lUD3Bz-wY,40,28.71,0.0,30.0,80.0,0.005,0.1,0.15,0.0,mad_only
G7lUD3Bz-wY,41,29.39,0.0,30.0,80.0,0.005,0.1,0.15,0.0,mad_only
GC5E8ie2pdM,0,0.745,0.0,30.0,80.0,0.005,0.1,0.15,0.0,mad_only
GC5E8ie2pdM,1,1.26,0.0,30.0,80.0,0.005,0.1,0.15,0.0,mad_only
GC5E8ie2pdM,2,1.845,0.0,30.0,80.0,0.005,0.1,0.15,0.0,mad_only
GC5E8ie2pdM,3,2.415,0.0,30.0,80.0,0.005,0.1,0.15,0.0,mad_only
GC5E8ie2pdM,4,2.995,0.0,30.0,80.0,0.005,0.1,0.15,0.0,mad_only
GC5E8ie2pdM,5,3.565,0.0,30.0,80.0,0.005,0.1,0.15,0.0,mad_only
GC5E8ie2pdM,6,4.1450000000000005,0.0,30.0,80.0,0.005,0.1,0.15,0.0,mad_only
GC5E8ie2pdM,7,4.71,0.0,30.0,80.0,0.005,0.1,0.15,0.0,mad_only
GC5E8ie2pdM,8,5.295,0.0,30.0,80.0,0.005,0.1,0.15,0.0,mad_only
GC5E8ie2pdM,9,5.875,0.0,30.0,80.0,0.005,0.1,0.15,0.0,mad_only
GC5E8ie2pdM,10,6.455,0.0,30.0,80.0,0.005,0.1,0.15,0.0,mad_only
GC5E8ie2pdM,11,7.025,0.0,30.0,80.0,0.005,0.1,0.15,0.0,mad_only
GC5E8ie2pdM,12,7.61,0.0,30.0,80.0,0.005,0.1,0.15,0.0,mad_only
GC5E8ie2pdM,13,8.195,0.0,30.0,80.0,0.005,0.1,0.15,0.0,mad_only
GC5E8ie2pdM,14,8.775,0.0,30.0,80.0,0.005,0.1,0.15,0.0,mad_only
GC5E8ie2pdM,15,9.345,0.0,30.0,80.0,0.005,0.1,0.15,0.0,mad_only
GC5E8ie2pdM,16,9.915000000000001,0.0,30.0,80.0,0.005,0.1,0.15,0.0,mad_only
GC5E8ie2pdM,17,10.49,0.0,30.0,80.0,0.005,0.1,0.15,0.0,mad_only
GC5E8ie2pdM,18,11.065,0.0,30.0,80.0,0.005,0.1,0.15,0.0,mad_only
GC5E8ie2pdM,19,11.65,0.0,30.0,80.0,0.005,0.1,0.15,0.0,mad_only
GC5E8ie2pdM,20,12.225,0.0,30.0,80.0,0.005,0.1,0.15,0.0,mad_only
GC5E8ie2pdM,21,12.81,0.0,30.0,80.0,0.005,0.1,0.15,0.0,mad_only
GC5E8ie2pdM,22,13.385,0.0,30.0,80.0,0.005,0.1,0.15,0.0,mad_only
GC5E8ie2pdM,23,13.97,0.0,30.0,80.0,0.005,0.1,0.15,0.0,mad_only
GC5E8ie2pdM,24,14.545,0.0,30.0,80.0,0.005,0.1,0.15,0.0,mad_only
GC5E8ie2pdM,25,15.120000000000001,0.0,30.0,80.0,0.005,0.1,0.15,0.0,mad_only
GC5E8ie2pdM,26,15.700000000000001,0.0,30.0,80.0,0.005,0.1,0.15,0.0,mad_only
GC5E8ie2pdM,27,16.28,0.0,30.0,80.0,0.005,0.1,0.15,0.0,mad_only
GC5E8ie2pdM,28,16.865000000000002,0.0,30.0,80.0,0.005,0.1,0.15,0.0,mad_only
GC5E8ie2pdM,29,17.445,0.0,30.0,80.0,0.005,0.1,0.15,0.0,mad_only
GC5E8ie2pdM,30,18.025000000000002,0.0,30.0,80.0,0.005,0.1,0.15,0.0,mad_only
GC5E8ie2pdM,31,18.605,0.0,30.0,80.0,0.005,0.1,0.15,0.0,mad_only
GC5E8ie2pdM,32,19.185,0.0,30.0,80.0,0.005,0.1,0.15,0.0,mad_only
GC5E8ie2pdM,33,19.765,0.0,30.0,80.0,0.005,0.1,0.15,0.0,mad_only
GC5E8ie2pdM,34,20.335,0.0,30.0,80.0,0.005,0.1,0.15,0.0,mad_only
GC5E8ie2pdM,35,20.91,0.0,30.0,80.0,0.005,0.1,0.15,0.0,mad_only
GC5E8ie2pdM,36,21.485,0.0,30.0,80.0,0.005,0.1,0.15,0.0,mad_only
GC5E8ie2pdM,37,22.055,0.0,30.0,80.0,0.005,0.1,0.15,0.0,mad_only
GC5E8ie2pdM,38,22.63,0.0,30.0,80.0,0.005,0.1,0.15,0.0,mad_only
GC5E8ie2pdM,39,23.22,0.0,30.0,80.0,0.005,0.1,0.15,0.0,mad_only
GC5E8ie2pdM,40,23.8,0.0,30.0,80.0,0.005,0.1,0.15,0.0,mad_only
GC5E8ie2pdM,41,24.385,0.0,30.0,80.0,0.005,0.1,0.15,0.0,mad_only
GC5E8ie2pdM,42,24.965,0.0,30.0,80.0,0.005,0.1,0.15,0.0,mad_only
GC5E8ie2pdM,43,25.53,0.0,30.0,80.0,0.005,0.1,0.15,0.0,mad_only
GC5E8ie2pdM,44,26.105,0.0,30.0,80.0,0.005,0.1,0.15,0.0,mad_only
GC5E8ie2pdM,45,26.685000000000002,0.0,30.0,80.0,0.005,0.1,0.15,0.0,mad_only
GC5E8ie2pdM,46,27.27,0.0,30.0,80.0,0.005,0.1,0.15,0.0,mad_only
GC5E8ie2pdM,47,27.845,0.0,30.0,80.0,0.005,0.1,0.15,0.0,mad_only
GC5E8ie2pdM,48,28.42,0.0,30.0,80.0,0.005,0.1,0.15,0.0,mad_only
GC5E8ie2pdM,49,29.005,0.0,30.0,80.0,0.005,0.1,0.15,0.0,mad_only
GC5E8ie2pdM,50,29.59,0.0,30.0,80.0,0.005,0.1,0.15,0.0,mad_only
Gp_CtNDepiI,0,0.92,0.0,30.0,80.0,0.005,0.1,0.15,0.0,mad_only
Gp_CtNDepiI,1,1.5250000000000001,0.0,30.0,80.0,0.005,0.1,0.15,0.0,mad_only
Gp_CtNDepiI,2,1.865,0.0,30.0,80.0,0.005,0.1,0.15,0.0,mad_only
Gp_CtNDepiI,3,2.185,0.0,30.0,80.0,0.005,0.1,0.15,0.0,mad_only
Gp_CtNDepiI,4,2.835,0.0,30.0,80.0,0.005,0.1,0.15,0.0,mad_only
Gp_CtNDepiI,5,3.185,0.0,30.0,80.0,0.005,0.1,0.15,0.0,mad_only
Gp_CtNDepiI,6,3.515,0.0,30.0,80.0,0.005,0.1,0.15,0.0,mad_only
Gp_CtNDepiI,7,3.84,0.0,30.0,80.0,0.005,0.1,0.15,0.0,mad_only
Gp_CtNDepiI,8,4.175,0.0,30.0,80.0,0.005,0.1,0.15,0.0,mad_only
Gp_CtNDepiI,9,4.5200000000000005,0.0,30.0,80.0,0.005,0.1,0.15,0.0,mad_only
Gp_CtNDepiI,10,4.845,0.0,30.0,80.0,0.005,0.1,0.15,0.0,mad_only
Gp_CtNDepiI,11,5.16,0.0,30.0,80.0,0.005,0.1,0.15,0.0,mad_only
Gp_CtNDepiI,12,5.515,0.0,30.0,80.0,0.005,0.1,0.15,0.0,mad_only
Gp_CtNDepiI,13,5.865,0.0,30.0,80.0,0.005,0.1,0.15,0.0,mad_only
Gp_CtNDepiI,14,6.195,0.0,30.0,80.0,0.005,0.1,0.15,0.0,mad_only
Gp_CtNDepiI,15,6.515000000000001,0.0,30.0,80.0,0.005,0.1,0.15,0.0,mad_only
Gp_CtNDepiI,16,6.845,0.0,30.0,80.0,0.005,0.1,0.15,0.0,mad_only
Gp_CtNDepiI,17,7.2,0.0,30.0,80.0,0.005,0.1,0.15,0.0,mad_only
Gp_CtNDepiI,18,7.525,0.0,30.0,80.0,0.005,0.1,0.15,0.0,mad_only
Gp_CtNDepiI,19,7.8500000000000005,0.0,30.0,80.0,0.005,0.1,0.15,0.0,mad_only
Gp_CtNDepiI,20,8.17,0.0,30.0,80.0,0.005,0.1,0.15,0.0,mad_only
Gp_CtNDepiI,21,8.51,0.0,30.0,80.0,0.005,0.1,0.15,0.0,mad_only
Gp_CtNDepiI,22,8.845,0.0,30.0,80.0,0.005,0.1,0.15,0.0,mad_only
Gp_CtNDepiI,23,9.175,0.0,30.0,80.0,0.005,0.1,0.15,0.0,mad_only
Gp_CtNDepiI,24,9.505,0.0,30.0,80.0,0.005,0.1,0.15,0.0,mad_only
Gp_CtNDepiI,25,9.845,0.0,30.0,80.0,0.005,0.1,0.15,0.0,mad_only
Gp_CtNDepiI,26,10.17,0.0,30.0,80.0,0.005,0.1,0.15,0.0,mad_only
Gp_CtNDepiI,27,10.505,0.0,30.0,80.0,0.005,0.1,0.15,0.0,mad_only
Gp_CtNDepiI,28,10.84,0.0,30.0,80.0,0.005,0.1,0.15,0.0,mad_only
Gp_CtNDepiI,29,11.185,0.0,30.0,80.0,0.005,0.1,0.15,0.0,mad_only
Gp_CtNDepiI,30,11.515,0.0,30.0,80.0,0.005,0.1,0.15,0.0,mad_only
Gp_CtNDepiI,31,11.845,0.0,30.0,80.0,0.005,0.1,0.15,0.0,mad_only
Gp_CtNDepiI,32,12.175,0.0,30.0,80.0,0.005,0.1,0.15,0.0,mad_only
Gp_CtNDepiI,33,12.505,0.0,30.0,80.0,0.005,0.1,0.15,0.0,mad_only
Gp_CtNDepiI,34,12.84,0.0,30.0,80.0,0.005,0.1,0.15,0.0,mad_only
Gp_CtNDepiI,35,13.175,0.0,30.0,80.0,0.005,0.1,0.15,0.0,mad_only
Gp_CtNDepiI,36,13.5,0.0,30.0,80.0,0.005,0.1,0.15,0.0,mad_only
Gp_CtNDepiI,37,13.845,0.0,30.0,80.0,0.005,0.1,0.15,0.0,mad_only
Gp_CtNDepiI,38,14.17,0.0,30.0,80.0,0.005,0.1,0.15,0.0,mad_only
Gp_CtNDepiI,39,14.505,0.0,30.0,80.0,0.005,0.1,0.15,0.0,mad_only
Gp_CtNDepiI,40,14.835,0.0,30.0,80.0,0.005,0.1,0.15,0.0,mad_only
Gp_CtNDepiI,41,15.175,0.0,30.0,80.0,0.005,0.1,0.15,0.0,mad_only
Gp_CtNDepiI,42,15.52,0.0,30.0,80.0,0.005,0.1,0.15,0.0,mad_only
Gp_CtNDepiI,43,15.85,0.0,30.0,80.0,0.005,0.1,0.15,0.0,mad_only
Gp_CtNDepiI,44,16.17,0.0,30.0,80.0,0.005,0.1,0.15,0.0,mad_only
Gp_CtNDepiI,45,16.515,0.0,30.0,80.0,0.005,0.1,0.15,0.0,mad_only
Gp_CtNDepiI,46,16.85,0.0,30.0,80.0,0.005,0.1,0.15,0.0,mad_only
Gp_CtNDepiI,47,17.185,0.0,30.0,80.0,0.005,0.1,0.15,0.0,mad_only
Gp_CtNDepiI,48,17.51,0.0,30.0,80.0,0.005,0.1,0.15,0.0,mad_only
Gp_CtNDepiI,49,17.855,0.0,30.0,80.0,0.005,0.1,0.15,0.0,mad_only
Gp_CtNDepiI,50,18.18,0.0,30.0,80.0,0.005,0.1,0.15,0.0,mad_only
Gp_CtNDepiI,51,18.515,0.0,30.0,80.0,0.005,0.1,0.15,0.0,mad_only
Gp_CtNDepiI,52,18.84,0.0,30.0,80.0,0.005,0.1,0.15,0.0,mad_only
Gp_CtNDepiI,53,19.19,0.0,30.0,80.0,0.005,0.1,0.15,0.0,mad_only
Gp_CtNDepiI,54,19.515,0.0,30.0,80.0,0.005,0.1,0.15,0.0,mad_only
Gp_CtNDepiI,55,19.845,0.0,30.0,80.0,0.005,0.1,0.15,0.0,mad_only
Gp_CtNDepiI,56,20.175,0.0,30.0,80.0,0.005,0.1,0.15,0.0,mad_only
Gp_CtNDepiI,57,20.51,0.0,30.0,80.0,0.005,0.1,0.15,0.0,mad_only
Gp_CtNDepiI,58,20.85,0.0,30.0,80.0,0.005,0.1,0.15,0.0,mad_only
Gp_CtNDepiI,59,21.175,0.0,30.0,80.0,0.005,0.1,0.15,0.0,mad_only
Gp_CtNDepiI,60,21.515,0.0,30.0,80.0,0.005,0.1,0.15,0.0,mad_only
Gp_CtNDepiI,61,21.855,0.0,30.0,80.0,0.005,0.1,0.15,0.0,mad_only
Gp_CtNDepiI,62,22.195,0.0,30.0,80.0,0.005,0.1,0.15,0.0,mad_only
Gp_CtNDepiI,63,22.525000000000002,0.0,30.0,80.0,0.005,0.1,0.15,0.0,mad_only
Gp_CtNDepiI,64,22.85,0.0,30.0,80.0,0.005,0.1,0.15,0.0,mad_only
Gp_CtNDepiI,65,23.185,0.0,30.0,80.0,0.005,0.1,0.15,0.0,mad_only
Gp_CtNDepiI,66,23.51,0.0,30.0,80.0,0.005,0.1,0.15,0.0,mad_only
Gp_CtNDepiI,67,23.845,0.0,30.0,80.0,0.005,0.1,0.15,0.0,mad_only
Gp_CtNDepiI,68,24.17,0.0,30.0,80.0,0.005,0.1,0.15,0.0,mad_only
Gp_CtNDepiI,69,24.51,0.0,30.0,80.0,0.005,0.1,0.15,0.0,mad_only
Gp_CtNDepiI,70,24.85,0.0,30.0,80.0,0.005,0.1,0.15,0.0,mad_only
Gp_CtNDepiI,71,25.18,0.0,30.0,80.0,0.005,0.1,0.15,0.0,mad_only
Gp_CtNDepiI,72,25.51,0.0,30.0,80.0,0.005,0.1,0.15,0.0,mad_only
Gp_CtNDepiI,73,25.835,0.0,30.0,80.0,0.005,0.1,0.15,0.0,mad_only
Gp_CtNDepiI,74,26.18,0.0,30.0,80.0,0.005,0.1,0.15,0.0,mad_only
Gp_CtNDepiI,75,26.515,0.0,30.0,80.0,0.005,0.1,0.15,0.0,mad_only
Gp_CtNDepiI,76,26.835,0.0,30.0,80.0,0.005,0.1,0.15,0.0,mad_only
Gp_CtNDepiI,77,27.175,0.0,30.0,80.0,0.005,0.1,0.15,0.0,mad_only
Gp_CtNDepiI,78,27.515,0.0,30.0,80.0,0.005,0.1,0.15,0.0,mad_only
Gp_CtNDepiI,79,27.835,0.0,30.0,80.0,0.005,0.1,0.15,0.0,mad_only
Gp_CtNDepiI,80,28.18,0.0,30.0,80.0,0.005,0.1,0.15,0.0,mad_only
Gp_CtNDepiI,81,28.52,0.0,30.0,80.0,0.005,0.1,0.15,0.0,mad_only
Gp_CtNDepiI,82,28.85,0.0,30.0,80.0,0.005,0.1,0.15,0.0,mad_only
Gp_CtNDepiI,83,29.18,0.0,30.0,80.0,0.005,0.1,0.15,0.0,mad_only
Gp_CtNDepiI,84,29.51,0.0,30.0,80.0,0.005,0.1,0.15,0.0,mad_only
Gp_CtNDepiI,85,29.85,0.0,30.0,80.0,0.005,0.1,0.15,0.0,mad_only
HyIEZPubbEk,0,0.81,0.0,30.0,80.0,0.005,0.1,0.15,0.0,mad_only
HyIEZPubbEk,1,1.165,0.0,30.0,80.0,0.005,0.1,0.15,0.0,mad_only
HyIEZPubbEk,2,1.77,0.0,30.0,80.0,0.005,0.1,0.15,0.0,mad_only
HyIEZPubbEk,3,2.445,0.0,30.0,80.0,0.005,0.1,0.15,0.0,mad_only
HyIEZPubbEk,4,3.14,0.0,30.0,80.0,0.005,0.1,0.15,0.0,mad_only
HyIEZPubbEk,5,3.765,0.0,30.0,80.0,0.005,0.1,0.15,0.0,mad_only
HyIEZPubbEk,6,4.42,0.0,30.0,80.0,0.005,0.1,0.15,0.0,mad_only
HyIEZPubbEk,7,4.755,0.0,30.0,80.0,0.005,0.1,0.15,0.0,mad_only
HyIEZPubbEk,8,5.095,0.0,30.0,80.0,0.005,0.1,0.15,0.0,mad_only
HyIEZPubbEk,9,5.7700000000000005,0.0,30.0,80.0,0.005,0.1,0.15,0.0,mad_only
HyIEZPubbEk,10,6.415,0.0,30.0,80.0,0.005,0.1,0.15,0.0,mad_only
HyIEZPubbEk,11,7.095,0.0,30.0,80.0,0.005,0.1,0.15,0.0,mad_only
HyIEZPubbEk,12,7.75,0.0,30.0,80.0,0.005,0.1,0.15,0.0,mad_only
HyIEZPubbEk,13,8.435,0.0,30.0,80.0,0.005,0.1,0.15,0.0,mad_only
HyIEZPubbEk,14,9.1,0.0,30.0,80.0,0.005,0.1,0.15,0.0,mad_only
HyIEZPubbEk,15,9.76,0.0,30.0,80.0,0.005,0.1,0.15,0.0,mad_only
HyIEZPubbEk,16,10.09,0.0,30.0,80.0,0.005,0.1,0.15,0.0,mad_only
HyIEZPubbEk,17,10.435,0.0,30.0,80.0,0.005,0.1,0.15,0.0,mad_only
HyIEZPubbEk,18,11.105,0.0,30.0,80.0,0.005,0.1,0.15,0.0,mad_only
HyIEZPubbEk,19,11.785,0.0,30.0,80.0,0.005,0.1,0.15,0.0,mad_only
HyIEZPubbEk,20,12.445,0.0,30.0,80.0,0.005,0.1,0.15,0.0,mad_only
HyIEZPubbEk,21,13.095,0.0,30.0,80.0,0.005,0.1,0.15,0.0,mad_only
HyIEZPubbEk,22,13.765,0.0,30.0,80.0,0.005,0.1,0.15,0.0,mad_only
HyIEZPubbEk,23,14.445,0.0,30.0,80.0,0.005,0.1,0.15,0.0,mad_only
HyIEZPubbEk,24,15.120000000000001,0.0,30.0,80.0,0.005,0.1,0.15,0.0,mad_only
HyIEZPubbEk,25,15.425,0.0,30.0,80.0,0.005,0.1,0.15,0.0,mad_only
HyIEZPubbEk,26,15.765,0.0,30.0,80.0,0.005,0.1,0.15,0.0,mad_only
HyIEZPubbEk,27,16.44,0.0,30.0,80.0,0.005,0.1,0.15,0.0,mad_only
HyIEZPubbEk,28,17.115000000000002,0.0,30.0,80.0,0.005,0.1,0.15,0.0,mad_only
HyIEZPubbEk,29,17.78,0.0,30.0,80.0,0.005,0.1,0.15,0.0,mad_only
HyIEZPubbEk,30,18.11,0.0,30.0,80.0,0.005,0.1,0.15,0.0,mad_only
HyIEZPubbEk,31,18.435,0.0,30.0,80.0,0.005,0.1,0.15,0.0,mad_only
HyIEZPubbEk,32,18.765,0.0,30.0,80.0,0.005,0.1,0.15,0.0,mad_only
HyIEZPubbEk,33,19.095,0.0,30.0,80.0,0.005,0.1,0.15,0.0,mad_only
HyIEZPubbEk,34,19.75,0.0,30.0,80.0,0.005,0.1,0.15,0.0,mad_only
HyIEZPubbEk,35,20.1,0.0,30.0,80.0,0.005,0.1,0.15,0.0,mad_only
HyIEZPubbEk,36,20.44,0.0,30.0,80.0,0.005,0.1,0.15,0.0,mad_only
HyIEZPubbEk,37,20.77,0.0,30.0,80.0,0.005,0.1,0.15,0.0,mad_only
HyIEZPubbEk,38,21.1,0.0,30.0,80.0,0.005,0.1,0.15,0.0,mad_only
HyIEZPubbEk,39,21.425,0.0,30.0,80.0,0.005,0.1,0.15,0.0,mad_only
HyIEZPubbEk,40,21.775000000000002,0.0,30.0,80.0,0.005,0.1,0.15,0.0,mad_only
HyIEZPubbEk,41,22.085,0.0,30.0,80.0,0.005,0.1,0.15,0.0,mad_only
HyIEZPubbEk,42,22.43,0.0,30.0,80.0,0.005,0.1,0.15,0.0,mad_only
HyIEZPubbEk,43,23.105,0.0,30.0,80.0,0.005,0.1,0.15,0.0,mad_only
HyIEZPubbEk,44,23.43,0.0,30.0,80.0,0.005,0.1,0.15,0.0,mad_only
HyIEZPubbEk,45,23.76,0.0,30.0,80.0,0.005,0.1,0.15,0.0,mad_only
HyIEZPubbEk,46,24.43,0.0,30.0,80.0,0.005,0.1,0.15,0.0,mad_only
HyIEZPubbEk,47,24.745,0.0,30.0,80.0,0.005,0.1,0.15,0.0,mad_only
HyIEZPubbEk,48,25.09,0.0,30.0,80.0,0.005,0.1,0.15,0.0,mad_only
HyIEZPubbEk,49,25.775000000000002,0.0,30.0,80.0,0.005,0.1,0.15,0.0,mad_only
HyIEZPubbEk,50,26.095,0.0,30.0,80.0,0.005,0.1,0.15,0.0,mad_only
HyIEZPubbEk,51,26.43,0.0,30.0,80.0,0.005,0.1,0.15,0.0,mad_only
HyIEZPubbEk,52,26.765,0.0,30.0,80.0,0.005,0.1,0.15,0.0,mad_only
HyIEZPubbEk,53,27.1,0.0,30.0,80.0,0.005,0.1,0.15,0.0,mad_only
HyIEZPubbEk,54,27.425,0.0,30.0,80.0,0.005,0.1,0.15,0.0,mad_only
HyIEZPubbEk,55,27.765,0.0,30.0,80.0,0.005,0.1,0.15,0.0,mad_only
HyIEZPubbEk,56,28.105,0.0,30.0,80.0,0.005,0.1,0.15,0.0,mad_only
HyIEZPubbEk,57,28.435000000000002,0.0,30.0,80.0,0.005,0.1,0.15,0.0,mad_only
HyIEZPubbEk,58,28.765,0.0,30.0,80.0,0.005,0.1,0.15,0.0,mad_only
HyIEZPubbEk,59,29.095,0.0,30.0,80.0,0.005,0.1,0.15,0.0,mad_only
HyIEZPubbEk,60,29.425,0.0,30.0,80.0,0.005,0.1,0.15,0.0,mad_only
HyIEZPubbEk,61,29.745,0.0,30.0,80.0,0.005,0.1,0.15,0.0,mad_only
HzKQfrNseoI,0,1.045,0.0,30.0,80.0,0.005,0.1,0.15,0.0,mad_only
HzKQfrNseoI,1,1.53,0.0,30.0,80.0,0.005,0.1,0.15,0.0,mad_only
HzKQfrNseoI,2,2.055,0.0,30.0,80.0,0.005,0.1,0.15,0.0,mad_only
HzKQfrNseoI,3,2.58,0.0,30.0,80.0,0.005,0.1,0.15,0.0,mad_only
HzKQfrNseoI,4,3.105,0.0,30.0,80.0,0.005,0.1,0.15,0.0,mad_only
HzKQfrNseoI,5,3.62,0.0,30.0,80.0,0.005,0.1,0.15,0.0,mad_only
HzKQfrNseoI,6,4.1450000000000005,0.0,30.0,80.0,0.005,0.1,0.15,0.0,mad_only
HzKQfrNseoI,7,4.655,0.0,30.0,80.0,0.005,0.1,0.15,0.0,mad_only
HzKQfrNseoI,8,5.1850000000000005,0.0,30.0,80.0,0.005,0.1,0.15,0.0,mad_only
HzKQfrNseoI,9,5.705,0.0,30.0,80.0,0.005,0.1,0.15,0.0,mad_only
HzKQfrNseoI,10,6.215,0.0,30.0,80.0,0.005,0.1,0.15,0.0,mad_only
HzKQfrNseoI,11,6.71,0.0,30.0,80.0,0.005,0.1,0.15,0.0,mad_only
HzKQfrNseoI,12,7.2250000000000005,0.0,30.0,80.0,0.005,0.1,0.15,0.0,mad_only
HzKQfrNseoI,13,7.73,0.0,30.0,80.0,0.005,0.1,0.15,0.0,mad_only
HzKQfrNseoI,14,8.23,0.0,30.0,80.0,0.005,0.1,0.15,0.0,mad_only
HzKQfrNseoI,15,8.775,0.0,30.0,80.0,0.005,0.1,0.15,0.0,mad_only
HzKQfrNseoI,16,9.290000000000001,0.0,30.0,80.0,0.005,0.1,0.15,0.0,mad_only
HzKQfrNseoI,17,9.81,0.0,30.0,80.0,0.005,0.1,0.15,0.0,mad_only
HzKQfrNseoI,18,10.325000000000001,0.0,30.0,80.0,0.005,0.1,0.15,0.0,mad_only
HzKQfrNseoI,19,10.870000000000001,0.0,30.0,80.0,0.005,0.1,0.15,0.0,mad_only
HzKQfrNseoI,20,11.35,0.0,30.0,80.0,0.005,0.1,0.15,0.0,mad_only
HzKQfrNseoI,21,11.85,0.0,30.0,80.0,0.005,0.1,0.15,0.0,mad_only
HzKQfrNseoI,22,12.4,0.0,30.0,80.0,0.005,0.1,0.15,0.0,mad_only
HzKQfrNseoI,23,12.885,0.0,30.0,80.0,0.005,0.1,0.15,0.0,mad_only
HzKQfrNseoI,24,13.435,0.0,30.0,80.0,0.005,0.1,0.15,0.0,mad_only
HzKQfrNseoI,25,13.98,0.0,30.0,80.0,0.005,0.1,0.15,0.0,mad_only
HzKQfrNseoI,26,14.465,0.0,30.0,80.0,0.005,0.1,0.15,0.0,mad_only
HzKQfrNseoI,27,14.985,0.0,30.0,80.0,0.005,0.1,0.15,0.0,mad_only
HzKQfrNseoI,28,15.5,0.0,30.0,80.0,0.005,0.1,0.15,0.0,mad_only
HzKQfrNseoI,29,16.03,0.0,30.0,80.0,0.005,0.1,0.15,0.0,mad_only
HzKQfrNseoI,30,16.515,0.0,30.0,80.0,0.005,0.1,0.15,0.0,mad_only
HzKQfrNseoI,31,17.055,0.0,30.0,80.0,0.005,0.1,0.15,0.0,mad_only
HzKQfrNseoI,32,17.565,0.0,30.0,80.0,0.005,0.1,0.15,0.0,mad_only
HzKQfrNseoI,33,18.085,0.0,30.0,80.0,0.005,0.1,0.15,0.0,mad_only
HzKQfrNseoI,34,18.63,0.0,30.0,80.0,0.005,0.1,0.15,0.0,mad_only
HzKQfrNseoI,35,19.125,0.0,30.0,80.0,0.005,0.1,0.15,0.0,mad_only
HzKQfrNseoI,36,19.59,0.0,30.0,80.0,0.005,0.1,0.15,0.0,mad_only
HzKQfrNseoI,37,19.87,0.0,30.0,80.0,0.005,0.1,0.15,0.0,mad_only
HzKQfrNseoI,38,20.18,0.0,30.0,80.0,0.005,0.1,0.15,0.0,mad_only
HzKQfrNseoI,39,20.645,0.0,30.0,80.0,0.005,0.1,0.15,0.0,mad_only
HzKQfrNseoI,40,21.06,0.0,30.0,80.0,0.005,0.1,0.15,0.0,mad_only
HzKQfrNseoI,41,21.385,0.0,30.0,80.0,0.005,0.1,0.15,0.0,mad_only
HzKQfrNseoI,42,22.14,0.0,30.0,80.0,0.005,0.1,0.15,0.0,mad_only
HzKQfrNseoI,43,22.895,0.0,30.0,80.0,0.005,0.1,0.15,0.0,mad_only
HzKQfrNseoI,44,23.205000000000002,0.0,30.0,80.0,0.005,0.1,0.15,0.0,mad_only
HzKQfrNseoI,45,23.675,0.0,30.0,80.0,0.005,0.1,0.15,0.0,mad_only
HzKQfrNseoI,46,24.475,0.0,30.0,80.0,0.005,0.1,0.15,0.0,mad_only
HzKQfrNseoI,47,25.21,0.0,30.0,80.0,0.005,0.1,0.15,0.0,mad_only
HzKQfrNseoI,48,25.685000000000002,0.0,30.0,80.0,0.005,0.1,0.15,0.0,mad_only
HzKQfrNseoI,49,26.245,0.0,30.0,80.0,0.005,0.1,0.15,0.0,mad_only
HzKQfrNseoI,50,26.725,0.0,30.0,80.0,0.005,0.1,0.15,0.0,mad_only
HzKQfrNseoI,51,27.535,0.0,30.0,80.0,0.005,0.1,0.15,0.0,mad_only
HzKQfrNseoI,52,27.805,0.0,30.0,80.0,0.005,0.1,0.15,0.0,mad_only
HzKQfrNseoI,53,28.295,0.0,30.0,80.0,0.005,0.1,0.15,0.0,mad_only
HzKQfrNseoI,54,29.02,0.0,30.0,80.0,0.005,0.1,0.15,0.0,mad_only
HzKQfrNseoI,55,29.325,0.0,30.0,80.0,0.005,0.1,0.15,0.0,mad_only
HzKQfrNseoI,56,29.805,0.0,30.0,80.0,0.005,0.1,0.15,0.0,mad_only
K7Ayxc_RaU4,0,0.8150000000000001,0.0,30.0,80.0,0.005,0.1,0.15,0.0,mad_only
K7Ayxc_RaU4,1,1.56,0.0,30.0,80.0,0.005,0.1,0.15,0.0,mad_only
K7Ayxc_RaU4,2,2.295,0.0,30.0,80.0,0.005,0.1,0.15,0.0,mad_only
K7Ayxc_RaU4,3,3.055,0.0,30.0,80.0,0.005,0.1,0.15,0.0,mad_only
K7Ayxc_RaU4,4,3.79,0.0,30.0,80.0,0.005,0.1,0.15,0.0,mad_only
K7Ayxc_RaU4,5,4.53,0.0,30.0,80.0,0.005,0.1,0.15,0.0,mad_only
K7Ayxc_RaU4,6,5.26,0.0,30.0,80.0,0.005,0.1,0.15,0.0,mad_only
K7Ayxc_RaU4,7,6.0,0.0,30.0,80.0,0.005,0.1,0.15,0.0,mad_only
K7Ayxc_RaU4,8,6.76,0.0,30.0,80.0,0.005,0.1,0.15,0.0,mad_only
K7Ayxc_RaU4,9,7.555,0.0,30.0,80.0,0.005,0.1,0.15,0.0,mad_only
K7Ayxc_RaU4,10,8.305,0.0,30.0,80.0,0.005,0.1,0.15,0.0,mad_only
K7Ayxc_RaU4,11,9.055,0.0,30.0,80.0,0.005,0.1,0.15,0.0,mad_only
K7Ayxc_RaU4,12,9.790000000000001,0.0,30.0,80.0,0.005,0.1,0.15,0.0,mad_only
K7Ayxc_RaU4,13,10.535,0.0,30.0,80.0,0.005,0.1,0.15,0.0,mad_only
K7Ayxc_RaU4,14,11.3,0.0,30.0,80.0,0.005,0.1,0.15,0.0,mad_only
K7Ayxc_RaU4,15,12.05,0.0,30.0,80.0,0.005,0.1,0.15,0.0,mad_only
K7Ayxc_RaU4,16,12.795,0.0,30.0,80.0,0.005,0.1,0.15,0.0,mad_only
K7Ayxc_RaU4,17,13.57,0.0,30.0,80.0,0.005,0.1,0.15,0.0,mad_only
K7Ayxc_RaU4,18,14.3,0.0,30.0,80.0,0.005,0.1,0.15,0.0,mad_only
K7Ayxc_RaU4,19,15.065,0.0,30.0,80.0,0.005,0.1,0.15,0.0,mad_only
K7Ayxc_RaU4,20,15.795,0.0,30.0,80.0,0.005,0.1,0.15,0.0,mad_only
K7Ayxc_RaU4,21,16.54,0.0,30.0,80.0,0.005,0.1,0.15,0.0,mad_only
K7Ayxc_RaU4,22,17.27,0.0,30.0,80.0,0.005,0.1,0.15,0.0,mad_only
K7Ayxc_RaU4,23,18.045,0.0,30.0,80.0,0.005,0.1,0.15,0.0,mad_only
K7Ayxc_RaU4,24,18.775000000000002,0.0,30.0,80.0,0.005,0.1,0.15,0.0,mad_only
K7Ayxc_RaU4,25,19.53,0.0,30.0,80.0,0.005,0.1,0.15,0.0,mad_only
K7Ayxc_RaU4,26,20.275000000000002,0.0,30.0,80.0,0.005,0.1,0.15,0.0,mad_only
K7Ayxc_RaU4,27,21.055,0.0,30.0,80.0,0.005,0.1,0.15,0.0,mad_only
K7Ayxc_RaU4,28,21.785,0.0,30.0,80.0,0.005,0.1,0.15,0.0,mad_only
K7Ayxc_RaU4,29,22.150000000000002,0.0,30.0,80.0,0.005,0.1,0.15,0.0,mad_only
K7Ayxc_RaU4,30,22.54,0.0,30.0,80.0,0.005,0.1,0.15,0.0,mad_only
K7Ayxc_RaU4,31,23.28,0.0,30.0,80.0,0.005,0.1,0.15,0.0,mad_only
K7Ayxc_RaU4,32,24.04,0.0,30.0,80.0,0.005,0.1,0.15,0.0,mad_only
K7Ayxc_RaU4,33,24.785,0.0,30.0,80.0,0.005,0.1,0.15,0.0,mad_only
K7Ayxc_RaU4,34,25.54,0.0,30.0,80.0,0.005,0.1,0.15,0.0,mad_only
K7Ayxc_RaU4,35,26.285,0.0,30.0,80.0,0.005,0.1,0.15,0.0,mad_only
K7Ayxc_RaU4,36,27.065,0.0,30.0,80.0,0.005,0.1,0.15,0.0,mad_only
K7Ayxc_RaU4,37,27.815,0.0,30.0,80.0,0.005,0.1,0.15,0.0,mad_only
K7Ayxc_RaU4,38,28.575,0.0,30.0,80.0,0.005,0.1,0.15,0.0,mad_only
K7Ayxc_RaU4,39,29.310000000000002,0.0,30.0,80.0,0.005,0.1,0.15,0.0,mad_only
K7Ayxc_RaU4,40,29.69,0.0,30.0,80.0,0.005,0.1,0.15,0.0,mad_only
K7LnjbxJB9E,0,0.915,0.0,30.0,80.0,0.005,0.1,0.15,0.0,mad_only
K7LnjbxJB9E,1,1.6400000000000001,0.0,30.0,80.0,0.005,0.1,0.15,0.0,mad_only
K7LnjbxJB9E,2,2.44,0.0,30.0,80.0,0.005,0.1,0.15,0.0,mad_only
K7LnjbxJB9E,3,3.25,0.0,30.0,80.0,0.005,0.1,0.15,0.0,mad_only
K7LnjbxJB9E,4,4.12,0.0,30.0,80.0,0.005,0.1,0.15,0.0,mad_only
K7LnjbxJB9E,5,4.9750000000000005,0.0,30.0,80.0,0.005,0.1,0.15,0.0,mad_only
K7LnjbxJB9E,6,5.865,0.0,30.0,80.0,0.005,0.1,0.15,0.0,mad_only
K7LnjbxJB9E,7,6.73,0.0,30.0,80.0,0.005,0.1,0.15,0.0,mad_only
K7LnjbxJB9E,8,7.585,0.0,30.0,80.0,0.005,0.1,0.15,0.0,mad_only
K7LnjbxJB9E,9,8.48,0.0,30.0,80.0,0.005,0.1,0.15,0.0,mad_only
K7LnjbxJB9E,10,9.35,0.0,30.0,80.0,0.005,0.1,0.15,0.0,mad_only
K7LnjbxJB9E,11,10.22,0.0,30.0,80.0,0.005,0.1,0.15,0.0,mad_only
K7LnjbxJB9E,12,11.09,0.0,30.0,80.0,0.005,0.1,0.15,0.0,mad_only
K7LnjbxJB9E,13,11.965,0.0,30.0,80.0,0.005,0.1,0.15,0.0,mad_only
K7LnjbxJB9E,14,12.82,0.0,30.0,80.0,0.005,0.1,0.15,0.0,mad_only
K7LnjbxJB9E,15,13.685,0.0,30.0,80.0,0.005,0.1,0.15,0.0,mad_only
K7LnjbxJB9E,16,14.565,0.0,30.0,80.0,0.005,0.1,0.15,0.0,mad_only
K7LnjbxJB9E,17,15.445,0.0,30.0,80.0,0.005,0.1,0.15,0.0,mad_only
K7LnjbxJB9E,18,16.315,0.0,30.0,80.0,0.005,0.1,0.15,0.0,mad_only
K7LnjbxJB9E,19,17.165,0.0,30.0,80.0,0.005,0.1,0.15,0.0,mad_only
K7LnjbxJB9E,20,18.03,0.0,30.0,80.0,0.005,0.1,0.15,0.0,mad_only
K7LnjbxJB9E,21,18.905,0.0,30.0,80.0,0.005,0.1,0.15,0.0,mad_only
K7LnjbxJB9E,22,19.75,0.0,30.0,80.0,0.005,0.1,0.15,0.0,mad_only
K7LnjbxJB9E,23,20.635,0.0,30.0,80.0,0.005,0.1,0.15,0.0,mad_only
K7LnjbxJB9E,24,21.53,0.0,30.0,80.0,0.005,0.1,0.15,0.0,mad_only
K7LnjbxJB9E,25,22.375,0.0,30.0,80.0,0.005,0.1,0.15,0.0,mad_only
K7LnjbxJB9E,26,23.240000000000002,0.0,30.0,80.0,0.005,0.1,0.15,0.0,mad_only
K7LnjbxJB9E,27,24.14,0.0,30.0,80.0,0.005,0.1,0.15,0.0,mad_only
K7LnjbxJB9E,28,25.005,0.0,30.0,80.0,0.005,0.1,0.15,0.0,mad_only
K7LnjbxJB9E,29,25.88,0.0,30.0,80.0,0.005,0.1,0.15,0.0,mad_only
K7LnjbxJB9E,30,26.740000000000002,0.0,30.0,80.0,0.005,0.1,0.15,0.0,mad_only
K7LnjbxJB9E,31,27.575,0.0,30.0,80.0,0.005,0.1,0.15,0.0,mad_only
K7LnjbxJB9E,32,28.475,0.0,30.0,80.0,0.005,0.1,0.15,0.0,mad_only
K7LnjbxJB9E,33,29.330000000000002,0.0,30.0,80.0,0.005,0.1,0.15,0.0,mad_only
KCHoaz1DG_4,0,0.76,0.0,30.0,80.0,0.005,0.1,0.15,0.0,mad_only
KCHoaz1DG_4,1,1.165,0.0,30.0,80.0,0.005,0.1,0.15,0.0,mad_only
KCHoaz1DG_4,2,1.645,0.0,30.0,80.0,0.005,0.1,0.15,0.0,mad_only
KCHoaz1DG_4,3,2.13,0.0,30.0,80.0,0.005,0.1,0.15,0.0,mad_only
KCHoaz1DG_4,4,2.615,0.0,30.0,80.0,0.005,0.1,0.15,0.0,mad_only
KCHoaz1DG_4,5,3.1,0.0,30.0,80.0,0.005,0.1,0.15,0.0,mad_only
KCHoaz1DG_4,6,3.595,0.0,30.0,80.0,0.005,0.1,0.15,0.0,mad_only
KCHoaz1DG_4,7,4.09,0.0,30.0,80.0,0.005,0.1,0.15,0.0,mad_only
KCHoaz1DG_4,8,4.575,0.0,30.0,80.0,0.005,0.1,0.15,0.0,mad_only
KCHoaz1DG_4,9,5.075,0.0,30.0,80.0,0.005,0.1,0.15,0.0,mad_only
KCHoaz1DG_4,10,5.55,0.0,30.0,80.0,0.005,0.1,0.15,0.0,mad_only
KCHoaz1DG_4,11,6.045,0.0,30.0,80.0,0.005,0.1,0.15,0.0,mad_only
KCHoaz1DG_4,12,6.54,0.0,30.0,80.0,0.005,0.1,0.15,0.0,mad_only
KCHoaz1DG_4,13,7.03,0.0,30.0,80.0,0.005,0.1,0.15,0.0,mad_only
KCHoaz1DG_4,14,7.525,0.0,30.0,80.0,0.005,0.1,0.15,0.0,mad_only
KCHoaz1DG_4,15,8.015,0.0,30.0,80.0,0.005,0.1,0.15,0.0,mad_only
KCHoaz1DG_4,16,8.495000000000001,0.0,30.0,80.0,0.005,0.1,0.15,0.0,mad_only
KCHoaz1DG_4,17,8.98,0.0,30.0,80.0,0.005,0.1,0.15,0.0,mad_only
KCHoaz1DG_4,18,9.475,0.0,30.0,80.0,0.005,0.1,0.15,0.0,mad_only
KCHoaz1DG_4,19,9.97,0.0,30.0,80.0,0.005,0.1,0.15,0.0,mad_only
KCHoaz1DG_4,20,10.46,0.0,30.0,80.0,0.005,0.1,0.15,0.0,mad_only
KCHoaz1DG_4,21,10.945,0.0,30.0,80.0,0.005,0.1,0.15,0.0,mad_only
KCHoaz1DG_4,22,11.445,0.0,30.0,80.0,0.005,0.1,0.15,0.0,mad_only
KCHoaz1DG_4,23,11.93,0.0,30.0,80.0,0.005,0.1,0.15,0.0,mad_only
KCHoaz1DG_4,24,12.425,0.0,30.0,80.0,0.005,0.1,0.15,0.0,mad_only
KCHoaz1DG_4,25,12.905000000000001,0.0,30.0,80.0,0.005,0.1,0.15,0.0,mad_only
KCHoaz1DG_4,26,13.41,0.0,30.0,80.0,0.005,0.1,0.15,0.0,mad_only
KCHoaz1DG_4,27,13.91,0.0,30.0,80.0,0.005,0.1,0.15,0.0,mad_only
KCHoaz1DG_4,28,14.39,0.0,30.0,80.0,0.005,0.1,0.15,0.0,mad_only
KCHoaz1DG_4,29,14.86,0.0,30.0,80.0,0.005,0.1,0.15,0.0,mad_only
KCHoaz1DG_4,30,15.375,0.0,30.0,80.0,0.005,0.1,0.15,0.0,mad_only
KCHoaz1DG_4,31,15.88,0.0,30.0,80.0,0.005,0.1,0.15,0.0,mad_only
KCHoaz1DG_4,32,16.37,0.0,30.0,80.0,0.005,0.1,0.15,0.0,mad_only
KCHoaz1DG_4,33,16.86,0.0,30.0,80.0,0.005,0.1,0.15,0.0,mad_only
KCHoaz1DG_4,34,17.36,0.0,30.0,80.0,0.005,0.1,0.15,0.0,mad_only
KCHoaz1DG_4,35,17.855,0.0,30.0,80.0,0.005,0.1,0.15,0.0,mad_only
KCHoaz1DG_4,36,18.335,0.0,30.0,80.0,0.005,0.1,0.15,0.0,mad_only
KCHoaz1DG_4,37,18.81,0.0,30.0,80.0,0.005,0.1,0.15,0.0,mad_only
KCHoaz1DG_4,38,19.31,0.0,30.0,80.0,0.005,0.1,0.15,0.0,mad_only
KCHoaz1DG_4,39,19.805,0.0,30.0,80.0,0.005,0.1,0.15,0.0,mad_only
KCHoaz1DG_4,40,20.29,0.0,30.0,80.0,0.005,0.1,0.15,0.0,mad_only
KCHoaz1DG_4,41,20.77,0.0,30.0,80.0,0.005,0.1,0.15,0.0,mad_only
KCHoaz1DG_4,42,21.28,0.0,30.0,80.0,0.005,0.1,0.15,0.0,mad_only
KCHoaz1DG_4,43,21.765,0.0,30.0,80.0,0.005,0.1,0.15,0.0,mad_only
KCHoaz1DG_4,44,22.255,0.0,30.0,80.0,0.005,0.1,0.15,0.0,mad_only
KCHoaz1DG_4,45,22.740000000000002,0.0,30.0,80.0,0.005,0.1,0.15,0.0,mad_only
KCHoaz1DG_4,46,23.240000000000002,0.0,30.0,80.0,0.005,0.1,0.15,0.0,mad_only
KCHoaz1DG_4,47,23.735,0.0,30.0,80.0,0.005,0.1,0.15,0.0,mad_only
KCHoaz1DG_4,48,24.225,0.0,30.0,80.0,0.005,0.1,0.15,0.0,mad_only
KCHoaz1DG_4,49,24.72,0.0,30.0,80.0,0.005,0.1,0.15,0.0,mad_only
KCHoaz1DG_4,50,25.23,0.0,30.0,80.0,0.005,0.1,0.15,0.0,mad_only
KCHoaz1DG_4,51,25.71,0.0,30.0,80.0,0.005,0.1,0.15,0.0,mad_only
KCHoaz1DG_4,52,26.2,0.0,30.0,80.0,0.005,0.1,0.15,0.0,mad_only
KCHoaz1DG_4,53,26.675,0.0,30.0,80.0,0.005,0.1,0.15,0.0,mad_only
KCHoaz1DG_4,54,27.175,0.0,30.0,80.0,0.005,0.1,0.15,0.0,mad_only
KCHoaz1DG_4,55,27.68,0.0,30.0,80.0,0.005,0.1,0.15,0.0,mad_only
KCHoaz1DG_4,56,28.165,0.0,30.0,80.0,0.005,0.1,0.15,0.0,mad_only
KCHoaz1DG_4,57,28.650000000000002,0.0,30.0,80.0,0.005,0.1,0.15,0.0,mad_only
KCHoaz1DG_4,58,29.145,0.0,30.0,80.0,0.005,0.1,0.15,0.0,mad_only
KCHoaz1DG_4,59,29.635,0.0,30.0,80.0,0.005,0.1,0.15,0.0,mad_only
KOC46hclHDA,0,0.79,0.0,30.0,80.0,0.005,0.1,0.15,0.0,mad_only
KOC46hclHDA,1,1.245,0.0,30.0,80.0,0.005,0.1,0.15,0.0,mad_only
KOC46hclHDA,2,1.69,0.0,30.0,80.0,0.005,0.1,0.15,0.0,mad_only
KOC46hclHDA,3,2.165,0.0,30.0,80.0,0.005,0.1,0.15,0.0,mad_only
KOC46hclHDA,4,2.65,0.0,30.0,80.0,0.005,0.1,0.15,0.0,mad_only
KOC46hclHDA,5,3.1350000000000002,0.0,30.0,80.0,0.005,0.1,0.15,0.0,mad_only
KOC46hclHDA,6,3.605,0.0,30.0,80.0,0.005,0.1,0.15,0.0,mad_only
KOC46hclHDA,7,4.07,0.0,30.0,80.0,0.005,0.1,0.15,0.0,mad_only
KOC46hclHDA,8,4.5600000000000005,0.0,30.0,80.0,0.005,0.1,0.15,0.0,mad_only
KOC46hclHDA,9,5.055,0.0,30.0,80.0,0.005,0.1,0.15,0.0,mad_only
KOC46hclHDA,10,5.515,0.0,30.0,80.0,0.005,0.1,0.15,0.0,mad_only
KOC46hclHDA,11,6.01,0.0,30.0,80.0,0.005,0.1,0.15,0.0,mad_only
KOC46hclHDA,12,6.49,0.0,30.0,80.0,0.005,0.1,0.15,0.0,mad_only
KOC46hclHDA,13,6.97,0.0,30.0,80.0,0.005,0.1,0.15,0.0,mad_only
KOC46hclHDA,14,7.4350000000000005,0.0,30.0,80.0,0.005,0.1,0.15,0.0,mad_only
KOC46hclHDA,15,7.925,0.0,30.0,80.0,0.005,0.1,0.15,0.0,mad_only
KOC46hclHDA,16,8.405,0.0,30.0,80.0,0.005,0.1,0.15,0.0,mad_only
KOC46hclHDA,17,8.88,0.0,30.0,80.0,0.005,0.1,0.15,0.0,mad_only
KOC46hclHDA,18,9.36,0.0,30.0,80.0,0.005,0.1,0.15,0.0,mad_only
KOC46hclHDA,19,9.84,0.0,30.0,80.0,0.005,0.1,0.15,0.0,mad_only
KOC46hclHDA,20,10.325000000000001,0.0,30.0,80.0,0.005,0.1,0.15,0.0,mad_only
KOC46hclHDA,21,10.805,0.0,30.0,80.0,0.005,0.1,0.15,0.0,mad_only
KOC46hclHDA,22,11.285,0.0,30.0,80.0,0.005,0.1,0.15,0.0,mad_only
KOC46hclHDA,23,11.765,0.0,30.0,80.0,0.005,0.1,0.15,0.0,mad_only
KOC46hclHDA,24,12.24,0.0,30.0,80.0,0.005,0.1,0.15,0.0,mad_only
KOC46hclHDA,25,12.72,0.0,30.0,80.0,0.005,0.1,0.15,0.0,mad_only
KOC46hclHDA,26,13.200000000000001,0.0,30.0,80.0,0.005,0.1,0.15,0.0,mad_only
KOC46hclHDA,27,13.675,0.0,30.0,80.0,0.005,0.1,0.15,0.0,mad_only
KOC46hclHDA,28,14.165000000000001,0.0,30.0,80.0,0.005,0.1,0.15,0.0,mad_only
KOC46hclHDA,29,14.635,0.0,30.0,80.0,0.005,0.1,0.15,0.0,mad_only
KOC46hclHDA,30,15.115,0.0,30.0,80.0,0.005,0.1,0.15,0.0,mad_only
KOC46hclHDA,31,15.59,0.0,30.0,80.0,0.005,0.1,0.15,0.0,mad_only
KOC46hclHDA,32,16.080000000000002,0.0,30.0,80.0,0.005,0.1,0.15,0.0,mad_only
KOC46hclHDA,33,16.555,0.0,30.0,80.0,0.005,0.1,0.15,0.0,mad_only
KOC46hclHDA,34,17.03,0.0,30.0,80.0,0.005,0.1,0.15,0.0,mad_only
KOC46hclHDA,35,17.515,0.0,30.0,80.0,0.005,0.1,0.15,0.0,mad_only
KOC46hclHDA,36,17.995,0.0,30.0,80.0,0.005,0.1,0.15,0.0,mad_only
KOC46hclHDA,37,18.465,0.0,30.0,80.0,0.005,0.1,0.15,0.0,mad_only
KOC46hclHDA,38,18.95,0.0,30.0,80.0,0.005,0.1,0.15,0.0,mad_only
KOC46hclHDA,39,19.42,0.0,30.0,80.0,0.005,0.1,0.15,0.0,mad_only
KOC46hclHDA,40,19.92,0.0,30.0,80.0,0.005,0.1,0.15,0.0,mad_only
KOC46hclHDA,41,20.400000000000002,0.0,30.0,80.0,0.005,0.1,0.15,0.0,mad_only
KOC46hclHDA,42,20.865000000000002,0.0,30.0,80.0,0.005,0.1,0.15,0.0,mad_only
KOC46hclHDA,43,21.36,0.0,30.0,80.0,0.005,0.1,0.15,0.0,mad_only
KOC46hclHDA,44,21.84,0.0,30.0,80.0,0.005,0.1,0.15,0.0,mad_only
KOC46hclHDA,45,22.325,0.0,30.0,80.0,0.005,0.1,0.15,0.0,mad_only
KOC46hclHDA,46,22.795,0.0,30.0,80.0,0.005,0.1,0.15,0.0,mad_only
KOC46hclHDA,47,23.275000000000002,0.0,30.0,80.0,0.005,0.1,0.15,0.0,mad_only
KOC46hclHDA,48,23.755,0.0,30.0,80.0,0.005,0.1,0.15,0.0,mad_only
KOC46hclHDA,49,24.235,0.0,30.0,80.0,0.005,0.1,0.15,0.0,mad_only
KOC46hclHDA,50,24.71,0.0,30.0,80.0,0.005,0.1,0.15,0.0,mad_only
KOC46hclHDA,51,25.2,0.0,30.0,80.0,0.005,0.1,0.15,0.0,mad_only
KOC46hclHDA,52,25.675,0.0,30.0,80.0,0.005,0.1,0.15,0.0,mad_only
KOC46hclHDA,53,26.16,0.0,30.0,80.0,0.005,0.1,0.15,0.0,mad_only
KOC46hclHDA,54,26.64,0.0,30.0,80.0,0.005,0.1,0.15,0.0,mad_only
KOC46hclHDA,55,27.12,0.0,30.0,80.0,0.005,0.1,0.15,0.0,mad_only
KOC46hclHDA,56,27.595,0.0,30.0,80.0,0.005,0.1,0.15,0.0,mad_only
KOC46hclHDA,57,28.080000000000002,0.0,30.0,80.0,0.005,0.1,0.15,0.0,mad_only
KOC46hclHDA,58,28.545,0.0,30.0,80.0,0.005,0.1,0.15,0.0,mad_only
KOC46hclHDA,59,29.035,0.0,30.0,80.0,0.005,0.1,0.15,0.0,mad_only
KOC46hclHDA,60,29.52,0.0,30.0,80.0,0.005,0.1,0.15,0.0,mad_only
L4BVG7rL88I,0,0.745,0.0,30.0,80.0,0.005,0.1,0.15,0.0,mad_only
L4BVG7rL88I,1,1.57,0.0,30.0,80.0,0.005,0.1,0.15,0.0,mad_only
L4BVG7rL88I,2,2.185,0.0,30.0,80.0,0.005,0.1,0.15,0.0,mad_only
L4BVG7rL88I,3,2.7,0.0,30.0,80.0,0.005,0.1,0.15,0.0,mad_only
L4BVG7rL88I,4,3.48,0.0,30.0,80.0,0.005,0.1,0.15,0.0,mad_only
L4BVG7rL88I,5,4.215,0.0,30.0,80.0,0.005,0.1,0.15,0.0,mad_only
L4BVG7rL88I,6,4.885,0.0,30.0,80.0,0.005,0.1,0.15,0.0,mad_only
L4BVG7rL88I,7,5.54,0.0,30.0,80.0,0.005,0.1,0.15,0.0,mad_only
L4BVG7rL88I,8,6.15,0.0,30.0,80.0,0.005,0.1,0.15,0.0,mad_only
L4BVG7rL88I,9,6.845,0.0,30.0,80.0,0.005,0.1,0.15,0.0,mad_only
L4BVG7rL88I,10,7.49,0.0,30.0,80.0,0.005,0.1,0.15,0.0,mad_only
L4BVG7rL88I,11,8.155,0.0,30.0,80.0,0.005,0.1,0.15,0.0,mad_only
L4BVG7rL88I,12,8.755,0.0,30.0,80.0,0.005,0.1,0.15,0.0,mad_only
L4BVG7rL88I,13,9.46,0.0,30.0,80.0,0.005,0.1,0.15,0.0,mad_only
L4BVG7rL88I,14,10.05,0.0,30.0,80.0,0.005,0.1,0.15,0.0,mad_only
L4BVG7rL88I,15,10.755,0.0,30.0,80.0,0.005,0.1,0.15,0.0,mad_only
L4BVG7rL88I,16,11.35,0.0,30.0,80.0,0.005,0.1,0.15,0.0,mad_only
L4BVG7rL88I,17,12.06,0.0,30.0,80.0,0.005,0.1,0.15,0.0,mad_only
L4BVG7rL88I,18,12.675,0.0,30.0,80.0,0.005,0.1,0.15,0.0,mad_only
L4BVG7rL88I,19,13.365,0.0,30.0,80.0,0.005,0.1,0.15,0.0,mad_only
L4BVG7rL88I,20,14.0,0.0,30.0,80.0,0.005,0.1,0.15,0.0,mad_only
L4BVG7rL88I,21,14.685,0.0,30.0,80.0,0.005,0.1,0.15,0.0,mad_only
L4BVG7rL88I,22,15.325000000000001,0.0,30.0,80.0,0.005,0.1,0.15,0.0,mad_only
L4BVG7rL88I,23,15.975,0.0,30.0,80.0,0.005,0.1,0.15,0.0,mad_only
L4BVG7rL88I,24,16.555,0.0,30.0,80.0,0.005,0.1,0.15,0.0,mad_only
L4BVG7rL88I,25,17.29,0.0,30.0,80.0,0.005,0.1,0.15,0.0,mad_only
L4BVG7rL88I,26,17.91,0.0,30.0,80.0,0.005,0.1,0.15,0.0,mad_only
L4BVG7rL88I,27,18.595,0.0,30.0,80.0,0.005,0.1,0.15,0.0,mad_only
L4BVG7rL88I,28,19.175,0.0,30.0,80.0,0.005,0.1,0.15,0.0,mad_only
L4BVG7rL88I,29,19.87,0.0,30.0,80.0,0.005,0.1,0.15,0.0,mad_only
L4BVG7rL88I,30,20.495,0.0,30.0,80.0,0.005,0.1,0.15,0.0,mad_only
L4BVG7rL88I,31,21.185,0.0,30.0,80.0,0.005,0.1,0.15,0.0,mad_only
L4BVG7rL88I,32,21.82,0.0,30.0,80.0,0.005,0.1,0.15,0.0,mad_only
L4BVG7rL88I,33,22.505,0.0,30.0,80.0,0.005,0.1,0.15,0.0,mad_only
L4BVG7rL88I,34,23.155,0.0,30.0,80.0,0.005,0.1,0.15,0.0,mad_only
L4BVG7rL88I,35,23.48,0.0,30.0,80.0,0.005,0.1,0.15,0.0,mad_only
L4BVG7rL88I,36,23.805,0.0,30.0,80.0,0.005,0.1,0.15,0.0,mad_only
L4BVG7rL88I,37,24.455000000000002,0.0,30.0,80.0,0.005,0.1,0.15,0.0,mad_only
L4BVG7rL88I,38,25.11,0.0,30.0,80.0,0.005,0.1,0.15,0.0,mad_only
L4BVG7rL88I,39,25.73,0.0,30.0,80.0,0.005,0.1,0.15,0.0,mad_only
L4BVG7rL88I,40,26.42,0.0,30.0,80.0,0.005,0.1,0.15,0.0,mad_only
L4BVG7rL88I,41,27.060000000000002,0.0,30.0,80.0,0.005,0.1,0.15,0.0,mad_only
L4BVG7rL88I,42,27.71,0.0,30.0,80.0,0.005,0.1,0.15,0.0,mad_only
L4BVG7rL88I,43,28.35,0.0,30.0,80.0,0.005,0.1,0.15,0.0,mad_only
L4BVG7rL88I,44,29.035,0.0,30.0,80.0,0.005,0.1,0.15,0.0,mad_only
L4BVG7rL88I,45,29.64,0.0,30.0,80.0,0.005,0.1,0.15,0.0,mad_only
LmQMjWVzJMs,0,0.835,0.0,30.0,80.0,0.005,0.1,0.15,0.0,mad_only
LmQMjWVzJMs,1,1.325,0.0,30.0,80.0,0.005,0.1,0.15,0.0,mad_only
LmQMjWVzJMs,2,1.95,0.0,30.0,80.0,0.005,0.1,0.15,0.0,mad_only
LmQMjWVzJMs,3,2.525,0.0,30.0,80.0,0.005,0.1,0.15,0.0,mad_only
LmQMjWVzJMs,4,3.095,0.0,30.0,80.0,0.005,0.1,0.15,0.0,mad_only
LmQMjWVzJMs,5,3.685,0.0,30.0,80.0,0.005,0.1,0.15,0.0,mad_only
LmQMjWVzJMs,6,4.28,0.0,30.0,80.0,0.005,0.1,0.15,0.0,mad_only
LmQMjWVzJMs,7,4.845,0.0,30.0,80.0,0.005,0.1,0.15,0.0,mad_only
LmQMjWVzJMs,8,5.415,0.0,30.0,80.0,0.005,0.1,0.15,0.0,mad_only
LmQMjWVzJMs,9,5.995,0.0,30.0,80.0,0.005,0.1,0.15,0.0,mad_only
LmQMjWVzJMs,10,6.565,0.0,30.0,80.0,0.005,0.1,0.15,0.0,mad_only
LmQMjWVzJMs,11,7.15,0.0,30.0,80.0,0.005,0.1,0.15,0.0,mad_only
LmQMjWVzJMs,12,7.715,0.0,30.0,80.0,0.005,0.1,0.15,0.0,mad_only
LmQMjWVzJMs,13,8.31,0.0,30.0,80.0,0.005,0.1,0.15,0.0,mad_only
LmQMjWVzJMs,14,8.905,0.0,30.0,80.0,0.005,0.1,0.15,0.0,mad_only
LmQMjWVzJMs,15,9.48,0.0,30.0,80.0,0.005,0.1,0.15,0.0,mad_only
LmQMjWVzJMs,16,10.05,0.0,30.0,80.0,0.005,0.1,0.15,0.0,mad_only
LmQMjWVzJMs,17,10.64,0.0,30.0,80.0,0.005,0.1,0.15,0.0,mad_only
LmQMjWVzJMs,18,11.215,0.0,30.0,80.0,0.005,0.1,0.15,0.0,mad_only
LmQMjWVzJMs,19,11.8,0.0,30.0,80.0,0.005,0.1,0.15,0.0,mad_only
LmQMjWVzJMs,20,12.370000000000001,0.0,30.0,80.0,0.005,0.1,0.15,0.0,mad_only
LmQMjWVzJMs,21,12.950000000000001,0.0,30.0,80.0,0.005,0.1,0.15,0.0,mad_only
LmQMjWVzJMs,22,13.535,0.0,30.0,80.0,0.005,0.1,0.15,0.0,mad_only
LmQMjWVzJMs,23,14.11,0.0,30.0,80.0,0.005,0.1,0.15,0.0,mad_only
LmQMjWVzJMs,24,14.695,0.0,30.0,80.0,0.005,0.1,0.15,0.0,mad_only
LmQMjWVzJMs,25,15.285,0.0,30.0,80.0,0.005,0.1,0.15,0.0,mad_only
LmQMjWVzJMs,26,15.845,0.0,30.0,80.0,0.005,0.1,0.15,0.0,mad_only
LmQMjWVzJMs,27,16.425,0.0,30.0,80.0,0.005,0.1,0.15,0.0,mad_only
LmQMjWVzJMs,28,16.990000000000002,0.0,30.0,80.0,0.005,0.1,0.15,0.0,mad_only
LmQMjWVzJMs,29,17.585,0.0,30.0,80.0,0.005,0.1,0.15,0.0,mad_only
LmQMjWVzJMs,30,18.16,0.0,30.0,80.0,0.005,0.1,0.15,0.0,mad_only
LmQMjWVzJMs,31,18.75,0.0,30.0,80.0,0.005,0.1,0.15,0.0,mad_only
LmQMjWVzJMs,32,19.32,0.0,30.0,80.0,0.005,0.1,0.15,0.0,mad_only
LmQMjWVzJMs,33,19.905,0.0,30.0,80.0,0.005,0.1,0.15,0.0,mad_only
LmQMjWVzJMs,34,20.475,0.0,30.0,80.0,0.005,0.1,0.15,0.0,mad_only
LmQMjWVzJMs,35,21.07,0.0,30.0,80.0,0.005,0.1,0.15,0.0,mad_only
LmQMjWVzJMs,36,21.650000000000002,0.0,30.0,80.0,0.005,0.1,0.15,0.0,mad_only
LmQMjWVzJMs,37,22.235,0.0,30.0,80.0,0.005,0.1,0.15,0.0,mad_only
LmQMjWVzJMs,38,22.8,0.0,30.0,80.0,0.005,0.1,0.15,0.0,mad_only
LmQMjWVzJMs,39,23.38,0.0,30.0,80.0,0.005,0.1,0.15,0.0,mad_only
LmQMjWVzJMs,40,23.96,0.0,30.0,80.0,0.005,0.1,0.15,0.0,mad_only
LmQMjWVzJMs,41,24.545,0.0,30.0,80.0,0.005,0.1,0.15,0.0,mad_only
LmQMjWVzJMs,42,25.12,0.0,30.0,80.0,0.005,0.1,0.15,0.0,mad_only
LmQMjWVzJMs,43,25.72,0.0,30.0,80.0,0.005,0.1,0.15,0.0,mad_only
LmQMjWVzJMs,44,26.29,0.0,30.0,80.0,0.005,0.1,0.15,0.0,mad_only
LmQMjWVzJMs,45,26.89,0.0,30.0,80.0,0.005,0.1,0.15,0.0,mad_only
LmQMjWVzJMs,46,27.465,0.0,30.0,80.0,0.005,0.1,0.15,0.0,mad_only
LmQMjWVzJMs,47,28.05,0.0,30.0,80.0,0.005,0.1,0.15,0.0,mad_only
LmQMjWVzJMs,48,28.605,0.0,30.0,80.0,0.005,0.1,0.15,0.0,mad_only
LmQMjWVzJMs,49,29.19,0.0,30.0,80.0,0.005,0.1,0.15,0.0,mad_only
LmQMjWVzJMs,50,29.76,0.0,30.0,80.0,0.005,0.1,0.15,0.0,mad_only
M04cGx5wulA,0,0.87,0.0,30.0,80.0,0.005,0.1,0.15,0.0,mad_only
M04cGx5wulA,1,1.26,0.0,30.0,80.0,0.005,0.1,0.15,0.0,mad_only
M04cGx5wulA,2,1.6400000000000001,0.0,30.0,80.0,0.005,0.1,0.15,0.0,mad_only
M04cGx5wulA,3,2.06,0.0,30.0,80.0,0.005,0.1,0.15,0.0,mad_only
M04cGx5wulA,4,2.445,0.0,30.0,80.0,0.005,0.1,0.15,0.0,mad_only
M04cGx5wulA,5,2.835,0.0,30.0,80.0,0.005,0.1,0.15,0.0,mad_only
M04cGx5wulA,6,3.215,0.0,30.0,80.0,0.005,0.1,0.15,0.0,mad_only
M04cGx5wulA,7,3.63,0.0,30.0,80.0,0.005,0.1,0.15,0.0,mad_only
M04cGx5wulA,8,4.025,0.0,30.0,80.0,0.005,0.1,0.15,0.0,mad_only
M04cGx5wulA,9,4.425,0.0,30.0,80.0,0.005,0.1,0.15,0.0,mad_only
M04cGx5wulA,10,4.815,0.0,30.0,80.0,0.005,0.1,0.15,0.0,mad_only
M04cGx5wulA,11,5.23,0.0,30.0,80.0,0.005,0.1,0.15,0.0,mad_only
M04cGx5wulA,12,5.63,0.0,30.0,80.0,0.005,0.1,0.15,0.0,mad_only
M04cGx5wulA,13,6.025,0.0,30.0,80.0,0.005,0.1,0.15,0.0,mad_only
M04cGx5wulA,14,6.41,0.0,30.0,80.0,0.005,0.1,0.15,0.0,mad_only
M04cGx5wulA,15,6.825,0.0,30.0,80.0,0.005,0.1,0.15,0.0,mad_only
M04cGx5wulA,16,7.23,0.0,30.0,80.0,0.005,0.1,0.15,0.0,mad_only
M04cGx5wulA,17,7.63,0.0,30.0,80.0,0.005,0.1,0.15,0.0,mad_only
M04cGx5wulA,18,8.040000000000001,0.0,30.0,80.0,0.005,0.1,0.15,0.0,mad_only
M04cGx5wulA,19,8.45,0.0,30.0,80.0,0.005,0.1,0.15,0.0,mad_only
M04cGx5wulA,20,8.835,0.0,30.0,80.0,0.005,0.1,0.15,0.0,mad_only
M04cGx5wulA,21,9.22,0.0,30.0,80.0,0.005,0.1,0.15,0.0,mad_only
M04cGx5wulA,22,9.615,0.0,30.0,80.0,0.005,0.1,0.15,0.0,mad_only
M04cGx5wulA,23,10.01,0.0,30.0,80.0,0.005,0.1,0.15,0.0,mad_only
M04cGx5wulA,24,10.415000000000001,0.0,30.0,80.0,0.005,0.1,0.15,0.0,mad_only
M04cGx5wulA,25,10.815,0.0,30.0,80.0,0.005,0.1,0.15,0.0,mad_only
M04cGx5wulA,26,11.225,0.0,30.0,80.0,0.005,0.1,0.15,0.0,mad_only
M04cGx5wulA,27,11.6,0.0,30.0,80.0,0.005,0.1,0.15,0.0,mad_only
M04cGx5wulA,28,12.015,0.0,30.0,80.0,0.005,0.1,0.15,0.0,mad_only
M04cGx5wulA,29,12.395,0.0,30.0,80.0,0.005,0.1,0.15,0.0,mad_only
M04cGx5wulA,30,12.805,0.0,30.0,80.0,0.005,0.1,0.15,0.0,mad_only
M04cGx5wulA,31,13.205,0.0,30.0,80.0,0.005,0.1,0.15,0.0,mad_only
M04cGx5wulA,32,13.605,0.0,30.0,80.0,0.005,0.1,0.15,0.0,mad_only
M04cGx5wulA,33,14.0,0.0,30.0,80.0,0.005,0.1,0.15,0.0,mad_only
M04cGx5wulA,34,14.415000000000001,0.0,30.0,80.0,0.005,0.1,0.15,0.0,mad_only
M04cGx5wulA,35,14.8,0.0,30.0,80.0,0.005,0.1,0.15,0.0,mad_only
M04cGx5wulA,36,15.215,0.0,30.0,80.0,0.005,0.1,0.15,0.0,mad_only
M04cGx5wulA,37,15.615,0.0,30.0,80.0,0.005,0.1,0.15,0.0,mad_only
M04cGx5wulA,38,16.02,0.0,30.0,80.0,0.005,0.1,0.15,0.0,mad_only
M04cGx5wulA,39,16.415,0.0,30.0,80.0,0.005,0.1,0.15,0.0,mad_only
M04cGx5wulA,40,16.815,0.0,30.0,80.0,0.005,0.1,0.15,0.0,mad_only
M04cGx5wulA,41,17.215,0.0,30.0,80.0,0.005,0.1,0.15,0.0,mad_only
M04cGx5wulA,42,17.62,0.0,30.0,80.0,0.005,0.1,0.15,0.0,mad_only
M04cGx5wulA,43,18.005,0.0,30.0,80.0,0.005,0.1,0.15,0.0,mad_only
M04cGx5wulA,44,18.41,0.0,30.0,80.0,0.005,0.1,0.15,0.0,mad_only
M04cGx5wulA,45,18.81,0.0,30.0,80.0,0.005,0.1,0.15,0.0,mad_only
M04cGx5wulA,46,19.23,0.0,30.0,80.0,0.005,0.1,0.15,0.0,mad_only
M04cGx5wulA,47,19.62,0.0,30.0,80.0,0.005,0.1,0.15,0.0,mad_only
M04cGx5wulA,48,20.015,0.0,30.0,80.0,0.005,0.1,0.15,0.0,mad_only
M04cGx5wulA,49,20.42,0.0,30.0,80.0,0.005,0.1,0.15,0.0,mad_only
M04cGx5wulA,50,20.81,0.0,30.0,80.0,0.005,0.1,0.15,0.0,mad_only
M04cGx5wulA,51,21.21,0.0,30.0,80.0,0.005,0.1,0.15,0.0,mad_only
M04cGx5wulA,52,21.615000000000002,0.0,30.0,80.0,0.005,0.1,0.15,0.0,mad_only
M04cGx5wulA,53,22.015,0.0,30.0,80.0,0.005,0.1,0.15,0.0,mad_only
M04cGx5wulA,54,22.415,0.0,30.0,80.0,0.005,0.1,0.15,0.0,mad_only
M04cGx5wulA,55,22.81,0.0,30.0,80.0,0.005,0.1,0.15,0.0,mad_only
M04cGx5wulA,56,23.21,0.0,30.0,80.0,0.005,0.1,0.15,0.0,mad_only
M04cGx5wulA,57,23.615000000000002,0.0,30.0,80.0,0.005,0.1,0.15,0.0,mad_only
M04cGx5wulA,58,24.0,0.0,30.0,80.0,0.005,0.1,0.15,0.0,mad_only
M04cGx5wulA,59,24.385,0.0,30.0,80.0,0.005,0.1,0.15,0.0,mad_only
M04cGx5wulA,60,24.795,0.0,30.0,80.0,0.005,0.1,0.15,0.0,mad_only
M04cGx5wulA,61,25.21,0.0,30.0,80.0,0.005,0.1,0.15,0.0,mad_only
M04cGx5wulA,62,25.605,0.0,30.0,80.0,0.005,0.1,0.15,0.0,mad_only
M04cGx5wulA,63,25.995,0.0,30.0,80.0,0.005,0.1,0.15,0.0,mad_only
M04cGx5wulA,64,26.400000000000002,0.0,30.0,80.0,0.005,0.1,0.15,0.0,mad_only
M04cGx5wulA,65,26.805,0.0,30.0,80.0,0.005,0.1,0.15,0.0,mad_only
M04cGx5wulA,66,27.19,0.0,30.0,80.0,0.005,0.1,0.15,0.0,mad_only
M04cGx5wulA,67,27.595,0.0,30.0,80.0,0.005,0.1,0.15,0.0,mad_only
M04cGx5wulA,68,27.990000000000002,0.0,30.0,80.0,0.005,0.1,0.15,0.0,mad_only
M04cGx5wulA,69,28.400000000000002,0.0,30.0,80.0,0.005,0.1,0.15,0.0,mad_only
M04cGx5wulA,70,28.785,0.0,30.0,80.0,0.005,0.1,0.15,0.0,mad_only
M04cGx5wulA,71,29.19,0.0,30.0,80.0,0.005,0.1,0.15,0.0,mad_only
M04cGx5wulA,72,29.585,0.0,30.0,80.0,0.005,0.1,0.15,0.0,mad_only
MHiQDvejiZE,0,0.62,0.0,30.0,80.0,0.005,0.1,0.15,0.0,mad_only
MHiQDvejiZE,1,1.08,0.0,30.0,80.0,0.005,0.1,0.15,0.0,mad_only
MHiQDvejiZE,2,1.645,0.0,30.0,80.0,0.005,0.1,0.15,0.0,mad_only
MHiQDvejiZE,3,2.195,0.0,30.0,80.0,0.005,0.1,0.15,0.0,mad_only
MHiQDvejiZE,4,2.7600000000000002,0.0,30.0,80.0,0.005,0.1,0.15,0.0,mad_only
MHiQDvejiZE,5,3.315,0.0,30.0,80.0,0.005,0.1,0.15,0.0,mad_only
MHiQDvejiZE,6,3.86,0.0,30.0,80.0,0.005,0.1,0.15,0.0,mad_only
MHiQDvejiZE,7,4.135,0.0,30.0,80.0,0.005,0.1,0.15,0.0,mad_only
MHiQDvejiZE,8,4.42,0.0,30.0,80.0,0.005,0.1,0.15,0.0,mad_only
MHiQDvejiZE,9,4.705,0.0,30.0,80.0,0.005,0.1,0.15,0.0,mad_only
MHiQDvejiZE,10,4.9750000000000005,0.0,30.0,80.0,0.005,0.1,0.15,0.0,mad_only
MHiQDvejiZE,11,5.26,0.0,30.0,80.0,0.005,0.1,0.15,0.0,mad_only
MHiQDvejiZE,12,5.53,0.0,30.0,80.0,0.005,0.1,0.15,0.0,mad_only
MHiQDvejiZE,13,6.07,0.0,30.0,80.0,0.005,0.1,0.15,0.0,mad_only
MHiQDvejiZE,14,6.375,0.0,30.0,80.0,0.005,0.1,0.15,0.0,mad_only
MHiQDvejiZE,15,6.640000000000001,0.0,30.0,80.0,0.005,0.1,0.15,0.0,mad_only
MHiQDvejiZE,16,6.92,0.0,30.0,80.0,0.005,0.1,0.15,0.0,mad_only
MHiQDvejiZE,17,7.19,0.0,30.0,80.0,0.005,0.1,0.15,0.0,mad_only
MHiQDvejiZE,18,7.47,0.0,30.0,80.0,0.005,0.1,0.15,0.0,mad_only
MHiQDvejiZE,19,7.745,0.0,30.0,80.0,0.005,0.1,0.15,0.0,mad_only
MHiQDvejiZE,20,8.035,0.0,30.0,80.0,0.005,0.1,0.15,0.0,mad_only
MHiQDvejiZE,21,8.3,0.0,30.0,80.0,0.005,0.1,0.15,0.0,mad_only
MHiQDvejiZE,22,8.585,0.0,30.0,80.0,0.005,0.1,0.15,0.0,mad_only
MHiQDvejiZE,23,8.86,0.0,30.0,80.0,0.005,0.1,0.15,0.0,mad_only
MHiQDvejiZE,24,9.14,0.0,30.0,80.0,0.005,0.1,0.15,0.0,mad_only
MHiQDvejiZE,25,9.41,0.0,30.0,80.0,0.005,0.1,0.15,0.0,mad_only
MHiQDvejiZE,26,9.69,0.0,30.0,80.0,0.005,0.1,0.15,0.0,mad_only
MHiQDvejiZE,27,9.965,0.0,30.0,80.0,0.005,0.1,0.15,0.0,mad_only
MHiQDvejiZE,28,10.245000000000001,0.0,30.0,80.0,0.005,0.1,0.15,0.0,mad_only
MHiQDvejiZE,29,10.525,0.0,30.0,80.0,0.005,0.1,0.15,0.0,mad_only
MHiQDvejiZE,30,10.81,0.0,30.0,80.0,0.005,0.1,0.15,0.0,mad_only
MHiQDvejiZE,31,11.09,0.0,30.0,80.0,0.005,0.1,0.15,0.0,mad_only
MHiQDvejiZE,32,11.38,0.0,30.0,80.0,0.005,0.1,0.15,0.0,mad_only
MHiQDvejiZE,33,11.645,0.0,30.0,80.0,0.005,0.1,0.15,0.0,mad_only
MHiQDvejiZE,34,11.92,0.0,30.0,80.0,0.005,0.1,0.15,0.0,mad_only
MHiQDvejiZE,35,12.195,0.0,30.0,80.0,0.005,0.1,0.15,0.0,mad_only
MHiQDvejiZE,36,12.48,0.0,30.0,80.0,0.005,0.1,0.15,0.0,mad_only
MHiQDvejiZE,37,12.745000000000001,0.0,30.0,80.0,0.005,0.1,0.15,0.0,mad_only
MHiQDvejiZE,38,13.035,0.0,30.0,80.0,0.005,0.1,0.15,0.0,mad_only
MHiQDvejiZE,39,13.3,0.0,30.0,80.0,0.005,0.1,0.15,0.0,mad_only
MHiQDvejiZE,40,13.585,0.0,30.0,80.0,0.005,0.1,0.15,0.0,mad_only
MHiQDvejiZE,41,13.855,0.0,30.0,80.0,0.005,0.1,0.15,0.0,mad_only
MHiQDvejiZE,42,14.14,0.0,30.0,80.0,0.005,0.1,0.15,0.0,mad_only
MHiQDvejiZE,43,14.41,0.0,30.0,80.0,0.005,0.1,0.15,0.0,mad_only
MHiQDvejiZE,44,14.695,0.0,30.0,80.0,0.005,0.1,0.15,0.0,mad_only
MHiQDvejiZE,45,14.955,0.0,30.0,80.0,0.005,0.1,0.15,0.0,mad_only
MHiQDvejiZE,46,15.23,0.0,30.0,80.0,0.005,0.1,0.15,0.0,mad_only
MHiQDvejiZE,47,15.515,0.0,30.0,80.0,0.005,0.1,0.15,0.0,mad_only
MHiQDvejiZE,48,15.795,0.0,30.0,80.0,0.005,0.1,0.15,0.0,mad_only
MHiQDvejiZE,49,16.075,0.0,30.0,80.0,0.005,0.1,0.15,0.0,mad_only
MHiQDvejiZE,50,16.345,0.0,30.0,80.0,0.005,0.1,0.15,0.0,mad_only
MHiQDvejiZE,51,16.64,0.0,30.0,80.0,0.005,0.1,0.15,0.0,mad_only
MHiQDvejiZE,52,16.915,0.0,30.0,80.0,0.005,0.1,0.15,0.0,mad_only
MHiQDvejiZE,53,17.2,0.0,30.0,80.0,0.005,0.1,0.15,0.0,mad_only
MHiQDvejiZE,54,17.46,0.0,30.0,80.0,0.005,0.1,0.15,0.0,mad_only
MHiQDvejiZE,55,17.740000000000002,0.0,30.0,80.0,0.005,0.1,0.15,0.0,mad_only
MHiQDvejiZE,56,18.03,0.0,30.0,80.0,0.005,0.1,0.15,0.0,mad_only
MHiQDvejiZE,57,18.315,0.0,30.0,80.0,0.005,0.1,0.15,0.0,mad_only
MHiQDvejiZE,58,18.585,0.0,30.0,80.0,0.005,0.1,0.15,0.0,mad_only
MHiQDvejiZE,59,18.86,0.0,30.0,80.0,0.005,0.1,0.15,0.0,mad_only
MHiQDvejiZE,60,19.145,0.0,30.0,80.0,0.005,0.1,0.15,0.0,mad_only
MHiQDvejiZE,61,19.425,0.0,30.0,80.0,0.005,0.1,0.15,0.0,mad_only
MHiQDvejiZE,62,19.69,0.0,30.0,80.0,0.005,0.1,0.15,0.0,mad_only
MHiQDvejiZE,63,19.965,0.0,30.0,80.0,0.005,0.1,0.15,0.0,mad_only
MHiQDvejiZE,64,20.25,0.0,30.0,80.0,0.005,0.1,0.15,0.0,mad_only
MHiQDvejiZE,65,20.515,0.0,30.0,80.0,0.005,0.1,0.15,0.0,mad_only
MHiQDvejiZE,66,20.795,0.0,30.0,80.0,0.005,0.1,0.15,0.0,mad_only
MHiQDvejiZE,67,21.080000000000002,0.0,30.0,80.0,0.005,0.1,0.15,0.0,mad_only
MHiQDvejiZE,68,21.35,0.0,30.0,80.0,0.005,0.1,0.15,0.0,mad_only
MHiQDvejiZE,69,21.905,0.0,30.0,80.0,0.005,0.1,0.15,0.0,mad_only
MHiQDvejiZE,70,22.195,0.0,30.0,80.0,0.005,0.1,0.15,0.0,mad_only
MHiQDvejiZE,71,22.465,0.0,30.0,80.0,0.005,0.1,0.15,0.0,mad_only
MHiQDvejiZE,72,22.755,0.0,30.0,80.0,0.005,0.1,0.15,0.0,mad_only
MHiQDvejiZE,73,23.025000000000002,0.0,30.0,80.0,0.005,0.1,0.15,0.0,mad_only
MHiQDvejiZE,74,23.305,0.0,30.0,80.0,0.005,0.1,0.15,0.0,mad_only
MHiQDvejiZE,75,23.575,0.0,30.0,80.0,0.005,0.1,0.15,0.0,mad_only
MHiQDvejiZE,76,24.13,0.0,30.0,80.0,0.005,0.1,0.15,0.0,mad_only
MHiQDvejiZE,77,24.41,0.0,30.0,80.0,0.005,0.1,0.15,0.0,mad_only
MHiQDvejiZE,78,24.675,0.0,30.0,80.0,0.005,0.1,0.15,0.0,mad_only
MHiQDvejiZE,79,24.965,0.0,30.0,80.0,0.005,0.1,0.15,0.0,mad_only
MHiQDvejiZE,80,25.235,0.0,30.0,80.0,0.005,0.1,0.15,0.0,mad_only
MHiQDvejiZE,81,25.515,0.0,30.0,80.0,0.005,0.1,0.15,0.0,mad_only
MHiQDvejiZE,82,25.795,0.0,30.0,80.0,0.005,0.1,0.15,0.0,mad_only
MHiQDvejiZE,83,26.085,0.0,30.0,80.0,0.005,0.1,0.15,0.0,mad_only
MHiQDvejiZE,84,26.345,0.0,30.0,80.0,0.005,0.1,0.15,0.0,mad_only
MHiQDvejiZE,85,26.635,0.0,30.0,80.0,0.005,0.1,0.15,0.0,mad_only
MHiQDvejiZE,86,26.905,0.0,30.0,80.0,0.005,0.1,0.15,0.0,mad_only
MHiQDvejiZE,87,27.19,0.0,30.0,80.0,0.005,0.1,0.15,0.0,mad_only
MHiQDvejiZE,88,27.46,0.0,30.0,80.0,0.005,0.1,0.15,0.0,mad_only
MHiQDvejiZE,89,27.745,0.0,30.0,80.0,0.005,0.1,0.15,0.0,mad_only
MHiQDvejiZE,90,28.025000000000002,0.0,30.0,80.0,0.005,0.1,0.15,0.0,mad_only
MHiQDvejiZE,91,28.575,0.0,30.0,80.0,0.005,0.1,0.15,0.0,mad_only
MHiQDvejiZE,92,28.85,0.0,30.0,80.0,0.005,0.1,0.15,0.0,mad_only
MHiQDvejiZE,93,29.13,0.0,30.0,80.0,0.005,0.1,0.15,0.0,mad_only
MHiQDvejiZE,94,29.68,0.0,30.0,80.0,0.005,0.1,0.15,0.0,mad_only
N8TkD2R-hPY,0,0.63,0.0,30.0,80.0,0.005,0.1,0.15,0.0,mad_only
N8TkD2R-hPY,1,1.095,0.0,30.0,80.0,0.005,0.1,0.15,0.0,mad_only
N8TkD2R-hPY,2,1.585,0.0,30.0,80.0,0.005,0.1,0.15,0.0,mad_only
N8TkD2R-hPY,3,2.09,0.0,30.0,80.0,0.005,0.1,0.15,0.0,mad_only
N8TkD2R-hPY,4,2.615,0.0,30.0,80.0,0.005,0.1,0.15,0.0,mad_only
N8TkD2R-hPY,5,3.14,0.0,30.0,80.0,0.005,0.1,0.15,0.0,mad_only
N8TkD2R-hPY,6,3.65,0.0,30.0,80.0,0.005,0.1,0.15,0.0,mad_only
N8TkD2R-hPY,7,4.17,0.0,30.0,80.0,0.005,0.1,0.15,0.0,mad_only
N8TkD2R-hPY,8,4.6850000000000005,0.0,30.0,80.0,0.005,0.1,0.15,0.0,mad_only
N8TkD2R-hPY,9,5.235,0.0,30.0,80.0,0.005,0.1,0.15,0.0,mad_only
N8TkD2R-hPY,10,5.76,0.0,30.0,80.0,0.005,0.1,0.15,0.0,mad_only
N8TkD2R-hPY,11,6.285,0.0,30.0,80.0,0.005,0.1,0.15,0.0,mad_only
N8TkD2R-hPY,12,6.785,0.0,30.0,80.0,0.005,0.1,0.15,0.0,mad_only
N8TkD2R-hPY,13,7.3100000000000005,0.0,30.0,80.0,0.005,0.1,0.15,0.0,mad_only
N8TkD2R-hPY,14,7.815,0.0,30.0,80.0,0.005,0.1,0.15,0.0,mad_only
N8TkD2R-hPY,15,8.35,0.0,30.0,80.0,0.005,0.1,0.15,0.0,mad_only
N8TkD2R-hPY,16,8.855,0.0,30.0,80.0,0.005,0.1,0.15,0.0,mad_only
N8TkD2R-hPY,17,9.39,0.0,30.0,80.0,0.005,0.1,0.15,0.0,mad_only
N8TkD2R-hPY,18,9.9,0.0,30.0,80.0,0.005,0.1,0.15,0.0,mad_only
N8TkD2R-hPY,19,10.425,0.0,30.0,80.0,0.005,0.1,0.15,0.0,mad_only
N8TkD2R-hPY,20,10.950000000000001,0.0,30.0,80.0,0.005,0.1,0.15,0.0,mad_only
N8TkD2R-hPY,21,11.475,0.0,30.0,80.0,0.005,0.1,0.15,0.0,mad_only
N8TkD2R-hPY,22,11.985,0.0,30.0,80.0,0.005,0.1,0.15,0.0,mad_only
N8TkD2R-hPY,23,12.51,0.0,30.0,80.0,0.005,0.1,0.15,0.0,mad_only
N8TkD2R-hPY,24,13.035,0.0,30.0,80.0,0.005,0.1,0.15,0.0,mad_only
N8TkD2R-hPY,25,13.56,0.0,30.0,80.0,0.005,0.1,0.15,0.0,mad_only
N8TkD2R-hPY,26,14.07,0.0,30.0,80.0,0.005,0.1,0.15,0.0,mad_only
N8TkD2R-hPY,27,14.59,0.0,30.0,80.0,0.005,0.1,0.15,0.0,mad_only
N8TkD2R-hPY,28,15.115,0.0,30.0,80.0,0.005,0.1,0.15,0.0,mad_only
N8TkD2R-hPY,29,15.615,0.0,30.0,80.0,0.005,0.1,0.15,0.0,mad_only
N8TkD2R-hPY,30,16.155,0.0,30.0,80.0,0.005,0.1,0.15,0.0,mad_only
N8TkD2R-hPY,31,16.68,0.0,30.0,80.0,0.005,0.1,0.15,0.0,mad_only
N8TkD2R-hPY,32,17.2,0.0,30.0,80.0,0.005,0.1,0.15,0.0,mad_only
N8TkD2R-hPY,33,17.72,0.0,30.0,80.0,0.005,0.1,0.15,0.0,mad_only
N8TkD2R-hPY,34,18.245,0.0,30.0,80.0,0.005,0.1,0.15,0.0,mad_only
N8TkD2R-hPY,35,18.77,0.0,30.0,80.0,0.005,0.1,0.15,0.0,mad_only
N8TkD2R-hPY,36,19.295,0.0,30.0,80.0,0.005,0.1,0.15,0.0,mad_only
N8TkD2R-hPY,37,19.815,0.0,30.0,80.0,0.005,0.1,0.15,0.0,mad_only
N8TkD2R-hPY,38,20.34,0.0,30.0,80.0,0.005,0.1,0.15,0.0,mad_only
N8TkD2R-hPY,39,20.86,0.0,30.0,80.0,0.005,0.1,0.15,0.0,mad_only
N8TkD2R-hPY,40,21.39,0.0,30.0,80.0,0.005,0.1,0.15,0.0,mad_only
N8TkD2R-hPY,41,21.92,0.0,30.0,80.0,0.005,0.1,0.15,0.0,mad_only
N8TkD2R-hPY,42,22.445,0.0,30.0,80.0,0.005,0.1,0.15,0.0,mad_only
N8TkD2R-hPY,43,22.955000000000002,0.0,30.0,80.0,0.005,0.1,0.15,0.0,mad_only
N8TkD2R-hPY,44,23.475,0.0,30.0,80.0,0.005,0.1,0.15,0.0,mad_only
N8TkD2R-hPY,45,24.0,0.0,30.0,80.0,0.005,0.1,0.15,0.0,mad_only
N8TkD2R-hPY,46,24.505,0.0,30.0,80.0,0.005,0.1,0.15,0.0,mad_only
N8TkD2R-hPY,47,25.015,0.0,30.0,80.0,0.005,0.1,0.15,0.0,mad_only
N8TkD2R-hPY,48,25.555,0.0,30.0,80.0,0.005,0.1,0.15,0.0,mad_only
N8TkD2R-hPY,49,26.065,0.0,30.0,80.0,0.005,0.1,0.15,0.0,mad_only
N8TkD2R-hPY,50,26.595,0.0,30.0,80.0,0.005,0.1,0.15,0.0,mad_only
N8TkD2R-hPY,51,27.115000000000002,0.0,30.0,80.0,0.005,0.1,0.15,0.0,mad_only
N8TkD2R-hPY,52,27.645,0.0,30.0,80.0,0.005,0.1,0.15,0.0,mad_only
N8TkD2R-hPY,53,28.165,0.0,30.0,80.0,0.005,0.1,0.15,0.0,mad_only
N8TkD2R-hPY,54,28.695,0.0,30.0,80.0,0.005,0.1,0.15,0.0,mad_only
N8TkD2R-hPY,55,29.21,0.0,30.0,80.0,0.005,0.1,0.15,0.0,mad_only
N8TkD2R-hPY,56,29.72,0.0,30.0,80.0,0.005,0.1,0.15,0.0,mad_only
NwiINF6FU2I,0,0.75,0.0,30.0,80.0,0.005,0.1,0.15,0.0,mad_only
NwiINF6FU2I,1,1.445,0.0,30.0,80.0,0.005,0.1,0.15,0.0,mad_only
NwiINF6FU2I,2,2.125,0.0,30.0,80.0,0.005,0.1,0.15,0.0,mad_only
NwiINF6FU2I,3,2.775,0.0,30.0,80.0,0.005,0.1,0.15,0.0,mad_only
NwiINF6FU2I,4,3.455,0.0,30.0,80.0,0.005,0.1,0.15,0.0,mad_only
NwiINF6FU2I,5,3.8000000000000003,0.0,30.0,80.0,0.005,0.1,0.15,0.0,mad_only
NwiINF6FU2I,6,4.125,0.0,30.0,80.0,0.005,0.1,0.15,0.0,mad_only
NwiINF6FU2I,7,4.4750000000000005,0.0,30.0,80.0,0.005,0.1,0.15,0.0,mad_only
NwiINF6FU2I,8,4.79,0.0,30.0,80.0,0.005,0.1,0.15,0.0,mad_only
NwiINF6FU2I,9,5.11,0.0,30.0,80.0,0.005,0.1,0.15,0.0,mad_only
NwiINF6FU2I,10,5.44,0.0,30.0,80.0,0.005,0.1,0.15,0.0,mad_only
NwiINF6FU2I,11,6.115,0.0,30.0,80.0,0.005,0.1,0.15,0.0,mad_only
NwiINF6FU2I,12,6.445,0.0,30.0,80.0,0.005,0.1,0.15,0.0,mad_only
NwiINF6FU2I,13,6.785,0.0,30.0,80.0,0.005,0.1,0.15,0.0,mad_only
NwiINF6FU2I,14,7.12,0.0,30.0,80.0,0.005,0.1,0.15,0.0,mad_only
NwiINF6FU2I,15,7.45,0.0,30.0,80.0,0.005,0.1,0.15,0.0,mad_only
NwiINF6FU2I,16,7.785,0.0,30.0,80.0,0.005,0.1,0.15,0.0,mad_only
NwiINF6FU2I,17,8.115,0.0,30.0,80.0,0.005,0.1,0.15,0.0,mad_only
NwiINF6FU2I,18,8.77,0.0,30.0,80.0,0.005,0.1,0.15,0.0,mad_only
NwiINF6FU2I,19,9.435,0.0,30.0,80.0,0.005,0.1,0.15,0.0,mad_only
NwiINF6FU2I,20,10.105,0.0,30.0,80.0,0.005,0.1,0.15,0.0,mad_only
NwiINF6FU2I,21,10.450000000000001,0.0,30.0,80.0,0.005,0.1,0.15,0.0,mad_only
NwiINF6FU2I,22,10.78,0.0,30.0,80.0,0.005,0.1,0.15,0.0,mad_only
NwiINF6FU2I,23,11.43,0.0,30.0,80.0,0.005,0.1,0.15,0.0,mad_only
NwiINF6FU2I,24,11.765,0.0,30.0,80.0,0.005,0.1,0.15,0.0,mad_only
NwiINF6FU2I,25,12.11,0.0,30.0,80.0,0.005,0.1,0.15,0.0,mad_only
NwiINF6FU2I,26,12.77,0.0,30.0,80.0,0.005,0.1,0.15,0.0,mad_only
NwiINF6FU2I,27,13.435,0.0,30.0,80.0,0.005,0.1,0.15,0.0,mad_only
NwiINF6FU2I,28,14.115,0.0,30.0,80.0,0.005,0.1,0.15,0.0,mad_only
NwiINF6FU2I,29,14.765,0.0,30.0,80.0,0.005,0.1,0.15,0.0,mad_only
NwiINF6FU2I,30,15.435,0.0,30.0,80.0,0.005,0.1,0.15,0.0,mad_only
NwiINF6FU2I,31,15.775,0.0,30.0,80.0,0.005,0.1,0.15,0.0,mad_only
NwiINF6FU2I,32,16.115000000000002,0.0,30.0,80.0,0.005,0.1,0.15,0.0,mad_only
NwiINF6FU2I,33,16.78,0.0,30.0,80.0,0.005,0.1,0.15,0.0,mad_only
NwiINF6FU2I,34,17.125,0.0,30.0,80.0,0.005,0.1,0.15,0.0,mad_only
NwiINF6FU2I,35,17.445,0.0,30.0,80.0,0.005,0.1,0.15,0.0,mad_only
NwiINF6FU2I,36,18.095,0.0,30.0,80.0,0.005,0.1,0.15,0.0,mad_only
NwiINF6FU2I,37,18.755,0.0,30.0,80.0,0.005,0.1,0.15,0.0,mad_only
NwiINF6FU2I,38,19.105,0.0,30.0,80.0,0.005,0.1,0.15,0.0,mad_only
NwiINF6FU2I,39,19.445,0.0,30.0,80.0,0.005,0.1,0.15,0.0,mad_only
NwiINF6FU2I,40,20.105,0.0,30.0,80.0,0.005,0.1,0.15,0.0,mad_only
NwiINF6FU2I,41,20.78,0.0,30.0,80.0,0.005,0.1,0.15,0.0,mad_only
NwiINF6FU2I,42,21.445,0.0,30.0,80.0,0.005,0.1,0.15,0.0,mad_only
NwiINF6FU2I,43,22.115000000000002,0.0,30.0,80.0,0.005,0.1,0.15,0.0,mad_only
NwiINF6FU2I,44,22.775000000000002,0.0,30.0,80.0,0.005,0.1,0.15,0.0,mad_only
NwiINF6FU2I,45,23.44,0.0,30.0,80.0,0.005,0.1,0.15,0.0,mad_only
NwiINF6FU2I,46,24.11,0.0,30.0,80.0,0.005,0.1,0.15,0.0,mad_only
NwiINF6FU2I,47,24.79,0.0,30.0,80.0,0.005,0.1,0.15,0.0,mad_only
NwiINF6FU2I,48,25.12,0.0,30.0,80.0,0.005,0.1,0.15,0.0,mad_only
NwiINF6FU2I,49,25.46,0.0,30.0,80.0,0.005,0.1,0.15,0.0,mad_only
NwiINF6FU2I,50,26.115000000000002,0.0,30.0,80.0,0.005,0.1,0.15,0.0,mad_only
NwiINF6FU2I,51,26.45,0.0,30.0,80.0,0.005,0.1,0.15,0.0,mad_only
NwiINF6FU2I,52,26.79,0.0,30.0,80.0,0.005,0.1,0.15,0.0,mad_only
NwiINF6FU2I,53,27.445,0.0,30.0,80.0,0.005,0.1,0.15,0.0,mad_only
NwiINF6FU2I,54,28.09,0.0,30.0,80.0,0.005,0.1,0.15,0.0,mad_only
NwiINF6FU2I,55,28.765,0.0,30.0,80.0,0.005,0.1,0.15,0.0,mad_only
NwiINF6FU2I,56,29.435000000000002,0.0,30.0,80.0,0.005,0.1,0.15,0.0,mad_only
O0Bb7vvDyuM,0,1.7850000000000001,0.0,30.0,80.0,0.005,0.1,0.15,0.0,mad_only
O0Bb7vvDyuM,1,2.255,0.0,30.0,80.0,0.005,0.1,0.15,0.0,mad_only
O0Bb7vvDyuM,2,2.6550000000000002,0.0,30.0,80.0,0.005,0.1,0.15,0.0,mad_only
O0Bb7vvDyuM,3,3.095,0.0,30.0,80.0,0.005,0.1,0.15,0.0,mad_only
O0Bb7vvDyuM,4,3.505,0.0,30.0,80.0,0.005,0.1,0.15,0.0,mad_only
O0Bb7vvDyuM,5,3.92,0.0,30.0,80.0,0.005,0.1,0.15,0.0,mad_only
O0Bb7vvDyuM,6,4.34,0.0,30.0,80.0,0.005,0.1,0.15,0.0,mad_only
O0Bb7vvDyuM,7,4.7700000000000005,0.0,30.0,80.0,0.005,0.1,0.15,0.0,mad_only
O0Bb7vvDyuM,8,5.205,0.0,30.0,80.0,0.005,0.1,0.15,0.0,mad_only
O0Bb7vvDyuM,9,5.6450000000000005,0.0,30.0,80.0,0.005,0.1,0.15,0.0,mad_only
O0Bb7vvDyuM,10,6.055,0.0,30.0,80.0,0.005,0.1,0.15,0.0,mad_only
O0Bb7vvDyuM,11,6.5,0.0,30.0,80.0,0.005,0.1,0.15,0.0,mad_only
O0Bb7vvDyuM,12,6.915,0.0,30.0,80.0,0.005,0.1,0.15,0.0,mad_only
O0Bb7vvDyuM,13,7.34,0.0,30.0,80.0,0.005,0.1,0.15,0.0,mad_only
O0Bb7vvDyuM,14,7.755,0.0,30.0,80.0,0.005,0.1,0.15,0.0,mad_only
O0Bb7vvDyuM,15,8.195,0.0,30.0,80.0,0.005,0.1,0.15,0.0,mad_only
O0Bb7vvDyuM,16,8.605,0.0,30.0,80.0,0.005,0.1,0.15,0.0,mad_only
O0Bb7vvDyuM,17,9.055,0.0,30.0,80.0,0.005,0.1,0.15,0.0,mad_only
O0Bb7vvDyuM,18,9.48,0.0,30.0,80.0,0.005,0.1,0.15,0.0,mad_only
O0Bb7vvDyuM,19,9.91,0.0,30.0,80.0,0.005,0.1,0.15,0.0,mad_only
O0Bb7vvDyuM,20,10.33,0.0,30.0,80.0,0.005,0.1,0.15,0.0,mad_only
O0Bb7vvDyuM,21,10.755,0.0,30.0,80.0,0.005,0.1,0.15,0.0,mad_only
O0Bb7vvDyuM,22,11.185,0.0,30.0,80.0,0.005,0.1,0.15,0.0,mad_only
O0Bb7vvDyuM,23,11.63,0.0,30.0,80.0,0.005,0.1,0.15,0.0,mad_only
O0Bb7vvDyuM,24,12.030000000000001,0.0,30.0,80.0,0.005,0.1,0.15,0.0,mad_only
O0Bb7vvDyuM,25,12.475,0.0,30.0,80.0,0.005,0.1,0.15,0.0,mad_only
O0Bb7vvDyuM,26,12.905000000000001,0.0,30.0,80.0,0.005,0.1,0.15,0.0,mad_only
O0Bb7vvDyuM,27,13.34,0.0,30.0,80.0,0.005,0.1,0.15,0.0,mad_only
O0Bb7vvDyuM,28,13.76,0.0,30.0,80.0,0.005,0.1,0.15,0.0,mad_only
O0Bb7vvDyuM,29,14.195,0.0,30.0,80.0,0.005,0.1,0.15,0.0,mad_only
O0Bb7vvDyuM,30,14.63,0.0,30.0,80.0,0.005,0.1,0.15,0.0,mad_only
O0Bb7vvDyuM,31,15.06,0.0,30.0,80.0,0.005,0.1,0.15,0.0,mad_only
O0Bb7vvDyuM,32,15.475,0.0,30.0,80.0,0.005,0.1,0.15,0.0,mad_only
O0Bb7vvDyuM,33,15.92,0.0,30.0,80.0,0.005,0.1,0.15,0.0,mad_only
O0Bb7vvDyuM,34,16.335,0.0,30.0,80.0,0.005,0.1,0.15,0.0,mad_only
O0Bb7vvDyuM,35,16.78,0.0,30.0,80.0,0.005,0.1,0.15,0.0,mad_only
O0Bb7vvDyuM,36,17.19,0.0,30.0,80.0,0.005,0.1,0.15,0.0,mad_only
O0Bb7vvDyuM,37,17.635,0.0,30.0,80.0,0.005,0.1,0.15,0.0,mad_only
O0Bb7vvDyuM,38,18.05,0.0,30.0,80.0,0.005,0.1,0.15,0.0,mad_only
O0Bb7vvDyuM,39,18.48,0.0,30.0,80.0,0.005,0.1,0.15,0.0,mad_only
O0Bb7vvDyuM,40,18.895,0.0,30.0,80.0,0.005,0.1,0.15,0.0,mad_only
O0Bb7vvDyuM,41,19.335,0.0,30.0,80.0,0.005,0.1,0.15,0.0,mad_only
O0Bb7vvDyuM,42,19.76,0.0,30.0,80.0,0.005,0.1,0.15,0.0,mad_only
O0Bb7vvDyuM,43,20.195,0.0,30.0,80.0,0.005,0.1,0.15,0.0,mad_only
O0Bb7vvDyuM,44,20.62,0.0,30.0,80.0,0.005,0.1,0.15,0.0,mad_only
O0Bb7vvDyuM,45,21.06,0.0,30.0,80.0,0.005,0.1,0.15,0.0,mad_only
O0Bb7vvDyuM,46,21.485,0.0,30.0,80.0,0.005,0.1,0.15,0.0,mad_only
O0Bb7vvDyuM,47,21.925,0.0,30.0,80.0,0.005,0.1,0.15,0.0,mad_only
O0Bb7vvDyuM,48,22.325,0.0,30.0,80.0,0.005,0.1,0.15,0.0,mad_only
O0Bb7vvDyuM,49,22.76,0.0,30.0,80.0,0.005,0.1,0.15,0.0,mad_only
O0Bb7vvDyuM,50,23.17,0.0,30.0,80.0,0.005,0.1,0.15,0.0,mad_only
O0Bb7vvDyuM,51,23.62,0.0,30.0,80.0,0.005,0.1,0.15,0.0,mad_only
O0Bb7vvDyuM,52,24.04,0.0,30.0,80.0,0.005,0.1,0.15,0.0,mad_only
O0Bb7vvDyuM,53,24.47,0.0,30.0,80.0,0.005,0.1,0.15,0.0,mad_only
O0Bb7vvDyuM,54,24.895,0.0,30.0,80.0,0.005,0.1,0.15,0.0,mad_only
O0Bb7vvDyuM,55,25.345,0.0,30.0,80.0,0.005,0.1,0.15,0.0,mad_only
O0Bb7vvDyuM,56,25.76,0.0,30.0,80.0,0.005,0.1,0.15,0.0,mad_only
O0Bb7vvDyuM,57,26.2,0.0,30.0,80.0,0.005,0.1,0.15,0.0,mad_only
O0Bb7vvDyuM,58,26.580000000000002,0.0,30.0,80.0,0.005,0.1,0.15,0.0,mad_only
O0Bb7vvDyuM,59,27.015,0.0,30.0,80.0,0.005,0.1,0.15,0.0,mad_only
O0Bb7vvDyuM,60,27.455000000000002,0.0,30.0,80.0,0.005,0.1,0.15,0.0,mad_only
O0Bb7vvDyuM,61,27.905,0.0,30.0,80.0,0.005,0.1,0.15,0.0,mad_only
O0Bb7vvDyuM,62,28.32,0.0,30.0,80.0,0.005,0.1,0.15,0.0,mad_only
O0Bb7vvDyuM,63,28.765,0.0,30.0,80.0,0.005,0.1,0.15,0.0,mad_only
O0Bb7vvDyuM,64,29.175,0.0,30.0,80.0,0.005,0.1,0.15,0.0,mad_only
O0Bb7vvDyuM,65,29.61,0.0,30.0,80.0,0.005,0.1,0.15,0.0,mad_only
O76LY5X46rg,0,0.56,0.0,30.0,80.0,0.005,0.1,0.15,0.0,mad_only
O76LY5X46rg,1,0.96,0.0,30.0,80.0,0.005,0.1,0.15,0.0,mad_only
O76LY5X46rg,2,1.425,0.0,30.0,80.0,0.005,0.1,0.15,0.0,mad_only
O76LY5X46rg,3,1.895,0.0,30.0,80.0,0.005,0.1,0.15,0.0,mad_only
O76LY5X46rg,4,2.36,0.0,30.0,80.0,0.005,0.1,0.15,0.0,mad_only
O76LY5X46rg,5,2.83,0.0,30.0,80.0,0.005,0.1,0.15,0.0,mad_only
O76LY5X46rg,6,3.295,0.0,30.0,80.0,0.005,0.1,0.15,0.0,mad_only
O76LY5X46rg,7,3.755,0.0,30.0,80.0,0.005,0.1,0.15,0.0,mad_only
O76LY5X46rg,8,4.23,0.0,30.0,80.0,0.005,0.1,0.15,0.0,mad_only
O76LY5X46rg,9,4.7,0.0,30.0,80.0,0.005,0.1,0.15,0.0,mad_only
O76LY5X46rg,10,5.17,0.0,30.0,80.0,0.005,0.1,0.15,0.0,mad_only
O76LY5X46rg,11,5.635,0.0,30.0,80.0,0.005,0.1,0.15,0.0,mad_only
O76LY5X46rg,12,6.1000000000000005,0.0,30.0,80.0,0.005,0.1,0.15,0.0,mad_only
O76LY5X46rg,13,6.565,0.0,30.0,80.0,0.005,0.1,0.15,0.0,mad_only
O76LY5X46rg,14,7.04,0.0,30.0,80.0,0.005,0.1,0.15,0.0,mad_only
O76LY5X46rg,15,7.505,0.0,30.0,80.0,0.005,0.1,0.15,0.0,mad_only
O76LY5X46rg,16,7.9750000000000005,0.0,30.0,80.0,0.005,0.1,0.15,0.0,mad_only
O76LY5X46rg,17,8.445,0.0,30.0,80.0,0.005,0.1,0.15,0.0,mad_only
O76LY5X46rg,18,8.91,0.0,30.0,80.0,0.005,0.1,0.15,0.0,mad_only
O76LY5X46rg,19,9.375,0.0,30.0,80.0,0.005,0.1,0.15,0.0,mad_only
O76LY5X46rg,20,9.85,0.0,30.0,80.0,0.005,0.1,0.15,0.0,mad_only
O76LY5X46rg,21,10.315,0.0,30.0,80.0,0.005,0.1,0.15,0.0,mad_only
O76LY5X46rg,22,10.78,0.0,30.0,80.0,0.005,0.1,0.15,0.0,mad_only
O76LY5X46rg,23,11.25,0.0,30.0,80.0,0.005,0.1,0.15,0.0,mad_only
O76LY5X46rg,24,11.72,0.0,30.0,80.0,0.005,0.1,0.15,0.0,mad_only
O76LY5X46rg,25,12.185,0.0,30.0,80.0,0.005,0.1,0.15,0.0,mad_only
O76LY5X46rg,26,12.655000000000001,0.0,30.0,80.0,0.005,0.1,0.15,0.0,mad_only
O76LY5X46rg,27,13.13,0.0,30.0,80.0,0.005,0.1,0.15,0.0,mad_only
O76LY5X46rg,28,13.6,0.0,30.0,80.0,0.005,0.1,0.15,0.0,mad_only
O76LY5X46rg,29,14.065,0.0,30.0,80.0,0.005,0.1,0.15,0.0,mad_only
O76LY5X46rg,30,14.530000000000001,0.0,30.0,80.0,0.005,0.1,0.15,0.0,mad_only
O76LY5X46rg,31,15.0,0.0,30.0,80.0,0.005,0.1,0.15,0.0,mad_only
O76LY5X46rg,32,15.47,0.0,30.0,80.0,0.005,0.1,0.15,0.0,mad_only
O76LY5X46rg,33,15.94,0.0,30.0,80.0,0.005,0.1,0.15,0.0,mad_only
O76LY5X46rg,34,16.405,0.0,30.0,80.0,0.005,0.1,0.15,0.0,mad_only
O76LY5X46rg,35,16.875,0.0,30.0,80.0,0.005,0.1,0.15,0.0,mad_only
O76LY5X46rg,36,17.34,0.0,30.0,80.0,0.005,0.1,0.15,0.0,mad_only
O76LY5X46rg,37,17.82,0.0,30.0,80.0,0.005,0.1,0.15,0.0,mad_only
O76LY5X46rg,38,18.275000000000002,0.0,30.0,80.0,0.005,0.1,0.15,0.0,mad_only
O76LY5X46rg,39,18.76,0.0,30.0,80.0,0.005,0.1,0.15,0.0,mad_only
O76LY5X46rg,40,19.22,0.0,30.0,80.0,0.005,0.1,0.15,0.0,mad_only
O76LY5X46rg,41,19.69,0.0,30.0,80.0,0.005,0.1,0.15,0.0,mad_only
O76LY5X46rg,42,20.155,0.0,30.0,80.0,0.005,0.1,0.15,0.0,mad_only
O76LY5X46rg,43,20.625,0.0,30.0,80.0,0.005,0.1,0.15,0.0,mad_only
O76LY5X46rg,44,21.09,0.0,30.0,80.0,0.005,0.1,0.15,0.0,mad_only
O76LY5X46rg,45,21.56,0.0,30.0,80.0,0.005,0.1,0.15,0.0,mad_only
O76LY5X46rg,46,22.03,0.0,30.0,80.0,0.005,0.1,0.15,0.0,mad_only
O76LY5X46rg,47,22.495,0.0,30.0,80.0,0.005,0.1,0.15,0.0,mad_only
O76LY5X46rg,48,22.96,0.0,30.0,80.0,0.005,0.1,0.15,0.0,mad_only
O76LY5X46rg,49,23.435,0.0,30.0,80.0,0.005,0.1,0.15,0.0,mad_only
O76LY5X46rg,50,23.895,0.0,30.0,80.0,0.005,0.1,0.15,0.0,mad_only
O76LY5X46rg,51,24.36,0.0,30.0,80.0,0.005,0.1,0.15,0.0,mad_only
O76LY5X46rg,52,24.835,0.0,30.0,80.0,0.005,0.1,0.15,0.0,mad_only
O76LY5X46rg,53,25.305,0.0,30.0,80.0,0.005,0.1,0.15,0.0,mad_only
O76LY5X46rg,54,25.77,0.0,30.0,80.0,0.005,0.1,0.15,0.0,mad_only
O76LY5X46rg,55,26.255,0.0,30.0,80.0,0.005,0.1,0.15,0.0,mad_only
O76LY5X46rg,56,26.725,0.0,30.0,80.0,0.005,0.1,0.15,0.0,mad_only
O76LY5X46rg,57,27.185000000000002,0.0,30.0,80.0,0.005,0.1,0.15,0.0,mad_only
O76LY5X46rg,58,27.655,0.0,30.0,80.0,0.005,0.1,0.15,0.0,mad_only
O76LY5X46rg,59,28.125,0.0,30.0,80.0,0.005,0.1,0.15,0.0,mad_only
O76LY5X46rg,60,28.595,0.0,30.0,80.0,0.005,0.1,0.15,0.0,mad_only
O76LY5X46rg,61,29.060000000000002,0.0,30.0,80.0,0.005,0.1,0.15,0.0,mad_only
O76LY5X46rg,62,29.525000000000002,0.0,30.0,80.0,0.005,0.1,0.15,0.0,mad_only
ONTJkxINr1U,0,0.72,0.0,30.0,80.0,0.005,0.1,0.15,0.0,mad_only
ONTJkxINr1U,1,1.325,0.0,30.0,80.0,0.005,0.1,0.15,0.0,mad_only
ONTJkxINr1U,2,1.925,0.0,30.0,80.0,0.005,0.1,0.15,0.0,mad_only
ONTJkxINr1U,3,2.525,0.0,30.0,80.0,0.005,0.1,0.15,0.0,mad_only
ONTJkxINr1U,4,3.13,0.0,30.0,80.0,0.005,0.1,0.15,0.0,mad_only
ONTJkxINr1U,5,3.74,0.0,30.0,80.0,0.005,0.1,0.15,0.0,mad_only
ONTJkxINr1U,6,4.345,0.0,30.0,80.0,0.005,0.1,0.15,0.0,mad_only
ONTJkxINr1U,7,4.95,0.0,30.0,80.0,0.005,0.1,0.15,0.0,mad_only
ONTJkxINr1U,8,5.555,0.0,30.0,80.0,0.005,0.1,0.15,0.0,mad_only
ONTJkxINr1U,9,6.16,0.0,30.0,80.0,0.005,0.1,0.15,0.0,mad_only
ONTJkxINr1U,10,6.775,0.0,30.0,80.0,0.005,0.1,0.15,0.0,mad_only
ONTJkxINr1U,11,7.375,0.0,30.0,80.0,0.005,0.1,0.15,0.0,mad_only
ONTJkxINr1U,12,7.985,0.0,30.0,80.0,0.005,0.1,0.15,0.0,mad_only
ONTJkxINr1U,13,8.585,0.0,30.0,80.0,0.005,0.1,0.15,0.0,mad_only
ONTJkxINr1U,14,9.195,0.0,30.0,80.0,0.005,0.1,0.15,0.0,mad_only
ONTJkxINr1U,15,9.8,0.0,30.0,80.0,0.005,0.1,0.15,0.0,mad_only
ONTJkxINr1U,16,10.4,0.0,30.0,80.0,0.005,0.1,0.15,0.0,mad_only
ONTJkxINr1U,17,11.0,0.0,30.0,80.0,0.005,0.1,0.15,0.0,mad_only
ONTJkxINr1U,18,11.605,0.0,30.0,80.0,0.005,0.1,0.15,0.0,mad_only
ONTJkxINr1U,19,12.215,0.0,30.0,80.0,0.005,0.1,0.15,0.0,mad_only
ONTJkxINr1U,20,12.815,0.0,30.0,80.0,0.005,0.1,0.15,0.0,mad_only
ONTJkxINr1U,21,13.42,0.0,30.0,80.0,0.005,0.1,0.15,0.0,mad_only
ONTJkxINr1U,22,14.030000000000001,0.0,30.0,80.0,0.005,0.1,0.15,0.0,mad_only
ONTJkxINr1U,23,14.63,0.0,30.0,80.0,0.005,0.1,0.15,0.0,mad_only
ONTJkxINr1U,24,15.245000000000001,0.0,30.0,80.0,0.005,0.1,0.15,0.0,mad_only
ONTJkxINr1U,25,15.84,0.0,30.0,80.0,0.005,0.1,0.15,0.0,mad_only
ONTJkxINr1U,26,16.455000000000002,0.0,30.0,80.0,0.005,0.1,0.15,0.0,mad_only
ONTJkxINr1U,27,17.06,0.0,30.0,80.0,0.005,0.1,0.15,0.0,mad_only
ONTJkxINr1U,28,17.675,0.0,30.0,80.0,0.005,0.1,0.15,0.0,mad_only
ONTJkxINr1U,29,18.27,0.0,30.0,80.0,0.005,0.1,0.15,0.0,mad_only
ONTJkxINr1U,30,18.57,0.0,30.0,80.0,0.005,0.1,0.15,0.0,mad_only
ONTJkxINr1U,31,18.89,0.0,30.0,80.0,0.005,0.1,0.15,0.0,mad_only
ONTJkxINr1U,32,19.485,0.0,30.0,80.0,0.005,0.1,0.15,0.0,mad_only
ONTJkxINr1U,33,19.805,0.0,30.0,80.0,0.005,0.1,0.15,0.0,mad_only
ONTJkxINr1U,34,20.095,0.0,30.0,80.0,0.005,0.1,0.15,0.0,mad_only
ONTJkxINr1U,35,20.69,0.0,30.0,80.0,0.005,0.1,0.15,0.0,mad_only
ONTJkxINr1U,36,20.995,0.0,30.0,80.0,0.005,0.1,0.15,0.0,mad_only
ONTJkxINr1U,37,21.3,0.0,30.0,80.0,0.005,0.1,0.15,0.0,mad_only
ONTJkxINr1U,38,21.91,0.0,30.0,80.0,0.005,0.1,0.15,0.0,mad_only
ONTJkxINr1U,39,22.525000000000002,0.0,30.0,80.0,0.005,0.1,0.15,0.0,mad_only
ONTJkxINr1U,40,23.125,0.0,30.0,80.0,0.005,0.1,0.15,0.0,mad_only
ONTJkxINr1U,41,23.425,0.0,30.0,80.0,0.005,0.1,0.15,0.0,mad_only
ONTJkxINr1U,42,23.735,0.0,30.0,80.0,0.005,0.1,0.15,0.0,mad_only
ONTJkxINr1U,43,24.035,0.0,30.0,80.0,0.005,0.1,0.15,0.0,mad_only
ONTJkxINr1U,44,24.35,0.0,30.0,80.0,0.005,0.1,0.15,0.0,mad_only
ONTJkxINr1U,45,24.650000000000002,0.0,30.0,80.0,0.005,0.1,0.15,0.0,mad_only
ONTJkxINr1U,46,24.955000000000002,0.0,30.0,80.0,0.005,0.1,0.15,0.0,mad_only
ONTJkxINr1U,47,25.57,0.0,30.0,80.0,0.005,0.1,0.15,0.0,mad_only
ONTJkxINr1U,48,26.155,0.0,30.0,80.0,0.005,0.1,0.15,0.0,mad_only
ONTJkxINr1U,49,27.065,0.0,30.0,80.0,0.005,0.1,0.15,0.0,mad_only
ONTJkxINr1U,50,27.64,0.0,30.0,80.0,0.005,0.1,0.15,0.0,mad_only
ONTJkxINr1U,51,28.25,0.0,30.0,80.0,0.005,0.1,0.15,0.0,mad_only
ONTJkxINr1U,52,28.585,0.0,30.0,80.0,0.005,0.1,0.15,0.0,mad_only
ONTJkxINr1U,53,28.86,0.0,30.0,80.0,0.005,0.1,0.15,0.0,mad_only
ONTJkxINr1U,54,29.18,0.0,30.0,80.0,0.005,0.1,0.15,0.0,mad_only
ONTJkxINr1U,55,29.48,0.0,30.0,80.0,0.005,0.1,0.15,0.0,mad_only
ONTJkxINr1U,56,29.77,0.0,30.0,80.0,0.005,0.1,0.15,0.0,mad_only
ORDVCeBjJdM,0,1.185,0.0,30.0,80.0,0.005,0.1,0.15,0.0,mad_only
ORDVCeBjJdM,1,1.97,0.0,30.0,80.0,0.005,0.1,0.15,0.0,mad_only
ORDVCeBjJdM,2,2.85,0.0,30.0,80.0,0.005,0.1,0.15,0.0,mad_only
ORDVCeBjJdM,3,3.29,0.0,30.0,80.0,0.005,0.1,0.15,0.0,mad_only
ORDVCeBjJdM,4,3.71,0.0,30.0,80.0,0.005,0.1,0.15,0.0,mad_only
ORDVCeBjJdM,5,4.19,0.0,30.0,80.0,0.005,0.1,0.15,0.0,mad_only
ORDVCeBjJdM,6,4.59,0.0,30.0,80.0,0.005,0.1,0.15,0.0,mad_only
ORDVCeBjJdM,7,5.015,0.0,30.0,80.0,0.005,0.1,0.15,0.0,mad_only
ORDVCeBjJdM,8,5.42,0.0,30.0,80.0,0.005,0.1,0.15,0.0,mad_only
ORDVCeBjJdM,9,5.86,0.0,30.0,80.0,0.005,0.1,0.15,0.0,mad_only
ORDVCeBjJdM,10,6.275,0.0,30.0,80.0,0.005,0.1,0.15,0.0,mad_only
ORDVCeBjJdM,11,6.715,0.0,30.0,80.0,0.005,0.1,0.15,0.0,mad_only
ORDVCeBjJdM,12,7.125,0.0,30.0,80.0,0.005,0.1,0.15,0.0,mad_only
ORDVCeBjJdM,13,7.585,0.0,30.0,80.0,0.005,0.1,0.15,0.0,mad_only
ORDVCeBjJdM,14,7.98,0.0,30.0,80.0,0.005,0.1,0.15,0.0,mad_only
ORDVCeBjJdM,15,8.445,0.0,30.0,80.0,0.005,0.1,0.15,0.0,mad_only
ORDVCeBjJdM,16,8.84,0.0,30.0,80.0,0.005,0.1,0.15,0.0,mad_only
ORDVCeBjJdM,17,9.295,0.0,30.0,80.0,0.005,0.1,0.15,0.0,mad_only
ORDVCeBjJdM,18,9.700000000000001,0.0,30.0,80.0,0.005,0.1,0.15,0.0,mad_only
ORDVCeBjJdM,19,10.14,0.0,30.0,80.0,0.005,0.1,0.15,0.0,mad_only
ORDVCeBjJdM,20,10.55,0.0,30.0,80.0,0.005,0.1,0.15,0.0,mad_only
ORDVCeBjJdM,21,11.385,0.0,30.0,80.0,0.005,0.1,0.15,0.0,mad_only
ORDVCeBjJdM,22,12.235,0.0,30.0,80.0,0.005,0.1,0.15,0.0,mad_only
ORDVCeBjJdM,23,12.73,0.0,30.0,80.0,0.005,0.1,0.15,0.0,mad_only
ORDVCeBjJdM,24,13.125,0.0,30.0,80.0,0.005,0.1,0.15,0.0,mad_only
ORDVCeBjJdM,25,13.56,0.0,30.0,80.0,0.005,0.1,0.15,0.0,mad_only
ORDVCeBjJdM,26,14.01,0.0,30.0,80.0,0.005,0.1,0.15,0.0,mad_only
ORDVCeBjJdM,27,14.485,0.0,30.0,80.0,0.005,0.1,0.15,0.0,mad_only
ORDVCeBjJdM,28,14.92,0.0,30.0,80.0,0.005,0.1,0.15,0.0,mad_only
ORDVCeBjJdM,29,15.38,0.0,30.0,80.0,0.005,0.1,0.15,0.0,mad_only
ORDVCeBjJdM,30,15.825000000000001,0.0,30.0,80.0,0.005,0.1,0.15,0.0,mad_only
ORDVCeBjJdM,31,16.27,0.0,30.0,80.0,0.005,0.1,0.15,0.0,mad_only
ORDVCeBjJdM,32,16.705000000000002,0.0,30.0,80.0,0.005,0.1,0.15,0.0,mad_only
ORDVCeBjJdM,33,17.14,0.0,30.0,80.0,0.005,0.1,0.15,0.0,mad_only
ORDVCeBjJdM,34,17.575,0.0,30.0,80.0,0.005,0.1,0.15,0.0,mad_only
ORDVCeBjJdM,35,18.035,0.0,30.0,80.0,0.005,0.1,0.15,0.0,mad_only
ORDVCeBjJdM,36,18.475,0.0,30.0,80.0,0.005,0.1,0.15,0.0,mad_only
ORDVCeBjJdM,37,18.925,0.0,30.0,80.0,0.005,0.1,0.15,0.0,mad_only
ORDVCeBjJdM,38,19.365000000000002,0.0,30.0,80.0,0.005,0.1,0.15,0.0,mad_only
ORDVCeBjJdM,39,19.81,0.0,30.0,80.0,0.005,0.1,0.15,0.0,mad_only
ORDVCeBjJdM,40,20.225,0.0,30.0,80.0,0.005,0.1,0.15,0.0,mad_only
ORDVCeBjJdM,41,20.69,0.0,30.0,80.0,0.005,0.1,0.15,0.0,mad_only
ORDVCeBjJdM,42,21.13,0.0,30.0,80.0,0.005,0.1,0.15,0.0,mad_only
ORDVCeBjJdM,43,21.59,0.0,30.0,80.0,0.005,0.1,0.15,0.0,mad_only
ORDVCeBjJdM,44,22.015,0.0,30.0,80.0,0.005,0.1,0.15,0.0,mad_only
ORDVCeBjJdM,45,22.485,0.0,30.0,80.0,0.005,0.1,0.15,0.0,mad_only
ORDVCeBjJdM,46,22.905,0.0,30.0,80.0,0.005,0.1,0.15,0.0,mad_only
ORDVCeBjJdM,47,23.37,0.0,30.0,80.0,0.005,0.1,0.15,0.0,mad_only
ORDVCeBjJdM,48,23.78,0.0,30.0,80.0,0.005,0.1,0.15,0.0,mad_only
ORDVCeBjJdM,49,24.240000000000002,0.0,30.0,80.0,0.005,0.1,0.15,0.0,mad_only
ORDVCeBjJdM,50,24.67,0.0,30.0,80.0,0.005,0.1,0.15,0.0,mad_only
ORDVCeBjJdM,51,25.125,0.0,30.0,80.0,0.005,0.1,0.15,0.0,mad_only
ORDVCeBjJdM,52,25.545,0.0,30.0,80.0,0.005,0.1,0.15,0.0,mad_only
ORDVCeBjJdM,53,25.98,0.0,30.0,80.0,0.005,0.1,0.15,0.0,mad_only
ORDVCeBjJdM,54,26.395,0.0,30.0,80.0,0.005,0.1,0.15,0.0,mad_only
ORDVCeBjJdM,55,27.265,0.0,30.0,80.0,0.005,0.1,0.15,0.0,mad_only
ORDVCeBjJdM,56,27.72,0.0,30.0,80.0,0.005,0.1,0.15,0.0,mad_only
ORDVCeBjJdM,57,28.155,0.0,30.0,80.0,0.005,0.1,0.15,0.0,mad_only
ORDVCeBjJdM,58,28.61,0.0,30.0,80.0,0.005,0.1,0.15,0.0,mad_only
ORDVCeBjJdM,59,29.045,0.0,30.0,80.0,0.005,0.1,0.15,0.0,mad_only
ORDVCeBjJdM,60,29.52,0.0,30.0,80.0,0.005,0.1,0.15,0.0,mad_only
ORDVCeBjJdM,61,29.91,0.0,30.0,80.0,0.005,0.1,0.15,0.0,mad_only
OSkUD7S_WSs,0,1.1400000000000001,0.0,30.0,80.0,0.005,0.1,0.15,0.0,mad_only
OSkUD7S_WSs,1,2.09,0.0,30.0,80.0,0.005,0.1,0.15,0.0,mad_only
OSkUD7S_WSs,2,2.9250000000000003,0.0,30.0,80.0,0.005,0.1,0.15,0.0,mad_only
OSkUD7S_WSs,3,3.805,0.0,30.0,80.0,0.005,0.1,0.15,0.0,mad_only
OSkUD7S_WSs,4,4.66,0.0,30.0,80.0,0.005,0.1,0.15,0.0,mad_only
OSkUD7S_WSs,5,5.505,0.0,30.0,80.0,0.005,0.1,0.15,0.0,mad_only
OSkUD7S_WSs,6,6.325,0.0,30.0,80.0,0.005,0.1,0.15,0.0,mad_only
OSkUD7S_WSs,7,7.21,0.0,30.0,80.0,0.005,0.1,0.15,0.0,mad_only
OSkUD7S_WSs,8,8.06,0.0,30.0,80.0,0.005,0.1,0.15,0.0,mad_only
OSkUD7S_WSs,9,8.92,0.0,30.0,80.0,0.005,0.1,0.15,0.0,mad_only
OSkUD7S_WSs,10,9.81,0.0,30.0,80.0,0.005,0.1,0.15,0.0,mad_only
OSkUD7S_WSs,11,10.685,0.0,30.0,80.0,0.005,0.1,0.15,0.0,mad_only
OSkUD7S_WSs,12,11.485,0.0,30.0,80.0,0.005,0.1,0.15,0.0,mad_only
OSkUD7S_WSs,13,11.935,0.0,30.0,80.0,0.005,0.1,0.15,0.0,mad_only
OSkUD7S_WSs,14,12.34,0.0,30.0,80.0,0.005,0.1,0.15,0.0,mad_only
OSkUD7S_WSs,15,13.195,0.0,30.0,80.0,0.005,0.1,0.15,0.0,mad_only
OSkUD7S_WSs,16,13.635,0.0,30.0,80.0,0.005,0.1,0.15,0.0,mad_only
OSkUD7S_WSs,17,14.055,0.0,30.0,80.0,0.005,0.1,0.15,0.0,mad_only
OSkUD7S_WSs,18,14.91,0.0,30.0,80.0,0.005,0.1,0.15,0.0,mad_only
OSkUD7S_WSs,19,15.325000000000001,0.0,30.0,80.0,0.005,0.1,0.15,0.0,mad_only
OSkUD7S_WSs,20,15.775,0.0,30.0,80.0,0.005,0.1,0.15,0.0,mad_only
OSkUD7S_WSs,21,16.615000000000002,0.0,30.0,80.0,0.005,0.1,0.15,0.0,mad_only
OSkUD7S_WSs,22,17.085,0.0,30.0,80.0,0.005,0.1,0.15,0.0,mad_only
OSkUD7S_WSs,23,17.485,0.0,30.0,80.0,0.005,0.1,0.15,0.0,mad_only
OSkUD7S_WSs,24,18.345,0.0,30.0,80.0,0.005,0.1,0.15,0.0,mad_only
OSkUD7S_WSs,25,18.76,0.0,30.0,80.0,0.005,0.1,0.15,0.0,mad_only
OSkUD7S_WSs,26,19.21,0.0,30.0,80.0,0.005,0.1,0.15,0.0,mad_only
OSkUD7S_WSs,27,19.655,0.0,30.0,80.0,0.005,0.1,0.15,0.0,mad_only
OSkUD7S_WSs,28,20.09,0.0,30.0,80.0,0.005,0.1,0.15,0.0,mad_only
OSkUD7S_WSs,29,20.535,0.0,30.0,80.0,0.005,0.1,0.15,0.0,mad_only
OSkUD7S_WSs,30,20.965,0.0,30.0,80.0,0.005,0.1,0.15,0.0,mad_only
OSkUD7S_WSs,31,21.395,0.0,30.0,80.0,0.005,0.1,0.15,0.0,mad_only
OSkUD7S_WSs,32,21.765,0.0,30.0,80.0,0.005,0.1,0.15,0.0,mad_only
OSkUD7S_WSs,33,22.22,0.0,30.0,80.0,0.005,0.1,0.15,0.0,mad_only
OSkUD7S_WSs,34,22.62,0.0,30.0,80.0,0.005,0.1,0.15,0.0,mad_only
OSkUD7S_WSs,35,23.07,0.0,30.0,80.0,0.005,0.1,0.15,0.0,mad_only
OSkUD7S_WSs,36,23.48,0.0,30.0,80.0,0.005,0.1,0.15,0.0,mad_only
OSkUD7S_WSs,37,23.94,0.0,30.0,80.0,0.005,0.1,0.15,0.0,mad_only
OSkUD7S_WSs,38,24.35,0.0,30.0,80.0,0.005,0.1,0.15,0.0,mad_only
OSkUD7S_WSs,39,24.79,0.0,30.0,80.0,0.005,0.1,0.15,0.0,mad_only
OSkUD7S_WSs,40,25.21,0.0,30.0,80.0,0.005,0.1,0.15,0.0,mad_only
OSkUD7S_WSs,41,25.66,0.0,30.0,80.0,0.005,0.1,0.15,0.0,mad_only
OSkUD7S_WSs,42,26.075,0.0,30.0,80.0,0.005,0.1,0.15,0.0,mad_only
OSkUD7S_WSs,43,26.915,0.0,30.0,80.0,0.005,0.1,0.15,0.0,mad_only
OSkUD7S_WSs,44,27.37,0.0,30.0,80.0,0.005,0.1,0.15,0.0,mad_only
OSkUD7S_WSs,45,27.79,0.0,30.0,80.0,0.005,0.1,0.15,0.0,mad_only
OSkUD7S_WSs,46,28.27,0.0,30.0,80.0,0.005,0.1,0.15,0.0,mad_only
OSkUD7S_WSs,47,28.685000000000002,0.0,30.0,80.0,0.005,0.1,0.15,0.0,mad_only
OSkUD7S_WSs,48,29.075,0.0,30.0,80.0,0.005,0.1,0.15,0.0,mad_only
OSkUD7S_WSs,49,29.5,0.0,30.0,80.0,0.005,0.1,0.15,0.0,mad_only
Odh8Oe5sZa0,0,0.795,0.0,30.0,80.0,0.005,0.1,0.15,0.0,mad_only
Odh8Oe5sZa0,1,1.4000000000000001,0.0,30.0,80.0,0.005,0.1,0.15,0.0,mad_only
Odh8Oe5sZa0,2,2.02,0.0,30.0,80.0,0.005,0.1,0.15,0.0,mad_only
Odh8Oe5sZa0,3,2.67,0.0,30.0,80.0,0.005,0.1,0.15,0.0,mad_only
Odh8Oe5sZa0,4,3.5300000000000002,0.0,30.0,80.0,0.005,0.1,0.15,0.0,mad_only
Odh8Oe5sZa0,5,3.9250000000000003,0.0,30.0,80.0,0.005,0.1,0.15,0.0,mad_only
Odh8Oe5sZa0,6,4.555,0.0,30.0,80.0,0.005,0.1,0.15,0.0,mad_only
Odh8Oe5sZa0,7,5.175,0.0,30.0,80.0,0.005,0.1,0.15,0.0,mad_only
Odh8Oe5sZa0,8,5.7700000000000005,0.0,30.0,80.0,0.005,0.1,0.15,0.0,mad_only
Odh8Oe5sZa0,9,7.140000000000001,0.0,30.0,80.0,0.005,0.1,0.15,0.0,mad_only
Odh8Oe5sZa0,10,8.49,0.0,30.0,80.0,0.005,0.1,0.15,0.0,mad_only
Odh8Oe5sZa0,11,9.305,0.0,30.0,80.0,0.005,0.1,0.15,0.0,mad_only
Odh8Oe5sZa0,12,9.985,0.0,30.0,80.0,0.005,0.1,0.15,0.0,mad_only
Odh8Oe5sZa0,13,10.655,0.0,30.0,80.0,0.005,0.1,0.15,0.0,mad_only
Odh8Oe5sZa0,14,11.315,0.0,30.0,80.0,0.005,0.1,0.15,0.0,mad_only
Odh8Oe5sZa0,15,11.965,0.0,30.0,80.0,0.005,0.1,0.15,0.0,mad_only
Odh8Oe5sZa0,16,12.305,0.0,30.0,80.0,0.005,0.1,0.15,0.0,mad_only
Odh8Oe5sZa0,17,12.645,0.0,30.0,80.0,0.005,0.1,0.15,0.0,mad_only
Odh8Oe5sZa0,18,13.305,0.0,30.0,80.0,0.005,0.1,0.15,0.0,mad_only
Odh8Oe5sZa0,19,13.935,0.0,30.0,80.0,0.005,0.1,0.15,0.0,mad_only
Odh8Oe5sZa0,20,14.61,0.0,30.0,80.0,0.005,0.1,0.15,0.0,mad_only
Odh8Oe5sZa0,21,15.235,0.0,30.0,80.0,0.005,0.1,0.15,0.0,mad_only
Odh8Oe5sZa0,22,15.935,0.0,30.0,80.0,0.005,0.1,0.15,0.0,mad_only
Odh8Oe5sZa0,23,16.525,0.0,30.0,80.0,0.005,0.1,0.15,0.0,mad_only
Odh8Oe5sZa0,24,17.17,0.0,30.0,80.0,0.005,0.1,0.15,0.0,mad_only
Odh8Oe5sZa0,25,17.85,0.0,30.0,80.0,0.005,0.1,0.15,0.0,mad_only
Odh8Oe5sZa0,26,18.52,0.0,30.0,80.0,0.005,0.1,0.15,0.0,mad_only
Odh8Oe5sZa0,27,19.17,0.0,30.0,80.0,0.005,0.1,0.15,0.0,mad_only
Odh8Oe5sZa0,28,19.805,0.0,30.0,80.0,0.005,0.1,0.15,0.0,mad_only
Odh8Oe5sZa0,29,20.445,0.0,30.0,80.0,0.005,0.1,0.15,0.0,mad_only
Odh8Oe5sZa0,30,21.135,0.0,30.0,80.0,0.005,0.1,0.15,0.0,mad_only
Odh8Oe5sZa0,31,21.765,0.0,30.0,80.0,0.005,0.1,0.15,0.0,mad_only
Odh8Oe5sZa0,32,22.43,0.0,30.0,80.0,0.005,0.1,0.15,0.0,mad_only
Odh8Oe5sZa0,33,23.085,0.0,30.0,80.0,0.005,0.1,0.15,0.0,mad_only
Odh8Oe5sZa0,34,23.755,0.0,30.0,80.0,0.005,0.1,0.15,0.0,mad_only
Odh8Oe5sZa0,35,24.365000000000002,0.0,30.0,80.0,0.005,0.1,0.15,0.0,mad_only
Odh8Oe5sZa0,36,25.025000000000002,0.0,30.0,80.0,0.005,0.1,0.15,0.0,mad_only
Odh8Oe5sZa0,37,25.69,0.0,30.0,80.0,0.005,0.1,0.15,0.0,mad_only
Odh8Oe5sZa0,38,26.365000000000002,0.0,30.0,80.0,0.005,0.1,0.15,0.0,mad_only
Odh8Oe5sZa0,39,26.995,0.0,30.0,80.0,0.005,0.1,0.15,0.0,mad_only
Odh8Oe5sZa0,40,27.66,0.0,30.0,80.0,0.005,0.1,0.15,0.0,mad_only
Odh8Oe5sZa0,41,28.325,0.0,30.0,80.0,0.005,0.1,0.15,0.0,mad_only
Odh8Oe5sZa0,42,28.97,0.0,30.0,80.0,0.005,0.1,0.15,0.0,mad_only
Odh8Oe5sZa0,43,29.615000000000002,0.0,30.0,80.0,0.005,0.1,0.15,0.0,mad_only
PIFXJ4XQX4E,0,0.99,0.0,30.0,80.0,0.005,0.1,0.15,0.0,mad_only
PIFXJ4XQX4E,1,2.09,0.0,30.0,80.0,0.005,0.1,0.15,0.0,mad_only
PIFXJ4XQX4E,2,2.67,0.0,30.0,80.0,0.005,0.1,0.15,0.0,mad_only
PIFXJ4XQX4E,3,3.275,0.0,30.0,80.0,0.005,0.1,0.15,0.0,mad_only
PIFXJ4XQX4E,4,3.895,0.0,30.0,80.0,0.005,0.1,0.15,0.0,mad_only
PIFXJ4XQX4E,5,4.495,0.0,30.0,80.0,0.005,0.1,0.15,0.0,mad_only
PIFXJ4XQX4E,6,5.09,0.0,30.0,80.0,0.005,0.1,0.15,0.0,mad_only
PIFXJ4XQX4E,7,5.38,0.0,30.0,80.0,0.005,0.1,0.15,0.0,mad_only
PIFXJ4XQX4E,8,5.71,0.0,30.0,80.0,0.005,0.1,0.15,0.0,mad_only
PIFXJ4XQX4E,9,6.305,0.0,30.0,80.0,0.005,0.1,0.15,0.0,mad_only
PIFXJ4XQX4E,10,6.61,0.0,30.0,80.0,0.005,0.1,0.15,0.0,mad_only
PIFXJ4XQX4E,11,6.915,0.0,30.0,80.0,0.005,0.1,0.15,0.0,mad_only
PIFXJ4XQX4E,12,7.525,0.0,30.0,80.0,0.005,0.1,0.15,0.0,mad_only
PIFXJ4XQX4E,13,7.815,0.0,30.0,80.0,0.005,0.1,0.15,0.0,mad_only
PIFXJ4XQX4E,14,8.13,0.0,30.0,80.0,0.005,0.1,0.15,0.0,mad_only
PIFXJ4XQX4E,15,8.725,0.0,30.0,80.0,0.005,0.1,0.15,0.0,mad_only
PIFXJ4XQX4E,16,9.015,0.0,30.0,80.0,0.005,0.1,0.15,0.0,mad_only
PIFXJ4XQX4E,17,9.325000000000001,0.0,30.0,80.0,0.005,0.1,0.15,0.0,mad_only
PIFXJ4XQX4E,18,9.93,0.0,30.0,80.0,0.005,0.1,0.15,0.0,mad_only
PIFXJ4XQX4E,19,10.23,0.0,30.0,80.0,0.005,0.1,0.15,0.0,mad_only
PIFXJ4XQX4E,20,10.540000000000001,0.0,30.0,80.0,0.005,0.1,0.15,0.0,mad_only
PIFXJ4XQX4E,21,11.145,0.0,30.0,80.0,0.005,0.1,0.15,0.0,mad_only
PIFXJ4XQX4E,22,11.425,0.0,30.0,80.0,0.005,0.1,0.15,0.0,mad_only
PIFXJ4XQX4E,23,11.74,0.0,30.0,80.0,0.005,0.1,0.15,0.0,mad_only
PIFXJ4XQX4E,24,12.36,0.0,30.0,80.0,0.005,0.1,0.15,0.0,mad_only
PIFXJ4XQX4E,25,12.66,0.0,30.0,80.0,0.005,0.1,0.15,0.0,mad_only
PIFXJ4XQX4E,26,12.97,0.0,30.0,80.0,0.005,0.1,0.15,0.0,mad_only
PIFXJ4XQX4E,27,13.58,0.0,30.0,80.0,0.005,0.1,0.15,0.0,mad_only
PIFXJ4XQX4E,28,13.870000000000001,0.0,30.0,80.0,0.005,0.1,0.15,0.0,mad_only
PIFXJ4XQX4E,29,14.18,0.0,30.0,80.0,0.005,0.1,0.15,0.0,mad_only
PIFXJ4XQX4E,30,14.780000000000001,0.0,30.0,80.0,0.005,0.1,0.15,0.0,mad_only
PIFXJ4XQX4E,31,15.1,0.0,30.0,80.0,0.005,0.1,0.15,0.0,mad_only
PIFXJ4XQX4E,32,15.39,0.0,30.0,80.0,0.005,0.1,0.15,0.0,mad_only
PIFXJ4XQX4E,33,15.995000000000001,0.0,30.0,80.0,0.005,0.1,0.15,0.0,mad_only
PIFXJ4XQX4E,34,16.3,0.0,30.0,80.0,0.005,0.1,0.15,0.0,mad_only
PIFXJ4XQX4E,35,16.6,0.0,30.0,80.0,0.005,0.1,0.15,0.0,mad_only
PIFXJ4XQX4E,36,17.2,0.0,30.0,80.0,0.005,0.1,0.15,0.0,mad_only
PIFXJ4XQX4E,37,17.815,0.0,30.0,80.0,0.005,0.1,0.15,0.0,mad_only
PIFXJ4XQX4E,38,18.405,0.0,30.0,80.0,0.005,0.1,0.15,0.0,mad_only
PIFXJ4XQX4E,39,19.01,0.0,30.0,80.0,0.005,0.1,0.15,0.0,mad_only
PIFXJ4XQX4E,40,19.62,0.0,30.0,80.0,0.005,0.1,0.15,0.0,mad_only
PIFXJ4XQX4E,41,20.25,0.0,30.0,80.0,0.005,0.1,0.15,0.0,mad_only
PIFXJ4XQX4E,42,20.86,0.0,30.0,80.0,0.005,0.1,0.15,0.0,mad_only
PIFXJ4XQX4E,43,21.16,0.0,30.0,80.0,0.005,0.1,0.15,0.0,mad_only
PIFXJ4XQX4E,44,21.465,0.0,30.0,80.0,0.005,0.1,0.15,0.0,mad_only
PIFXJ4XQX4E,45,22.045,0.0,30.0,80.0,0.005,0.1,0.15,0.0,mad_only
PIFXJ4XQX4E,46,22.650000000000002,0.0,30.0,80.0,0.005,0.1,0.15,0.0,mad_only
PIFXJ4XQX4E,47,23.26,0.0,30.0,80.0,0.005,0.1,0.15,0.0,mad_only
PIFXJ4XQX4E,48,23.555,0.0,30.0,80.0,0.005,0.1,0.15,0.0,mad_only
PIFXJ4XQX4E,49,23.87,0.0,30.0,80.0,0.005,0.1,0.15,0.0,mad_only
PIFXJ4XQX4E,50,24.47,0.0,30.0,80.0,0.005,0.1,0.15,0.0,mad_only
PIFXJ4XQX4E,51,24.77,0.0,30.0,80.0,0.005,0.1,0.15,0.0,mad_only
PIFXJ4XQX4E,52,25.075,0.0,30.0,80.0,0.005,0.1,0.15,0.0,mad_only
PIFXJ4XQX4E,53,25.69,0.0,30.0,80.0,0.005,0.1,0.15,0.0,mad_only
PIFXJ4XQX4E,54,25.985,0.0,30.0,80.0,0.005,0.1,0.15,0.0,mad_only
PIFXJ4XQX4E,55,26.3,0.0,30.0,80.0,0.005,0.1,0.15,0.0,mad_only
PIFXJ4XQX4E,56,26.885,0.0,30.0,80.0,0.005,0.1,0.15,0.0,mad_only
PIFXJ4XQX4E,57,27.19,0.0,30.0,80.0,0.005,0.1,0.15,0.0,mad_only
PIFXJ4XQX4E,58,27.505,0.0,30.0,80.0,0.005,0.1,0.15,0.0,mad_only
PIFXJ4XQX4E,59,28.105,0.0,30.0,80.0,0.005,0.1,0.15,0.0,mad_only
PIFXJ4XQX4E,60,28.395,0.0,30.0,80.0,0.005,0.1,0.15,0.0,mad_only
PIFXJ4XQX4E,61,28.72,0.0,30.0,80.0,0.005,0.1,0.15,0.0,mad_only
PIFXJ4XQX4E,62,29.315,0.0,30.0,80.0,0.005,0.1,0.15,0.0,mad_only
PIFXJ4XQX4E,63,29.625,0.0,30.0,80.0,0.005,0.1,0.15,0.0,mad_only
PIFXJ4XQX4E,64,29.92,0.0,30.0,80.0,0.005,0.1,0.15,0.0,mad_only
PRP1fU8obtA,0,0.9400000000000001,0.0,30.0,80.0,0.005,0.1,0.15,0.0,mad_only
PRP1fU8obtA,1,1.655,0.0,30.0,80.0,0.005,0.1,0.15,0.0,mad_only
PRP1fU8obtA,2,2.07,0.0,30.0,80.0,0.005,0.1,0.15,0.0,mad_only
PRP1fU8obtA,3,2.875,0.0,30.0,80.0,0.005,0.1,0.15,0.0,mad_only
PRP1fU8obtA,4,3.2600000000000002,0.0,30.0,80.0,0.005,0.1,0.15,0.0,mad_only
PRP1fU8obtA,5,3.66,0.0,30.0,80.0,0.005,0.1,0.15,0.0,mad_only
PRP1fU8obtA,6,4.035,0.0,30.0,80.0,0.005,0.1,0.15,0.0,mad_only
PRP1fU8obtA,7,4.44,0.0,30.0,80.0,0.005,0.1,0.15,0.0,mad_only
PRP1fU8obtA,8,4.815,0.0,30.0,80.0,0.005,0.1,0.15,0.0,mad_only
PRP1fU8obtA,9,5.24,0.0,30.0,80.0,0.005,0.1,0.15,0.0,mad_only
PRP1fU8obtA,10,5.6450000000000005,0.0,30.0,80.0,0.005,0.1,0.15,0.0,mad_only
PRP1fU8obtA,11,6.045,0.0,30.0,80.0,0.005,0.1,0.15,0.0,mad_only
PRP1fU8obtA,12,6.44,0.0,30.0,80.0,0.005,0.1,0.15,0.0,mad_only
PRP1fU8obtA,13,6.835,0.0,30.0,80.0,0.005,0.1,0.15,0.0,mad_only
PRP1fU8obtA,14,7.245,0.0,30.0,80.0,0.005,0.1,0.15,0.0,mad_only
PRP1fU8obtA,15,7.640000000000001,0.0,30.0,80.0,0.005,0.1,0.15,0.0,mad_only
PRP1fU8obtA,16,8.040000000000001,0.0,30.0,80.0,0.005,0.1,0.15,0.0,mad_only
PRP1fU8obtA,17,8.435,0.0,30.0,80.0,0.005,0.1,0.15,0.0,mad_only
PRP1fU8obtA,18,8.825000000000001,0.0,30.0,80.0,0.005,0.1,0.15,0.0,mad_only
PRP1fU8obtA,19,9.23,0.0,30.0,80.0,0.005,0.1,0.15,0.0,mad_only
PRP1fU8obtA,20,9.620000000000001,0.0,30.0,80.0,0.005,0.1,0.15,0.0,mad_only
PRP1fU8obtA,21,10.015,0.0,30.0,80.0,0.005,0.1,0.15,0.0,mad_only
PRP1fU8obtA,22,10.415000000000001,0.0,30.0,80.0,0.005,0.1,0.15,0.0,mad_only
PRP1fU8obtA,23,10.83,0.0,30.0,80.0,0.005,0.1,0.15,0.0,mad_only
PRP1fU8obtA,24,11.23,0.0,30.0,80.0,0.005,0.1,0.15,0.0,mad_only
PRP1fU8obtA,25,11.620000000000001,0.0,30.0,80.0,0.005,0.1,0.15,0.0,mad_only
PRP1fU8obtA,26,12.02,0.0,30.0,80.0,0.005,0.1,0.15,0.0,mad_only
PRP1fU8obtA,27,12.405000000000001,0.0,30.0,80.0,0.005,0.1,0.15,0.0,mad_only
PRP1fU8obtA,28,12.81,0.0,30.0,80.0,0.005,0.1,0.15,0.0,mad_only
PRP1fU8obtA,29,13.215,0.0,30.0,80.0,0.005,0.1,0.15,0.0,mad_only
PRP1fU8obtA,30,13.63,0.0,30.0,80.0,0.005,0.1,0.15,0.0,mad_only
PRP1fU8obtA,31,14.030000000000001,0.0,30.0,80.0,0.005,0.1,0.15,0.0,mad_only
PRP1fU8obtA,32,14.435,0.0,30.0,80.0,0.005,0.1,0.15,0.0,mad_only
PRP1fU8obtA,33,14.85,0.0,30.0,80.0,0.005,0.1,0.15,0.0,mad_only
PRP1fU8obtA,34,15.255,0.0,30.0,80.0,0.005,0.1,0.15,0.0,mad_only
PRP1fU8obtA,35,15.67,0.0,30.0,80.0,0.005,0.1,0.15,0.0,mad_only
PRP1fU8obtA,36,16.055,0.0,30.0,80.0,0.005,0.1,0.15,0.0,mad_only
PRP1fU8obtA,37,16.475,0.0,30.0,80.0,0.005,0.1,0.15,0.0,mad_only
PRP1fU8obtA,38,16.85,0.0,30.0,80.0,0.005,0.1,0.15,0.0,mad_only
PRP1fU8obtA,39,17.25,0.0,30.0,80.0,0.005,0.1,0.15,0.0,mad_only
PRP1fU8obtA,40,17.645,0.0,30.0,80.0,0.005,0.1,0.15,0.0,mad_only
PRP1fU8obtA,41,18.04,0.0,30.0,80.0,0.005,0.1,0.15,0.0,mad_only
PRP1fU8obtA,42,18.435,0.0,30.0,80.0,0.005,0.1,0.15,0.0,mad_only
PRP1fU8obtA,43,18.845,0.0,30.0,80.0,0.005,0.1,0.15,0.0,mad_only
PRP1fU8obtA,44,19.23,0.0,30.0,80.0,0.005,0.1,0.15,0.0,mad_only
PRP1fU8obtA,45,19.62,0.0,30.0,80.0,0.005,0.1,0.15,0.0,mad_only
PRP1fU8obtA,46,20.025000000000002,0.0,30.0,80.0,0.005,0.1,0.15,0.0,mad_only
PRP1fU8obtA,47,20.435,0.0,30.0,80.0,0.005,0.1,0.15,0.0,mad_only
PRP1fU8obtA,48,20.82,0.0,30.0,80.0,0.005,0.1,0.15,0.0,mad_only
PRP1fU8obtA,49,21.235,0.0,30.0,80.0,0.005,0.1,0.15,0.0,mad_only
PRP1fU8obtA,50,21.655,0.0,30.0,80.0,0.005,0.1,0.15,0.0,mad_only
PRP1fU8obtA,51,22.025000000000002,0.0,30.0,80.0,0.005,0.1,0.15,0.0,mad_only
PRP1fU8obtA,52,22.43,0.0,30.0,80.0,0.005,0.1,0.15,0.0,mad_only
PRP1fU8obtA,53,22.830000000000002,0.0,30.0,80.0,0.005,0.1,0.15,0.0,mad_only
PRP1fU8obtA,54,23.235,0.0,30.0,80.0,0.005,0.1,0.15,0.0,mad_only
PRP1fU8obtA,55,23.635,0.0,30.0,80.0,0.005,0.1,0.15,0.0,mad_only
PRP1fU8obtA,56,24.035,0.0,30.0,80.0,0.005,0.1,0.15,0.0,mad_only
PRP1fU8obtA,57,24.425,0.0,30.0,80.0,0.005,0.1,0.15,0.0,mad_only
PRP1fU8obtA,58,24.825,0.0,30.0,80.0,0.005,0.1,0.15,0.0,mad_only
PRP1fU8obtA,59,25.22,0.0,30.0,80.0,0.005,0.1,0.15,0.0,mad_only
PRP1fU8obtA,60,25.650000000000002,0.0,30.0,80.0,0.005,0.1,0.15,0.0,mad_only
PRP1fU8obtA,61,26.035,0.0,30.0,80.0,0.005,0.1,0.15,0.0,mad_only
PRP1fU8obtA,62,26.44,0.0,30.0,80.0,0.005,0.1,0.15,0.0,mad_only
PRP1fU8obtA,63,26.830000000000002,0.0,30.0,80.0,0.005,0.1,0.15,0.0,mad_only
PRP1fU8obtA,64,27.25,0.0,30.0,80.0,0.005,0.1,0.15,0.0,mad_only
PRP1fU8obtA,65,27.635,0.0,30.0,80.0,0.005,0.1,0.15,0.0,mad_only
PRP1fU8obtA,66,28.035,0.0,30.0,80.0,0.005,0.1,0.15,0.0,mad_only
PRP1fU8obtA,67,28.415,0.0,30.0,80.0,0.005,0.1,0.15,0.0,mad_only
PRP1fU8obtA,68,28.830000000000002,0.0,30.0,80.0,0.005,0.1,0.15,0.0,mad_only
PRP1fU8obtA,69,29.23,0.0,30.0,80.0,0.005,0.1,0.15,0.0,mad_only
PRP1fU8obtA,70,29.63,0.0,30.0,80.0,0.005,0.1,0.15,0.0,mad_only
PuHJRHiXNMQ,0,0.895,0.0,30.0,80.0,0.005,0.1,0.15,0.0,mad_only
PuHJRHiXNMQ,1,1.6600000000000001,0.0,30.0,80.0,0.005,0.1,0.15,0.0,mad_only
PuHJRHiXNMQ,2,2.055,0.0,30.0,80.0,0.005,0.1,0.15,0.0,mad_only
PuHJRHiXNMQ,3,2.445,0.0,30.0,80.0,0.005,0.1,0.15,0.0,mad_only
PuHJRHiXNMQ,4,3.21,0.0,30.0,80.0,0.005,0.1,0.15,0.0,mad_only
PuHJRHiXNMQ,5,4.0,0.0,30.0,80.0,0.005,0.1,0.15,0.0,mad_only
PuHJRHiXNMQ,6,4.405,0.0,30.0,80.0,0.005,0.1,0.15,0.0,mad_only
PuHJRHiXNMQ,7,4.8100000000000005,0.0,30.0,80.0,0.005,0.1,0.15,0.0,mad_only
PuHJRHiXNMQ,8,5.23,0.0,30.0,80.0,0.005,0.1,0.15,0.0,mad_only
PuHJRHiXNMQ,9,5.585,0.0,30.0,80.0,0.005,0.1,0.15,0.0,mad_only
PuHJRHiXNMQ,10,5.985,0.0,30.0,80.0,0.005,0.1,0.15,0.0,mad_only
PuHJRHiXNMQ,11,6.365,0.0,30.0,80.0,0.005,0.1,0.15,0.0,mad_only
PuHJRHiXNMQ,12,6.7700000000000005,0.0,30.0,80.0,0.005,0.1,0.15,0.0,mad_only
PuHJRHiXNMQ,13,7.1450000000000005,0.0,30.0,80.0,0.005,0.1,0.15,0.0,mad_only
PuHJRHiXNMQ,14,7.9350000000000005,0.0,30.0,80.0,0.005,0.1,0.15,0.0,mad_only
PuHJRHiXNMQ,15,8.35,0.0,30.0,80.0,0.005,0.1,0.15,0.0,mad_only
PuHJRHiXNMQ,16,8.705,0.0,30.0,80.0,0.005,0.1,0.15,0.0,mad_only
PuHJRHiXNMQ,17,9.11,0.0,30.0,80.0,0.005,0.1,0.15,0.0,mad_only
PuHJRHiXNMQ,18,9.525,0.0,30.0,80.0,0.005,0.1,0.15,0.0,mad_only
PuHJRHiXNMQ,19,9.925,0.0,30.0,80.0,0.005,0.1,0.15,0.0,mad_only
PuHJRHiXNMQ,20,10.315,0.0,30.0,80.0,0.005,0.1,0.15,0.0,mad_only
PuHJRHiXNMQ,21,10.74,0.0,30.0,80.0,0.005,0.1,0.15,0.0,mad_only
PuHJRHiXNMQ,22,11.105,0.0,30.0,80.0,0.005,0.1,0.15,0.0,mad_only
PuHJRHiXNMQ,23,11.505,0.0,30.0,80.0,0.005,0.1,0.15,0.0,mad_only
PuHJRHiXNMQ,24,11.89,0.0,30.0,80.0,0.005,0.1,0.15,0.0,mad_only
PuHJRHiXNMQ,25,12.68,0.0,30.0,80.0,0.005,0.1,0.15,0.0,mad_only
PuHJRHiXNMQ,26,13.06,0.0,30.0,80.0,0.005,0.1,0.15,0.0,mad_only
PuHJRHiXNMQ,27,13.46,0.0,30.0,80.0,0.005,0.1,0.15,0.0,mad_only
PuHJRHiXNMQ,28,13.85,0.0,30.0,80.0,0.005,0.1,0.15,0.0,mad_only
PuHJRHiXNMQ,29,14.255,0.0,30.0,80.0,0.005,0.1,0.15,0.0,mad_only
PuHJRHiXNMQ,30,14.67,0.0,30.0,80.0,0.005,0.1,0.15,0.0,mad_only
PuHJRHiXNMQ,31,15.055,0.0,30.0,80.0,0.005,0.1,0.15,0.0,mad_only
PuHJRHiXNMQ,32,15.44,0.0,30.0,80.0,0.005,0.1,0.15,0.0,mad_only
PuHJRHiXNMQ,33,15.85,0.0,30.0,80.0,0.005,0.1,0.15,0.0,mad_only
PuHJRHiXNMQ,34,16.22,0.0,30.0,80.0,0.005,0.1,0.15,0.0,mad_only
PuHJRHiXNMQ,35,16.615000000000002,0.0,30.0,80.0,0.005,0.1,0.15,0.0,mad_only
PuHJRHiXNMQ,36,17.015,0.0,30.0,80.0,0.005,0.1,0.15,0.0,mad_only
PuHJRHiXNMQ,37,17.425,0.0,30.0,80.0,0.005,0.1,0.15,0.0,mad_only
PuHJRHiXNMQ,38,17.805,0.0,30.0,80.0,0.005,0.1,0.15,0.0,mad_only
PuHJRHiXNMQ,39,18.235,0.0,30.0,80.0,0.005,0.1,0.15,0.0,mad_only
PuHJRHiXNMQ,40,18.62,0.0,30.0,80.0,0.005,0.1,0.15,0.0,mad_only
PuHJRHiXNMQ,41,19.03,0.0,30.0,80.0,0.005,0.1,0.15,0.0,mad_only
PuHJRHiXNMQ,42,19.425,0.0,30.0,80.0,0.005,0.1,0.15,0.0,mad_only
PuHJRHiXNMQ,43,19.84,0.0,30.0,80.0,0.005,0.1,0.15,0.0,mad_only
PuHJRHiXNMQ,44,20.67,0.0,30.0,80.0,0.005,0.1,0.15,0.0,mad_only
PuHJRHiXNMQ,45,21.42,0.0,30.0,80.0,0.005,0.1,0.15,0.0,mad_only
PuHJRHiXNMQ,46,22.155,0.0,30.0,80.0,0.005,0.1,0.15,0.0,mad_only
PuHJRHiXNMQ,47,22.575,0.0,30.0,80.0,0.005,0.1,0.15,0.0,mad_only
PuHJRHiXNMQ,48,22.95,0.0,30.0,80.0,0.005,0.1,0.15,0.0,mad_only
PuHJRHiXNMQ,49,23.735,0.0,30.0,80.0,0.005,0.1,0.15,0.0,mad_only
PuHJRHiXNMQ,50,24.150000000000002,0.0,30.0,80.0,0.005,0.1,0.15,0.0,mad_only
PuHJRHiXNMQ,51,24.525000000000002,0.0,30.0,80.0,0.005,0.1,0.15,0.0,mad_only
PuHJRHiXNMQ,52,24.95,0.0,30.0,80.0,0.005,0.1,0.15,0.0,mad_only
PuHJRHiXNMQ,53,25.315,0.0,30.0,80.0,0.005,0.1,0.15,0.0,mad_only
PuHJRHiXNMQ,54,25.68,0.0,30.0,80.0,0.005,0.1,0.15,0.0,mad_only
PuHJRHiXNMQ,55,26.1,0.0,30.0,80.0,0.005,0.1,0.15,0.0,mad_only
PuHJRHiXNMQ,56,26.88,0.0,30.0,80.0,0.005,0.1,0.15,0.0,mad_only
PuHJRHiXNMQ,57,27.285,0.0,30.0,80.0,0.005,0.1,0.15,0.0,mad_only
PuHJRHiXNMQ,58,27.675,0.0,30.0,80.0,0.005,0.1,0.15,0.0,mad_only
PuHJRHiXNMQ,59,28.07,0.0,30.0,80.0,0.005,0.1,0.15,0.0,mad_only
PuHJRHiXNMQ,60,28.455000000000002,0.0,30.0,80.0,0.005,0.1,0.15,0.0,mad_only
PuHJRHiXNMQ,61,28.86,0.0,30.0,80.0,0.005,0.1,0.15,0.0,mad_only
PuHJRHiXNMQ,62,29.245,0.0,30.0,80.0,0.005,0.1,0.15,0.0,mad_only
PuHJRHiXNMQ,63,29.655,0.0,30.0,80.0,0.005,0.1,0.15,0.0,mad_only
PzcCTtPanYQ,0,0.85,0.0,30.0,80.0,0.005,0.1,0.15,0.0,mad_only
PzcCTtPanYQ,1,1.245,0.0,30.0,80.0,0.005,0.1,0.15,0.0,mad_only
PzcCTtPanYQ,2,1.67,0.0,30.0,80.0,0.005,0.1,0.15,0.0,mad_only
PzcCTtPanYQ,3,2.09,0.0,30.0,80.0,0.005,0.1,0.15,0.0,mad_only
PzcCTtPanYQ,4,2.5,0.0,30.0,80.0,0.005,0.1,0.15,0.0,mad_only
PzcCTtPanYQ,5,2.92,0.0,30.0,80.0,0.005,0.1,0.15,0.0,mad_only
PzcCTtPanYQ,6,3.345,0.0,30.0,80.0,0.005,0.1,0.15,0.0,mad_only
PzcCTtPanYQ,7,3.775,0.0,30.0,80.0,0.005,0.1,0.15,0.0,mad_only
PzcCTtPanYQ,8,4.1850000000000005,0.0,30.0,80.0,0.005,0.1,0.15,0.0,mad_only
PzcCTtPanYQ,9,4.6000000000000005,0.0,30.0,80.0,0.005,0.1,0.15,0.0,mad_only
PzcCTtPanYQ,10,5.005,0.0,30.0,80.0,0.005,0.1,0.15,0.0,mad_only
PzcCTtPanYQ,11,5.425,0.0,30.0,80.0,0.005,0.1,0.15,0.0,mad_only
PzcCTtPanYQ,12,5.84,0.0,30.0,80.0,0.005,0.1,0.15,0.0,mad_only
PzcCTtPanYQ,13,6.26,0.0,30.0,80.0,0.005,0.1,0.15,0.0,mad_only
PzcCTtPanYQ,14,6.675,0.0,30.0,80.0,0.005,0.1,0.15,0.0,mad_only
PzcCTtPanYQ,15,7.105,0.0,30.0,80.0,0.005,0.1,0.15,0.0,mad_only
PzcCTtPanYQ,16,7.5,0.0,30.0,80.0,0.005,0.1,0.15,0.0,mad_only
PzcCTtPanYQ,17,7.915,0.0,30.0,80.0,0.005,0.1,0.15,0.0,mad_only
PzcCTtPanYQ,18,8.33,0.0,30.0,80.0,0.005,0.1,0.15,0.0,mad_only
PzcCTtPanYQ,19,8.76,0.0,30.0,80.0,0.005,0.1,0.15,0.0,mad_only
PzcCTtPanYQ,20,9.165000000000001,0.0,30.0,80.0,0.005,0.1,0.15,0.0,mad_only
PzcCTtPanYQ,21,9.585,0.0,30.0,80.0,0.005,0.1,0.15,0.0,mad_only
PzcCTtPanYQ,22,9.99,0.0,30.0,80.0,0.005,0.1,0.15,0.0,mad_only
PzcCTtPanYQ,23,10.43,0.0,30.0,80.0,0.005,0.1,0.15,0.0,mad_only
PzcCTtPanYQ,24,10.825000000000001,0.0,30.0,80.0,0.005,0.1,0.15,0.0,mad_only
PzcCTtPanYQ,25,11.26,0.0,30.0,80.0,0.005,0.1,0.15,0.0,mad_only
PzcCTtPanYQ,26,11.675,0.0,30.0,80.0,0.005,0.1,0.15,0.0,mad_only
PzcCTtPanYQ,27,12.09,0.0,30.0,80.0,0.005,0.1,0.15,0.0,mad_only
PzcCTtPanYQ,28,12.5,0.0,30.0,80.0,0.005,0.1,0.15,0.0,mad_only
PzcCTtPanYQ,29,12.91,0.0,30.0,80.0,0.005,0.1,0.15,0.0,mad_only
PzcCTtPanYQ,30,13.335,0.0,30.0,80.0,0.005,0.1,0.15,0.0,mad_only
PzcCTtPanYQ,31,13.75,0.0,30.0,80.0,0.005,0.1,0.15,0.0,mad_only
PzcCTtPanYQ,32,14.165000000000001,0.0,30.0,80.0,0.005,0.1,0.15,0.0,mad_only
PzcCTtPanYQ,33,14.585,0.0,30.0,80.0,0.005,0.1,0.15,0.0,mad_only
PzcCTtPanYQ,34,15.005,0.0,30.0,80.0,0.005,0.1,0.15,0.0,mad_only
PzcCTtPanYQ,35,15.425,0.0,30.0,80.0,0.005,0.1,0.15,0.0,mad_only
PzcCTtPanYQ,36,15.845,0.0,30.0,80.0,0.005,0.1,0.15,0.0,mad_only
PzcCTtPanYQ,37,16.255,0.0,30.0,80.0,0.005,0.1,0.15,0.0,mad_only
PzcCTtPanYQ,38,16.675,0.0,30.0,80.0,0.005,0.1,0.15,0.0,mad_only
PzcCTtPanYQ,39,17.105,0.0,30.0,80.0,0.005,0.1,0.15,0.0,mad_only
PzcCTtPanYQ,40,17.5,0.0,30.0,80.0,0.005,0.1,0.15,0.0,mad_only
PzcCTtPanYQ,41,17.915,0.0,30.0,80.0,0.005,0.1,0.15,0.0,mad_only
PzcCTtPanYQ,42,18.330000000000002,0.0,30.0,80.0,0.005,0.1,0.15,0.0,mad_only
PzcCTtPanYQ,43,18.765,0.0,30.0,80.0,0.005,0.1,0.15,0.0,mad_only
PzcCTtPanYQ,44,19.175,0.0,30.0,80.0,0.005,0.1,0.15,0.0,mad_only
PzcCTtPanYQ,45,19.580000000000002,0.0,30.0,80.0,0.005,0.1,0.15,0.0,mad_only
PzcCTtPanYQ,46,20.0,0.0,30.0,80.0,0.005,0.1,0.15,0.0,mad_only
PzcCTtPanYQ,47,20.42,0.0,30.0,80.0,0.005,0.1,0.15,0.0,mad_only
PzcCTtPanYQ,48,20.835,0.0,30.0,80.0,0.005,0.1,0.15,0.0,mad_only
PzcCTtPanYQ,49,21.265,0.0,30.0,80.0,0.005,0.1,0.15,0.0,mad_only
PzcCTtPanYQ,50,21.67,0.0,30.0,80.0,0.005,0.1,0.15,0.0,mad_only
PzcCTtPanYQ,51,22.095,0.0,30.0,80.0,0.005,0.1,0.15,0.0,mad_only
PzcCTtPanYQ,52,22.515,0.0,30.0,80.0,0.005,0.1,0.15,0.0,mad_only
PzcCTtPanYQ,53,22.945,0.0,30.0,80.0,0.005,0.1,0.15,0.0,mad_only
PzcCTtPanYQ,54,23.365000000000002,0.0,30.0,80.0,0.005,0.1,0.15,0.0,mad_only
PzcCTtPanYQ,55,23.775000000000002,0.0,30.0,80.0,0.005,0.1,0.15,0.0,mad_only
PzcCTtPanYQ,56,24.165,0.0,30.0,80.0,0.005,0.1,0.15,0.0,mad_only
PzcCTtPanYQ,57,24.57,0.0,30.0,80.0,0.005,0.1,0.15,0.0,mad_only
PzcCTtPanYQ,58,25.0,0.0,30.0,80.0,0.005,0.1,0.15,0.0,mad_only
PzcCTtPanYQ,59,25.41,0.0,30.0,80.0,0.005,0.1,0.15,0.0,mad_only
PzcCTtPanYQ,60,25.84,0.0,30.0,80.0,0.005,0.1,0.15,0.0,mad_only
PzcCTtPanYQ,61,26.235,0.0,30.0,80.0,0.005,0.1,0.15,0.0,mad_only
PzcCTtPanYQ,62,26.650000000000002,0.0,30.0,80.0,0.005,0.1,0.15,0.0,mad_only
PzcCTtPanYQ,63,27.07,0.0,30.0,80.0,0.005,0.1,0.15,0.0,mad_only
PzcCTtPanYQ,64,27.48,0.0,30.0,80.0,0.005,0.1,0.15,0.0,mad_only
PzcCTtPanYQ,65,27.92,0.0,30.0,80.0,0.005,0.1,0.15,0.0,mad_only
PzcCTtPanYQ,66,28.325,0.0,30.0,80.0,0.005,0.1,0.15,0.0,mad_only
PzcCTtPanYQ,67,28.72,0.0,30.0,80.0,0.005,0.1,0.15,0.0,mad_only
PzcCTtPanYQ,68,29.150000000000002,0.0,30.0,80.0,0.005,0.1,0.15,0.0,mad_only
PzcCTtPanYQ,69,29.560000000000002,0.0,30.0,80.0,0.005,0.1,0.15,0.0,mad_only
PzcCTtPanYQ,70,29.945,0.0,30.0,80.0,0.005,0.1,0.15,0.0,mad_only
QYRQKFHbi3k,0,0.86,0.0,30.0,80.0,0.005,0.1,0.15,0.0,mad_only
QYRQKFHbi3k,1,1.8,0.0,30.0,80.0,0.005,0.1,0.15,0.0,mad_only
QYRQKFHbi3k,2,2.69,0.0,30.0,80.0,0.005,0.1,0.15,0.0,mad_only
QYRQKFHbi3k,3,3.17,0.0,30.0,80.0,0.005,0.1,0.15,0.0,mad_only
QYRQKFHbi3k,4,3.535,0.0,30.0,80.0,0.005,0.1,0.15,0.0,mad_only
QYRQKFHbi3k,5,3.985,0.0,30.0,80.0,0.005,0.1,0.15,0.0,mad_only
QYRQKFHbi3k,6,4.355,0.0,30.0,80.0,0.005,0.1,0.15,0.0,mad_only
QYRQKFHbi3k,7,4.8,0.0,30.0,80.0,0.005,0.1,0.15,0.0,mad_only
QYRQKFHbi3k,8,5.2250000000000005,0.0,30.0,80.0,0.005,0.1,0.15,0.0,mad_only
QYRQKFHbi3k,9,5.66,0.0,30.0,80.0,0.005,0.1,0.15,0.0,mad_only
QYRQKFHbi3k,10,6.085,0.0,30.0,80.0,0.005,0.1,0.15,0.0,mad_only
QYRQKFHbi3k,11,6.5200000000000005,0.0,30.0,80.0,0.005,0.1,0.15,0.0,mad_only
QYRQKFHbi3k,12,6.925,0.0,30.0,80.0,0.005,0.1,0.15,0.0,mad_only
QYRQKFHbi3k,13,7.36,0.0,30.0,80.0,0.005,0.1,0.15,0.0,mad_only
QYRQKFHbi3k,14,7.755,0.0,30.0,80.0,0.005,0.1,0.15,0.0,mad_only
QYRQKFHbi3k,15,8.19,0.0,30.0,80.0,0.005,0.1,0.15,0.0,mad_only
QYRQKFHbi3k,16,8.585,0.0,30.0,80.0,0.005,0.1,0.15,0.0,mad_only
QYRQKFHbi3k,17,9.03,0.0,30.0,80.0,0.005,0.1,0.15,0.0,mad_only
QYRQKFHbi3k,18,9.445,0.0,30.0,80.0,0.005,0.1,0.15,0.0,mad_only
QYRQKFHbi3k,19,9.875,0.0,30.0,80.0,0.005,0.1,0.15,0.0,mad_only
QYRQKFHbi3k,20,10.290000000000001,0.0,30.0,80.0,0.005,0.1,0.15,0.0,mad_only
QYRQKFHbi3k,21,10.725,0.0,30.0,80.0,0.005,0.1,0.15,0.0,mad_only
QYRQKFHbi3k,22,11.115,0.0,30.0,80.0,0.005,0.1,0.15,0.0,mad_only
QYRQKFHbi3k,23,11.555,0.0,30.0,80.0,0.005,0.1,0.15,0.0,mad_only
QYRQKFHbi3k,24,11.985,0.0,30.0,80.0,0.005,0.1,0.15,0.0,mad_only
QYRQKFHbi3k,25,12.415000000000001,0.0,30.0,80.0,0.005,0.1,0.15,0.0,mad_only
QYRQKFHbi3k,26,12.82,0.0,30.0,80.0,0.005,0.1,0.15,0.0,mad_only
QYRQKFHbi3k,27,13.245000000000001,0.0,30.0,80.0,0.005,0.1,0.15,0.0,mad_only
QYRQKFHbi3k,28,13.675,0.0,30.0,80.0,0.005,0.1,0.15,0.0,mad_only
QYRQKFHbi3k,29,14.11,0.0,30.0,80.0,0.005,0.1,0.15,0.0,mad_only
QYRQKFHbi3k,30,14.530000000000001,0.0,30.0,80.0,0.005,0.1,0.15,0.0,mad_only
QYRQKFHbi3k,31,14.950000000000001,0.0,30.0,80.0,0.005,0.1,0.15,0.0,mad_only
QYRQKFHbi3k,32,15.365,0.0,30.0,80.0,0.005,0.1,0.15,0.0,mad_only
QYRQKFHbi3k,33,15.805,0.0,30.0,80.0,0.005,0.1,0.15,0.0,mad_only
QYRQKFHbi3k,34,16.205000000000002,0.0,30.0,80.0,0.005,0.1,0.15,0.0,mad_only
QYRQKFHbi3k,35,16.63,0.0,30.0,80.0,0.005,0.1,0.15,0.0,mad_only
QYRQKFHbi3k,36,17.065,0.0,30.0,80.0,0.005,0.1,0.15,0.0,mad_only
QYRQKFHbi3k,37,17.5,0.0,30.0,80.0,0.005,0.1,0.15,0.0,mad_only
QYRQKFHbi3k,38,17.915,0.0,30.0,80.0,0.005,0.1,0.15,0.0,mad_only
QYRQKFHbi3k,39,18.34,0.0,30.0,80.0,0.005,0.1,0.15,0.0,mad_only
QYRQKFHbi3k,40,18.735,0.0,30.0,80.0,0.005,0.1,0.15,0.0,mad_only
QYRQKFHbi3k,41,19.2,0.0,30.0,80.0,0.005,0.1,0.15,0.0,mad_only
QYRQKFHbi3k,42,19.575,0.0,30.0,80.0,0.005,0.1,0.15,0.0,mad_only
QYRQKFHbi3k,43,20.005,0.0,30.0,80.0,0.005,0.1,0.15,0.0,mad_only
QYRQKFHbi3k,44,20.44,0.0,30.0,80.0,0.005,0.1,0.15,0.0,mad_only
QYRQKFHbi3k,45,20.88,0.0,30.0,80.0,0.005,0.1,0.15,0.0,mad_only
QYRQKFHbi3k,46,21.3,0.0,30.0,80.0,0.005,0.1,0.15,0.0,mad_only
QYRQKFHbi3k,47,21.725,0.0,30.0,80.0,0.005,0.1,0.15,0.0,mad_only
QYRQKFHbi3k,48,22.135,0.0,30.0,80.0,0.005,0.1,0.15,0.0,mad_only
QYRQKFHbi3k,49,22.56,0.0,30.0,80.0,0.005,0.1,0.15,0.0,mad_only
QYRQKFHbi3k,50,22.995,0.0,30.0,80.0,0.005,0.1,0.15,0.0,mad_only
QYRQKFHbi3k,51,23.43,0.0,30.0,80.0,0.005,0.1,0.15,0.0,mad_only
QYRQKFHbi3k,52,23.835,0.0,30.0,80.0,0.005,0.1,0.15,0.0,mad_only
QYRQKFHbi3k,53,24.275000000000002,0.0,30.0,80.0,0.005,0.1,0.15,0.0,mad_only
QYRQKFHbi3k,54,24.685000000000002,0.0,30.0,80.0,0.005,0.1,0.15,0.0,mad_only
QYRQKFHbi3k,55,25.105,0.0,30.0,80.0,0.005,0.1,0.15,0.0,mad_only
QYRQKFHbi3k,56,25.54,0.0,30.0,80.0,0.005,0.1,0.15,0.0,mad_only
QYRQKFHbi3k,57,25.96,0.0,30.0,80.0,0.005,0.1,0.15,0.0,mad_only
QYRQKFHbi3k,58,26.37,0.0,30.0,80.0,0.005,0.1,0.15,0.0,mad_only
QYRQKFHbi3k,59,26.795,0.0,30.0,80.0,0.005,0.1,0.15,0.0,mad_only
QYRQKFHbi3k,60,27.185000000000002,0.0,30.0,80.0,0.005,0.1,0.15,0.0,mad_only
QYRQKFHbi3k,61,27.62,0.0,30.0,80.0,0.005,0.1,0.15,0.0,mad_only
QYRQKFHbi3k,62,28.04,0.0,30.0,80.0,0.005,0.1,0.15,0.0,mad_only
QYRQKFHbi3k,63,28.47,0.0,30.0,80.0,0.005,0.1,0.15,0.0,mad_only
QYRQKFHbi3k,64,28.89,0.0,30.0,80.0,0.005,0.1,0.15,0.0,mad_only
QYRQKFHbi3k,65,29.325,0.0,30.0,80.0,0.005,0.1,0.15,0.0,mad_only
QYRQKFHbi3k,66,29.73,0.0,30.0,80.0,0.005,0.1,0.15,0.0,mad_only
RHTvwPwBpF0,0,0.5650000000000001,0.0,30.0,80.0,0.005,0.1,0.15,0.0,mad_only
RHTvwPwBpF0,1,1.33,0.0,30.0,80.0,0.005,0.1,0.15,0.0,mad_only
RHTvwPwBpF0,2,1.96,0.0,30.0,80.0,0.005,0.1,0.15,0.0,mad_only
RHTvwPwBpF0,3,2.615,0.0,30.0,80.0,0.005,0.1,0.15,0.0,mad_only
RHTvwPwBpF0,4,3.255,0.0,30.0,80.0,0.005,0.1,0.15,0.0,mad_only
RHTvwPwBpF0,5,3.9,0.0,30.0,80.0,0.005,0.1,0.15,0.0,mad_only
RHTvwPwBpF0,6,4.555,0.0,30.0,80.0,0.005,0.1,0.15,0.0,mad_only
RHTvwPwBpF0,7,5.215,0.0,30.0,80.0,0.005,0.1,0.15,0.0,mad_only
RHTvwPwBpF0,8,5.875,0.0,30.0,80.0,0.005,0.1,0.15,0.0,mad_only
RHTvwPwBpF0,9,6.515000000000001,0.0,30.0,80.0,0.005,0.1,0.15,0.0,mad_only
RHTvwPwBpF0,10,7.19,0.0,30.0,80.0,0.005,0.1,0.15,0.0,mad_only
RHTvwPwBpF0,11,7.835,0.0,30.0,80.0,0.005,0.1,0.15,0.0,mad_only
RHTvwPwBpF0,12,8.465,0.0,30.0,80.0,0.005,0.1,0.15,0.0,mad_only
RHTvwPwBpF0,13,9.115,0.0,30.0,80.0,0.005,0.1,0.15,0.0,mad_only
RHTvwPwBpF0,14,9.765,0.0,30.0,80.0,0.005,0.1,0.15,0.0,mad_only
RHTvwPwBpF0,15,10.405,0.0,30.0,80.0,0.005,0.1,0.15,0.0,mad_only
RHTvwPwBpF0,16,11.07,0.0,30.0,80.0,0.005,0.1,0.15,0.0,mad_only
RHTvwPwBpF0,17,11.72,0.0,30.0,80.0,0.005,0.1,0.15,0.0,mad_only
RHTvwPwBpF0,18,12.370000000000001,0.0,30.0,80.0,0.005,0.1,0.15,0.0,mad_only
RHTvwPwBpF0,19,13.015,0.0,30.0,80.0,0.005,0.1,0.15,0.0,mad_only
RHTvwPwBpF0,20,13.675,0.0,30.0,80.0,0.005,0.1,0.15,0.0,mad_only
RHTvwPwBpF0,21,14.33,0.0,30.0,80.0,0.005,0.1,0.15,0.0,mad_only
RHTvwPwBpF0,22,14.99,0.0,30.0,80.0,0.005,0.1,0.15,0.0,mad_only
RHTvwPwBpF0,23,15.625,0.0,30.0,80.0,0.005,0.1,0.15,0.0,mad_only
RHTvwPwBpF0,24,16.29,0.0,30.0,80.0,0.005,0.1,0.15,0.0,mad_only
RHTvwPwBpF0,25,16.945,0.0,30.0,80.0,0.005,0.1,0.15,0.0,mad_only
RHTvwPwBpF0,26,17.6,0.0,30.0,80.0,0.005,0.1,0.15,0.0,mad_only
RHTvwPwBpF0,27,18.255,0.0,30.0,80.0,0.005,0.1,0.15,0.0,mad_only
RHTvwPwBpF0,28,18.895,0.0,30.0,80.0,0.005,0.1,0.15,0.0,mad_only
RHTvwPwBpF0,29,19.545,0.0,30.0,80.0,0.005,0.1,0.15,0.0,mad_only
RHTvwPwBpF0,30,20.205000000000002,0.0,30.0,80.0,0.005,0.1,0.15,0.0,mad_only
RHTvwPwBpF0,31,20.86,0.0,30.0,80.0,0.005,0.1,0.15,0.0,mad_only
RHTvwPwBpF0,32,21.515,0.0,30.0,80.0,0.005,0.1,0.15,0.0,mad_only
RHTvwPwBpF0,33,22.150000000000002,0.0,30.0,80.0,0.005,0.1,0.15,0.0,mad_only
RHTvwPwBpF0,34,22.82,0.0,30.0,80.0,0.005,0.1,0.15,0.0,mad_only
RHTvwPwBpF0,35,23.465,0.0,30.0,80.0,0.005,0.1,0.15,0.0,mad_only
RHTvwPwBpF0,36,24.115000000000002,0.0,30.0,80.0,0.005,0.1,0.15,0.0,mad_only
RHTvwPwBpF0,37,24.765,0.0,30.0,80.0,0.005,0.1,0.15,0.0,mad_only
RHTvwPwBpF0,38,25.42,0.0,30.0,80.0,0.005,0.1,0.15,0.0,mad_only
RHTvwPwBpF0,39,26.075,0.0,30.0,80.0,0.005,0.1,0.15,0.0,mad_only
RHTvwPwBpF0,40,26.725,0.0,30.0,80.0,0.005,0.1,0.15,0.0,mad_only
RHTvwPwBpF0,41,27.37,0.0,30.0,80.0,0.005,0.1,0.15,0.0,mad_only
RHTvwPwBpF0,42,28.035,0.0,30.0,80.0,0.005,0.1,0.15,0.0,mad_only
RHTvwPwBpF0,43,28.69,0.0,30.0,80.0,0.005,0.1,0.15,0.0,mad_only
RHTvwPwBpF0,44,29.335,0.0,30.0,80.0,0.005,0.1,0.15,0.0,mad_only
S6LOS5R8LQU,0,0.685,0.0,30.0,80.0,0.005,0.1,0.15,0.0,mad_only
S6LOS5R8LQU,1,1.28,0.0,30.0,80.0,0.005,0.1,0.15,0.0,mad_only
S6LOS5R8LQU,2,2.44,0.0,30.0,80.0,0.005,0.1,0.15,0.0,mad_only
S6LOS5R8LQU,3,3.185,0.0,30.0,80.0,0.005,0.1,0.15,0.0,mad_only
S6LOS5R8LQU,4,3.74,0.0,30.0,80.0,0.005,0.1,0.15,0.0,mad_only
S6LOS5R8LQU,5,4.41,0.0,30.0,80.0,0.005,0.1,0.15,0.0,mad_only
S6LOS5R8LQU,6,5.005,0.0,30.0,80.0,0.005,0.1,0.15,0.0,mad_only
S6LOS5R8LQU,7,5.61,0.0,30.0,80.0,0.005,0.1,0.15,0.0,mad_only
S6LOS5R8LQU,8,6.24,0.0,30.0,80.0,0.005,0.1,0.15,0.0,mad_only
S6LOS5R8LQU,9,6.87,0.0,30.0,80.0,0.005,0.1,0.15,0.0,mad_only
S6LOS5R8LQU,10,7.505,0.0,30.0,80.0,0.005,0.1,0.15,0.0,mad_only
S6LOS5R8LQU,11,8.115,0.0,30.0,80.0,0.005,0.1,0.15,0.0,mad_only
S6LOS5R8LQU,12,8.435,0.0,30.0,80.0,0.005,0.1,0.15,0.0,mad_only
S6LOS5R8LQU,13,8.745000000000001,0.0,30.0,80.0,0.005,0.1,0.15,0.0,mad_only
S6LOS5R8LQU,14,9.07,0.0,30.0,80.0,0.005,0.1,0.15,0.0,mad_only
S6LOS5R8LQU,15,9.375,0.0,30.0,80.0,0.005,0.1,0.15,0.0,mad_only
S6LOS5R8LQU,16,10.0,0.0,30.0,80.0,0.005,0.1,0.15,0.0,mad_only
S6LOS5R8LQU,17,10.32,0.0,30.0,80.0,0.005,0.1,0.15,0.0,mad_only
S6LOS5R8LQU,18,10.625,0.0,30.0,80.0,0.005,0.1,0.15,0.0,mad_only
S6LOS5R8LQU,19,11.245000000000001,0.0,30.0,80.0,0.005,0.1,0.15,0.0,mad_only
S6LOS5R8LQU,20,11.875,0.0,30.0,80.0,0.005,0.1,0.15,0.0,mad_only
S6LOS5R8LQU,21,12.505,0.0,30.0,80.0,0.005,0.1,0.15,0.0,mad_only
S6LOS5R8LQU,22,13.13,0.0,30.0,80.0,0.005,0.1,0.15,0.0,mad_only
S6LOS5R8LQU,23,13.755,0.0,30.0,80.0,0.005,0.1,0.15,0.0,mad_only
S6LOS5R8LQU,24,14.375,0.0,30.0,80.0,0.005,0.1,0.15,0.0,mad_only
S6LOS5R8LQU,25,14.985,0.0,30.0,80.0,0.005,0.1,0.15,0.0,mad_only
S6LOS5R8LQU,26,15.32,0.0,30.0,80.0,0.005,0.1,0.15,0.0,mad_only
S6LOS5R8LQU,27,15.635,0.0,30.0,80.0,0.005,0.1,0.15,0.0,mad_only
S6LOS5R8LQU,28,15.950000000000001,0.0,30.0,80.0,0.005,0.1,0.15,0.0,mad_only
S6LOS5R8LQU,29,16.245,0.0,30.0,80.0,0.005,0.1,0.15,0.0,mad_only
S6LOS5R8LQU,30,16.585,0.0,30.0,80.0,0.005,0.1,0.15,0.0,mad_only
S6LOS5R8LQU,31,16.885,0.0,30.0,80.0,0.005,0.1,0.15,0.0,mad_only
S6LOS5R8LQU,32,17.2,0.0,30.0,80.0,0.005,0.1,0.15,0.0,mad_only
S6LOS5R8LQU,33,17.5,0.0,30.0,80.0,0.005,0.1,0.15,0.0,mad_only
S6LOS5R8LQU,34,17.82,0.0,30.0,80.0,0.005,0.1,0.15,0.0,mad_only
S6LOS5R8LQU,35,18.125,0.0,30.0,80.0,0.005,0.1,0.15,0.0,mad_only
S6LOS5R8LQU,36,18.435,0.0,30.0,80.0,0.005,0.1,0.15,0.0,mad_only
S6LOS5R8LQU,37,18.75,0.0,30.0,80.0,0.005,0.1,0.15,0.0,mad_only
S6LOS5R8LQU,38,19.055,0.0,30.0,80.0,0.005,0.1,0.15,0.0,mad_only
S6LOS5R8LQU,39,19.37,0.0,30.0,80.0,0.005,0.1,0.15,0.0,mad_only
S6LOS5R8LQU,40,19.675,0.0,30.0,80.0,0.005,0.1,0.15,0.0,mad_only
S6LOS5R8LQU,41,19.995,0.0,30.0,80.0,0.005,0.1,0.15,0.0,mad_only
S6LOS5R8LQU,42,20.305,0.0,30.0,80.0,0.005,0.1,0.15,0.0,mad_only
S6LOS5R8LQU,43,20.625,0.0,30.0,80.0,0.005,0.1,0.15,0.0,mad_only
S6LOS5R8LQU,44,20.925,0.0,30.0,80.0,0.005,0.1,0.15,0.0,mad_only
S6LOS5R8LQU,45,21.23,0.0,30.0,80.0,0.005,0.1,0.15,0.0,mad_only
S6LOS5R8LQU,46,21.53,0.0,30.0,80.0,0.005,0.1,0.15,0.0,mad_only
S6LOS5R8LQU,47,21.85,0.0,30.0,80.0,0.005,0.1,0.15,0.0,mad_only
S6LOS5R8LQU,48,22.175,0.0,30.0,80.0,0.005,0.1,0.15,0.0,mad_only
S6LOS5R8LQU,49,22.485,0.0,30.0,80.0,0.005,0.1,0.15,0.0,mad_only
S6LOS5R8LQU,50,22.815,0.0,30.0,80.0,0.005,0.1,0.15,0.0,mad_only
S6LOS5R8LQU,51,23.125,0.0,30.0,80.0,0.005,0.1,0.15,0.0,mad_only
S6LOS5R8LQU,52,23.435,0.0,30.0,80.0,0.005,0.1,0.15,0.0,mad_only
S6LOS5R8LQU,53,23.75,0.0,30.0,80.0,0.005,0.1,0.15,0.0,mad_only
S6LOS5R8LQU,54,24.055,0.0,30.0,80.0,0.005,0.1,0.15,0.0,mad_only
S6LOS5R8LQU,55,24.37,0.0,30.0,80.0,0.005,0.1,0.15,0.0,mad_only
S6LOS5R8LQU,56,24.69,0.0,30.0,80.0,0.005,0.1,0.15,0.0,mad_only
S6LOS5R8LQU,57,25.005,0.0,30.0,80.0,0.005,0.1,0.15,0.0,mad_only
S6LOS5R8LQU,58,25.325,0.0,30.0,80.0,0.005,0.1,0.15,0.0,mad_only
S6LOS5R8LQU,59,25.63,0.0,30.0,80.0,0.005,0.1,0.15,0.0,mad_only
S6LOS5R8LQU,60,25.935000000000002,0.0,30.0,80.0,0.005,0.1,0.15,0.0,mad_only
S6LOS5R8LQU,61,26.240000000000002,0.0,30.0,80.0,0.005,0.1,0.15,0.0,mad_only
S6LOS5R8LQU,62,26.560000000000002,0.0,30.0,80.0,0.005,0.1,0.15,0.0,mad_only
S6LOS5R8LQU,63,26.875,0.0,30.0,80.0,0.005,0.1,0.15,0.0,mad_only
S6LOS5R8LQU,64,27.17,0.0,30.0,80.0,0.005,0.1,0.15,0.0,mad_only
S6LOS5R8LQU,65,27.485,0.0,30.0,80.0,0.005,0.1,0.15,0.0,mad_only
S6LOS5R8LQU,66,27.8,0.0,30.0,80.0,0.005,0.1,0.15,0.0,mad_only
S6LOS5R8LQU,67,28.125,0.0,30.0,80.0,0.005,0.1,0.15,0.0,mad_only
S6LOS5R8LQU,68,28.425,0.0,30.0,80.0,0.005,0.1,0.15,0.0,mad_only
S6LOS5R8LQU,69,28.740000000000002,0.0,30.0,80.0,0.005,0.1,0.15,0.0,mad_only
S6LOS5R8LQU,70,29.05,0.0,30.0,80.0,0.005,0.1,0.15,0.0,mad_only
S6LOS5R8LQU,71,29.365000000000002,0.0,30.0,80.0,0.005,0.1,0.15,0.0,mad_only
S6LOS5R8LQU,72,29.66,0.0,30.0,80.0,0.005,0.1,0.15,0.0,mad_only
SAheAwnUbcE,0,1.135,0.0,30.0,80.0,0.005,0.1,0.15,0.0,mad_only
SAheAwnUbcE,1,1.86,0.0,30.0,80.0,0.005,0.1,0.15,0.0,mad_only
SAheAwnUbcE,2,2.58,0.0,30.0,80.0,0.005,0.1,0.15,0.0,mad_only
SAheAwnUbcE,3,3.315,0.0,30.0,80.0,0.005,0.1,0.15,0.0,mad_only
SAheAwnUbcE,4,3.67,0.0,30.0,80.0,0.005,0.1,0.15,0.0,mad_only
SAheAwnUbcE,5,4.055,0.0,30.0,80.0,0.005,0.1,0.15,0.0,mad_only
SAheAwnUbcE,6,4.765,0.0,30.0,80.0,0.005,0.1,0.15,0.0,mad_only
SAheAwnUbcE,7,5.4750000000000005,0.0,30.0,80.0,0.005,0.1,0.15,0.0,mad_only
SAheAwnUbcE,8,6.195,0.0,30.0,80.0,0.005,0.1,0.15,0.0,mad_only
SAheAwnUbcE,9,6.905,0.0,30.0,80.0,0.005,0.1,0.15,0.0,mad_only
SAheAwnUbcE,10,7.615,0.0,30.0,80.0,0.005,0.1,0.15,0.0,mad_only
SAheAwnUbcE,11,8.345,0.0,30.0,80.0,0.005,0.1,0.15,0.0,mad_only
SAheAwnUbcE,12,8.705,0.0,30.0,80.0,0.005,0.1,0.15,0.0,mad_only
SAheAwnUbcE,13,9.07,0.0,30.0,80.0,0.005,0.1,0.15,0.0,mad_only
SAheAwnUbcE,14,9.425,0.0,30.0,80.0,0.005,0.1,0.15,0.0,mad_only
SAheAwnUbcE,15,9.805,0.0,30.0,80.0,0.005,0.1,0.15,0.0,mad_only
SAheAwnUbcE,16,10.17,0.0,30.0,80.0,0.005,0.1,0.15,0.0,mad_only
SAheAwnUbcE,17,10.53,0.0,30.0,80.0,0.005,0.1,0.15,0.0,mad_only
SAheAwnUbcE,18,11.245000000000001,0.0,30.0,80.0,0.005,0.1,0.15,0.0,mad_only
SAheAwnUbcE,19,11.955,0.0,30.0,80.0,0.005,0.1,0.15,0.0,mad_only
SAheAwnUbcE,20,12.665000000000001,0.0,30.0,80.0,0.005,0.1,0.15,0.0,mad_only
SAheAwnUbcE,21,13.035,0.0,30.0,80.0,0.005,0.1,0.15,0.0,mad_only
SAheAwnUbcE,22,13.385,0.0,30.0,80.0,0.005,0.1,0.15,0.0,mad_only
SAheAwnUbcE,23,13.765,0.0,30.0,80.0,0.005,0.1,0.15,0.0,mad_only
SAheAwnUbcE,24,14.135,0.0,30.0,80.0,0.005,0.1,0.15,0.0,mad_only
SAheAwnUbcE,25,14.505,0.0,30.0,80.0,0.005,0.1,0.15,0.0,mad_only
SAheAwnUbcE,26,14.85,0.0,30.0,80.0,0.005,0.1,0.15,0.0,mad_only
SAheAwnUbcE,27,15.575000000000001,0.0,30.0,80.0,0.005,0.1,0.15,0.0,mad_only
SAheAwnUbcE,28,15.92,0.0,30.0,80.0,0.005,0.1,0.15,0.0,mad_only
SAheAwnUbcE,29,16.295,0.0,30.0,80.0,0.005,0.1,0.15,0.0,mad_only
SAheAwnUbcE,30,17.015,0.0,30.0,80.0,0.005,0.1,0.15,0.0,mad_only
SAheAwnUbcE,31,17.39,0.0,30.0,80.0,0.005,0.1,0.15,0.0,mad_only
SAheAwnUbcE,32,17.75,0.0,30.0,80.0,0.005,0.1,0.15,0.0,mad_only
SAheAwnUbcE,33,18.48,0.0,30.0,80.0,0.005,0.1,0.15,0.0,mad_only
SAheAwnUbcE,34,18.82,0.0,30.0,80.0,0.005,0.1,0.15,0.0,mad_only
SAheAwnUbcE,35,19.195,0.0,30.0,80.0,0.005,0.1,0.15,0.0,mad_only
SAheAwnUbcE,36,19.925,0.0,30.0,80.0,0.005,0.1,0.15,0.0,mad_only
SAheAwnUbcE,37,20.27,0.0,30.0,80.0,0.005,0.1,0.15,0.0,mad_only
SAheAwnUbcE,38,20.62,0.0,30.0,80.0,0.005,0.1,0.15,0.0,mad_only
SAheAwnUbcE,39,21.0,0.0,30.0,80.0,0.005,0.1,0.15,0.0,mad_only
SAheAwnUbcE,40,21.365000000000002,0.0,30.0,80.0,0.005,0.1,0.15,0.0,mad_only
SAheAwnUbcE,41,21.735,0.0,30.0,80.0,0.005,0.1,0.15,0.0,mad_only
SAheAwnUbcE,42,22.09,0.0,30.0,80.0,0.005,0.1,0.15,0.0,mad_only
SAheAwnUbcE,43,22.46,0.0,30.0,80.0,0.005,0.1,0.15,0.0,mad_only
SAheAwnUbcE,44,22.825,0.0,30.0,80.0,0.005,0.1,0.15,0.0,mad_only
SAheAwnUbcE,45,23.18,0.0,30.0,80.0,0.005,0.1,0.15,0.0,mad_only
SAheAwnUbcE,46,23.535,0.0,30.0,80.0,0.005,0.1,0.15,0.0,mad_only
SAheAwnUbcE,47,24.25,0.0,30.0,80.0,0.005,0.1,0.15,0.0,mad_only
SAheAwnUbcE,48,24.61,0.0,30.0,80.0,0.005,0.1,0.15,0.0,mad_only
SAheAwnUbcE,49,24.985,0.0,30.0,80.0,0.005,0.1,0.15,0.0,mad_only
SAheAwnUbcE,50,25.7,0.0,30.0,80.0,0.005,0.1,0.15,0.0,mad_only
SAheAwnUbcE,51,26.42,0.0,30.0,80.0,0.005,0.1,0.15,0.0,mad_only
SAheAwnUbcE,52,27.165,0.0,30.0,80.0,0.005,0.1,0.15,0.0,mad_only
SAheAwnUbcE,53,27.505,0.0,30.0,80.0,0.005,0.1,0.15,0.0,mad_only
SAheAwnUbcE,54,27.885,0.0,30.0,80.0,0.005,0.1,0.15,0.0,mad_only
SAheAwnUbcE,55,28.605,0.0,30.0,80.0,0.005,0.1,0.15,0.0,mad_only
SAheAwnUbcE,56,29.325,0.0,30.0,80.0,0.005,0.1,0.15,0.0,mad_only
Sko7dU0qJN0,0,1.28,0.0,30.0,80.0,0.005,0.1,0.15,0.0,mad_only
Sko7dU0qJN0,1,2.085,0.0,30.0,80.0,0.005,0.1,0.15,0.0,mad_only
Sko7dU0qJN0,2,2.96,0.0,30.0,80.0,0.005,0.1,0.15,0.0,mad_only
Sko7dU0qJN0,3,3.745,0.0,30.0,80.0,0.005,0.1,0.15,0.0,mad_only
Sko7dU0qJN0,4,4.55,0.0,30.0,80.0,0.005,0.1,0.15,0.0,mad_only
Sko7dU0qJN0,5,5.4,0.0,30.0,80.0,0.005,0.1,0.15,0.0,mad_only
Sko7dU0qJN0,6,6.245,0.0,30.0,80.0,0.005,0.1,0.15,0.0,mad_only
Sko7dU0qJN0,7,7.035,0.0,30.0,80.0,0.005,0.1,0.15,0.0,mad_only
Sko7dU0qJN0,8,7.815,0.0,30.0,80.0,0.005,0.1,0.15,0.0,mad_only
Sko7dU0qJN0,9,8.67,0.0,30.0,80.0,0.005,0.1,0.15,0.0,mad_only
Sko7dU0qJN0,10,9.505,0.0,30.0,80.0,0.005,0.1,0.15,0.0,mad_only
Sko7dU0qJN0,11,10.335,0.0,30.0,80.0,0.005,0.1,0.15,0.0,mad_only
Sko7dU0qJN0,12,11.185,0.0,30.0,80.0,0.005,0.1,0.15,0.0,mad_only
Sko7dU0qJN0,13,11.985,0.0,30.0,80.0,0.005,0.1,0.15,0.0,mad_only
Sko7dU0qJN0,14,12.82,0.0,30.0,80.0,0.005,0.1,0.15,0.0,mad_only
Sko7dU0qJN0,15,13.695,0.0,30.0,80.0,0.005,0.1,0.15,0.0,mad_only
Sko7dU0qJN0,16,14.525,0.0,30.0,80.0,0.005,0.1,0.15,0.0,mad_only
Sko7dU0qJN0,17,15.345,0.0,30.0,80.0,0.005,0.1,0.15,0.0,mad_only
Sko7dU0qJN0,18,16.215,0.0,30.0,80.0,0.005,0.1,0.15,0.0,mad_only
Sko7dU0qJN0,19,17.065,0.0,30.0,80.0,0.005,0.1,0.15,0.0,mad_only
Sko7dU0qJN0,20,17.905,0.0,30.0,80.0,0.005,0.1,0.15,0.0,mad_only
Sko7dU0qJN0,21,18.745,0.0,30.0,80.0,0.005,0.1,0.15,0.0,mad_only
Sko7dU0qJN0,22,19.61,0.0,30.0,80.0,0.005,0.1,0.15,0.0,mad_only
Sko7dU0qJN0,23,20.41,0.0,30.0,80.0,0.005,0.1,0.15,0.0,mad_only
Sko7dU0qJN0,24,21.275000000000002,0.0,30.0,80.0,0.005,0.1,0.15,0.0,mad_only
Sko7dU0qJN0,25,22.1,0.0,30.0,80.0,0.005,0.1,0.15,0.0,mad_only
Sko7dU0qJN0,26,22.94,0.0,30.0,80.0,0.005,0.1,0.15,0.0,mad_only
Sko7dU0qJN0,27,23.72,0.0,30.0,80.0,0.005,0.1,0.15,0.0,mad_only
Sko7dU0qJN0,28,24.535,0.0,30.0,80.0,0.005,0.1,0.15,0.0,mad_only
Sko7dU0qJN0,29,25.38,0.0,30.0,80.0,0.005,0.1,0.15,0.0,mad_only
Sko7dU0qJN0,30,26.185000000000002,0.0,30.0,80.0,0.005,0.1,0.15,0.0,mad_only
Sko7dU0qJN0,31,27.05,0.0,30.0,80.0,0.005,0.1,0.15,0.0,mad_only
Sko7dU0qJN0,32,27.895,0.0,30.0,80.0,0.005,0.1,0.15,0.0,mad_only
Sko7dU0qJN0,33,28.72,0.0,30.0,80.0,0.005,0.1,0.15,0.0,mad_only
Sko7dU0qJN0,34,29.545,0.0,30.0,80.0,0.005,0.1,0.15,0.0,mad_only
T9EKqFrer9U,0,0.74,0.0,30.0,80.0,0.005,0.1,0.15,0.0,mad_only
T9EKqFrer9U,1,1.1,0.0,30.0,80.0,0.005,0.1,0.15,0.0,mad_only
T9EKqFrer9U,2,1.5250000000000001,0.0,30.0,80.0,0.005,0.1,0.15,0.0,mad_only
T9EKqFrer9U,3,1.945,0.0,30.0,80.0,0.005,0.1,0.15,0.0,mad_only
T9EKqFrer9U,4,2.37,0.0,30.0,80.0,0.005,0.1,0.15,0.0,mad_only
T9EKqFrer9U,5,2.8000000000000003,0.0,30.0,80.0,0.005,0.1,0.15,0.0,mad_only
T9EKqFrer9U,6,3.22,0.0,30.0,80.0,0.005,0.1,0.15,0.0,mad_only
T9EKqFrer9U,7,3.65,0.0,30.0,80.0,0.005,0.1,0.15,0.0,mad_only
T9EKqFrer9U,8,4.075,0.0,30.0,80.0,0.005,0.1,0.15,0.0,mad_only
T9EKqFrer9U,9,4.51,0.0,30.0,80.0,0.005,0.1,0.15,0.0,mad_only
T9EKqFrer9U,10,4.9350000000000005,0.0,30.0,80.0,0.005,0.1,0.15,0.0,mad_only
T9EKqFrer9U,11,5.36,0.0,30.0,80.0,0.005,0.1,0.15,0.0,mad_only
T9EKqFrer9U,12,5.785,0.0,30.0,80.0,0.005,0.1,0.15,0.0,mad_only
T9EKqFrer9U,13,6.21,0.0,30.0,80.0,0.005,0.1,0.15,0.0,mad_only
T9EKqFrer9U,14,6.640000000000001,0.0,30.0,80.0,0.005,0.1,0.15,0.0,mad_only
T9EKqFrer9U,15,7.07,0.0,30.0,80.0,0.005,0.1,0.15,0.0,mad_only
T9EKqFrer9U,16,7.49,0.0,30.0,80.0,0.005,0.1,0.15,0.0,mad_only
T9EKqFrer9U,17,7.925,0.0,30.0,80.0,0.005,0.1,0.15,0.0,mad_only
T9EKqFrer9U,18,8.370000000000001,0.0,30.0,80.0,0.005,0.1,0.15,0.0,mad_only
T9EKqFrer9U,19,8.8,0.0,30.0,80.0,0.005,0.1,0.15,0.0,mad_only
T9EKqFrer9U,20,9.22,0.0,30.0,80.0,0.005,0.1,0.15,0.0,mad_only
T9EKqFrer9U,21,9.66,0.0,30.0,80.0,0.005,0.1,0.15,0.0,mad_only
T9EKqFrer9U,22,10.065,0.0,30.0,80.0,0.005,0.1,0.15,0.0,mad_only
T9EKqFrer9U,23,10.49,0.0,30.0,80.0,0.005,0.1,0.15,0.0,mad_only
T9EKqFrer9U,24,10.915000000000001,0.0,30.0,80.0,0.005,0.1,0.15,0.0,mad_only
T9EKqFrer9U,25,11.36,0.0,30.0,80.0,0.005,0.1,0.15,0.0,mad_only
T9EKqFrer9U,26,11.785,0.0,30.0,80.0,0.005,0.1,0.15,0.0,mad_only
T9EKqFrer9U,27,12.215,0.0,30.0,80.0,0.005,0.1,0.15,0.0,mad_only
T9EKqFrer9U,28,12.63,0.0,30.0,80.0,0.005,0.1,0.15,0.0,mad_only
T9EKqFrer9U,29,13.05,0.0,30.0,80.0,0.005,0.1,0.15,0.0,mad_only
T9EKqFrer9U,30,13.49,0.0,30.0,80.0,0.005,0.1,0.15,0.0,mad_only
T9EKqFrer9U,31,13.925,0.0,30.0,80.0,0.005,0.1,0.15,0.0,mad_only
T9EKqFrer9U,32,14.36,0.0,30.0,80.0,0.005,0.1,0.15,0.0,mad_only
T9EKqFrer9U,33,14.790000000000001,0.0,30.0,80.0,0.005,0.1,0.15,0.0,mad_only
T9EKqFrer9U,34,15.21,0.0,30.0,80.0,0.005,0.1,0.15,0.0,mad_only
T9EKqFrer9U,35,15.64,0.0,30.0,80.0,0.005,0.1,0.15,0.0,mad_only
T9EKqFrer9U,36,16.06,0.0,30.0,80.0,0.005,0.1,0.15,0.0,mad_only
T9EKqFrer9U,37,16.485,0.0,30.0,80.0,0.005,0.1,0.15,0.0,mad_only
T9EKqFrer9U,38,16.93,0.0,30.0,80.0,0.005,0.1,0.15,0.0,mad_only
T9EKqFrer9U,39,17.36,0.0,30.0,80.0,0.005,0.1,0.15,0.0,mad_only
T9EKqFrer9U,40,17.77,0.0,30.0,80.0,0.005,0.1,0.15,0.0,mad_only
T9EKqFrer9U,41,18.19,0.0,30.0,80.0,0.005,0.1,0.15,0.0,mad_only
T9EKqFrer9U,42,18.62,0.0,30.0,80.0,0.005,0.1,0.15,0.0,mad_only
T9EKqFrer9U,43,19.05,0.0,30.0,80.0,0.005,0.1,0.15,0.0,mad_only
T9EKqFrer9U,44,19.490000000000002,0.0,30.0,80.0,0.005,0.1,0.15,0.0,mad_only
T9EKqFrer9U,45,19.91,0.0,30.0,80.0,0.005,0.1,0.15,0.0,mad_only
T9EKqFrer9U,46,20.34,0.0,30.0,80.0,0.005,0.1,0.15,0.0,mad_only
T9EKqFrer9U,47,20.78,0.0,30.0,80.0,0.005,0.1,0.15,0.0,mad_only
T9EKqFrer9U,48,21.205000000000002,0.0,30.0,80.0,0.005,0.1,0.15,0.0,mad_only
T9EKqFrer9U,49,21.635,0.0,30.0,80.0,0.005,0.1,0.15,0.0,mad_only
T9EKqFrer9U,50,22.06,0.0,30.0,80.0,0.005,0.1,0.15,0.0,mad_only
T9EKqFrer9U,51,22.490000000000002,0.0,30.0,80.0,0.005,0.1,0.15,0.0,mad_only
T9EKqFrer9U,52,22.925,0.0,30.0,80.0,0.005,0.1,0.15,0.0,mad_only
T9EKqFrer9U,53,23.345,0.0,30.0,80.0,0.005,0.1,0.15,0.0,mad_only
T9EKqFrer9U,54,23.775000000000002,0.0,30.0,80.0,0.005,0.1,0.15,0.0,mad_only
T9EKqFrer9U,55,24.205000000000002,0.0,30.0,80.0,0.005,0.1,0.15,0.0,mad_only
T9EKqFrer9U,56,24.63,0.0,30.0,80.0,0.005,0.1,0.15,0.0,mad_only
T9EKqFrer9U,57,25.05,0.0,30.0,80.0,0.005,0.1,0.15,0.0,mad_only
T9EKqFrer9U,58,25.5,0.0,30.0,80.0,0.005,0.1,0.15,0.0,mad_only
T9EKqFrer9U,59,25.925,0.0,30.0,80.0,0.005,0.1,0.15,0.0,mad_only
T9EKqFrer9U,60,26.34,0.0,30.0,80.0,0.005,0.1,0.15,0.0,mad_only
T9EKqFrer9U,61,26.775000000000002,0.0,30.0,80.0,0.005,0.1,0.15,0.0,mad_only
T9EKqFrer9U,62,27.205000000000002,0.0,30.0,80.0,0.005,0.1,0.15,0.0,mad_only
T9EKqFrer9U,63,27.635,0.0,30.0,80.0,0.005,0.1,0.15,0.0,mad_only
T9EKqFrer9U,64,28.07,0.0,30.0,80.0,0.005,0.1,0.15,0.0,mad_only
T9EKqFrer9U,65,28.5,0.0,30.0,80.0,0.005,0.1,0.15,0.0,mad_only
T9EKqFrer9U,66,28.925,0.0,30.0,80.0,0.005,0.1,0.15,0.0,mad_only
T9EKqFrer9U,67,29.36,0.0,30.0,80.0,0.005,0.1,0.15,0.0,mad_only
T9EKqFrer9U,68,29.795,0.0,30.0,80.0,0.005,0.1,0.15,0.0,mad_only
TTrdYIdxmy0,0,1.045,0.0,30.0,80.0,0.005,0.1,0.15,0.0,mad_only
TTrdYIdxmy0,1,1.495,0.0,30.0,80.0,0.005,0.1,0.15,0.0,mad_only
TTrdYIdxmy0,2,1.975,0.0,30.0,80.0,0.005,0.1,0.15,0.0,mad_only
TTrdYIdxmy0,3,2.455,0.0,30.0,80.0,0.005,0.1,0.15,0.0,mad_only
TTrdYIdxmy0,4,2.8850000000000002,0.0,30.0,80.0,0.005,0.1,0.15,0.0,mad_only
TTrdYIdxmy0,5,3.34,0.0,30.0,80.0,0.005,0.1,0.15,0.0,mad_only
TTrdYIdxmy0,6,3.865,0.0,30.0,80.0,0.005,0.1,0.15,0.0,mad_only
TTrdYIdxmy0,7,4.3,0.0,30.0,80.0,0.005,0.1,0.15,0.0,mad_only
TTrdYIdxmy0,8,4.79,0.0,30.0,80.0,0.005,0.1,0.15,0.0,mad_only
TTrdYIdxmy0,9,5.235,0.0,30.0,80.0,0.005,0.1,0.15,0.0,mad_only
TTrdYIdxmy0,10,5.72,0.0,30.0,80.0,0.005,0.1,0.15,0.0,mad_only
TTrdYIdxmy0,11,6.17,0.0,30.0,80.0,0.005,0.1,0.15,0.0,mad_only
TTrdYIdxmy0,12,6.66,0.0,30.0,80.0,0.005,0.1,0.15,0.0,mad_only
TTrdYIdxmy0,13,7.12,0.0,30.0,80.0,0.005,0.1,0.15,0.0,mad_only
TTrdYIdxmy0,14,7.6000000000000005,0.0,30.0,80.0,0.005,0.1,0.15,0.0,mad_only
TTrdYIdxmy0,15,8.045,0.0,30.0,80.0,0.005,0.1,0.15,0.0,mad_only
TTrdYIdxmy0,16,8.545,0.0,30.0,80.0,0.005,0.1,0.15,0.0,mad_only
TTrdYIdxmy0,17,9.005,0.0,30.0,80.0,0.005,0.1,0.15,0.0,mad_only
TTrdYIdxmy0,18,9.505,0.0,30.0,80.0,0.005,0.1,0.15,0.0,mad_only
TTrdYIdxmy0,19,9.97,0.0,30.0,80.0,0.005,0.1,0.15,0.0,mad_only
TTrdYIdxmy0,20,10.465,0.0,30.0,80.0,0.005,0.1,0.15,0.0,mad_only
TTrdYIdxmy0,21,10.91,0.0,30.0,80.0,0.005,0.1,0.15,0.0,mad_only
TTrdYIdxmy0,22,11.38,0.0,30.0,80.0,0.005,0.1,0.15,0.0,mad_only
TTrdYIdxmy0,23,11.84,0.0,30.0,80.0,0.005,0.1,0.15,0.0,mad_only
TTrdYIdxmy0,24,12.315,0.0,30.0,80.0,0.005,0.1,0.15,0.0,mad_only
TTrdYIdxmy0,25,12.765,0.0,30.0,80.0,0.005,0.1,0.15,0.0,mad_only
TTrdYIdxmy0,26,13.26,0.0,30.0,80.0,0.005,0.1,0.15,0.0,mad_only
TTrdYIdxmy0,27,13.72,0.0,30.0,80.0,0.005,0.1,0.15,0.0,mad_only
TTrdYIdxmy0,28,14.245000000000001,0.0,30.0,80.0,0.005,0.1,0.15,0.0,mad_only
TTrdYIdxmy0,29,14.685,0.0,30.0,80.0,0.005,0.1,0.15,0.0,mad_only
TTrdYIdxmy0,30,15.145,0.0,30.0,80.0,0.005,0.1,0.15,0.0,mad_only
TTrdYIdxmy0,31,15.6,0.0,30.0,80.0,0.005,0.1,0.15,0.0,mad_only
TTrdYIdxmy0,32,16.07,0.0,30.0,80.0,0.005,0.1,0.15,0.0,mad_only
TTrdYIdxmy0,33,16.545,0.0,30.0,80.0,0.005,0.1,0.15,0.0,mad_only
TTrdYIdxmy0,34,17.490000000000002,0.0,30.0,80.0,0.005,0.1,0.15,0.0,mad_only
TTrdYIdxmy0,35,17.945,0.0,30.0,80.0,0.005,0.1,0.15,0.0,mad_only
TTrdYIdxmy0,36,18.425,0.0,30.0,80.0,0.005,0.1,0.15,0.0,mad_only
TTrdYIdxmy0,37,18.92,0.0,30.0,80.0,0.005,0.1,0.15,0.0,mad_only
TTrdYIdxmy0,38,19.375,0.0,30.0,80.0,0.005,0.1,0.15,0.0,mad_only
TTrdYIdxmy0,39,19.86,0.0,30.0,80.0,0.005,0.1,0.15,0.0,mad_only
TTrdYIdxmy0,40,20.31,0.0,30.0,80.0,0.005,0.1,0.15,0.0,mad_only
TTrdYIdxmy0,41,20.81,0.0,30.0,80.0,0.005,0.1,0.15,0.0,mad_only
TTrdYIdxmy0,42,21.27,0.0,30.0,80.0,0.005,0.1,0.15,0.0,mad_only
TTrdYIdxmy0,43,22.205000000000002,0.0,30.0,80.0,0.005,0.1,0.15,0.0,mad_only
TTrdYIdxmy0,44,23.165,0.0,30.0,80.0,0.005,0.1,0.15,0.0,mad_only
TTrdYIdxmy0,45,23.650000000000002,0.0,30.0,80.0,0.005,0.1,0.15,0.0,mad_only
TTrdYIdxmy0,46,24.13,0.0,30.0,80.0,0.005,0.1,0.15,0.0,mad_only
TTrdYIdxmy0,47,24.615000000000002,0.0,30.0,80.0,0.005,0.1,0.15,0.0,mad_only
TTrdYIdxmy0,48,25.060000000000002,0.0,30.0,80.0,0.005,0.1,0.15,0.0,mad_only
TTrdYIdxmy0,49,25.535,0.0,30.0,80.0,0.005,0.1,0.15,0.0,mad_only
TTrdYIdxmy0,50,26.005,0.0,30.0,80.0,0.005,0.1,0.15,0.0,mad_only
TTrdYIdxmy0,51,26.490000000000002,0.0,30.0,80.0,0.005,0.1,0.15,0.0,mad_only
TTrdYIdxmy0,52,26.955000000000002,0.0,30.0,80.0,0.005,0.1,0.15,0.0,mad_only
TTrdYIdxmy0,53,27.45,0.0,30.0,80.0,0.005,0.1,0.15,0.0,mad_only
TTrdYIdxmy0,54,27.905,0.0,30.0,80.0,0.005,0.1,0.15,0.0,mad_only
TTrdYIdxmy0,55,28.39,0.0,30.0,80.0,0.005,0.1,0.15,0.0,mad_only
TTrdYIdxmy0,56,28.835,0.0,30.0,80.0,0.005,0.1,0.15,0.0,mad_only
TTrdYIdxmy0,57,29.34,0.0,30.0,80.0,0.005,0.1,0.15,0.0,mad_only
TTrdYIdxmy0,58,29.77,0.0,30.0,80.0,0.005,0.1,0.15,0.0,mad_only
Tsdy0lD1SSs,0,1.61,0.0,30.0,80.0,0.005,0.1,0.15,0.0,mad_only
Tsdy0lD1SSs,1,2.055,0.0,30.0,80.0,0.005,0.1,0.15,0.0,mad_only
Tsdy0lD1SSs,2,2.485,0.0,30.0,80.0,0.005,0.1,0.15,0.0,mad_only
Tsdy0lD1SSs,3,2.965,0.0,30.0,80.0,0.005,0.1,0.15,0.0,mad_only
Tsdy0lD1SSs,4,3.455,0.0,30.0,80.0,0.005,0.1,0.15,0.0,mad_only
Tsdy0lD1SSs,5,3.91,0.0,30.0,80.0,0.005,0.1,0.15,0.0,mad_only
Tsdy0lD1SSs,6,4.41,0.0,30.0,80.0,0.005,0.1,0.15,0.0,mad_only
Tsdy0lD1SSs,7,4.89,0.0,30.0,80.0,0.005,0.1,0.15,0.0,mad_only
Tsdy0lD1SSs,8,5.37,0.0,30.0,80.0,0.005,0.1,0.15,0.0,mad_only
Tsdy0lD1SSs,9,5.825,0.0,30.0,80.0,0.005,0.1,0.15,0.0,mad_only
Tsdy0lD1SSs,10,6.34,0.0,30.0,80.0,0.005,0.1,0.15,0.0,mad_only
Tsdy0lD1SSs,11,6.83,0.0,30.0,80.0,0.005,0.1,0.15,0.0,mad_only
Tsdy0lD1SSs,12,7.32,0.0,30.0,80.0,0.005,0.1,0.15,0.0,mad_only
Tsdy0lD1SSs,13,7.785,0.0,30.0,80.0,0.005,0.1,0.15,0.0,mad_only
Tsdy0lD1SSs,14,8.295,0.0,30.0,80.0,0.005,0.1,0.15,0.0,mad_only
Tsdy0lD1SSs,15,8.745000000000001,0.0,30.0,80.0,0.005,0.1,0.15,0.0,mad_only
Tsdy0lD1SSs,16,9.225,0.0,30.0,80.0,0.005,0.1,0.15,0.0,mad_only
Tsdy0lD1SSs,17,9.695,0.0,30.0,80.0,0.005,0.1,0.15,0.0,mad_only
Tsdy0lD1SSs,18,10.21,0.0,30.0,80.0,0.005,0.1,0.15,0.0,mad_only
Tsdy0lD1SSs,19,10.685,0.0,30.0,80.0,0.005,0.1,0.15,0.0,mad_only
Tsdy0lD1SSs,20,11.18,0.0,30.0,80.0,0.005,0.1,0.15,0.0,mad_only
Tsdy0lD1SSs,21,11.65,0.0,30.0,80.0,0.005,0.1,0.15,0.0,mad_only
Tsdy0lD1SSs,22,12.145,0.0,30.0,80.0,0.005,0.1,0.15,0.0,mad_only
Tsdy0lD1SSs,23,12.620000000000001,0.0,30.0,80.0,0.005,0.1,0.15,0.0,mad_only
Tsdy0lD1SSs,24,13.115,0.0,30.0,80.0,0.005,0.1,0.15,0.0,mad_only
Tsdy0lD1SSs,25,13.595,0.0,30.0,80.0,0.005,0.1,0.15,0.0,mad_only
Tsdy0lD1SSs,26,14.095,0.0,30.0,80.0,0.005,0.1,0.15,0.0,mad_only
Tsdy0lD1SSs,27,14.565,0.0,30.0,80.0,0.005,0.1,0.15,0.0,mad_only
Tsdy0lD1SSs,28,15.045,0.0,30.0,80.0,0.005,0.1,0.15,0.0,mad_only
Tsdy0lD1SSs,29,15.515,0.0,30.0,80.0,0.005,0.1,0.15,0.0,mad_only
Tsdy0lD1SSs,30,16.005,0.0,30.0,80.0,0.005,0.1,0.15,0.0,mad_only
Tsdy0lD1SSs,31,16.485,0.0,30.0,80.0,0.005,0.1,0.15,0.0,mad_only
Tsdy0lD1SSs,32,16.97,0.0,30.0,80.0,0.005,0.1,0.15,0.0,mad_only
Tsdy0lD1SSs,33,17.455000000000002,0.0,30.0,80.0,0.005,0.1,0.15,0.0,mad_only
Tsdy0lD1SSs,34,17.96,0.0,30.0,80.0,0.005,0.1,0.15,0.0,mad_only
Tsdy0lD1SSs,35,18.44,0.0,30.0,80.0,0.005,0.1,0.15,0.0,mad_only
Tsdy0lD1SSs,36,18.92,0.0,30.0,80.0,0.005,0.1,0.15,0.0,mad_only
Tsdy0lD1SSs,37,19.39,0.0,30.0,80.0,0.005,0.1,0.15,0.0,mad_only
Tsdy0lD1SSs,38,19.88,0.0,30.0,80.0,0.005,0.1,0.15,0.0,mad_only
Tsdy0lD1SSs,39,20.36,0.0,30.0,80.0,0.005,0.1,0.15,0.0,mad_only
Tsdy0lD1SSs,40,20.85,0.0,30.0,80.0,0.005,0.1,0.15,0.0,mad_only
Tsdy0lD1SSs,41,21.32,0.0,30.0,80.0,0.005,0.1,0.15,0.0,mad_only
Tsdy0lD1SSs,42,21.84,0.0,30.0,80.0,0.005,0.1,0.15,0.0,mad_only
Tsdy0lD1SSs,43,22.295,0.0,30.0,80.0,0.005,0.1,0.15,0.0,mad_only
Tsdy0lD1SSs,44,22.795,0.0,30.0,80.0,0.005,0.1,0.15,0.0,mad_only
Tsdy0lD1SSs,45,23.265,0.0,30.0,80.0,0.005,0.1,0.15,0.0,mad_only
Tsdy0lD1SSs,46,23.765,0.0,30.0,80.0,0.005,0.1,0.15,0.0,mad_only
Tsdy0lD1SSs,47,24.240000000000002,0.0,30.0,80.0,0.005,0.1,0.15,0.0,mad_only
Tsdy0lD1SSs,48,24.72,0.0,30.0,80.0,0.005,0.1,0.15,0.0,mad_only
Tsdy0lD1SSs,49,25.195,0.0,30.0,80.0,0.005,0.1,0.15,0.0,mad_only
Tsdy0lD1SSs,50,25.695,0.0,30.0,80.0,0.005,0.1,0.15,0.0,mad_only
Tsdy0lD1SSs,51,26.195,0.0,30.0,80.0,0.005,0.1,0.15,0.0,mad_only
Tsdy0lD1SSs,52,26.68,0.0,30.0,80.0,0.005,0.1,0.15,0.0,mad_only
Tsdy0lD1SSs,53,27.145,0.0,30.0,80.0,0.005,0.1,0.15,0.0,mad_only
Tsdy0lD1SSs,54,27.625,0.0,30.0,80.0,0.005,0.1,0.15,0.0,mad_only
Tsdy0lD1SSs,55,28.1,0.0,30.0,80.0,0.005,0.1,0.15,0.0,mad_only
Tsdy0lD1SSs,56,28.585,0.0,30.0,80.0,0.005,0.1,0.15,0.0,mad_only
Tsdy0lD1SSs,57,29.060000000000002,0.0,30.0,80.0,0.005,0.1,0.15,0.0,mad_only
Tsdy0lD1SSs,58,29.555,0.0,30.0,80.0,0.005,0.1,0.15,0.0,mad_only
TyFYPz2V2ZY,0,1.245,0.0,30.0,80.0,0.005,0.1,0.15,0.0,mad_only
TyFYPz2V2ZY,1,1.6500000000000001,0.0,30.0,80.0,0.005,0.1,0.15,0.0,mad_only
TyFYPz2V2ZY,2,2.09,0.0,30.0,80.0,0.005,0.1,0.15,0.0,mad_only
TyFYPz2V2ZY,3,2.565,0.0,30.0,80.0,0.005,0.1,0.15,0.0,mad_only
TyFYPz2V2ZY,4,3.015,0.0,30.0,80.0,0.005,0.1,0.15,0.0,mad_only
TyFYPz2V2ZY,5,3.47,0.0,30.0,80.0,0.005,0.1,0.15,0.0,mad_only
TyFYPz2V2ZY,6,3.94,0.0,30.0,80.0,0.005,0.1,0.15,0.0,mad_only
TyFYPz2V2ZY,7,4.345,0.0,30.0,80.0,0.005,0.1,0.15,0.0,mad_only
TyFYPz2V2ZY,8,4.785,0.0,30.0,80.0,0.005,0.1,0.15,0.0,mad_only
TyFYPz2V2ZY,9,5.6850000000000005,0.0,30.0,80.0,0.005,0.1,0.15,0.0,mad_only
TyFYPz2V2ZY,10,6.19,0.0,30.0,80.0,0.005,0.1,0.15,0.0,mad_only
TyFYPz2V2ZY,11,6.6000000000000005,0.0,30.0,80.0,0.005,0.1,0.15,0.0,mad_only
TyFYPz2V2ZY,12,7.09,0.0,30.0,80.0,0.005,0.1,0.15,0.0,mad_only
TyFYPz2V2ZY,13,7.53,0.0,30.0,80.0,0.005,0.1,0.15,0.0,mad_only
TyFYPz2V2ZY,14,7.98,0.0,30.0,80.0,0.005,0.1,0.15,0.0,mad_only
TyFYPz2V2ZY,15,8.41,0.0,30.0,80.0,0.005,0.1,0.15,0.0,mad_only
TyFYPz2V2ZY,16,9.33,0.0,30.0,80.0,0.005,0.1,0.15,0.0,mad_only
TyFYPz2V2ZY,17,9.795,0.0,30.0,80.0,0.005,0.1,0.15,0.0,mad_only
TyFYPz2V2ZY,18,10.225,0.0,30.0,80.0,0.005,0.1,0.15,0.0,mad_only
TyFYPz2V2ZY,19,10.715,0.0,30.0,80.0,0.005,0.1,0.15,0.0,mad_only
TyFYPz2V2ZY,20,11.145,0.0,30.0,80.0,0.005,0.1,0.15,0.0,mad_only
TyFYPz2V2ZY,21,11.59,0.0,30.0,80.0,0.005,0.1,0.15,0.0,mad_only
TyFYPz2V2ZY,22,12.015,0.0,30.0,80.0,0.005,0.1,0.15,0.0,mad_only
TyFYPz2V2ZY,23,12.945,0.0,30.0,80.0,0.005,0.1,0.15,0.0,mad_only
TyFYPz2V2ZY,24,13.425,0.0,30.0,80.0,0.005,0.1,0.15,0.0,mad_only
TyFYPz2V2ZY,25,13.870000000000001,0.0,30.0,80.0,0.005,0.1,0.15,0.0,mad_only
TyFYPz2V2ZY,26,14.355,0.0,30.0,80.0,0.005,0.1,0.15,0.0,mad_only
TyFYPz2V2ZY,27,14.780000000000001,0.0,30.0,80.0,0.005,0.1,0.15,0.0,mad_only
TyFYPz2V2ZY,28,15.225,0.0,30.0,80.0,0.005,0.1,0.15,0.0,mad_only
TyFYPz2V2ZY,29,15.685,0.0,30.0,80.0,0.005,0.1,0.15,0.0,mad_only
TyFYPz2V2ZY,30,16.145,0.0,30.0,80.0,0.005,0.1,0.15,0.0,mad_only
TyFYPz2V2ZY,31,16.595,0.0,30.0,80.0,0.005,0.1,0.15,0.0,mad_only
TyFYPz2V2ZY,32,17.085,0.0,30.0,80.0,0.005,0.1,0.15,0.0,mad_only
TyFYPz2V2ZY,33,17.535,0.0,30.0,80.0,0.005,0.1,0.15,0.0,mad_only
TyFYPz2V2ZY,34,18.415,0.0,30.0,80.0,0.005,0.1,0.15,0.0,mad_only
TyFYPz2V2ZY,35,18.875,0.0,30.0,80.0,0.005,0.1,0.15,0.0,mad_only
TyFYPz2V2ZY,36,19.295,0.0,30.0,80.0,0.005,0.1,0.15,0.0,mad_only
TyFYPz2V2ZY,37,19.77,0.0,30.0,80.0,0.005,0.1,0.15,0.0,mad_only
TyFYPz2V2ZY,38,20.205000000000002,0.0,30.0,80.0,0.005,0.1,0.15,0.0,mad_only
TyFYPz2V2ZY,39,20.68,0.0,30.0,80.0,0.005,0.1,0.15,0.0,mad_only
TyFYPz2V2ZY,40,21.13,0.0,30.0,80.0,0.005,0.1,0.15,0.0,mad_only
TyFYPz2V2ZY,41,21.61,0.0,30.0,80.0,0.005,0.1,0.15,0.0,mad_only
TyFYPz2V2ZY,42,22.04,0.0,30.0,80.0,0.005,0.1,0.15,0.0,mad_only
TyFYPz2V2ZY,43,22.5,0.0,30.0,80.0,0.005,0.1,0.15,0.0,mad_only
TyFYPz2V2ZY,44,22.935,0.0,30.0,80.0,0.005,0.1,0.15,0.0,mad_only
TyFYPz2V2ZY,45,23.405,0.0,30.0,80.0,0.005,0.1,0.15,0.0,mad_only
TyFYPz2V2ZY,46,23.845,0.0,30.0,80.0,0.005,0.1,0.15,0.0,mad_only
TyFYPz2V2ZY,47,24.330000000000002,0.0,30.0,80.0,0.005,0.1,0.15,0.0,mad_only
TyFYPz2V2ZY,48,24.77,0.0,30.0,80.0,0.005,0.1,0.15,0.0,mad_only
TyFYPz2V2ZY,49,25.675,0.0,30.0,80.0,0.005,0.1,0.15,0.0,mad_only
TyFYPz2V2ZY,50,26.14,0.0,30.0,80.0,0.005,0.1,0.15,0.0,mad_only
TyFYPz2V2ZY,51,26.565,0.0,30.0,80.0,0.005,0.1,0.15,0.0,mad_only
TyFYPz2V2ZY,52,27.04,0.0,30.0,80.0,0.005,0.1,0.15,0.0,mad_only
TyFYPz2V2ZY,53,27.485,0.0,30.0,80.0,0.005,0.1,0.15,0.0,mad_only
TyFYPz2V2ZY,54,27.95,0.0,30.0,80.0,0.005,0.1,0.15,0.0,mad_only
TyFYPz2V2ZY,55,28.385,0.0,30.0,80.0,0.005,0.1,0.15,0.0,mad_only
TyFYPz2V2ZY,56,29.295,0.0,30.0,80.0,0.005,0.1,0.15,0.0,mad_only
TyFYPz2V2ZY,57,29.78,0.0,30.0,80.0,0.005,0.1,0.15,0.0,mad_only
UpLwQAN25so,0,0.85,0.0,30.0,80.0,0.005,0.1,0.15,0.0,mad_only
UpLwQAN25so,1,1.215,0.0,30.0,80.0,0.005,0.1,0.15,0.0,mad_only
UpLwQAN25so,2,1.655,0.0,30.0,80.0,0.005,0.1,0.15,0.0,mad_only
UpLwQAN25so,3,2.065,0.0,30.0,80.0,0.005,0.1,0.15,0.0,mad_only
UpLwQAN25so,4,2.485,0.0,30.0,80.0,0.005,0.1,0.15,0.0,mad_only
UpLwQAN25so,5,2.915,0.0,30.0,80.0,0.005,0.1,0.15,0.0,mad_only
UpLwQAN25so,6,3.34,0.0,30.0,80.0,0.005,0.1,0.15,0.0,mad_only
UpLwQAN25so,7,3.775,0.0,30.0,80.0,0.005,0.1,0.15,0.0,mad_only
UpLwQAN25so,8,4.205,0.0,30.0,80.0,0.005,0.1,0.15,0.0,mad_only
UpLwQAN25so,9,4.635,0.0,30.0,80.0,0.005,0.1,0.15,0.0,mad_only
UpLwQAN25so,10,5.08,0.0,30.0,80.0,0.005,0.1,0.15,0.0,mad_only
UpLwQAN25so,11,5.51,0.0,30.0,80.0,0.005,0.1,0.15,0.0,mad_only
UpLwQAN25so,12,5.9350000000000005,0.0,30.0,80.0,0.005,0.1,0.15,0.0,mad_only
UpLwQAN25so,13,6.36,0.0,30.0,80.0,0.005,0.1,0.15,0.0,mad_only
UpLwQAN25so,14,6.795,0.0,30.0,80.0,0.005,0.1,0.15,0.0,mad_only
UpLwQAN25so,15,7.2250000000000005,0.0,30.0,80.0,0.005,0.1,0.15,0.0,mad_only
UpLwQAN25so,16,7.66,0.0,30.0,80.0,0.005,0.1,0.15,0.0,mad_only
UpLwQAN25so,17,8.09,0.0,30.0,80.0,0.005,0.1,0.15,0.0,mad_only
UpLwQAN25so,18,8.53,0.0,30.0,80.0,0.005,0.1,0.15,0.0,mad_only
UpLwQAN25so,19,8.96,0.0,30.0,80.0,0.005,0.1,0.15,0.0,mad_only
UpLwQAN25so,20,9.385,0.0,30.0,80.0,0.005,0.1,0.15,0.0,mad_only
UpLwQAN25so,21,9.815,0.0,30.0,80.0,0.005,0.1,0.15,0.0,mad_only
UpLwQAN25so,22,10.245000000000001,0.0,30.0,80.0,0.005,0.1,0.15,0.0,mad_only
UpLwQAN25so,23,10.675,0.0,30.0,80.0,0.005,0.1,0.15,0.0,mad_only
UpLwQAN25so,24,11.105,0.0,30.0,80.0,0.005,0.1,0.15,0.0,mad_only
UpLwQAN25so,25,11.540000000000001,0.0,30.0,80.0,0.005,0.1,0.15,0.0,mad_only
UpLwQAN25so,26,11.98,0.0,30.0,80.0,0.005,0.1,0.15,0.0,mad_only
UpLwQAN25so,27,12.405000000000001,0.0,30.0,80.0,0.005,0.1,0.15,0.0,mad_only
UpLwQAN25so,28,12.835,0.0,30.0,80.0,0.005,0.1,0.15,0.0,mad_only
UpLwQAN25so,29,13.27,0.0,30.0,80.0,0.005,0.1,0.15,0.0,mad_only
UpLwQAN25so,30,13.69,0.0,30.0,80.0,0.005,0.1,0.15,0.0,mad_only
UpLwQAN25so,31,14.125,0.0,30.0,80.0,0.005,0.1,0.15,0.0,mad_only
UpLwQAN25so,32,14.555,0.0,30.0,80.0,0.005,0.1,0.15,0.0,mad_only
UpLwQAN25so,33,14.99,0.0,30.0,80.0,0.005,0.1,0.15,0.0,mad_only
UpLwQAN25so,34,15.42,0.0,30.0,80.0,0.005,0.1,0.15,0.0,mad_only
UpLwQAN25so,35,15.85,0.0,30.0,80.0,0.005,0.1,0.15,0.0,mad_only
UpLwQAN25so,36,16.275,0.0,30.0,80.0,0.005,0.1,0.15,0.0,mad_only
UpLwQAN25so,37,16.715,0.0,30.0,80.0,0.005,0.1,0.15,0.0,mad_only
UpLwQAN25so,38,17.145,0.0,30.0,80.0,0.005,0.1,0.15,0.0,mad_only
UpLwQAN25so,39,17.585,0.0,30.0,80.0,0.005,0.1,0.15,0.0,mad_only
UpLwQAN25so,40,18.005,0.0,30.0,80.0,0.005,0.1,0.15,0.0,mad_only
UpLwQAN25so,41,18.44,0.0,30.0,80.0,0.005,0.1,0.15,0.0,mad_only
UpLwQAN25so,42,18.88,0.0,30.0,80.0,0.005,0.1,0.15,0.0,mad_only
UpLwQAN25so,43,19.31,0.0,30.0,80.0,0.005,0.1,0.15,0.0,mad_only
UpLwQAN25so,44,19.740000000000002,0.0,30.0,80.0,0.005,0.1,0.15,0.0,mad_only
UpLwQAN25so,45,20.175,0.0,30.0,80.0,0.005,0.1,0.15,0.0,mad_only
UpLwQAN25so,46,20.6,0.0,30.0,80.0,0.005,0.1,0.15,0.0,mad_only
UpLwQAN25so,47,21.035,0.0,30.0,80.0,0.005,0.1,0.15,0.0,mad_only
UpLwQAN25so,48,21.455000000000002,0.0,30.0,80.0,0.005,0.1,0.15,0.0,mad_only
UpLwQAN25so,49,21.895,0.0,30.0,80.0,0.005,0.1,0.15,0.0,mad_only
UpLwQAN25so,50,22.335,0.0,30.0,80.0,0.005,0.1,0.15,0.0,mad_only
UpLwQAN25so,51,22.765,0.0,30.0,80.0,0.005,0.1,0.15,0.0,mad_only
UpLwQAN25so,52,23.195,0.0,30.0,80.0,0.005,0.1,0.15,0.0,mad_only
UpLwQAN25so,53,23.625,0.0,30.0,80.0,0.005,0.1,0.15,0.0,mad_only
UpLwQAN25so,54,24.060000000000002,0.0,30.0,80.0,0.005,0.1,0.15,0.0,mad_only
UpLwQAN25so,55,24.495,0.0,30.0,80.0,0.005,0.1,0.15,0.0,mad_only
UpLwQAN25so,56,24.925,0.0,30.0,80.0,0.005,0.1,0.15,0.0,mad_only
UpLwQAN25so,57,25.355,0.0,30.0,80.0,0.005,0.1,0.15,0.0,mad_only
UpLwQAN25so,58,25.78,0.0,30.0,80.0,0.005,0.1,0.15,0.0,mad_only
UpLwQAN25so,59,26.215,0.0,30.0,80.0,0.005,0.1,0.15,0.0,mad_only
UpLwQAN25so,60,26.650000000000002,0.0,30.0,80.0,0.005,0.1,0.15,0.0,mad_only
UpLwQAN25so,61,27.080000000000002,0.0,30.0,80.0,0.005,0.1,0.15,0.0,mad_only
UpLwQAN25so,62,27.505,0.0,30.0,80.0,0.005,0.1,0.15,0.0,mad_only
UpLwQAN25so,63,27.94,0.0,30.0,80.0,0.005,0.1,0.15,0.0,mad_only
UpLwQAN25so,64,28.37,0.0,30.0,80.0,0.005,0.1,0.15,0.0,mad_only
UpLwQAN25so,65,28.805,0.0,30.0,80.0,0.005,0.1,0.15,0.0,mad_only
UpLwQAN25so,66,29.240000000000002,0.0,30.0,80.0,0.005,0.1,0.15,0.0,mad_only
UpLwQAN25so,67,29.66,0.0,30.0,80.0,0.005,0.1,0.15,0.0,mad_only
UsjvI9tG9u8,0,0.56,0.0,30.0,80.0,0.005,0.1,0.15,0.0,mad_only
UsjvI9tG9u8,1,1.445,0.0,30.0,80.0,0.005,0.1,0.15,0.0,mad_only
UsjvI9tG9u8,2,1.87,0.0,30.0,80.0,0.005,0.1,0.15,0.0,mad_only
UsjvI9tG9u8,3,2.72,0.0,30.0,80.0,0.005,0.1,0.15,0.0,mad_only
UsjvI9tG9u8,4,3.075,0.0,30.0,80.0,0.005,0.1,0.15,0.0,mad_only
UsjvI9tG9u8,5,4.36,0.0,30.0,80.0,0.005,0.1,0.15,0.0,mad_only
UsjvI9tG9u8,6,4.795,0.0,30.0,80.0,0.005,0.1,0.15,0.0,mad_only
UsjvI9tG9u8,7,5.59,0.0,30.0,80.0,0.005,0.1,0.15,0.0,mad_only
UsjvI9tG9u8,8,6.045,0.0,30.0,80.0,0.005,0.1,0.15,0.0,mad_only
UsjvI9tG9u8,9,6.865,0.0,30.0,80.0,0.005,0.1,0.15,0.0,mad_only
UsjvI9tG9u8,10,7.345,0.0,30.0,80.0,0.005,0.1,0.15,0.0,mad_only
UsjvI9tG9u8,11,7.76,0.0,30.0,80.0,0.005,0.1,0.15,0.0,mad_only
UsjvI9tG9u8,12,8.155,0.0,30.0,80.0,0.005,0.1,0.15,0.0,mad_only
UsjvI9tG9u8,13,8.620000000000001,0.0,30.0,80.0,0.005,0.1,0.15,0.0,mad_only
UsjvI9tG9u8,14,8.99,0.0,30.0,80.0,0.005,0.1,0.15,0.0,mad_only
UsjvI9tG9u8,15,9.405,0.0,30.0,80.0,0.005,0.1,0.15,0.0,mad_only
UsjvI9tG9u8,16,9.815,0.0,30.0,80.0,0.005,0.1,0.15,0.0,mad_only
UsjvI9tG9u8,17,10.26,0.0,30.0,80.0,0.005,0.1,0.15,0.0,mad_only
UsjvI9tG9u8,18,10.67,0.0,30.0,80.0,0.005,0.1,0.15,0.0,mad_only
UsjvI9tG9u8,19,11.13,0.0,30.0,80.0,0.005,0.1,0.15,0.0,mad_only
UsjvI9tG9u8,20,11.52,0.0,30.0,80.0,0.005,0.1,0.15,0.0,mad_only
UsjvI9tG9u8,21,11.96,0.0,30.0,80.0,0.005,0.1,0.15,0.0,mad_only
UsjvI9tG9u8,22,13.16,0.0,30.0,80.0,0.005,0.1,0.15,0.0,mad_only
UsjvI9tG9u8,23,13.6,0.0,30.0,80.0,0.005,0.1,0.15,0.0,mad_only
UsjvI9tG9u8,24,14.415000000000001,0.0,30.0,80.0,0.005,0.1,0.15,0.0,mad_only
UsjvI9tG9u8,25,14.855,0.0,30.0,80.0,0.005,0.1,0.15,0.0,mad_only
UsjvI9tG9u8,26,15.675,0.0,30.0,80.0,0.005,0.1,0.15,0.0,mad_only
UsjvI9tG9u8,27,16.135,0.0,30.0,80.0,0.005,0.1,0.15,0.0,mad_only
UsjvI9tG9u8,28,16.56,0.0,30.0,80.0,0.005,0.1,0.15,0.0,mad_only
UsjvI9tG9u8,29,16.95,0.0,30.0,80.0,0.005,0.1,0.15,0.0,mad_only
UsjvI9tG9u8,30,17.375,0.0,30.0,80.0,0.005,0.1,0.15,0.0,mad_only
UsjvI9tG9u8,31,17.81,0.0,30.0,80.0,0.005,0.1,0.15,0.0,mad_only
UsjvI9tG9u8,32,18.21,0.0,30.0,80.0,0.005,0.1,0.15,0.0,mad_only
UsjvI9tG9u8,33,18.64,0.0,30.0,80.0,0.005,0.1,0.15,0.0,mad_only
UsjvI9tG9u8,34,19.47,0.0,30.0,80.0,0.005,0.1,0.15,0.0,mad_only
UsjvI9tG9u8,35,19.875,0.0,30.0,80.0,0.005,0.1,0.15,0.0,mad_only
UsjvI9tG9u8,36,20.32,0.0,30.0,80.0,0.005,0.1,0.15,0.0,mad_only
UsjvI9tG9u8,37,20.740000000000002,0.0,30.0,80.0,0.005,0.1,0.15,0.0,mad_only
UsjvI9tG9u8,38,21.155,0.0,30.0,80.0,0.005,0.1,0.15,0.0,mad_only
UsjvI9tG9u8,39,21.97,0.0,30.0,80.0,0.005,0.1,0.15,0.0,mad_only
UsjvI9tG9u8,40,22.77,0.0,30.0,80.0,0.005,0.1,0.15,0.0,mad_only
UsjvI9tG9u8,41,23.235,0.0,30.0,80.0,0.005,0.1,0.15,0.0,mad_only
UsjvI9tG9u8,42,23.67,0.0,30.0,80.0,0.005,0.1,0.15,0.0,mad_only
UsjvI9tG9u8,43,24.07,0.0,30.0,80.0,0.005,0.1,0.15,0.0,mad_only
UsjvI9tG9u8,44,24.51,0.0,30.0,80.0,0.005,0.1,0.15,0.0,mad_only
UsjvI9tG9u8,45,24.94,0.0,30.0,80.0,0.005,0.1,0.15,0.0,mad_only
UsjvI9tG9u8,46,25.35,0.0,30.0,80.0,0.005,0.1,0.15,0.0,mad_only
UsjvI9tG9u8,47,25.765,0.0,30.0,80.0,0.005,0.1,0.15,0.0,mad_only
UsjvI9tG9u8,48,26.18,0.0,30.0,80.0,0.005,0.1,0.15,0.0,mad_only
UsjvI9tG9u8,49,26.585,0.0,30.0,80.0,0.005,0.1,0.15,0.0,mad_only
UsjvI9tG9u8,50,27.01,0.0,30.0,80.0,0.005,0.1,0.15,0.0,mad_only
UsjvI9tG9u8,51,27.435000000000002,0.0,30.0,80.0,0.005,0.1,0.15,0.0,mad_only
UsjvI9tG9u8,52,27.84,0.0,30.0,80.0,0.005,0.1,0.15,0.0,mad_only
UsjvI9tG9u8,53,28.310000000000002,0.0,30.0,80.0,0.005,0.1,0.15,0.0,mad_only
UsjvI9tG9u8,54,28.705000000000002,0.0,30.0,80.0,0.005,0.1,0.15,0.0,mad_only
UsjvI9tG9u8,55,29.185000000000002,0.0,30.0,80.0,0.005,0.1,0.15,0.0,mad_only
UsjvI9tG9u8,56,29.555,0.0,30.0,80.0,0.005,0.1,0.15,0.0,mad_only
UxD-yc9RWPA,0,0.775,0.0,30.0,80.0,0.005,0.1,0.15,0.0,mad_only
UxD-yc9RWPA,1,1.26,0.0,30.0,80.0,0.005,0.1,0.15,0.0,mad_only
UxD-yc9RWPA,2,1.795,0.0,30.0,80.0,0.005,0.1,0.15,0.0,mad_only
UxD-yc9RWPA,3,2.645,0.0,30.0,80.0,0.005,0.1,0.15,0.0,mad_only
UxD-yc9RWPA,4,3.225,0.0,30.0,80.0,0.005,0.1,0.15,0.0,mad_only
UxD-yc9RWPA,5,3.785,0.0,30.0,80.0,0.005,0.1,0.15,0.0,mad_only
UxD-yc9RWPA,6,4.355,0.0,30.0,80.0,0.005,0.1,0.15,0.0,mad_only
UxD-yc9RWPA,7,4.92,0.0,30.0,80.0,0.005,0.1,0.15,0.0,mad_only
UxD-yc9RWPA,8,5.5,0.0,30.0,80.0,0.005,0.1,0.15,0.0,mad_only
UxD-yc9RWPA,9,6.0600000000000005,0.0,30.0,80.0,0.005,0.1,0.15,0.0,mad_only
UxD-yc9RWPA,10,6.615,0.0,30.0,80.0,0.005,0.1,0.15,0.0,mad_only
UxD-yc9RWPA,11,7.1850000000000005,0.0,30.0,80.0,0.005,0.1,0.15,0.0,mad_only
UxD-yc9RWPA,12,7.45,0.0,30.0,80.0,0.005,0.1,0.15,0.0,mad_only
UxD-yc9RWPA,13,7.755,0.0,30.0,80.0,0.005,0.1,0.15,0.0,mad_only
UxD-yc9RWPA,14,8.325,0.0,30.0,80.0,0.005,0.1,0.15,0.0,mad_only
UxD-yc9RWPA,15,8.93,0.0,30.0,80.0,0.005,0.1,0.15,0.0,mad_only
UxD-yc9RWPA,16,9.465,0.0,30.0,80.0,0.005,0.1,0.15,0.0,mad_only
UxD-yc9RWPA,17,10.045,0.0,30.0,80.0,0.005,0.1,0.15,0.0,mad_only
UxD-yc9RWPA,18,10.64,0.0,30.0,80.0,0.005,0.1,0.15,0.0,mad_only
UxD-yc9RWPA,19,11.200000000000001,0.0,30.0,80.0,0.005,0.1,0.15,0.0,mad_only
UxD-yc9RWPA,20,11.745000000000001,0.0,30.0,80.0,0.005,0.1,0.15,0.0,mad_only
UxD-yc9RWPA,21,12.32,0.0,30.0,80.0,0.005,0.1,0.15,0.0,mad_only
UxD-yc9RWPA,22,12.905000000000001,0.0,30.0,80.0,0.005,0.1,0.15,0.0,mad_only
UxD-yc9RWPA,23,13.475,0.0,30.0,80.0,0.005,0.1,0.15,0.0,mad_only
UxD-yc9RWPA,24,14.045,0.0,30.0,80.0,0.005,0.1,0.15,0.0,mad_only
UxD-yc9RWPA,25,14.620000000000001,0.0,30.0,80.0,0.005,0.1,0.15,0.0,mad_only
UxD-yc9RWPA,26,15.19,0.0,30.0,80.0,0.005,0.1,0.15,0.0,mad_only
UxD-yc9RWPA,27,15.76,0.0,30.0,80.0,0.005,0.1,0.15,0.0,mad_only
UxD-yc9RWPA,28,16.32,0.0,30.0,80.0,0.005,0.1,0.15,0.0,mad_only
UxD-yc9RWPA,29,16.605,0.0,30.0,80.0,0.005,0.1,0.15,0.0,mad_only
UxD-yc9RWPA,30,16.895,0.0,30.0,80.0,0.005,0.1,0.15,0.0,mad_only
UxD-yc9RWPA,31,17.47,0.0,30.0,80.0,0.005,0.1,0.15,0.0,mad_only
UxD-yc9RWPA,32,18.05,0.0,30.0,80.0,0.005,0.1,0.15,0.0,mad_only
UxD-yc9RWPA,33,18.62,0.0,30.0,80.0,0.005,0.1,0.15,0.0,mad_only
UxD-yc9RWPA,34,19.19,0.0,30.0,80.0,0.005,0.1,0.15,0.0,mad_only
UxD-yc9RWPA,35,19.77,0.0,30.0,80.0,0.005,0.1,0.15,0.0,mad_only
UxD-yc9RWPA,36,20.335,0.0,30.0,80.0,0.005,0.1,0.15,0.0,mad_only
UxD-yc9RWPA,37,20.900000000000002,0.0,30.0,80.0,0.005,0.1,0.15,0.0,mad_only
UxD-yc9RWPA,38,21.47,0.0,30.0,80.0,0.005,0.1,0.15,0.0,mad_only
UxD-yc9RWPA,39,22.045,0.0,30.0,80.0,0.005,0.1,0.15,0.0,mad_only
UxD-yc9RWPA,40,22.62,0.0,30.0,80.0,0.005,0.1,0.15,0.0,mad_only
UxD-yc9RWPA,41,23.175,0.0,30.0,80.0,0.005,0.1,0.15,0.0,mad_only
UxD-yc9RWPA,42,23.755,0.0,30.0,80.0,0.005,0.1,0.15,0.0,mad_only
UxD-yc9RWPA,43,24.330000000000002,0.0,30.0,80.0,0.005,0.1,0.15,0.0,mad_only
UxD-yc9RWPA,44,24.905,0.0,30.0,80.0,0.005,0.1,0.15,0.0,mad_only
UxD-yc9RWPA,45,25.47,0.0,30.0,80.0,0.005,0.1,0.15,0.0,mad_only
UxD-yc9RWPA,46,26.04,0.0,30.0,80.0,0.005,0.1,0.15,0.0,mad_only
UxD-yc9RWPA,47,26.61,0.0,30.0,80.0,0.005,0.1,0.15,0.0,mad_only
UxD-yc9RWPA,48,27.17,0.0,30.0,80.0,0.005,0.1,0.15,0.0,mad_only
UxD-yc9RWPA,49,27.740000000000002,0.0,30.0,80.0,0.005,0.1,0.15,0.0,mad_only
UxD-yc9RWPA,50,28.035,0.0,30.0,80.0,0.005,0.1,0.15,0.0,mad_only
UxD-yc9RWPA,51,28.325,0.0,30.0,80.0,0.005,0.1,0.15,0.0,mad_only
UxD-yc9RWPA,52,28.900000000000002,0.0,30.0,80.0,0.005,0.1,0.15,0.0,mad_only
UxD-yc9RWPA,53,29.465,0.0,30.0,80.0,0.005,0.1,0.15,0.0,mad_only
V9Sd5QiDkkw,0,0.88,0.0,30.0,80.0,0.005,0.1,0.15,0.0,mad_only
V9Sd5QiDkkw,1,1.49,0.0,30.0,80.0,0.005,0.1,0.15,0.0,mad_only
V9Sd5QiDkkw,2,1.8,0.0,30.0,80.0,0.005,0.1,0.15,0.0,mad_only
V9Sd5QiDkkw,3,2.105,0.0,30.0,80.0,0.005,0.1,0.15,0.0,mad_only
V9Sd5QiDkkw,4,2.455,0.0,30.0,80.0,0.005,0.1,0.15,0.0,mad_only
V9Sd5QiDkkw,5,2.745,0.0,30.0,80.0,0.005,0.1,0.15,0.0,mad_only
V9Sd5QiDkkw,6,3.105,0.0,30.0,80.0,0.005,0.1,0.15,0.0,mad_only
V9Sd5QiDkkw,7,3.415,0.0,30.0,80.0,0.005,0.1,0.15,0.0,mad_only
V9Sd5QiDkkw,8,4.105,0.0,30.0,80.0,0.005,0.1,0.15,0.0,mad_only
V9Sd5QiDkkw,9,4.82,0.0,30.0,80.0,0.005,0.1,0.15,0.0,mad_only
V9Sd5QiDkkw,10,5.2,0.0,30.0,80.0,0.005,0.1,0.15,0.0,mad_only
V9Sd5QiDkkw,11,6.005,0.0,30.0,80.0,0.005,0.1,0.15,0.0,mad_only
V9Sd5QiDkkw,12,7.21,0.0,30.0,80.0,0.005,0.1,0.15,0.0,mad_only
V9Sd5QiDkkw,13,7.9,0.0,30.0,80.0,0.005,0.1,0.15,0.0,mad_only
V9Sd5QiDkkw,14,8.265,0.0,30.0,80.0,0.005,0.1,0.15,0.0,mad_only
V9Sd5QiDkkw,15,8.575000000000001,0.0,30.0,80.0,0.005,0.1,0.15,0.0,mad_only
V9Sd5QiDkkw,16,8.885,0.0,30.0,80.0,0.005,0.1,0.15,0.0,mad_only
V9Sd5QiDkkw,17,9.200000000000001,0.0,30.0,80.0,0.005,0.1,0.15,0.0,mad_only
V9Sd5QiDkkw,18,9.540000000000001,0.0,30.0,80.0,0.005,0.1,0.15,0.0,mad_only
V9Sd5QiDkkw,19,9.855,0.0,30.0,80.0,0.005,0.1,0.15,0.0,mad_only
V9Sd5QiDkkw,20,10.19,0.0,30.0,80.0,0.005,0.1,0.15,0.0,mad_only
V9Sd5QiDkkw,21,10.495000000000001,0.0,30.0,80.0,0.005,0.1,0.15,0.0,mad_only
V9Sd5QiDkkw,22,10.83,0.0,30.0,80.0,0.005,0.1,0.15,0.0,mad_only
V9Sd5QiDkkw,23,11.15,0.0,30.0,80.0,0.005,0.1,0.15,0.0,mad_only
V9Sd5QiDkkw,24,11.46,0.0,30.0,80.0,0.005,0.1,0.15,0.0,mad_only
V9Sd5QiDkkw,25,11.785,0.0,30.0,80.0,0.005,0.1,0.15,0.0,mad_only
V9Sd5QiDkkw,26,12.115,0.0,30.0,80.0,0.005,0.1,0.15,0.0,mad_only
V9Sd5QiDkkw,27,12.44,0.0,30.0,80.0,0.005,0.1,0.15,0.0,mad_only
V9Sd5QiDkkw,28,12.765,0.0,30.0,80.0,0.005,0.1,0.15,0.0,mad_only
V9Sd5QiDkkw,29,13.075000000000001,0.0,30.0,80.0,0.005,0.1,0.15,0.0,mad_only
V9Sd5QiDkkw,30,13.41,0.0,30.0,80.0,0.005,0.1,0.15,0.0,mad_only
V9Sd5QiDkkw,31,13.73,0.0,30.0,80.0,0.005,0.1,0.15,0.0,mad_only
V9Sd5QiDkkw,32,14.06,0.0,30.0,80.0,0.005,0.1,0.15,0.0,mad_only
V9Sd5QiDkkw,33,14.355,0.0,30.0,80.0,0.005,0.1,0.15,0.0,mad_only
V9Sd5QiDkkw,34,14.695,0.0,30.0,80.0,0.005,0.1,0.15,0.0,mad_only
V9Sd5QiDkkw,35,15.015,0.0,30.0,80.0,0.005,0.1,0.15,0.0,mad_only
V9Sd5QiDkkw,36,15.325000000000001,0.0,30.0,80.0,0.005,0.1,0.15,0.0,mad_only
V9Sd5QiDkkw,37,15.665000000000001,0.0,30.0,80.0,0.005,0.1,0.15,0.0,mad_only
V9Sd5QiDkkw,38,15.985000000000001,0.0,30.0,80.0,0.005,0.1,0.15,0.0,mad_only
V9Sd5QiDkkw,39,16.3,0.0,30.0,80.0,0.005,0.1,0.15,0.0,mad_only
V9Sd5QiDkkw,40,16.625,0.0,30.0,80.0,0.005,0.1,0.15,0.0,mad_only
V9Sd5QiDkkw,41,16.935,0.0,30.0,80.0,0.005,0.1,0.15,0.0,mad_only
V9Sd5QiDkkw,42,17.265,0.0,30.0,80.0,0.005,0.1,0.15,0.0,mad_only
V9Sd5QiDkkw,43,17.585,0.0,30.0,80.0,0.005,0.1,0.15,0.0,mad_only
V9Sd5QiDkkw,44,17.900000000000002,0.0,30.0,80.0,0.005,0.1,0.15,0.0,mad_only
V9Sd5QiDkkw,45,18.225,0.0,30.0,80.0,0.005,0.1,0.15,0.0,mad_only
V9Sd5QiDkkw,46,18.57,0.0,30.0,80.0,0.005,0.1,0.15,0.0,mad_only
V9Sd5QiDkkw,47,18.88,0.0,30.0,80.0,0.005,0.1,0.15,0.0,mad_only
V9Sd5QiDkkw,48,19.2,0.0,30.0,80.0,0.005,0.1,0.15,0.0,mad_only
V9Sd5QiDkkw,49,19.525000000000002,0.0,30.0,80.0,0.005,0.1,0.15,0.0,mad_only
V9Sd5QiDkkw,50,19.845,0.0,30.0,80.0,0.005,0.1,0.15,0.0,mad_only
V9Sd5QiDkkw,51,20.17,0.0,30.0,80.0,0.005,0.1,0.15,0.0,mad_only
V9Sd5QiDkkw,52,20.490000000000002,0.0,30.0,80.0,0.005,0.1,0.15,0.0,mad_only
V9Sd5QiDkkw,53,20.82,0.0,30.0,80.0,0.005,0.1,0.15,0.0,mad_only
V9Sd5QiDkkw,54,21.14,0.0,30.0,80.0,0.005,0.1,0.15,0.0,mad_only
V9Sd5QiDkkw,55,21.46,0.0,30.0,80.0,0.005,0.1,0.15,0.0,mad_only
V9Sd5QiDkkw,56,21.775000000000002,0.0,30.0,80.0,0.005,0.1,0.15,0.0,mad_only
V9Sd5QiDkkw,57,22.125,0.0,30.0,80.0,0.005,0.1,0.15,0.0,mad_only
V9Sd5QiDkkw,58,22.43,0.0,30.0,80.0,0.005,0.1,0.15,0.0,mad_only
V9Sd5QiDkkw,59,22.740000000000002,0.0,30.0,80.0,0.005,0.1,0.15,0.0,mad_only
V9Sd5QiDkkw,60,23.07,0.0,30.0,80.0,0.005,0.1,0.15,0.0,mad_only
V9Sd5QiDkkw,61,23.395,0.0,30.0,80.0,0.005,0.1,0.15,0.0,mad_only
V9Sd5QiDkkw,62,23.705000000000002,0.0,30.0,80.0,0.005,0.1,0.15,0.0,mad_only
V9Sd5QiDkkw,63,24.03,0.0,30.0,80.0,0.005,0.1,0.15,0.0,mad_only
V9Sd5QiDkkw,64,24.35,0.0,30.0,80.0,0.005,0.1,0.15,0.0,mad_only
V9Sd5QiDkkw,65,24.67,0.0,30.0,80.0,0.005,0.1,0.15,0.0,mad_only
V9Sd5QiDkkw,66,25.0,0.0,30.0,80.0,0.005,0.1,0.15,0.0,mad_only
V9Sd5QiDkkw,67,25.310000000000002,0.0,30.0,80.0,0.005,0.1,0.15,0.0,mad_only
V9Sd5QiDkkw,68,25.635,0.0,30.0,80.0,0.005,0.1,0.15,0.0,mad_only
V9Sd5QiDkkw,69,25.96,0.0,30.0,80.0,0.005,0.1,0.15,0.0,mad_only
V9Sd5QiDkkw,70,26.295,0.0,30.0,80.0,0.005,0.1,0.15,0.0,mad_only
V9Sd5QiDkkw,71,26.625,0.0,30.0,80.0,0.005,0.1,0.15,0.0,mad_only
V9Sd5QiDkkw,72,26.95,0.0,30.0,80.0,0.005,0.1,0.15,0.0,mad_only
V9Sd5QiDkkw,73,27.275000000000002,0.0,30.0,80.0,0.005,0.1,0.15,0.0,mad_only
V9Sd5QiDkkw,74,27.595,0.0,30.0,80.0,0.005,0.1,0.15,0.0,mad_only
V9Sd5QiDkkw,75,27.92,0.0,30.0,80.0,0.005,0.1,0.15,0.0,mad_only
V9Sd5QiDkkw,76,28.235,0.0,30.0,80.0,0.005,0.1,0.15,0.0,mad_only
V9Sd5QiDkkw,77,28.55,0.0,30.0,80.0,0.005,0.1,0.15,0.0,mad_only
V9Sd5QiDkkw,78,28.88,0.0,30.0,80.0,0.005,0.1,0.15,0.0,mad_only
V9Sd5QiDkkw,79,29.195,0.0,30.0,80.0,0.005,0.1,0.15,0.0,mad_only
V9Sd5QiDkkw,80,29.51,0.0,30.0,80.0,0.005,0.1,0.15,0.0,mad_only
V9Sd5QiDkkw,81,29.82,0.0,30.0,80.0,0.005,0.1,0.15,0.0,mad_only
VG-b7wi8nBM,0,1.55,0.0,30.0,80.0,0.005,0.1,0.15,0.0,mad_only
VG-b7wi8nBM,1,1.98,0.0,30.0,80.0,0.005,0.1,0.15,0.0,mad_only
VG-b7wi8nBM,2,2.865,0.0,30.0,80.0,0.005,0.1,0.15,0.0,mad_only
VG-b7wi8nBM,3,3.715,0.0,30.0,80.0,0.005,0.1,0.15,0.0,mad_only
VG-b7wi8nBM,4,4.505,0.0,30.0,80.0,0.005,0.1,0.15,0.0,mad_only
VG-b7wi8nBM,5,5.465,0.0,30.0,80.0,0.005,0.1,0.15,0.0,mad_only
VG-b7wi8nBM,6,6.2700000000000005,0.0,30.0,80.0,0.005,0.1,0.15,0.0,mad_only
VG-b7wi8nBM,7,7.095,0.0,30.0,80.0,0.005,0.1,0.15,0.0,mad_only
VG-b7wi8nBM,8,7.915,0.0,30.0,80.0,0.005,0.1,0.15,0.0,mad_only
VG-b7wi8nBM,9,8.745000000000001,0.0,30.0,80.0,0.005,0.1,0.15,0.0,mad_only
VG-b7wi8nBM,10,9.63,0.0,30.0,80.0,0.005,0.1,0.15,0.0,mad_only
VG-b7wi8nBM,11,10.465,0.0,30.0,80.0,0.005,0.1,0.15,0.0,mad_only
VG-b7wi8nBM,12,11.370000000000001,0.0,30.0,80.0,0.005,0.1,0.15,0.0,mad_only
VG-b7wi8nBM,13,12.23,0.0,30.0,80.0,0.005,0.1,0.15,0.0,mad_only
VG-b7wi8nBM,14,13.05,0.0,30.0,80.0,0.005,0.1,0.15,0.0,mad_only
VG-b7wi8nBM,15,13.915000000000001,0.0,30.0,80.0,0.005,0.1,0.15,0.0,mad_only
VG-b7wi8nBM,16,14.775,0.0,30.0,80.0,0.005,0.1,0.15,0.0,mad_only
VG-b7wi8nBM,17,15.63,0.0,30.0,80.0,0.005,0.1,0.15,0.0,mad_only
VG-b7wi8nBM,18,16.5,0.0,30.0,80.0,0.005,0.1,0.15,0.0,mad_only
VG-b7wi8nBM,19,17.345,0.0,30.0,80.0,0.005,0.1,0.15,0.0,mad_only
VG-b7wi8nBM,20,18.205000000000002,0.0,30.0,80.0,0.005,0.1,0.15,0.0,mad_only
VG-b7wi8nBM,21,19.065,0.0,30.0,80.0,0.005,0.1,0.15,0.0,mad_only
VG-b7wi8nBM,22,19.915,0.0,30.0,80.0,0.005,0.1,0.15,0.0,mad_only
VG-b7wi8nBM,23,20.76,0.0,30.0,80.0,0.005,0.1,0.15,0.0,mad_only
VG-b7wi8nBM,24,21.615000000000002,0.0,30.0,80.0,0.005,0.1,0.15,0.0,mad_only
VG-b7wi8nBM,25,22.465,0.0,30.0,80.0,0.005,0.1,0.15,0.0,mad_only
VG-b7wi8nBM,26,23.355,0.0,30.0,80.0,0.005,0.1,0.15,0.0,mad_only
VG-b7wi8nBM,27,24.2,0.0,30.0,80.0,0.005,0.1,0.15,0.0,mad_only
VG-b7wi8nBM,28,25.060000000000002,0.0,30.0,80.0,0.005,0.1,0.15,0.0,mad_only
VG-b7wi8nBM,29,25.93,0.0,30.0,80.0,0.005,0.1,0.15,0.0,mad_only
VG-b7wi8nBM,30,26.775000000000002,0.0,30.0,80.0,0.005,0.1,0.15,0.0,mad_only
VG-b7wi8nBM,31,27.2,0.0,30.0,80.0,0.005,0.1,0.15,0.0,mad_only
VG-b7wi8nBM,32,27.64,0.0,30.0,80.0,0.005,0.1,0.15,0.0,mad_only
VG-b7wi8nBM,33,28.485,0.0,30.0,80.0,0.005,0.1,0.15,0.0,mad_only
VG-b7wi8nBM,34,28.945,0.0,30.0,80.0,0.005,0.1,0.15,0.0,mad_only
VG-b7wi8nBM,35,29.35,0.0,30.0,80.0,0.005,0.1,0.15,0.0,mad_only
VG-b7wi8nBM,36,29.830000000000002,0.0,30.0,80.0,0.005,0.1,0.15,0.0,mad_only
VRPsiH-UpDc,0,1.27,0.0,30.0,80.0,0.005,0.1,0.15,0.0,mad_only
VRPsiH-UpDc,1,1.61,0.0,30.0,80.0,0.005,0.1,0.15,0.0,mad_only
VRPsiH-UpDc,2,1.975,0.0,30.0,80.0,0.005,0.1,0.15,0.0,mad_only
VRPsiH-UpDc,3,2.35,0.0,30.0,80.0,0.005,0.1,0.15,0.0,mad_only
VRPsiH-UpDc,4,2.725,0.0,30.0,80.0,0.005,0.1,0.15,0.0,mad_only
VRPsiH-UpDc,5,3.085,0.0,30.0,80.0,0.005,0.1,0.15,0.0,mad_only
VRPsiH-UpDc,6,3.44,0.0,30.0,80.0,0.005,0.1,0.15,0.0,mad_only
VRPsiH-UpDc,7,3.825,0.0,30.0,80.0,0.005,0.1,0.15,0.0,mad_only
VRPsiH-UpDc,8,4.195,0.0,30.0,80.0,0.005,0.1,0.15,0.0,mad_only
VRPsiH-UpDc,9,4.5600000000000005,0.0,30.0,80.0,0.005,0.1,0.15,0.0,mad_only
VRPsiH-UpDc,10,4.925,0.0,30.0,80.0,0.005,0.1,0.15,0.0,mad_only
VRPsiH-UpDc,11,5.3100000000000005,0.0,30.0,80.0,0.005,0.1,0.15,0.0,mad_only
VRPsiH-UpDc,12,5.69,0.0,30.0,80.0,0.005,0.1,0.15,0.0,mad_only
VRPsiH-UpDc,13,6.045,0.0,30.0,80.0,0.005,0.1,0.15,0.0,mad_only
VRPsiH-UpDc,14,6.415,0.0,30.0,80.0,0.005,0.1,0.15,0.0,mad_only
VRPsiH-UpDc,15,6.78,0.0,30.0,80.0,0.005,0.1,0.15,0.0,mad_only
VRPsiH-UpDc,16,7.155,0.0,30.0,80.0,0.005,0.1,0.15,0.0,mad_only
VRPsiH-UpDc,17,7.535,0.0,30.0,80.0,0.005,0.1,0.15,0.0,mad_only
VRPsiH-UpDc,18,7.9,0.0,30.0,80.0,0.005,0.1,0.15,0.0,mad_only
VRPsiH-UpDc,19,8.265,0.0,30.0,80.0,0.005,0.1,0.15,0.0,mad_only
VRPsiH-UpDc,20,8.65,0.0,30.0,80.0,0.005,0.1,0.15,0.0,mad_only
VRPsiH-UpDc,21,9.015,0.0,30.0,80.0,0.005,0.1,0.15,0.0,mad_only
VRPsiH-UpDc,22,9.39,0.0,30.0,80.0,0.005,0.1,0.15,0.0,mad_only
VRPsiH-UpDc,23,9.75,0.0,30.0,80.0,0.005,0.1,0.15,0.0,mad_only
VRPsiH-UpDc,24,10.120000000000001,0.0,30.0,80.0,0.005,0.1,0.15,0.0,mad_only
VRPsiH-UpDc,25,10.475,0.0,30.0,80.0,0.005,0.1,0.15,0.0,mad_only
VRPsiH-UpDc,26,10.84,0.0,30.0,80.0,0.005,0.1,0.15,0.0,mad_only
VRPsiH-UpDc,27,11.205,0.0,30.0,80.0,0.005,0.1,0.15,0.0,mad_only
VRPsiH-UpDc,28,11.57,0.0,30.0,80.0,0.005,0.1,0.15,0.0,mad_only
VRPsiH-UpDc,29,11.955,0.0,30.0,80.0,0.005,0.1,0.15,0.0,mad_only
VRPsiH-UpDc,30,12.325000000000001,0.0,30.0,80.0,0.005,0.1,0.15,0.0,mad_only
VRPsiH-UpDc,31,12.705,0.0,30.0,80.0,0.005,0.1,0.15,0.0,mad_only
VRPsiH-UpDc,32,13.08,0.0,30.0,80.0,0.005,0.1,0.15,0.0,mad_only
VRPsiH-UpDc,33,13.46,0.0,30.0,80.0,0.005,0.1,0.15,0.0,mad_only
VRPsiH-UpDc,34,13.83,0.0,30.0,80.0,0.005,0.1,0.15,0.0,mad_only
VRPsiH-UpDc,35,14.195,0.0,30.0,80.0,0.005,0.1,0.15,0.0,mad_only
VRPsiH-UpDc,36,14.565,0.0,30.0,80.0,0.005,0.1,0.15,0.0,mad_only
VRPsiH-UpDc,37,14.950000000000001,0.0,30.0,80.0,0.005,0.1,0.15,0.0,mad_only
VRPsiH-UpDc,38,15.31,0.0,30.0,80.0,0.005,0.1,0.15,0.0,mad_only
VRPsiH-UpDc,39,15.675,0.0,30.0,80.0,0.005,0.1,0.15,0.0,mad_only
VRPsiH-UpDc,40,16.05,0.0,30.0,80.0,0.005,0.1,0.15,0.0,mad_only
VRPsiH-UpDc,41,16.43,0.0,30.0,80.0,0.005,0.1,0.15,0.0,mad_only
VRPsiH-UpDc,42,16.795,0.0,30.0,80.0,0.005,0.1,0.15,0.0,mad_only
VRPsiH-UpDc,43,17.155,0.0,30.0,80.0,0.005,0.1,0.15,0.0,mad_only
VRPsiH-UpDc,44,17.525000000000002,0.0,30.0,80.0,0.005,0.1,0.15,0.0,mad_only
VRPsiH-UpDc,45,17.885,0.0,30.0,80.0,0.005,0.1,0.15,0.0,mad_only
VRPsiH-UpDc,46,18.255,0.0,30.0,80.0,0.005,0.1,0.15,0.0,mad_only
VRPsiH-UpDc,47,18.64,0.0,30.0,80.0,0.005,0.1,0.15,0.0,mad_only
VRPsiH-UpDc,48,19.025000000000002,0.0,30.0,80.0,0.005,0.1,0.15,0.0,mad_only
VRPsiH-UpDc,49,19.395,0.0,30.0,80.0,0.005,0.1,0.15,0.0,mad_only
VRPsiH-UpDc,50,19.765,0.0,30.0,80.0,0.005,0.1,0.15,0.0,mad_only
VRPsiH-UpDc,51,20.150000000000002,0.0,30.0,80.0,0.005,0.1,0.15,0.0,mad_only
VRPsiH-UpDc,52,20.53,0.0,30.0,80.0,0.005,0.1,0.15,0.0,mad_only
VRPsiH-UpDc,53,20.895,0.0,30.0,80.0,0.005,0.1,0.15,0.0,mad_only
VRPsiH-UpDc,54,21.265,0.0,30.0,80.0,0.005,0.1,0.15,0.0,mad_only
VRPsiH-UpDc,55,21.625,0.0,30.0,80.0,0.005,0.1,0.15,0.0,mad_only
VRPsiH-UpDc,56,21.985,0.0,30.0,80.0,0.005,0.1,0.15,0.0,mad_only
VRPsiH-UpDc,57,22.36,0.0,30.0,80.0,0.005,0.1,0.15,0.0,mad_only
VRPsiH-UpDc,58,22.725,0.0,30.0,80.0,0.005,0.1,0.15,0.0,mad_only
VRPsiH-UpDc,59,23.09,0.0,30.0,80.0,0.005,0.1,0.15,0.0,mad_only
VRPsiH-UpDc,60,23.45,0.0,30.0,80.0,0.005,0.1,0.15,0.0,mad_only
VRPsiH-UpDc,61,23.81,0.0,30.0,80.0,0.005,0.1,0.15,0.0,mad_only
VRPsiH-UpDc,62,24.18,0.0,30.0,80.0,0.005,0.1,0.15,0.0,mad_only
VRPsiH-UpDc,63,24.560000000000002,0.0,30.0,80.0,0.005,0.1,0.15,0.0,mad_only
VRPsiH-UpDc,64,24.945,0.0,30.0,80.0,0.005,0.1,0.15,0.0,mad_only
VRPsiH-UpDc,65,25.32,0.0,30.0,80.0,0.005,0.1,0.15,0.0,mad_only
VRPsiH-UpDc,66,25.685000000000002,0.0,30.0,80.0,0.005,0.1,0.15,0.0,mad_only
VRPsiH-UpDc,67,26.065,0.0,30.0,80.0,0.005,0.1,0.15,0.0,mad_only
VRPsiH-UpDc,68,26.425,0.0,30.0,80.0,0.005,0.1,0.15,0.0,mad_only
VRPsiH-UpDc,69,26.795,0.0,30.0,80.0,0.005,0.1,0.15,0.0,mad_only
VRPsiH-UpDc,70,27.150000000000002,0.0,30.0,80.0,0.005,0.1,0.15,0.0,mad_only
VRPsiH-UpDc,71,27.53,0.0,30.0,80.0,0.005,0.1,0.15,0.0,mad_only
VRPsiH-UpDc,72,27.91,0.0,30.0,80.0,0.005,0.1,0.15,0.0,mad_only
VRPsiH-UpDc,73,28.285,0.0,30.0,80.0,0.005,0.1,0.15,0.0,mad_only
VRPsiH-UpDc,74,28.645,0.0,30.0,80.0,0.005,0.1,0.15,0.0,mad_only
VRPsiH-UpDc,75,29.03,0.0,30.0,80.0,0.005,0.1,0.15,0.0,mad_only
VRPsiH-UpDc,76,29.38,0.0,30.0,80.0,0.005,0.1,0.15,0.0,mad_only
VRPsiH-UpDc,77,29.76,0.0,30.0,80.0,0.005,0.1,0.15,0.0,mad_only
W0M-eje90TU,0,1.1500000000000001,0.0,30.0,80.0,0.005,0.1,0.15,0.0,mad_only
W0M-eje90TU,1,1.575,0.0,30.0,80.0,0.005,0.1,0.15,0.0,mad_only
W0M-eje90TU,2,1.955,0.0,30.0,80.0,0.005,0.1,0.15,0.0,mad_only
W0M-eje90TU,3,2.37,0.0,30.0,80.0,0.005,0.1,0.15,0.0,mad_only
W0M-eje90TU,4,2.795,0.0,30.0,80.0,0.005,0.1,0.15,0.0,mad_only
W0M-eje90TU,5,3.215,0.0,30.0,80.0,0.005,0.1,0.15,0.0,mad_only
W0M-eje90TU,6,3.65,0.0,30.0,80.0,0.005,0.1,0.15,0.0,mad_only
W0M-eje90TU,7,4.0600000000000005,0.0,30.0,80.0,0.005,0.1,0.15,0.0,mad_only
W0M-eje90TU,8,4.49,0.0,30.0,80.0,0.005,0.1,0.15,0.0,mad_only
W0M-eje90TU,9,4.915,0.0,30.0,80.0,0.005,0.1,0.15,0.0,mad_only
W0M-eje90TU,10,5.33,0.0,30.0,80.0,0.005,0.1,0.15,0.0,mad_only
W0M-eje90TU,11,5.75,0.0,30.0,80.0,0.005,0.1,0.15,0.0,mad_only
W0M-eje90TU,12,6.175,0.0,30.0,80.0,0.005,0.1,0.15,0.0,mad_only
W0M-eje90TU,13,6.595,0.0,30.0,80.0,0.005,0.1,0.15,0.0,mad_only
W0M-eje90TU,14,7.0200000000000005,0.0,30.0,80.0,0.005,0.1,0.15,0.0,mad_only
W0M-eje90TU,15,7.44,0.0,30.0,80.0,0.005,0.1,0.15,0.0,mad_only
W0M-eje90TU,16,7.86,0.0,30.0,80.0,0.005,0.1,0.15,0.0,mad_only
W0M-eje90TU,17,8.285,0.0,30.0,80.0,0.005,0.1,0.15,0.0,mad_only
W0M-eje90TU,18,8.705,0.0,30.0,80.0,0.005,0.1,0.15,0.0,mad_only
W0M-eje90TU,19,9.125,0.0,30.0,80.0,0.005,0.1,0.15,0.0,mad_only
W0M-eje90TU,20,9.55,0.0,30.0,80.0,0.005,0.1,0.15,0.0,mad_only
W0M-eje90TU,21,9.975,0.0,30.0,80.0,0.005,0.1,0.15,0.0,mad_only
W0M-eje90TU,22,10.395,0.0,30.0,80.0,0.005,0.1,0.15,0.0,mad_only
W0M-eje90TU,23,10.815,0.0,30.0,80.0,0.005,0.1,0.15,0.0,mad_only
W0M-eje90TU,24,11.235,0.0,30.0,80.0,0.005,0.1,0.15,0.0,mad_only
W0M-eje90TU,25,11.655,0.0,30.0,80.0,0.005,0.1,0.15,0.0,mad_only
W0M-eje90TU,26,12.08,0.0,30.0,80.0,0.005,0.1,0.15,0.0,mad_only
W0M-eje90TU,27,12.5,0.0,30.0,80.0,0.005,0.1,0.15,0.0,mad_only
W0M-eje90TU,28,12.925,0.0,30.0,80.0,0.005,0.1,0.15,0.0,mad_only
W0M-eje90TU,29,13.35,0.0,30.0,80.0,0.005,0.1,0.15,0.0,mad_only
W0M-eje90TU,30,13.780000000000001,0.0,30.0,80.0,0.005,0.1,0.15,0.0,mad_only
W0M-eje90TU,31,14.195,0.0,30.0,80.0,0.005,0.1,0.15,0.0,mad_only
W0M-eje90TU,32,14.615,0.0,30.0,80.0,0.005,0.1,0.15,0.0,mad_only
W0M-eje90TU,33,15.040000000000001,0.0,30.0,80.0,0.005,0.1,0.15,0.0,mad_only
W0M-eje90TU,34,15.465,0.0,30.0,80.0,0.005,0.1,0.15,0.0,mad_only
W0M-eje90TU,35,15.885,0.0,30.0,80.0,0.005,0.1,0.15,0.0,mad_only
W0M-eje90TU,36,16.31,0.0,30.0,80.0,0.005,0.1,0.15,0.0,mad_only
W0M-eje90TU,37,16.73,0.0,30.0,80.0,0.005,0.1,0.15,0.0,mad_only
W0M-eje90TU,38,17.16,0.0,30.0,80.0,0.005,0.1,0.15,0.0,mad_only
W0M-eje90TU,39,17.575,0.0,30.0,80.0,0.005,0.1,0.15,0.0,mad_only
W0M-eje90TU,40,17.995,0.0,30.0,80.0,0.005,0.1,0.15,0.0,mad_only
W0M-eje90TU,41,18.425,0.0,30.0,80.0,0.005,0.1,0.15,0.0,mad_only
W0M-eje90TU,42,18.84,0.0,30.0,80.0,0.005,0.1,0.15,0.0,mad_only
W0M-eje90TU,43,19.27,0.0,30.0,80.0,0.005,0.1,0.15,0.0,mad_only
W0M-eje90TU,44,19.695,0.0,30.0,80.0,0.005,0.1,0.15,0.0,mad_only
W0M-eje90TU,45,20.115000000000002,0.0,30.0,80.0,0.005,0.1,0.15,0.0,mad_only
W0M-eje90TU,46,20.54,0.0,30.0,80.0,0.005,0.1,0.15,0.0,mad_only
W0M-eje90TU,47,20.955000000000002,0.0,30.0,80.0,0.005,0.1,0.15,0.0,mad_only
W0M-eje90TU,48,21.39,0.0,30.0,80.0,0.005,0.1,0.15,0.0,mad_only
W0M-eje90TU,49,21.815,0.0,30.0,80.0,0.005,0.1,0.15,0.0,mad_only
W0M-eje90TU,50,22.240000000000002,0.0,30.0,80.0,0.005,0.1,0.15,0.0,mad_only
W0M-eje90TU,51,22.66,0.0,30.0,80.0,0.005,0.1,0.15,0.0,mad_only
W0M-eje90TU,52,23.075,0.0,30.0,80.0,0.005,0.1,0.15,0.0,mad_only
W0M-eje90TU,53,23.495,0.0,30.0,80.0,0.005,0.1,0.15,0.0,mad_only
W0M-eje90TU,54,23.91,0.0,30.0,80.0,0.005,0.1,0.15,0.0,mad_only
W0M-eje90TU,55,24.335,0.0,30.0,80.0,0.005,0.1,0.15,0.0,mad_only
W0M-eje90TU,56,24.755,0.0,30.0,80.0,0.005,0.1,0.15,0.0,mad_only
W0M-eje90TU,57,25.175,0.0,30.0,80.0,0.005,0.1,0.15,0.0,mad_only
W0M-eje90TU,58,25.605,0.0,30.0,80.0,0.005,0.1,0.15,0.0,mad_only
W0M-eje90TU,59,26.03,0.0,30.0,80.0,0.005,0.1,0.15,0.0,mad_only
W0M-eje90TU,60,26.45,0.0,30.0,80.0,0.005,0.1,0.15,0.0,mad_only
W0M-eje90TU,61,26.87,0.0,30.0,80.0,0.005,0.1,0.15,0.0,mad_only
W0M-eje90TU,62,27.285,0.0,30.0,80.0,0.005,0.1,0.15,0.0,mad_only
W0M-eje90TU,63,27.705000000000002,0.0,30.0,80.0,0.005,0.1,0.15,0.0,mad_only
W0M-eje90TU,64,28.125,0.0,30.0,80.0,0.005,0.1,0.15,0.0,mad_only
W0M-eje90TU,65,28.545,0.0,30.0,80.0,0.005,0.1,0.15,0.0,mad_only
W0M-eje90TU,66,28.975,0.0,30.0,80.0,0.005,0.1,0.15,0.0,mad_only
W0M-eje90TU,67,29.400000000000002,0.0,30.0,80.0,0.005,0.1,0.15,0.0,mad_only
W0M-eje90TU,68,29.810000000000002,0.0,30.0,80.0,0.005,0.1,0.15,0.0,mad_only
W2trq2APLIw,0,0.655,0.0,30.0,80.0,0.005,0.1,0.15,0.0,mad_only
W2trq2APLIw,1,1.085,0.0,30.0,80.0,0.005,0.1,0.15,0.0,mad_only
W2trq2APLIw,2,1.575,0.0,30.0,80.0,0.005,0.1,0.15,0.0,mad_only
W2trq2APLIw,3,2.05,0.0,30.0,80.0,0.005,0.1,0.15,0.0,mad_only
W2trq2APLIw,4,2.535,0.0,30.0,80.0,0.005,0.1,0.15,0.0,mad_only
W2trq2APLIw,5,3.015,0.0,30.0,80.0,0.005,0.1,0.15,0.0,mad_only
W2trq2APLIw,6,3.515,0.0,30.0,80.0,0.005,0.1,0.15,0.0,mad_only
W2trq2APLIw,7,4.0200000000000005,0.0,30.0,80.0,0.005,0.1,0.15,0.0,mad_only
W2trq2APLIw,8,4.54,0.0,30.0,80.0,0.005,0.1,0.15,0.0,mad_only
W2trq2APLIw,9,5.025,0.0,30.0,80.0,0.005,0.1,0.15,0.0,mad_only
W2trq2APLIw,10,5.525,0.0,30.0,80.0,0.005,0.1,0.15,0.0,mad_only
W2trq2APLIw,11,6.065,0.0,30.0,80.0,0.005,0.1,0.15,0.0,mad_only
W2trq2APLIw,12,6.54,0.0,30.0,80.0,0.005,0.1,0.15,0.0,mad_only
W2trq2APLIw,13,7.0200000000000005,0.0,30.0,80.0,0.005,0.1,0.15,0.0,mad_only
W2trq2APLIw,14,7.5200000000000005,0.0,30.0,80.0,0.005,0.1,0.15,0.0,mad_only
W2trq2APLIw,15,8.0,0.0,30.0,80.0,0.005,0.1,0.15,0.0,mad_only
W2trq2APLIw,16,8.51,0.0,30.0,80.0,0.005,0.1,0.15,0.0,mad_only
W2trq2APLIw,17,9.005,0.0,30.0,80.0,0.005,0.1,0.15,0.0,mad_only
W2trq2APLIw,18,9.505,0.0,30.0,80.0,0.005,0.1,0.15,0.0,mad_only
W2trq2APLIw,19,10.015,0.0,30.0,80.0,0.005,0.1,0.15,0.0,mad_only
W2trq2APLIw,20,10.53,0.0,30.0,80.0,0.005,0.1,0.15,0.0,mad_only
W2trq2APLIw,21,11.02,0.0,30.0,80.0,0.005,0.1,0.15,0.0,mad_only
W2trq2APLIw,22,11.515,0.0,30.0,80.0,0.005,0.1,0.15,0.0,mad_only
W2trq2APLIw,23,12.02,0.0,30.0,80.0,0.005,0.1,0.15,0.0,mad_only
W2trq2APLIw,24,12.52,0.0,30.0,80.0,0.005,0.1,0.15,0.0,mad_only
W2trq2APLIw,25,13.01,0.0,30.0,80.0,0.005,0.1,0.15,0.0,mad_only
W2trq2APLIw,26,13.515,0.0,30.0,80.0,0.005,0.1,0.15,0.0,mad_only
W2trq2APLIw,27,14.035,0.0,30.0,80.0,0.005,0.1,0.15,0.0,mad_only
W2trq2APLIw,28,14.535,0.0,30.0,80.0,0.005,0.1,0.15,0.0,mad_only
W2trq2APLIw,29,15.0,0.0,30.0,80.0,0.005,0.1,0.15,0.0,mad_only
W2trq2APLIw,30,15.515,0.0,30.0,80.0,0.005,0.1,0.15,0.0,mad_only
W2trq2APLIw,31,16.005,0.0,30.0,80.0,0.005,0.1,0.15,0.0,mad_only
W2trq2APLIw,32,16.51,0.0,30.0,80.0,0.005,0.1,0.15,0.0,mad_only
W2trq2APLIw,33,17.01,0.0,30.0,80.0,0.005,0.1,0.15,0.0,mad_only
W2trq2APLIw,34,17.51,0.0,30.0,80.0,0.005,0.1,0.15,0.0,mad_only
W2trq2APLIw,35,18.02,0.0,30.0,80.0,0.005,0.1,0.15,0.0,mad_only
W2trq2APLIw,36,18.525000000000002,0.0,30.0,80.0,0.005,0.1,0.15,0.0,mad_only
W2trq2APLIw,37,19.025000000000002,0.0,30.0,80.0,0.005,0.1,0.15,0.0,mad_only
W2trq2APLIw,38,19.53,0.0,30.0,80.0,0.005,0.1,0.15,0.0,mad_only
W2trq2APLIw,39,20.02,0.0,30.0,80.0,0.005,0.1,0.15,0.0,mad_only
W2trq2APLIw,40,20.53,0.0,30.0,80.0,0.005,0.1,0.15,0.0,mad_only
W2trq2APLIw,41,21.0,0.0,30.0,80.0,0.005,0.1,0.15,0.0,mad_only
W2trq2APLIw,42,21.51,0.0,30.0,80.0,0.005,0.1,0.15,0.0,mad_only
W2trq2APLIw,43,22.015,0.0,30.0,80.0,0.005,0.1,0.15,0.0,mad_only
W2trq2APLIw,44,22.535,0.0,30.0,80.0,0.005,0.1,0.15,0.0,mad_only
W2trq2APLIw,45,23.025000000000002,0.0,30.0,80.0,0.005,0.1,0.15,0.0,mad_only
W2trq2APLIw,46,23.525000000000002,0.0,30.0,80.0,0.005,0.1,0.15,0.0,mad_only
W2trq2APLIw,47,24.0,0.0,30.0,80.0,0.005,0.1,0.15,0.0,mad_only
W2trq2APLIw,48,24.51,0.0,30.0,80.0,0.005,0.1,0.15,0.0,mad_only
W2trq2APLIw,49,24.995,0.0,30.0,80.0,0.005,0.1,0.15,0.0,mad_only
W2trq2APLIw,50,25.505,0.0,30.0,80.0,0.005,0.1,0.15,0.0,mad_only
W2trq2APLIw,51,26.02,0.0,30.0,80.0,0.005,0.1,0.15,0.0,mad_only
W2trq2APLIw,52,26.535,0.0,30.0,80.0,0.005,0.1,0.15,0.0,mad_only
W2trq2APLIw,53,27.04,0.0,30.0,80.0,0.005,0.1,0.15,0.0,mad_only
W2trq2APLIw,54,27.545,0.0,30.0,80.0,0.005,0.1,0.15,0.0,mad_only
W2trq2APLIw,55,28.055,0.0,30.0,80.0,0.005,0.1,0.15,0.0,mad_only
W2trq2APLIw,56,28.55,0.0,30.0,80.0,0.005,0.1,0.15,0.0,mad_only
W2trq2APLIw,57,29.055,0.0,30.0,80.0,0.005,0.1,0.15,0.0,mad_only
W2trq2APLIw,58,29.53,0.0,30.0,80.0,0.005,0.1,0.15,0.0,mad_only
W93p02aU4YU,0,1.565,0.0,30.0,80.0,0.005,0.1,0.15,0.0,mad_only
W93p02aU4YU,1,2.125,0.0,30.0,80.0,0.005,0.1,0.15,0.0,mad_only
W93p02aU4YU,2,3.1350000000000002,0.0,30.0,80.0,0.005,0.1,0.15,0.0,mad_only
W93p02aU4YU,3,3.595,0.0,30.0,80.0,0.005,0.1,0.15,0.0,mad_only
W93p02aU4YU,4,4.155,0.0,30.0,80.0,0.005,0.1,0.15,0.0,mad_only
W93p02aU4YU,5,5.135,0.0,30.0,80.0,0.005,0.1,0.15,0.0,mad_only
W93p02aU4YU,6,5.655,0.0,30.0,80.0,0.005,0.1,0.15,0.0,mad_only
W93p02aU4YU,7,6.38,0.0,30.0,80.0,0.005,0.1,0.15,0.0,mad_only
W93p02aU4YU,8,6.92,0.0,30.0,80.0,0.005,0.1,0.15,0.0,mad_only
W93p02aU4YU,9,7.9,0.0,30.0,80.0,0.005,0.1,0.15,0.0,mad_only
W93p02aU4YU,10,8.45,0.0,30.0,80.0,0.005,0.1,0.15,0.0,mad_only
W93p02aU4YU,11,9.185,0.0,30.0,80.0,0.005,0.1,0.15,0.0,mad_only
W93p02aU4YU,12,9.69,0.0,30.0,80.0,0.005,0.1,0.15,0.0,mad_only
W93p02aU4YU,13,10.465,0.0,30.0,80.0,0.005,0.1,0.15,0.0,mad_only
W93p02aU4YU,14,10.950000000000001,0.0,30.0,80.0,0.005,0.1,0.15,0.0,mad_only
W93p02aU4YU,15,11.72,0.0,30.0,80.0,0.005,0.1,0.15,0.0,mad_only
W93p02aU4YU,16,12.19,0.0,30.0,80.0,0.005,0.1,0.15,0.0,mad_only
W93p02aU4YU,17,12.450000000000001,0.0,30.0,80.0,0.005,0.1,0.15,0.0,mad_only
W93p02aU4YU,18,12.965,0.0,30.0,80.0,0.005,0.1,0.15,0.0,mad_only
W93p02aU4YU,19,13.25,0.0,30.0,80.0,0.005,0.1,0.15,0.0,mad_only
W93p02aU4YU,20,14.005,0.0,30.0,80.0,0.005,0.1,0.15,0.0,mad_only
W93p02aU4YU,21,14.52,0.0,30.0,80.0,0.005,0.1,0.15,0.0,mad_only
W93p02aU4YU,22,15.030000000000001,0.0,30.0,80.0,0.005,0.1,0.15,0.0,mad_only
W93p02aU4YU,23,15.565,0.0,30.0,80.0,0.005,0.1,0.15,0.0,mad_only
W93p02aU4YU,24,16.055,0.0,30.0,80.0,0.005,0.1,0.15,0.0,mad_only
W93p02aU4YU,25,16.56,0.0,30.0,80.0,0.005,0.1,0.15,0.0,mad_only
W93p02aU4YU,26,17.06,0.0,30.0,80.0,0.005,0.1,0.15,0.0,mad_only
W93p02aU4YU,27,17.57,0.0,30.0,80.0,0.005,0.1,0.15,0.0,mad_only
W93p02aU4YU,28,18.080000000000002,0.0,30.0,80.0,0.005,0.1,0.15,0.0,mad_only
W93p02aU4YU,29,18.6,0.0,30.0,80.0,0.005,0.1,0.15,0.0,mad_only
W93p02aU4YU,30,19.09,0.0,30.0,80.0,0.005,0.1,0.15,0.0,mad_only
W93p02aU4YU,31,19.595,0.0,30.0,80.0,0.005,0.1,0.15,0.0,mad_only
W93p02aU4YU,32,20.1,0.0,30.0,80.0,0.005,0.1,0.15,0.0,mad_only
W93p02aU4YU,33,20.61,0.0,30.0,80.0,0.005,0.1,0.15,0.0,mad_only
W93p02aU4YU,34,21.125,0.0,30.0,80.0,0.005,0.1,0.15,0.0,mad_only
W93p02aU4YU,35,21.645,0.0,30.0,80.0,0.005,0.1,0.15,0.0,mad_only
W93p02aU4YU,36,22.155,0.0,30.0,80.0,0.005,0.1,0.15,0.0,mad_only
W93p02aU4YU,37,22.665,0.0,30.0,80.0,0.005,0.1,0.15,0.0,mad_only
W93p02aU4YU,38,23.16,0.0,30.0,80.0,0.005,0.1,0.15,0.0,mad_only
W93p02aU4YU,39,23.67,0.0,30.0,80.0,0.005,0.1,0.15,0.0,mad_only
W93p02aU4YU,40,24.165,0.0,30.0,80.0,0.005,0.1,0.15,0.0,mad_only
W93p02aU4YU,41,24.69,0.0,30.0,80.0,0.005,0.1,0.15,0.0,mad_only
W93p02aU4YU,42,25.2,0.0,30.0,80.0,0.005,0.1,0.15,0.0,mad_only
W93p02aU4YU,43,25.705000000000002,0.0,30.0,80.0,0.005,0.1,0.15,0.0,mad_only
W93p02aU4YU,44,26.21,0.0,30.0,80.0,0.005,0.1,0.15,0.0,mad_only
W93p02aU4YU,45,26.73,0.0,30.0,80.0,0.005,0.1,0.15,0.0,mad_only
W93p02aU4YU,46,27.22,0.0,30.0,80.0,0.005,0.1,0.15,0.0,mad_only
W93p02aU4YU,47,27.740000000000002,0.0,30.0,80.0,0.005,0.1,0.15,0.0,mad_only
W93p02aU4YU,48,28.23,0.0,30.0,80.0,0.005,0.1,0.15,0.0,mad_only
W93p02aU4YU,49,28.755,0.0,30.0,80.0,0.005,0.1,0.15,0.0,mad_only
W93p02aU4YU,50,29.25,0.0,30.0,80.0,0.005,0.1,0.15,0.0,mad_only
W93p02aU4YU,51,29.76,0.0,30.0,80.0,0.005,0.1,0.15,0.0,mad_only
WCdht_9tf1M,0,1.51,0.0,30.0,80.0,0.005,0.1,0.15,0.0,mad_only
WCdht_9tf1M,1,1.9100000000000001,0.0,30.0,80.0,0.005,0.1,0.15,0.0,mad_only
WCdht_9tf1M,2,2.265,0.0,30.0,80.0,0.005,0.1,0.15,0.0,mad_only
WCdht_9tf1M,3,2.645,0.0,30.0,80.0,0.005,0.1,0.15,0.0,mad_only
WCdht_9tf1M,4,3.0,0.0,30.0,80.0,0.005,0.1,0.15,0.0,mad_only
WCdht_9tf1M,5,3.395,0.0,30.0,80.0,0.005,0.1,0.15,0.0,mad_only
WCdht_9tf1M,6,4.125,0.0,30.0,80.0,0.005,0.1,0.15,0.0,mad_only
WCdht_9tf1M,7,4.4750000000000005,0.0,30.0,80.0,0.005,0.1,0.15,0.0,mad_only
WCdht_9tf1M,8,4.86,0.0,30.0,80.0,0.005,0.1,0.15,0.0,mad_only
WCdht_9tf1M,9,5.23,0.0,30.0,80.0,0.005,0.1,0.15,0.0,mad_only
WCdht_9tf1M,10,5.59,0.0,30.0,80.0,0.005,0.1,0.15,0.0,mad_only
WCdht_9tf1M,11,5.96,0.0,30.0,80.0,0.005,0.1,0.15,0.0,mad_only
WCdht_9tf1M,12,6.33,0.0,30.0,80.0,0.005,0.1,0.15,0.0,mad_only
WCdht_9tf1M,13,6.68,0.0,30.0,80.0,0.005,0.1,0.15,0.0,mad_only
WCdht_9tf1M,14,7.07,0.0,30.0,80.0,0.005,0.1,0.15,0.0,mad_only
WCdht_9tf1M,15,7.44,0.0,30.0,80.0,0.005,0.1,0.15,0.0,mad_only
WCdht_9tf1M,16,7.815,0.0,30.0,80.0,0.005,0.1,0.15,0.0,mad_only
WCdht_9tf1M,17,8.19,0.0,30.0,80.0,0.005,0.1,0.15,0.0,mad_only
WCdht_9tf1M,18,8.545,0.0,30.0,80.0,0.005,0.1,0.15,0.0,mad_only
WCdht_9tf1M,19,8.905,0.0,30.0,80.0,0.005,0.1,0.15,0.0,mad_only
WCdht_9tf1M,20,9.275,0.0,30.0,80.0,0.005,0.1,0.15,0.0,mad_only
WCdht_9tf1M,21,9.66,0.0,30.0,80.0,0.005,0.1,0.15,0.0,mad_only
WCdht_9tf1M,22,10.035,0.0,30.0,80.0,0.005,0.1,0.15,0.0,mad_only
WCdht_9tf1M,23,10.4,0.0,30.0,80.0,0.005,0.1,0.15,0.0,mad_only
WCdht_9tf1M,24,10.765,0.0,30.0,80.0,0.005,0.1,0.15,0.0,mad_only
WCdht_9tf1M,25,11.15,0.0,30.0,80.0,0.005,0.1,0.15,0.0,mad_only
WCdht_9tf1M,26,11.52,0.0,30.0,80.0,0.005,0.1,0.15,0.0,mad_only
WCdht_9tf1M,27,11.905,0.0,30.0,80.0,0.005,0.1,0.15,0.0,mad_only
WCdht_9tf1M,28,12.26,0.0,30.0,80.0,0.005,0.1,0.15,0.0,mad_only
WCdht_9tf1M,29,12.63,0.0,30.0,80.0,0.005,0.1,0.15,0.0,mad_only
WCdht_9tf1M,30,13.005,0.0,30.0,80.0,0.005,0.1,0.15,0.0,mad_only
WCdht_9tf1M,31,13.385,0.0,30.0,80.0,0.005,0.1,0.15,0.0,mad_only
WCdht_9tf1M,32,13.74,0.0,30.0,80.0,0.005,0.1,0.15,0.0,mad_only
WCdht_9tf1M,33,14.115,0.0,30.0,80.0,0.005,0.1,0.15,0.0,mad_only
WCdht_9tf1M,34,14.475,0.0,30.0,80.0,0.005,0.1,0.15,0.0,mad_only
WCdht_9tf1M,35,14.86,0.0,30.0,80.0,0.005,0.1,0.15,0.0,mad_only
WCdht_9tf1M,36,15.215,0.0,30.0,80.0,0.005,0.1,0.15,0.0,mad_only
WCdht_9tf1M,37,15.610000000000001,0.0,30.0,80.0,0.005,0.1,0.15,0.0,mad_only
WCdht_9tf1M,38,15.965,0.0,30.0,80.0,0.005,0.1,0.15,0.0,mad_only
WCdht_9tf1M,39,16.34,0.0,30.0,80.0,0.005,0.1,0.15,0.0,mad_only
WCdht_9tf1M,40,16.71,0.0,30.0,80.0,0.005,0.1,0.15,0.0,mad_only
WCdht_9tf1M,41,17.085,0.0,30.0,80.0,0.005,0.1,0.15,0.0,mad_only
WCdht_9tf1M,42,17.435,0.0,30.0,80.0,0.005,0.1,0.15,0.0,mad_only
WCdht_9tf1M,43,17.81,0.0,30.0,80.0,0.005,0.1,0.15,0.0,mad_only
WCdht_9tf1M,44,18.175,0.0,30.0,80.0,0.005,0.1,0.15,0.0,mad_only
WCdht_9tf1M,45,18.54,0.0,30.0,80.0,0.005,0.1,0.15,0.0,mad_only
WCdht_9tf1M,46,18.935,0.0,30.0,80.0,0.005,0.1,0.15,0.0,mad_only
WCdht_9tf1M,47,19.3,0.0,30.0,80.0,0.005,0.1,0.15,0.0,mad_only
WCdht_9tf1M,48,19.655,0.0,30.0,80.0,0.005,0.1,0.15,0.0,mad_only
WCdht_9tf1M,49,20.045,0.0,30.0,80.0,0.005,0.1,0.15,0.0,mad_only
WCdht_9tf1M,50,20.39,0.0,30.0,80.0,0.005,0.1,0.15,0.0,mad_only
WCdht_9tf1M,51,20.765,0.0,30.0,80.0,0.005,0.1,0.15,0.0,mad_only
WCdht_9tf1M,52,21.125,0.0,30.0,80.0,0.005,0.1,0.15,0.0,mad_only
WCdht_9tf1M,53,21.5,0.0,30.0,80.0,0.005,0.1,0.15,0.0,mad_only
WCdht_9tf1M,54,21.855,0.0,30.0,80.0,0.005,0.1,0.15,0.0,mad_only
WCdht_9tf1M,55,22.240000000000002,0.0,30.0,80.0,0.005,0.1,0.15,0.0,mad_only
WCdht_9tf1M,56,22.595,0.0,30.0,80.0,0.005,0.1,0.15,0.0,mad_only
WCdht_9tf1M,57,22.990000000000002,0.0,30.0,80.0,0.005,0.1,0.15,0.0,mad_only
WCdht_9tf1M,58,23.345,0.0,30.0,80.0,0.005,0.1,0.15,0.0,mad_only
WCdht_9tf1M,59,23.73,0.0,30.0,80.0,0.005,0.1,0.15,0.0,mad_only
WCdht_9tf1M,60,24.095,0.0,30.0,80.0,0.005,0.1,0.15,0.0,mad_only
WCdht_9tf1M,61,24.48,0.0,30.0,80.0,0.005,0.1,0.15,0.0,mad_only
WCdht_9tf1M,62,24.845,0.0,30.0,80.0,0.005,0.1,0.15,0.0,mad_only
WCdht_9tf1M,63,25.22,0.0,30.0,80.0,0.005,0.1,0.15,0.0,mad_only
WCdht_9tf1M,64,25.575,0.0,30.0,80.0,0.005,0.1,0.15,0.0,mad_only
WCdht_9tf1M,65,25.965,0.0,30.0,80.0,0.005,0.1,0.15,0.0,mad_only
WCdht_9tf1M,66,26.330000000000002,0.0,30.0,80.0,0.005,0.1,0.15,0.0,mad_only
WCdht_9tf1M,67,26.69,0.0,30.0,80.0,0.005,0.1,0.15,0.0,mad_only
WCdht_9tf1M,68,27.065,0.0,30.0,80.0,0.005,0.1,0.15,0.0,mad_only
WCdht_9tf1M,69,27.44,0.0,30.0,80.0,0.005,0.1,0.15,0.0,mad_only
WCdht_9tf1M,70,27.795,0.0,30.0,80.0,0.005,0.1,0.15,0.0,mad_only
WCdht_9tf1M,71,28.18,0.0,30.0,80.0,0.005,0.1,0.15,0.0,mad_only
WCdht_9tf1M,72,28.545,0.0,30.0,80.0,0.005,0.1,0.15,0.0,mad_only
WCdht_9tf1M,73,28.92,0.0,30.0,80.0,0.005,0.1,0.15,0.0,mad_only
WCdht_9tf1M,74,29.29,0.0,30.0,80.0,0.005,0.1,0.15,0.0,mad_only
WCdht_9tf1M,75,29.66,0.0,30.0,80.0,0.005,0.1,0.15,0.0,mad_only
WMeW6IJJGLo,0,0.87,0.0,30.0,80.0,0.005,0.1,0.15,0.0,mad_only
WMeW6IJJGLo,1,1.19,0.0,30.0,80.0,0.005,0.1,0.15,0.0,mad_only
WMeW6IJJGLo,2,1.865,0.0,30.0,80.0,0.005,0.1,0.15,0.0,mad_only
WMeW6IJJGLo,3,2.205,0.0,30.0,80.0,0.005,0.1,0.15,0.0,mad_only
WMeW6IJJGLo,4,2.585,0.0,30.0,80.0,0.005,0.1,0.15,0.0,mad_only
WMeW6IJJGLo,5,2.935,0.0,30.0,80.0,0.005,0.1,0.15,0.0,mad_only
WMeW6IJJGLo,6,3.305,0.0,30.0,80.0,0.005,0.1,0.15,0.0,mad_only
WMeW6IJJGLo,7,3.645,0.0,30.0,80.0,0.005,0.1,0.15,0.0,mad_only
WMeW6IJJGLo,8,4.0,0.0,30.0,80.0,0.005,0.1,0.15,0.0,mad_only
WMeW6IJJGLo,9,4.34,0.0,30.0,80.0,0.005,0.1,0.15,0.0,mad_only
WMeW6IJJGLo,10,4.72,0.0,30.0,80.0,0.005,0.1,0.15,0.0,mad_only
WMeW6IJJGLo,11,5.075,0.0,30.0,80.0,0.005,0.1,0.15,0.0,mad_only
WMeW6IJJGLo,12,5.43,0.0,30.0,80.0,0.005,0.1,0.15,0.0,mad_only
WMeW6IJJGLo,13,5.79,0.0,30.0,80.0,0.005,0.1,0.15,0.0,mad_only
WMeW6IJJGLo,14,6.155,0.0,30.0,80.0,0.005,0.1,0.15,0.0,mad_only
WMeW6IJJGLo,15,6.495,0.0,30.0,80.0,0.005,0.1,0.15,0.0,mad_only
WMeW6IJJGLo,16,6.865,0.0,30.0,80.0,0.005,0.1,0.15,0.0,mad_only
WMeW6IJJGLo,17,7.22,0.0,30.0,80.0,0.005,0.1,0.15,0.0,mad_only
WMeW6IJJGLo,18,7.59,0.0,30.0,80.0,0.005,0.1,0.15,0.0,mad_only
WMeW6IJJGLo,19,7.930000000000001,0.0,30.0,80.0,0.005,0.1,0.15,0.0,mad_only
WMeW6IJJGLo,20,8.28,0.0,30.0,80.0,0.005,0.1,0.15,0.0,mad_only
WMeW6IJJGLo,21,8.615,0.0,30.0,80.0,0.005,0.1,0.15,0.0,mad_only
WMeW6IJJGLo,22,8.995000000000001,0.0,30.0,80.0,0.005,0.1,0.15,0.0,mad_only
WMeW6IJJGLo,23,9.345,0.0,30.0,80.0,0.005,0.1,0.15,0.0,mad_only
WMeW6IJJGLo,24,9.700000000000001,0.0,30.0,80.0,0.005,0.1,0.15,0.0,mad_only
WMeW6IJJGLo,25,10.045,0.0,30.0,80.0,0.005,0.1,0.15,0.0,mad_only
WMeW6IJJGLo,26,10.405,0.0,30.0,80.0,0.005,0.1,0.15,0.0,mad_only
WMeW6IJJGLo,27,10.78,0.0,30.0,80.0,0.005,0.1,0.15,0.0,mad_only
WMeW6IJJGLo,28,11.145,0.0,30.0,80.0,0.005,0.1,0.15,0.0,mad_only
WMeW6IJJGLo,29,11.5,0.0,30.0,80.0,0.005,0.1,0.15,0.0,mad_only
WMeW6IJJGLo,30,11.86,0.0,30.0,80.0,0.005,0.1,0.15,0.0,mad_only
WMeW6IJJGLo,31,12.19,0.0,30.0,80.0,0.005,0.1,0.15,0.0,mad_only
WMeW6IJJGLo,32,12.555,0.0,30.0,80.0,0.005,0.1,0.15,0.0,mad_only
WMeW6IJJGLo,33,12.91,0.0,30.0,80.0,0.005,0.1,0.15,0.0,mad_only
WMeW6IJJGLo,34,13.285,0.0,30.0,80.0,0.005,0.1,0.15,0.0,mad_only
WMeW6IJJGLo,35,13.625,0.0,30.0,80.0,0.005,0.1,0.15,0.0,mad_only
WMeW6IJJGLo,36,14.0,0.0,30.0,80.0,0.005,0.1,0.15,0.0,mad_only
WMeW6IJJGLo,37,14.355,0.0,30.0,80.0,0.005,0.1,0.15,0.0,mad_only
WMeW6IJJGLo,38,14.725,0.0,30.0,80.0,0.005,0.1,0.15,0.0,mad_only
WMeW6IJJGLo,39,15.07,0.0,30.0,80.0,0.005,0.1,0.15,0.0,mad_only
WMeW6IJJGLo,40,15.43,0.0,30.0,80.0,0.005,0.1,0.15,0.0,mad_only
WMeW6IJJGLo,41,15.790000000000001,0.0,30.0,80.0,0.005,0.1,0.15,0.0,mad_only
WMeW6IJJGLo,42,16.155,0.0,30.0,80.0,0.005,0.1,0.15,0.0,mad_only
WMeW6IJJGLo,43,16.495,0.0,30.0,80.0,0.005,0.1,0.15,0.0,mad_only
WMeW6IJJGLo,44,16.84,0.0,30.0,80.0,0.005,0.1,0.15,0.0,mad_only
WMeW6IJJGLo,45,17.185,0.0,30.0,80.0,0.005,0.1,0.15,0.0,mad_only
WMeW6IJJGLo,46,17.545,0.0,30.0,80.0,0.005,0.1,0.15,0.0,mad_only
WMeW6IJJGLo,47,17.91,0.0,30.0,80.0,0.005,0.1,0.15,0.0,mad_only
WMeW6IJJGLo,48,18.275000000000002,0.0,30.0,80.0,0.005,0.1,0.15,0.0,mad_only
WMeW6IJJGLo,49,18.650000000000002,0.0,30.0,80.0,0.005,0.1,0.15,0.0,mad_only
WMeW6IJJGLo,50,18.995,0.0,30.0,80.0,0.005,0.1,0.15,0.0,mad_only
WMeW6IJJGLo,51,19.36,0.0,30.0,80.0,0.005,0.1,0.15,0.0,mad_only
WMeW6IJJGLo,52,19.73,0.0,30.0,80.0,0.005,0.1,0.15,0.0,mad_only
WMeW6IJJGLo,53,20.1,0.0,30.0,80.0,0.005,0.1,0.15,0.0,mad_only
WMeW6IJJGLo,54,20.425,0.0,30.0,80.0,0.005,0.1,0.15,0.0,mad_only
WMeW6IJJGLo,55,20.785,0.0,30.0,80.0,0.005,0.1,0.15,0.0,mad_only
WMeW6IJJGLo,56,21.14,0.0,30.0,80.0,0.005,0.1,0.15,0.0,mad_only
WMeW6IJJGLo,57,21.505,0.0,30.0,80.0,0.005,0.1,0.15,0.0,mad_only
WMeW6IJJGLo,58,21.86,0.0,30.0,80.0,0.005,0.1,0.15,0.0,mad_only
WMeW6IJJGLo,59,22.22,0.0,30.0,80.0,0.005,0.1,0.15,0.0,mad_only
WMeW6IJJGLo,60,22.585,0.0,30.0,80.0,0.005,0.1,0.15,0.0,mad_only
WMeW6IJJGLo,61,22.945,0.0,30.0,80.0,0.005,0.1,0.15,0.0,mad_only
WMeW6IJJGLo,62,23.285,0.0,30.0,80.0,0.005,0.1,0.15,0.0,mad_only
WMeW6IJJGLo,63,23.64,0.0,30.0,80.0,0.005,0.1,0.15,0.0,mad_only
WMeW6IJJGLo,64,24.0,0.0,30.0,80.0,0.005,0.1,0.15,0.0,mad_only
WMeW6IJJGLo,65,24.345,0.0,30.0,80.0,0.005,0.1,0.15,0.0,mad_only
WMeW6IJJGLo,66,24.71,0.0,30.0,80.0,0.005,0.1,0.15,0.0,mad_only
WMeW6IJJGLo,67,25.075,0.0,30.0,80.0,0.005,0.1,0.15,0.0,mad_only
WMeW6IJJGLo,68,25.43,0.0,30.0,80.0,0.005,0.1,0.15,0.0,mad_only
WMeW6IJJGLo,69,25.75,0.0,30.0,80.0,0.005,0.1,0.15,0.0,mad_only
WMeW6IJJGLo,70,26.13,0.0,30.0,80.0,0.005,0.1,0.15,0.0,mad_only
WMeW6IJJGLo,71,26.48,0.0,30.0,80.0,0.005,0.1,0.15,0.0,mad_only
WMeW6IJJGLo,72,26.845,0.0,30.0,80.0,0.005,0.1,0.15,0.0,mad_only
WMeW6IJJGLo,73,27.205000000000002,0.0,30.0,80.0,0.005,0.1,0.15,0.0,mad_only
WMeW6IJJGLo,74,27.55,0.0,30.0,80.0,0.005,0.1,0.15,0.0,mad_only
WMeW6IJJGLo,75,27.92,0.0,30.0,80.0,0.005,0.1,0.15,0.0,mad_only
WMeW6IJJGLo,76,28.285,0.0,30.0,80.0,0.005,0.1,0.15,0.0,mad_only
WMeW6IJJGLo,77,28.625,0.0,30.0,80.0,0.005,0.1,0.15,0.0,mad_only
WMeW6IJJGLo,78,29.0,0.0,30.0,80.0,0.005,0.1,0.15,0.0,mad_only
WMeW6IJJGLo,79,29.355,0.0,30.0,80.0,0.005,0.1,0.15,0.0,mad_only
WMeW6IJJGLo,80,29.715,0.0,30.0,80.0,0.005,0.1,0.15,0.0,mad_only
WXgaSUb0X-o,0,1.04,0.0,30.0,80.0,0.005,0.1,0.15,0.0,mad_only
WXgaSUb0X-o,1,1.69,0.0,30.0,80.0,0.005,0.1,0.15,0.0,mad_only
WXgaSUb0X-o,2,2.34,0.0,30.0,80.0,0.005,0.1,0.15,0.0,mad_only
WXgaSUb0X-o,3,2.695,0.0,30.0,80.0,0.005,0.1,0.15,0.0,mad_only
WXgaSUb0X-o,4,3.015,0.0,30.0,80.0,0.005,0.1,0.15,0.0,mad_only
WXgaSUb0X-o,5,3.67,0.0,30.0,80.0,0.005,0.1,0.15,0.0,mad_only
WXgaSUb0X-o,6,4.0200000000000005,0.0,30.0,80.0,0.005,0.1,0.15,0.0,mad_only
WXgaSUb0X-o,7,4.345,0.0,30.0,80.0,0.005,0.1,0.15,0.0,mad_only
WXgaSUb0X-o,8,5.01,0.0,30.0,80.0,0.005,0.1,0.15,0.0,mad_only
WXgaSUb0X-o,9,5.33,0.0,30.0,80.0,0.005,0.1,0.15,0.0,mad_only
WXgaSUb0X-o,10,5.67,0.0,30.0,80.0,0.005,0.1,0.15,0.0,mad_only
WXgaSUb0X-o,11,6.335,0.0,30.0,80.0,0.005,0.1,0.15,0.0,mad_only
WXgaSUb0X-o,12,6.665,0.0,30.0,80.0,0.005,0.1,0.15,0.0,mad_only
WXgaSUb0X-o,13,7.01,0.0,30.0,80.0,0.005,0.1,0.15,0.0,mad_only
WXgaSUb0X-o,14,7.675,0.0,30.0,80.0,0.005,0.1,0.15,0.0,mad_only
WXgaSUb0X-o,15,7.99,0.0,30.0,80.0,0.005,0.1,0.15,0.0,mad_only
WXgaSUb0X-o,16,8.335,0.0,30.0,80.0,0.005,0.1,0.15,0.0,mad_only
WXgaSUb0X-o,17,8.995000000000001,0.0,30.0,80.0,0.005,0.1,0.15,0.0,mad_only
WXgaSUb0X-o,18,9.32,0.0,30.0,80.0,0.005,0.1,0.15,0.0,mad_only
WXgaSUb0X-o,19,9.665000000000001,0.0,30.0,80.0,0.005,0.1,0.15,0.0,mad_only
WXgaSUb0X-o,20,10.335,0.0,30.0,80.0,0.005,0.1,0.15,0.0,mad_only
WXgaSUb0X-o,21,10.67,0.0,30.0,80.0,0.005,0.1,0.15,0.0,mad_only
WXgaSUb0X-o,22,11.01,0.0,30.0,80.0,0.005,0.1,0.15,0.0,mad_only
WXgaSUb0X-o,23,11.67,0.0,30.0,80.0,0.005,0.1,0.15,0.0,mad_only
WXgaSUb0X-o,24,11.995000000000001,0.0,30.0,80.0,0.005,0.1,0.15,0.0,mad_only
WXgaSUb0X-o,25,12.335,0.0,30.0,80.0,0.005,0.1,0.15,0.0,mad_only
WXgaSUb0X-o,26,13.0,0.0,30.0,80.0,0.005,0.1,0.15,0.0,mad_only
WXgaSUb0X-o,27,13.34,0.0,30.0,80.0,0.005,0.1,0.15,0.0,mad_only
WXgaSUb0X-o,28,13.67,0.0,30.0,80.0,0.005,0.1,0.15,0.0,mad_only
WXgaSUb0X-o,29,14.335,0.0,30.0,80.0,0.005,0.1,0.15,0.0,mad_only
WXgaSUb0X-o,30,14.665000000000001,0.0,30.0,80.0,0.005,0.1,0.15,0.0,mad_only
WXgaSUb0X-o,31,15.005,0.0,30.0,80.0,0.005,0.1,0.15,0.0,mad_only
WXgaSUb0X-o,32,15.325000000000001,0.0,30.0,80.0,0.005,0.1,0.15,0.0,mad_only
WXgaSUb0X-o,33,15.665000000000001,0.0,30.0,80.0,0.005,0.1,0.15,0.0,mad_only
WXgaSUb0X-o,34,16.005,0.0,30.0,80.0,0.005,0.1,0.15,0.0,mad_only
WXgaSUb0X-o,35,16.35,0.0,30.0,80.0,0.005,0.1,0.15,0.0,mad_only
WXgaSUb0X-o,36,16.67,0.0,30.0,80.0,0.005,0.1,0.15,0.0,mad_only
WXgaSUb0X-o,37,17.025,0.0,30.0,80.0,0.005,0.1,0.15,0.0,mad_only
WXgaSUb0X-o,38,17.665,0.0,30.0,80.0,0.005,0.1,0.15,0.0,mad_only
WXgaSUb0X-o,39,18.335,0.0,30.0,80.0,0.005,0.1,0.15,0.0,mad_only
WXgaSUb0X-o,40,18.650000000000002,0.0,30.0,80.0,0.005,0.1,0.15,0.0,mad_only
WXgaSUb0X-o,41,18.985,0.0,30.0,80.0,0.005,0.1,0.15,0.0,mad_only
WXgaSUb0X-o,42,19.64,0.0,30.0,80.0,0.005,0.1,0.15,0.0,mad_only
WXgaSUb0X-o,43,20.315,0.0,30.0,80.0,0.005,0.1,0.15,0.0,mad_only
WXgaSUb0X-o,44,20.990000000000002,0.0,30.0,80.0,0.005,0.1,0.15,0.0,mad_only
WXgaSUb0X-o,45,21.325,0.0,30.0,80.0,0.005,0.1,0.15,0.0,mad_only
WXgaSUb0X-o,46,21.665,0.0,30.0,80.0,0.005,0.1,0.15,0.0,mad_only
WXgaSUb0X-o,47,22.32,0.0,30.0,80.0,0.005,0.1,0.15,0.0,mad_only
WXgaSUb0X-o,48,23.0,0.0,30.0,80.0,0.005,0.1,0.15,0.0,mad_only
WXgaSUb0X-o,49,23.665,0.0,30.0,80.0,0.005,0.1,0.15,0.0,mad_only
WXgaSUb0X-o,50,24.310000000000002,0.0,30.0,80.0,0.005,0.1,0.15,0.0,mad_only
WXgaSUb0X-o,51,24.965,0.0,30.0,80.0,0.005,0.1,0.15,0.0,mad_only
WXgaSUb0X-o,52,25.650000000000002,0.0,30.0,80.0,0.005,0.1,0.15,0.0,mad_only
WXgaSUb0X-o,53,26.330000000000002,0.0,30.0,80.0,0.005,0.1,0.15,0.0,mad_only
WXgaSUb0X-o,54,26.67,0.0,30.0,80.0,0.005,0.1,0.15,0.0,mad_only
WXgaSUb0X-o,55,27.005,0.0,30.0,80.0,0.005,0.1,0.15,0.0,mad_only
WXgaSUb0X-o,56,27.335,0.0,30.0,80.0,0.005,0.1,0.15,0.0,mad_only
WXgaSUb0X-o,57,27.67,0.0,30.0,80.0,0.005,0.1,0.15,0.0,mad_only
WXgaSUb0X-o,58,28.330000000000002,0.0,30.0,80.0,0.005,0.1,0.15,0.0,mad_only
WXgaSUb0X-o,59,29.01,0.0,30.0,80.0,0.005,0.1,0.15,0.0,mad_only
WXgaSUb0X-o,60,29.66,0.0,30.0,80.0,0.005,0.1,0.15,0.0,mad_only
WuiBdljkU2E,0,1.2,0.0,30.0,80.0,0.005,0.1,0.15,0.0,mad_only
WuiBdljkU2E,1,1.665,0.0,30.0,80.0,0.005,0.1,0.15,0.0,mad_only
WuiBdljkU2E,2,2.31,0.0,30.0,80.0,0.005,0.1,0.15,0.0,mad_only
WuiBdljkU2E,3,2.9050000000000002,0.0,30.0,80.0,0.005,0.1,0.15,0.0,mad_only
WuiBdljkU2E,4,3.495,0.0,30.0,80.0,0.005,0.1,0.15,0.0,mad_only
WuiBdljkU2E,5,4.105,0.0,30.0,80.0,0.005,0.1,0.15,0.0,mad_only
WuiBdljkU2E,6,4.705,0.0,30.0,80.0,0.005,0.1,0.15,0.0,mad_only
WuiBdljkU2E,7,5.305,0.0,30.0,80.0,0.005,0.1,0.15,0.0,mad_only
WuiBdljkU2E,8,5.91,0.0,30.0,80.0,0.005,0.1,0.15,0.0,mad_only
WuiBdljkU2E,9,6.51,0.0,30.0,80.0,0.005,0.1,0.15,0.0,mad_only
WuiBdljkU2E,10,7.115,0.0,30.0,80.0,0.005,0.1,0.15,0.0,mad_only
WuiBdljkU2E,11,7.73,0.0,30.0,80.0,0.005,0.1,0.15,0.0,mad_only
WuiBdljkU2E,12,8.33,0.0,30.0,80.0,0.005,0.1,0.15,0.0,mad_only
WuiBdljkU2E,13,8.950000000000001,0.0,30.0,80.0,0.005,0.1,0.15,0.0,mad_only
WuiBdljkU2E,14,9.55,0.0,30.0,80.0,0.005,0.1,0.15,0.0,mad_only
WuiBdljkU2E,15,10.155,0.0,30.0,80.0,0.005,0.1,0.15,0.0,mad_only
WuiBdljkU2E,16,10.745000000000001,0.0,30.0,80.0,0.005,0.1,0.15,0.0,mad_only
WuiBdljkU2E,17,11.355,0.0,30.0,80.0,0.005,0.1,0.15,0.0,mad_only
WuiBdljkU2E,18,11.97,0.0,30.0,80.0,0.005,0.1,0.15,0.0,mad_only
WuiBdljkU2E,19,12.55,0.0,30.0,80.0,0.005,0.1,0.15,0.0,mad_only
WuiBdljkU2E,20,13.17,0.0,30.0,80.0,0.005,0.1,0.15,0.0,mad_only
WuiBdljkU2E,21,13.780000000000001,0.0,30.0,80.0,0.005,0.1,0.15,0.0,mad_only
WuiBdljkU2E,22,14.39,0.0,30.0,80.0,0.005,0.1,0.15,0.0,mad_only
WuiBdljkU2E,23,14.99,0.0,30.0,80.0,0.005,0.1,0.15,0.0,mad_only
WuiBdljkU2E,24,15.595,0.0,30.0,80.0,0.005,0.1,0.15,0.0,mad_only
WuiBdljkU2E,25,16.205000000000002,0.0,30.0,80.0,0.005,0.1,0.15,0.0,mad_only
WuiBdljkU2E,26,16.8,0.0,30.0,80.0,0.005,0.1,0.15,0.0,mad_only
WuiBdljkU2E,27,17.415,0.0,30.0,80.0,0.005,0.1,0.15,0.0,mad_only
WuiBdljkU2E,28,18.01,0.0,30.0,80.0,0.005,0.1,0.15,0.0,mad_only
WuiBdljkU2E,29,18.62,0.0,30.0,80.0,0.005,0.1,0.15,0.0,mad_only
WuiBdljkU2E,30,19.23,0.0,30.0,80.0,0.005,0.1,0.15,0.0,mad_only
WuiBdljkU2E,31,19.835,0.0,30.0,80.0,0.005,0.1,0.15,0.0,mad_only
WuiBdljkU2E,32,20.44,0.0,30.0,80.0,0.005,0.1,0.15,0.0,mad_only
WuiBdljkU2E,33,21.055,0.0,30.0,80.0,0.005,0.1,0.15,0.0,mad_only
WuiBdljkU2E,34,21.650000000000002,0.0,30.0,80.0,0.005,0.1,0.15,0.0,mad_only
WuiBdljkU2E,35,22.235,0.0,30.0,80.0,0.005,0.1,0.15,0.0,mad_only
WuiBdljkU2E,36,22.865000000000002,0.0,30.0,80.0,0.005,0.1,0.15,0.0,mad_only
WuiBdljkU2E,37,23.47,0.0,30.0,80.0,0.005,0.1,0.15,0.0,mad_only
WuiBdljkU2E,38,24.075,0.0,30.0,80.0,0.005,0.1,0.15,0.0,mad_only
WuiBdljkU2E,39,24.675,0.0,30.0,80.0,0.005,0.1,0.15,0.0,mad_only
WuiBdljkU2E,40,25.285,0.0,30.0,80.0,0.005,0.1,0.15,0.0,mad_only
WuiBdljkU2E,41,25.900000000000002,0.0,30.0,80.0,0.005,0.1,0.15,0.0,mad_only
WuiBdljkU2E,42,26.485,0.0,30.0,80.0,0.005,0.1,0.15,0.0,mad_only
WuiBdljkU2E,43,27.105,0.0,30.0,80.0,0.005,0.1,0.15,0.0,mad_only
WuiBdljkU2E,44,27.715,0.0,30.0,80.0,0.005,0.1,0.15,0.0,mad_only
WuiBdljkU2E,45,28.325,0.0,30.0,80.0,0.005,0.1,0.15,0.0,mad_only
WuiBdljkU2E,46,28.93,0.0,30.0,80.0,0.005,0.1,0.15,0.0,mad_only
WuiBdljkU2E,47,29.54,0.0,30.0,80.0,0.005,0.1,0.15,0.0,mad_only
XLFAH6gkfb4,0,0.78,0.0,30.0,80.0,0.005,0.1,0.15,0.0,mad_only
XLFAH6gkfb4,1,1.36,0.0,30.0,80.0,0.005,0.1,0.15,0.0,mad_only
XLFAH6gkfb4,2,2.02,0.0,30.0,80.0,0.005,0.1,0.15,0.0,mad_only
XLFAH6gkfb4,3,2.695,0.0,30.0,80.0,0.005,0.1,0.15,0.0,mad_only
XLFAH6gkfb4,4,3.45,0.0,30.0,80.0,0.005,0.1,0.15,0.0,mad_only
XLFAH6gkfb4,5,4.1450000000000005,0.0,30.0,80.0,0.005,0.1,0.15,0.0,mad_only
XLFAH6gkfb4,6,4.815,0.0,30.0,80.0,0.005,0.1,0.15,0.0,mad_only
XLFAH6gkfb4,7,5.485,0.0,30.0,80.0,0.005,0.1,0.15,0.0,mad_only
XLFAH6gkfb4,8,6.23,0.0,30.0,80.0,0.005,0.1,0.15,0.0,mad_only
XLFAH6gkfb4,9,6.9350000000000005,0.0,30.0,80.0,0.005,0.1,0.15,0.0,mad_only
XLFAH6gkfb4,10,7.62,0.0,30.0,80.0,0.005,0.1,0.15,0.0,mad_only
XLFAH6gkfb4,11,8.02,0.0,30.0,80.0,0.005,0.1,0.15,0.0,mad_only
XLFAH6gkfb4,12,8.315,0.0,30.0,80.0,0.005,0.1,0.15,0.0,mad_only
XLFAH6gkfb4,13,8.99,0.0,30.0,80.0,0.005,0.1,0.15,0.0,mad_only
XLFAH6gkfb4,14,9.370000000000001,0.0,30.0,80.0,0.005,0.1,0.15,0.0,mad_only
XLFAH6gkfb4,15,9.705,0.0,30.0,80.0,0.005,0.1,0.15,0.0,mad_only
XLFAH6gkfb4,16,10.39,0.0,30.0,80.0,0.005,0.1,0.15,0.0,mad_only
XLFAH6gkfb4,17,10.75,0.0,30.0,80.0,0.005,0.1,0.15,0.0,mad_only
XLFAH6gkfb4,18,11.1,0.0,30.0,80.0,0.005,0.1,0.15,0.0,mad_only
XLFAH6gkfb4,19,11.46,0.0,30.0,80.0,0.005,0.1,0.15,0.0,mad_only
XLFAH6gkfb4,20,11.83,0.0,30.0,80.0,0.005,0.1,0.15,0.0,mad_only
XLFAH6gkfb4,21,12.18,0.0,30.0,80.0,0.005,0.1,0.15,0.0,mad_only
XLFAH6gkfb4,22,12.52,0.0,30.0,80.0,0.005,0.1,0.15,0.0,mad_only
XLFAH6gkfb4,23,13.200000000000001,0.0,30.0,80.0,0.005,0.1,0.15,0.0,mad_only
XLFAH6gkfb4,24,13.545,0.0,30.0,80.0,0.005,0.1,0.15,0.0,mad_only
XLFAH6gkfb4,25,13.885,0.0,30.0,80.0,0.005,0.1,0.15,0.0,mad_only
XLFAH6gkfb4,26,14.22,0.0,30.0,80.0,0.005,0.1,0.15,0.0,mad_only
XLFAH6gkfb4,27,14.565,0.0,30.0,80.0,0.005,0.1,0.15,0.0,mad_only
XLFAH6gkfb4,28,14.895,0.0,30.0,80.0,0.005,0.1,0.15,0.0,mad_only
XLFAH6gkfb4,29,15.255,0.0,30.0,80.0,0.005,0.1,0.15,0.0,mad_only
XLFAH6gkfb4,30,15.6,0.0,30.0,80.0,0.005,0.1,0.15,0.0,mad_only
XLFAH6gkfb4,31,15.97,0.0,30.0,80.0,0.005,0.1,0.15,0.0,mad_only
XLFAH6gkfb4,32,16.305,0.0,30.0,80.0,0.005,0.1,0.15,0.0,mad_only
XLFAH6gkfb4,33,16.66,0.0,30.0,80.0,0.005,0.1,0.15,0.0,mad_only
XLFAH6gkfb4,34,16.990000000000002,0.0,30.0,80.0,0.005,0.1,0.15,0.0,mad_only
XLFAH6gkfb4,35,17.335,0.0,30.0,80.0,0.005,0.1,0.15,0.0,mad_only
XLFAH6gkfb4,36,17.705000000000002,0.0,30.0,80.0,0.005,0.1,0.15,0.0,mad_only
XLFAH6gkfb4,37,18.05,0.0,30.0,80.0,0.005,0.1,0.15,0.0,mad_only
XLFAH6gkfb4,38,18.415,0.0,30.0,80.0,0.005,0.1,0.15,0.0,mad_only
XLFAH6gkfb4,39,18.735,0.0,30.0,80.0,0.005,0.1,0.15,0.0,mad_only
XLFAH6gkfb4,40,19.080000000000002,0.0,30.0,80.0,0.005,0.1,0.15,0.0,mad_only
XLFAH6gkfb4,41,19.43,0.0,30.0,80.0,0.005,0.1,0.15,0.0,mad_only
XLFAH6gkfb4,42,19.795,0.0,30.0,80.0,0.005,0.1,0.15,0.0,mad_only
XLFAH6gkfb4,43,20.14,0.0,30.0,80.0,0.005,0.1,0.15,0.0,mad_only
XLFAH6gkfb4,44,20.48,0.0,30.0,80.0,0.005,0.1,0.15,0.0,mad_only
XLFAH6gkfb4,45,20.825,0.0,30.0,80.0,0.005,0.1,0.15,0.0,mad_only
XLFAH6gkfb4,46,21.18,0.0,30.0,80.0,0.005,0.1,0.15,0.0,mad_only
XLFAH6gkfb4,47,21.525000000000002,0.0,30.0,80.0,0.005,0.1,0.15,0.0,mad_only
XLFAH6gkfb4,48,21.89,0.0,30.0,80.0,0.005,0.1,0.15,0.0,mad_only
XLFAH6gkfb4,49,22.26,0.0,30.0,80.0,0.005,0.1,0.15,0.0,mad_only
XLFAH6gkfb4,50,22.61,0.0,30.0,80.0,0.005,0.1,0.15,0.0,mad_only
XLFAH6gkfb4,51,22.955000000000002,0.0,30.0,80.0,0.005,0.1,0.15,0.0,mad_only
XLFAH6gkfb4,52,23.285,0.0,30.0,80.0,0.005,0.1,0.15,0.0,mad_only
XLFAH6gkfb4,53,23.615000000000002,0.0,30.0,80.0,0.005,0.1,0.15,0.0,mad_only
XLFAH6gkfb4,54,23.965,0.0,30.0,80.0,0.005,0.1,0.15,0.0,mad_only
XLFAH6gkfb4,55,24.305,0.0,30.0,80.0,0.005,0.1,0.15,0.0,mad_only
XLFAH6gkfb4,56,24.665,0.0,30.0,80.0,0.005,0.1,0.15,0.0,mad_only
XLFAH6gkfb4,57,25.01,0.0,30.0,80.0,0.005,0.1,0.15,0.0,mad_only
XLFAH6gkfb4,58,25.345,0.0,30.0,80.0,0.005,0.1,0.15,0.0,mad_only
XLFAH6gkfb4,59,25.705000000000002,0.0,30.0,80.0,0.005,0.1,0.15,0.0,mad_only
XLFAH6gkfb4,60,26.05,0.0,30.0,80.0,0.005,0.1,0.15,0.0,mad_only
XLFAH6gkfb4,61,26.39,0.0,30.0,80.0,0.005,0.1,0.15,0.0,mad_only
XLFAH6gkfb4,62,26.73,0.0,30.0,80.0,0.005,0.1,0.15,0.0,mad_only
XLFAH6gkfb4,63,27.075,0.0,30.0,80.0,0.005,0.1,0.15,0.0,mad_only
XLFAH6gkfb4,64,27.415,0.0,30.0,80.0,0.005,0.1,0.15,0.0,mad_only
XLFAH6gkfb4,65,27.765,0.0,30.0,80.0,0.005,0.1,0.15,0.0,mad_only
XLFAH6gkfb4,66,28.125,0.0,30.0,80.0,0.005,0.1,0.15,0.0,mad_only
XLFAH6gkfb4,67,28.46,0.0,30.0,80.0,0.005,0.1,0.15,0.0,mad_only
XLFAH6gkfb4,68,28.815,0.0,30.0,80.0,0.005,0.1,0.15,0.0,mad_only
XLFAH6gkfb4,69,29.18,0.0,30.0,80.0,0.005,0.1,0.15,0.0,mad_only
XLFAH6gkfb4,70,29.525000000000002,0.0,30.0,80.0,0.005,0.1,0.15,0.0,mad_only
XLFAH6gkfb4,71,29.84,0.0,30.0,80.0,0.005,0.1,0.15,0.0,mad_only
YO-JGE1c8hE,0,0.8200000000000001,0.0,30.0,80.0,0.005,0.1,0.15,0.0,mad_only
YO-JGE1c8hE,1,1.77,0.0,30.0,80.0,0.005,0.1,0.15,0.0,mad_only
YO-JGE1c8hE,2,2.545,0.0,30.0,80.0,0.005,0.1,0.15,0.0,mad_only
YO-JGE1c8hE,3,3.38,0.0,30.0,80.0,0.005,0.1,0.15,0.0,mad_only
YO-JGE1c8hE,4,4.23,0.0,30.0,80.0,0.005,0.1,0.15,0.0,mad_only
YO-JGE1c8hE,5,5.08,0.0,30.0,80.0,0.005,0.1,0.15,0.0,mad_only
YO-JGE1c8hE,6,5.91,0.0,30.0,80.0,0.005,0.1,0.15,0.0,mad_only
YO-JGE1c8hE,7,6.75,0.0,30.0,80.0,0.005,0.1,0.15,0.0,mad_only
YO-JGE1c8hE,8,7.58,0.0,30.0,80.0,0.005,0.1,0.15,0.0,mad_only
YO-JGE1c8hE,9,8.445,0.0,30.0,80.0,0.005,0.1,0.15,0.0,mad_only
YO-JGE1c8hE,10,9.3,0.0,30.0,80.0,0.005,0.1,0.15,0.0,mad_only
YO-JGE1c8hE,11,10.13,0.0,30.0,80.0,0.005,0.1,0.15,0.0,mad_only
YO-JGE1c8hE,12,10.96,0.0,30.0,80.0,0.005,0.1,0.15,0.0,mad_only
YO-JGE1c8hE,13,11.81,0.0,30.0,80.0,0.005,0.1,0.15,0.0,mad_only
YO-JGE1c8hE,14,12.675,0.0,30.0,80.0,0.005,0.1,0.15,0.0,mad_only
YO-JGE1c8hE,15,13.51,0.0,30.0,80.0,0.005,0.1,0.15,0.0,mad_only
YO-JGE1c8hE,16,14.35,0.0,30.0,80.0,0.005,0.1,0.15,0.0,mad_only
YO-JGE1c8hE,17,15.195,0.0,30.0,80.0,0.005,0.1,0.15,0.0,mad_only
YO-JGE1c8hE,18,16.045,0.0,30.0,80.0,0.005,0.1,0.15,0.0,mad_only
YO-JGE1c8hE,19,16.875,0.0,30.0,80.0,0.005,0.1,0.15,0.0,mad_only
YO-JGE1c8hE,20,17.31,0.0,30.0,80.0,0.005,0.1,0.15,0.0,mad_only
YO-JGE1c8hE,21,17.72,0.0,30.0,80.0,0.005,0.1,0.15,0.0,mad_only
YO-JGE1c8hE,22,18.56,0.0,30.0,80.0,0.005,0.1,0.15,0.0,mad_only
YO-JGE1c8hE,23,19.42,0.0,30.0,80.0,0.005,0.1,0.15,0.0,mad_only
YO-JGE1c8hE,24,20.29,0.0,30.0,80.0,0.005,0.1,0.15,0.0,mad_only
YO-JGE1c8hE,25,21.095,0.0,30.0,80.0,0.005,0.1,0.15,0.0,mad_only
YO-JGE1c8hE,26,21.96,0.0,30.0,80.0,0.005,0.1,0.15,0.0,mad_only
YO-JGE1c8hE,27,22.785,0.0,30.0,80.0,0.005,0.1,0.15,0.0,mad_only
YO-JGE1c8hE,28,23.62,0.0,30.0,80.0,0.005,0.1,0.15,0.0,mad_only
YO-JGE1c8hE,29,24.48,0.0,30.0,80.0,0.005,0.1,0.15,0.0,mad_only
YO-JGE1c8hE,30,25.345,0.0,30.0,80.0,0.005,0.1,0.15,0.0,mad_only
YO-JGE1c8hE,31,26.205000000000002,0.0,30.0,80.0,0.005,0.1,0.15,0.0,mad_only
YO-JGE1c8hE,32,27.045,0.0,30.0,80.0,0.005,0.1,0.15,0.0,mad_only
YO-JGE1c8hE,33,27.46,0.0,30.0,80.0,0.005,0.1,0.15,0.0,mad_only
YO-JGE1c8hE,34,27.88,0.0,30.0,80.0,0.005,0.1,0.15,0.0,mad_only
YO-JGE1c8hE,35,28.72,0.0,30.0,80.0,0.005,0.1,0.15,0.0,mad_only
YO-JGE1c8hE,36,29.565,0.0,30.0,80.0,0.005,0.1,0.15,0.0,mad_only
YbdoCyC9r4E,0,1.045,0.0,30.0,80.0,0.005,0.1,0.15,0.0,mad_only
YbdoCyC9r4E,1,1.9100000000000001,0.0,30.0,80.0,0.005,0.1,0.15,0.0,mad_only
YbdoCyC9r4E,2,2.7600000000000002,0.0,30.0,80.0,0.005,0.1,0.15,0.0,mad_only
YbdoCyC9r4E,3,3.605,0.0,30.0,80.0,0.005,0.1,0.15,0.0,mad_only
YbdoCyC9r4E,4,4.46,0.0,30.0,80.0,0.005,0.1,0.15,0.0,mad_only
YbdoCyC9r4E,5,5.32,0.0,30.0,80.0,0.005,0.1,0.15,0.0,mad_only
YbdoCyC9r4E,6,6.17,0.0,30.0,80.0,0.005,0.1,0.15,0.0,mad_only
YbdoCyC9r4E,7,7.03,0.0,30.0,80.0,0.005,0.1,0.15,0.0,mad_only
YbdoCyC9r4E,8,7.875,0.0,30.0,80.0,0.005,0.1,0.15,0.0,mad_only
YbdoCyC9r4E,9,8.72,0.0,30.0,80.0,0.005,0.1,0.15,0.0,mad_only
YbdoCyC9r4E,10,9.59,0.0,30.0,80.0,0.005,0.1,0.15,0.0,mad_only
YbdoCyC9r4E,11,10.015,0.0,30.0,80.0,0.005,0.1,0.15,0.0,mad_only
YbdoCyC9r4E,12,10.445,0.0,30.0,80.0,0.005,0.1,0.15,0.0,mad_only
YbdoCyC9r4E,13,11.3,0.0,30.0,80.0,0.005,0.1,0.15,0.0,mad_only
YbdoCyC9r4E,14,11.72,0.0,30.0,80.0,0.005,0.1,0.15,0.0,mad_only
YbdoCyC9r4E,15,12.155000000000001,0.0,30.0,80.0,0.005,0.1,0.15,0.0,mad_only
YbdoCyC9r4E,16,13.01,0.0,30.0,80.0,0.005,0.1,0.15,0.0,mad_only
YbdoCyC9r4E,17,13.450000000000001,0.0,30.0,80.0,0.005,0.1,0.15,0.0,mad_only
YbdoCyC9r4E,18,13.865,0.0,30.0,80.0,0.005,0.1,0.15,0.0,mad_only
YbdoCyC9r4E,19,14.73,0.0,30.0,80.0,0.005,0.1,0.15,0.0,mad_only
YbdoCyC9r4E,20,15.16,0.0,30.0,80.0,0.005,0.1,0.15,0.0,mad_only
YbdoCyC9r4E,21,15.595,0.0,30.0,80.0,0.005,0.1,0.15,0.0,mad_only
YbdoCyC9r4E,22,16.455000000000002,0.0,30.0,80.0,0.005,0.1,0.15,0.0,mad_only
YbdoCyC9r4E,23,17.29,0.0,30.0,80.0,0.005,0.1,0.15,0.0,mad_only
YbdoCyC9r4E,24,18.16,0.0,30.0,80.0,0.005,0.1,0.15,0.0,mad_only
YbdoCyC9r4E,25,18.6,0.0,30.0,80.0,0.005,0.1,0.15,0.0,mad_only
YbdoCyC9r4E,26,19.035,0.0,30.0,80.0,0.005,0.1,0.15,0.0,mad_only
YbdoCyC9r4E,27,19.475,0.0,30.0,80.0,0.005,0.1,0.15,0.0,mad_only
YbdoCyC9r4E,28,19.87,0.0,30.0,80.0,0.005,0.1,0.15,0.0,mad_only
YbdoCyC9r4E,29,20.3,0.0,30.0,80.0,0.005,0.1,0.15,0.0,mad_only
YbdoCyC9r4E,30,20.7,0.0,30.0,80.0,0.005,0.1,0.15,0.0,mad_only
YbdoCyC9r4E,31,21.575,0.0,30.0,80.0,0.005,0.1,0.15,0.0,mad_only
YbdoCyC9r4E,32,22.425,0.0,30.0,80.0,0.005,0.1,0.15,0.0,mad_only
YbdoCyC9r4E,33,23.295,0.0,30.0,80.0,0.005,0.1,0.15,0.0,mad_only
YbdoCyC9r4E,34,24.16,0.0,30.0,80.0,0.005,0.1,0.15,0.0,mad_only
YbdoCyC9r4E,35,24.615000000000002,0.0,30.0,80.0,0.005,0.1,0.15,0.0,mad_only
YbdoCyC9r4E,36,25.03,0.0,30.0,80.0,0.005,0.1,0.15,0.0,mad_only
YbdoCyC9r4E,37,25.885,0.0,30.0,80.0,0.005,0.1,0.15,0.0,mad_only
YbdoCyC9r4E,38,26.735,0.0,30.0,80.0,0.005,0.1,0.15,0.0,mad_only
YbdoCyC9r4E,39,27.585,0.0,30.0,80.0,0.005,0.1,0.15,0.0,mad_only
YbdoCyC9r4E,40,28.445,0.0,30.0,80.0,0.005,0.1,0.15,0.0,mad_only
YbdoCyC9r4E,41,29.3,0.0,30.0,80.0,0.005,0.1,0.15,0.0,mad_only
YbdoCyC9r4E,42,29.75,0.0,30.0,80.0,0.005,0.1,0.15,0.0,mad_only
YmpqEe8jKlU,0,1.065,0.0,30.0,80.0,0.005,0.1,0.15,0.0,mad_only
YmpqEe8jKlU,1,2.02,0.0,30.0,80.0,0.005,0.1,0.15,0.0,mad_only
YmpqEe8jKlU,2,6.12,0.0,30.0,80.0,0.005,0.1,0.15,0.0,mad_only
YmpqEe8jKlU,3,8.61,0.0,30.0,80.0,0.005,0.1,0.15,0.0,mad_only
YmpqEe8jKlU,4,8.915000000000001,0.0,30.0,80.0,0.005,0.1,0.15,0.0,mad_only
YmpqEe8jKlU,5,9.19,0.0,30.0,80.0,0.005,0.1,0.15,0.0,mad_only
YmpqEe8jKlU,6,9.495000000000001,0.0,30.0,80.0,0.005,0.1,0.15,0.0,mad_only
YmpqEe8jKlU,7,9.785,0.0,30.0,80.0,0.005,0.1,0.15,0.0,mad_only
YmpqEe8jKlU,8,10.055,0.0,30.0,80.0,0.005,0.1,0.15,0.0,mad_only
YmpqEe8jKlU,9,10.33,0.0,30.0,80.0,0.005,0.1,0.15,0.0,mad_only
YmpqEe8jKlU,10,10.625,0.0,30.0,80.0,0.005,0.1,0.15,0.0,mad_only
YmpqEe8jKlU,11,10.905,0.0,30.0,80.0,0.005,0.1,0.15,0.0,mad_only
YmpqEe8jKlU,12,11.18,0.0,30.0,80.0,0.005,0.1,0.15,0.0,mad_only
YmpqEe8jKlU,13,11.47,0.0,30.0,80.0,0.005,0.1,0.15,0.0,mad_only
YmpqEe8jKlU,14,11.765,0.0,30.0,80.0,0.005,0.1,0.15,0.0,mad_only
YmpqEe8jKlU,15,12.045,0.0,30.0,80.0,0.005,0.1,0.15,0.0,mad_only
YmpqEe8jKlU,16,12.34,0.0,30.0,80.0,0.005,0.1,0.15,0.0,mad_only
YmpqEe8jKlU,17,12.620000000000001,0.0,30.0,80.0,0.005,0.1,0.15,0.0,mad_only
YmpqEe8jKlU,18,12.905000000000001,0.0,30.0,80.0,0.005,0.1,0.15,0.0,mad_only
YmpqEe8jKlU,19,13.195,0.0,30.0,80.0,0.005,0.1,0.15,0.0,mad_only
YmpqEe8jKlU,20,13.475,0.0,30.0,80.0,0.005,0.1,0.15,0.0,mad_only
YmpqEe8jKlU,21,13.76,0.0,30.0,80.0,0.005,0.1,0.15,0.0,mad_only
YmpqEe8jKlU,22,14.06,0.0,30.0,80.0,0.005,0.1,0.15,0.0,mad_only
YmpqEe8jKlU,23,14.35,0.0,30.0,80.0,0.005,0.1,0.15,0.0,mad_only
YmpqEe8jKlU,24,14.620000000000001,0.0,30.0,80.0,0.005,0.1,0.15,0.0,mad_only
YmpqEe8jKlU,25,14.91,0.0,30.0,80.0,0.005,0.1,0.15,0.0,mad_only
YmpqEe8jKlU,26,15.19,0.0,30.0,80.0,0.005,0.1,0.15,0.0,mad_only
YmpqEe8jKlU,27,15.48,0.0,30.0,80.0,0.005,0.1,0.15,0.0,mad_only
YmpqEe8jKlU,28,15.77,0.0,30.0,80.0,0.005,0.1,0.15,0.0,mad_only
YmpqEe8jKlU,29,16.055,0.0,30.0,80.0,0.005,0.1,0.15,0.0,mad_only
YmpqEe8jKlU,30,16.34,0.0,30.0,80.0,0.005,0.1,0.15,0.0,mad_only
YmpqEe8jKlU,31,16.62,0.0,30.0,80.0,0.005,0.1,0.15,0.0,mad_only
YmpqEe8jKlU,32,16.91,0.0,30.0,80.0,0.005,0.1,0.15,0.0,mad_only
YmpqEe8jKlU,33,17.19,0.0,30.0,80.0,0.005,0.1,0.15,0.0,mad_only
YmpqEe8jKlU,34,17.48,0.0,30.0,80.0,0.005,0.1,0.15,0.0,mad_only
YmpqEe8jKlU,35,17.775000000000002,0.0,30.0,80.0,0.005,0.1,0.15,0.0,mad_only
YmpqEe8jKlU,36,18.055,0.0,30.0,80.0,0.005,0.1,0.15,0.0,mad_only
YmpqEe8jKlU,37,18.345,0.0,30.0,80.0,0.005,0.1,0.15,0.0,mad_only
YmpqEe8jKlU,38,18.635,0.0,30.0,80.0,0.005,0.1,0.15,0.0,mad_only
YmpqEe8jKlU,39,18.92,0.0,30.0,80.0,0.005,0.1,0.15,0.0,mad_only
YmpqEe8jKlU,40,19.205000000000002,0.0,30.0,80.0,0.005,0.1,0.15,0.0,mad_only
YmpqEe8jKlU,41,19.485,0.0,30.0,80.0,0.005,0.1,0.15,0.0,mad_only
YmpqEe8jKlU,42,19.77,0.0,30.0,80.0,0.005,0.1,0.15,0.0,mad_only
YmpqEe8jKlU,43,20.055,0.0,30.0,80.0,0.005,0.1,0.15,0.0,mad_only
YmpqEe8jKlU,44,20.34,0.0,30.0,80.0,0.005,0.1,0.15,0.0,mad_only
YmpqEe8jKlU,45,20.625,0.0,30.0,80.0,0.005,0.1,0.15,0.0,mad_only
YmpqEe8jKlU,46,20.92,0.0,30.0,80.0,0.005,0.1,0.15,0.0,mad_only
YmpqEe8jKlU,47,21.21,0.0,30.0,80.0,0.005,0.1,0.15,0.0,mad_only
YmpqEe8jKlU,48,21.490000000000002,0.0,30.0,80.0,0.005,0.1,0.15,0.0,mad_only
YmpqEe8jKlU,49,21.765,0.0,30.0,80.0,0.005,0.1,0.15,0.0,mad_only
YmpqEe8jKlU,50,22.06,0.0,30.0,80.0,0.005,0.1,0.15,0.0,mad_only
YmpqEe8jKlU,51,22.335,0.0,30.0,80.0,0.005,0.1,0.15,0.0,mad_only
YmpqEe8jKlU,52,22.62,0.0,30.0,80.0,0.005,0.1,0.15,0.0,mad_only
YmpqEe8jKlU,53,22.92,0.0,30.0,80.0,0.005,0.1,0.15,0.0,mad_only
YmpqEe8jKlU,54,23.2,0.0,30.0,80.0,0.005,0.1,0.15,0.0,mad_only
YmpqEe8jKlU,55,23.5,0.0,30.0,80.0,0.005,0.1,0.15,0.0,mad_only
YmpqEe8jKlU,56,23.8,0.0,30.0,80.0,0.005,0.1,0.15,0.0,mad_only
YmpqEe8jKlU,57,24.07,0.0,30.0,80.0,0.005,0.1,0.15,0.0,mad_only
YmpqEe8jKlU,58,24.35,0.0,30.0,80.0,0.005,0.1,0.15,0.0,mad_only
YmpqEe8jKlU,59,24.63,0.0,30.0,80.0,0.005,0.1,0.15,0.0,mad_only
YmpqEe8jKlU,60,24.93,0.0,30.0,80.0,0.005,0.1,0.15,0.0,mad_only
YmpqEe8jKlU,61,25.185000000000002,0.0,30.0,80.0,0.005,0.1,0.15,0.0,mad_only
YmpqEe8jKlU,62,25.490000000000002,0.0,30.0,80.0,0.005,0.1,0.15,0.0,mad_only
YmpqEe8jKlU,63,25.755,0.0,30.0,80.0,0.005,0.1,0.15,0.0,mad_only
YmpqEe8jKlU,64,26.055,0.0,30.0,80.0,0.005,0.1,0.15,0.0,mad_only
YmpqEe8jKlU,65,26.330000000000002,0.0,30.0,80.0,0.005,0.1,0.15,0.0,mad_only
YmpqEe8jKlU,66,26.615000000000002,0.0,30.0,80.0,0.005,0.1,0.15,0.0,mad_only
YmpqEe8jKlU,67,26.91,0.0,30.0,80.0,0.005,0.1,0.15,0.0,mad_only
YmpqEe8jKlU,68,27.205000000000002,0.0,30.0,80.0,0.005,0.1,0.15,0.0,mad_only
YmpqEe8jKlU,69,27.485,0.0,30.0,80.0,0.005,0.1,0.15,0.0,mad_only
YmpqEe8jKlU,70,27.78,0.0,30.0,80.0,0.005,0.1,0.15,0.0,mad_only
YmpqEe8jKlU,71,28.045,0.0,30.0,80.0,0.005,0.1,0.15,0.0,mad_only
YmpqEe8jKlU,72,28.34,0.0,30.0,80.0,0.005,0.1,0.15,0.0,mad_only
YmpqEe8jKlU,73,28.61,0.0,30.0,80.0,0.005,0.1,0.15,0.0,mad_only
YmpqEe8jKlU,74,28.905,0.0,30.0,80.0,0.005,0.1,0.15,0.0,mad_only
YmpqEe8jKlU,75,29.18,0.0,30.0,80.0,0.005,0.1,0.15,0.0,mad_only
YmpqEe8jKlU,76,29.475,0.0,30.0,80.0,0.005,0.1,0.15,0.0,mad_only
YmpqEe8jKlU,77,29.745,0.0,30.0,80.0,0.005,0.1,0.15,0.0,mad_only
YoD4qPd6ntA,0,1.01,0.0,30.0,80.0,0.005,0.1,0.15,0.0,mad_only
YoD4qPd6ntA,1,3.61,0.0,30.0,80.0,0.005,0.1,0.15,0.0,mad_only
YoD4qPd6ntA,2,4.605,0.0,30.0,80.0,0.005,0.1,0.15,0.0,mad_only
YoD4qPd6ntA,3,6.3500000000000005,0.0,30.0,80.0,0.005,0.1,0.15,0.0,mad_only
YoD4qPd6ntA,4,7.155,0.0,30.0,80.0,0.005,0.1,0.15,0.0,mad_only
YoD4qPd6ntA,5,8.120000000000001,0.0,30.0,80.0,0.005,0.1,0.15,0.0,mad_only
YoD4qPd6ntA,6,9.08,0.0,30.0,80.0,0.005,0.1,0.15,0.0,mad_only
YoD4qPd6ntA,7,10.005,0.0,30.0,80.0,0.005,0.1,0.15,0.0,mad_only
YoD4qPd6ntA,8,10.935,0.0,30.0,80.0,0.005,0.1,0.15,0.0,mad_only
YoD4qPd6ntA,9,13.455,0.0,30.0,80.0,0.005,0.1,0.15,0.0,mad_only
YoD4qPd6ntA,10,14.63,0.0,30.0,80.0,0.005,0.1,0.15,0.0,mad_only
YoD4qPd6ntA,11,16.79,0.0,30.0,80.0,0.005,0.1,0.15,0.0,mad_only
YoD4qPd6ntA,12,18.88,0.0,30.0,80.0,0.005,0.1,0.15,0.0,mad_only
YoD4qPd6ntA,13,20.41,0.0,30.0,80.0,0.005,0.1,0.15,0.0,mad_only
YoD4qPd6ntA,14,21.575,0.0,30.0,80.0,0.005,0.1,0.15,0.0,mad_only
YoD4qPd6ntA,15,22.975,0.0,30.0,80.0,0.005,0.1,0.15,0.0,mad_only
YoD4qPd6ntA,16,24.405,0.0,30.0,80.0,0.005,0.1,0.15,0.0,mad_only
YoD4qPd6ntA,17,25.335,0.0,30.0,80.0,0.005,0.1,0.15,0.0,mad_only
YoD4qPd6ntA,18,25.76,0.0,30.0,80.0,0.005,0.1,0.15,0.0,mad_only
YoD4qPd6ntA,19,27.185000000000002,0.0,30.0,80.0,0.005,0.1,0.15,0.0,mad_only
YoD4qPd6ntA,20,27.92,0.0,30.0,80.0,0.005,0.1,0.15,0.0,mad_only
YoD4qPd6ntA,21,28.595,0.0,30.0,80.0,0.005,0.1,0.15,0.0,mad_only
YoD4qPd6ntA,22,28.94,0.0,30.0,80.0,0.005,0.1,0.15,0.0,mad_only
YoD4qPd6ntA,23,29.310000000000002,0.0,30.0,80.0,0.005,0.1,0.15,0.0,mad_only
Yxj0QTk4gko,0,0.665,0.0,30.0,80.0,0.005,0.1,0.15,0.0,mad_only
Yxj0QTk4gko,1,1.585,0.0,30.0,80.0,0.005,0.1,0.15,0.0,mad_only
Yxj0QTk4gko,2,2.0100000000000002,0.0,30.0,80.0,0.005,0.1,0.15,0.0,mad_only
Yxj0QTk4gko,3,2.505,0.0,30.0,80.0,0.005,0.1,0.15,0.0,mad_only
Yxj0QTk4gko,4,3.06,0.0,30.0,80.0,0.005,0.1,0.15,0.0,mad_only
Yxj0QTk4gko,5,3.565,0.0,30.0,80.0,0.005,0.1,0.15,0.0,mad_only
Yxj0QTk4gko,6,4.105,0.0,30.0,80.0,0.005,0.1,0.15,0.0,mad_only
Yxj0QTk4gko,7,4.64,0.0,30.0,80.0,0.005,0.1,0.15,0.0,mad_only
Yxj0QTk4gko,8,5.165,0.0,30.0,80.0,0.005,0.1,0.15,0.0,mad_only
Yxj0QTk4gko,9,5.6850000000000005,0.0,30.0,80.0,0.005,0.1,0.15,0.0,mad_only
Yxj0QTk4gko,10,6.21,0.0,30.0,80.0,0.005,0.1,0.15,0.0,mad_only
Yxj0QTk4gko,11,6.75,0.0,30.0,80.0,0.005,0.1,0.15,0.0,mad_only
Yxj0QTk4gko,12,7.245,0.0,30.0,80.0,0.005,0.1,0.15,0.0,mad_only
Yxj0QTk4gko,13,7.79,0.0,30.0,80.0,0.005,0.1,0.15,0.0,mad_only
Yxj0QTk4gko,14,8.305,0.0,30.0,80.0,0.005,0.1,0.15,0.0,mad_only
Yxj0QTk4gko,15,8.855,0.0,30.0,80.0,0.005,0.1,0.15,0.0,mad_only
Yxj0QTk4gko,16,9.355,0.0,30.0,80.0,0.005,0.1,0.15,0.0,mad_only
Yxj0QTk4gko,17,9.905,0.0,30.0,80.0,0.005,0.1,0.15,0.0,mad_only
Yxj0QTk4gko,18,10.41,0.0,30.0,80.0,0.005,0.1,0.15,0.0,mad_only
Yxj0QTk4gko,19,10.97,0.0,30.0,80.0,0.005,0.1,0.15,0.0,mad_only
Yxj0QTk4gko,20,11.485,0.0,30.0,80.0,0.005,0.1,0.15,0.0,mad_only
Yxj0QTk4gko,21,11.99,0.0,30.0,80.0,0.005,0.1,0.15,0.0,mad_only
Yxj0QTk4gko,22,12.515,0.0,30.0,80.0,0.005,0.1,0.15,0.0,mad_only
Yxj0QTk4gko,23,13.045,0.0,30.0,80.0,0.005,0.1,0.15,0.0,mad_only
Yxj0QTk4gko,24,13.585,0.0,30.0,80.0,0.005,0.1,0.15,0.0,mad_only
Yxj0QTk4gko,25,14.11,0.0,30.0,80.0,0.005,0.1,0.15,0.0,mad_only
Yxj0QTk4gko,26,14.64,0.0,30.0,80.0,0.005,0.1,0.15,0.0,mad_only
Yxj0QTk4gko,27,15.165000000000001,0.0,30.0,80.0,0.005,0.1,0.15,0.0,mad_only
Yxj0QTk4gko,28,15.685,0.0,30.0,80.0,0.005,0.1,0.15,0.0,mad_only
Yxj0QTk4gko,29,16.22,0.0,30.0,80.0,0.005,0.1,0.15,0.0,mad_only
Yxj0QTk4gko,30,16.75,0.0,30.0,80.0,0.005,0.1,0.15,0.0,mad_only
Yxj0QTk4gko,31,17.26,0.0,30.0,80.0,0.005,0.1,0.15,0.0,mad_only
Yxj0QTk4gko,32,17.785,0.0,30.0,80.0,0.005,0.1,0.15,0.0,mad_only
Yxj0QTk4gko,33,18.3,0.0,30.0,80.0,0.005,0.1,0.15,0.0,mad_only
Yxj0QTk4gko,34,18.835,0.0,30.0,80.0,0.005,0.1,0.15,0.0,mad_only
Yxj0QTk4gko,35,19.365000000000002,0.0,30.0,80.0,0.005,0.1,0.15,0.0,mad_only
Yxj0QTk4gko,36,19.885,0.0,30.0,80.0,0.005,0.1,0.15,0.0,mad_only
Yxj0QTk4gko,37,20.425,0.0,30.0,80.0,0.005,0.1,0.15,0.0,mad_only
Yxj0QTk4gko,38,20.95,0.0,30.0,80.0,0.005,0.1,0.15,0.0,mad_only
Yxj0QTk4gko,39,21.48,0.0,30.0,80.0,0.005,0.1,0.15,0.0,mad_only
Yxj0QTk4gko,40,22.01,0.0,30.0,80.0,0.005,0.1,0.15,0.0,mad_only
Yxj0QTk4gko,41,22.535,0.0,30.0,80.0,0.005,0.1,0.15,0.0,mad_only
Yxj0QTk4gko,42,23.06,0.0,30.0,80.0,0.005,0.1,0.15,0.0,mad_only
Yxj0QTk4gko,43,23.580000000000002,0.0,30.0,80.0,0.005,0.1,0.15,0.0,mad_only
Yxj0QTk4gko,44,24.09,0.0,30.0,80.0,0.005,0.1,0.15,0.0,mad_only
Yxj0QTk4gko,45,24.63,0.0,30.0,80.0,0.005,0.1,0.15,0.0,mad_only
Yxj0QTk4gko,46,25.16,0.0,30.0,80.0,0.005,0.1,0.15,0.0,mad_only
Yxj0QTk4gko,47,25.68,0.0,30.0,80.0,0.005,0.1,0.15,0.0,mad_only
Yxj0QTk4gko,48,26.21,0.0,30.0,80.0,0.005,0.1,0.15,0.0,mad_only
Yxj0QTk4gko,49,26.725,0.0,30.0,80.0,0.005,0.1,0.15,0.0,mad_only
Yxj0QTk4gko,50,27.25,0.0,30.0,80.0,0.005,0.1,0.15,0.0,mad_only
Yxj0QTk4gko,51,27.785,0.0,30.0,80.0,0.005,0.1,0.15,0.0,mad_only
Yxj0QTk4gko,52,28.3,0.0,30.0,80.0,0.005,0.1,0.15,0.0,mad_only
Yxj0QTk4gko,53,28.84,0.0,30.0,80.0,0.005,0.1,0.15,0.0,mad_only
Yxj0QTk4gko,54,29.38,0.0,30.0,80.0,0.005,0.1,0.15,0.0,mad_only
Yxj0QTk4gko,55,29.89,0.0,30.0,80.0,0.005,0.1,0.15,0.0,mad_only
ZLgU_h1V6DA,0,0.9400000000000001,0.0,30.0,80.0,0.005,0.1,0.15,0.0,mad_only
ZLgU_h1V6DA,1,1.53,0.0,30.0,80.0,0.005,0.1,0.15,0.0,mad_only
ZLgU_h1V6DA,2,2.11,0.0,30.0,80.0,0.005,0.1,0.15,0.0,mad_only
ZLgU_h1V6DA,3,2.68,0.0,30.0,80.0,0.005,0.1,0.15,0.0,mad_only
ZLgU_h1V6DA,4,3.245,0.0,30.0,80.0,0.005,0.1,0.15,0.0,mad_only
ZLgU_h1V6DA,5,3.825,0.0,30.0,80.0,0.005,0.1,0.15,0.0,mad_only
ZLgU_h1V6DA,6,4.405,0.0,30.0,80.0,0.005,0.1,0.15,0.0,mad_only
ZLgU_h1V6DA,7,4.99,0.0,30.0,80.0,0.005,0.1,0.15,0.0,mad_only
ZLgU_h1V6DA,8,5.555,0.0,30.0,80.0,0.005,0.1,0.15,0.0,mad_only
ZLgU_h1V6DA,9,6.125,0.0,30.0,80.0,0.005,0.1,0.15,0.0,mad_only
ZLgU_h1V6DA,10,6.7,0.0,30.0,80.0,0.005,0.1,0.15,0.0,mad_only
ZLgU_h1V6DA,11,7.285,0.0,30.0,80.0,0.005,0.1,0.15,0.0,mad_only
ZLgU_h1V6DA,12,7.845,0.0,30.0,80.0,0.005,0.1,0.15,0.0,mad_only
ZLgU_h1V6DA,13,8.435,0.0,30.0,80.0,0.005,0.1,0.15,0.0,mad_only
ZLgU_h1V6DA,14,9.01,0.0,30.0,80.0,0.005,0.1,0.15,0.0,mad_only
ZLgU_h1V6DA,15,9.585,0.0,30.0,80.0,0.005,0.1,0.15,0.0,mad_only
ZLgU_h1V6DA,16,10.15,0.0,30.0,80.0,0.005,0.1,0.15,0.0,mad_only
ZLgU_h1V6DA,17,10.735,0.0,30.0,80.0,0.005,0.1,0.15,0.0,mad_only
ZLgU_h1V6DA,18,11.315,0.0,30.0,80.0,0.005,0.1,0.15,0.0,mad_only
ZLgU_h1V6DA,19,11.885,0.0,30.0,80.0,0.005,0.1,0.15,0.0,mad_only
ZLgU_h1V6DA,20,12.46,0.0,30.0,80.0,0.005,0.1,0.15,0.0,mad_only
ZLgU_h1V6DA,21,13.035,0.0,30.0,80.0,0.005,0.1,0.15,0.0,mad_only
ZLgU_h1V6DA,22,13.625,0.0,30.0,80.0,0.005,0.1,0.15,0.0,mad_only
ZLgU_h1V6DA,23,14.200000000000001,0.0,30.0,80.0,0.005,0.1,0.15,0.0,mad_only
ZLgU_h1V6DA,24,14.77,0.0,30.0,80.0,0.005,0.1,0.15,0.0,mad_only
ZLgU_h1V6DA,25,15.355,0.0,30.0,80.0,0.005,0.1,0.15,0.0,mad_only
ZLgU_h1V6DA,26,15.925,0.0,30.0,80.0,0.005,0.1,0.15,0.0,mad_only
ZLgU_h1V6DA,27,16.525,0.0,30.0,80.0,0.005,0.1,0.15,0.0,mad_only
ZLgU_h1V6DA,28,17.115000000000002,0.0,30.0,80.0,0.005,0.1,0.15,0.0,mad_only
ZLgU_h1V6DA,29,17.68,0.0,30.0,80.0,0.005,0.1,0.15,0.0,mad_only
ZLgU_h1V6DA,30,18.26,0.0,30.0,80.0,0.005,0.1,0.15,0.0,mad_only
ZLgU_h1V6DA,31,18.825,0.0,30.0,80.0,0.005,0.1,0.15,0.0,mad_only
ZLgU_h1V6DA,32,19.42,0.0,30.0,80.0,0.005,0.1,0.15,0.0,mad_only
ZLgU_h1V6DA,33,19.985,0.0,30.0,80.0,0.005,0.1,0.15,0.0,mad_only
ZLgU_h1V6DA,34,20.575,0.0,30.0,80.0,0.005,0.1,0.15,0.0,mad_only
ZLgU_h1V6DA,35,21.14,0.0,30.0,80.0,0.005,0.1,0.15,0.0,mad_only
ZLgU_h1V6DA,36,21.72,0.0,30.0,80.0,0.005,0.1,0.15,0.0,mad_only
ZLgU_h1V6DA,37,22.285,0.0,30.0,80.0,0.005,0.1,0.15,0.0,mad_only
ZLgU_h1V6DA,38,22.86,0.0,30.0,80.0,0.005,0.1,0.15,0.0,mad_only
ZLgU_h1V6DA,39,23.425,0.0,30.0,80.0,0.005,0.1,0.15,0.0,mad_only
ZLgU_h1V6DA,40,24.0,0.0,30.0,80.0,0.005,0.1,0.15,0.0,mad_only
ZLgU_h1V6DA,41,24.59,0.0,30.0,80.0,0.005,0.1,0.15,0.0,mad_only
ZLgU_h1V6DA,42,25.17,0.0,30.0,80.0,0.005,0.1,0.15,0.0,mad_only
ZLgU_h1V6DA,43,25.740000000000002,0.0,30.0,80.0,0.005,0.1,0.15,0.0,mad_only
ZLgU_h1V6DA,44,26.3,0.0,30.0,80.0,0.005,0.1,0.15,0.0,mad_only
ZLgU_h1V6DA,45,26.885,0.0,30.0,80.0,0.005,0.1,0.15,0.0,mad_only
ZLgU_h1V6DA,46,27.455000000000002,0.0,30.0,80.0,0.005,0.1,0.15,0.0,mad_only
ZLgU_h1V6DA,47,28.04,0.0,30.0,80.0,0.005,0.1,0.15,0.0,mad_only
ZLgU_h1V6DA,48,28.61,0.0,30.0,80.0,0.005,0.1,0.15,0.0,mad_only
ZLgU_h1V6DA,49,29.19,0.0,30.0,80.0,0.005,0.1,0.15,0.0,mad_only
ZLgU_h1V6DA,50,29.765,0.0,30.0,80.0,0.005,0.1,0.15,0.0,mad_only
ZYE7UJSA7k0,0,0.96,0.0,30.0,80.0,0.005,0.1,0.15,0.0,mad_only
ZYE7UJSA7k0,1,1.47,0.0,30.0,80.0,0.005,0.1,0.15,0.0,mad_only
ZYE7UJSA7k0,2,1.97,0.0,30.0,80.0,0.005,0.1,0.15,0.0,mad_only
ZYE7UJSA7k0,3,2.505,0.0,30.0,80.0,0.005,0.1,0.15,0.0,mad_only
ZYE7UJSA7k0,4,3.0300000000000002,0.0,30.0,80.0,0.005,0.1,0.15,0.0,mad_only
ZYE7UJSA7k0,5,3.555,0.0,30.0,80.0,0.005,0.1,0.15,0.0,mad_only
ZYE7UJSA7k0,6,4.065,0.0,30.0,80.0,0.005,0.1,0.15,0.0,mad_only
ZYE7UJSA7k0,7,4.585,0.0,30.0,80.0,0.005,0.1,0.15,0.0,mad_only
ZYE7UJSA7k0,8,5.095,0.0,30.0,80.0,0.005,0.1,0.15,0.0,mad_only
ZYE7UJSA7k0,9,5.61,0.0,30.0,80.0,0.005,0.1,0.15,0.0,mad_only
ZYE7UJSA7k0,10,6.125,0.0,30.0,80.0,0.005,0.1,0.15,0.0,mad_only
ZYE7UJSA7k0,11,6.6450000000000005,0.0,30.0,80.0,0.005,0.1,0.15,0.0,mad_only
ZYE7UJSA7k0,12,7.165,0.0,30.0,80.0,0.005,0.1,0.15,0.0,mad_only
ZYE7UJSA7k0,13,7.71,0.0,30.0,80.0,0.005,0.1,0.15,0.0,mad_only
ZYE7UJSA7k0,14,8.23,0.0,30.0,80.0,0.005,0.1,0.15,0.0,mad_only
ZYE7UJSA7k0,15,8.75,0.0,30.0,80.0,0.005,0.1,0.15,0.0,mad_only
ZYE7UJSA7k0,16,9.265,0.0,30.0,80.0,0.005,0.1,0.15,0.0,mad_only
ZYE7UJSA7k0,17,9.78,0.0,30.0,80.0,0.005,0.1,0.15,0.0,mad_only
ZYE7UJSA7k0,18,10.3,0.0,30.0,80.0,0.005,0.1,0.15,0.0,mad_only
ZYE7UJSA7k0,19,10.825000000000001,0.0,30.0,80.0,0.005,0.1,0.15,0.0,mad_only
ZYE7UJSA7k0,20,11.34,0.0,30.0,80.0,0.005,0.1,0.15,0.0,mad_only
ZYE7UJSA7k0,21,11.865,0.0,30.0,80.0,0.005,0.1,0.15,0.0,mad_only
ZYE7UJSA7k0,22,12.38,0.0,30.0,80.0,0.005,0.1,0.15,0.0,mad_only
ZYE7UJSA7k0,23,12.895,0.0,30.0,80.0,0.005,0.1,0.15,0.0,mad_only
ZYE7UJSA7k0,24,13.41,0.0,30.0,80.0,0.005,0.1,0.15,0.0,mad_only
ZYE7UJSA7k0,25,13.92,0.0,30.0,80.0,0.005,0.1,0.15,0.0,mad_only
ZYE7UJSA7k0,26,14.43,0.0,30.0,80.0,0.005,0.1,0.15,0.0,mad_only
ZYE7UJSA7k0,27,14.945,0.0,30.0,80.0,0.005,0.1,0.15,0.0,mad_only
ZYE7UJSA7k0,28,15.465,0.0,30.0,80.0,0.005,0.1,0.15,0.0,mad_only
ZYE7UJSA7k0,29,15.985000000000001,0.0,30.0,80.0,0.005,0.1,0.15,0.0,mad_only
ZYE7UJSA7k0,30,16.505,0.0,30.0,80.0,0.005,0.1,0.15,0.0,mad_only
ZYE7UJSA7k0,31,17.035,0.0,30.0,80.0,0.005,0.1,0.15,0.0,mad_only
ZYE7UJSA7k0,32,17.555,0.0,30.0,80.0,0.005,0.1,0.15,0.0,mad_only
ZYE7UJSA7k0,33,18.075,0.0,30.0,80.0,0.005,0.1,0.15,0.0,mad_only
ZYE7UJSA7k0,34,18.595,0.0,30.0,80.0,0.005,0.1,0.15,0.0,mad_only
ZYE7UJSA7k0,35,19.115000000000002,0.0,30.0,80.0,0.005,0.1,0.15,0.0,mad_only
ZYE7UJSA7k0,36,19.63,0.0,30.0,80.0,0.005,0.1,0.15,0.0,mad_only
ZYE7UJSA7k0,37,20.165,0.0,30.0,80.0,0.005,0.1,0.15,0.0,mad_only
ZYE7UJSA7k0,38,20.68,0.0,30.0,80.0,0.005,0.1,0.15,0.0,mad_only
ZYE7UJSA7k0,39,21.2,0.0,30.0,80.0,0.005,0.1,0.15,0.0,mad_only
ZYE7UJSA7k0,40,21.715,0.0,30.0,80.0,0.005,0.1,0.15,0.0,mad_only
ZYE7UJSA7k0,41,22.225,0.0,30.0,80.0,0.005,0.1,0.15,0.0,mad_only
ZYE7UJSA7k0,42,22.735,0.0,30.0,80.0,0.005,0.1,0.15,0.0,mad_only
ZYE7UJSA7k0,43,23.26,0.0,30.0,80.0,0.005,0.1,0.15,0.0,mad_only
ZYE7UJSA7k0,44,23.78,0.0,30.0,80.0,0.005,0.1,0.15,0.0,mad_only
ZYE7UJSA7k0,45,24.3,0.0,30.0,80.0,0.005,0.1,0.15,0.0,mad_only
ZYE7UJSA7k0,46,24.815,0.0,30.0,80.0,0.005,0.1,0.15,0.0,mad_only
ZYE7UJSA7k0,47,25.345,0.0,30.0,80.0,0.005,0.1,0.15,0.0,mad_only
ZYE7UJSA7k0,48,25.86,0.0,30.0,80.0,0.005,0.1,0.15,0.0,mad_only
ZYE7UJSA7k0,49,26.385,0.0,30.0,80.0,0.005,0.1,0.15,0.0,mad_only
ZYE7UJSA7k0,50,26.895,0.0,30.0,80.0,0.005,0.1,0.15,0.0,mad_only
ZYE7UJSA7k0,51,27.42,0.0,30.0,80.0,0.005,0.1,0.15,0.0,mad_only
ZYE7UJSA7k0,52,27.935000000000002,0.0,30.0,80.0,0.005,0.1,0.15,0.0,mad_only
ZYE7UJSA7k0,53,28.465,0.0,30.0,80.0,0.005,0.1,0.15,0.0,mad_only
ZYE7UJSA7k0,54,28.975,0.0,30.0,80.0,0.005,0.1,0.15,0.0,mad_only
ZYE7UJSA7k0,55,29.490000000000002,0.0,30.0,80.0,0.005,0.1,0.15,0.0,mad_only
Z_czLm560A4,0,0.62,0.0,30.0,80.0,0.005,0.1,0.15,0.0,mad_only
Z_czLm560A4,1,1.6600000000000001,0.0,30.0,80.0,0.005,0.1,0.15,0.0,mad_only
Z_czLm560A4,2,2.545,0.0,30.0,80.0,0.005,0.1,0.15,0.0,mad_only
Z_czLm560A4,3,3.42,0.0,30.0,80.0,0.005,0.1,0.15,0.0,mad_only
Z_czLm560A4,4,3.9,0.0,30.0,80.0,0.005,0.1,0.15,0.0,mad_only
Z_czLm560A4,5,4.365,0.0,30.0,80.0,0.005,0.1,0.15,0.0,mad_only
Z_czLm560A4,6,5.29,0.0,30.0,80.0,0.005,0.1,0.15,0.0,mad_only
Z_czLm560A4,7,6.155,0.0,30.0,80.0,0.005,0.1,0.15,0.0,mad_only
Z_czLm560A4,8,6.6450000000000005,0.0,30.0,80.0,0.005,0.1,0.15,0.0,mad_only
Z_czLm560A4,9,7.08,0.0,30.0,80.0,0.005,0.1,0.15,0.0,mad_only
Z_czLm560A4,10,7.545,0.0,30.0,80.0,0.005,0.1,0.15,0.0,mad_only
Z_czLm560A4,11,7.99,0.0,30.0,80.0,0.005,0.1,0.15,0.0,mad_only
Z_czLm560A4,12,8.88,0.0,30.0,80.0,0.005,0.1,0.15,0.0,mad_only
Z_czLm560A4,13,9.34,0.0,30.0,80.0,0.005,0.1,0.15,0.0,mad_only
Z_czLm560A4,14,9.775,0.0,30.0,80.0,0.005,0.1,0.15,0.0,mad_only
Z_czLm560A4,15,10.28,0.0,30.0,80.0,0.005,0.1,0.15,0.0,mad_only
Z_czLm560A4,16,10.745000000000001,0.0,30.0,80.0,0.005,0.1,0.15,0.0,mad_only
Z_czLm560A4,17,11.615,0.0,30.0,80.0,0.005,0.1,0.15,0.0,mad_only
Z_czLm560A4,18,12.06,0.0,30.0,80.0,0.005,0.1,0.15,0.0,mad_only
Z_czLm560A4,19,12.540000000000001,0.0,30.0,80.0,0.005,0.1,0.15,0.0,mad_only
Z_czLm560A4,20,12.96,0.0,30.0,80.0,0.005,0.1,0.15,0.0,mad_only
Z_czLm560A4,21,13.44,0.0,30.0,80.0,0.005,0.1,0.15,0.0,mad_only
Z_czLm560A4,22,13.895,0.0,30.0,80.0,0.005,0.1,0.15,0.0,mad_only
Z_czLm560A4,23,14.345,0.0,30.0,80.0,0.005,0.1,0.15,0.0,mad_only
Z_czLm560A4,24,14.83,0.0,30.0,80.0,0.005,0.1,0.15,0.0,mad_only
Z_czLm560A4,25,15.27,0.0,30.0,80.0,0.005,0.1,0.15,0.0,mad_only
Z_czLm560A4,26,15.725,0.0,30.0,80.0,0.005,0.1,0.15,0.0,mad_only
Z_czLm560A4,27,16.18,0.0,30.0,80.0,0.005,0.1,0.15,0.0,mad_only
Z_czLm560A4,28,16.62,0.0,30.0,80.0,0.005,0.1,0.15,0.0,mad_only
Z_czLm560A4,29,17.075,0.0,30.0,80.0,0.005,0.1,0.15,0.0,mad_only
Z_czLm560A4,30,17.555,0.0,30.0,80.0,0.005,0.1,0.15,0.0,mad_only
Z_czLm560A4,31,17.995,0.0,30.0,80.0,0.005,0.1,0.15,0.0,mad_only
Z_czLm560A4,32,18.44,0.0,30.0,80.0,0.005,0.1,0.15,0.0,mad_only
Z_czLm560A4,33,18.875,0.0,30.0,80.0,0.005,0.1,0.15,0.0,mad_only
Z_czLm560A4,34,19.315,0.0,30.0,80.0,0.005,0.1,0.15,0.0,mad_only
Z_czLm560A4,35,19.805,0.0,30.0,80.0,0.005,0.1,0.15,0.0,mad_only
Z_czLm560A4,36,20.71,0.0,30.0,80.0,0.005,0.1,0.15,0.0,mad_only
Z_czLm560A4,37,21.185,0.0,30.0,80.0,0.005,0.1,0.15,0.0,mad_only
Z_czLm560A4,38,21.64,0.0,30.0,80.0,0.005,0.1,0.15,0.0,mad_only
Z_czLm560A4,39,22.575,0.0,30.0,80.0,0.005,0.1,0.15,0.0,mad_only
Z_czLm560A4,40,23.45,0.0,30.0,80.0,0.005,0.1,0.15,0.0,mad_only
Z_czLm560A4,41,23.925,0.0,30.0,80.0,0.005,0.1,0.15,0.0,mad_only
Z_czLm560A4,42,24.345,0.0,30.0,80.0,0.005,0.1,0.15,0.0,mad_only
Z_czLm560A4,43,24.77,0.0,30.0,80.0,0.005,0.1,0.15,0.0,mad_only
Z_czLm560A4,44,25.255,0.0,30.0,80.0,0.005,0.1,0.15,0.0,mad_only
Z_czLm560A4,45,25.735,0.0,30.0,80.0,0.005,0.1,0.15,0.0,mad_only
Z_czLm560A4,46,26.18,0.0,30.0,80.0,0.005,0.1,0.15,0.0,mad_only
Z_czLm560A4,47,26.64,0.0,30.0,80.0,0.005,0.1,0.15,0.0,mad_only
Z_czLm560A4,48,27.095,0.0,30.0,80.0,0.005,0.1,0.15,0.0,mad_only
Z_czLm560A4,49,27.55,0.0,30.0,80.0,0.005,0.1,0.15,0.0,mad_only
Z_czLm560A4,50,27.975,0.0,30.0,80.0,0.005,0.1,0.15,0.0,mad_only
Z_czLm560A4,51,28.905,0.0,30.0,80.0,0.005,0.1,0.15,0.0,mad_only
Z_czLm560A4,52,29.345,0.0,30.0,80.0,0.005,0.1,0.15,0.0,mad_only
Z_czLm560A4,53,29.77,0.0,30.0,80.0,0.005,0.1,0.15,0.0,mad_only
Zd_VDxlEZP8,0,1.42,0.0,30.0,80.0,0.005,0.1,0.15,0.0,mad_only
Zd_VDxlEZP8,1,1.96,0.0,30.0,80.0,0.005,0.1,0.15,0.0,mad_only
Zd_VDxlEZP8,2,2.49,0.0,30.0,80.0,0.005,0.1,0.15,0.0,mad_only
Zd_VDxlEZP8,3,3.0300000000000002,0.0,30.0,80.0,0.005,0.1,0.15,0.0,mad_only
Zd_VDxlEZP8,4,3.5700000000000003,0.0,30.0,80.0,0.005,0.1,0.15,0.0,mad_only
Zd_VDxlEZP8,5,4.115,0.0,30.0,80.0,0.005,0.1,0.15,0.0,mad_only
Zd_VDxlEZP8,6,4.65,0.0,30.0,80.0,0.005,0.1,0.15,0.0,mad_only
Zd_VDxlEZP8,7,5.19,0.0,30.0,80.0,0.005,0.1,0.15,0.0,mad_only
Zd_VDxlEZP8,8,5.735,0.0,30.0,80.0,0.005,0.1,0.15,0.0,mad_only
Zd_VDxlEZP8,9,6.275,0.0,30.0,80.0,0.005,0.1,0.15,0.0,mad_only
Zd_VDxlEZP8,10,6.8100000000000005,0.0,30.0,80.0,0.005,0.1,0.15,0.0,mad_only
Zd_VDxlEZP8,11,7.345,0.0,30.0,80.0,0.005,0.1,0.15,0.0,mad_only
Zd_VDxlEZP8,12,7.875,0.0,30.0,80.0,0.005,0.1,0.15,0.0,mad_only
Zd_VDxlEZP8,13,8.42,0.0,30.0,80.0,0.005,0.1,0.15,0.0,mad_only
Zd_VDxlEZP8,14,8.97,0.0,30.0,80.0,0.005,0.1,0.15,0.0,mad_only
Zd_VDxlEZP8,15,9.5,0.0,30.0,80.0,0.005,0.1,0.15,0.0,mad_only
Zd_VDxlEZP8,16,10.035,0.0,30.0,80.0,0.005,0.1,0.15,0.0,mad_only
Zd_VDxlEZP8,17,10.58,0.0,30.0,80.0,0.005,0.1,0.15,0.0,mad_only
Zd_VDxlEZP8,18,11.13,0.0,30.0,80.0,0.005,0.1,0.15,0.0,mad_only
Zd_VDxlEZP8,19,11.66,0.0,30.0,80.0,0.005,0.1,0.15,0.0,mad_only
Zd_VDxlEZP8,20,12.215,0.0,30.0,80.0,0.005,0.1,0.15,0.0,mad_only
Zd_VDxlEZP8,21,12.755,0.0,30.0,80.0,0.005,0.1,0.15,0.0,mad_only
Zd_VDxlEZP8,22,13.305,0.0,30.0,80.0,0.005,0.1,0.15,0.0,mad_only
Zd_VDxlEZP8,23,13.835,0.0,30.0,80.0,0.005,0.1,0.15,0.0,mad_only
Zd_VDxlEZP8,24,14.385,0.0,30.0,80.0,0.005,0.1,0.15,0.0,mad_only
Zd_VDxlEZP8,25,14.915000000000001,0.0,30.0,80.0,0.005,0.1,0.15,0.0,mad_only
Zd_VDxlEZP8,26,15.465,0.0,30.0,80.0,0.005,0.1,0.15,0.0,mad_only
Zd_VDxlEZP8,27,16.0,0.0,30.0,80.0,0.005,0.1,0.15,0.0,mad_only
Zd_VDxlEZP8,28,16.545,0.0,30.0,80.0,0.005,0.1,0.15,0.0,mad_only
Zd_VDxlEZP8,29,17.080000000000002,0.0,30.0,80.0,0.005,0.1,0.15,0.0,mad_only
Zd_VDxlEZP8,30,17.62,0.0,30.0,80.0,0.005,0.1,0.15,0.0,mad_only
Zd_VDxlEZP8,31,18.165,0.0,30.0,80.0,0.005,0.1,0.15,0.0,mad_only
Zd_VDxlEZP8,32,18.705000000000002,0.0,30.0,80.0,0.005,0.1,0.15,0.0,mad_only
Zd_VDxlEZP8,33,19.245,0.0,30.0,80.0,0.005,0.1,0.15,0.0,mad_only
Zd_VDxlEZP8,34,19.795,0.0,30.0,80.0,0.005,0.1,0.15,0.0,mad_only
Zd_VDxlEZP8,35,20.325,0.0,30.0,80.0,0.005,0.1,0.15,0.0,mad_only
Zd_VDxlEZP8,36,20.87,0.0,30.0,80.0,0.005,0.1,0.15,0.0,mad_only
Zd_VDxlEZP8,37,21.415,0.0,30.0,80.0,0.005,0.1,0.15,0.0,mad_only
Zd_VDxlEZP8,38,21.945,0.0,30.0,80.0,0.005,0.1,0.15,0.0,mad_only
Zd_VDxlEZP8,39,22.485,0.0,30.0,80.0,0.005,0.1,0.15,0.0,mad_only
Zd_VDxlEZP8,40,23.03,0.0,30.0,80.0,0.005,0.1,0.15,0.0,mad_only
Zd_VDxlEZP8,41,23.56,0.0,30.0,80.0,0.005,0.1,0.15,0.0,mad_only
Zd_VDxlEZP8,42,24.105,0.0,30.0,80.0,0.005,0.1,0.15,0.0,mad_only
Zd_VDxlEZP8,43,24.625,0.0,30.0,80.0,0.005,0.1,0.15,0.0,mad_only
Zd_VDxlEZP8,44,25.185000000000002,0.0,30.0,80.0,0.005,0.1,0.15,0.0,mad_only
Zd_VDxlEZP8,45,25.715,0.0,30.0,80.0,0.005,0.1,0.15,0.0,mad_only
Zd_VDxlEZP8,46,26.25,0.0,30.0,80.0,0.005,0.1,0.15,0.0,mad_only
Zd_VDxlEZP8,47,26.795,0.0,30.0,80.0,0.005,0.1,0.15,0.0,mad_only
Zd_VDxlEZP8,48,27.335,0.0,30.0,80.0,0.005,0.1,0.15,0.0,mad_only
Zd_VDxlEZP8,49,27.88,0.0,30.0,80.0,0.005,0.1,0.15,0.0,mad_only
Zd_VDxlEZP8,50,28.43,0.0,30.0,80.0,0.005,0.1,0.15,0.0,mad_only
Zd_VDxlEZP8,51,28.965,0.0,30.0,80.0,0.005,0.1,0.15,0.0,mad_only
Zd_VDxlEZP8,52,29.51,0.0,30.0,80.0,0.005,0.1,0.15,0.0,mad_only
Zk8KnhrJpp8,0,1.4000000000000001,0.0,30.0,80.0,0.005,0.1,0.15,0.0,mad_only
Zk8KnhrJpp8,1,1.795,0.0,30.0,80.0,0.005,0.1,0.15,0.0,mad_only
Zk8KnhrJpp8,2,2.215,0.0,30.0,80.0,0.005,0.1,0.15,0.0,mad_only
Zk8KnhrJpp8,3,2.6350000000000002,0.0,30.0,80.0,0.005,0.1,0.15,0.0,mad_only
Zk8KnhrJpp8,4,3.02,0.0,30.0,80.0,0.005,0.1,0.15,0.0,mad_only
Zk8KnhrJpp8,5,3.4450000000000003,0.0,30.0,80.0,0.005,0.1,0.15,0.0,mad_only
Zk8KnhrJpp8,6,3.855,0.0,30.0,80.0,0.005,0.1,0.15,0.0,mad_only
Zk8KnhrJpp8,7,4.6850000000000005,0.0,30.0,80.0,0.005,0.1,0.15,0.0,mad_only
Zk8KnhrJpp8,8,5.09,0.0,30.0,80.0,0.005,0.1,0.15,0.0,mad_only
Zk8KnhrJpp8,9,5.495,0.0,30.0,80.0,0.005,0.1,0.15,0.0,mad_only
Zk8KnhrJpp8,10,5.91,0.0,30.0,80.0,0.005,0.1,0.15,0.0,mad_only
Zk8KnhrJpp8,11,6.33,0.0,30.0,80.0,0.005,0.1,0.15,0.0,mad_only
Zk8KnhrJpp8,12,6.7250000000000005,0.0,30.0,80.0,0.005,0.1,0.15,0.0,mad_only
Zk8KnhrJpp8,13,7.135,0.0,30.0,80.0,0.005,0.1,0.15,0.0,mad_only
Zk8KnhrJpp8,14,7.955,0.0,30.0,80.0,0.005,0.1,0.15,0.0,mad_only
Zk8KnhrJpp8,15,8.775,0.0,30.0,80.0,0.005,0.1,0.15,0.0,mad_only
Zk8KnhrJpp8,16,9.175,0.0,30.0,80.0,0.005,0.1,0.15,0.0,mad_only
Zk8KnhrJpp8,17,9.585,0.0,30.0,80.0,0.005,0.1,0.15,0.0,mad_only
Zk8KnhrJpp8,18,10.035,0.0,30.0,80.0,0.005,0.1,0.15,0.0,mad_only
Zk8KnhrJpp8,19,10.44,0.0,30.0,80.0,0.005,0.1,0.15,0.0,mad_only
Zk8KnhrJpp8,20,11.27,0.0,30.0,80.0,0.005,0.1,0.15,0.0,mad_only
Zk8KnhrJpp8,21,12.085,0.0,30.0,80.0,0.005,0.1,0.15,0.0,mad_only
Zk8KnhrJpp8,22,12.5,0.0,30.0,80.0,0.005,0.1,0.15,0.0,mad_only
Zk8KnhrJpp8,23,12.895,0.0,30.0,80.0,0.005,0.1,0.15,0.0,mad_only
Zk8KnhrJpp8,24,13.31,0.0,30.0,80.0,0.005,0.1,0.15,0.0,mad_only
Zk8KnhrJpp8,25,13.725,0.0,30.0,80.0,0.005,0.1,0.15,0.0,mad_only
Zk8KnhrJpp8,26,14.540000000000001,0.0,30.0,80.0,0.005,0.1,0.15,0.0,mad_only
Zk8KnhrJpp8,27,14.965,0.0,30.0,80.0,0.005,0.1,0.15,0.0,mad_only
Zk8KnhrJpp8,28,15.36,0.0,30.0,80.0,0.005,0.1,0.15,0.0,mad_only
Zk8KnhrJpp8,29,16.18,0.0,30.0,80.0,0.005,0.1,0.15,0.0,mad_only
Zk8KnhrJpp8,30,16.605,0.0,30.0,80.0,0.005,0.1,0.15,0.0,mad_only
Zk8KnhrJpp8,31,17.005,0.0,30.0,80.0,0.005,0.1,0.15,0.0,mad_only
Zk8KnhrJpp8,32,17.815,0.0,30.0,80.0,0.005,0.1,0.15,0.0,mad_only
Zk8KnhrJpp8,33,18.255,0.0,30.0,80.0,0.005,0.1,0.15,0.0,mad_only
Zk8KnhrJpp8,34,18.635,0.0,30.0,80.0,0.005,0.1,0.15,0.0,mad_only
Zk8KnhrJpp8,35,19.055,0.0,30.0,80.0,0.005,0.1,0.15,0.0,mad_only
Zk8KnhrJpp8,36,19.46,0.0,30.0,80.0,0.005,0.1,0.15,0.0,mad_only
Zk8KnhrJpp8,37,19.89,0.0,30.0,80.0,0.005,0.1,0.15,0.0,mad_only
Zk8KnhrJpp8,38,20.295,0.0,30.0,80.0,0.005,0.1,0.15,0.0,mad_only
Zk8KnhrJpp8,39,21.12,0.0,30.0,80.0,0.005,0.1,0.15,0.0,mad_only
Zk8KnhrJpp8,40,21.935,0.0,30.0,80.0,0.005,0.1,0.15,0.0,mad_only
Zk8KnhrJpp8,41,22.345,0.0,30.0,80.0,0.005,0.1,0.15,0.0,mad_only
Zk8KnhrJpp8,42,22.755,0.0,30.0,80.0,0.005,0.1,0.15,0.0,mad_only
Zk8KnhrJpp8,43,23.165,0.0,30.0,80.0,0.005,0.1,0.15,0.0,mad_only
Zk8KnhrJpp8,44,23.59,0.0,30.0,80.0,0.005,0.1,0.15,0.0,mad_only
Zk8KnhrJpp8,45,24.415,0.0,30.0,80.0,0.005,0.1,0.15,0.0,mad_only
Zk8KnhrJpp8,46,24.825,0.0,30.0,80.0,0.005,0.1,0.15,0.0,mad_only
Zk8KnhrJpp8,47,25.22,0.0,30.0,80.0,0.005,0.1,0.15,0.0,mad_only
Zk8KnhrJpp8,48,25.63,0.0,30.0,80.0,0.005,0.1,0.15,0.0,mad_only
Zk8KnhrJpp8,49,26.045,0.0,30.0,80.0,0.005,0.1,0.15,0.0,mad_only
Zk8KnhrJpp8,50,26.47,0.0,30.0,80.0,0.005,0.1,0.15,0.0,mad_only
Zk8KnhrJpp8,51,26.875,0.0,30.0,80.0,0.005,0.1,0.15,0.0,mad_only
Zk8KnhrJpp8,52,27.69,0.0,30.0,80.0,0.005,0.1,0.15,0.0,mad_only
Zk8KnhrJpp8,53,28.125,0.0,30.0,80.0,0.005,0.1,0.15,0.0,mad_only
Zk8KnhrJpp8,54,28.505,0.0,30.0,80.0,0.005,0.1,0.15,0.0,mad_only
Zk8KnhrJpp8,55,29.32,0.0,30.0,80.0,0.005,0.1,0.15,0.0,mad_only
Zk8KnhrJpp8,56,29.73,0.0,30.0,80.0,0.005,0.1,0.15,0.0,mad_only
ZllgNaVpYz8,0,0.78,0.0,30.0,80.0,0.005,0.1,0.15,0.0,mad_only
ZllgNaVpYz8,1,1.25,0.0,30.0,80.0,0.005,0.1,0.15,0.0,mad_only
ZllgNaVpYz8,2,1.795,0.0,30.0,80.0,0.005,0.1,0.15,0.0,mad_only
ZllgNaVpYz8,3,2.355,0.0,30.0,80.0,0.005,0.1,0.15,0.0,mad_only
ZllgNaVpYz8,4,2.94,0.0,30.0,80.0,0.005,0.1,0.15,0.0,mad_only
ZllgNaVpYz8,5,3.52,0.0,30.0,80.0,0.005,0.1,0.15,0.0,mad_only
ZllgNaVpYz8,6,4.09,0.0,30.0,80.0,0.005,0.1,0.15,0.0,mad_only
ZllgNaVpYz8,7,4.67,0.0,30.0,80.0,0.005,0.1,0.15,0.0,mad_only
ZllgNaVpYz8,8,5.255,0.0,30.0,80.0,0.005,0.1,0.15,0.0,mad_only
ZllgNaVpYz8,9,5.825,0.0,30.0,80.0,0.005,0.1,0.15,0.0,mad_only
ZllgNaVpYz8,10,6.405,0.0,30.0,80.0,0.005,0.1,0.15,0.0,mad_only
ZllgNaVpYz8,11,6.98,0.0,30.0,80.0,0.005,0.1,0.15,0.0,mad_only
ZllgNaVpYz8,12,7.565,0.0,30.0,80.0,0.005,0.1,0.15,0.0,mad_only
ZllgNaVpYz8,13,8.15,0.0,30.0,80.0,0.005,0.1,0.15,0.0,mad_only
ZllgNaVpYz8,14,8.73,0.0,30.0,80.0,0.005,0.1,0.15,0.0,mad_only
ZllgNaVpYz8,15,9.290000000000001,0.0,30.0,80.0,0.005,0.1,0.15,0.0,mad_only
ZllgNaVpYz8,16,9.86,0.0,30.0,80.0,0.005,0.1,0.15,0.0,mad_only
ZllgNaVpYz8,17,10.43,0.0,30.0,80.0,0.005,0.1,0.15,0.0,mad_only
ZllgNaVpYz8,18,11.015,0.0,30.0,80.0,0.005,0.1,0.15,0.0,mad_only
ZllgNaVpYz8,19,11.59,0.0,30.0,80.0,0.005,0.1,0.15,0.0,mad_only
ZllgNaVpYz8,20,12.17,0.0,30.0,80.0,0.005,0.1,0.15,0.0,mad_only
ZllgNaVpYz8,21,12.745000000000001,0.0,30.0,80.0,0.005,0.1,0.15,0.0,mad_only
ZllgNaVpYz8,22,13.325000000000001,0.0,30.0,80.0,0.005,0.1,0.15,0.0,mad_only
ZllgNaVpYz8,23,13.9,0.0,30.0,80.0,0.005,0.1,0.15,0.0,mad_only
ZllgNaVpYz8,24,14.47,0.0,30.0,80.0,0.005,0.1,0.15,0.0,mad_only
ZllgNaVpYz8,25,15.065,0.0,30.0,80.0,0.005,0.1,0.15,0.0,mad_only
ZllgNaVpYz8,26,15.66,0.0,30.0,80.0,0.005,0.1,0.15,0.0,mad_only
ZllgNaVpYz8,27,16.245,0.0,30.0,80.0,0.005,0.1,0.15,0.0,mad_only
ZllgNaVpYz8,28,16.84,0.0,30.0,80.0,0.005,0.1,0.15,0.0,mad_only
ZllgNaVpYz8,29,17.445,0.0,30.0,80.0,0.005,0.1,0.15,0.0,mad_only
ZllgNaVpYz8,30,18.025000000000002,0.0,30.0,80.0,0.005,0.1,0.15,0.0,mad_only
ZllgNaVpYz8,31,18.6,0.0,30.0,80.0,0.005,0.1,0.15,0.0,mad_only
ZllgNaVpYz8,32,19.155,0.0,30.0,80.0,0.005,0.1,0.15,0.0,mad_only
ZllgNaVpYz8,33,19.665,0.0,30.0,80.0,0.005,0.1,0.15,0.0,mad_only
ZllgNaVpYz8,34,20.215,0.0,30.0,80.0,0.005,0.1,0.15,0.0,mad_only
ZllgNaVpYz8,35,20.77,0.0,30.0,80.0,0.005,0.1,0.15,0.0,mad_only
ZllgNaVpYz8,36,21.335,0.0,30.0,80.0,0.005,0.1,0.15,0.0,mad_only
ZllgNaVpYz8,37,21.905,0.0,30.0,80.0,0.005,0.1,0.15,0.0,mad_only
ZllgNaVpYz8,38,22.465,0.0,30.0,80.0,0.005,0.1,0.15,0.0,mad_only
ZllgNaVpYz8,39,23.035,0.0,30.0,80.0,0.005,0.1,0.15,0.0,mad_only
ZllgNaVpYz8,40,23.6,0.0,30.0,80.0,0.005,0.1,0.15,0.0,mad_only
ZllgNaVpYz8,41,24.165,0.0,30.0,80.0,0.005,0.1,0.15,0.0,mad_only
ZllgNaVpYz8,42,24.740000000000002,0.0,30.0,80.0,0.005,0.1,0.15,0.0,mad_only
ZllgNaVpYz8,43,25.305,0.0,30.0,80.0,0.005,0.1,0.15,0.0,mad_only
ZllgNaVpYz8,44,25.875,0.0,30.0,80.0,0.005,0.1,0.15,0.0,mad_only
ZllgNaVpYz8,45,26.435000000000002,0.0,30.0,80.0,0.005,0.1,0.15,0.0,mad_only
ZllgNaVpYz8,46,27.005,0.0,30.0,80.0,0.005,0.1,0.15,0.0,mad_only
ZllgNaVpYz8,47,27.59,0.0,30.0,80.0,0.005,0.1,0.15,0.0,mad_only
ZllgNaVpYz8,48,28.135,0.0,30.0,80.0,0.005,0.1,0.15,0.0,mad_only
ZllgNaVpYz8,49,28.69,0.0,30.0,80.0,0.005,0.1,0.15,0.0,mad_only
ZllgNaVpYz8,50,29.240000000000002,0.0,30.0,80.0,0.005,0.1,0.15,0.0,mad_only
ZllgNaVpYz8,51,29.77,0.0,30.0,80.0,0.005,0.1,0.15,0.0,mad_only
_BcRXT8DUu0,0,3.365,0.0,30.0,80.0,0.005,0.1,0.15,0.0,mad_only
_BcRXT8DUu0,1,3.825,0.0,30.0,80.0,0.005,0.1,0.15,0.0,mad_only
_BcRXT8DUu0,2,4.245,0.0,30.0,80.0,0.005,0.1,0.15,0.0,mad_only
_BcRXT8DUu0,3,4.66,0.0,30.0,80.0,0.005,0.1,0.15,0.0,mad_only
_BcRXT8DUu0,4,5.085,0.0,30.0,80.0,0.005,0.1,0.15,0.0,mad_only
_BcRXT8DUu0,5,5.515,0.0,30.0,80.0,0.005,0.1,0.15,0.0,mad_only
_BcRXT8DUu0,6,5.945,0.0,30.0,80.0,0.005,0.1,0.15,0.0,mad_only
_BcRXT8DUu0,7,6.375,0.0,30.0,80.0,0.005,0.1,0.15,0.0,mad_only
_BcRXT8DUu0,8,6.785,0.0,30.0,80.0,0.005,0.1,0.15,0.0,mad_only
_BcRXT8DUu0,9,7.2,0.0,30.0,80.0,0.005,0.1,0.15,0.0,mad_only
_BcRXT8DUu0,10,7.63,0.0,30.0,80.0,0.005,0.1,0.15,0.0,mad_only
_BcRXT8DUu0,11,8.045,0.0,30.0,80.0,0.005,0.1,0.15,0.0,mad_only
_BcRXT8DUu0,12,8.495000000000001,0.0,30.0,80.0,0.005,0.1,0.15,0.0,mad_only
_BcRXT8DUu0,13,8.93,0.0,30.0,80.0,0.005,0.1,0.15,0.0,mad_only
_BcRXT8DUu0,14,9.35,0.0,30.0,80.0,0.005,0.1,0.15,0.0,mad_only
_BcRXT8DUu0,15,9.785,0.0,30.0,80.0,0.005,0.1,0.15,0.0,mad_only
_BcRXT8DUu0,16,10.185,0.0,30.0,80.0,0.005,0.1,0.15,0.0,mad_only
_BcRXT8DUu0,17,10.620000000000001,0.0,30.0,80.0,0.005,0.1,0.15,0.0,mad_only
_BcRXT8DUu0,18,11.045,0.0,30.0,80.0,0.005,0.1,0.15,0.0,mad_only
_BcRXT8DUu0,19,11.47,0.0,30.0,80.0,0.005,0.1,0.15,0.0,mad_only
_BcRXT8DUu0,20,11.9,0.0,30.0,80.0,0.005,0.1,0.15,0.0,mad_only
_BcRXT8DUu0,21,12.345,0.0,30.0,80.0,0.005,0.1,0.15,0.0,mad_only
_BcRXT8DUu0,22,12.780000000000001,0.0,30.0,80.0,0.005,0.1,0.15,0.0,mad_only
_BcRXT8DUu0,23,13.19,0.0,30.0,80.0,0.005,0.1,0.15,0.0,mad_only
_BcRXT8DUu0,24,13.63,0.0,30.0,80.0,0.005,0.1,0.15,0.0,mad_only
_BcRXT8DUu0,25,14.040000000000001,0.0,30.0,80.0,0.005,0.1,0.15,0.0,mad_only
_BcRXT8DUu0,26,14.485,0.0,30.0,80.0,0.005,0.1,0.15,0.0,mad_only
_BcRXT8DUu0,27,14.895,0.0,30.0,80.0,0.005,0.1,0.15,0.0,mad_only
_BcRXT8DUu0,28,15.34,0.0,30.0,80.0,0.005,0.1,0.15,0.0,mad_only
_BcRXT8DUu0,29,15.765,0.0,30.0,80.0,0.005,0.1,0.15,0.0,mad_only
_BcRXT8DUu0,30,16.23,0.0,30.0,80.0,0.005,0.1,0.15,0.0,mad_only
_BcRXT8DUu0,31,16.66,0.0,30.0,80.0,0.005,0.1,0.15,0.0,mad_only
_BcRXT8DUu0,32,17.07,0.0,30.0,80.0,0.005,0.1,0.15,0.0,mad_only
_BcRXT8DUu0,33,17.495,0.0,30.0,80.0,0.005,0.1,0.15,0.0,mad_only
_BcRXT8DUu0,34,17.93,0.0,30.0,80.0,0.005,0.1,0.15,0.0,mad_only
_BcRXT8DUu0,35,18.355,0.0,30.0,80.0,0.005,0.1,0.15,0.0,mad_only
_BcRXT8DUu0,36,18.775000000000002,0.0,30.0,80.0,0.005,0.1,0.15,0.0,mad_only
_BcRXT8DUu0,37,19.205000000000002,0.0,30.0,80.0,0.005,0.1,0.15,0.0,mad_only
_BcRXT8DUu0,38,19.625,0.0,30.0,80.0,0.005,0.1,0.15,0.0,mad_only
_BcRXT8DUu0,39,20.055,0.0,30.0,80.0,0.005,0.1,0.15,0.0,mad_only
_BcRXT8DUu0,40,20.455000000000002,0.0,30.0,80.0,0.005,0.1,0.15,0.0,mad_only
_BcRXT8DUu0,41,20.87,0.0,30.0,80.0,0.005,0.1,0.15,0.0,mad_only
_BcRXT8DUu0,42,21.31,0.0,30.0,80.0,0.005,0.1,0.15,0.0,mad_only
_BcRXT8DUu0,43,21.735,0.0,30.0,80.0,0.005,0.1,0.15,0.0,mad_only
_BcRXT8DUu0,44,22.185,0.0,30.0,80.0,0.005,0.1,0.15,0.0,mad_only
_BcRXT8DUu0,45,22.61,0.0,30.0,80.0,0.005,0.1,0.15,0.0,mad_only
_BcRXT8DUu0,46,23.04,0.0,30.0,80.0,0.005,0.1,0.15,0.0,mad_only
_BcRXT8DUu0,47,23.475,0.0,30.0,80.0,0.005,0.1,0.15,0.0,mad_only
_BcRXT8DUu0,48,23.89,0.0,30.0,80.0,0.005,0.1,0.15,0.0,mad_only
_BcRXT8DUu0,49,24.330000000000002,0.0,30.0,80.0,0.005,0.1,0.15,0.0,mad_only
_BcRXT8DUu0,50,24.78,0.0,30.0,80.0,0.005,0.1,0.15,0.0,mad_only
_BcRXT8DUu0,51,25.205000000000002,0.0,30.0,80.0,0.005,0.1,0.15,0.0,mad_only
_BcRXT8DUu0,52,25.625,0.0,30.0,80.0,0.005,0.1,0.15,0.0,mad_only
_BcRXT8DUu0,53,26.080000000000002,0.0,30.0,80.0,0.005,0.1,0.15,0.0,mad_only
_BcRXT8DUu0,54,26.490000000000002,0.0,30.0,80.0,0.005,0.1,0.15,0.0,mad_only
_BcRXT8DUu0,55,26.91,0.0,30.0,80.0,0.005,0.1,0.15,0.0,mad_only
_BcRXT8DUu0,56,27.330000000000002,0.0,30.0,80.0,0.005,0.1,0.15,0.0,mad_only
_BcRXT8DUu0,57,27.735,0.0,30.0,80.0,0.005,0.1,0.15,0.0,mad_only
_BcRXT8DUu0,58,28.165,0.0,30.0,80.0,0.005,0.1,0.15,0.0,mad_only
_BcRXT8DUu0,59,28.6,0.0,30.0,80.0,0.005,0.1,0.15,0.0,mad_only
_BcRXT8DUu0,60,29.04,0.0,30.0,80.0,0.005,0.1,0.15,0.0,mad_only
_BcRXT8DUu0,61,29.48,0.0,30.0,80.0,0.005,0.1,0.15,0.0,mad_only
_BcRXT8DUu0,62,29.88,0.0,30.0,80.0,0.005,0.1,0.15,0.0,mad_only
_rOVBXw47mk,0,0.89,0.0,30.0,80.0,0.005,0.1,0.15,0.0,mad_only
_rOVBXw47mk,1,1.245,0.0,30.0,80.0,0.005,0.1,0.15,0.0,mad_only
_rOVBXw47mk,2,1.6400000000000001,0.0,30.0,80.0,0.005,0.1,0.15,0.0,mad_only
_rOVBXw47mk,3,2.045,0.0,30.0,80.0,0.005,0.1,0.15,0.0,mad_only
_rOVBXw47mk,4,2.455,0.0,30.0,80.0,0.005,0.1,0.15,0.0,mad_only
_rOVBXw47mk,5,2.83,0.0,30.0,80.0,0.005,0.1,0.15,0.0,mad_only
_rOVBXw47mk,6,3.245,0.0,30.0,80.0,0.005,0.1,0.15,0.0,mad_only
_rOVBXw47mk,7,3.625,0.0,30.0,80.0,0.005,0.1,0.15,0.0,mad_only
_rOVBXw47mk,8,4.035,0.0,30.0,80.0,0.005,0.1,0.15,0.0,mad_only
_rOVBXw47mk,9,4.415,0.0,30.0,80.0,0.005,0.1,0.15,0.0,mad_only
_rOVBXw47mk,10,4.835,0.0,30.0,80.0,0.005,0.1,0.15,0.0,mad_only
_rOVBXw47mk,11,5.23,0.0,30.0,80.0,0.005,0.1,0.15,0.0,mad_only
_rOVBXw47mk,12,5.63,0.0,30.0,80.0,0.005,0.1,0.15,0.0,mad_only
_rOVBXw47mk,13,6.025,0.0,30.0,80.0,0.005,0.1,0.15,0.0,mad_only
_rOVBXw47mk,14,6.4350000000000005,0.0,30.0,80.0,0.005,0.1,0.15,0.0,mad_only
_rOVBXw47mk,15,6.815,0.0,30.0,80.0,0.005,0.1,0.15,0.0,mad_only
_rOVBXw47mk,16,7.235,0.0,30.0,80.0,0.005,0.1,0.15,0.0,mad_only
_rOVBXw47mk,17,7.625,0.0,30.0,80.0,0.005,0.1,0.15,0.0,mad_only
_rOVBXw47mk,18,8.03,0.0,30.0,80.0,0.005,0.1,0.15,0.0,mad_only
_rOVBXw47mk,19,8.42,0.0,30.0,80.0,0.005,0.1,0.15,0.0,mad_only
_rOVBXw47mk,20,8.855,0.0,30.0,80.0,0.005,0.1,0.15,0.0,mad_only
_rOVBXw47mk,21,9.22,0.0,30.0,80.0,0.005,0.1,0.15,0.0,mad_only
_rOVBXw47mk,22,9.625,0.0,30.0,80.0,0.005,0.1,0.15,0.0,mad_only
_rOVBXw47mk,23,10.02,0.0,30.0,80.0,0.005,0.1,0.15,0.0,mad_only
_rOVBXw47mk,24,10.43,0.0,30.0,80.0,0.005,0.1,0.15,0.0,mad_only
_rOVBXw47mk,25,10.815,0.0,30.0,80.0,0.005,0.1,0.15,0.0,mad_only
_rOVBXw47mk,26,11.225,0.0,30.0,80.0,0.005,0.1,0.15,0.0,mad_only
_rOVBXw47mk,27,11.615,0.0,30.0,80.0,0.005,0.1,0.15,0.0,mad_only
_rOVBXw47mk,28,12.015,0.0,30.0,80.0,0.005,0.1,0.15,0.0,mad_only
_rOVBXw47mk,29,12.41,0.0,30.0,80.0,0.005,0.1,0.15,0.0,mad_only
_rOVBXw47mk,30,12.83,0.0,30.0,80.0,0.005,0.1,0.15,0.0,mad_only
_rOVBXw47mk,31,13.22,0.0,30.0,80.0,0.005,0.1,0.15,0.0,mad_only
_rOVBXw47mk,32,13.620000000000001,0.0,30.0,80.0,0.005,0.1,0.15,0.0,mad_only
_rOVBXw47mk,33,14.015,0.0,30.0,80.0,0.005,0.1,0.15,0.0,mad_only
_rOVBXw47mk,34,14.415000000000001,0.0,30.0,80.0,0.005,0.1,0.15,0.0,mad_only
_rOVBXw47mk,35,14.805,0.0,30.0,80.0,0.005,0.1,0.15,0.0,mad_only
_rOVBXw47mk,36,15.22,0.0,30.0,80.0,0.005,0.1,0.15,0.0,mad_only
_rOVBXw47mk,37,15.605,0.0,30.0,80.0,0.005,0.1,0.15,0.0,mad_only
_rOVBXw47mk,38,16.02,0.0,30.0,80.0,0.005,0.1,0.15,0.0,mad_only
_rOVBXw47mk,39,16.42,0.0,30.0,80.0,0.005,0.1,0.15,0.0,mad_only
_rOVBXw47mk,40,16.830000000000002,0.0,30.0,80.0,0.005,0.1,0.15,0.0,mad_only
_rOVBXw47mk,41,17.215,0.0,30.0,80.0,0.005,0.1,0.15,0.0,mad_only
_rOVBXw47mk,42,17.62,0.0,30.0,80.0,0.005,0.1,0.15,0.0,mad_only
_rOVBXw47mk,43,18.025000000000002,0.0,30.0,80.0,0.005,0.1,0.15,0.0,mad_only
_rOVBXw47mk,44,18.415,0.0,30.0,80.0,0.005,0.1,0.15,0.0,mad_only
_rOVBXw47mk,45,18.82,0.0,30.0,80.0,0.005,0.1,0.15,0.0,mad_only
_rOVBXw47mk,46,19.215,0.0,30.0,80.0,0.005,0.1,0.15,0.0,mad_only
_rOVBXw47mk,47,19.61,0.0,30.0,80.0,0.005,0.1,0.15,0.0,mad_only
_rOVBXw47mk,48,20.005,0.0,30.0,80.0,0.005,0.1,0.15,0.0,mad_only
_rOVBXw47mk,49,20.395,0.0,30.0,80.0,0.005,0.1,0.15,0.0,mad_only
_rOVBXw47mk,50,20.81,0.0,30.0,80.0,0.005,0.1,0.15,0.0,mad_only
_rOVBXw47mk,51,21.205000000000002,0.0,30.0,80.0,0.005,0.1,0.15,0.0,mad_only
_rOVBXw47mk,52,21.6,0.0,30.0,80.0,0.005,0.1,0.15,0.0,mad_only
_rOVBXw47mk,53,22.005,0.0,30.0,80.0,0.005,0.1,0.15,0.0,mad_only
_rOVBXw47mk,54,22.415,0.0,30.0,80.0,0.005,0.1,0.15,0.0,mad_only
_rOVBXw47mk,55,22.815,0.0,30.0,80.0,0.005,0.1,0.15,0.0,mad_only
_rOVBXw47mk,56,23.215,0.0,30.0,80.0,0.005,0.1,0.15,0.0,mad_only
_rOVBXw47mk,57,23.615000000000002,0.0,30.0,80.0,0.005,0.1,0.15,0.0,mad_only
_rOVBXw47mk,58,24.01,0.0,30.0,80.0,0.005,0.1,0.15,0.0,mad_only
_rOVBXw47mk,59,24.415,0.0,30.0,80.0,0.005,0.1,0.15,0.0,mad_only
_rOVBXw47mk,60,24.82,0.0,30.0,80.0,0.005,0.1,0.15,0.0,mad_only
_rOVBXw47mk,61,25.22,0.0,30.0,80.0,0.005,0.1,0.15,0.0,mad_only
_rOVBXw47mk,62,25.595,0.0,30.0,80.0,0.005,0.1,0.15,0.0,mad_only
_rOVBXw47mk,63,25.990000000000002,0.0,30.0,80.0,0.005,0.1,0.15,0.0,mad_only
_rOVBXw47mk,64,26.385,0.0,30.0,80.0,0.005,0.1,0.15,0.0,mad_only
_rOVBXw47mk,65,26.785,0.0,30.0,80.0,0.005,0.1,0.15,0.0,mad_only
_rOVBXw47mk,66,27.175,0.0,30.0,80.0,0.005,0.1,0.15,0.0,mad_only
_rOVBXw47mk,67,27.580000000000002,0.0,30.0,80.0,0.005,0.1,0.15,0.0,mad_only
_rOVBXw47mk,68,28.0,0.0,30.0,80.0,0.005,0.1,0.15,0.0,mad_only
_rOVBXw47mk,69,28.400000000000002,0.0,30.0,80.0,0.005,0.1,0.15,0.0,mad_only
_rOVBXw47mk,70,28.82,0.0,30.0,80.0,0.005,0.1,0.15,0.0,mad_only
_rOVBXw47mk,71,29.205000000000002,0.0,30.0,80.0,0.005,0.1,0.15,0.0,mad_only
_rOVBXw47mk,72,29.615000000000002,0.0,30.0,80.0,0.005,0.1,0.15,0.0,mad_only
a6U0NuNx6Rs,0,0.62,0.0,30.0,80.0,0.005,0.1,0.15,0.0,mad_only
a6U0NuNx6Rs,1,1.2,0.0,30.0,80.0,0.005,0.1,0.15,0.0,mad_only
a6U0NuNx6Rs,2,1.865,0.0,30.0,80.0,0.005,0.1,0.15,0.0,mad_only
a6U0NuNx6Rs,3,2.57,0.0,30.0,80.0,0.005,0.1,0.15,0.0,mad_only
a6U0NuNx6Rs,4,3.22,0.0,30.0,80.0,0.005,0.1,0.15,0.0,mad_only
a6U0NuNx6Rs,5,3.865,0.0,30.0,80.0,0.005,0.1,0.15,0.0,mad_only
a6U0NuNx6Rs,6,4.3100000000000005,0.0,30.0,80.0,0.005,0.1,0.15,0.0,mad_only
a6U0NuNx6Rs,7,4.875,0.0,30.0,80.0,0.005,0.1,0.15,0.0,mad_only
a6U0NuNx6Rs,8,5.29,0.0,30.0,80.0,0.005,0.1,0.15,0.0,mad_only
a6U0NuNx6Rs,9,5.815,0.0,30.0,80.0,0.005,0.1,0.15,0.0,mad_only
a6U0NuNx6Rs,10,6.565,0.0,30.0,80.0,0.005,0.1,0.15,0.0,mad_only
a6U0NuNx6Rs,11,8.42,0.0,30.0,80.0,0.005,0.1,0.15,0.0,mad_only
a6U0NuNx6Rs,12,8.790000000000001,0.0,30.0,80.0,0.005,0.1,0.15,0.0,mad_only
a6U0NuNx6Rs,13,9.145,0.0,30.0,80.0,0.005,0.1,0.15,0.0,mad_only
a6U0NuNx6Rs,14,9.705,0.0,30.0,80.0,0.005,0.1,0.15,0.0,mad_only
a6U0NuNx6Rs,15,10.57,0.0,30.0,80.0,0.005,0.1,0.15,0.0,mad_only
a6U0NuNx6Rs,16,11.0,0.0,30.0,80.0,0.005,0.1,0.15,0.0,mad_only
a6U0NuNx6Rs,17,11.755,0.0,30.0,80.0,0.005,0.1,0.15,0.0,mad_only
a6U0NuNx6Rs,18,12.405000000000001,0.0,30.0,80.0,0.005,0.1,0.15,0.0,mad_only
a6U0NuNx6Rs,19,13.21,0.0,30.0,80.0,0.005,0.1,0.15,0.0,mad_only
a6U0NuNx6Rs,20,13.935,0.0,30.0,80.0,0.005,0.1,0.15,0.0,mad_only
a6U0NuNx6Rs,21,14.83,0.0,30.0,80.0,0.005,0.1,0.15,0.0,mad_only
a6U0NuNx6Rs,22,15.15,0.0,30.0,80.0,0.005,0.1,0.15,0.0,mad_only
a6U0NuNx6Rs,23,15.530000000000001,0.0,30.0,80.0,0.005,0.1,0.15,0.0,mad_only
a6U0NuNx6Rs,24,15.865,0.0,30.0,80.0,0.005,0.1,0.15,0.0,mad_only
a6U0NuNx6Rs,25,16.535,0.0,30.0,80.0,0.005,0.1,0.15,0.0,mad_only
a6U0NuNx6Rs,26,16.945,0.0,30.0,80.0,0.005,0.1,0.15,0.0,mad_only
a6U0NuNx6Rs,27,17.3,0.0,30.0,80.0,0.005,0.1,0.15,0.0,mad_only
a6U0NuNx6Rs,28,17.81,0.0,30.0,80.0,0.005,0.1,0.15,0.0,mad_only
a6U0NuNx6Rs,29,18.275000000000002,0.0,30.0,80.0,0.005,0.1,0.15,0.0,mad_only
a6U0NuNx6Rs,30,18.93,0.0,30.0,80.0,0.005,0.1,0.15,0.0,mad_only
a6U0NuNx6Rs,31,19.5,0.0,30.0,80.0,0.005,0.1,0.15,0.0,mad_only
a6U0NuNx6Rs,32,19.965,0.0,30.0,80.0,0.005,0.1,0.15,0.0,mad_only
a6U0NuNx6Rs,33,20.935,0.0,30.0,80.0,0.005,0.1,0.15,0.0,mad_only
a6U0NuNx6Rs,34,21.635,0.0,30.0,80.0,0.005,0.1,0.15,0.0,mad_only
a6U0NuNx6Rs,35,23.165,0.0,30.0,80.0,0.005,0.1,0.15,0.0,mad_only
a6U0NuNx6Rs,36,23.94,0.0,30.0,80.0,0.005,0.1,0.15,0.0,mad_only
a6U0NuNx6Rs,37,24.44,0.0,30.0,80.0,0.005,0.1,0.15,0.0,mad_only
a6U0NuNx6Rs,38,25.065,0.0,30.0,80.0,0.005,0.1,0.15,0.0,mad_only
a6U0NuNx6Rs,39,25.76,0.0,30.0,80.0,0.005,0.1,0.15,0.0,mad_only
a6U0NuNx6Rs,40,26.22,0.0,30.0,80.0,0.005,0.1,0.15,0.0,mad_only
a6U0NuNx6Rs,41,26.63,0.0,30.0,80.0,0.005,0.1,0.15,0.0,mad_only
a6U0NuNx6Rs,42,27.12,0.0,30.0,80.0,0.005,0.1,0.15,0.0,mad_only
a6U0NuNx6Rs,43,27.585,0.0,30.0,80.0,0.005,0.1,0.15,0.0,mad_only
a6U0NuNx6Rs,44,27.985,0.0,30.0,80.0,0.005,0.1,0.15,0.0,mad_only
a6U0NuNx6Rs,45,28.445,0.0,30.0,80.0,0.005,0.1,0.15,0.0,mad_only
a6U0NuNx6Rs,46,28.88,0.0,30.0,80.0,0.005,0.1,0.15,0.0,mad_only
a6U0NuNx6Rs,47,29.77,0.0,30.0,80.0,0.005,0.1,0.15,0.0,mad_only
aezgXC00hQw,0,0.8250000000000001,0.0,30.0,80.0,0.005,0.1,0.15,0.0,mad_only
aezgXC00hQw,1,2.0,0.0,30.0,80.0,0.005,0.1,0.15,0.0,mad_only
aezgXC00hQw,2,2.91,0.0,30.0,80.0,0.005,0.1,0.15,0.0,mad_only
aezgXC00hQw,3,3.21,0.0,30.0,80.0,0.005,0.1,0.15,0.0,mad_only
aezgXC00hQw,4,3.52,0.0,30.0,80.0,0.005,0.1,0.15,0.0,mad_only
aezgXC00hQw,5,3.84,0.0,30.0,80.0,0.005,0.1,0.15,0.0,mad_only
aezgXC00hQw,6,4.1850000000000005,0.0,30.0,80.0,0.005,0.1,0.15,0.0,mad_only
aezgXC00hQw,7,4.505,0.0,30.0,80.0,0.005,0.1,0.15,0.0,mad_only
aezgXC00hQw,8,5.405,0.0,30.0,80.0,0.005,0.1,0.15,0.0,mad_only
aezgXC00hQw,9,5.71,0.0,30.0,80.0,0.005,0.1,0.15,0.0,mad_only
aezgXC00hQw,10,6.0200000000000005,0.0,30.0,80.0,0.005,0.1,0.15,0.0,mad_only
aezgXC00hQw,11,6.355,0.0,30.0,80.0,0.005,0.1,0.15,0.0,mad_only
aezgXC00hQw,12,6.68,0.0,30.0,80.0,0.005,0.1,0.15,0.0,mad_only
aezgXC00hQw,13,6.99,0.0,30.0,80.0,0.005,0.1,0.15,0.0,mad_only
aezgXC00hQw,14,7.3100000000000005,0.0,30.0,80.0,0.005,0.1,0.15,0.0,mad_only
aezgXC00hQw,15,7.61,0.0,30.0,80.0,0.005,0.1,0.15,0.0,mad_only
aezgXC00hQw,16,7.925,0.0,30.0,80.0,0.005,0.1,0.15,0.0,mad_only
aezgXC00hQw,17,8.23,0.0,30.0,80.0,0.005,0.1,0.15,0.0,mad_only
aezgXC00hQw,18,8.535,0.0,30.0,80.0,0.005,0.1,0.15,0.0,mad_only
aezgXC00hQw,19,8.870000000000001,0.0,30.0,80.0,0.005,0.1,0.15,0.0,mad_only
aezgXC00hQw,20,9.18,0.0,30.0,80.0,0.005,0.1,0.15,0.0,mad_only
aezgXC00hQw,21,9.495000000000001,0.0,30.0,80.0,0.005,0.1,0.15,0.0,mad_only
aezgXC00hQw,22,10.105,0.0,30.0,80.0,0.005,0.1,0.15,0.0,mad_only
aezgXC00hQw,23,10.405,0.0,30.0,80.0,0.005,0.1,0.15,0.0,mad_only
aezgXC00hQw,24,10.725,0.0,30.0,80.0,0.005,0.1,0.15,0.0,mad_only
aezgXC00hQw,25,11.05,0.0,30.0,80.0,0.005,0.1,0.15,0.0,mad_only
aezgXC00hQw,26,11.355,0.0,30.0,80.0,0.005,0.1,0.15,0.0,mad_only
aezgXC00hQw,27,11.68,0.0,30.0,80.0,0.005,0.1,0.15,0.0,mad_only
aezgXC00hQw,28,11.98,0.0,30.0,80.0,0.005,0.1,0.15,0.0,mad_only
aezgXC00hQw,29,12.290000000000001,0.0,30.0,80.0,0.005,0.1,0.15,0.0,mad_only
aezgXC00hQw,30,12.595,0.0,30.0,80.0,0.005,0.1,0.15,0.0,mad_only
aezgXC00hQw,31,12.9,0.0,30.0,80.0,0.005,0.1,0.15,0.0,mad_only
aezgXC00hQw,32,13.225,0.0,30.0,80.0,0.005,0.1,0.15,0.0,mad_only
aezgXC00hQw,33,13.555,0.0,30.0,80.0,0.005,0.1,0.15,0.0,mad_only
aezgXC00hQw,34,13.88,0.0,30.0,80.0,0.005,0.1,0.15,0.0,mad_only
aezgXC00hQw,35,14.505,0.0,30.0,80.0,0.005,0.1,0.15,0.0,mad_only
aezgXC00hQw,36,14.81,0.0,30.0,80.0,0.005,0.1,0.15,0.0,mad_only
aezgXC00hQw,37,15.1,0.0,30.0,80.0,0.005,0.1,0.15,0.0,mad_only
aezgXC00hQw,38,15.425,0.0,30.0,80.0,0.005,0.1,0.15,0.0,mad_only
aezgXC00hQw,39,15.73,0.0,30.0,80.0,0.005,0.1,0.15,0.0,mad_only
aezgXC00hQw,40,16.06,0.0,30.0,80.0,0.005,0.1,0.15,0.0,mad_only
aezgXC00hQw,41,16.35,0.0,30.0,80.0,0.005,0.1,0.15,0.0,mad_only
aezgXC00hQw,42,16.685,0.0,30.0,80.0,0.005,0.1,0.15,0.0,mad_only
aezgXC00hQw,43,16.995,0.0,30.0,80.0,0.005,0.1,0.15,0.0,mad_only
aezgXC00hQw,44,17.34,0.0,30.0,80.0,0.005,0.1,0.15,0.0,mad_only
aezgXC00hQw,45,17.63,0.0,30.0,80.0,0.005,0.1,0.15,0.0,mad_only
aezgXC00hQw,46,18.23,0.0,30.0,80.0,0.005,0.1,0.15,0.0,mad_only
aezgXC00hQw,47,18.55,0.0,30.0,80.0,0.005,0.1,0.15,0.0,mad_only
aezgXC00hQw,48,18.835,0.0,30.0,80.0,0.005,0.1,0.15,0.0,mad_only
aezgXC00hQw,49,19.150000000000002,0.0,30.0,80.0,0.005,0.1,0.15,0.0,mad_only
aezgXC00hQw,50,19.48,0.0,30.0,80.0,0.005,0.1,0.15,0.0,mad_only
aezgXC00hQw,51,19.79,0.0,30.0,80.0,0.005,0.1,0.15,0.0,mad_only
aezgXC00hQw,52,20.12,0.0,30.0,80.0,0.005,0.1,0.15,0.0,mad_only
aezgXC00hQw,53,20.425,0.0,30.0,80.0,0.005,0.1,0.15,0.0,mad_only
aezgXC00hQw,54,20.75,0.0,30.0,80.0,0.005,0.1,0.15,0.0,mad_only
aezgXC00hQw,55,21.065,0.0,30.0,80.0,0.005,0.1,0.15,0.0,mad_only
aezgXC00hQw,56,21.39,0.0,30.0,80.0,0.005,0.1,0.15,0.0,mad_only
aezgXC00hQw,57,22.0,0.0,30.0,80.0,0.005,0.1,0.15,0.0,mad_only
aezgXC00hQw,58,22.635,0.0,30.0,80.0,0.005,0.1,0.15,0.0,mad_only
aezgXC00hQw,59,23.245,0.0,30.0,80.0,0.005,0.1,0.15,0.0,mad_only
aezgXC00hQw,60,23.87,0.0,30.0,80.0,0.005,0.1,0.15,0.0,mad_only
aezgXC00hQw,61,24.495,0.0,30.0,80.0,0.005,0.1,0.15,0.0,mad_only
aezgXC00hQw,62,25.12,0.0,30.0,80.0,0.005,0.1,0.15,0.0,mad_only
aezgXC00hQw,63,25.725,0.0,30.0,80.0,0.005,0.1,0.15,0.0,mad_only
aezgXC00hQw,64,26.03,0.0,30.0,80.0,0.005,0.1,0.15,0.0,mad_only
aezgXC00hQw,65,26.37,0.0,30.0,80.0,0.005,0.1,0.15,0.0,mad_only
aezgXC00hQw,66,26.990000000000002,0.0,30.0,80.0,0.005,0.1,0.15,0.0,mad_only
aezgXC00hQw,67,27.315,0.0,30.0,80.0,0.005,0.1,0.15,0.0,mad_only
aezgXC00hQw,68,27.625,0.0,30.0,80.0,0.005,0.1,0.15,0.0,mad_only
aezgXC00hQw,69,28.245,0.0,30.0,80.0,0.005,0.1,0.15,0.0,mad_only
aezgXC00hQw,70,28.580000000000002,0.0,30.0,80.0,0.005,0.1,0.15,0.0,mad_only
aezgXC00hQw,71,28.865000000000002,0.0,30.0,80.0,0.005,0.1,0.15,0.0,mad_only
aezgXC00hQw,72,29.18,0.0,30.0,80.0,0.005,0.1,0.15,0.0,mad_only
aezgXC00hQw,73,29.475,0.0,30.0,80.0,0.005,0.1,0.15,0.0,mad_only
bSmvp0w2zYY,0,1.0050000000000001,0.0,30.0,80.0,0.005,0.1,0.15,0.0,mad_only
bSmvp0w2zYY,1,1.79,0.0,30.0,80.0,0.005,0.1,0.15,0.0,mad_only
bSmvp0w2zYY,2,2.645,0.0,30.0,80.0,0.005,0.1,0.15,0.0,mad_only
bSmvp0w2zYY,3,3.43,0.0,30.0,80.0,0.005,0.1,0.15,0.0,mad_only
bSmvp0w2zYY,4,4.29,0.0,30.0,80.0,0.005,0.1,0.15,0.0,mad_only
bSmvp0w2zYY,5,5.175,0.0,30.0,80.0,0.005,0.1,0.15,0.0,mad_only
bSmvp0w2zYY,6,5.625,0.0,30.0,80.0,0.005,0.1,0.15,0.0,mad_only
bSmvp0w2zYY,7,6.015000000000001,0.0,30.0,80.0,0.005,0.1,0.15,0.0,mad_only
bSmvp0w2zYY,8,6.4750000000000005,0.0,30.0,80.0,0.005,0.1,0.15,0.0,mad_only
bSmvp0w2zYY,9,6.885,0.0,30.0,80.0,0.005,0.1,0.15,0.0,mad_only
bSmvp0w2zYY,10,7.325,0.0,30.0,80.0,0.005,0.1,0.15,0.0,mad_only
bSmvp0w2zYY,11,7.755,0.0,30.0,80.0,0.005,0.1,0.15,0.0,mad_only
bSmvp0w2zYY,12,8.195,0.0,30.0,80.0,0.005,0.1,0.15,0.0,mad_only
bSmvp0w2zYY,13,8.605,0.0,30.0,80.0,0.005,0.1,0.15,0.0,mad_only
bSmvp0w2zYY,14,9.025,0.0,30.0,80.0,0.005,0.1,0.15,0.0,mad_only
bSmvp0w2zYY,15,9.46,0.0,30.0,80.0,0.005,0.1,0.15,0.0,mad_only
bSmvp0w2zYY,16,9.895,0.0,30.0,80.0,0.005,0.1,0.15,0.0,mad_only
bSmvp0w2zYY,17,10.32,0.0,30.0,80.0,0.005,0.1,0.15,0.0,mad_only
bSmvp0w2zYY,18,10.77,0.0,30.0,80.0,0.005,0.1,0.15,0.0,mad_only
bSmvp0w2zYY,19,11.185,0.0,30.0,80.0,0.005,0.1,0.15,0.0,mad_only
bSmvp0w2zYY,20,11.620000000000001,0.0,30.0,80.0,0.005,0.1,0.15,0.0,mad_only
bSmvp0w2zYY,21,12.030000000000001,0.0,30.0,80.0,0.005,0.1,0.15,0.0,mad_only
bSmvp0w2zYY,22,12.465,0.0,30.0,80.0,0.005,0.1,0.15,0.0,mad_only
bSmvp0w2zYY,23,12.875,0.0,30.0,80.0,0.005,0.1,0.15,0.0,mad_only
bSmvp0w2zYY,24,13.325000000000001,0.0,30.0,80.0,0.005,0.1,0.15,0.0,mad_only
bSmvp0w2zYY,25,13.745000000000001,0.0,30.0,80.0,0.005,0.1,0.15,0.0,mad_only
bSmvp0w2zYY,26,14.195,0.0,30.0,80.0,0.005,0.1,0.15,0.0,mad_only
bSmvp0w2zYY,27,14.61,0.0,30.0,80.0,0.005,0.1,0.15,0.0,mad_only
bSmvp0w2zYY,28,15.450000000000001,0.0,30.0,80.0,0.005,0.1,0.15,0.0,mad_only
bSmvp0w2zYY,29,15.91,0.0,30.0,80.0,0.005,0.1,0.15,0.0,mad_only
bSmvp0w2zYY,30,16.315,0.0,30.0,80.0,0.005,0.1,0.15,0.0,mad_only
bSmvp0w2zYY,31,16.76,0.0,30.0,80.0,0.005,0.1,0.15,0.0,mad_only
bSmvp0w2zYY,32,17.16,0.0,30.0,80.0,0.005,0.1,0.15,0.0,mad_only
bSmvp0w2zYY,33,17.625,0.0,30.0,80.0,0.005,0.1,0.15,0.0,mad_only
bSmvp0w2zYY,34,18.035,0.0,30.0,80.0,0.005,0.1,0.15,0.0,mad_only
bSmvp0w2zYY,35,18.495,0.0,30.0,80.0,0.005,0.1,0.15,0.0,mad_only
bSmvp0w2zYY,36,18.885,0.0,30.0,80.0,0.005,0.1,0.15,0.0,mad_only
bSmvp0w2zYY,37,19.34,0.0,30.0,80.0,0.005,0.1,0.15,0.0,mad_only
bSmvp0w2zYY,38,19.740000000000002,0.0,30.0,80.0,0.005,0.1,0.15,0.0,mad_only
bSmvp0w2zYY,39,20.61,0.0,30.0,80.0,0.005,0.1,0.15,0.0,mad_only
bSmvp0w2zYY,40,21.05,0.0,30.0,80.0,0.005,0.1,0.15,0.0,mad_only
bSmvp0w2zYY,41,21.48,0.0,30.0,80.0,0.005,0.1,0.15,0.0,mad_only
bSmvp0w2zYY,42,21.915,0.0,30.0,80.0,0.005,0.1,0.15,0.0,mad_only
bSmvp0w2zYY,43,22.32,0.0,30.0,80.0,0.005,0.1,0.15,0.0,mad_only
bSmvp0w2zYY,44,22.735,0.0,30.0,80.0,0.005,0.1,0.15,0.0,mad_only
bSmvp0w2zYY,45,23.16,0.0,30.0,80.0,0.005,0.1,0.15,0.0,mad_only
bSmvp0w2zYY,46,23.6,0.0,30.0,80.0,0.005,0.1,0.15,0.0,mad_only
bSmvp0w2zYY,47,24.03,0.0,30.0,80.0,0.005,0.1,0.15,0.0,mad_only
bSmvp0w2zYY,48,24.47,0.0,30.0,80.0,0.005,0.1,0.15,0.0,mad_only
bSmvp0w2zYY,49,24.91,0.0,30.0,80.0,0.005,0.1,0.15,0.0,mad_only
bSmvp0w2zYY,50,25.345,0.0,30.0,80.0,0.005,0.1,0.15,0.0,mad_only
bSmvp0w2zYY,51,25.75,0.0,30.0,80.0,0.005,0.1,0.15,0.0,mad_only
bSmvp0w2zYY,52,26.18,0.0,30.0,80.0,0.005,0.1,0.15,0.0,mad_only
bSmvp0w2zYY,53,26.595,0.0,30.0,80.0,0.005,0.1,0.15,0.0,mad_only
bSmvp0w2zYY,54,27.035,0.0,30.0,80.0,0.005,0.1,0.15,0.0,mad_only
bSmvp0w2zYY,55,27.45,0.0,30.0,80.0,0.005,0.1,0.15,0.0,mad_only
bSmvp0w2zYY,56,27.895,0.0,30.0,80.0,0.005,0.1,0.15,0.0,mad_only
bSmvp0w2zYY,57,28.310000000000002,0.0,30.0,80.0,0.005,0.1,0.15,0.0,mad_only
bSmvp0w2zYY,58,28.755,0.0,30.0,80.0,0.005,0.1,0.15,0.0,mad_only
bSmvp0w2zYY,59,29.18,0.0,30.0,80.0,0.005,0.1,0.15,0.0,mad_only
bSmvp0w2zYY,60,29.645,0.0,30.0,80.0,0.005,0.1,0.15,0.0,mad_only
bTSTMIoNf9k,0,0.805,0.0,30.0,80.0,0.005,0.1,0.15,0.0,mad_only
bTSTMIoNf9k,1,1.35,0.0,30.0,80.0,0.005,0.1,0.15,0.0,mad_only
bTSTMIoNf9k,2,1.895,0.0,30.0,80.0,0.005,0.1,0.15,0.0,mad_only
bTSTMIoNf9k,3,2.47,0.0,30.0,80.0,0.005,0.1,0.15,0.0,mad_only
bTSTMIoNf9k,4,3.04,0.0,30.0,80.0,0.005,0.1,0.15,0.0,mad_only
bTSTMIoNf9k,5,3.58,0.0,30.0,80.0,0.005,0.1,0.15,0.0,mad_only
bTSTMIoNf9k,6,4.09,0.0,30.0,80.0,0.005,0.1,0.15,0.0,mad_only
bTSTMIoNf9k,7,4.66,0.0,30.0,80.0,0.005,0.1,0.15,0.0,mad_only
bTSTMIoNf9k,8,5.215,0.0,30.0,80.0,0.005,0.1,0.15,0.0,mad_only
bTSTMIoNf9k,9,5.745,0.0,30.0,80.0,0.005,0.1,0.15,0.0,mad_only
bTSTMIoNf9k,10,6.295,0.0,30.0,80.0,0.005,0.1,0.15,0.0,mad_only
bTSTMIoNf9k,11,6.855,0.0,30.0,80.0,0.005,0.1,0.15,0.0,mad_only
bTSTMIoNf9k,12,7.4,0.0,30.0,80.0,0.005,0.1,0.15,0.0,mad_only
bTSTMIoNf9k,13,7.95,0.0,30.0,80.0,0.005,0.1,0.15,0.0,mad_only
bTSTMIoNf9k,14,8.49,0.0,30.0,80.0,0.005,0.1,0.15,0.0,mad_only
bTSTMIoNf9k,15,9.05,0.0,30.0,80.0,0.005,0.1,0.15,0.0,mad_only
bTSTMIoNf9k,16,9.585,0.0,30.0,80.0,0.005,0.1,0.15,0.0,mad_only
bTSTMIoNf9k,17,10.14,0.0,30.0,80.0,0.005,0.1,0.15,0.0,mad_only
bTSTMIoNf9k,18,10.685,0.0,30.0,80.0,0.005,0.1,0.15,0.0,mad_only
bTSTMIoNf9k,19,11.245000000000001,0.0,30.0,80.0,0.005,0.1,0.15,0.0,mad_only
bTSTMIoNf9k,20,11.795,0.0,30.0,80.0,0.005,0.1,0.15,0.0,mad_only
bTSTMIoNf9k,21,12.35,0.0,30.0,80.0,0.005,0.1,0.15,0.0,mad_only
bTSTMIoNf9k,22,12.89,0.0,30.0,80.0,0.005,0.1,0.15,0.0,mad_only
bTSTMIoNf9k,23,13.455,0.0,30.0,80.0,0.005,0.1,0.15,0.0,mad_only
bTSTMIoNf9k,24,14.0,0.0,30.0,80.0,0.005,0.1,0.15,0.0,mad_only
bTSTMIoNf9k,25,14.55,0.0,30.0,80.0,0.005,0.1,0.15,0.0,mad_only
bTSTMIoNf9k,26,15.075000000000001,0.0,30.0,80.0,0.005,0.1,0.15,0.0,mad_only
bTSTMIoNf9k,27,15.64,0.0,30.0,80.0,0.005,0.1,0.15,0.0,mad_only
bTSTMIoNf9k,28,16.2,0.0,30.0,80.0,0.005,0.1,0.15,0.0,mad_only
bTSTMIoNf9k,29,16.755,0.0,30.0,80.0,0.005,0.1,0.15,0.0,mad_only
bTSTMIoNf9k,30,17.3,0.0,30.0,80.0,0.005,0.1,0.15,0.0,mad_only
bTSTMIoNf9k,31,17.855,0.0,30.0,80.0,0.005,0.1,0.15,0.0,mad_only
bTSTMIoNf9k,32,18.400000000000002,0.0,30.0,80.0,0.005,0.1,0.15,0.0,mad_only
bTSTMIoNf9k,33,18.955000000000002,0.0,30.0,80.0,0.005,0.1,0.15,0.0,mad_only
bTSTMIoNf9k,34,19.505,0.0,30.0,80.0,0.005,0.1,0.15,0.0,mad_only
bTSTMIoNf9k,35,20.06,0.0,30.0,80.0,0.005,0.1,0.15,0.0,mad_only
bTSTMIoNf9k,36,20.62,0.0,30.0,80.0,0.005,0.1,0.15,0.0,mad_only
bTSTMIoNf9k,37,21.16,0.0,30.0,80.0,0.005,0.1,0.15,0.0,mad_only
bTSTMIoNf9k,38,21.705000000000002,0.0,30.0,80.0,0.005,0.1,0.15,0.0,mad_only
bTSTMIoNf9k,39,22.26,0.0,30.0,80.0,0.005,0.1,0.15,0.0,mad_only
bTSTMIoNf9k,40,22.81,0.0,30.0,80.0,0.005,0.1,0.15,0.0,mad_only
bTSTMIoNf9k,41,23.385,0.0,30.0,80.0,0.005,0.1,0.15,0.0,mad_only
bTSTMIoNf9k,42,23.945,0.0,30.0,80.0,0.005,0.1,0.15,0.0,mad_only
bTSTMIoNf9k,43,24.5,0.0,30.0,80.0,0.005,0.1,0.15,0.0,mad_only
bTSTMIoNf9k,44,25.060000000000002,0.0,30.0,80.0,0.005,0.1,0.15,0.0,mad_only
bTSTMIoNf9k,45,25.605,0.0,30.0,80.0,0.005,0.1,0.15,0.0,mad_only
bTSTMIoNf9k,46,26.155,0.0,30.0,80.0,0.005,0.1,0.15,0.0,mad_only
bTSTMIoNf9k,47,26.71,0.0,30.0,80.0,0.005,0.1,0.15,0.0,mad_only
bTSTMIoNf9k,48,27.25,0.0,30.0,80.0,0.005,0.1,0.15,0.0,mad_only
bTSTMIoNf9k,49,27.79,0.0,30.0,80.0,0.005,0.1,0.15,0.0,mad_only
bTSTMIoNf9k,50,28.35,0.0,30.0,80.0,0.005,0.1,0.15,0.0,mad_only
bTSTMIoNf9k,51,28.885,0.0,30.0,80.0,0.005,0.1,0.15,0.0,mad_only
bTSTMIoNf9k,52,29.43,0.0,30.0,80.0,0.005,0.1,0.15,0.0,mad_only
bY2yvESoWAs,0,0.705,0.0,30.0,80.0,0.005,0.1,0.15,0.0,mad_only
bY2yvESoWAs,1,1.315,0.0,30.0,80.0,0.005,0.1,0.15,0.0,mad_only
bY2yvESoWAs,2,2.36,0.0,30.0,80.0,0.005,0.1,0.15,0.0,mad_only
bY2yvESoWAs,3,3.5100000000000002,0.0,30.0,80.0,0.005,0.1,0.15,0.0,mad_only
bY2yvESoWAs,4,4.0,0.0,30.0,80.0,0.005,0.1,0.15,0.0,mad_only
bY2yvESoWAs,5,4.41,0.0,30.0,80.0,0.005,0.1,0.15,0.0,mad_only
bY2yvESoWAs,6,4.8100000000000005,0.0,30.0,80.0,0.005,0.1,0.15,0.0,mad_only
bY2yvESoWAs,7,5.25,0.0,30.0,80.0,0.005,0.1,0.15,0.0,mad_only
bY2yvESoWAs,8,5.675,0.0,30.0,80.0,0.005,0.1,0.15,0.0,mad_only
bY2yvESoWAs,9,6.11,0.0,30.0,80.0,0.005,0.1,0.15,0.0,mad_only
bY2yvESoWAs,10,6.535,0.0,30.0,80.0,0.005,0.1,0.15,0.0,mad_only
bY2yvESoWAs,11,6.9,0.0,30.0,80.0,0.005,0.1,0.15,0.0,mad_only
bY2yvESoWAs,12,7.32,0.0,30.0,80.0,0.005,0.1,0.15,0.0,mad_only
bY2yvESoWAs,13,7.695,0.0,30.0,80.0,0.005,0.1,0.15,0.0,mad_only
bY2yvESoWAs,14,8.1,0.0,30.0,80.0,0.005,0.1,0.15,0.0,mad_only
bY2yvESoWAs,15,8.55,0.0,30.0,80.0,0.005,0.1,0.15,0.0,mad_only
bY2yvESoWAs,16,8.975,0.0,30.0,80.0,0.005,0.1,0.15,0.0,mad_only
bY2yvESoWAs,17,9.36,0.0,30.0,80.0,0.005,0.1,0.15,0.0,mad_only
bY2yvESoWAs,18,9.78,0.0,30.0,80.0,0.005,0.1,0.15,0.0,mad_only
bY2yvESoWAs,19,10.195,0.0,30.0,80.0,0.005,0.1,0.15,0.0,mad_only
bY2yvESoWAs,20,10.620000000000001,0.0,30.0,80.0,0.005,0.1,0.15,0.0,mad_only
bY2yvESoWAs,21,10.985,0.0,30.0,80.0,0.005,0.1,0.15,0.0,mad_only
bY2yvESoWAs,22,11.41,0.0,30.0,80.0,0.005,0.1,0.15,0.0,mad_only
bY2yvESoWAs,23,11.855,0.0,30.0,80.0,0.005,0.1,0.15,0.0,mad_only
bY2yvESoWAs,24,12.27,0.0,30.0,80.0,0.005,0.1,0.15,0.0,mad_only
bY2yvESoWAs,25,12.71,0.0,30.0,80.0,0.005,0.1,0.15,0.0,mad_only
bY2yvESoWAs,26,13.125,0.0,30.0,80.0,0.005,0.1,0.15,0.0,mad_only
bY2yvESoWAs,27,13.52,0.0,30.0,80.0,0.005,0.1,0.15,0.0,mad_only
bY2yvESoWAs,28,13.950000000000001,0.0,30.0,80.0,0.005,0.1,0.15,0.0,mad_only
bY2yvESoWAs,29,14.3,0.0,30.0,80.0,0.005,0.1,0.15,0.0,mad_only
bY2yvESoWAs,30,14.8,0.0,30.0,80.0,0.005,0.1,0.15,0.0,mad_only
bY2yvESoWAs,31,15.605,0.0,30.0,80.0,0.005,0.1,0.15,0.0,mad_only
bY2yvESoWAs,32,16.44,0.0,30.0,80.0,0.005,0.1,0.15,0.0,mad_only
bY2yvESoWAs,33,16.815,0.0,30.0,80.0,0.005,0.1,0.15,0.0,mad_only
bY2yvESoWAs,34,17.59,0.0,30.0,80.0,0.005,0.1,0.15,0.0,mad_only
bY2yvESoWAs,35,18.015,0.0,30.0,80.0,0.005,0.1,0.15,0.0,mad_only
bY2yvESoWAs,36,18.43,0.0,30.0,80.0,0.005,0.1,0.15,0.0,mad_only
bY2yvESoWAs,37,18.86,0.0,30.0,80.0,0.005,0.1,0.15,0.0,mad_only
bY2yvESoWAs,38,19.27,0.0,30.0,80.0,0.005,0.1,0.15,0.0,mad_only
bY2yvESoWAs,39,19.68,0.0,30.0,80.0,0.005,0.1,0.15,0.0,mad_only
bY2yvESoWAs,40,20.075,0.0,30.0,80.0,0.005,0.1,0.15,0.0,mad_only
bY2yvESoWAs,41,20.52,0.0,30.0,80.0,0.005,0.1,0.15,0.0,mad_only
bY2yvESoWAs,42,20.915,0.0,30.0,80.0,0.005,0.1,0.15,0.0,mad_only
bY2yvESoWAs,43,21.34,0.0,30.0,80.0,0.005,0.1,0.15,0.0,mad_only
bY2yvESoWAs,44,21.740000000000002,0.0,30.0,80.0,0.005,0.1,0.15,0.0,mad_only
bY2yvESoWAs,45,22.195,0.0,30.0,80.0,0.005,0.1,0.15,0.0,mad_only
bY2yvESoWAs,46,23.01,0.0,30.0,80.0,0.005,0.1,0.15,0.0,mad_only
bY2yvESoWAs,47,23.42,0.0,30.0,80.0,0.005,0.1,0.15,0.0,mad_only
bY2yvESoWAs,48,23.84,0.0,30.0,80.0,0.005,0.1,0.15,0.0,mad_only
bY2yvESoWAs,49,24.240000000000002,0.0,30.0,80.0,0.005,0.1,0.15,0.0,mad_only
bY2yvESoWAs,50,24.64,0.0,30.0,80.0,0.005,0.1,0.15,0.0,mad_only
bY2yvESoWAs,51,25.085,0.0,30.0,80.0,0.005,0.1,0.15,0.0,mad_only
bY2yvESoWAs,52,25.545,0.0,30.0,80.0,0.005,0.1,0.15,0.0,mad_only
bY2yvESoWAs,53,25.96,0.0,30.0,80.0,0.005,0.1,0.15,0.0,mad_only
bY2yvESoWAs,54,26.395,0.0,30.0,80.0,0.005,0.1,0.15,0.0,mad_only
bY2yvESoWAs,55,27.17,0.0,30.0,80.0,0.005,0.1,0.15,0.0,mad_only
bY2yvESoWAs,56,28.02,0.0,30.0,80.0,0.005,0.1,0.15,0.0,mad_only
bY2yvESoWAs,57,28.805,0.0,30.0,80.0,0.005,0.1,0.15,0.0,mad_only
bY2yvESoWAs,58,29.175,0.0,30.0,80.0,0.005,0.1,0.15,0.0,mad_only
bY2yvESoWAs,59,29.645,0.0,30.0,80.0,0.005,0.1,0.15,0.0,mad_only
bhJjNBcHdNs,0,1.02,0.0,30.0,80.0,0.005,0.1,0.15,0.0,mad_only
bhJjNBcHdNs,1,1.445,0.0,30.0,80.0,0.005,0.1,0.15,0.0,mad_only
bhJjNBcHdNs,2,1.92,0.0,30.0,80.0,0.005,0.1,0.15,0.0,mad_only
bhJjNBcHdNs,3,2.3850000000000002,0.0,30.0,80.0,0.005,0.1,0.15,0.0,mad_only
bhJjNBcHdNs,4,2.865,0.0,30.0,80.0,0.005,0.1,0.15,0.0,mad_only
bhJjNBcHdNs,5,3.34,0.0,30.0,80.0,0.005,0.1,0.15,0.0,mad_only
bhJjNBcHdNs,6,3.815,0.0,30.0,80.0,0.005,0.1,0.15,0.0,mad_only
bhJjNBcHdNs,7,4.295,0.0,30.0,80.0,0.005,0.1,0.15,0.0,mad_only
bhJjNBcHdNs,8,4.76,0.0,30.0,80.0,0.005,0.1,0.15,0.0,mad_only
bhJjNBcHdNs,9,5.235,0.0,30.0,80.0,0.005,0.1,0.15,0.0,mad_only
bhJjNBcHdNs,10,5.71,0.0,30.0,80.0,0.005,0.1,0.15,0.0,mad_only
bhJjNBcHdNs,11,6.19,0.0,30.0,80.0,0.005,0.1,0.15,0.0,mad_only
bhJjNBcHdNs,12,6.665,0.0,30.0,80.0,0.005,0.1,0.15,0.0,mad_only
bhJjNBcHdNs,13,7.13,0.0,30.0,80.0,0.005,0.1,0.15,0.0,mad_only
bhJjNBcHdNs,14,7.615,0.0,30.0,80.0,0.005,0.1,0.15,0.0,mad_only
bhJjNBcHdNs,15,8.1,0.0,30.0,80.0,0.005,0.1,0.15,0.0,mad_only
bhJjNBcHdNs,16,8.565,0.0,30.0,80.0,0.005,0.1,0.15,0.0,mad_only
bhJjNBcHdNs,17,9.035,0.0,30.0,80.0,0.005,0.1,0.15,0.0,mad_only
bhJjNBcHdNs,18,9.52,0.0,30.0,80.0,0.005,0.1,0.15,0.0,mad_only
bhJjNBcHdNs,19,9.995000000000001,0.0,30.0,80.0,0.005,0.1,0.15,0.0,mad_only
bhJjNBcHdNs,20,10.47,0.0,30.0,80.0,0.005,0.1,0.15,0.0,mad_only
bhJjNBcHdNs,21,10.94,0.0,30.0,80.0,0.005,0.1,0.15,0.0,mad_only
bhJjNBcHdNs,22,11.405,0.0,30.0,80.0,0.005,0.1,0.15,0.0,mad_only
bhJjNBcHdNs,23,11.885,0.0,30.0,80.0,0.005,0.1,0.15,0.0,mad_only
bhJjNBcHdNs,24,12.370000000000001,0.0,30.0,80.0,0.005,0.1,0.15,0.0,mad_only
bhJjNBcHdNs,25,12.85,0.0,30.0,80.0,0.005,0.1,0.15,0.0,mad_only
bhJjNBcHdNs,26,13.325000000000001,0.0,30.0,80.0,0.005,0.1,0.15,0.0,mad_only
bhJjNBcHdNs,27,13.8,0.0,30.0,80.0,0.005,0.1,0.15,0.0,mad_only
bhJjNBcHdNs,28,14.275,0.0,30.0,80.0,0.005,0.1,0.15,0.0,mad_only
bhJjNBcHdNs,29,14.755,0.0,30.0,80.0,0.005,0.1,0.15,0.0,mad_only
bhJjNBcHdNs,30,15.23,0.0,30.0,80.0,0.005,0.1,0.15,0.0,mad_only
bhJjNBcHdNs,31,15.705,0.0,30.0,80.0,0.005,0.1,0.15,0.0,mad_only
bhJjNBcHdNs,32,16.185,0.0,30.0,80.0,0.005,0.1,0.15,0.0,mad_only
bhJjNBcHdNs,33,16.65,0.0,30.0,80.0,0.005,0.1,0.15,0.0,mad_only
bhJjNBcHdNs,34,17.14,0.0,30.0,80.0,0.005,0.1,0.15,0.0,mad_only
bhJjNBcHdNs,35,17.61,0.0,30.0,80.0,0.005,0.1,0.15,0.0,mad_only
bhJjNBcHdNs,36,18.085,0.0,30.0,80.0,0.005,0.1,0.15,0.0,mad_only
bhJjNBcHdNs,37,18.545,0.0,30.0,80.0,0.005,0.1,0.15,0.0,mad_only
bhJjNBcHdNs,38,19.015,0.0,30.0,80.0,0.005,0.1,0.15,0.0,mad_only
bhJjNBcHdNs,39,19.495,0.0,30.0,80.0,0.005,0.1,0.15,0.0,mad_only
bhJjNBcHdNs,40,19.975,0.0,30.0,80.0,0.005,0.1,0.15,0.0,mad_only
bhJjNBcHdNs,41,20.435,0.0,30.0,80.0,0.005,0.1,0.15,0.0,mad_only
bhJjNBcHdNs,42,20.925,0.0,30.0,80.0,0.005,0.1,0.15,0.0,mad_only
bhJjNBcHdNs,43,21.405,0.0,30.0,80.0,0.005,0.1,0.15,0.0,mad_only
bhJjNBcHdNs,44,21.89,0.0,30.0,80.0,0.005,0.1,0.15,0.0,mad_only
bhJjNBcHdNs,45,22.355,0.0,30.0,80.0,0.005,0.1,0.15,0.0,mad_only
bhJjNBcHdNs,46,22.835,0.0,30.0,80.0,0.005,0.1,0.15,0.0,mad_only
bhJjNBcHdNs,47,23.315,0.0,30.0,80.0,0.005,0.1,0.15,0.0,mad_only
bhJjNBcHdNs,48,23.785,0.0,30.0,80.0,0.005,0.1,0.15,0.0,mad_only
bhJjNBcHdNs,49,24.25,0.0,30.0,80.0,0.005,0.1,0.15,0.0,mad_only
bhJjNBcHdNs,50,24.725,0.0,30.0,80.0,0.005,0.1,0.15,0.0,mad_only
bhJjNBcHdNs,51,25.21,0.0,30.0,80.0,0.005,0.1,0.15,0.0,mad_only
bhJjNBcHdNs,52,25.69,0.0,30.0,80.0,0.005,0.1,0.15,0.0,mad_only
bhJjNBcHdNs,53,26.145,0.0,30.0,80.0,0.005,0.1,0.15,0.0,mad_only
bhJjNBcHdNs,54,26.63,0.0,30.0,80.0,0.005,0.1,0.15,0.0,mad_only
bhJjNBcHdNs,55,27.115000000000002,0.0,30.0,80.0,0.005,0.1,0.15,0.0,mad_only
bhJjNBcHdNs,56,27.59,0.0,30.0,80.0,0.005,0.1,0.15,0.0,mad_only
bhJjNBcHdNs,57,28.05,0.0,30.0,80.0,0.005,0.1,0.15,0.0,mad_only
bhJjNBcHdNs,58,28.54,0.0,30.0,80.0,0.005,0.1,0.15,0.0,mad_only
bhJjNBcHdNs,59,29.025000000000002,0.0,30.0,80.0,0.005,0.1,0.15,0.0,mad_only
bhJjNBcHdNs,60,29.51,0.0,30.0,80.0,0.005,0.1,0.15,0.0,mad_only
bjW1WfRAk18,0,0.625,0.0,30.0,80.0,0.005,0.1,0.15,0.0,mad_only
bjW1WfRAk18,1,4.4,0.0,30.0,80.0,0.005,0.1,0.15,0.0,mad_only
bjW1WfRAk18,2,5.97,0.0,30.0,80.0,0.005,0.1,0.15,0.0,mad_only
bjW1WfRAk18,3,6.51,0.0,30.0,80.0,0.005,0.1,0.15,0.0,mad_only
bjW1WfRAk18,4,7.095,0.0,30.0,80.0,0.005,0.1,0.15,0.0,mad_only
bjW1WfRAk18,5,7.675,0.0,30.0,80.0,0.005,0.1,0.15,0.0,mad_only
bjW1WfRAk18,6,8.26,0.0,30.0,80.0,0.005,0.1,0.15,0.0,mad_only
bjW1WfRAk18,7,8.775,0.0,30.0,80.0,0.005,0.1,0.15,0.0,mad_only
bjW1WfRAk18,8,9.395,0.0,30.0,80.0,0.005,0.1,0.15,0.0,mad_only
bjW1WfRAk18,9,9.98,0.0,30.0,80.0,0.005,0.1,0.15,0.0,mad_only
bjW1WfRAk18,10,10.56,0.0,30.0,80.0,0.005,0.1,0.15,0.0,mad_only
bjW1WfRAk18,11,11.125,0.0,30.0,80.0,0.005,0.1,0.15,0.0,mad_only
bjW1WfRAk18,12,11.72,0.0,30.0,80.0,0.005,0.1,0.15,0.0,mad_only
bjW1WfRAk18,13,12.32,0.0,30.0,80.0,0.005,0.1,0.15,0.0,mad_only
bjW1WfRAk18,14,12.925,0.0,30.0,80.0,0.005,0.1,0.15,0.0,mad_only
bjW1WfRAk18,15,13.48,0.0,30.0,80.0,0.005,0.1,0.15,0.0,mad_only
bjW1WfRAk18,16,14.045,0.0,30.0,80.0,0.005,0.1,0.15,0.0,mad_only
bjW1WfRAk18,17,14.64,0.0,30.0,80.0,0.005,0.1,0.15,0.0,mad_only
bjW1WfRAk18,18,15.23,0.0,30.0,80.0,0.005,0.1,0.15,0.0,mad_only
bjW1WfRAk18,19,15.790000000000001,0.0,30.0,80.0,0.005,0.1,0.15,0.0,mad_only
bjW1WfRAk18,20,16.38,0.0,30.0,80.0,0.005,0.1,0.15,0.0,mad_only
bjW1WfRAk18,21,16.98,0.0,30.0,80.0,0.005,0.1,0.15,0.0,mad_only
bjW1WfRAk18,22,17.565,0.0,30.0,80.0,0.005,0.1,0.15,0.0,mad_only
bjW1WfRAk18,23,18.135,0.0,30.0,80.0,0.005,0.1,0.15,0.0,mad_only
bjW1WfRAk18,24,18.715,0.0,30.0,80.0,0.005,0.1,0.15,0.0,mad_only
bjW1WfRAk18,25,19.31,0.0,30.0,80.0,0.005,0.1,0.15,0.0,mad_only
bjW1WfRAk18,26,19.89,0.0,30.0,80.0,0.005,0.1,0.15,0.0,mad_only
bjW1WfRAk18,27,20.46,0.0,30.0,80.0,0.005,0.1,0.15,0.0,mad_only
bjW1WfRAk18,28,21.035,0.0,30.0,80.0,0.005,0.1,0.15,0.0,mad_only
bjW1WfRAk18,29,21.615000000000002,0.0,30.0,80.0,0.005,0.1,0.15,0.0,mad_only
bjW1WfRAk18,30,22.195,0.0,30.0,80.0,0.005,0.1,0.15,0.0,mad_only
bjW1WfRAk18,31,22.77,0.0,30.0,80.0,0.005,0.1,0.15,0.0,mad_only
bjW1WfRAk18,32,23.35,0.0,30.0,80.0,0.005,0.1,0.15,0.0,mad_only
bjW1WfRAk18,33,23.93,0.0,30.0,80.0,0.005,0.1,0.15,0.0,mad_only
bjW1WfRAk18,34,24.52,0.0,30.0,80.0,0.005,0.1,0.15,0.0,mad_only
bjW1WfRAk18,35,25.11,0.0,30.0,80.0,0.005,0.1,0.15,0.0,mad_only
bjW1WfRAk18,36,25.69,0.0,30.0,80.0,0.005,0.1,0.15,0.0,mad_only
bjW1WfRAk18,37,26.28,0.0,30.0,80.0,0.005,0.1,0.15,0.0,mad_only
bjW1WfRAk18,38,26.86,0.0,30.0,80.0,0.005,0.1,0.15,0.0,mad_only
bjW1WfRAk18,39,27.46,0.0,30.0,80.0,0.005,0.1,0.15,0.0,mad_only
bjW1WfRAk18,40,28.045,0.0,30.0,80.0,0.005,0.1,0.15,0.0,mad_only
bjW1WfRAk18,41,28.62,0.0,30.0,80.0,0.005,0.1,0.15,0.0,mad_only
bjW1WfRAk18,42,29.185000000000002,0.0,30.0,80.0,0.005,0.1,0.15,0.0,mad_only
bjW1WfRAk18,43,29.765,0.0,30.0,80.0,0.005,0.1,0.15,0.0,mad_only
cCnf1w1DzlA,0,0.99,0.0,30.0,80.0,0.005,0.1,0.15,0.0,mad_only
cCnf1w1DzlA,1,1.5150000000000001,0.0,30.0,80.0,0.005,0.1,0.15,0.0,mad_only
cCnf1w1DzlA,2,2.22,0.0,30.0,80.0,0.005,0.1,0.15,0.0,mad_only
cCnf1w1DzlA,3,2.84,0.0,30.0,80.0,0.005,0.1,0.15,0.0,mad_only
cCnf1w1DzlA,4,3.5300000000000002,0.0,30.0,80.0,0.005,0.1,0.15,0.0,mad_only
cCnf1w1DzlA,5,4.165,0.0,30.0,80.0,0.005,0.1,0.15,0.0,mad_only
cCnf1w1DzlA,6,4.845,0.0,30.0,80.0,0.005,0.1,0.15,0.0,mad_only
cCnf1w1DzlA,7,5.51,0.0,30.0,80.0,0.005,0.1,0.15,0.0,mad_only
cCnf1w1DzlA,8,6.15,0.0,30.0,80.0,0.005,0.1,0.15,0.0,mad_only
cCnf1w1DzlA,9,6.815,0.0,30.0,80.0,0.005,0.1,0.15,0.0,mad_only
cCnf1w1DzlA,10,7.485,0.0,30.0,80.0,0.005,0.1,0.15,0.0,mad_only
cCnf1w1DzlA,11,8.16,0.0,30.0,80.0,0.005,0.1,0.15,0.0,mad_only
cCnf1w1DzlA,12,8.815,0.0,30.0,80.0,0.005,0.1,0.15,0.0,mad_only
cCnf1w1DzlA,13,9.495000000000001,0.0,30.0,80.0,0.005,0.1,0.15,0.0,mad_only
cCnf1w1DzlA,14,10.18,0.0,30.0,80.0,0.005,0.1,0.15,0.0,mad_only
cCnf1w1DzlA,15,10.845,0.0,30.0,80.0,0.005,0.1,0.15,0.0,mad_only
cCnf1w1DzlA,16,11.485,0.0,30.0,80.0,0.005,0.1,0.15,0.0,mad_only
cCnf1w1DzlA,17,12.16,0.0,30.0,80.0,0.005,0.1,0.15,0.0,mad_only
cCnf1w1DzlA,18,12.855,0.0,30.0,80.0,0.005,0.1,0.15,0.0,mad_only
cCnf1w1DzlA,19,13.495000000000001,0.0,30.0,80.0,0.005,0.1,0.15,0.0,mad_only
cCnf1w1DzlA,20,14.18,0.0,30.0,80.0,0.005,0.1,0.15,0.0,mad_only
cCnf1w1DzlA,21,14.835,0.0,30.0,80.0,0.005,0.1,0.15,0.0,mad_only
cCnf1w1DzlA,22,15.5,0.0,30.0,80.0,0.005,0.1,0.15,0.0,mad_only
cCnf1w1DzlA,23,16.18,0.0,30.0,80.0,0.005,0.1,0.15,0.0,mad_only
cCnf1w1DzlA,24,16.81,0.0,30.0,80.0,0.005,0.1,0.15,0.0,mad_only
cCnf1w1DzlA,25,17.490000000000002,0.0,30.0,80.0,0.005,0.1,0.15,0.0,mad_only
cCnf1w1DzlA,26,18.16,0.0,30.0,80.0,0.005,0.1,0.15,0.0,mad_only
cCnf1w1DzlA,27,18.84,0.0,30.0,80.0,0.005,0.1,0.15,0.0,mad_only
cCnf1w1DzlA,28,19.5,0.0,30.0,80.0,0.005,0.1,0.15,0.0,mad_only
cCnf1w1DzlA,29,20.155,0.0,30.0,80.0,0.005,0.1,0.15,0.0,mad_only
cCnf1w1DzlA,30,20.81,0.0,30.0,80.0,0.005,0.1,0.15,0.0,mad_only
cCnf1w1DzlA,31,21.485,0.0,30.0,80.0,0.005,0.1,0.15,0.0,mad_only
cCnf1w1DzlA,32,22.14,0.0,30.0,80.0,0.005,0.1,0.15,0.0,mad_only
cCnf1w1DzlA,33,22.795,0.0,30.0,80.0,0.005,0.1,0.15,0.0,mad_only
cCnf1w1DzlA,34,23.46,0.0,30.0,80.0,0.005,0.1,0.15,0.0,mad_only
cCnf1w1DzlA,35,24.14,0.0,30.0,80.0,0.005,0.1,0.15,0.0,mad_only
cCnf1w1DzlA,36,24.815,0.0,30.0,80.0,0.005,0.1,0.15,0.0,mad_only
cCnf1w1DzlA,37,25.475,0.0,30.0,80.0,0.005,0.1,0.15,0.0,mad_only
cCnf1w1DzlA,38,26.150000000000002,0.0,30.0,80.0,0.005,0.1,0.15,0.0,mad_only
cCnf1w1DzlA,39,26.845,0.0,30.0,80.0,0.005,0.1,0.15,0.0,mad_only
cCnf1w1DzlA,40,27.490000000000002,0.0,30.0,80.0,0.005,0.1,0.15,0.0,mad_only
cCnf1w1DzlA,41,28.155,0.0,30.0,80.0,0.005,0.1,0.15,0.0,mad_only
cCnf1w1DzlA,42,28.82,0.0,30.0,80.0,0.005,0.1,0.15,0.0,mad_only
cCnf1w1DzlA,43,29.475,0.0,30.0,80.0,0.005,0.1,0.15,0.0,mad_only
cetR8PMSK0c,0,0.78,0.0,30.0,80.0,0.005,0.1,0.15,0.0,mad_only
cetR8PMSK0c,1,1.3800000000000001,0.0,30.0,80.0,0.005,0.1,0.15,0.0,mad_only
cetR8PMSK0c,2,2.0100000000000002,0.0,30.0,80.0,0.005,0.1,0.15,0.0,mad_only
cetR8PMSK0c,3,2.645,0.0,30.0,80.0,0.005,0.1,0.15,0.0,mad_only
cetR8PMSK0c,4,3.275,0.0,30.0,80.0,0.005,0.1,0.15,0.0,mad_only
cetR8PMSK0c,5,3.91,0.0,30.0,80.0,0.005,0.1,0.15,0.0,mad_only
cetR8PMSK0c,6,4.525,0.0,30.0,80.0,0.005,0.1,0.15,0.0,mad_only
cetR8PMSK0c,7,4.87,0.0,30.0,80.0,0.005,0.1,0.15,0.0,mad_only
cetR8PMSK0c,8,5.2,0.0,30.0,80.0,0.005,0.1,0.15,0.0,mad_only
cetR8PMSK0c,9,5.83,0.0,30.0,80.0,0.005,0.1,0.15,0.0,mad_only
cetR8PMSK0c,10,6.45,0.0,30.0,80.0,0.005,0.1,0.15,0.0,mad_only
cetR8PMSK0c,11,6.7700000000000005,0.0,30.0,80.0,0.005,0.1,0.15,0.0,mad_only
cetR8PMSK0c,12,7.115,0.0,30.0,80.0,0.005,0.1,0.15,0.0,mad_only
cetR8PMSK0c,13,7.755,0.0,30.0,80.0,0.005,0.1,0.15,0.0,mad_only
cetR8PMSK0c,14,8.39,0.0,30.0,80.0,0.005,0.1,0.15,0.0,mad_only
cetR8PMSK0c,15,9.02,0.0,30.0,80.0,0.005,0.1,0.15,0.0,mad_only
cetR8PMSK0c,16,9.66,0.0,30.0,80.0,0.005,0.1,0.15,0.0,mad_only
cetR8PMSK0c,17,10.290000000000001,0.0,30.0,80.0,0.005,0.1,0.15,0.0,mad_only
cetR8PMSK0c,18,10.625,0.0,30.0,80.0,0.005,0.1,0.15,0.0,mad_only
cetR8PMSK0c,19,10.950000000000001,0.0,30.0,80.0,0.005,0.1,0.15,0.0,mad_only
cetR8PMSK0c,20,11.575000000000001,0.0,30.0,80.0,0.005,0.1,0.15,0.0,mad_only
cetR8PMSK0c,21,12.200000000000001,0.0,30.0,80.0,0.005,0.1,0.15,0.0,mad_only
cetR8PMSK0c,22,12.52,0.0,30.0,80.0,0.005,0.1,0.15,0.0,mad_only
cetR8PMSK0c,23,12.86,0.0,30.0,80.0,0.005,0.1,0.15,0.0,mad_only
cetR8PMSK0c,24,13.5,0.0,30.0,80.0,0.005,0.1,0.15,0.0,mad_only
cetR8PMSK0c,25,13.825000000000001,0.0,30.0,80.0,0.005,0.1,0.15,0.0,mad_only
cetR8PMSK0c,26,14.15,0.0,30.0,80.0,0.005,0.1,0.15,0.0,mad_only
cetR8PMSK0c,27,14.47,0.0,30.0,80.0,0.005,0.1,0.15,0.0,mad_only
cetR8PMSK0c,28,14.795,0.0,30.0,80.0,0.005,0.1,0.15,0.0,mad_only
cetR8PMSK0c,29,15.42,0.0,30.0,80.0,0.005,0.1,0.15,0.0,mad_only
cetR8PMSK0c,30,16.055,0.0,30.0,80.0,0.005,0.1,0.15,0.0,mad_only
cetR8PMSK0c,31,16.385,0.0,30.0,80.0,0.005,0.1,0.15,0.0,mad_only
cetR8PMSK0c,32,16.71,0.0,30.0,80.0,0.005,0.1,0.15,0.0,mad_only
cetR8PMSK0c,33,17.03,0.0,30.0,80.0,0.005,0.1,0.15,0.0,mad_only
cetR8PMSK0c,34,17.335,0.0,30.0,80.0,0.005,0.1,0.15,0.0,mad_only
cetR8PMSK0c,35,17.97,0.0,30.0,80.0,0.005,0.1,0.15,0.0,mad_only
cetR8PMSK0c,36,18.315,0.0,30.0,80.0,0.005,0.1,0.15,0.0,mad_only
cetR8PMSK0c,37,18.635,0.0,30.0,80.0,0.005,0.1,0.15,0.0,mad_only
cetR8PMSK0c,38,19.26,0.0,30.0,80.0,0.005,0.1,0.15,0.0,mad_only
cetR8PMSK0c,39,19.895,0.0,30.0,80.0,0.005,0.1,0.15,0.0,mad_only
cetR8PMSK0c,40,20.23,0.0,30.0,80.0,0.005,0.1,0.15,0.0,mad_only
cetR8PMSK0c,41,20.555,0.0,30.0,80.0,0.005,0.1,0.15,0.0,mad_only
cetR8PMSK0c,42,21.18,0.0,30.0,80.0,0.005,0.1,0.15,0.0,mad_only
cetR8PMSK0c,43,21.835,0.0,30.0,80.0,0.005,0.1,0.15,0.0,mad_only
cetR8PMSK0c,44,22.14,0.0,30.0,80.0,0.005,0.1,0.15,0.0,mad_only
cetR8PMSK0c,45,22.465,0.0,30.0,80.0,0.005,0.1,0.15,0.0,mad_only
cetR8PMSK0c,46,23.09,0.0,30.0,80.0,0.005,0.1,0.15,0.0,mad_only
cetR8PMSK0c,47,23.735,0.0,30.0,80.0,0.005,0.1,0.15,0.0,mad_only
cetR8PMSK0c,48,24.045,0.0,30.0,80.0,0.005,0.1,0.15,0.0,mad_only
cetR8PMSK0c,49,24.37,0.0,30.0,80.0,0.005,0.1,0.15,0.0,mad_only
cetR8PMSK0c,50,24.68,0.0,30.0,80.0,0.005,0.1,0.15,0.0,mad_only
cetR8PMSK0c,51,25.0,0.0,30.0,80.0,0.005,0.1,0.15,0.0,mad_only
cetR8PMSK0c,52,25.650000000000002,0.0,30.0,80.0,0.005,0.1,0.15,0.0,mad_only
cetR8PMSK0c,53,25.96,0.0,30.0,80.0,0.005,0.1,0.15,0.0,mad_only
cetR8PMSK0c,54,26.3,0.0,30.0,80.0,0.005,0.1,0.15,0.0,mad_only
cetR8PMSK0c,55,26.915,0.0,30.0,80.0,0.005,0.1,0.15,0.0,mad_only
cetR8PMSK0c,56,27.57,0.0,30.0,80.0,0.005,0.1,0.15,0.0,mad_only
cetR8PMSK0c,57,27.900000000000002,0.0,30.0,80.0,0.005,0.1,0.15,0.0,mad_only
cetR8PMSK0c,58,28.22,0.0,30.0,80.0,0.005,0.1,0.15,0.0,mad_only
cetR8PMSK0c,59,28.545,0.0,30.0,80.0,0.005,0.1,0.15,0.0,mad_only
cetR8PMSK0c,60,28.86,0.0,30.0,80.0,0.005,0.1,0.15,0.0,mad_only
cetR8PMSK0c,61,29.490000000000002,0.0,30.0,80.0,0.005,0.1,0.15,0.0,mad_only
cetR8PMSK0c,62,29.8,0.0,30.0,80.0,0.005,0.1,0.15,0.0,mad_only
cnkWWKwo4Ww,0,1.145,0.0,30.0,80.0,0.005,0.1,0.15,0.0,mad_only
cnkWWKwo4Ww,1,1.5250000000000001,0.0,30.0,80.0,0.005,0.1,0.15,0.0,mad_only
cnkWWKwo4Ww,2,1.955,0.0,30.0,80.0,0.005,0.1,0.15,0.0,mad_only
cnkWWKwo4Ww,3,2.365,0.0,30.0,80.0,0.005,0.1,0.15,0.0,mad_only
cnkWWKwo4Ww,4,2.81,0.0,30.0,80.0,0.005,0.1,0.15,0.0,mad_only
cnkWWKwo4Ww,5,3.1950000000000003,0.0,30.0,80.0,0.005,0.1,0.15,0.0,mad_only
cnkWWKwo4Ww,6,3.645,0.0,30.0,80.0,0.005,0.1,0.15,0.0,mad_only
cnkWWKwo4Ww,7,4.025,0.0,30.0,80.0,0.005,0.1,0.15,0.0,mad_only
cnkWWKwo4Ww,8,4.44,0.0,30.0,80.0,0.005,0.1,0.15,0.0,mad_only
cnkWWKwo4Ww,9,4.815,0.0,30.0,80.0,0.005,0.1,0.15,0.0,mad_only
cnkWWKwo4Ww,10,5.22,0.0,30.0,80.0,0.005,0.1,0.15,0.0,mad_only
cnkWWKwo4Ww,11,5.62,0.0,30.0,80.0,0.005,0.1,0.15,0.0,mad_only
cnkWWKwo4Ww,12,6.025,0.0,30.0,80.0,0.005,0.1,0.15,0.0,mad_only
cnkWWKwo4Ww,13,6.465,0.0,30.0,80.0,0.005,0.1,0.15,0.0,mad_only
cnkWWKwo4Ww,14,6.865,0.0,30.0,80.0,0.005,0.1,0.15,0.0,mad_only
cnkWWKwo4Ww,15,7.265000000000001,0.0,30.0,80.0,0.005,0.1,0.15,0.0,mad_only
cnkWWKwo4Ww,16,8.11,0.0,30.0,80.0,0.005,0.1,0.15,0.0,mad_only
cnkWWKwo4Ww,17,8.525,0.0,30.0,80.0,0.005,0.1,0.15,0.0,mad_only
cnkWWKwo4Ww,18,8.93,0.0,30.0,80.0,0.005,0.1,0.15,0.0,mad_only
cnkWWKwo4Ww,19,9.375,0.0,30.0,80.0,0.005,0.1,0.15,0.0,mad_only
cnkWWKwo4Ww,20,9.75,0.0,30.0,80.0,0.005,0.1,0.15,0.0,mad_only
cnkWWKwo4Ww,21,10.165000000000001,0.0,30.0,80.0,0.005,0.1,0.15,0.0,mad_only
cnkWWKwo4Ww,22,10.575000000000001,0.0,30.0,80.0,0.005,0.1,0.15,0.0,mad_only
cnkWWKwo4Ww,23,11.39,0.0,30.0,80.0,0.005,0.1,0.15,0.0,mad_only
cnkWWKwo4Ww,24,11.795,0.0,30.0,80.0,0.005,0.1,0.15,0.0,mad_only
cnkWWKwo4Ww,25,12.215,0.0,30.0,80.0,0.005,0.1,0.15,0.0,mad_only
cnkWWKwo4Ww,26,13.045,0.0,30.0,80.0,0.005,0.1,0.15,0.0,mad_only
cnkWWKwo4Ww,27,13.465,0.0,30.0,80.0,0.005,0.1,0.15,0.0,mad_only
cnkWWKwo4Ww,28,13.86,0.0,30.0,80.0,0.005,0.1,0.15,0.0,mad_only
cnkWWKwo4Ww,29,14.69,0.0,30.0,80.0,0.005,0.1,0.15,0.0,mad_only
cnkWWKwo4Ww,30,15.105,0.0,30.0,80.0,0.005,0.1,0.15,0.0,mad_only
cnkWWKwo4Ww,31,15.51,0.0,30.0,80.0,0.005,0.1,0.15,0.0,mad_only
cnkWWKwo4Ww,32,15.94,0.0,30.0,80.0,0.005,0.1,0.15,0.0,mad_only
cnkWWKwo4Ww,33,16.345,0.0,30.0,80.0,0.005,0.1,0.15,0.0,mad_only
cnkWWKwo4Ww,34,16.745,0.0,30.0,80.0,0.005,0.1,0.15,0.0,mad_only
cnkWWKwo4Ww,35,17.16,0.0,30.0,80.0,0.005,0.1,0.15,0.0,mad_only
cnkWWKwo4Ww,36,17.965,0.0,30.0,80.0,0.005,0.1,0.15,0.0,mad_only
cnkWWKwo4Ww,37,18.38,0.0,30.0,80.0,0.005,0.1,0.15,0.0,mad_only
cnkWWKwo4Ww,38,18.77,0.0,30.0,80.0,0.005,0.1,0.15,0.0,mad_only
cnkWWKwo4Ww,39,19.64,0.0,30.0,80.0,0.005,0.1,0.15,0.0,mad_only
cnkWWKwo4Ww,40,20.065,0.0,30.0,80.0,0.005,0.1,0.15,0.0,mad_only
cnkWWKwo4Ww,41,20.45,0.0,30.0,80.0,0.005,0.1,0.15,0.0,mad_only
cnkWWKwo4Ww,42,21.255,0.0,30.0,80.0,0.005,0.1,0.15,0.0,mad_only
cnkWWKwo4Ww,43,21.68,0.0,30.0,80.0,0.005,0.1,0.15,0.0,mad_only
cnkWWKwo4Ww,44,22.075,0.0,30.0,80.0,0.005,0.1,0.15,0.0,mad_only
cnkWWKwo4Ww,45,22.895,0.0,30.0,80.0,0.005,0.1,0.15,0.0,mad_only
cnkWWKwo4Ww,46,23.295,0.0,30.0,80.0,0.005,0.1,0.15,0.0,mad_only
cnkWWKwo4Ww,47,23.715,0.0,30.0,80.0,0.005,0.1,0.15,0.0,mad_only
cnkWWKwo4Ww,48,24.135,0.0,30.0,80.0,0.005,0.1,0.15,0.0,mad_only
cnkWWKwo4Ww,49,24.54,0.0,30.0,80.0,0.005,0.1,0.15,0.0,mad_only
cnkWWKwo4Ww,50,24.955000000000002,0.0,30.0,80.0,0.005,0.1,0.15,0.0,mad_only
cnkWWKwo4Ww,51,25.345,0.0,30.0,80.0,0.005,0.1,0.15,0.0,mad_only
cnkWWKwo4Ww,52,25.805,0.0,30.0,80.0,0.005,0.1,0.15,0.0,mad_only
cnkWWKwo4Ww,53,26.16,0.0,30.0,80.0,0.005,0.1,0.15,0.0,mad_only
cnkWWKwo4Ww,54,26.585,0.0,30.0,80.0,0.005,0.1,0.15,0.0,mad_only
cnkWWKwo4Ww,55,26.995,0.0,30.0,80.0,0.005,0.1,0.15,0.0,mad_only
cnkWWKwo4Ww,56,27.42,0.0,30.0,80.0,0.005,0.1,0.15,0.0,mad_only
cnkWWKwo4Ww,57,27.825,0.0,30.0,80.0,0.005,0.1,0.15,0.0,mad_only
cnkWWKwo4Ww,58,28.64,0.0,30.0,80.0,0.005,0.1,0.15,0.0,mad_only
cnkWWKwo4Ww,59,29.455000000000002,0.0,30.0,80.0,0.005,0.1,0.15,0.0,mad_only
cnkWWKwo4Ww,60,29.875,0.0,30.0,80.0,0.005,0.1,0.15,0.0,mad_only
cugnPFhB2L8,0,0.885,0.0,30.0,80.0,0.005,0.1,0.15,0.0,mad_only
cugnPFhB2L8,1,1.32,0.0,30.0,80.0,0.005,0.1,0.15,0.0,mad_only
cugnPFhB2L8,2,1.735,0.0,30.0,80.0,0.005,0.1,0.15,0.0,mad_only
cugnPFhB2L8,3,2.185,0.0,30.0,80.0,0.005,0.1,0.15,0.0,mad_only
cugnPFhB2L8,4,2.59,0.0,30.0,80.0,0.005,0.1,0.15,0.0,mad_only
cugnPFhB2L8,5,3.0300000000000002,0.0,30.0,80.0,0.005,0.1,0.15,0.0,mad_only
cugnPFhB2L8,6,3.45,0.0,30.0,80.0,0.005,0.1,0.15,0.0,mad_only
cugnPFhB2L8,7,3.89,0.0,30.0,80.0,0.005,0.1,0.15,0.0,mad_only
cugnPFhB2L8,8,4.315,0.0,30.0,80.0,0.005,0.1,0.15,0.0,mad_only
cugnPFhB2L8,9,4.745,0.0,30.0,80.0,0.005,0.1,0.15,0.0,mad_only
cugnPFhB2L8,10,5.18,0.0,30.0,80.0,0.005,0.1,0.15,0.0,mad_only
cugnPFhB2L8,11,5.61,0.0,30.0,80.0,0.005,0.1,0.15,0.0,mad_only
cugnPFhB2L8,12,6.015000000000001,0.0,30.0,80.0,0.005,0.1,0.15,0.0,mad_only
cugnPFhB2L8,13,6.45,0.0,30.0,80.0,0.005,0.1,0.15,0.0,mad_only
cugnPFhB2L8,14,6.88,0.0,30.0,80.0,0.005,0.1,0.15,0.0,mad_only
cugnPFhB2L8,15,7.315,0.0,30.0,80.0,0.005,0.1,0.15,0.0,mad_only
cugnPFhB2L8,16,7.74,0.0,30.0,80.0,0.005,0.1,0.15,0.0,mad_only
cugnPFhB2L8,17,8.165000000000001,0.0,30.0,80.0,0.005,0.1,0.15,0.0,mad_only
cugnPFhB2L8,18,8.59,0.0,30.0,80.0,0.005,0.1,0.15,0.0,mad_only
cugnPFhB2L8,19,9.025,0.0,30.0,80.0,0.005,0.1,0.15,0.0,mad_only
cugnPFhB2L8,20,9.435,0.0,30.0,80.0,0.005,0.1,0.15,0.0,mad_only
cugnPFhB2L8,21,9.870000000000001,0.0,30.0,80.0,0.005,0.1,0.15,0.0,mad_only
cugnPFhB2L8,22,10.295,0.0,30.0,80.0,0.005,0.1,0.15,0.0,mad_only
cugnPFhB2L8,23,10.735,0.0,30.0,80.0,0.005,0.1,0.15,0.0,mad_only
cugnPFhB2L8,24,11.155,0.0,30.0,80.0,0.005,0.1,0.15,0.0,mad_only
cugnPFhB2L8,25,11.585,0.0,30.0,80.0,0.005,0.1,0.15,0.0,mad_only
cugnPFhB2L8,26,12.025,0.0,30.0,80.0,0.005,0.1,0.15,0.0,mad_only
cugnPFhB2L8,27,12.46,0.0,30.0,80.0,0.005,0.1,0.15,0.0,mad_only
cugnPFhB2L8,28,12.89,0.0,30.0,80.0,0.005,0.1,0.15,0.0,mad_only
cugnPFhB2L8,29,13.335,0.0,30.0,80.0,0.005,0.1,0.15,0.0,mad_only
cugnPFhB2L8,30,13.75,0.0,30.0,80.0,0.005,0.1,0.15,0.0,mad_only
cugnPFhB2L8,31,14.18,0.0,30.0,80.0,0.005,0.1,0.15,0.0,mad_only
cugnPFhB2L8,32,14.620000000000001,0.0,30.0,80.0,0.005,0.1,0.15,0.0,mad_only
cugnPFhB2L8,33,15.05,0.0,30.0,80.0,0.005,0.1,0.15,0.0,mad_only
cugnPFhB2L8,34,15.465,0.0,30.0,80.0,0.005,0.1,0.15,0.0,mad_only
cugnPFhB2L8,35,15.895,0.0,30.0,80.0,0.005,0.1,0.15,0.0,mad_only
cugnPFhB2L8,36,16.31,0.0,30.0,80.0,0.005,0.1,0.15,0.0,mad_only
cugnPFhB2L8,37,16.75,0.0,30.0,80.0,0.005,0.1,0.15,0.0,mad_only
cugnPFhB2L8,38,17.175,0.0,30.0,80.0,0.005,0.1,0.15,0.0,mad_only
cugnPFhB2L8,39,17.61,0.0,30.0,80.0,0.005,0.1,0.15,0.0,mad_only
cugnPFhB2L8,40,18.05,0.0,30.0,80.0,0.005,0.1,0.15,0.0,mad_only
cugnPFhB2L8,41,18.485,0.0,30.0,80.0,0.005,0.1,0.15,0.0,mad_only
cugnPFhB2L8,42,18.89,0.0,30.0,80.0,0.005,0.1,0.15,0.0,mad_only
cugnPFhB2L8,43,19.32,0.0,30.0,80.0,0.005,0.1,0.15,0.0,mad_only
cugnPFhB2L8,44,19.740000000000002,0.0,30.0,80.0,0.005,0.1,0.15,0.0,mad_only
cugnPFhB2L8,45,20.17,0.0,30.0,80.0,0.005,0.1,0.15,0.0,mad_only
cugnPFhB2L8,46,20.585,0.0,30.0,80.0,0.005,0.1,0.15,0.0,mad_only
cugnPFhB2L8,47,21.01,0.0,30.0,80.0,0.005,0.1,0.15,0.0,mad_only
cugnPFhB2L8,48,21.43,0.0,30.0,80.0,0.005,0.1,0.15,0.0,mad_only
cugnPFhB2L8,49,21.86,0.0,30.0,80.0,0.005,0.1,0.15,0.0,mad_only
cugnPFhB2L8,50,22.29,0.0,30.0,80.0,0.005,0.1,0.15,0.0,mad_only
cugnPFhB2L8,51,22.740000000000002,0.0,30.0,80.0,0.005,0.1,0.15,0.0,mad_only
cugnPFhB2L8,52,23.150000000000002,0.0,30.0,80.0,0.005,0.1,0.15,0.0,mad_only
cugnPFhB2L8,53,23.585,0.0,30.0,80.0,0.005,0.1,0.15,0.0,mad_only
cugnPFhB2L8,54,24.01,0.0,30.0,80.0,0.005,0.1,0.15,0.0,mad_only
cugnPFhB2L8,55,24.45,0.0,30.0,80.0,0.005,0.1,0.15,0.0,mad_only
cugnPFhB2L8,56,24.875,0.0,30.0,80.0,0.005,0.1,0.15,0.0,mad_only
cugnPFhB2L8,57,25.305,0.0,30.0,80.0,0.005,0.1,0.15,0.0,mad_only
cugnPFhB2L8,58,25.725,0.0,30.0,80.0,0.005,0.1,0.15,0.0,mad_only
cugnPFhB2L8,59,26.175,0.0,30.0,80.0,0.005,0.1,0.15,0.0,mad_only
cugnPFhB2L8,60,26.6,0.0,30.0,80.0,0.005,0.1,0.15,0.0,mad_only
cugnPFhB2L8,61,27.025000000000002,0.0,30.0,80.0,0.005,0.1,0.15,0.0,mad_only
cugnPFhB2L8,62,27.45,0.0,30.0,80.0,0.005,0.1,0.15,0.0,mad_only
cugnPFhB2L8,63,27.88,0.0,30.0,80.0,0.005,0.1,0.15,0.0,mad_only
cugnPFhB2L8,64,28.305,0.0,30.0,80.0,0.005,0.1,0.15,0.0,mad_only
cugnPFhB2L8,65,28.735,0.0,30.0,80.0,0.005,0.1,0.15,0.0,mad_only
cugnPFhB2L8,66,29.17,0.0,30.0,80.0,0.005,0.1,0.15,0.0,mad_only
cugnPFhB2L8,67,29.59,0.0,30.0,80.0,0.005,0.1,0.15,0.0,mad_only
dlXZYP7bDCY,0,1.575,0.0,30.0,80.0,0.005,0.1,0.15,0.0,mad_only
dlXZYP7bDCY,1,2.195,0.0,30.0,80.0,0.005,0.1,0.15,0.0,mad_only
dlXZYP7bDCY,2,2.845,0.0,30.0,80.0,0.005,0.1,0.15,0.0,mad_only
dlXZYP7bDCY,3,3.515,0.0,30.0,80.0,0.005,0.1,0.15,0.0,mad_only
dlXZYP7bDCY,4,4.18,0.0,30.0,80.0,0.005,0.1,0.15,0.0,mad_only
dlXZYP7bDCY,5,4.515,0.0,30.0,80.0,0.005,0.1,0.15,0.0,mad_only
dlXZYP7bDCY,6,4.855,0.0,30.0,80.0,0.005,0.1,0.15,0.0,mad_only
dlXZYP7bDCY,7,5.51,0.0,30.0,80.0,0.005,0.1,0.15,0.0,mad_only
dlXZYP7bDCY,8,6.175,0.0,30.0,80.0,0.005,0.1,0.15,0.0,mad_only
dlXZYP7bDCY,9,6.83,0.0,30.0,80.0,0.005,0.1,0.15,0.0,mad_only
dlXZYP7bDCY,10,7.505,0.0,30.0,80.0,0.005,0.1,0.15,0.0,mad_only
dlXZYP7bDCY,11,8.175,0.0,30.0,80.0,0.005,0.1,0.15,0.0,mad_only
dlXZYP7bDCY,12,8.515,0.0,30.0,80.0,0.005,0.1,0.15,0.0,mad_only
dlXZYP7bDCY,13,8.845,0.0,30.0,80.0,0.005,0.1,0.15,0.0,mad_only
dlXZYP7bDCY,14,9.505,0.0,30.0,80.0,0.005,0.1,0.15,0.0,mad_only
dlXZYP7bDCY,15,9.85,0.0,30.0,80.0,0.005,0.1,0.15,0.0,mad_only
dlXZYP7bDCY,16,10.175,0.0,30.0,80.0,0.005,0.1,0.15,0.0,mad_only
dlXZYP7bDCY,17,10.835,0.0,30.0,80.0,0.005,0.1,0.15,0.0,mad_only
dlXZYP7bDCY,18,11.185,0.0,30.0,80.0,0.005,0.1,0.15,0.0,mad_only
dlXZYP7bDCY,19,11.515,0.0,30.0,80.0,0.005,0.1,0.15,0.0,mad_only
dlXZYP7bDCY,20,12.175,0.0,30.0,80.0,0.005,0.1,0.15,0.0,mad_only
dlXZYP7bDCY,21,12.85,0.0,30.0,80.0,0.005,0.1,0.15,0.0,mad_only
dlXZYP7bDCY,22,13.51,0.0,30.0,80.0,0.005,0.1,0.15,0.0,mad_only
dlXZYP7bDCY,23,14.185,0.0,30.0,80.0,0.005,0.1,0.15,0.0,mad_only
dlXZYP7bDCY,24,14.845,0.0,30.0,80.0,0.005,0.1,0.15,0.0,mad_only
dlXZYP7bDCY,25,15.515,0.0,30.0,80.0,0.005,0.1,0.15,0.0,mad_only
dlXZYP7bDCY,26,16.18,0.0,30.0,80.0,0.005,0.1,0.15,0.0,mad_only
dlXZYP7bDCY,27,16.855,0.0,30.0,80.0,0.005,0.1,0.15,0.0,mad_only
dlXZYP7bDCY,28,17.52,0.0,30.0,80.0,0.005,0.1,0.15,0.0,mad_only
dlXZYP7bDCY,29,17.875,0.0,30.0,80.0,0.005,0.1,0.15,0.0,mad_only
dlXZYP7bDCY,30,18.2,0.0,30.0,80.0,0.005,0.1,0.15,0.0,mad_only
dlXZYP7bDCY,31,18.86,0.0,30.0,80.0,0.005,0.1,0.15,0.0,mad_only
dlXZYP7bDCY,32,19.52,0.0,30.0,80.0,0.005,0.1,0.15,0.0,mad_only
dlXZYP7bDCY,33,20.195,0.0,30.0,80.0,0.005,0.1,0.15,0.0,mad_only
dlXZYP7bDCY,34,20.55,0.0,30.0,80.0,0.005,0.1,0.15,0.0,mad_only
dlXZYP7bDCY,35,20.89,0.0,30.0,80.0,0.005,0.1,0.15,0.0,mad_only
dlXZYP7bDCY,36,21.555,0.0,30.0,80.0,0.005,0.1,0.15,0.0,mad_only
dlXZYP7bDCY,37,22.22,0.0,30.0,80.0,0.005,0.1,0.15,0.0,mad_only
dlXZYP7bDCY,38,22.855,0.0,30.0,80.0,0.005,0.1,0.15,0.0,mad_only
dlXZYP7bDCY,39,23.54,0.0,30.0,80.0,0.005,0.1,0.15,0.0,mad_only
dlXZYP7bDCY,40,24.2,0.0,30.0,80.0,0.005,0.1,0.15,0.0,mad_only
dlXZYP7bDCY,41,24.865000000000002,0.0,30.0,80.0,0.005,0.1,0.15,0.0,mad_only
dlXZYP7bDCY,42,25.53,0.0,30.0,80.0,0.005,0.1,0.15,0.0,mad_only
dlXZYP7bDCY,43,25.86,0.0,30.0,80.0,0.005,0.1,0.15,0.0,mad_only
dlXZYP7bDCY,44,26.2,0.0,30.0,80.0,0.005,0.1,0.15,0.0,mad_only
dlXZYP7bDCY,45,26.855,0.0,30.0,80.0,0.005,0.1,0.15,0.0,mad_only
dlXZYP7bDCY,46,27.53,0.0,30.0,80.0,0.005,0.1,0.15,0.0,mad_only
dlXZYP7bDCY,47,28.19,0.0,30.0,80.0,0.005,0.1,0.15,0.0,mad_only
dlXZYP7bDCY,48,28.855,0.0,30.0,80.0,0.005,0.1,0.15,0.0,mad_only
dlXZYP7bDCY,49,29.525000000000002,0.0,30.0,80.0,0.005,0.1,0.15,0.0,mad_only
eDDXIycpNNU,0,1.0,0.0,30.0,80.0,0.005,0.1,0.15,0.0,mad_only
eDDXIycpNNU,1,1.77,0.0,30.0,80.0,0.005,0.1,0.15,0.0,mad_only
eDDXIycpNNU,2,2.165,0.0,30.0,80.0,0.005,0.1,0.15,0.0,mad_only
eDDXIycpNNU,3,2.545,0.0,30.0,80.0,0.005,0.1,0.15,0.0,mad_only
eDDXIycpNNU,4,2.915,0.0,30.0,80.0,0.005,0.1,0.15,0.0,mad_only
eDDXIycpNNU,5,3.3200000000000003,0.0,30.0,80.0,0.005,0.1,0.15,0.0,mad_only
eDDXIycpNNU,6,3.7,0.0,30.0,80.0,0.005,0.1,0.15,0.0,mad_only
eDDXIycpNNU,7,4.13,0.0,30.0,80.0,0.005,0.1,0.15,0.0,mad_only
eDDXIycpNNU,8,4.5,0.0,30.0,80.0,0.005,0.1,0.15,0.0,mad_only
eDDXIycpNNU,9,4.925,0.0,30.0,80.0,0.005,0.1,0.15,0.0,mad_only
eDDXIycpNNU,10,5.305,0.0,30.0,80.0,0.005,0.1,0.15,0.0,mad_only
eDDXIycpNNU,11,5.69,0.0,30.0,80.0,0.005,0.1,0.15,0.0,mad_only
eDDXIycpNNU,12,6.085,0.0,30.0,80.0,0.005,0.1,0.15,0.0,mad_only
eDDXIycpNNU,13,6.495,0.0,30.0,80.0,0.005,0.1,0.15,0.0,mad_only
eDDXIycpNNU,14,6.87,0.0,30.0,80.0,0.005,0.1,0.15,0.0,mad_only
eDDXIycpNNU,15,7.265000000000001,0.0,30.0,80.0,0.005,0.1,0.15,0.0,mad_only
eDDXIycpNNU,16,7.65,0.0,30.0,80.0,0.005,0.1,0.15,0.0,mad_only
eDDXIycpNNU,17,8.045,0.0,30.0,80.0,0.005,0.1,0.15,0.0,mad_only
eDDXIycpNNU,18,8.44,0.0,30.0,80.0,0.005,0.1,0.15,0.0,mad_only
eDDXIycpNNU,19,8.8,0.0,30.0,80.0,0.005,0.1,0.15,0.0,mad_only
eDDXIycpNNU,20,9.18,0.0,30.0,80.0,0.005,0.1,0.15,0.0,mad_only
eDDXIycpNNU,21,9.575000000000001,0.0,30.0,80.0,0.005,0.1,0.15,0.0,mad_only
eDDXIycpNNU,22,9.965,0.0,30.0,80.0,0.005,0.1,0.15,0.0,mad_only
eDDXIycpNNU,23,10.35,0.0,30.0,80.0,0.005,0.1,0.15,0.0,mad_only
eDDXIycpNNU,24,10.73,0.0,30.0,80.0,0.005,0.1,0.15,0.0,mad_only
eDDXIycpNNU,25,11.115,0.0,30.0,80.0,0.005,0.1,0.15,0.0,mad_only
eDDXIycpNNU,26,11.505,0.0,30.0,80.0,0.005,0.1,0.15,0.0,mad_only
eDDXIycpNNU,27,11.895,0.0,30.0,80.0,0.005,0.1,0.15,0.0,mad_only
eDDXIycpNNU,28,12.295,0.0,30.0,80.0,0.005,0.1,0.15,0.0,mad_only
eDDXIycpNNU,29,12.69,0.0,30.0,80.0,0.005,0.1,0.15,0.0,mad_only
eDDXIycpNNU,30,13.095,0.0,30.0,80.0,0.005,0.1,0.15,0.0,mad_only
eDDXIycpNNU,31,13.5,0.0,30.0,80.0,0.005,0.1,0.15,0.0,mad_only
eDDXIycpNNU,32,13.915000000000001,0.0,30.0,80.0,0.005,0.1,0.15,0.0,mad_only
eDDXIycpNNU,33,14.32,0.0,30.0,80.0,0.005,0.1,0.15,0.0,mad_only
eDDXIycpNNU,34,14.715,0.0,30.0,80.0,0.005,0.1,0.15,0.0,mad_only
eDDXIycpNNU,35,15.11,0.0,30.0,80.0,0.005,0.1,0.15,0.0,mad_only
eDDXIycpNNU,36,15.51,0.0,30.0,80.0,0.005,0.1,0.15,0.0,mad_only
eDDXIycpNNU,37,15.905000000000001,0.0,30.0,80.0,0.005,0.1,0.15,0.0,mad_only
eDDXIycpNNU,38,16.3,0.0,30.0,80.0,0.005,0.1,0.15,0.0,mad_only
eDDXIycpNNU,39,16.695,0.0,30.0,80.0,0.005,0.1,0.15,0.0,mad_only
eDDXIycpNNU,40,17.09,0.0,30.0,80.0,0.005,0.1,0.15,0.0,mad_only
eDDXIycpNNU,41,17.475,0.0,30.0,80.0,0.005,0.1,0.15,0.0,mad_only
eDDXIycpNNU,42,17.885,0.0,30.0,80.0,0.005,0.1,0.15,0.0,mad_only
eDDXIycpNNU,43,18.26,0.0,30.0,80.0,0.005,0.1,0.15,0.0,mad_only
eDDXIycpNNU,44,18.675,0.0,30.0,80.0,0.005,0.1,0.15,0.0,mad_only
eDDXIycpNNU,45,19.065,0.0,30.0,80.0,0.005,0.1,0.15,0.0,mad_only
eDDXIycpNNU,46,19.46,0.0,30.0,80.0,0.005,0.1,0.15,0.0,mad_only
eDDXIycpNNU,47,19.855,0.0,30.0,80.0,0.005,0.1,0.15,0.0,mad_only
eDDXIycpNNU,48,20.275000000000002,0.0,30.0,80.0,0.005,0.1,0.15,0.0,mad_only
eDDXIycpNNU,49,20.66,0.0,30.0,80.0,0.005,0.1,0.15,0.0,mad_only
eDDXIycpNNU,50,21.055,0.0,30.0,80.0,0.005,0.1,0.15,0.0,mad_only
eDDXIycpNNU,51,21.465,0.0,30.0,80.0,0.005,0.1,0.15,0.0,mad_only
eDDXIycpNNU,52,21.84,0.0,30.0,80.0,0.005,0.1,0.15,0.0,mad_only
eDDXIycpNNU,53,22.255,0.0,30.0,80.0,0.005,0.1,0.15,0.0,mad_only
eDDXIycpNNU,54,22.655,0.0,30.0,80.0,0.005,0.1,0.15,0.0,mad_only
eDDXIycpNNU,55,23.045,0.0,30.0,80.0,0.005,0.1,0.15,0.0,mad_only
eDDXIycpNNU,56,23.43,0.0,30.0,80.0,0.005,0.1,0.15,0.0,mad_only
eDDXIycpNNU,57,23.84,0.0,30.0,80.0,0.005,0.1,0.15,0.0,mad_only
eDDXIycpNNU,58,24.225,0.0,30.0,80.0,0.005,0.1,0.15,0.0,mad_only
eDDXIycpNNU,59,24.61,0.0,30.0,80.0,0.005,0.1,0.15,0.0,mad_only
eDDXIycpNNU,60,25.025000000000002,0.0,30.0,80.0,0.005,0.1,0.15,0.0,mad_only
eDDXIycpNNU,61,25.405,0.0,30.0,80.0,0.005,0.1,0.15,0.0,mad_only
eDDXIycpNNU,62,25.82,0.0,30.0,80.0,0.005,0.1,0.15,0.0,mad_only
eDDXIycpNNU,63,26.215,0.0,30.0,80.0,0.005,0.1,0.15,0.0,mad_only
eDDXIycpNNU,64,26.59,0.0,30.0,80.0,0.005,0.1,0.15,0.0,mad_only
eDDXIycpNNU,65,26.965,0.0,30.0,80.0,0.005,0.1,0.15,0.0,mad_only
eDDXIycpNNU,66,27.365000000000002,0.0,30.0,80.0,0.005,0.1,0.15,0.0,mad_only
eDDXIycpNNU,67,27.755,0.0,30.0,80.0,0.005,0.1,0.15,0.0,mad_only
eDDXIycpNNU,68,28.155,0.0,30.0,80.0,0.005,0.1,0.15,0.0,mad_only
eDDXIycpNNU,69,28.565,0.0,30.0,80.0,0.005,0.1,0.15,0.0,mad_only
eDDXIycpNNU,70,28.93,0.0,30.0,80.0,0.005,0.1,0.15,0.0,mad_only
eDDXIycpNNU,71,29.32,0.0,30.0,80.0,0.005,0.1,0.15,0.0,mad_only
eDDXIycpNNU,72,29.735,0.0,30.0,80.0,0.005,0.1,0.15,0.0,mad_only
eQbTz-OUyfA,0,0.67,0.0,30.0,80.0,0.005,0.1,0.15,0.0,mad_only
eQbTz-OUyfA,1,1.24,0.0,30.0,80.0,0.005,0.1,0.15,0.0,mad_only
eQbTz-OUyfA,2,1.815,0.0,30.0,80.0,0.005,0.1,0.15,0.0,mad_only
eQbTz-OUyfA,3,2.4050000000000002,0.0,30.0,80.0,0.005,0.1,0.15,0.0,mad_only
eQbTz-OUyfA,4,2.985,0.0,30.0,80.0,0.005,0.1,0.15,0.0,mad_only
eQbTz-OUyfA,5,3.585,0.0,30.0,80.0,0.005,0.1,0.15,0.0,mad_only
eQbTz-OUyfA,6,4.16,0.0,30.0,80.0,0.005,0.1,0.15,0.0,mad_only
eQbTz-OUyfA,7,4.75,0.0,30.0,80.0,0.005,0.1,0.15,0.0,mad_only
eQbTz-OUyfA,8,5.34,0.0,30.0,80.0,0.005,0.1,0.15,0.0,mad_only
eQbTz-OUyfA,9,5.93,0.0,30.0,80.0,0.005,0.1,0.15,0.0,mad_only
eQbTz-OUyfA,10,6.5,0.0,30.0,80.0,0.005,0.1,0.15,0.0,mad_only
eQbTz-OUyfA,11,7.1000000000000005,0.0,30.0,80.0,0.005,0.1,0.15,0.0,mad_only
eQbTz-OUyfA,12,7.69,0.0,30.0,80.0,0.005,0.1,0.15,0.0,mad_only
eQbTz-OUyfA,13,8.28,0.0,30.0,80.0,0.005,0.1,0.15,0.0,mad_only
eQbTz-OUyfA,14,8.855,0.0,30.0,80.0,0.005,0.1,0.15,0.0,mad_only
eQbTz-OUyfA,15,9.445,0.0,30.0,80.0,0.005,0.1,0.15,0.0,mad_only
eQbTz-OUyfA,16,10.03,0.0,30.0,80.0,0.005,0.1,0.15,0.0,mad_only
eQbTz-OUyfA,17,10.625,0.0,30.0,80.0,0.005,0.1,0.15,0.0,mad_only
eQbTz-OUyfA,18,11.200000000000001,0.0,30.0,80.0,0.005,0.1,0.15,0.0,mad_only
eQbTz-OUyfA,19,11.8,0.0,30.0,80.0,0.005,0.1,0.15,0.0,mad_only
eQbTz-OUyfA,20,12.39,0.0,30.0,80.0,0.005,0.1,0.15,0.0,mad_only
eQbTz-OUyfA,21,12.98,0.0,30.0,80.0,0.005,0.1,0.15,0.0,mad_only
eQbTz-OUyfA,22,13.565,0.0,30.0,80.0,0.005,0.1,0.15,0.0,mad_only
eQbTz-OUyfA,23,14.15,0.0,30.0,80.0,0.005,0.1,0.15,0.0,mad_only
eQbTz-OUyfA,24,14.74,0.0,30.0,80.0,0.005,0.1,0.15,0.0,mad_only
eQbTz-OUyfA,25,15.33,0.0,30.0,80.0,0.005,0.1,0.15,0.0,mad_only
eQbTz-OUyfA,26,15.9,0.0,30.0,80.0,0.005,0.1,0.15,0.0,mad_only
eQbTz-OUyfA,27,16.51,0.0,30.0,80.0,0.005,0.1,0.15,0.0,mad_only
eQbTz-OUyfA,28,17.085,0.0,30.0,80.0,0.005,0.1,0.15,0.0,mad_only
eQbTz-OUyfA,29,17.685,0.0,30.0,80.0,0.005,0.1,0.15,0.0,mad_only
eQbTz-OUyfA,30,18.26,0.0,30.0,80.0,0.005,0.1,0.15,0.0,mad_only
eQbTz-OUyfA,31,18.855,0.0,30.0,80.0,0.005,0.1,0.15,0.0,mad_only
eQbTz-OUyfA,32,19.44,0.0,30.0,80.0,0.005,0.1,0.15,0.0,mad_only
eQbTz-OUyfA,33,20.035,0.0,30.0,80.0,0.005,0.1,0.15,0.0,mad_only
eQbTz-OUyfA,34,20.615000000000002,0.0,30.0,80.0,0.005,0.1,0.15,0.0,mad_only
eQbTz-OUyfA,35,21.21,0.0,30.0,80.0,0.005,0.1,0.15,0.0,mad_only
eQbTz-OUyfA,36,21.795,0.0,30.0,80.0,0.005,0.1,0.15,0.0,mad_only
eQbTz-OUyfA,37,22.385,0.0,30.0,80.0,0.005,0.1,0.15,0.0,mad_only
eQbTz-OUyfA,38,22.965,0.0,30.0,80.0,0.005,0.1,0.15,0.0,mad_only
eQbTz-OUyfA,39,23.555,0.0,30.0,80.0,0.005,0.1,0.15,0.0,mad_only
eQbTz-OUyfA,40,24.14,0.0,30.0,80.0,0.005,0.1,0.15,0.0,mad_only
eQbTz-OUyfA,41,24.73,0.0,30.0,80.0,0.005,0.1,0.15,0.0,mad_only
eQbTz-OUyfA,42,25.305,0.0,30.0,80.0,0.005,0.1,0.15,0.0,mad_only
eQbTz-OUyfA,43,25.91,0.0,30.0,80.0,0.005,0.1,0.15,0.0,mad_only
eQbTz-OUyfA,44,26.490000000000002,0.0,30.0,80.0,0.005,0.1,0.15,0.0,mad_only
eQbTz-OUyfA,45,27.085,0.0,30.0,80.0,0.005,0.1,0.15,0.0,mad_only
eQbTz-OUyfA,46,27.67,0.0,30.0,80.0,0.005,0.1,0.15,0.0,mad_only
eQbTz-OUyfA,47,28.265,0.0,30.0,80.0,0.005,0.1,0.15,0.0,mad_only
eQbTz-OUyfA,48,28.855,0.0,30.0,80.0,0.005,0.1,0.15,0.0,mad_only
eQbTz-OUyfA,49,29.45,0.0,30.0,80.0,0.005,0.1,0.15,0.0,mad_only
ebHTsxs9j4A,0,0.77,0.0,30.0,80.0,0.005,0.1,0.15,0.0,mad_only
ebHTsxs9j4A,1,1.385,0.0,30.0,80.0,0.005,0.1,0.15,0.0,mad_only
ebHTsxs9j4A,2,2.02,0.0,30.0,80.0,0.005,0.1,0.15,0.0,mad_only
ebHTsxs9j4A,3,2.65,0.0,30.0,80.0,0.005,0.1,0.15,0.0,mad_only
ebHTsxs9j4A,4,3.2800000000000002,0.0,30.0,80.0,0.005,0.1,0.15,0.0,mad_only
ebHTsxs9j4A,5,3.94,0.0,30.0,80.0,0.005,0.1,0.15,0.0,mad_only
ebHTsxs9j4A,6,4.575,0.0,30.0,80.0,0.005,0.1,0.15,0.0,mad_only
ebHTsxs9j4A,7,5.23,0.0,30.0,80.0,0.005,0.1,0.15,0.0,mad_only
ebHTsxs9j4A,8,5.87,0.0,30.0,80.0,0.005,0.1,0.15,0.0,mad_only
ebHTsxs9j4A,9,6.53,0.0,30.0,80.0,0.005,0.1,0.15,0.0,mad_only
ebHTsxs9j4A,10,7.165,0.0,30.0,80.0,0.005,0.1,0.15,0.0,mad_only
ebHTsxs9j4A,11,7.8100000000000005,0.0,30.0,80.0,0.005,0.1,0.15,0.0,mad_only
ebHTsxs9j4A,12,8.445,0.0,30.0,80.0,0.005,0.1,0.15,0.0,mad_only
ebHTsxs9j4A,13,9.095,0.0,30.0,80.0,0.005,0.1,0.15,0.0,mad_only
ebHTsxs9j4A,14,9.73,0.0,30.0,80.0,0.005,0.1,0.15,0.0,mad_only
ebHTsxs9j4A,15,10.38,0.0,30.0,80.0,0.005,0.1,0.15,0.0,mad_only
ebHTsxs9j4A,16,11.015,0.0,30.0,80.0,0.005,0.1,0.15,0.0,mad_only
ebHTsxs9j4A,17,11.685,0.0,30.0,80.0,0.005,0.1,0.15,0.0,mad_only
ebHTsxs9j4A,18,12.33,0.0,30.0,80.0,0.005,0.1,0.15,0.0,mad_only
ebHTsxs9j4A,19,12.975,0.0,30.0,80.0,0.005,0.1,0.15,0.0,mad_only
ebHTsxs9j4A,20,13.595,0.0,30.0,80.0,0.005,0.1,0.15,0.0,mad_only
ebHTsxs9j4A,21,14.26,0.0,30.0,80.0,0.005,0.1,0.15,0.0,mad_only
ebHTsxs9j4A,22,14.885,0.0,30.0,80.0,0.005,0.1,0.15,0.0,mad_only
ebHTsxs9j4A,23,15.525,0.0,30.0,80.0,0.005,0.1,0.15,0.0,mad_only
ebHTsxs9j4A,24,16.17,0.0,30.0,80.0,0.005,0.1,0.15,0.0,mad_only
ebHTsxs9j4A,25,16.830000000000002,0.0,30.0,80.0,0.005,0.1,0.15,0.0,mad_only
ebHTsxs9j4A,26,17.465,0.0,30.0,80.0,0.005,0.1,0.15,0.0,mad_only
ebHTsxs9j4A,27,18.12,0.0,30.0,80.0,0.005,0.1,0.15,0.0,mad_only
ebHTsxs9j4A,28,18.76,0.0,30.0,80.0,0.005,0.1,0.15,0.0,mad_only
ebHTsxs9j4A,29,19.42,0.0,30.0,80.0,0.005,0.1,0.15,0.0,mad_only
ebHTsxs9j4A,30,20.06,0.0,30.0,80.0,0.005,0.1,0.15,0.0,mad_only
ebHTsxs9j4A,31,20.705000000000002,0.0,30.0,80.0,0.005,0.1,0.15,0.0,mad_only
ebHTsxs9j4A,32,21.345,0.0,30.0,80.0,0.005,0.1,0.15,0.0,mad_only
ebHTsxs9j4A,33,22.0,0.0,30.0,80.0,0.005,0.1,0.15,0.0,mad_only
ebHTsxs9j4A,34,22.645,0.0,30.0,80.0,0.005,0.1,0.15,0.0,mad_only
ebHTsxs9j4A,35,23.29,0.0,30.0,80.0,0.005,0.1,0.15,0.0,mad_only
ebHTsxs9j4A,36,23.935000000000002,0.0,30.0,80.0,0.005,0.1,0.15,0.0,mad_only
ebHTsxs9j4A,37,24.585,0.0,30.0,80.0,0.005,0.1,0.15,0.0,mad_only
ebHTsxs9j4A,38,25.235,0.0,30.0,80.0,0.005,0.1,0.15,0.0,mad_only
ebHTsxs9j4A,39,25.875,0.0,30.0,80.0,0.005,0.1,0.15,0.0,mad_only
ebHTsxs9j4A,40,26.515,0.0,30.0,80.0,0.005,0.1,0.15,0.0,mad_only
ebHTsxs9j4A,41,27.16,0.0,30.0,80.0,0.005,0.1,0.15,0.0,mad_only
ebHTsxs9j4A,42,27.810000000000002,0.0,30.0,80.0,0.005,0.1,0.15,0.0,mad_only
ebHTsxs9j4A,43,28.455000000000002,0.0,30.0,80.0,0.005,0.1,0.15,0.0,mad_only
ebHTsxs9j4A,44,29.095,0.0,30.0,80.0,0.005,0.1,0.15,0.0,mad_only
ebHTsxs9j4A,45,29.72,0.0,30.0,80.0,0.005,0.1,0.15,0.0,mad_only
ebgt9w3tLcQ,0,1.1,0.0,30.0,80.0,0.005,0.1,0.15,0.0,mad_only
ebgt9w3tLcQ,1,1.725,0.0,30.0,80.0,0.005,0.1,0.15,0.0,mad_only
ebgt9w3tLcQ,2,2.34,0.0,30.0,80.0,0.005,0.1,0.15,0.0,mad_only
ebgt9w3tLcQ,3,2.965,0.0,30.0,80.0,0.005,0.1,0.15,0.0,mad_only
ebgt9w3tLcQ,4,3.5700000000000003,0.0,30.0,80.0,0.005,0.1,0.15,0.0,mad_only
ebgt9w3tLcQ,5,4.16,0.0,30.0,80.0,0.005,0.1,0.15,0.0,mad_only
ebgt9w3tLcQ,6,4.7700000000000005,0.0,30.0,80.0,0.005,0.1,0.15,0.0,mad_only
ebgt9w3tLcQ,7,5.38,0.0,30.0,80.0,0.005,0.1,0.15,0.0,mad_only
ebgt9w3tLcQ,8,6.01,0.0,30.0,80.0,0.005,0.1,0.15,0.0,mad_only
ebgt9w3tLcQ,9,6.62,0.0,30.0,80.0,0.005,0.1,0.15,0.0,mad_only
ebgt9w3tLcQ,10,7.215,0.0,30.0,80.0,0.005,0.1,0.15,0.0,mad_only
ebgt9w3tLcQ,11,7.83,0.0,30.0,80.0,0.005,0.1,0.15,0.0,mad_only
ebgt9w3tLcQ,12,8.43,0.0,30.0,80.0,0.005,0.1,0.15,0.0,mad_only
ebgt9w3tLcQ,13,9.040000000000001,0.0,30.0,80.0,0.005,0.1,0.15,0.0,mad_only
ebgt9w3tLcQ,14,9.64,0.0,30.0,80.0,0.005,0.1,0.15,0.0,mad_only
ebgt9w3tLcQ,15,10.245000000000001,0.0,30.0,80.0,0.005,0.1,0.15,0.0,mad_only
ebgt9w3tLcQ,16,10.85,0.0,30.0,80.0,0.005,0.1,0.15,0.0,mad_only
ebgt9w3tLcQ,17,11.465,0.0,30.0,80.0,0.005,0.1,0.15,0.0,mad_only
ebgt9w3tLcQ,18,12.075000000000001,0.0,30.0,80.0,0.005,0.1,0.15,0.0,mad_only
ebgt9w3tLcQ,19,12.685,0.0,30.0,80.0,0.005,0.1,0.15,0.0,mad_only
ebgt9w3tLcQ,20,13.275,0.0,30.0,80.0,0.005,0.1,0.15,0.0,mad_only
ebgt9w3tLcQ,21,13.9,0.0,30.0,80.0,0.005,0.1,0.15,0.0,mad_only
ebgt9w3tLcQ,22,14.505,0.0,30.0,80.0,0.005,0.1,0.15,0.0,mad_only
ebgt9w3tLcQ,23,15.115,0.0,30.0,80.0,0.005,0.1,0.15,0.0,mad_only
ebgt9w3tLcQ,24,15.725,0.0,30.0,80.0,0.005,0.1,0.15,0.0,mad_only
ebgt9w3tLcQ,25,16.34,0.0,30.0,80.0,0.005,0.1,0.15,0.0,mad_only
ebgt9w3tLcQ,26,16.945,0.0,30.0,80.0,0.005,0.1,0.15,0.0,mad_only
ebgt9w3tLcQ,27,17.56,0.0,30.0,80.0,0.005,0.1,0.15,0.0,mad_only
ebgt9w3tLcQ,28,18.150000000000002,0.0,30.0,80.0,0.005,0.1,0.15,0.0,mad_only
ebgt9w3tLcQ,29,18.765,0.0,30.0,80.0,0.005,0.1,0.15,0.0,mad_only
ebgt9w3tLcQ,30,19.38,0.0,30.0,80.0,0.005,0.1,0.15,0.0,mad_only
ebgt9w3tLcQ,31,19.990000000000002,0.0,30.0,80.0,0.005,0.1,0.15,0.0,mad_only
ebgt9w3tLcQ,32,20.595,0.0,30.0,80.0,0.005,0.1,0.15,0.0,mad_only
ebgt9w3tLcQ,33,21.21,0.0,30.0,80.0,0.005,0.1,0.15,0.0,mad_only
ebgt9w3tLcQ,34,21.815,0.0,30.0,80.0,0.005,0.1,0.15,0.0,mad_only
ebgt9w3tLcQ,35,22.415,0.0,30.0,80.0,0.005,0.1,0.15,0.0,mad_only
ebgt9w3tLcQ,36,23.015,0.0,30.0,80.0,0.005,0.1,0.15,0.0,mad_only
ebgt9w3tLcQ,37,23.635,0.0,30.0,80.0,0.005,0.1,0.15,0.0,mad_only
ebgt9w3tLcQ,38,24.255,0.0,30.0,80.0,0.005,0.1,0.15,0.0,mad_only
ebgt9w3tLcQ,39,24.865000000000002,0.0,30.0,80.0,0.005,0.1,0.15,0.0,mad_only
ebgt9w3tLcQ,40,25.505,0.0,30.0,80.0,0.005,0.1,0.15,0.0,mad_only
ebgt9w3tLcQ,41,26.105,0.0,30.0,80.0,0.005,0.1,0.15,0.0,mad_only
ebgt9w3tLcQ,42,26.725,0.0,30.0,80.0,0.005,0.1,0.15,0.0,mad_only
ebgt9w3tLcQ,43,27.32,0.0,30.0,80.0,0.005,0.1,0.15,0.0,mad_only
ebgt9w3tLcQ,44,27.925,0.0,30.0,80.0,0.005,0.1,0.15,0.0,mad_only
ebgt9w3tLcQ,45,28.535,0.0,30.0,80.0,0.005,0.1,0.15,0.0,mad_only
ebgt9w3tLcQ,46,29.145,0.0,30.0,80.0,0.005,0.1,0.15,0.0,mad_only
ebgt9w3tLcQ,47,29.725,0.0,30.0,80.0,0.005,0.1,0.15,0.0,mad_only
f8edbq7JoqQ,0,0.775,0.0,30.0,80.0,0.005,0.1,0.15,0.0,mad_only
f8edbq7JoqQ,1,1.455,0.0,30.0,80.0,0.005,0.1,0.15,0.0,mad_only
f8edbq7JoqQ,2,2.145,0.0,30.0,80.0,0.005,0.1,0.15,0.0,mad_only
f8edbq7JoqQ,3,2.485,0.0,30.0,80.0,0.005,0.1,0.15,0.0,mad_only
f8edbq7JoqQ,4,2.84,0.0,30.0,80.0,0.005,0.1,0.15,0.0,mad_only
f8edbq7JoqQ,5,3.2,0.0,30.0,80.0,0.005,0.1,0.15,0.0,mad_only
f8edbq7JoqQ,6,3.555,0.0,30.0,80.0,0.005,0.1,0.15,0.0,mad_only
f8edbq7JoqQ,7,4.23,0.0,30.0,80.0,0.005,0.1,0.15,0.0,mad_only
f8edbq7JoqQ,8,4.925,0.0,30.0,80.0,0.005,0.1,0.15,0.0,mad_only
f8edbq7JoqQ,9,5.275,0.0,30.0,80.0,0.005,0.1,0.15,0.0,mad_only
f8edbq7JoqQ,10,5.63,0.0,30.0,80.0,0.005,0.1,0.15,0.0,mad_only
f8edbq7JoqQ,11,5.98,0.0,30.0,80.0,0.005,0.1,0.15,0.0,mad_only
f8edbq7JoqQ,12,6.335,0.0,30.0,80.0,0.005,0.1,0.15,0.0,mad_only
f8edbq7JoqQ,13,6.68,0.0,30.0,80.0,0.005,0.1,0.15,0.0,mad_only
f8edbq7JoqQ,14,7.0200000000000005,0.0,30.0,80.0,0.005,0.1,0.15,0.0,mad_only
f8edbq7JoqQ,15,7.365,0.0,30.0,80.0,0.005,0.1,0.15,0.0,mad_only
f8edbq7JoqQ,16,7.71,0.0,30.0,80.0,0.005,0.1,0.15,0.0,mad_only
f8edbq7JoqQ,17,8.06,0.0,30.0,80.0,0.005,0.1,0.15,0.0,mad_only
f8edbq7JoqQ,18,8.415000000000001,0.0,30.0,80.0,0.005,0.1,0.15,0.0,mad_only
f8edbq7JoqQ,19,8.755,0.0,30.0,80.0,0.005,0.1,0.15,0.0,mad_only
f8edbq7JoqQ,20,9.11,0.0,30.0,80.0,0.005,0.1,0.15,0.0,mad_only
f8edbq7JoqQ,21,9.450000000000001,0.0,30.0,80.0,0.005,0.1,0.15,0.0,mad_only
f8edbq7JoqQ,22,9.815,0.0,30.0,80.0,0.005,0.1,0.15,0.0,mad_only
f8edbq7JoqQ,23,10.15,0.0,30.0,80.0,0.005,0.1,0.15,0.0,mad_only
f8edbq7JoqQ,24,10.5,0.0,30.0,80.0,0.005,0.1,0.15,0.0,mad_only
f8edbq7JoqQ,25,10.85,0.0,30.0,80.0,0.005,0.1,0.15,0.0,mad_only
f8edbq7JoqQ,26,11.195,0.0,30.0,80.0,0.005,0.1,0.15,0.0,mad_only
f8edbq7JoqQ,27,11.56,0.0,30.0,80.0,0.005,0.1,0.15,0.0,mad_only
f8edbq7JoqQ,28,11.9,0.0,30.0,80.0,0.005,0.1,0.15,0.0,mad_only
f8edbq7JoqQ,29,12.25,0.0,30.0,80.0,0.005,0.1,0.15,0.0,mad_only
f8edbq7JoqQ,30,12.6,0.0,30.0,80.0,0.005,0.1,0.15,0.0,mad_only
f8edbq7JoqQ,31,12.950000000000001,0.0,30.0,80.0,0.005,0.1,0.15,0.0,mad_only
f8edbq7JoqQ,32,13.305,0.0,30.0,80.0,0.005,0.1,0.15,0.0,mad_only
f8edbq7JoqQ,33,13.635,0.0,30.0,80.0,0.005,0.1,0.15,0.0,mad_only
f8edbq7JoqQ,34,13.975,0.0,30.0,80.0,0.005,0.1,0.15,0.0,mad_only
f8edbq7JoqQ,35,14.685,0.0,30.0,80.0,0.005,0.1,0.15,0.0,mad_only
f8edbq7JoqQ,36,15.38,0.0,30.0,80.0,0.005,0.1,0.15,0.0,mad_only
f8edbq7JoqQ,37,15.74,0.0,30.0,80.0,0.005,0.1,0.15,0.0,mad_only
f8edbq7JoqQ,38,16.085,0.0,30.0,80.0,0.005,0.1,0.15,0.0,mad_only
f8edbq7JoqQ,39,16.44,0.0,30.0,80.0,0.005,0.1,0.15,0.0,mad_only
f8edbq7JoqQ,40,16.78,0.0,30.0,80.0,0.005,0.1,0.15,0.0,mad_only
f8edbq7JoqQ,41,17.145,0.0,30.0,80.0,0.005,0.1,0.15,0.0,mad_only
f8edbq7JoqQ,42,17.485,0.0,30.0,80.0,0.005,0.1,0.15,0.0,mad_only
f8edbq7JoqQ,43,17.84,0.0,30.0,80.0,0.005,0.1,0.15,0.0,mad_only
f8edbq7JoqQ,44,18.18,0.0,30.0,80.0,0.005,0.1,0.15,0.0,mad_only
f8edbq7JoqQ,45,18.54,0.0,30.0,80.0,0.005,0.1,0.15,0.0,mad_only
f8edbq7JoqQ,46,18.885,0.0,30.0,80.0,0.005,0.1,0.15,0.0,mad_only
f8edbq7JoqQ,47,19.235,0.0,30.0,80.0,0.005,0.1,0.15,0.0,mad_only
f8edbq7JoqQ,48,19.580000000000002,0.0,30.0,80.0,0.005,0.1,0.15,0.0,mad_only
f8edbq7JoqQ,49,19.95,0.0,30.0,80.0,0.005,0.1,0.15,0.0,mad_only
f8edbq7JoqQ,50,20.285,0.0,30.0,80.0,0.005,0.1,0.15,0.0,mad_only
f8edbq7JoqQ,51,20.63,0.0,30.0,80.0,0.005,0.1,0.15,0.0,mad_only
f8edbq7JoqQ,52,20.97,0.0,30.0,80.0,0.005,0.1,0.15,0.0,mad_only
f8edbq7JoqQ,53,21.330000000000002,0.0,30.0,80.0,0.005,0.1,0.15,0.0,mad_only
f8edbq7JoqQ,54,21.66,0.0,30.0,80.0,0.005,0.1,0.15,0.0,mad_only
f8edbq7JoqQ,55,22.01,0.0,30.0,80.0,0.005,0.1,0.15,0.0,mad_only
f8edbq7JoqQ,56,22.355,0.0,30.0,80.0,0.005,0.1,0.15,0.0,mad_only
f8edbq7JoqQ,57,22.72,0.0,30.0,80.0,0.005,0.1,0.15,0.0,mad_only
f8edbq7JoqQ,58,23.06,0.0,30.0,80.0,0.005,0.1,0.15,0.0,mad_only
f8edbq7JoqQ,59,23.41,0.0,30.0,80.0,0.005,0.1,0.15,0.0,mad_only
f8edbq7JoqQ,60,23.755,0.0,30.0,80.0,0.005,0.1,0.15,0.0,mad_only
f8edbq7JoqQ,61,24.12,0.0,30.0,80.0,0.005,0.1,0.15,0.0,mad_only
f8edbq7JoqQ,62,24.465,0.0,30.0,80.0,0.005,0.1,0.15,0.0,mad_only
f8edbq7JoqQ,63,24.815,0.0,30.0,80.0,0.005,0.1,0.15,0.0,mad_only
f8edbq7JoqQ,64,25.16,0.0,30.0,80.0,0.005,0.1,0.15,0.0,mad_only
f8edbq7JoqQ,65,25.525000000000002,0.0,30.0,80.0,0.005,0.1,0.15,0.0,mad_only
f8edbq7JoqQ,66,25.855,0.0,30.0,80.0,0.005,0.1,0.15,0.0,mad_only
f8edbq7JoqQ,67,26.225,0.0,30.0,80.0,0.005,0.1,0.15,0.0,mad_only
f8edbq7JoqQ,68,26.555,0.0,30.0,80.0,0.005,0.1,0.15,0.0,mad_only
f8edbq7JoqQ,69,26.925,0.0,30.0,80.0,0.005,0.1,0.15,0.0,mad_only
f8edbq7JoqQ,70,27.26,0.0,30.0,80.0,0.005,0.1,0.15,0.0,mad_only
f8edbq7JoqQ,71,27.61,0.0,30.0,80.0,0.005,0.1,0.15,0.0,mad_only
f8edbq7JoqQ,72,27.95,0.0,30.0,80.0,0.005,0.1,0.15,0.0,mad_only
f8edbq7JoqQ,73,28.315,0.0,30.0,80.0,0.005,0.1,0.15,0.0,mad_only
f8edbq7JoqQ,74,28.655,0.0,30.0,80.0,0.005,0.1,0.15,0.0,mad_only
f8edbq7JoqQ,75,29.02,0.0,30.0,80.0,0.005,0.1,0.15,0.0,mad_only
f8edbq7JoqQ,76,29.35,0.0,30.0,80.0,0.005,0.1,0.15,0.0,mad_only
f9a5K5vowLo,0,1.355,0.0,30.0,80.0,0.005,0.1,0.15,0.0,mad_only
f9a5K5vowLo,1,2.3850000000000002,0.0,30.0,80.0,0.005,0.1,0.15,0.0,mad_only
f9a5K5vowLo,2,3.0100000000000002,0.0,30.0,80.0,0.005,0.1,0.15,0.0,mad_only
f9a5K5vowLo,3,3.6550000000000002,0.0,30.0,80.0,0.005,0.1,0.15,0.0,mad_only
f9a5K5vowLo,4,4.3100000000000005,0.0,30.0,80.0,0.005,0.1,0.15,0.0,mad_only
f9a5K5vowLo,5,4.96,0.0,30.0,80.0,0.005,0.1,0.15,0.0,mad_only
f9a5K5vowLo,6,5.625,0.0,30.0,80.0,0.005,0.1,0.15,0.0,mad_only
f9a5K5vowLo,7,6.285,0.0,30.0,80.0,0.005,0.1,0.15,0.0,mad_only
f9a5K5vowLo,8,6.95,0.0,30.0,80.0,0.005,0.1,0.15,0.0,mad_only
f9a5K5vowLo,9,7.58,0.0,30.0,80.0,0.005,0.1,0.15,0.0,mad_only
f9a5K5vowLo,10,8.24,0.0,30.0,80.0,0.005,0.1,0.15,0.0,mad_only
f9a5K5vowLo,11,8.565,0.0,30.0,80.0,0.005,0.1,0.15,0.0,mad_only
f9a5K5vowLo,12,8.89,0.0,30.0,80.0,0.005,0.1,0.15,0.0,mad_only
f9a5K5vowLo,13,9.555,0.0,30.0,80.0,0.005,0.1,0.15,0.0,mad_only
f9a5K5vowLo,14,10.23,0.0,30.0,80.0,0.005,0.1,0.15,0.0,mad_only
f9a5K5vowLo,15,10.89,0.0,30.0,80.0,0.005,0.1,0.15,0.0,mad_only
f9a5K5vowLo,16,11.21,0.0,30.0,80.0,0.005,0.1,0.15,0.0,mad_only
f9a5K5vowLo,17,11.545,0.0,30.0,80.0,0.005,0.1,0.15,0.0,mad_only
f9a5K5vowLo,18,12.200000000000001,0.0,30.0,80.0,0.005,0.1,0.15,0.0,mad_only
f9a5K5vowLo,19,12.85,0.0,30.0,80.0,0.005,0.1,0.15,0.0,mad_only
f9a5K5vowLo,20,13.525,0.0,30.0,80.0,0.005,0.1,0.15,0.0,mad_only
f9a5K5vowLo,21,14.17,0.0,30.0,80.0,0.005,0.1,0.15,0.0,mad_only
f9a5K5vowLo,22,14.84,0.0,30.0,80.0,0.005,0.1,0.15,0.0,mad_only
f9a5K5vowLo,23,15.5,0.0,30.0,80.0,0.005,0.1,0.15,0.0,mad_only
f9a5K5vowLo,24,16.155,0.0,30.0,80.0,0.005,0.1,0.15,0.0,mad_only
f9a5K5vowLo,25,16.48,0.0,30.0,80.0,0.005,0.1,0.15,0.0,mad_only
f9a5K5vowLo,26,16.815,0.0,30.0,80.0,0.005,0.1,0.15,0.0,mad_only
f9a5K5vowLo,27,17.485,0.0,30.0,80.0,0.005,0.1,0.15,0.0,mad_only
f9a5K5vowLo,28,18.145,0.0,30.0,80.0,0.005,0.1,0.15,0.0,mad_only
f9a5K5vowLo,29,18.815,0.0,30.0,80.0,0.005,0.1,0.15,0.0,mad_only
f9a5K5vowLo,30,19.13,0.0,30.0,80.0,0.005,0.1,0.15,0.0,mad_only
f9a5K5vowLo,31,19.475,0.0,30.0,80.0,0.005,0.1,0.15,0.0,mad_only
f9a5K5vowLo,32,20.135,0.0,30.0,80.0,0.005,0.1,0.15,0.0,mad_only
f9a5K5vowLo,33,20.775000000000002,0.0,30.0,80.0,0.005,0.1,0.15,0.0,mad_only
f9a5K5vowLo,34,21.44,0.0,30.0,80.0,0.005,0.1,0.15,0.0,mad_only
f9a5K5vowLo,35,22.095,0.0,30.0,80.0,0.005,0.1,0.15,0.0,mad_only
f9a5K5vowLo,36,22.76,0.0,30.0,80.0,0.005,0.1,0.15,0.0,mad_only
f9a5K5vowLo,37,23.425,0.0,30.0,80.0,0.005,0.1,0.15,0.0,mad_only
f9a5K5vowLo,38,24.065,0.0,30.0,80.0,0.005,0.1,0.15,0.0,mad_only
f9a5K5vowLo,39,24.72,0.0,30.0,80.0,0.005,0.1,0.15,0.0,mad_only
f9a5K5vowLo,40,25.400000000000002,0.0,30.0,80.0,0.005,0.1,0.15,0.0,mad_only
f9a5K5vowLo,41,26.055,0.0,30.0,80.0,0.005,0.1,0.15,0.0,mad_only
f9a5K5vowLo,42,26.725,0.0,30.0,80.0,0.005,0.1,0.15,0.0,mad_only
f9a5K5vowLo,43,27.38,0.0,30.0,80.0,0.005,0.1,0.15,0.0,mad_only
f9a5K5vowLo,44,28.05,0.0,30.0,80.0,0.005,0.1,0.15,0.0,mad_only
f9a5K5vowLo,45,28.685000000000002,0.0,30.0,80.0,0.005,0.1,0.15,0.0,mad_only
f9a5K5vowLo,46,29.345,0.0,30.0,80.0,0.005,0.1,0.15,0.0,mad_only
f9a5K5vowLo,47,29.935000000000002,0.0,30.0,80.0,0.005,0.1,0.15,0.0,mad_only
faAObMnqMKY,0,0.9500000000000001,0.0,30.0,80.0,0.005,0.1,0.15,0.0,mad_only
faAObMnqMKY,1,1.355,0.0,30.0,80.0,0.005,0.1,0.15,0.0,mad_only
faAObMnqMKY,2,1.78,0.0,30.0,80.0,0.005,0.1,0.15,0.0,mad_only
faAObMnqMKY,3,2.1750000000000003,0.0,30.0,80.0,0.005,0.1,0.15,0.0,mad_only
faAObMnqMKY,4,2.585,0.0,30.0,80.0,0.005,0.1,0.15,0.0,mad_only
faAObMnqMKY,5,2.985,0.0,30.0,80.0,0.005,0.1,0.15,0.0,mad_only
faAObMnqMKY,6,3.4050000000000002,0.0,30.0,80.0,0.005,0.1,0.15,0.0,mad_only
faAObMnqMKY,7,3.8200000000000003,0.0,30.0,80.0,0.005,0.1,0.15,0.0,mad_only
faAObMnqMKY,8,4.235,0.0,30.0,80.0,0.005,0.1,0.15,0.0,mad_only
faAObMnqMKY,9,4.655,0.0,30.0,80.0,0.005,0.1,0.15,0.0,mad_only
faAObMnqMKY,10,5.07,0.0,30.0,80.0,0.005,0.1,0.15,0.0,mad_only
faAObMnqMKY,11,5.49,0.0,30.0,80.0,0.005,0.1,0.15,0.0,mad_only
faAObMnqMKY,12,5.89,0.0,30.0,80.0,0.005,0.1,0.15,0.0,mad_only
faAObMnqMKY,13,6.29,0.0,30.0,80.0,0.005,0.1,0.15,0.0,mad_only
faAObMnqMKY,14,6.705,0.0,30.0,80.0,0.005,0.1,0.15,0.0,mad_only
faAObMnqMKY,15,7.12,0.0,30.0,80.0,0.005,0.1,0.15,0.0,mad_only
faAObMnqMKY,16,7.525,0.0,30.0,80.0,0.005,0.1,0.15,0.0,mad_only
faAObMnqMKY,17,7.95,0.0,30.0,80.0,0.005,0.1,0.15,0.0,mad_only
faAObMnqMKY,18,8.365,0.0,30.0,80.0,0.005,0.1,0.15,0.0,mad_only
faAObMnqMKY,19,8.78,0.0,30.0,80.0,0.005,0.1,0.15,0.0,mad_only
faAObMnqMKY,20,9.195,0.0,30.0,80.0,0.005,0.1,0.15,0.0,mad_only
faAObMnqMKY,21,9.61,0.0,30.0,80.0,0.005,0.1,0.15,0.0,mad_only
faAObMnqMKY,22,10.025,0.0,30.0,80.0,0.005,0.1,0.15,0.0,mad_only
faAObMnqMKY,23,10.44,0.0,30.0,80.0,0.005,0.1,0.15,0.0,mad_only
faAObMnqMKY,24,10.865,0.0,30.0,80.0,0.005,0.1,0.15,0.0,mad_only
faAObMnqMKY,25,11.27,0.0,30.0,80.0,0.005,0.1,0.15,0.0,mad_only
faAObMnqMKY,26,11.67,0.0,30.0,80.0,0.005,0.1,0.15,0.0,mad_only
faAObMnqMKY,27,12.095,0.0,30.0,80.0,0.005,0.1,0.15,0.0,mad_only
faAObMnqMKY,28,12.505,0.0,30.0,80.0,0.005,0.1,0.15,0.0,mad_only
faAObMnqMKY,29,12.92,0.0,30.0,80.0,0.005,0.1,0.15,0.0,mad_only
faAObMnqMKY,30,13.315,0.0,30.0,80.0,0.005,0.1,0.15,0.0,mad_only
faAObMnqMKY,31,13.745000000000001,0.0,30.0,80.0,0.005,0.1,0.15,0.0,mad_only
faAObMnqMKY,32,14.15,0.0,30.0,80.0,0.005,0.1,0.15,0.0,mad_only
faAObMnqMKY,33,14.57,0.0,30.0,80.0,0.005,0.1,0.15,0.0,mad_only
faAObMnqMKY,34,14.99,0.0,30.0,80.0,0.005,0.1,0.15,0.0,mad_only
faAObMnqMKY,35,15.41,0.0,30.0,80.0,0.005,0.1,0.15,0.0,mad_only
faAObMnqMKY,36,15.84,0.0,30.0,80.0,0.005,0.1,0.15,0.0,mad_only
faAObMnqMKY,37,16.26,0.0,30.0,80.0,0.005,0.1,0.15,0.0,mad_only
faAObMnqMKY,38,16.675,0.0,30.0,80.0,0.005,0.1,0.15,0.0,mad_only
faAObMnqMKY,39,17.085,0.0,30.0,80.0,0.005,0.1,0.15,0.0,mad_only
faAObMnqMKY,40,17.5,0.0,30.0,80.0,0.005,0.1,0.15,0.0,mad_only
faAObMnqMKY,41,17.915,0.0,30.0,80.0,0.005,0.1,0.15,0.0,mad_only
faAObMnqMKY,42,18.335,0.0,30.0,80.0,0.005,0.1,0.15,0.0,mad_only
faAObMnqMKY,43,18.75,0.0,30.0,80.0,0.005,0.1,0.15,0.0,mad_only
faAObMnqMKY,44,19.16,0.0,30.0,80.0,0.005,0.1,0.15,0.0,mad_only
faAObMnqMKY,45,19.575,0.0,30.0,80.0,0.005,0.1,0.15,0.0,mad_only
faAObMnqMKY,46,19.975,0.0,30.0,80.0,0.005,0.1,0.15,0.0,mad_only
faAObMnqMKY,47,20.37,0.0,30.0,80.0,0.005,0.1,0.15,0.0,mad_only
faAObMnqMKY,48,20.77,0.0,30.0,80.0,0.005,0.1,0.15,0.0,mad_only
faAObMnqMKY,49,21.195,0.0,30.0,80.0,0.005,0.1,0.15,0.0,mad_only
faAObMnqMKY,50,21.615000000000002,0.0,30.0,80.0,0.005,0.1,0.15,0.0,mad_only
faAObMnqMKY,51,22.03,0.0,30.0,80.0,0.005,0.1,0.15,0.0,mad_only
faAObMnqMKY,52,22.45,0.0,30.0,80.0,0.005,0.1,0.15,0.0,mad_only
faAObMnqMKY,53,22.875,0.0,30.0,80.0,0.005,0.1,0.15,0.0,mad_only
faAObMnqMKY,54,23.265,0.0,30.0,80.0,0.005,0.1,0.15,0.0,mad_only
faAObMnqMKY,55,23.68,0.0,30.0,80.0,0.005,0.1,0.15,0.0,mad_only
faAObMnqMKY,56,24.075,0.0,30.0,80.0,0.005,0.1,0.15,0.0,mad_only
faAObMnqMKY,57,24.52,0.0,30.0,80.0,0.005,0.1,0.15,0.0,mad_only
faAObMnqMKY,58,24.92,0.0,30.0,80.0,0.005,0.1,0.15,0.0,mad_only
faAObMnqMKY,59,25.35,0.0,30.0,80.0,0.005,0.1,0.15,0.0,mad_only
faAObMnqMKY,60,25.765,0.0,30.0,80.0,0.005,0.1,0.15,0.0,mad_only
faAObMnqMKY,61,26.175,0.0,30.0,80.0,0.005,0.1,0.15,0.0,mad_only
faAObMnqMKY,62,26.565,0.0,30.0,80.0,0.005,0.1,0.15,0.0,mad_only
faAObMnqMKY,63,26.97,0.0,30.0,80.0,0.005,0.1,0.15,0.0,mad_only
faAObMnqMKY,64,27.395,0.0,30.0,80.0,0.005,0.1,0.15,0.0,mad_only
faAObMnqMKY,65,27.82,0.0,30.0,80.0,0.005,0.1,0.15,0.0,mad_only
faAObMnqMKY,66,28.23,0.0,30.0,80.0,0.005,0.1,0.15,0.0,mad_only
faAObMnqMKY,67,28.64,0.0,30.0,80.0,0.005,0.1,0.15,0.0,mad_only
faAObMnqMKY,68,29.04,0.0,30.0,80.0,0.005,0.1,0.15,0.0,mad_only
faAObMnqMKY,69,29.47,0.0,30.0,80.0,0.005,0.1,0.15,0.0,mad_only
faAObMnqMKY,70,29.855,0.0,30.0,80.0,0.005,0.1,0.15,0.0,mad_only
fkbhJS6HXLo,0,1.05,0.0,30.0,80.0,0.005,0.1,0.15,0.0,mad_only
fkbhJS6HXLo,1,1.435,0.0,30.0,80.0,0.005,0.1,0.15,0.0,mad_only
fkbhJS6HXLo,2,1.815,0.0,30.0,80.0,0.005,0.1,0.15,0.0,mad_only
fkbhJS6HXLo,3,2.22,0.0,30.0,80.0,0.005,0.1,0.15,0.0,mad_only
fkbhJS6HXLo,4,2.58,0.0,30.0,80.0,0.005,0.1,0.15,0.0,mad_only
fkbhJS6HXLo,5,2.975,0.0,30.0,80.0,0.005,0.1,0.15,0.0,mad_only
fkbhJS6HXLo,6,3.35,0.0,30.0,80.0,0.005,0.1,0.15,0.0,mad_only
fkbhJS6HXLo,7,3.7600000000000002,0.0,30.0,80.0,0.005,0.1,0.15,0.0,mad_only
fkbhJS6HXLo,8,4.13,0.0,30.0,80.0,0.005,0.1,0.15,0.0,mad_only
fkbhJS6HXLo,9,4.515,0.0,30.0,80.0,0.005,0.1,0.15,0.0,mad_only
fkbhJS6HXLo,10,4.9,0.0,30.0,80.0,0.005,0.1,0.15,0.0,mad_only
fkbhJS6HXLo,11,5.295,0.0,30.0,80.0,0.005,0.1,0.15,0.0,mad_only
fkbhJS6HXLo,12,5.67,0.0,30.0,80.0,0.005,0.1,0.15,0.0,mad_only
fkbhJS6HXLo,13,6.065,0.0,30.0,80.0,0.005,0.1,0.15,0.0,mad_only
fkbhJS6HXLo,14,6.445,0.0,30.0,80.0,0.005,0.1,0.15,0.0,mad_only
fkbhJS6HXLo,15,6.845,0.0,30.0,80.0,0.005,0.1,0.15,0.0,mad_only
fkbhJS6HXLo,16,7.2250000000000005,0.0,30.0,80.0,0.005,0.1,0.15,0.0,mad_only
fkbhJS6HXLo,17,7.62,0.0,30.0,80.0,0.005,0.1,0.15,0.0,mad_only
fkbhJS6HXLo,18,8.0,0.0,30.0,80.0,0.005,0.1,0.15,0.0,mad_only
fkbhJS6HXLo,19,8.39,0.0,30.0,80.0,0.005,0.1,0.15,0.0,mad_only
fkbhJS6HXLo,20,8.76,0.0,30.0,80.0,0.005,0.1,0.15,0.0,mad_only
fkbhJS6HXLo,21,9.15,0.0,30.0,80.0,0.005,0.1,0.15,0.0,mad_only
fkbhJS6HXLo,22,9.53,0.0,30.0,80.0,0.005,0.1,0.15,0.0,mad_only
fkbhJS6HXLo,23,9.94,0.0,30.0,80.0,0.005,0.1,0.15,0.0,mad_only
fkbhJS6HXLo,24,10.315,0.0,30.0,80.0,0.005,0.1,0.15,0.0,mad_only
fkbhJS6HXLo,25,10.71,0.0,30.0,80.0,0.005,0.1,0.15,0.0,mad_only
fkbhJS6HXLo,26,11.1,0.0,30.0,80.0,0.005,0.1,0.15,0.0,mad_only
fkbhJS6HXLo,27,11.495000000000001,0.0,30.0,80.0,0.005,0.1,0.15,0.0,mad_only
fkbhJS6HXLo,28,11.885,0.0,30.0,80.0,0.005,0.1,0.15,0.0,mad_only
fkbhJS6HXLo,29,12.26,0.0,30.0,80.0,0.005,0.1,0.15,0.0,mad_only
fkbhJS6HXLo,30,12.64,0.0,30.0,80.0,0.005,0.1,0.15,0.0,mad_only
fkbhJS6HXLo,31,13.035,0.0,30.0,80.0,0.005,0.1,0.15,0.0,mad_only
fkbhJS6HXLo,32,13.415000000000001,0.0,30.0,80.0,0.005,0.1,0.15,0.0,mad_only
fkbhJS6HXLo,33,13.81,0.0,30.0,80.0,0.005,0.1,0.15,0.0,mad_only
fkbhJS6HXLo,34,14.19,0.0,30.0,80.0,0.005,0.1,0.15,0.0,mad_only
fkbhJS6HXLo,35,14.585,0.0,30.0,80.0,0.005,0.1,0.15,0.0,mad_only
fkbhJS6HXLo,36,14.955,0.0,30.0,80.0,0.005,0.1,0.15,0.0,mad_only
fkbhJS6HXLo,37,15.345,0.0,30.0,80.0,0.005,0.1,0.15,0.0,mad_only
fkbhJS6HXLo,38,15.725,0.0,30.0,80.0,0.005,0.1,0.15,0.0,mad_only
fkbhJS6HXLo,39,16.125,0.0,30.0,80.0,0.005,0.1,0.15,0.0,mad_only
fkbhJS6HXLo,40,16.5,0.0,30.0,80.0,0.005,0.1,0.15,0.0,mad_only
fkbhJS6HXLo,41,16.9,0.0,30.0,80.0,0.005,0.1,0.15,0.0,mad_only
fkbhJS6HXLo,42,17.28,0.0,30.0,80.0,0.005,0.1,0.15,0.0,mad_only
fkbhJS6HXLo,43,17.68,0.0,30.0,80.0,0.005,0.1,0.15,0.0,mad_only
fkbhJS6HXLo,44,18.06,0.0,30.0,80.0,0.005,0.1,0.15,0.0,mad_only
fkbhJS6HXLo,45,18.45,0.0,30.0,80.0,0.005,0.1,0.15,0.0,mad_only
fkbhJS6HXLo,46,18.830000000000002,0.0,30.0,80.0,0.005,0.1,0.15,0.0,mad_only
fkbhJS6HXLo,47,19.240000000000002,0.0,30.0,80.0,0.005,0.1,0.15,0.0,mad_only
fkbhJS6HXLo,48,19.615000000000002,0.0,30.0,80.0,0.005,0.1,0.15,0.0,mad_only
fkbhJS6HXLo,49,20.02,0.0,30.0,80.0,0.005,0.1,0.15,0.0,mad_only
fkbhJS6HXLo,50,20.400000000000002,0.0,30.0,80.0,0.005,0.1,0.15,0.0,mad_only
fkbhJS6HXLo,51,20.79,0.0,30.0,80.0,0.005,0.1,0.15,0.0,mad_only
fkbhJS6HXLo,52,21.155,0.0,30.0,80.0,0.005,0.1,0.15,0.0,mad_only
fkbhJS6HXLo,53,21.555,0.0,30.0,80.0,0.005,0.1,0.15,0.0,mad_only
fkbhJS6HXLo,54,21.935,0.0,30.0,80.0,0.005,0.1,0.15,0.0,mad_only
fkbhJS6HXLo,55,22.335,0.0,30.0,80.0,0.005,0.1,0.15,0.0,mad_only
fkbhJS6HXLo,56,22.715,0.0,30.0,80.0,0.005,0.1,0.15,0.0,mad_only
fkbhJS6HXLo,57,23.1,0.0,30.0,80.0,0.005,0.1,0.15,0.0,mad_only
fkbhJS6HXLo,58,23.475,0.0,30.0,80.0,0.005,0.1,0.15,0.0,mad_only
fkbhJS6HXLo,59,23.875,0.0,30.0,80.0,0.005,0.1,0.15,0.0,mad_only
fkbhJS6HXLo,60,24.255,0.0,30.0,80.0,0.005,0.1,0.15,0.0,mad_only
fkbhJS6HXLo,61,24.64,0.0,30.0,80.0,0.005,0.1,0.15,0.0,mad_only
fkbhJS6HXLo,62,25.035,0.0,30.0,80.0,0.005,0.1,0.15,0.0,mad_only
fkbhJS6HXLo,63,25.425,0.0,30.0,80.0,0.005,0.1,0.15,0.0,mad_only
fkbhJS6HXLo,64,25.805,0.0,30.0,80.0,0.005,0.1,0.15,0.0,mad_only
fkbhJS6HXLo,65,26.2,0.0,30.0,80.0,0.005,0.1,0.15,0.0,mad_only
fkbhJS6HXLo,66,26.585,0.0,30.0,80.0,0.005,0.1,0.15,0.0,mad_only
fkbhJS6HXLo,67,26.97,0.0,30.0,80.0,0.005,0.1,0.15,0.0,mad_only
fkbhJS6HXLo,68,27.35,0.0,30.0,80.0,0.005,0.1,0.15,0.0,mad_only
fkbhJS6HXLo,69,27.745,0.0,30.0,80.0,0.005,0.1,0.15,0.0,mad_only
fkbhJS6HXLo,70,28.125,0.0,30.0,80.0,0.005,0.1,0.15,0.0,mad_only
fkbhJS6HXLo,71,28.51,0.0,30.0,80.0,0.005,0.1,0.15,0.0,mad_only
fkbhJS6HXLo,72,28.900000000000002,0.0,30.0,80.0,0.005,0.1,0.15,0.0,mad_only
fkbhJS6HXLo,73,29.285,0.0,30.0,80.0,0.005,0.1,0.15,0.0,mad_only
fkbhJS6HXLo,74,29.67,0.0,30.0,80.0,0.005,0.1,0.15,0.0,mad_only
fmZ_nkEkZ_c,0,0.67,0.0,30.0,80.0,0.005,0.1,0.15,0.0,mad_only
fmZ_nkEkZ_c,1,1.26,0.0,30.0,80.0,0.005,0.1,0.15,0.0,mad_only
fmZ_nkEkZ_c,2,1.86,0.0,30.0,80.0,0.005,0.1,0.15,0.0,mad_only
fmZ_nkEkZ_c,3,2.49,0.0,30.0,80.0,0.005,0.1,0.15,0.0,mad_only
fmZ_nkEkZ_c,4,3.11,0.0,30.0,80.0,0.005,0.1,0.15,0.0,mad_only
fmZ_nkEkZ_c,5,3.73,0.0,30.0,80.0,0.005,0.1,0.15,0.0,mad_only
fmZ_nkEkZ_c,6,4.335,0.0,30.0,80.0,0.005,0.1,0.15,0.0,mad_only
fmZ_nkEkZ_c,7,4.95,0.0,30.0,80.0,0.005,0.1,0.15,0.0,mad_only
fmZ_nkEkZ_c,8,5.575,0.0,30.0,80.0,0.005,0.1,0.15,0.0,mad_only
fmZ_nkEkZ_c,9,6.1850000000000005,0.0,30.0,80.0,0.005,0.1,0.15,0.0,mad_only
fmZ_nkEkZ_c,10,6.82,0.0,30.0,80.0,0.005,0.1,0.15,0.0,mad_only
fmZ_nkEkZ_c,11,7.425,0.0,30.0,80.0,0.005,0.1,0.15,0.0,mad_only
fmZ_nkEkZ_c,12,8.045,0.0,30.0,80.0,0.005,0.1,0.15,0.0,mad_only
fmZ_nkEkZ_c,13,8.67,0.0,30.0,80.0,0.005,0.1,0.15,0.0,mad_only
fmZ_nkEkZ_c,14,9.290000000000001,0.0,30.0,80.0,0.005,0.1,0.15,0.0,mad_only
fmZ_nkEkZ_c,15,9.9,0.0,30.0,80.0,0.005,0.1,0.15,0.0,mad_only
fmZ_nkEkZ_c,16,10.53,0.0,30.0,80.0,0.005,0.1,0.15,0.0,mad_only
fmZ_nkEkZ_c,17,11.135,0.0,30.0,80.0,0.005,0.1,0.15,0.0,mad_only
fmZ_nkEkZ_c,18,11.75,0.0,30.0,80.0,0.005,0.1,0.15,0.0,mad_only
fmZ_nkEkZ_c,19,12.385,0.0,30.0,80.0,0.005,0.1,0.15,0.0,mad_only
fmZ_nkEkZ_c,20,13.0,0.0,30.0,80.0,0.005,0.1,0.15,0.0,mad_only
fmZ_nkEkZ_c,21,13.615,0.0,30.0,80.0,0.005,0.1,0.15,0.0,mad_only
fmZ_nkEkZ_c,22,14.215,0.0,30.0,80.0,0.005,0.1,0.15,0.0,mad_only
fmZ_nkEkZ_c,23,14.83,0.0,30.0,80.0,0.005,0.1,0.15,0.0,mad_only
fmZ_nkEkZ_c,24,15.465,0.0,30.0,80.0,0.005,0.1,0.15,0.0,mad_only
fmZ_nkEkZ_c,25,16.07,0.0,30.0,80.0,0.005,0.1,0.15,0.0,mad_only
fmZ_nkEkZ_c,26,16.705000000000002,0.0,30.0,80.0,0.005,0.1,0.15,0.0,mad_only
fmZ_nkEkZ_c,27,17.32,0.0,30.0,80.0,0.005,0.1,0.15,0.0,mad_only
fmZ_nkEkZ_c,28,17.94,0.0,30.0,80.0,0.005,0.1,0.15,0.0,mad_only
fmZ_nkEkZ_c,29,18.56,0.0,30.0,80.0,0.005,0.1,0.15,0.0,mad_only
fmZ_nkEkZ_c,30,19.165,0.0,30.0,80.0,0.005,0.1,0.15,0.0,mad_only
fmZ_nkEkZ_c,31,19.77,0.0,30.0,80.0,0.005,0.1,0.15,0.0,mad_only
fmZ_nkEkZ_c,32,20.405,0.0,30.0,80.0,0.005,0.1,0.15,0.0,mad_only
fmZ_nkEkZ_c,33,21.01,0.0,30.0,80.0,0.005,0.1,0.15,0.0,mad_only
fmZ_nkEkZ_c,34,21.64,0.0,30.0,80.0,0.005,0.1,0.15,0.0,mad_only
fmZ_nkEkZ_c,35,22.27,0.0,30.0,80.0,0.005,0.1,0.15,0.0,mad_only
fmZ_nkEkZ_c,36,22.89,0.0,30.0,80.0,0.005,0.1,0.15,0.0,mad_only
fmZ_nkEkZ_c,37,23.51,0.0,30.0,80.0,0.005,0.1,0.15,0.0,mad_only
fmZ_nkEkZ_c,38,24.125,0.0,30.0,80.0,0.005,0.1,0.15,0.0,mad_only
fmZ_nkEkZ_c,39,24.73,0.0,30.0,80.0,0.005,0.1,0.15,0.0,mad_only
fmZ_nkEkZ_c,40,25.35,0.0,30.0,80.0,0.005,0.1,0.15,0.0,mad_only
fmZ_nkEkZ_c,41,25.97,0.0,30.0,80.0,0.005,0.1,0.15,0.0,mad_only
fmZ_nkEkZ_c,42,26.605,0.0,30.0,80.0,0.005,0.1,0.15,0.0,mad_only
fmZ_nkEkZ_c,43,27.21,0.0,30.0,80.0,0.005,0.1,0.15,0.0,mad_only
fmZ_nkEkZ_c,44,27.84,0.0,30.0,80.0,0.005,0.1,0.15,0.0,mad_only
fmZ_nkEkZ_c,45,28.46,0.0,30.0,80.0,0.005,0.1,0.15,0.0,mad_only
fmZ_nkEkZ_c,46,29.07,0.0,30.0,80.0,0.005,0.1,0.15,0.0,mad_only
fmZ_nkEkZ_c,47,29.68,0.0,30.0,80.0,0.005,0.1,0.15,0.0,mad_only
g6mNueuu8c8,0,0.645,0.0,30.0,80.0,0.005,0.1,0.15,0.0,mad_only
g6mNueuu8c8,1,1.0150000000000001,0.0,30.0,80.0,0.005,0.1,0.15,0.0,mad_only
g6mNueuu8c8,2,1.855,0.0,30.0,80.0,0.005,0.1,0.15,0.0,mad_only
g6mNueuu8c8,3,2.4,0.0,30.0,80.0,0.005,0.1,0.15,0.0,mad_only
g6mNueuu8c8,4,2.915,0.0,30.0,80.0,0.005,0.1,0.15,0.0,mad_only
g6mNueuu8c8,5,3.39,0.0,30.0,80.0,0.005,0.1,0.15,0.0,mad_only
g6mNueuu8c8,6,3.935,0.0,30.0,80.0,0.005,0.1,0.15,0.0,mad_only
g6mNueuu8c8,7,4.97,0.0,30.0,80.0,0.005,0.1,0.15,0.0,mad_only
g6mNueuu8c8,8,5.495,0.0,30.0,80.0,0.005,0.1,0.15,0.0,mad_only
g6mNueuu8c8,9,6.035,0.0,30.0,80.0,0.005,0.1,0.15,0.0,mad_only
g6mNueuu8c8,10,6.575,0.0,30.0,80.0,0.005,0.1,0.15,0.0,mad_only
g6mNueuu8c8,11,7.095,0.0,30.0,80.0,0.005,0.1,0.15,0.0,mad_only
g6mNueuu8c8,12,7.61,0.0,30.0,80.0,0.005,0.1,0.15,0.0,mad_only
g6mNueuu8c8,13,8.120000000000001,0.0,30.0,80.0,0.005,0.1,0.15,0.0,mad_only
g6mNueuu8c8,14,8.645,0.0,30.0,80.0,0.005,0.1,0.15,0.0,mad_only
g6mNueuu8c8,15,9.14,0.0,30.0,80.0,0.005,0.1,0.15,0.0,mad_only
g6mNueuu8c8,16,9.69,0.0,30.0,80.0,0.005,0.1,0.15,0.0,mad_only
g6mNueuu8c8,17,10.21,0.0,30.0,80.0,0.005,0.1,0.15,0.0,mad_only
g6mNueuu8c8,18,10.965,0.0,30.0,80.0,0.005,0.1,0.15,0.0,mad_only
g6mNueuu8c8,19,11.49,0.0,30.0,80.0,0.005,0.1,0.15,0.0,mad_only
g6mNueuu8c8,20,11.75,0.0,30.0,80.0,0.005,0.1,0.15,0.0,mad_only
g6mNueuu8c8,21,12.26,0.0,30.0,80.0,0.005,0.1,0.15,0.0,mad_only
g6mNueuu8c8,22,12.8,0.0,30.0,80.0,0.005,0.1,0.15,0.0,mad_only
g6mNueuu8c8,23,13.325000000000001,0.0,30.0,80.0,0.005,0.1,0.15,0.0,mad_only
g6mNueuu8c8,24,13.595,0.0,30.0,80.0,0.005,0.1,0.15,0.0,mad_only
g6mNueuu8c8,25,13.84,0.0,30.0,80.0,0.005,0.1,0.15,0.0,mad_only
g6mNueuu8c8,26,14.13,0.0,30.0,80.0,0.005,0.1,0.15,0.0,mad_only
g6mNueuu8c8,27,14.365,0.0,30.0,80.0,0.005,0.1,0.15,0.0,mad_only
g6mNueuu8c8,28,14.625,0.0,30.0,80.0,0.005,0.1,0.15,0.0,mad_only
g6mNueuu8c8,29,14.885,0.0,30.0,80.0,0.005,0.1,0.15,0.0,mad_only
g6mNueuu8c8,30,15.145,0.0,30.0,80.0,0.005,0.1,0.15,0.0,mad_only
g6mNueuu8c8,31,15.405000000000001,0.0,30.0,80.0,0.005,0.1,0.15,0.0,mad_only
g6mNueuu8c8,32,15.68,0.0,30.0,80.0,0.005,0.1,0.15,0.0,mad_only
g6mNueuu8c8,33,15.935,0.0,30.0,80.0,0.005,0.1,0.15,0.0,mad_only
g6mNueuu8c8,34,16.19,0.0,30.0,80.0,0.005,0.1,0.15,0.0,mad_only
g6mNueuu8c8,35,16.455000000000002,0.0,30.0,80.0,0.005,0.1,0.15,0.0,mad_only
g6mNueuu8c8,36,16.725,0.0,30.0,80.0,0.005,0.1,0.15,0.0,mad_only
g6mNueuu8c8,37,16.98,0.0,30.0,80.0,0.005,0.1,0.15,0.0,mad_only
g6mNueuu8c8,38,17.235,0.0,30.0,80.0,0.005,0.1,0.15,0.0,mad_only
g6mNueuu8c8,39,17.495,0.0,30.0,80.0,0.005,0.1,0.15,0.0,mad_only
g6mNueuu8c8,40,17.75,0.0,30.0,80.0,0.005,0.1,0.15,0.0,mad_only
g6mNueuu8c8,41,18.02,0.0,30.0,80.0,0.005,0.1,0.15,0.0,mad_only
g6mNueuu8c8,42,18.29,0.0,30.0,80.0,0.005,0.1,0.15,0.0,mad_only
g6mNueuu8c8,43,18.525000000000002,0.0,30.0,80.0,0.005,0.1,0.15,0.0,mad_only
g6mNueuu8c8,44,18.78,0.0,30.0,80.0,0.005,0.1,0.15,0.0,mad_only
g6mNueuu8c8,45,19.07,0.0,30.0,80.0,0.005,0.1,0.15,0.0,mad_only
g6mNueuu8c8,46,19.325,0.0,30.0,80.0,0.005,0.1,0.15,0.0,mad_only
g6mNueuu8c8,47,19.585,0.0,30.0,80.0,0.005,0.1,0.15,0.0,mad_only
g6mNueuu8c8,48,19.845,0.0,30.0,80.0,0.005,0.1,0.15,0.0,mad_only
g6mNueuu8c8,49,20.11,0.0,30.0,80.0,0.005,0.1,0.15,0.0,mad_only
g6mNueuu8c8,50,20.37,0.0,30.0,80.0,0.005,0.1,0.15,0.0,mad_only
g6mNueuu8c8,51,20.625,0.0,30.0,80.0,0.005,0.1,0.15,0.0,mad_only
g6mNueuu8c8,52,20.885,0.0,30.0,80.0,0.005,0.1,0.15,0.0,mad_only
g6mNueuu8c8,53,21.14,0.0,30.0,80.0,0.005,0.1,0.15,0.0,mad_only
g6mNueuu8c8,54,21.405,0.0,30.0,80.0,0.005,0.1,0.15,0.0,mad_only
g6mNueuu8c8,55,21.665,0.0,30.0,80.0,0.005,0.1,0.15,0.0,mad_only
g6mNueuu8c8,56,21.915,0.0,30.0,80.0,0.005,0.1,0.15,0.0,mad_only
g6mNueuu8c8,57,22.205000000000002,0.0,30.0,80.0,0.005,0.1,0.15,0.0,mad_only
g6mNueuu8c8,58,22.71,0.0,30.0,80.0,0.005,0.1,0.15,0.0,mad_only
g6mNueuu8c8,59,22.98,0.0,30.0,80.0,0.005,0.1,0.15,0.0,mad_only
g6mNueuu8c8,60,23.22,0.0,30.0,80.0,0.005,0.1,0.15,0.0,mad_only
g6mNueuu8c8,61,23.505,0.0,30.0,80.0,0.005,0.1,0.15,0.0,mad_only
g6mNueuu8c8,62,23.755,0.0,30.0,80.0,0.005,0.1,0.15,0.0,mad_only
g6mNueuu8c8,63,24.03,0.0,30.0,80.0,0.005,0.1,0.15,0.0,mad_only
g6mNueuu8c8,64,24.28,0.0,30.0,80.0,0.005,0.1,0.15,0.0,mad_only
g6mNueuu8c8,65,24.79,0.0,30.0,80.0,0.005,0.1,0.15,0.0,mad_only
g6mNueuu8c8,66,25.055,0.0,30.0,80.0,0.005,0.1,0.15,0.0,mad_only
g6mNueuu8c8,67,25.315,0.0,30.0,80.0,0.005,0.1,0.15,0.0,mad_only
g6mNueuu8c8,68,25.59,0.0,30.0,80.0,0.005,0.1,0.15,0.0,mad_only
g6mNueuu8c8,69,25.84,0.0,30.0,80.0,0.005,0.1,0.15,0.0,mad_only
g6mNueuu8c8,70,26.1,0.0,30.0,80.0,0.005,0.1,0.15,0.0,mad_only
g6mNueuu8c8,71,26.375,0.0,30.0,80.0,0.005,0.1,0.15,0.0,mad_only
g6mNueuu8c8,72,26.635,0.0,30.0,80.0,0.005,0.1,0.15,0.0,mad_only
g6mNueuu8c8,73,26.89,0.0,30.0,80.0,0.005,0.1,0.15,0.0,mad_only
g6mNueuu8c8,74,27.395,0.0,30.0,80.0,0.005,0.1,0.15,0.0,mad_only
g6mNueuu8c8,75,27.92,0.0,30.0,80.0,0.005,0.1,0.15,0.0,mad_only
g6mNueuu8c8,76,28.445,0.0,30.0,80.0,0.005,0.1,0.15,0.0,mad_only
g6mNueuu8c8,77,28.97,0.0,30.0,80.0,0.005,0.1,0.15,0.0,mad_only
g6mNueuu8c8,78,29.495,0.0,30.0,80.0,0.005,0.1,0.15,0.0,mad_only
gRacamF19ZM,0,1.47,0.0,30.0,80.0,0.005,0.1,0.15,0.0,mad_only
gRacamF19ZM,1,2.055,0.0,30.0,80.0,0.005,0.1,0.15,0.0,mad_only
gRacamF19ZM,2,2.665,0.0,30.0,80.0,0.005,0.1,0.15,0.0,mad_only
gRacamF19ZM,3,3.245,0.0,30.0,80.0,0.005,0.1,0.15,0.0,mad_only
gRacamF19ZM,4,3.85,0.0,30.0,80.0,0.005,0.1,0.15,0.0,mad_only
gRacamF19ZM,5,4.4350000000000005,0.0,30.0,80.0,0.005,0.1,0.15,0.0,mad_only
gRacamF19ZM,6,5.05,0.0,30.0,80.0,0.005,0.1,0.15,0.0,mad_only
gRacamF19ZM,7,5.6450000000000005,0.0,30.0,80.0,0.005,0.1,0.15,0.0,mad_only
gRacamF19ZM,8,6.235,0.0,30.0,80.0,0.005,0.1,0.15,0.0,mad_only
gRacamF19ZM,9,6.83,0.0,30.0,80.0,0.005,0.1,0.15,0.0,mad_only
gRacamF19ZM,10,7.4350000000000005,0.0,30.0,80.0,0.005,0.1,0.15,0.0,mad_only
gRacamF19ZM,11,8.03,0.0,30.0,80.0,0.005,0.1,0.15,0.0,mad_only
gRacamF19ZM,12,8.64,0.0,30.0,80.0,0.005,0.1,0.15,0.0,mad_only
gRacamF19ZM,13,9.255,0.0,30.0,80.0,0.005,0.1,0.15,0.0,mad_only
gRacamF19ZM,14,9.855,0.0,30.0,80.0,0.005,0.1,0.15,0.0,mad_only
gRacamF19ZM,15,10.455,0.0,30.0,80.0,0.005,0.1,0.15,0.0,mad_only
gRacamF19ZM,16,11.05,0.0,30.0,80.0,0.005,0.1,0.15,0.0,mad_only
gRacamF19ZM,17,11.635,0.0,30.0,80.0,0.005,0.1,0.15,0.0,mad_only
gRacamF19ZM,18,12.24,0.0,30.0,80.0,0.005,0.1,0.15,0.0,mad_only
gRacamF19ZM,19,12.85,0.0,30.0,80.0,0.005,0.1,0.15,0.0,mad_only
gRacamF19ZM,20,13.42,0.0,30.0,80.0,0.005,0.1,0.15,0.0,mad_only
gRacamF19ZM,21,14.025,0.0,30.0,80.0,0.005,0.1,0.15,0.0,mad_only
gRacamF19ZM,22,14.625,0.0,30.0,80.0,0.005,0.1,0.15,0.0,mad_only
gRacamF19ZM,23,15.22,0.0,30.0,80.0,0.005,0.1,0.15,0.0,mad_only
gRacamF19ZM,24,15.815,0.0,30.0,80.0,0.005,0.1,0.15,0.0,mad_only
gRacamF19ZM,25,16.42,0.0,30.0,80.0,0.005,0.1,0.15,0.0,mad_only
gRacamF19ZM,26,17.02,0.0,30.0,80.0,0.005,0.1,0.15,0.0,mad_only
gRacamF19ZM,27,17.64,0.0,30.0,80.0,0.005,0.1,0.15,0.0,mad_only
gRacamF19ZM,28,18.245,0.0,30.0,80.0,0.005,0.1,0.15,0.0,mad_only
gRacamF19ZM,29,18.84,0.0,30.0,80.0,0.005,0.1,0.15,0.0,mad_only
gRacamF19ZM,30,19.445,0.0,30.0,80.0,0.005,0.1,0.15,0.0,mad_only
gRacamF19ZM,31,20.035,0.0,30.0,80.0,0.005,0.1,0.15,0.0,mad_only
gRacamF19ZM,32,20.645,0.0,30.0,80.0,0.005,0.1,0.15,0.0,mad_only
gRacamF19ZM,33,21.235,0.0,30.0,80.0,0.005,0.1,0.15,0.0,mad_only
gRacamF19ZM,34,21.84,0.0,30.0,80.0,0.005,0.1,0.15,0.0,mad_only
gRacamF19ZM,35,22.425,0.0,30.0,80.0,0.005,0.1,0.15,0.0,mad_only
gRacamF19ZM,36,23.045,0.0,30.0,80.0,0.005,0.1,0.15,0.0,mad_only
gRacamF19ZM,37,23.635,0.0,30.0,80.0,0.005,0.1,0.15,0.0,mad_only
gRacamF19ZM,38,24.240000000000002,0.0,30.0,80.0,0.005,0.1,0.15,0.0,mad_only
gRacamF19ZM,39,24.84,0.0,30.0,80.0,0.005,0.1,0.15,0.0,mad_only
gRacamF19ZM,40,25.445,0.0,30.0,80.0,0.005,0.1,0.15,0.0,mad_only
gRacamF19ZM,41,26.03,0.0,30.0,80.0,0.005,0.1,0.15,0.0,mad_only
gRacamF19ZM,42,26.635,0.0,30.0,80.0,0.005,0.1,0.15,0.0,mad_only
gRacamF19ZM,43,27.235,0.0,30.0,80.0,0.005,0.1,0.15,0.0,mad_only
gRacamF19ZM,44,27.55,0.0,30.0,80.0,0.005,0.1,0.15,0.0,mad_only
gRacamF19ZM,45,27.85,0.0,30.0,80.0,0.005,0.1,0.15,0.0,mad_only
gRacamF19ZM,46,28.43,0.0,30.0,80.0,0.005,0.1,0.15,0.0,mad_only
gRacamF19ZM,47,29.035,0.0,30.0,80.0,0.005,0.1,0.15,0.0,mad_only
gRacamF19ZM,48,29.625,0.0,30.0,80.0,0.005,0.1,0.15,0.0,mad_only
ggikYXT_Z9g,0,1.5250000000000001,0.0,30.0,80.0,0.005,0.1,0.15,0.0,mad_only
ggikYXT_Z9g,1,1.905,0.0,30.0,80.0,0.005,0.1,0.15,0.0,mad_only
ggikYXT_Z9g,2,2.32,0.0,30.0,80.0,0.005,0.1,0.15,0.0,mad_only
ggikYXT_Z9g,3,3.055,0.0,30.0,80.0,0.005,0.1,0.15,0.0,mad_only
ggikYXT_Z9g,4,3.525,0.0,30.0,80.0,0.005,0.1,0.15,0.0,mad_only
ggikYXT_Z9g,5,4.4,0.0,30.0,80.0,0.005,0.1,0.15,0.0,mad_only
ggikYXT_Z9g,6,4.885,0.0,30.0,80.0,0.005,0.1,0.15,0.0,mad_only
ggikYXT_Z9g,7,5.7250000000000005,0.0,30.0,80.0,0.005,0.1,0.15,0.0,mad_only
ggikYXT_Z9g,8,6.9750000000000005,0.0,30.0,80.0,0.005,0.1,0.15,0.0,mad_only
ggikYXT_Z9g,9,7.83,0.0,30.0,80.0,0.005,0.1,0.15,0.0,mad_only
ggikYXT_Z9g,10,8.18,0.0,30.0,80.0,0.005,0.1,0.15,0.0,mad_only
ggikYXT_Z9g,11,8.64,0.0,30.0,80.0,0.005,0.1,0.15,0.0,mad_only
ggikYXT_Z9g,12,9.105,0.0,30.0,80.0,0.005,0.1,0.15,0.0,mad_only
ggikYXT_Z9g,13,9.53,0.0,30.0,80.0,0.005,0.1,0.15,0.0,mad_only
ggikYXT_Z9g,14,9.92,0.0,30.0,80.0,0.005,0.1,0.15,0.0,mad_only
ggikYXT_Z9g,15,10.35,0.0,30.0,80.0,0.005,0.1,0.15,0.0,mad_only
ggikYXT_Z9g,16,10.790000000000001,0.0,30.0,80.0,0.005,0.1,0.15,0.0,mad_only
ggikYXT_Z9g,17,11.18,0.0,30.0,80.0,0.005,0.1,0.15,0.0,mad_only
ggikYXT_Z9g,18,11.6,0.0,30.0,80.0,0.005,0.1,0.15,0.0,mad_only
ggikYXT_Z9g,19,12.055,0.0,30.0,80.0,0.005,0.1,0.15,0.0,mad_only
ggikYXT_Z9g,20,12.48,0.0,30.0,80.0,0.005,0.1,0.15,0.0,mad_only
ggikYXT_Z9g,21,12.9,0.0,30.0,80.0,0.005,0.1,0.15,0.0,mad_only
ggikYXT_Z9g,22,13.34,0.0,30.0,80.0,0.005,0.1,0.15,0.0,mad_only
ggikYXT_Z9g,23,13.77,0.0,30.0,80.0,0.005,0.1,0.15,0.0,mad_only
ggikYXT_Z9g,24,14.21,0.0,30.0,80.0,0.005,0.1,0.15,0.0,mad_only
ggikYXT_Z9g,25,14.63,0.0,30.0,80.0,0.005,0.1,0.15,0.0,mad_only
ggikYXT_Z9g,26,15.47,0.0,30.0,80.0,0.005,0.1,0.15,0.0,mad_only
ggikYXT_Z9g,27,15.875,0.0,30.0,80.0,0.005,0.1,0.15,0.0,mad_only
ggikYXT_Z9g,28,16.295,0.0,30.0,80.0,0.005,0.1,0.15,0.0,mad_only
ggikYXT_Z9g,29,16.715,0.0,30.0,80.0,0.005,0.1,0.15,0.0,mad_only
ggikYXT_Z9g,30,17.17,0.0,30.0,80.0,0.005,0.1,0.15,0.0,mad_only
ggikYXT_Z9g,31,17.585,0.0,30.0,80.0,0.005,0.1,0.15,0.0,mad_only
ggikYXT_Z9g,32,18.045,0.0,30.0,80.0,0.005,0.1,0.15,0.0,mad_only
ggikYXT_Z9g,33,18.45,0.0,30.0,80.0,0.005,0.1,0.15,0.0,mad_only
ggikYXT_Z9g,34,18.905,0.0,30.0,80.0,0.005,0.1,0.15,0.0,mad_only
ggikYXT_Z9g,35,19.330000000000002,0.0,30.0,80.0,0.005,0.1,0.15,0.0,mad_only
ggikYXT_Z9g,36,19.71,0.0,30.0,80.0,0.005,0.1,0.15,0.0,mad_only
ggikYXT_Z9g,37,20.14,0.0,30.0,80.0,0.005,0.1,0.15,0.0,mad_only
ggikYXT_Z9g,38,20.59,0.0,30.0,80.0,0.005,0.1,0.15,0.0,mad_only
ggikYXT_Z9g,39,21.02,0.0,30.0,80.0,0.005,0.1,0.15,0.0,mad_only
ggikYXT_Z9g,40,21.415,0.0,30.0,80.0,0.005,0.1,0.15,0.0,mad_only
ggikYXT_Z9g,41,21.84,0.0,30.0,80.0,0.005,0.1,0.15,0.0,mad_only
ggikYXT_Z9g,42,22.28,0.0,30.0,80.0,0.005,0.1,0.15,0.0,mad_only
ggikYXT_Z9g,43,23.085,0.0,30.0,80.0,0.005,0.1,0.15,0.0,mad_only
ggikYXT_Z9g,44,23.53,0.0,30.0,80.0,0.005,0.1,0.15,0.0,mad_only
ggikYXT_Z9g,45,23.955000000000002,0.0,30.0,80.0,0.005,0.1,0.15,0.0,mad_only
ggikYXT_Z9g,46,24.400000000000002,0.0,30.0,80.0,0.005,0.1,0.15,0.0,mad_only
ggikYXT_Z9g,47,24.8,0.0,30.0,80.0,0.005,0.1,0.15,0.0,mad_only
ggikYXT_Z9g,48,25.22,0.0,30.0,80.0,0.005,0.1,0.15,0.0,mad_only
ggikYXT_Z9g,49,25.675,0.0,30.0,80.0,0.005,0.1,0.15,0.0,mad_only
ggikYXT_Z9g,50,26.09,0.0,30.0,80.0,0.005,0.1,0.15,0.0,mad_only
ggikYXT_Z9g,51,26.51,0.0,30.0,80.0,0.005,0.1,0.15,0.0,mad_only
ggikYXT_Z9g,52,26.95,0.0,30.0,80.0,0.005,0.1,0.15,0.0,mad_only
ggikYXT_Z9g,53,27.385,0.0,30.0,80.0,0.005,0.1,0.15,0.0,mad_only
ggikYXT_Z9g,54,27.805,0.0,30.0,80.0,0.005,0.1,0.15,0.0,mad_only
ggikYXT_Z9g,55,28.215,0.0,30.0,80.0,0.005,0.1,0.15,0.0,mad_only
ggikYXT_Z9g,56,28.63,0.0,30.0,80.0,0.005,0.1,0.15,0.0,mad_only
ggikYXT_Z9g,57,29.080000000000002,0.0,30.0,80.0,0.005,0.1,0.15,0.0,mad_only
ggikYXT_Z9g,58,29.5,0.0,30.0,80.0,0.005,0.1,0.15,0.0,mad_only
ggikYXT_Z9g,59,29.895,0.0,30.0,80.0,0.005,0.1,0.15,0.0,mad_only
ggzR6BQXAk0,0,0.65,0.0,30.0,80.0,0.005,0.1,0.15,0.0,mad_only
ggzR6BQXAk0,1,1.72,0.0,30.0,80.0,0.005,0.1,0.15,0.0,mad_only
ggzR6BQXAk0,2,2.565,0.0,30.0,80.0,0.005,0.1,0.15,0.0,mad_only
ggzR6BQXAk0,3,3.41,0.0,30.0,80.0,0.005,0.1,0.15,0.0,mad_only
ggzR6BQXAk0,4,4.2700000000000005,0.0,30.0,80.0,0.005,0.1,0.15,0.0,mad_only
ggzR6BQXAk0,5,4.705,0.0,30.0,80.0,0.005,0.1,0.15,0.0,mad_only
ggzR6BQXAk0,6,5.12,0.0,30.0,80.0,0.005,0.1,0.15,0.0,mad_only
ggzR6BQXAk0,7,5.97,0.0,30.0,80.0,0.005,0.1,0.15,0.0,mad_only
ggzR6BQXAk0,8,6.390000000000001,0.0,30.0,80.0,0.005,0.1,0.15,0.0,mad_only
ggzR6BQXAk0,9,6.82,0.0,30.0,80.0,0.005,0.1,0.15,0.0,mad_only
ggzR6BQXAk0,10,7.255,0.0,30.0,80.0,0.005,0.1,0.15,0.0,mad_only
ggzR6BQXAk0,11,7.6850000000000005,0.0,30.0,80.0,0.005,0.1,0.15,0.0,mad_only
ggzR6BQXAk0,12,8.11,0.0,30.0,80.0,0.005,0.1,0.15,0.0,mad_only
ggzR6BQXAk0,13,8.545,0.0,30.0,80.0,0.005,0.1,0.15,0.0,mad_only
ggzR6BQXAk0,14,8.975,0.0,30.0,80.0,0.005,0.1,0.15,0.0,mad_only
ggzR6BQXAk0,15,9.415000000000001,0.0,30.0,80.0,0.005,0.1,0.15,0.0,mad_only
ggzR6BQXAk0,16,9.85,0.0,30.0,80.0,0.005,0.1,0.15,0.0,mad_only
ggzR6BQXAk0,17,10.275,0.0,30.0,80.0,0.005,0.1,0.15,0.0,mad_only
ggzR6BQXAk0,18,10.705,0.0,30.0,80.0,0.005,0.1,0.15,0.0,mad_only
ggzR6BQXAk0,19,11.125,0.0,30.0,80.0,0.005,0.1,0.15,0.0,mad_only
ggzR6BQXAk0,20,11.540000000000001,0.0,30.0,80.0,0.005,0.1,0.15,0.0,mad_only
ggzR6BQXAk0,21,11.975,0.0,30.0,80.0,0.005,0.1,0.15,0.0,mad_only
ggzR6BQXAk0,22,12.83,0.0,30.0,80.0,0.005,0.1,0.15,0.0,mad_only
ggzR6BQXAk0,23,13.27,0.0,30.0,80.0,0.005,0.1,0.15,0.0,mad_only
ggzR6BQXAk0,24,13.695,0.0,30.0,80.0,0.005,0.1,0.15,0.0,mad_only
ggzR6BQXAk0,25,14.545,0.0,30.0,80.0,0.005,0.1,0.15,0.0,mad_only
ggzR6BQXAk0,26,14.985,0.0,30.0,80.0,0.005,0.1,0.15,0.0,mad_only
ggzR6BQXAk0,27,15.405000000000001,0.0,30.0,80.0,0.005,0.1,0.15,0.0,mad_only
ggzR6BQXAk0,28,16.26,0.0,30.0,80.0,0.005,0.1,0.15,0.0,mad_only
ggzR6BQXAk0,29,16.7,0.0,30.0,80.0,0.005,0.1,0.15,0.0,mad_only
ggzR6BQXAk0,30,17.115000000000002,0.0,30.0,80.0,0.005,0.1,0.15,0.0,mad_only
ggzR6BQXAk0,31,17.96,0.0,30.0,80.0,0.005,0.1,0.15,0.0,mad_only
ggzR6BQXAk0,32,18.400000000000002,0.0,30.0,80.0,0.005,0.1,0.15,0.0,mad_only
ggzR6BQXAk0,33,18.825,0.0,30.0,80.0,0.005,0.1,0.15,0.0,mad_only
ggzR6BQXAk0,34,19.255,0.0,30.0,80.0,0.005,0.1,0.15,0.0,mad_only
ggzR6BQXAk0,35,19.685,0.0,30.0,80.0,0.005,0.1,0.15,0.0,mad_only
ggzR6BQXAk0,36,20.12,0.0,30.0,80.0,0.005,0.1,0.15,0.0,mad_only
ggzR6BQXAk0,37,20.545,0.0,30.0,80.0,0.005,0.1,0.15,0.0,mad_only
ggzR6BQXAk0,38,21.400000000000002,0.0,30.0,80.0,0.005,0.1,0.15,0.0,mad_only
ggzR6BQXAk0,39,21.830000000000002,0.0,30.0,80.0,0.005,0.1,0.15,0.0,mad_only
ggzR6BQXAk0,40,22.26,0.0,30.0,80.0,0.005,0.1,0.15,0.0,mad_only
ggzR6BQXAk0,41,23.115000000000002,0.0,30.0,80.0,0.005,0.1,0.15,0.0,mad_only
ggzR6BQXAk0,42,23.56,0.0,30.0,80.0,0.005,0.1,0.15,0.0,mad_only
ggzR6BQXAk0,43,23.98,0.0,30.0,80.0,0.005,0.1,0.15,0.0,mad_only
ggzR6BQXAk0,44,24.405,0.0,30.0,80.0,0.005,0.1,0.15,0.0,mad_only
ggzR6BQXAk0,45,24.830000000000002,0.0,30.0,80.0,0.005,0.1,0.15,0.0,mad_only
ggzR6BQXAk0,46,25.26,0.0,30.0,80.0,0.005,0.1,0.15,0.0,mad_only
ggzR6BQXAk0,47,25.685000000000002,0.0,30.0,80.0,0.005,0.1,0.15,0.0,mad_only
ggzR6BQXAk0,48,26.13,0.0,30.0,80.0,0.005,0.1,0.15,0.0,mad_only
ggzR6BQXAk0,49,26.54,0.0,30.0,80.0,0.005,0.1,0.15,0.0,mad_only
ggzR6BQXAk0,50,26.990000000000002,0.0,30.0,80.0,0.005,0.1,0.15,0.0,mad_only
ggzR6BQXAk0,51,27.400000000000002,0.0,30.0,80.0,0.005,0.1,0.15,0.0,mad_only
ggzR6BQXAk0,52,27.84,0.0,30.0,80.0,0.005,0.1,0.15,0.0,mad_only
ggzR6BQXAk0,53,28.27,0.0,30.0,80.0,0.005,0.1,0.15,0.0,mad_only
ggzR6BQXAk0,54,28.715,0.0,30.0,80.0,0.005,0.1,0.15,0.0,mad_only
ggzR6BQXAk0,55,29.12,0.0,30.0,80.0,0.005,0.1,0.15,0.0,mad_only
ggzR6BQXAk0,56,29.57,0.0,30.0,80.0,0.005,0.1,0.15,0.0,mad_only
gktSILI4uGw,0,0.965,0.0,30.0,80.0,0.005,0.1,0.15,0.0,mad_only
gktSILI4uGw,1,1.5,0.0,30.0,80.0,0.005,0.1,0.15,0.0,mad_only
gktSILI4uGw,2,2.075,0.0,30.0,80.0,0.005,0.1,0.15,0.0,mad_only
gktSILI4uGw,3,2.62,0.0,30.0,80.0,0.005,0.1,0.15,0.0,mad_only
gktSILI4uGw,4,3.185,0.0,30.0,80.0,0.005,0.1,0.15,0.0,mad_only
gktSILI4uGw,5,3.77,0.0,30.0,80.0,0.005,0.1,0.15,0.0,mad_only
gktSILI4uGw,6,4.34,0.0,30.0,80.0,0.005,0.1,0.15,0.0,mad_only
gktSILI4uGw,7,4.92,0.0,30.0,80.0,0.005,0.1,0.15,0.0,mad_only
gktSILI4uGw,8,5.49,0.0,30.0,80.0,0.005,0.1,0.15,0.0,mad_only
gktSILI4uGw,9,6.065,0.0,30.0,80.0,0.005,0.1,0.15,0.0,mad_only
gktSILI4uGw,10,6.635,0.0,30.0,80.0,0.005,0.1,0.15,0.0,mad_only
gktSILI4uGw,11,7.18,0.0,30.0,80.0,0.005,0.1,0.15,0.0,mad_only
gktSILI4uGw,12,7.75,0.0,30.0,80.0,0.005,0.1,0.15,0.0,mad_only
gktSILI4uGw,13,8.345,0.0,30.0,80.0,0.005,0.1,0.15,0.0,mad_only
gktSILI4uGw,14,8.925,0.0,30.0,80.0,0.005,0.1,0.15,0.0,mad_only
gktSILI4uGw,15,9.49,0.0,30.0,80.0,0.005,0.1,0.15,0.0,mad_only
gktSILI4uGw,16,10.07,0.0,30.0,80.0,0.005,0.1,0.15,0.0,mad_only
gktSILI4uGw,17,10.635,0.0,30.0,80.0,0.005,0.1,0.15,0.0,mad_only
gktSILI4uGw,18,11.21,0.0,30.0,80.0,0.005,0.1,0.15,0.0,mad_only
gktSILI4uGw,19,11.775,0.0,30.0,80.0,0.005,0.1,0.15,0.0,mad_only
gktSILI4uGw,20,12.34,0.0,30.0,80.0,0.005,0.1,0.15,0.0,mad_only
gktSILI4uGw,21,12.92,0.0,30.0,80.0,0.005,0.1,0.15,0.0,mad_only
gktSILI4uGw,22,13.49,0.0,30.0,80.0,0.005,0.1,0.15,0.0,mad_only
gktSILI4uGw,23,14.055,0.0,30.0,80.0,0.005,0.1,0.15,0.0,mad_only
gktSILI4uGw,24,14.64,0.0,30.0,80.0,0.005,0.1,0.15,0.0,mad_only
gktSILI4uGw,25,15.21,0.0,30.0,80.0,0.005,0.1,0.15,0.0,mad_only
gktSILI4uGw,26,15.780000000000001,0.0,30.0,80.0,0.005,0.1,0.15,0.0,mad_only
gktSILI4uGw,27,16.335,0.0,30.0,80.0,0.005,0.1,0.15,0.0,mad_only
gktSILI4uGw,28,16.91,0.0,30.0,80.0,0.005,0.1,0.15,0.0,mad_only
gktSILI4uGw,29,17.5,0.0,30.0,80.0,0.005,0.1,0.15,0.0,mad_only
gktSILI4uGw,30,18.07,0.0,30.0,80.0,0.005,0.1,0.15,0.0,mad_only
gktSILI4uGw,31,18.63,0.0,30.0,80.0,0.005,0.1,0.15,0.0,mad_only
gktSILI4uGw,32,19.215,0.0,30.0,80.0,0.005,0.1,0.15,0.0,mad_only
gktSILI4uGw,33,19.79,0.0,30.0,80.0,0.005,0.1,0.15,0.0,mad_only
gktSILI4uGw,34,20.355,0.0,30.0,80.0,0.005,0.1,0.15,0.0,mad_only
gktSILI4uGw,35,20.92,0.0,30.0,80.0,0.005,0.1,0.15,0.0,mad_only
gktSILI4uGw,36,21.5,0.0,30.0,80.0,0.005,0.1,0.15,0.0,mad_only
gktSILI4uGw,37,22.06,0.0,30.0,80.0,0.005,0.1,0.15,0.0,mad_only
gktSILI4uGw,38,22.64,0.0,30.0,80.0,0.005,0.1,0.15,0.0,mad_only
gktSILI4uGw,39,23.21,0.0,30.0,80.0,0.005,0.1,0.15,0.0,mad_only
gktSILI4uGw,40,23.78,0.0,30.0,80.0,0.005,0.1,0.15,0.0,mad_only
gktSILI4uGw,41,24.35,0.0,30.0,80.0,0.005,0.1,0.15,0.0,mad_only
gktSILI4uGw,42,24.92,0.0,30.0,80.0,0.005,0.1,0.15,0.0,mad_only
gktSILI4uGw,43,25.490000000000002,0.0,30.0,80.0,0.005,0.1,0.15,0.0,mad_only
gktSILI4uGw,44,26.065,0.0,30.0,80.0,0.005,0.1,0.15,0.0,mad_only
gktSILI4uGw,45,26.63,0.0,30.0,80.0,0.005,0.1,0.15,0.0,mad_only
gktSILI4uGw,46,27.21,0.0,30.0,80.0,0.005,0.1,0.15,0.0,mad_only
gktSILI4uGw,47,27.78,0.0,30.0,80.0,0.005,0.1,0.15,0.0,mad_only
gktSILI4uGw,48,28.36,0.0,30.0,80.0,0.005,0.1,0.15,0.0,mad_only
gktSILI4uGw,49,28.95,0.0,30.0,80.0,0.005,0.1,0.15,0.0,mad_only
gktSILI4uGw,50,29.515,0.0,30.0,80.0,0.005,0.1,0.15,0.0,mad_only
glaZwDDrTSo,0,1.0050000000000001,0.0,30.0,80.0,0.005,0.1,0.15,0.0,mad_only
glaZwDDrTSo,1,1.485,0.0,30.0,80.0,0.005,0.1,0.15,0.0,mad_only
glaZwDDrTSo,2,2.0300000000000002,0.0,30.0,80.0,0.005,0.1,0.15,0.0,mad_only
glaZwDDrTSo,3,2.7,0.0,30.0,80.0,0.005,0.1,0.15,0.0,mad_only
glaZwDDrTSo,4,3.285,0.0,30.0,80.0,0.005,0.1,0.15,0.0,mad_only
glaZwDDrTSo,5,3.9250000000000003,0.0,30.0,80.0,0.005,0.1,0.15,0.0,mad_only
glaZwDDrTSo,6,5.175,0.0,30.0,80.0,0.005,0.1,0.15,0.0,mad_only
glaZwDDrTSo,7,5.76,0.0,30.0,80.0,0.005,0.1,0.15,0.0,mad_only
glaZwDDrTSo,8,6.335,0.0,30.0,80.0,0.005,0.1,0.15,0.0,mad_only
glaZwDDrTSo,9,6.9350000000000005,0.0,30.0,80.0,0.005,0.1,0.15,0.0,mad_only
glaZwDDrTSo,10,7.415,0.0,30.0,80.0,0.005,0.1,0.15,0.0,mad_only
glaZwDDrTSo,11,7.985,0.0,30.0,80.0,0.005,0.1,0.15,0.0,mad_only
glaZwDDrTSo,12,8.535,0.0,30.0,80.0,0.005,0.1,0.15,0.0,mad_only
glaZwDDrTSo,13,9.445,0.0,30.0,80.0,0.005,0.1,0.15,0.0,mad_only
glaZwDDrTSo,14,10.4,0.0,30.0,80.0,0.005,0.1,0.15,0.0,mad_only
glaZwDDrTSo,15,11.59,0.0,30.0,80.0,0.005,0.1,0.15,0.0,mad_only
glaZwDDrTSo,16,12.385,0.0,30.0,80.0,0.005,0.1,0.15,0.0,mad_only
glaZwDDrTSo,17,13.705,0.0,30.0,80.0,0.005,0.1,0.15,0.0,mad_only
glaZwDDrTSo,18,14.42,0.0,30.0,80.0,0.005,0.1,0.15,0.0,mad_only
glaZwDDrTSo,19,15.56,0.0,30.0,80.0,0.005,0.1,0.15,0.0,mad_only
glaZwDDrTSo,20,16.035,0.0,30.0,80.0,0.005,0.1,0.15,0.0,mad_only
glaZwDDrTSo,21,16.48,0.0,30.0,80.0,0.005,0.1,0.15,0.0,mad_only
glaZwDDrTSo,22,17.61,0.0,30.0,80.0,0.005,0.1,0.15,0.0,mad_only
glaZwDDrTSo,23,18.1,0.0,30.0,80.0,0.005,0.1,0.15,0.0,mad_only
glaZwDDrTSo,24,18.525000000000002,0.0,30.0,80.0,0.005,0.1,0.15,0.0,mad_only
glaZwDDrTSo,25,19.115000000000002,0.0,30.0,80.0,0.005,0.1,0.15,0.0,mad_only
glaZwDDrTSo,26,19.61,0.0,30.0,80.0,0.005,0.1,0.15,0.0,mad_only
glaZwDDrTSo,27,20.085,0.0,30.0,80.0,0.005,0.1,0.15,0.0,mad_only
glaZwDDrTSo,28,20.66,0.0,30.0,80.0,0.005,0.1,0.15,0.0,mad_only
glaZwDDrTSo,29,21.09,0.0,30.0,80.0,0.005,0.1,0.15,0.0,mad_only
glaZwDDrTSo,30,21.61,0.0,30.0,80.0,0.005,0.1,0.15,0.0,mad_only
glaZwDDrTSo,31,22.16,0.0,30.0,80.0,0.005,0.1,0.15,0.0,mad_only
glaZwDDrTSo,32,22.650000000000002,0.0,30.0,80.0,0.005,0.1,0.15,0.0,mad_only
glaZwDDrTSo,33,23.18,0.0,30.0,80.0,0.005,0.1,0.15,0.0,mad_only
glaZwDDrTSo,34,23.705000000000002,0.0,30.0,80.0,0.005,0.1,0.15,0.0,mad_only
glaZwDDrTSo,35,24.22,0.0,30.0,80.0,0.005,0.1,0.15,0.0,mad_only
glaZwDDrTSo,36,24.67,0.0,30.0,80.0,0.005,0.1,0.15,0.0,mad_only
glaZwDDrTSo,37,25.225,0.0,30.0,80.0,0.005,0.1,0.15,0.0,mad_only
glaZwDDrTSo,38,26.225,0.0,30.0,80.0,0.005,0.1,0.15,0.0,mad_only
glaZwDDrTSo,39,26.73,0.0,30.0,80.0,0.005,0.1,0.15,0.0,mad_only
glaZwDDrTSo,40,27.215,0.0,30.0,80.0,0.005,0.1,0.15,0.0,mad_only
glaZwDDrTSo,41,27.835,0.0,30.0,80.0,0.005,0.1,0.15,0.0,mad_only
glaZwDDrTSo,42,28.3,0.0,30.0,80.0,0.005,0.1,0.15,0.0,mad_only
glaZwDDrTSo,43,28.725,0.0,30.0,80.0,0.005,0.1,0.15,0.0,mad_only
glaZwDDrTSo,44,29.285,0.0,30.0,80.0,0.005,0.1,0.15,0.0,mad_only
glaZwDDrTSo,45,29.73,0.0,30.0,80.0,0.005,0.1,0.15,0.0,mad_only
grjlXtjRC-U,0,0.92,0.0,30.0,80.0,0.005,0.1,0.15,0.0,mad_only
grjlXtjRC-U,1,1.32,0.0,30.0,80.0,0.005,0.1,0.15,0.0,mad_only
grjlXtjRC-U,2,1.73,0.0,30.0,80.0,0.005,0.1,0.15,0.0,mad_only
grjlXtjRC-U,3,2.14,0.0,30.0,80.0,0.005,0.1,0.15,0.0,mad_only
grjlXtjRC-U,4,2.555,0.0,30.0,80.0,0.005,0.1,0.15,0.0,mad_only
grjlXtjRC-U,5,2.97,0.0,30.0,80.0,0.005,0.1,0.15,0.0,mad_only
grjlXtjRC-U,6,3.38,0.0,30.0,80.0,0.005,0.1,0.15,0.0,mad_only
grjlXtjRC-U,7,3.8000000000000003,0.0,30.0,80.0,0.005,0.1,0.15,0.0,mad_only
grjlXtjRC-U,8,4.225,0.0,30.0,80.0,0.005,0.1,0.15,0.0,mad_only
grjlXtjRC-U,9,4.64,0.0,30.0,80.0,0.005,0.1,0.15,0.0,mad_only
grjlXtjRC-U,10,5.04,0.0,30.0,80.0,0.005,0.1,0.15,0.0,mad_only
grjlXtjRC-U,11,5.465,0.0,30.0,80.0,0.005,0.1,0.15,0.0,mad_only
grjlXtjRC-U,12,5.875,0.0,30.0,80.0,0.005,0.1,0.15,0.0,mad_only
grjlXtjRC-U,13,6.3100000000000005,0.0,30.0,80.0,0.005,0.1,0.15,0.0,mad_only
grjlXtjRC-U,14,6.7250000000000005,0.0,30.0,80.0,0.005,0.1,0.15,0.0,mad_only
grjlXtjRC-U,15,7.1450000000000005,0.0,30.0,80.0,0.005,0.1,0.15,0.0,mad_only
grjlXtjRC-U,16,7.555,0.0,30.0,80.0,0.005,0.1,0.15,0.0,mad_only
grjlXtjRC-U,17,7.97,0.0,30.0,80.0,0.005,0.1,0.15,0.0,mad_only
grjlXtjRC-U,18,8.375,0.0,30.0,80.0,0.005,0.1,0.15,0.0,mad_only
grjlXtjRC-U,19,8.81,0.0,30.0,80.0,0.005,0.1,0.15,0.0,mad_only
grjlXtjRC-U,20,9.22,0.0,30.0,80.0,0.005,0.1,0.15,0.0,mad_only
grjlXtjRC-U,21,9.635,0.0,30.0,80.0,0.005,0.1,0.15,0.0,mad_only
grjlXtjRC-U,22,10.05,0.0,30.0,80.0,0.005,0.1,0.15,0.0,mad_only
grjlXtjRC-U,23,10.47,0.0,30.0,80.0,0.005,0.1,0.15,0.0,mad_only
grjlXtjRC-U,24,10.88,0.0,30.0,80.0,0.005,0.1,0.15,0.0,mad_only
grjlXtjRC-U,25,11.295,0.0,30.0,80.0,0.005,0.1,0.15,0.0,mad_only
grjlXtjRC-U,26,11.705,0.0,30.0,80.0,0.005,0.1,0.15,0.0,mad_only
grjlXtjRC-U,27,12.13,0.0,30.0,80.0,0.005,0.1,0.15,0.0,mad_only
grjlXtjRC-U,28,12.545,0.0,30.0,80.0,0.005,0.1,0.15,0.0,mad_only
grjlXtjRC-U,29,12.965,0.0,30.0,80.0,0.005,0.1,0.15,0.0,mad_only
grjlXtjRC-U,30,13.38,0.0,30.0,80.0,0.005,0.1,0.15,0.0,mad_only
grjlXtjRC-U,31,13.8,0.0,30.0,80.0,0.005,0.1,0.15,0.0,mad_only
grjlXtjRC-U,32,14.215,0.0,30.0,80.0,0.005,0.1,0.15,0.0,mad_only
grjlXtjRC-U,33,14.625,0.0,30.0,80.0,0.005,0.1,0.15,0.0,mad_only
grjlXtjRC-U,34,15.040000000000001,0.0,30.0,80.0,0.005,0.1,0.15,0.0,mad_only
grjlXtjRC-U,35,15.47,0.0,30.0,80.0,0.005,0.1,0.15,0.0,mad_only
grjlXtjRC-U,36,15.885,0.0,30.0,80.0,0.005,0.1,0.15,0.0,mad_only
grjlXtjRC-U,37,16.29,0.0,30.0,80.0,0.005,0.1,0.15,0.0,mad_only
grjlXtjRC-U,38,16.695,0.0,30.0,80.0,0.005,0.1,0.15,0.0,mad_only
grjlXtjRC-U,39,17.125,0.0,30.0,80.0,0.005,0.1,0.15,0.0,mad_only
grjlXtjRC-U,40,17.54,0.0,30.0,80.0,0.005,0.1,0.15,0.0,mad_only
grjlXtjRC-U,41,17.96,0.0,30.0,80.0,0.005,0.1,0.15,0.0,mad_only
grjlXtjRC-U,42,18.37,0.0,30.0,80.0,0.005,0.1,0.15,0.0,mad_only
grjlXtjRC-U,43,18.795,0.0,30.0,80.0,0.005,0.1,0.15,0.0,mad_only
grjlXtjRC-U,44,19.215,0.0,30.0,80.0,0.005,0.1,0.15,0.0,mad_only
grjlXtjRC-U,45,19.63,0.0,30.0,80.0,0.005,0.1,0.15,0.0,mad_only
grjlXtjRC-U,46,20.05,0.0,30.0,80.0,0.005,0.1,0.15,0.0,mad_only
grjlXtjRC-U,47,20.48,0.0,30.0,80.0,0.005,0.1,0.15,0.0,mad_only
grjlXtjRC-U,48,20.900000000000002,0.0,30.0,80.0,0.005,0.1,0.15,0.0,mad_only
grjlXtjRC-U,49,21.335,0.0,30.0,80.0,0.005,0.1,0.15,0.0,mad_only
grjlXtjRC-U,50,21.77,0.0,30.0,80.0,0.005,0.1,0.15,0.0,mad_only
grjlXtjRC-U,51,22.19,0.0,30.0,80.0,0.005,0.1,0.15,0.0,mad_only
grjlXtjRC-U,52,22.605,0.0,30.0,80.0,0.005,0.1,0.15,0.0,mad_only
grjlXtjRC-U,53,22.990000000000002,0.0,30.0,80.0,0.005,0.1,0.15,0.0,mad_only
grjlXtjRC-U,54,23.405,0.0,30.0,80.0,0.005,0.1,0.15,0.0,mad_only
grjlXtjRC-U,55,23.81,0.0,30.0,80.0,0.005,0.1,0.15,0.0,mad_only
grjlXtjRC-U,56,24.205000000000002,0.0,30.0,80.0,0.005,0.1,0.15,0.0,mad_only
grjlXtjRC-U,57,24.62,0.0,30.0,80.0,0.005,0.1,0.15,0.0,mad_only
grjlXtjRC-U,58,25.04,0.0,30.0,80.0,0.005,0.1,0.15,0.0,mad_only
grjlXtjRC-U,59,25.465,0.0,30.0,80.0,0.005,0.1,0.15,0.0,mad_only
grjlXtjRC-U,60,25.88,0.0,30.0,80.0,0.005,0.1,0.15,0.0,mad_only
grjlXtjRC-U,61,26.29,0.0,30.0,80.0,0.005,0.1,0.15,0.0,mad_only
grjlXtjRC-U,62,26.715,0.0,30.0,80.0,0.005,0.1,0.15,0.0,mad_only
grjlXtjRC-U,63,27.135,0.0,30.0,80.0,0.005,0.1,0.15,0.0,mad_only
grjlXtjRC-U,64,27.55,0.0,30.0,80.0,0.005,0.1,0.15,0.0,mad_only
grjlXtjRC-U,65,27.96,0.0,30.0,80.0,0.005,0.1,0.15,0.0,mad_only
grjlXtjRC-U,66,28.375,0.0,30.0,80.0,0.005,0.1,0.15,0.0,mad_only
grjlXtjRC-U,67,28.795,0.0,30.0,80.0,0.005,0.1,0.15,0.0,mad_only
grjlXtjRC-U,68,29.2,0.0,30.0,80.0,0.005,0.1,0.15,0.0,mad_only
grjlXtjRC-U,69,29.615000000000002,0.0,30.0,80.0,0.005,0.1,0.15,0.0,mad_only
h7cOOfpdEfk,0,1.4000000000000001,0.0,30.0,80.0,0.005,0.1,0.15,0.0,mad_only
h7cOOfpdEfk,1,2.345,0.0,30.0,80.0,0.005,0.1,0.15,0.0,mad_only
h7cOOfpdEfk,2,2.815,0.0,30.0,80.0,0.005,0.1,0.15,0.0,mad_only
h7cOOfpdEfk,3,3.27,0.0,30.0,80.0,0.005,0.1,0.15,0.0,mad_only
h7cOOfpdEfk,4,4.165,0.0,30.0,80.0,0.005,0.1,0.15,0.0,mad_only
h7cOOfpdEfk,5,4.65,0.0,30.0,80.0,0.005,0.1,0.15,0.0,mad_only
h7cOOfpdEfk,6,5.11,0.0,30.0,80.0,0.005,0.1,0.15,0.0,mad_only
h7cOOfpdEfk,7,5.585,0.0,30.0,80.0,0.005,0.1,0.15,0.0,mad_only
h7cOOfpdEfk,8,6.025,0.0,30.0,80.0,0.005,0.1,0.15,0.0,mad_only
h7cOOfpdEfk,9,6.49,0.0,30.0,80.0,0.005,0.1,0.15,0.0,mad_only
h7cOOfpdEfk,10,6.945,0.0,30.0,80.0,0.005,0.1,0.15,0.0,mad_only
h7cOOfpdEfk,11,7.445,0.0,30.0,80.0,0.005,0.1,0.15,0.0,mad_only
h7cOOfpdEfk,12,7.87,0.0,30.0,80.0,0.005,0.1,0.15,0.0,mad_only
h7cOOfpdEfk,13,8.35,0.0,30.0,80.0,0.005,0.1,0.15,0.0,mad_only
h7cOOfpdEfk,14,8.785,0.0,30.0,80.0,0.005,0.1,0.15,0.0,mad_only
h7cOOfpdEfk,15,9.28,0.0,30.0,80.0,0.005,0.1,0.15,0.0,mad_only
h7cOOfpdEfk,16,9.71,0.0,30.0,80.0,0.005,0.1,0.15,0.0,mad_only
h7cOOfpdEfk,17,10.18,0.0,30.0,80.0,0.005,0.1,0.15,0.0,mad_only
h7cOOfpdEfk,18,10.64,0.0,30.0,80.0,0.005,0.1,0.15,0.0,mad_only
h7cOOfpdEfk,19,11.115,0.0,30.0,80.0,0.005,0.1,0.15,0.0,mad_only
h7cOOfpdEfk,20,11.55,0.0,30.0,80.0,0.005,0.1,0.15,0.0,mad_only
h7cOOfpdEfk,21,12.030000000000001,0.0,30.0,80.0,0.005,0.1,0.15,0.0,mad_only
h7cOOfpdEfk,22,12.48,0.0,30.0,80.0,0.005,0.1,0.15,0.0,mad_only
h7cOOfpdEfk,23,12.965,0.0,30.0,80.0,0.005,0.1,0.15,0.0,mad_only
h7cOOfpdEfk,24,13.39,0.0,30.0,80.0,0.005,0.1,0.15,0.0,mad_only
h7cOOfpdEfk,25,13.875,0.0,30.0,80.0,0.005,0.1,0.15,0.0,mad_only
h7cOOfpdEfk,26,14.33,0.0,30.0,80.0,0.005,0.1,0.15,0.0,mad_only
h7cOOfpdEfk,27,15.23,0.0,30.0,80.0,0.005,0.1,0.15,0.0,mad_only
h7cOOfpdEfk,28,15.72,0.0,30.0,80.0,0.005,0.1,0.15,0.0,mad_only
h7cOOfpdEfk,29,16.16,0.0,30.0,80.0,0.005,0.1,0.15,0.0,mad_only
h7cOOfpdEfk,30,17.075,0.0,30.0,80.0,0.005,0.1,0.15,0.0,mad_only
h7cOOfpdEfk,31,18.0,0.0,30.0,80.0,0.005,0.1,0.15,0.0,mad_only
h7cOOfpdEfk,32,18.900000000000002,0.0,30.0,80.0,0.005,0.1,0.15,0.0,mad_only
h7cOOfpdEfk,33,19.415,0.0,30.0,80.0,0.005,0.1,0.15,0.0,mad_only
h7cOOfpdEfk,34,19.835,0.0,30.0,80.0,0.005,0.1,0.15,0.0,mad_only
h7cOOfpdEfk,35,20.775000000000002,0.0,30.0,80.0,0.005,0.1,0.15,0.0,mad_only
h7cOOfpdEfk,36,21.255,0.0,30.0,80.0,0.005,0.1,0.15,0.0,mad_only
h7cOOfpdEfk,37,21.7,0.0,30.0,80.0,0.005,0.1,0.15,0.0,mad_only
h7cOOfpdEfk,38,22.155,0.0,30.0,80.0,0.005,0.1,0.15,0.0,mad_only
h7cOOfpdEfk,39,22.605,0.0,30.0,80.0,0.005,0.1,0.15,0.0,mad_only
h7cOOfpdEfk,40,23.080000000000002,0.0,30.0,80.0,0.005,0.1,0.15,0.0,mad_only
h7cOOfpdEfk,41,23.555,0.0,30.0,80.0,0.005,0.1,0.15,0.0,mad_only
h7cOOfpdEfk,42,24.005,0.0,30.0,80.0,0.005,0.1,0.15,0.0,mad_only
h7cOOfpdEfk,43,24.465,0.0,30.0,80.0,0.005,0.1,0.15,0.0,mad_only
h7cOOfpdEfk,44,24.93,0.0,30.0,80.0,0.005,0.1,0.15,0.0,mad_only
h7cOOfpdEfk,45,25.385,0.0,30.0,80.0,0.005,0.1,0.15,0.0,mad_only
h7cOOfpdEfk,46,25.855,0.0,30.0,80.0,0.005,0.1,0.15,0.0,mad_only
h7cOOfpdEfk,47,26.305,0.0,30.0,80.0,0.005,0.1,0.15,0.0,mad_only
h7cOOfpdEfk,48,26.755,0.0,30.0,80.0,0.005,0.1,0.15,0.0,mad_only
h7cOOfpdEfk,49,27.23,0.0,30.0,80.0,0.005,0.1,0.15,0.0,mad_only
h7cOOfpdEfk,50,27.685000000000002,0.0,30.0,80.0,0.005,0.1,0.15,0.0,mad_only
h7cOOfpdEfk,51,28.14,0.0,30.0,80.0,0.005,0.1,0.15,0.0,mad_only
h7cOOfpdEfk,52,28.62,0.0,30.0,80.0,0.005,0.1,0.15,0.0,mad_only
h7cOOfpdEfk,53,29.080000000000002,0.0,30.0,80.0,0.005,0.1,0.15,0.0,mad_only
h7cOOfpdEfk,54,29.545,0.0,30.0,80.0,0.005,0.1,0.15,0.0,mad_only
h7cOOfpdEfk,55,29.925,0.0,30.0,80.0,0.005,0.1,0.15,0.0,mad_only
hC0AvnigvJc,0,1.92,0.0,30.0,80.0,0.005,0.1,0.15,0.0,mad_only
hC0AvnigvJc,1,4.375,0.0,30.0,80.0,0.005,0.1,0.15,0.0,mad_only
hC0AvnigvJc,2,7.46,0.0,30.0,80.0,0.005,0.1,0.15,0.0,mad_only
hC0AvnigvJc,3,8.745000000000001,0.0,30.0,80.0,0.005,0.1,0.15,0.0,mad_only
hC0AvnigvJc,4,9.49,0.0,30.0,80.0,0.005,0.1,0.15,0.0,mad_only
hC0AvnigvJc,5,10.245000000000001,0.0,30.0,80.0,0.005,0.1,0.15,0.0,mad_only
hC0AvnigvJc,6,14.0,0.0,30.0,80.0,0.005,0.1,0.15,0.0,mad_only
hC0AvnigvJc,7,16.905,0.0,30.0,80.0,0.005,0.1,0.15,0.0,mad_only
hC0AvnigvJc,8,17.39,0.0,30.0,80.0,0.005,0.1,0.15,0.0,mad_only
hC0AvnigvJc,9,17.785,0.0,30.0,80.0,0.005,0.1,0.15,0.0,mad_only
hC0AvnigvJc,10,18.195,0.0,30.0,80.0,0.005,0.1,0.15,0.0,mad_only
hC0AvnigvJc,11,18.62,0.0,30.0,80.0,0.005,0.1,0.15,0.0,mad_only
hC0AvnigvJc,12,19.045,0.0,30.0,80.0,0.005,0.1,0.15,0.0,mad_only
hC0AvnigvJc,13,19.45,0.0,30.0,80.0,0.005,0.1,0.15,0.0,mad_only
hC0AvnigvJc,14,19.89,0.0,30.0,80.0,0.005,0.1,0.15,0.0,mad_only
hC0AvnigvJc,15,20.295,0.0,30.0,80.0,0.005,0.1,0.15,0.0,mad_only
hC0AvnigvJc,16,20.735,0.0,30.0,80.0,0.005,0.1,0.15,0.0,mad_only
hC0AvnigvJc,17,21.125,0.0,30.0,80.0,0.005,0.1,0.15,0.0,mad_only
hC0AvnigvJc,18,21.565,0.0,30.0,80.0,0.005,0.1,0.15,0.0,mad_only
hC0AvnigvJc,19,21.97,0.0,30.0,80.0,0.005,0.1,0.15,0.0,mad_only
hC0AvnigvJc,20,22.39,0.0,30.0,80.0,0.005,0.1,0.15,0.0,mad_only
hC0AvnigvJc,21,22.81,0.0,30.0,80.0,0.005,0.1,0.15,0.0,mad_only
hC0AvnigvJc,22,23.240000000000002,0.0,30.0,80.0,0.005,0.1,0.15,0.0,mad_only
hC0AvnigvJc,23,23.67,0.0,30.0,80.0,0.005,0.1,0.15,0.0,mad_only
hC0AvnigvJc,24,24.085,0.0,30.0,80.0,0.005,0.1,0.15,0.0,mad_only
hC0AvnigvJc,25,24.51,0.0,30.0,80.0,0.005,0.1,0.15,0.0,mad_only
hC0AvnigvJc,26,24.95,0.0,30.0,80.0,0.005,0.1,0.15,0.0,mad_only
hC0AvnigvJc,27,25.385,0.0,30.0,80.0,0.005,0.1,0.15,0.0,mad_only
hC0AvnigvJc,28,25.815,0.0,30.0,80.0,0.005,0.1,0.15,0.0,mad_only
hC0AvnigvJc,29,26.235,0.0,30.0,80.0,0.005,0.1,0.15,0.0,mad_only
hC0AvnigvJc,30,26.650000000000002,0.0,30.0,80.0,0.005,0.1,0.15,0.0,mad_only
hC0AvnigvJc,31,27.080000000000002,0.0,30.0,80.0,0.005,0.1,0.15,0.0,mad_only
hC0AvnigvJc,32,27.490000000000002,0.0,30.0,80.0,0.005,0.1,0.15,0.0,mad_only
hC0AvnigvJc,33,27.925,0.0,30.0,80.0,0.005,0.1,0.15,0.0,mad_only
hC0AvnigvJc,34,28.335,0.0,30.0,80.0,0.005,0.1,0.15,0.0,mad_only
hC0AvnigvJc,35,28.775000000000002,0.0,30.0,80.0,0.005,0.1,0.15,0.0,mad_only
hC0AvnigvJc,36,29.205000000000002,0.0,30.0,80.0,0.005,0.1,0.15,0.0,mad_only
hC0AvnigvJc,37,29.635,0.0,30.0,80.0,0.005,0.1,0.15,0.0,mad_only
hV3i-2bykvo,0,1.49,0.0,30.0,80.0,0.005,0.1,0.15,0.0,mad_only
hV3i-2bykvo,1,2.09,0.0,30.0,80.0,0.005,0.1,0.15,0.0,mad_only
hV3i-2bykvo,2,2.775,0.0,30.0,80.0,0.005,0.1,0.15,0.0,mad_only
hV3i-2bykvo,3,3.415,0.0,30.0,80.0,0.005,0.1,0.15,0.0,mad_only
hV3i-2bykvo,4,4.09,0.0,30.0,80.0,0.005,0.1,0.15,0.0,mad_only
hV3i-2bykvo,5,4.74,0.0,30.0,80.0,0.005,0.1,0.15,0.0,mad_only
hV3i-2bykvo,6,5.42,0.0,30.0,80.0,0.005,0.1,0.15,0.0,mad_only
hV3i-2bykvo,7,6.095,0.0,30.0,80.0,0.005,0.1,0.15,0.0,mad_only
hV3i-2bykvo,8,6.76,0.0,30.0,80.0,0.005,0.1,0.15,0.0,mad_only
hV3i-2bykvo,9,7.43,0.0,30.0,80.0,0.005,0.1,0.15,0.0,mad_only
hV3i-2bykvo,10,8.08,0.0,30.0,80.0,0.005,0.1,0.15,0.0,mad_only
hV3i-2bykvo,11,8.76,0.0,30.0,80.0,0.005,0.1,0.15,0.0,mad_only
hV3i-2bykvo,12,9.425,0.0,30.0,80.0,0.005,0.1,0.15,0.0,mad_only
hV3i-2bykvo,13,10.075000000000001,0.0,30.0,80.0,0.005,0.1,0.15,0.0,mad_only
hV3i-2bykvo,14,10.745000000000001,0.0,30.0,80.0,0.005,0.1,0.15,0.0,mad_only
hV3i-2bykvo,15,11.415000000000001,0.0,30.0,80.0,0.005,0.1,0.15,0.0,mad_only
hV3i-2bykvo,16,12.085,0.0,30.0,80.0,0.005,0.1,0.15,0.0,mad_only
hV3i-2bykvo,17,12.76,0.0,30.0,80.0,0.005,0.1,0.15,0.0,mad_only
hV3i-2bykvo,18,13.435,0.0,30.0,80.0,0.005,0.1,0.15,0.0,mad_only
hV3i-2bykvo,19,14.09,0.0,30.0,80.0,0.005,0.1,0.15,0.0,mad_only
hV3i-2bykvo,20,14.735,0.0,30.0,80.0,0.005,0.1,0.15,0.0,mad_only
hV3i-2bykvo,21,15.405000000000001,0.0,30.0,80.0,0.005,0.1,0.15,0.0,mad_only
hV3i-2bykvo,22,16.085,0.0,30.0,80.0,0.005,0.1,0.15,0.0,mad_only
hV3i-2bykvo,23,16.75,0.0,30.0,80.0,0.005,0.1,0.15,0.0,mad_only
hV3i-2bykvo,24,17.415,0.0,30.0,80.0,0.005,0.1,0.15,0.0,mad_only
hV3i-2bykvo,25,18.09,0.0,30.0,80.0,0.005,0.1,0.15,0.0,mad_only
hV3i-2bykvo,26,18.76,0.0,30.0,80.0,0.005,0.1,0.15,0.0,mad_only
hV3i-2bykvo,27,19.425,0.0,30.0,80.0,0.005,0.1,0.15,0.0,mad_only
hV3i-2bykvo,28,20.080000000000002,0.0,30.0,80.0,0.005,0.1,0.15,0.0,mad_only
hV3i-2bykvo,29,20.745,0.0,30.0,80.0,0.005,0.1,0.15,0.0,mad_only
hV3i-2bykvo,30,21.41,0.0,30.0,80.0,0.005,0.1,0.15,0.0,mad_only
hV3i-2bykvo,31,22.075,0.0,30.0,80.0,0.005,0.1,0.15,0.0,mad_only
hV3i-2bykvo,32,22.75,0.0,30.0,80.0,0.005,0.1,0.15,0.0,mad_only
hV3i-2bykvo,33,23.425,0.0,30.0,80.0,0.005,0.1,0.15,0.0,mad_only
hV3i-2bykvo,34,24.085,0.0,30.0,80.0,0.005,0.1,0.15,0.0,mad_only
hV3i-2bykvo,35,24.76,0.0,30.0,80.0,0.005,0.1,0.15,0.0,mad_only
hV3i-2bykvo,36,25.41,0.0,30.0,80.0,0.005,0.1,0.15,0.0,mad_only
hV3i-2bykvo,37,26.075,0.0,30.0,80.0,0.005,0.1,0.15,0.0,mad_only
hV3i-2bykvo,38,26.745,0.0,30.0,80.0,0.005,0.1,0.15,0.0,mad_only
hV3i-2bykvo,39,27.415,0.0,30.0,80.0,0.005,0.1,0.15,0.0,mad_only
hV3i-2bykvo,40,28.080000000000002,0.0,30.0,80.0,0.005,0.1,0.15,0.0,mad_only
hV3i-2bykvo,41,28.755,0.0,30.0,80.0,0.005,0.1,0.15,0.0,mad_only
hV3i-2bykvo,42,29.42,0.0,30.0,80.0,0.005,0.1,0.15,0.0,mad_only
hV_oeKf3dLU,0,0.43,0.0,30.0,80.0,0.005,0.1,0.15,0.0,mad_only
hV_oeKf3dLU,1,0.935,0.0,30.0,80.0,0.005,0.1,0.15,0.0,mad_only
hV_oeKf3dLU,2,1.685,0.0,30.0,80.0,0.005,0.1,0.15,0.0,mad_only
hV_oeKf3dLU,3,2.5,0.0,30.0,80.0,0.005,0.1,0.15,0.0,mad_only
hV_oeKf3dLU,4,3.165,0.0,30.0,80.0,0.005,0.1,0.15,0.0,mad_only
hV_oeKf3dLU,5,3.6750000000000003,0.0,30.0,80.0,0.005,0.1,0.15,0.0,mad_only
hV_oeKf3dLU,6,4.3,0.0,30.0,80.0,0.005,0.1,0.15,0.0,mad_only
hV_oeKf3dLU,7,4.87,0.0,30.0,80.0,0.005,0.1,0.15,0.0,mad_only
hV_oeKf3dLU,8,5.4350000000000005,0.0,30.0,80.0,0.005,0.1,0.15,0.0,mad_only
hV_oeKf3dLU,9,6.53,0.0,30.0,80.0,0.005,0.1,0.15,0.0,mad_only
hV_oeKf3dLU,10,7.505,0.0,30.0,80.0,0.005,0.1,0.15,0.0,mad_only
hV_oeKf3dLU,11,8.65,0.0,30.0,80.0,0.005,0.1,0.15,0.0,mad_only
hV_oeKf3dLU,12,9.235,0.0,30.0,80.0,0.005,0.1,0.15,0.0,mad_only
hV_oeKf3dLU,13,9.84,0.0,30.0,80.0,0.005,0.1,0.15,0.0,mad_only
hV_oeKf3dLU,14,10.39,0.0,30.0,80.0,0.005,0.1,0.15,0.0,mad_only
hV_oeKf3dLU,15,11.01,0.0,30.0,80.0,0.005,0.1,0.15,0.0,mad_only
hV_oeKf3dLU,16,11.585,0.0,30.0,80.0,0.005,0.1,0.15,0.0,mad_only
hV_oeKf3dLU,17,12.05,0.0,30.0,80.0,0.005,0.1,0.15,0.0,mad_only
hV_oeKf3dLU,18,12.63,0.0,30.0,80.0,0.005,0.1,0.15,0.0,mad_only
hV_oeKf3dLU,19,13.245000000000001,0.0,30.0,80.0,0.005,0.1,0.15,0.0,mad_only
hV_oeKf3dLU,20,13.725,0.0,30.0,80.0,0.005,0.1,0.15,0.0,mad_only
hV_oeKf3dLU,21,14.815,0.0,30.0,80.0,0.005,0.1,0.15,0.0,mad_only
hV_oeKf3dLU,22,15.370000000000001,0.0,30.0,80.0,0.005,0.1,0.15,0.0,mad_only
hV_oeKf3dLU,23,15.955,0.0,30.0,80.0,0.005,0.1,0.15,0.0,mad_only
hV_oeKf3dLU,24,16.52,0.0,30.0,80.0,0.005,0.1,0.15,0.0,mad_only
hV_oeKf3dLU,25,17.035,0.0,30.0,80.0,0.005,0.1,0.15,0.0,mad_only
hV_oeKf3dLU,26,18.23,0.0,30.0,80.0,0.005,0.1,0.15,0.0,mad_only
hV_oeKf3dLU,27,19.25,0.0,30.0,80.0,0.005,0.1,0.15,0.0,mad_only
hV_oeKf3dLU,28,19.86,0.0,30.0,80.0,0.005,0.1,0.15,0.0,mad_only
hV_oeKf3dLU,29,20.990000000000002,0.0,30.0,80.0,0.005,0.1,0.15,0.0,mad_only
hV_oeKf3dLU,30,21.46,0.0,30.0,80.0,0.005,0.1,0.15,0.0,mad_only
hV_oeKf3dLU,31,22.195,0.0,30.0,80.0,0.005,0.1,0.15,0.0,mad_only
hV_oeKf3dLU,32,22.785,0.0,30.0,80.0,0.005,0.1,0.15,0.0,mad_only
hV_oeKf3dLU,33,23.84,0.0,30.0,80.0,0.005,0.1,0.15,0.0,mad_only
hV_oeKf3dLU,34,24.735,0.0,30.0,80.0,0.005,0.1,0.15,0.0,mad_only
hV_oeKf3dLU,35,25.915,0.0,30.0,80.0,0.005,0.1,0.15,0.0,mad_only
hV_oeKf3dLU,36,26.79,0.0,30.0,80.0,0.005,0.1,0.15,0.0,mad_only
hV_oeKf3dLU,37,27.435000000000002,0.0,30.0,80.0,0.005,0.1,0.15,0.0,mad_only
hV_oeKf3dLU,38,28.135,0.0,30.0,80.0,0.005,0.1,0.15,0.0,mad_only
hV_oeKf3dLU,39,28.725,0.0,30.0,80.0,0.005,0.1,0.15,0.0,mad_only
hV_oeKf3dLU,40,29.265,0.0,30.0,80.0,0.005,0.1,0.15,0.0,mad_only
hV_oeKf3dLU,41,29.805,0.0,30.0,80.0,0.005,0.1,0.15,0.0,mad_only
hXYT32hIbX4,0,0.9550000000000001,0.0,30.0,80.0,0.005,0.1,0.15,0.0,mad_only
hXYT32hIbX4,1,1.465,0.0,30.0,80.0,0.005,0.1,0.15,0.0,mad_only
hXYT32hIbX4,2,2.045,0.0,30.0,80.0,0.005,0.1,0.15,0.0,mad_only
hXYT32hIbX4,3,2.6,0.0,30.0,80.0,0.005,0.1,0.15,0.0,mad_only
hXYT32hIbX4,4,3.15,0.0,30.0,80.0,0.005,0.1,0.15,0.0,mad_only
hXYT32hIbX4,5,3.725,0.0,30.0,80.0,0.005,0.1,0.15,0.0,mad_only
hXYT32hIbX4,6,4.275,0.0,30.0,80.0,0.005,0.1,0.15,0.0,mad_only
hXYT32hIbX4,7,4.82,0.0,30.0,80.0,0.005,0.1,0.15,0.0,mad_only
hXYT32hIbX4,8,5.38,0.0,30.0,80.0,0.005,0.1,0.15,0.0,mad_only
hXYT32hIbX4,9,5.945,0.0,30.0,80.0,0.005,0.1,0.15,0.0,mad_only
hXYT32hIbX4,10,6.515000000000001,0.0,30.0,80.0,0.005,0.1,0.15,0.0,mad_only
hXYT32hIbX4,11,7.08,0.0,30.0,80.0,0.005,0.1,0.15,0.0,mad_only
hXYT32hIbX4,12,7.62,0.0,30.0,80.0,0.005,0.1,0.15,0.0,mad_only
hXYT32hIbX4,13,8.19,0.0,30.0,80.0,0.005,0.1,0.15,0.0,mad_only
hXYT32hIbX4,14,8.75,0.0,30.0,80.0,0.005,0.1,0.15,0.0,mad_only
hXYT32hIbX4,15,9.31,0.0,30.0,80.0,0.005,0.1,0.15,0.0,mad_only
hXYT32hIbX4,16,9.870000000000001,0.0,30.0,80.0,0.005,0.1,0.15,0.0,mad_only
hXYT32hIbX4,17,10.43,0.0,30.0,80.0,0.005,0.1,0.15,0.0,mad_only
hXYT32hIbX4,18,10.985,0.0,30.0,80.0,0.005,0.1,0.15,0.0,mad_only
hXYT32hIbX4,19,11.555,0.0,30.0,80.0,0.005,0.1,0.15,0.0,mad_only
hXYT32hIbX4,20,12.105,0.0,30.0,80.0,0.005,0.1,0.15,0.0,mad_only
hXYT32hIbX4,21,12.685,0.0,30.0,80.0,0.005,0.1,0.15,0.0,mad_only
hXYT32hIbX4,22,13.23,0.0,30.0,80.0,0.005,0.1,0.15,0.0,mad_only
hXYT32hIbX4,23,13.795,0.0,30.0,80.0,0.005,0.1,0.15,0.0,mad_only
hXYT32hIbX4,24,14.35,0.0,30.0,80.0,0.005,0.1,0.15,0.0,mad_only
hXYT32hIbX4,25,14.905000000000001,0.0,30.0,80.0,0.005,0.1,0.15,0.0,mad_only
hXYT32hIbX4,26,15.47,0.0,30.0,80.0,0.005,0.1,0.15,0.0,mad_only
hXYT32hIbX4,27,16.035,0.0,30.0,80.0,0.005,0.1,0.15,0.0,mad_only
hXYT32hIbX4,28,16.585,0.0,30.0,80.0,0.005,0.1,0.15,0.0,mad_only
hXYT32hIbX4,29,17.155,0.0,30.0,80.0,0.005,0.1,0.15,0.0,mad_only
hXYT32hIbX4,30,17.71,0.0,30.0,80.0,0.005,0.1,0.15,0.0,mad_only
hXYT32hIbX4,31,18.28,0.0,30.0,80.0,0.005,0.1,0.15,0.0,mad_only
hXYT32hIbX4,32,18.84,0.0,30.0,80.0,0.005,0.1,0.15,0.0,mad_only
hXYT32hIbX4,33,19.415,0.0,30.0,80.0,0.005,0.1,0.15,0.0,mad_only
hXYT32hIbX4,34,19.955000000000002,0.0,30.0,80.0,0.005,0.1,0.15,0.0,mad_only
hXYT32hIbX4,35,20.52,0.0,30.0,80.0,0.005,0.1,0.15,0.0,mad_only
hXYT32hIbX4,36,21.075,0.0,30.0,80.0,0.005,0.1,0.15,0.0,mad_only
hXYT32hIbX4,37,21.645,0.0,30.0,80.0,0.005,0.1,0.15,0.0,mad_only
hXYT32hIbX4,38,22.205000000000002,0.0,30.0,80.0,0.005,0.1,0.15,0.0,mad_only
hXYT32hIbX4,39,22.76,0.0,30.0,80.0,0.005,0.1,0.15,0.0,mad_only
hXYT32hIbX4,40,23.315,0.0,30.0,80.0,0.005,0.1,0.15,0.0,mad_only
hXYT32hIbX4,41,23.88,0.0,30.0,80.0,0.005,0.1,0.15,0.0,mad_only
hXYT32hIbX4,42,24.445,0.0,30.0,80.0,0.005,0.1,0.15,0.0,mad_only
hXYT32hIbX4,43,25.005,0.0,30.0,80.0,0.005,0.1,0.15,0.0,mad_only
hXYT32hIbX4,44,25.57,0.0,30.0,80.0,0.005,0.1,0.15,0.0,mad_only
hXYT32hIbX4,45,26.145,0.0,30.0,80.0,0.005,0.1,0.15,0.0,mad_only
hXYT32hIbX4,46,26.685000000000002,0.0,30.0,80.0,0.005,0.1,0.15,0.0,mad_only
hXYT32hIbX4,47,27.25,0.0,30.0,80.0,0.005,0.1,0.15,0.0,mad_only
hXYT32hIbX4,48,27.8,0.0,30.0,80.0,0.005,0.1,0.15,0.0,mad_only
hXYT32hIbX4,49,28.365000000000002,0.0,30.0,80.0,0.005,0.1,0.15,0.0,mad_only
hXYT32hIbX4,50,28.915,0.0,30.0,80.0,0.005,0.1,0.15,0.0,mad_only
hXYT32hIbX4,51,29.47,0.0,30.0,80.0,0.005,0.1,0.15,0.0,mad_only
hnAeK7UyQp0,0,0.895,0.0,30.0,80.0,0.005,0.1,0.15,0.0,mad_only
hnAeK7UyQp0,1,1.395,0.0,30.0,80.0,0.005,0.1,0.15,0.0,mad_only
hnAeK7UyQp0,2,1.8800000000000001,0.0,30.0,80.0,0.005,0.1,0.15,0.0,mad_only
hnAeK7UyQp0,3,2.4,0.0,30.0,80.0,0.005,0.1,0.15,0.0,mad_only
hnAeK7UyQp0,4,2.875,0.0,30.0,80.0,0.005,0.1,0.15,0.0,mad_only
hnAeK7UyQp0,5,3.4,0.0,30.0,80.0,0.005,0.1,0.15,0.0,mad_only
hnAeK7UyQp0,6,3.91,0.0,30.0,80.0,0.005,0.1,0.15,0.0,mad_only
hnAeK7UyQp0,7,4.41,0.0,30.0,80.0,0.005,0.1,0.15,0.0,mad_only
hnAeK7UyQp0,8,4.92,0.0,30.0,80.0,0.005,0.1,0.15,0.0,mad_only
hnAeK7UyQp0,9,5.43,0.0,30.0,80.0,0.005,0.1,0.15,0.0,mad_only
hnAeK7UyQp0,10,6.17,0.0,30.0,80.0,0.005,0.1,0.15,0.0,mad_only
hnAeK7UyQp0,11,6.885,0.0,30.0,80.0,0.005,0.1,0.15,0.0,mad_only
hnAeK7UyQp0,12,7.285,0.0,30.0,80.0,0.005,0.1,0.15,0.0,mad_only
hnAeK7UyQp0,13,7.625,0.0,30.0,80.0,0.005,0.1,0.15,0.0,mad_only
hnAeK7UyQp0,14,8.355,0.0,30.0,80.0,0.005,0.1,0.15,0.0,mad_only
hnAeK7UyQp0,15,8.74,0.0,30.0,80.0,0.005,0.1,0.15,0.0,mad_only
hnAeK7UyQp0,16,9.085,0.0,30.0,80.0,0.005,0.1,0.15,0.0,mad_only
hnAeK7UyQp0,17,9.47,0.0,30.0,80.0,0.005,0.1,0.15,0.0,mad_only
hnAeK7UyQp0,18,9.825000000000001,0.0,30.0,80.0,0.005,0.1,0.15,0.0,mad_only
hnAeK7UyQp0,19,10.195,0.0,30.0,80.0,0.005,0.1,0.15,0.0,mad_only
hnAeK7UyQp0,20,10.55,0.0,30.0,80.0,0.005,0.1,0.15,0.0,mad_only
hnAeK7UyQp0,21,10.94,0.0,30.0,80.0,0.005,0.1,0.15,0.0,mad_only
hnAeK7UyQp0,22,11.285,0.0,30.0,80.0,0.005,0.1,0.15,0.0,mad_only
hnAeK7UyQp0,23,11.665000000000001,0.0,30.0,80.0,0.005,0.1,0.15,0.0,mad_only
hnAeK7UyQp0,24,12.025,0.0,30.0,80.0,0.005,0.1,0.15,0.0,mad_only
hnAeK7UyQp0,25,12.745000000000001,0.0,30.0,80.0,0.005,0.1,0.15,0.0,mad_only
hnAeK7UyQp0,26,13.13,0.0,30.0,80.0,0.005,0.1,0.15,0.0,mad_only
hnAeK7UyQp0,27,13.48,0.0,30.0,80.0,0.005,0.1,0.15,0.0,mad_only
hnAeK7UyQp0,28,14.21,0.0,30.0,80.0,0.005,0.1,0.15,0.0,mad_only
hnAeK7UyQp0,29,14.58,0.0,30.0,80.0,0.005,0.1,0.15,0.0,mad_only
hnAeK7UyQp0,30,14.935,0.0,30.0,80.0,0.005,0.1,0.15,0.0,mad_only
hnAeK7UyQp0,31,15.33,0.0,30.0,80.0,0.005,0.1,0.15,0.0,mad_only
hnAeK7UyQp0,32,15.66,0.0,30.0,80.0,0.005,0.1,0.15,0.0,mad_only
hnAeK7UyQp0,33,16.025,0.0,30.0,80.0,0.005,0.1,0.15,0.0,mad_only
hnAeK7UyQp0,34,16.385,0.0,30.0,80.0,0.005,0.1,0.15,0.0,mad_only
hnAeK7UyQp0,35,16.765,0.0,30.0,80.0,0.005,0.1,0.15,0.0,mad_only
hnAeK7UyQp0,36,17.125,0.0,30.0,80.0,0.005,0.1,0.15,0.0,mad_only
hnAeK7UyQp0,37,17.505,0.0,30.0,80.0,0.005,0.1,0.15,0.0,mad_only
hnAeK7UyQp0,38,17.86,0.0,30.0,80.0,0.005,0.1,0.15,0.0,mad_only
hnAeK7UyQp0,39,18.255,0.0,30.0,80.0,0.005,0.1,0.15,0.0,mad_only
hnAeK7UyQp0,40,18.6,0.0,30.0,80.0,0.005,0.1,0.15,0.0,mad_only
hnAeK7UyQp0,41,18.990000000000002,0.0,30.0,80.0,0.005,0.1,0.15,0.0,mad_only
hnAeK7UyQp0,42,19.335,0.0,30.0,80.0,0.005,0.1,0.15,0.0,mad_only
hnAeK7UyQp0,43,20.065,0.0,30.0,80.0,0.005,0.1,0.15,0.0,mad_only
hnAeK7UyQp0,44,20.43,0.0,30.0,80.0,0.005,0.1,0.15,0.0,mad_only
hnAeK7UyQp0,45,20.795,0.0,30.0,80.0,0.005,0.1,0.15,0.0,mad_only
hnAeK7UyQp0,46,21.175,0.0,30.0,80.0,0.005,0.1,0.15,0.0,mad_only
hnAeK7UyQp0,47,21.52,0.0,30.0,80.0,0.005,0.1,0.15,0.0,mad_only
hnAeK7UyQp0,48,21.91,0.0,30.0,80.0,0.005,0.1,0.15,0.0,mad_only
hnAeK7UyQp0,49,22.265,0.0,30.0,80.0,0.005,0.1,0.15,0.0,mad_only
hnAeK7UyQp0,50,22.990000000000002,0.0,30.0,80.0,0.005,0.1,0.15,0.0,mad_only
hnAeK7UyQp0,51,23.72,0.0,30.0,80.0,0.005,0.1,0.15,0.0,mad_only
hnAeK7UyQp0,52,24.455000000000002,0.0,30.0,80.0,0.005,0.1,0.15,0.0,mad_only
hnAeK7UyQp0,53,24.830000000000002,0.0,30.0,80.0,0.005,0.1,0.15,0.0,mad_only
hnAeK7UyQp0,54,25.195,0.0,30.0,80.0,0.005,0.1,0.15,0.0,mad_only
hnAeK7UyQp0,55,25.575,0.0,30.0,80.0,0.005,0.1,0.15,0.0,mad_only
hnAeK7UyQp0,56,25.91,0.0,30.0,80.0,0.005,0.1,0.15,0.0,mad_only
hnAeK7UyQp0,57,26.305,0.0,30.0,80.0,0.005,0.1,0.15,0.0,mad_only
hnAeK7UyQp0,58,26.650000000000002,0.0,30.0,80.0,0.005,0.1,0.15,0.0,mad_only
hnAeK7UyQp0,59,27.03,0.0,30.0,80.0,0.005,0.1,0.15,0.0,mad_only
hnAeK7UyQp0,60,27.375,0.0,30.0,80.0,0.005,0.1,0.15,0.0,mad_only
hnAeK7UyQp0,61,27.755,0.0,30.0,80.0,0.005,0.1,0.15,0.0,mad_only
hnAeK7UyQp0,62,28.115000000000002,0.0,30.0,80.0,0.005,0.1,0.15,0.0,mad_only
hnAeK7UyQp0,63,28.835,0.0,30.0,80.0,0.005,0.1,0.15,0.0,mad_only
hnAeK7UyQp0,64,29.205000000000002,0.0,30.0,80.0,0.005,0.1,0.15,0.0,mad_only
hnAeK7UyQp0,65,29.55,0.0,30.0,80.0,0.005,0.1,0.15,0.0,mad_only
i5ubDN3SySI,0,0.91,0.0,30.0,80.0,0.005,0.1,0.15,0.0,mad_only
i5ubDN3SySI,1,2.23,0.0,30.0,80.0,0.005,0.1,0.15,0.0,mad_only
i5ubDN3SySI,2,3.0100000000000002,0.0,30.0,80.0,0.005,0.1,0.15,0.0,mad_only
i5ubDN3SySI,3,4.26,0.0,30.0,80.0,0.005,0.1,0.15,0.0,mad_only
i5ubDN3SySI,4,5.445,0.0,30.0,80.0,0.005,0.1,0.15,0.0,mad_only
i5ubDN3SySI,5,6.345,0.0,30.0,80.0,0.005,0.1,0.15,0.0,mad_only
i5ubDN3SySI,6,7.535,0.0,30.0,80.0,0.005,0.1,0.15,0.0,mad_only
i5ubDN3SySI,7,8.965,0.0,30.0,80.0,0.005,0.1,0.15,0.0,mad_only
i5ubDN3SySI,8,9.59,0.0,30.0,80.0,0.005,0.1,0.15,0.0,mad_only
i5ubDN3SySI,9,10.0,0.0,30.0,80.0,0.005,0.1,0.15,0.0,mad_only
i5ubDN3SySI,10,10.76,0.0,30.0,80.0,0.005,0.1,0.15,0.0,mad_only
i5ubDN3SySI,11,11.56,0.0,30.0,80.0,0.005,0.1,0.15,0.0,mad_only
i5ubDN3SySI,12,12.365,0.0,30.0,80.0,0.005,0.1,0.15,0.0,mad_only
i5ubDN3SySI,13,13.16,0.0,30.0,80.0,0.005,0.1,0.15,0.0,mad_only
i5ubDN3SySI,14,13.96,0.0,30.0,80.0,0.005,0.1,0.15,0.0,mad_only
i5ubDN3SySI,15,14.84,0.0,30.0,80.0,0.005,0.1,0.15,0.0,mad_only
i5ubDN3SySI,16,15.65,0.0,30.0,80.0,0.005,0.1,0.15,0.0,mad_only
i5ubDN3SySI,17,16.04,0.0,30.0,80.0,0.005,0.1,0.15,0.0,mad_only
i5ubDN3SySI,18,16.435,0.0,30.0,80.0,0.005,0.1,0.15,0.0,mad_only
i5ubDN3SySI,19,17.22,0.0,30.0,80.0,0.005,0.1,0.15,0.0,mad_only
i5ubDN3SySI,20,18.05,0.0,30.0,80.0,0.005,0.1,0.15,0.0,mad_only
i5ubDN3SySI,21,18.835,0.0,30.0,80.0,0.005,0.1,0.15,0.0,mad_only
i5ubDN3SySI,22,19.25,0.0,30.0,80.0,0.005,0.1,0.15,0.0,mad_only
i5ubDN3SySI,23,19.650000000000002,0.0,30.0,80.0,0.005,0.1,0.15,0.0,mad_only
i5ubDN3SySI,24,20.445,0.0,30.0,80.0,0.005,0.1,0.15,0.0,mad_only
i5ubDN3SySI,25,21.27,0.0,30.0,80.0,0.005,0.1,0.15,0.0,mad_only
i5ubDN3SySI,26,22.080000000000002,0.0,30.0,80.0,0.005,0.1,0.15,0.0,mad_only
i5ubDN3SySI,27,22.505,0.0,30.0,80.0,0.005,0.1,0.15,0.0,mad_only
i5ubDN3SySI,28,22.895,0.0,30.0,80.0,0.005,0.1,0.15,0.0,mad_only
i5ubDN3SySI,29,23.7,0.0,30.0,80.0,0.005,0.1,0.15,0.0,mad_only
i5ubDN3SySI,30,24.505,0.0,30.0,80.0,0.005,0.1,0.15,0.0,mad_only
i5ubDN3SySI,31,25.330000000000002,0.0,30.0,80.0,0.005,0.1,0.15,0.0,mad_only
i5ubDN3SySI,32,25.775000000000002,0.0,30.0,80.0,0.005,0.1,0.15,0.0,mad_only
i5ubDN3SySI,33,26.145,0.0,30.0,80.0,0.005,0.1,0.15,0.0,mad_only
i5ubDN3SySI,34,26.535,0.0,30.0,80.0,0.005,0.1,0.15,0.0,mad_only
i5ubDN3SySI,35,26.95,0.0,30.0,80.0,0.005,0.1,0.15,0.0,mad_only
i5ubDN3SySI,36,27.775000000000002,0.0,30.0,80.0,0.005,0.1,0.15,0.0,mad_only
i5ubDN3SySI,37,28.555,0.0,30.0,80.0,0.005,0.1,0.15,0.0,mad_only
i5ubDN3SySI,38,29.005,0.0,30.0,80.0,0.005,0.1,0.15,0.0,mad_only
i5ubDN3SySI,39,29.38,0.0,30.0,80.0,0.005,0.1,0.15,0.0,mad_only
i5ubDN3SySI,40,29.795,0.0,30.0,80.0,0.005,0.1,0.15,0.0,mad_only
j3Itb7Or3aA,0,0.855,0.0,30.0,80.0,0.005,0.1,0.15,0.0,mad_only
j3Itb7Or3aA,1,1.485,0.0,30.0,80.0,0.005,0.1,0.15,0.0,mad_only
j3Itb7Or3aA,2,2.11,0.0,30.0,80.0,0.005,0.1,0.15,0.0,mad_only
j3Itb7Or3aA,3,2.775,0.0,30.0,80.0,0.005,0.1,0.15,0.0,mad_only
j3Itb7Or3aA,4,3.395,0.0,30.0,80.0,0.005,0.1,0.15,0.0,mad_only
j3Itb7Or3aA,5,4.045,0.0,30.0,80.0,0.005,0.1,0.15,0.0,mad_only
j3Itb7Or3aA,6,4.705,0.0,30.0,80.0,0.005,0.1,0.15,0.0,mad_only
j3Itb7Or3aA,7,5.365,0.0,30.0,80.0,0.005,0.1,0.15,0.0,mad_only
j3Itb7Or3aA,8,6.015000000000001,0.0,30.0,80.0,0.005,0.1,0.15,0.0,mad_only
j3Itb7Or3aA,9,6.665,0.0,30.0,80.0,0.005,0.1,0.15,0.0,mad_only
j3Itb7Or3aA,10,7.3100000000000005,0.0,30.0,80.0,0.005,0.1,0.15,0.0,mad_only
j3Itb7Or3aA,11,7.965,0.0,30.0,80.0,0.005,0.1,0.15,0.0,mad_only
j3Itb7Or3aA,12,8.615,0.0,30.0,80.0,0.005,0.1,0.15,0.0,mad_only
j3Itb7Or3aA,13,9.265,0.0,30.0,80.0,0.005,0.1,0.15,0.0,mad_only
j3Itb7Or3aA,14,9.92,0.0,30.0,80.0,0.005,0.1,0.15,0.0,mad_only
j3Itb7Or3aA,15,10.565,0.0,30.0,80.0,0.005,0.1,0.15,0.0,mad_only
j3Itb7Or3aA,16,11.225,0.0,30.0,80.0,0.005,0.1,0.15,0.0,mad_only
j3Itb7Or3aA,17,11.875,0.0,30.0,80.0,0.005,0.1,0.15,0.0,mad_only
j3Itb7Or3aA,18,12.525,0.0,30.0,80.0,0.005,0.1,0.15,0.0,mad_only
j3Itb7Or3aA,19,13.18,0.0,30.0,80.0,0.005,0.1,0.15,0.0,mad_only
j3Itb7Or3aA,20,13.825000000000001,0.0,30.0,80.0,0.005,0.1,0.15,0.0,mad_only
j3Itb7Or3aA,21,14.485,0.0,30.0,80.0,0.005,0.1,0.15,0.0,mad_only
j3Itb7Or3aA,22,15.14,0.0,30.0,80.0,0.005,0.1,0.15,0.0,mad_only
j3Itb7Or3aA,23,15.795,0.0,30.0,80.0,0.005,0.1,0.15,0.0,mad_only
j3Itb7Or3aA,24,16.44,0.0,30.0,80.0,0.005,0.1,0.15,0.0,mad_only
j3Itb7Or3aA,25,17.1,0.0,30.0,80.0,0.005,0.1,0.15,0.0,mad_only
j3Itb7Or3aA,26,17.75,0.0,30.0,80.0,0.005,0.1,0.15,0.0,mad_only
j3Itb7Or3aA,27,18.405,0.0,30.0,80.0,0.005,0.1,0.15,0.0,mad_only
j3Itb7Or3aA,28,19.045,0.0,30.0,80.0,0.005,0.1,0.15,0.0,mad_only
j3Itb7Or3aA,29,19.69,0.0,30.0,80.0,0.005,0.1,0.15,0.0,mad_only
j3Itb7Or3aA,30,20.345,0.0,30.0,80.0,0.005,0.1,0.15,0.0,mad_only
j3Itb7Or3aA,31,20.995,0.0,30.0,80.0,0.005,0.1,0.15,0.0,mad_only
j3Itb7Or3aA,32,21.64,0.0,30.0,80.0,0.005,0.1,0.15,0.0,mad_only
j3Itb7Or3aA,33,22.3,0.0,30.0,80.0,0.005,0.1,0.15,0.0,mad_only
j3Itb7Or3aA,34,22.955000000000002,0.0,30.0,80.0,0.005,0.1,0.15,0.0,mad_only
j3Itb7Or3aA,35,23.61,0.0,30.0,80.0,0.005,0.1,0.15,0.0,mad_only
j3Itb7Or3aA,36,24.26,0.0,30.0,80.0,0.005,0.1,0.15,0.0,mad_only
j3Itb7Or3aA,37,24.905,0.0,30.0,80.0,0.005,0.1,0.15,0.0,mad_only
j3Itb7Or3aA,38,25.560000000000002,0.0,30.0,80.0,0.005,0.1,0.15,0.0,mad_only
j3Itb7Or3aA,39,26.22,0.0,30.0,80.0,0.005,0.1,0.15,0.0,mad_only
j3Itb7Or3aA,40,26.87,0.0,30.0,80.0,0.005,0.1,0.15,0.0,mad_only
j3Itb7Or3aA,41,27.525000000000002,0.0,30.0,80.0,0.005,0.1,0.15,0.0,mad_only
j3Itb7Or3aA,42,28.175,0.0,30.0,80.0,0.005,0.1,0.15,0.0,mad_only
j3Itb7Or3aA,43,28.830000000000002,0.0,30.0,80.0,0.005,0.1,0.15,0.0,mad_only
j3Itb7Or3aA,44,29.47,0.0,30.0,80.0,0.005,0.1,0.15,0.0,mad_only
jGGQyqohOaw,0,1.98,0.0,30.0,80.0,0.005,0.1,0.15,0.0,mad_only
jGGQyqohOaw,1,2.74,0.0,30.0,80.0,0.005,0.1,0.15,0.0,mad_only
jGGQyqohOaw,2,3.555,0.0,30.0,80.0,0.005,0.1,0.15,0.0,mad_only
jGGQyqohOaw,3,4.385,0.0,30.0,80.0,0.005,0.1,0.15,0.0,mad_only
jGGQyqohOaw,4,5.19,0.0,30.0,80.0,0.005,0.1,0.15,0.0,mad_only
jGGQyqohOaw,5,6.005,0.0,30.0,80.0,0.005,0.1,0.15,0.0,mad_only
jGGQyqohOaw,6,6.795,0.0,30.0,80.0,0.005,0.1,0.15,0.0,mad_only
jGGQyqohOaw,7,7.62,0.0,30.0,80.0,0.005,0.1,0.15,0.0,mad_only
jGGQyqohOaw,8,8.425,0.0,30.0,80.0,0.005,0.1,0.15,0.0,mad_only
jGGQyqohOaw,9,9.24,0.0,30.0,80.0,0.005,0.1,0.15,0.0,mad_only
jGGQyqohOaw,10,10.03,0.0,30.0,80.0,0.005,0.1,0.15,0.0,mad_only
jGGQyqohOaw,11,10.85,0.0,30.0,80.0,0.005,0.1,0.15,0.0,mad_only
jGGQyqohOaw,12,11.635,0.0,30.0,80.0,0.005,0.1,0.15,0.0,mad_only
jGGQyqohOaw,13,12.435,0.0,30.0,80.0,0.005,0.1,0.15,0.0,mad_only
jGGQyqohOaw,14,13.26,0.0,30.0,80.0,0.005,0.1,0.15,0.0,mad_only
jGGQyqohOaw,15,14.1,0.0,30.0,80.0,0.005,0.1,0.15,0.0,mad_only
jGGQyqohOaw,16,14.91,0.0,30.0,80.0,0.005,0.1,0.15,0.0,mad_only
jGGQyqohOaw,17,15.72,0.0,30.0,80.0,0.005,0.1,0.15,0.0,mad_only
jGGQyqohOaw,18,16.535,0.0,30.0,80.0,0.005,0.1,0.15,0.0,mad_only
jGGQyqohOaw,19,17.325,0.0,30.0,80.0,0.005,0.1,0.15,0.0,mad_only
jGGQyqohOaw,20,18.145,0.0,30.0,80.0,0.005,0.1,0.15,0.0,mad_only
jGGQyqohOaw,21,18.97,0.0,30.0,80.0,0.005,0.1,0.15,0.0,mad_only
jGGQyqohOaw,22,19.77,0.0,30.0,80.0,0.005,0.1,0.15,0.0,mad_only
jGGQyqohOaw,23,20.555,0.0,30.0,80.0,0.005,0.1,0.15,0.0,mad_only
jGGQyqohOaw,24,21.37,0.0,30.0,80.0,0.005,0.1,0.15,0.0,mad_only
jGGQyqohOaw,25,22.165,0.0,30.0,80.0,0.005,0.1,0.15,0.0,mad_only
jGGQyqohOaw,26,22.995,0.0,30.0,80.0,0.005,0.1,0.15,0.0,mad_only
jGGQyqohOaw,27,23.8,0.0,30.0,80.0,0.005,0.1,0.15,0.0,mad_only
jGGQyqohOaw,28,24.61,0.0,30.0,80.0,0.005,0.1,0.15,0.0,mad_only
jGGQyqohOaw,29,25.445,0.0,30.0,80.0,0.005,0.1,0.15,0.0,mad_only
jGGQyqohOaw,30,26.240000000000002,0.0,30.0,80.0,0.005,0.1,0.15,0.0,mad_only
jGGQyqohOaw,31,27.045,0.0,30.0,80.0,0.005,0.1,0.15,0.0,mad_only
jGGQyqohOaw,32,27.85,0.0,30.0,80.0,0.005,0.1,0.15,0.0,mad_only
jGGQyqohOaw,33,28.64,0.0,30.0,80.0,0.005,0.1,0.15,0.0,mad_only
jGGQyqohOaw,34,29.45,0.0,30.0,80.0,0.005,0.1,0.15,0.0,mad_only
jR_j-LPLBvU,0,2.48,0.0,30.0,80.0,0.005,0.1,0.15,0.0,mad_only
jR_j-LPLBvU,1,3.0500000000000003,0.0,30.0,80.0,0.005,0.1,0.15,0.0,mad_only
jR_j-LPLBvU,2,3.685,0.0,30.0,80.0,0.005,0.1,0.15,0.0,mad_only
jR_j-LPLBvU,3,4.32,0.0,30.0,80.0,0.005,0.1,0.15,0.0,mad_only
jR_j-LPLBvU,4,4.95,0.0,30.0,80.0,0.005,0.1,0.15,0.0,mad_only
jR_j-LPLBvU,5,5.59,0.0,30.0,80.0,0.005,0.1,0.15,0.0,mad_only
jR_j-LPLBvU,6,6.2,0.0,30.0,80.0,0.005,0.1,0.15,0.0,mad_only
jR_j-LPLBvU,7,6.835,0.0,30.0,80.0,0.005,0.1,0.15,0.0,mad_only
jR_j-LPLBvU,8,7.47,0.0,30.0,80.0,0.005,0.1,0.15,0.0,mad_only
jR_j-LPLBvU,9,8.105,0.0,30.0,80.0,0.005,0.1,0.15,0.0,mad_only
jR_j-LPLBvU,10,8.745000000000001,0.0,30.0,80.0,0.005,0.1,0.15,0.0,mad_only
jR_j-LPLBvU,11,9.38,0.0,30.0,80.0,0.005,0.1,0.15,0.0,mad_only
jR_j-LPLBvU,12,10.01,0.0,30.0,80.0,0.005,0.1,0.15,0.0,mad_only
jR_j-LPLBvU,13,10.64,0.0,30.0,80.0,0.005,0.1,0.15,0.0,mad_only
jR_j-LPLBvU,14,11.26,0.0,30.0,80.0,0.005,0.1,0.15,0.0,mad_only
jR_j-LPLBvU,15,11.89,0.0,30.0,80.0,0.005,0.1,0.15,0.0,mad_only
jR_j-LPLBvU,16,12.515,0.0,30.0,80.0,0.005,0.1,0.15,0.0,mad_only
jR_j-LPLBvU,17,13.15,0.0,30.0,80.0,0.005,0.1,0.15,0.0,mad_only
jR_j-LPLBvU,18,13.780000000000001,0.0,30.0,80.0,0.005,0.1,0.15,0.0,mad_only
jR_j-LPLBvU,19,14.115,0.0,30.0,80.0,0.005,0.1,0.15,0.0,mad_only
jR_j-LPLBvU,20,14.425,0.0,30.0,80.0,0.005,0.1,0.15,0.0,mad_only
jR_j-LPLBvU,21,15.055,0.0,30.0,80.0,0.005,0.1,0.15,0.0,mad_only
jR_j-LPLBvU,22,15.685,0.0,30.0,80.0,0.005,0.1,0.15,0.0,mad_only
jR_j-LPLBvU,23,16.315,0.0,30.0,80.0,0.005,0.1,0.15,0.0,mad_only
jR_j-LPLBvU,24,16.935,0.0,30.0,80.0,0.005,0.1,0.15,0.0,mad_only
jR_j-LPLBvU,25,17.565,0.0,30.0,80.0,0.005,0.1,0.15,0.0,mad_only
jR_j-LPLBvU,26,18.21,0.0,30.0,80.0,0.005,0.1,0.15,0.0,mad_only
jR_j-LPLBvU,27,18.84,0.0,30.0,80.0,0.005,0.1,0.15,0.0,mad_only
jR_j-LPLBvU,28,19.490000000000002,0.0,30.0,80.0,0.005,0.1,0.15,0.0,mad_only
jR_j-LPLBvU,29,20.125,0.0,30.0,80.0,0.005,0.1,0.15,0.0,mad_only
jR_j-LPLBvU,30,20.755,0.0,30.0,80.0,0.005,0.1,0.15,0.0,mad_only
jR_j-LPLBvU,31,21.375,0.0,30.0,80.0,0.005,0.1,0.15,0.0,mad_only
jR_j-LPLBvU,32,21.995,0.0,30.0,80.0,0.005,0.1,0.15,0.0,mad_only
jR_j-LPLBvU,33,22.63,0.0,30.0,80.0,0.005,0.1,0.15,0.0,mad_only
jR_j-LPLBvU,34,23.26,0.0,30.0,80.0,0.005,0.1,0.15,0.0,mad_only
jR_j-LPLBvU,35,23.900000000000002,0.0,30.0,80.0,0.005,0.1,0.15,0.0,mad_only
jR_j-LPLBvU,36,24.53,0.0,30.0,80.0,0.005,0.1,0.15,0.0,mad_only
jR_j-LPLBvU,37,25.165,0.0,30.0,80.0,0.005,0.1,0.15,0.0,mad_only
jR_j-LPLBvU,38,25.8,0.0,30.0,80.0,0.005,0.1,0.15,0.0,mad_only
jR_j-LPLBvU,39,26.425,0.0,30.0,80.0,0.005,0.1,0.15,0.0,mad_only
jR_j-LPLBvU,40,27.07,0.0,30.0,80.0,0.005,0.1,0.15,0.0,mad_only
jR_j-LPLBvU,41,27.695,0.0,30.0,80.0,0.005,0.1,0.15,0.0,mad_only
jR_j-LPLBvU,42,28.335,0.0,30.0,80.0,0.005,0.1,0.15,0.0,mad_only
jR_j-LPLBvU,43,28.955000000000002,0.0,30.0,80.0,0.005,0.1,0.15,0.0,mad_only
jR_j-LPLBvU,44,29.59,0.0,30.0,80.0,0.005,0.1,0.15,0.0,mad_only
kAV_6EHIuXU,0,1.425,0.0,30.0,80.0,0.005,0.1,0.15,0.0,mad_only
kAV_6EHIuXU,1,2.445,0.0,30.0,80.0,0.005,0.1,0.15,0.0,mad_only
kAV_6EHIuXU,2,2.93,0.0,30.0,80.0,0.005,0.1,0.15,0.0,mad_only
kAV_6EHIuXU,3,3.49,0.0,30.0,80.0,0.005,0.1,0.15,0.0,mad_only
kAV_6EHIuXU,4,4.11,0.0,30.0,80.0,0.005,0.1,0.15,0.0,mad_only
kAV_6EHIuXU,5,4.74,0.0,30.0,80.0,0.005,0.1,0.15,0.0,mad_only
kAV_6EHIuXU,6,5.37,0.0,30.0,80.0,0.005,0.1,0.15,0.0,mad_only
kAV_6EHIuXU,7,5.99,0.0,30.0,80.0,0.005,0.1,0.15,0.0,mad_only
kAV_6EHIuXU,8,6.61,0.0,30.0,80.0,0.005,0.1,0.15,0.0,mad_only
kAV_6EHIuXU,9,7.235,0.0,30.0,80.0,0.005,0.1,0.15,0.0,mad_only
kAV_6EHIuXU,10,7.8500000000000005,0.0,30.0,80.0,0.005,0.1,0.15,0.0,mad_only
kAV_6EHIuXU,11,8.47,0.0,30.0,80.0,0.005,0.1,0.15,0.0,mad_only
kAV_6EHIuXU,12,9.085,0.0,30.0,80.0,0.005,0.1,0.15,0.0,mad_only
kAV_6EHIuXU,13,9.700000000000001,0.0,30.0,80.0,0.005,0.1,0.15,0.0,mad_only
kAV_6EHIuXU,14,10.31,0.0,30.0,80.0,0.005,0.1,0.15,0.0,mad_only
kAV_6EHIuXU,15,10.925,0.0,30.0,80.0,0.005,0.1,0.15,0.0,mad_only
kAV_6EHIuXU,16,11.555,0.0,30.0,80.0,0.005,0.1,0.15,0.0,mad_only
kAV_6EHIuXU,17,12.17,0.0,30.0,80.0,0.005,0.1,0.15,0.0,mad_only
kAV_6EHIuXU,18,12.790000000000001,0.0,30.0,80.0,0.005,0.1,0.15,0.0,mad_only
kAV_6EHIuXU,19,13.415000000000001,0.0,30.0,80.0,0.005,0.1,0.15,0.0,mad_only
kAV_6EHIuXU,20,14.025,0.0,30.0,80.0,0.005,0.1,0.15,0.0,mad_only
kAV_6EHIuXU,21,14.645,0.0,30.0,80.0,0.005,0.1,0.15,0.0,mad_only
kAV_6EHIuXU,22,15.265,0.0,30.0,80.0,0.005,0.1,0.15,0.0,mad_only
kAV_6EHIuXU,23,15.875,0.0,30.0,80.0,0.005,0.1,0.15,0.0,mad_only
kAV_6EHIuXU,24,16.490000000000002,0.0,30.0,80.0,0.005,0.1,0.15,0.0,mad_only
kAV_6EHIuXU,25,17.11,0.0,30.0,80.0,0.005,0.1,0.15,0.0,mad_only
kAV_6EHIuXU,26,17.72,0.0,30.0,80.0,0.005,0.1,0.15,0.0,mad_only
kAV_6EHIuXU,27,18.345,0.0,30.0,80.0,0.005,0.1,0.15,0.0,mad_only
kAV_6EHIuXU,28,18.965,0.0,30.0,80.0,0.005,0.1,0.15,0.0,mad_only
kAV_6EHIuXU,29,19.59,0.0,30.0,80.0,0.005,0.1,0.15,0.0,mad_only
kAV_6EHIuXU,30,20.23,0.0,30.0,80.0,0.005,0.1,0.15,0.0,mad_only
kAV_6EHIuXU,31,20.825,0.0,30.0,80.0,0.005,0.1,0.15,0.0,mad_only
kAV_6EHIuXU,32,21.455000000000002,0.0,30.0,80.0,0.005,0.1,0.15,0.0,mad_only
kAV_6EHIuXU,33,22.065,0.0,30.0,80.0,0.005,0.1,0.15,0.0,mad_only
kAV_6EHIuXU,34,22.685,0.0,30.0,80.0,0.005,0.1,0.15,0.0,mad_only
kAV_6EHIuXU,35,23.31,0.0,30.0,80.0,0.005,0.1,0.15,0.0,mad_only
kAV_6EHIuXU,36,23.93,0.0,30.0,80.0,0.005,0.1,0.15,0.0,mad_only
kAV_6EHIuXU,37,24.55,0.0,30.0,80.0,0.005,0.1,0.15,0.0,mad_only
kAV_6EHIuXU,38,25.16,0.0,30.0,80.0,0.005,0.1,0.15,0.0,mad_only
kAV_6EHIuXU,39,25.785,0.0,30.0,80.0,0.005,0.1,0.15,0.0,mad_only
kAV_6EHIuXU,40,26.395,0.0,30.0,80.0,0.005,0.1,0.15,0.0,mad_only
kAV_6EHIuXU,41,27.0,0.0,30.0,80.0,0.005,0.1,0.15,0.0,mad_only
kAV_6EHIuXU,42,27.63,0.0,30.0,80.0,0.005,0.1,0.15,0.0,mad_only
kAV_6EHIuXU,43,28.265,0.0,30.0,80.0,0.005,0.1,0.15,0.0,mad_only
kAV_6EHIuXU,44,28.88,0.0,30.0,80.0,0.005,0.1,0.15,0.0,mad_only
kAV_6EHIuXU,45,29.490000000000002,0.0,30.0,80.0,0.005,0.1,0.15,0.0,mad_only
kORjDONhB3E,0,1.82,0.0,30.0,80.0,0.005,0.1,0.15,0.0,mad_only
kORjDONhB3E,1,2.595,0.0,30.0,80.0,0.005,0.1,0.15,0.0,mad_only
kORjDONhB3E,2,3.005,0.0,30.0,80.0,0.005,0.1,0.15,0.0,mad_only
kORjDONhB3E,3,3.415,0.0,30.0,80.0,0.005,0.1,0.15,0.0,mad_only
kORjDONhB3E,4,3.835,0.0,30.0,80.0,0.005,0.1,0.15,0.0,mad_only
kORjDONhB3E,5,4.26,0.0,30.0,80.0,0.005,0.1,0.15,0.0,mad_only
kORjDONhB3E,6,4.6850000000000005,0.0,30.0,80.0,0.005,0.1,0.15,0.0,mad_only
kORjDONhB3E,7,5.085,0.0,30.0,80.0,0.005,0.1,0.15,0.0,mad_only
kORjDONhB3E,8,5.485,0.0,30.0,80.0,0.005,0.1,0.15,0.0,mad_only
kORjDONhB3E,9,5.865,0.0,30.0,80.0,0.005,0.1,0.15,0.0,mad_only
kORjDONhB3E,10,6.28,0.0,30.0,80.0,0.005,0.1,0.15,0.0,mad_only
kORjDONhB3E,11,6.6850000000000005,0.0,30.0,80.0,0.005,0.1,0.15,0.0,mad_only
kORjDONhB3E,12,7.1000000000000005,0.0,30.0,80.0,0.005,0.1,0.15,0.0,mad_only
kORjDONhB3E,13,7.51,0.0,30.0,80.0,0.005,0.1,0.15,0.0,mad_only
kORjDONhB3E,14,7.925,0.0,30.0,80.0,0.005,0.1,0.15,0.0,mad_only
kORjDONhB3E,15,8.325,0.0,30.0,80.0,0.005,0.1,0.15,0.0,mad_only
kORjDONhB3E,16,8.76,0.0,30.0,80.0,0.005,0.1,0.15,0.0,mad_only
kORjDONhB3E,17,9.175,0.0,30.0,80.0,0.005,0.1,0.15,0.0,mad_only
kORjDONhB3E,18,9.585,0.0,30.0,80.0,0.005,0.1,0.15,0.0,mad_only
kORjDONhB3E,19,10.0,0.0,30.0,80.0,0.005,0.1,0.15,0.0,mad_only
kORjDONhB3E,20,10.43,0.0,30.0,80.0,0.005,0.1,0.15,0.0,mad_only
kORjDONhB3E,21,10.825000000000001,0.0,30.0,80.0,0.005,0.1,0.15,0.0,mad_only
kORjDONhB3E,22,11.245000000000001,0.0,30.0,80.0,0.005,0.1,0.15,0.0,mad_only
kORjDONhB3E,23,11.655,0.0,30.0,80.0,0.005,0.1,0.15,0.0,mad_only
kORjDONhB3E,24,12.06,0.0,30.0,80.0,0.005,0.1,0.15,0.0,mad_only
kORjDONhB3E,25,12.465,0.0,30.0,80.0,0.005,0.1,0.15,0.0,mad_only
kORjDONhB3E,26,12.895,0.0,30.0,80.0,0.005,0.1,0.15,0.0,mad_only
kORjDONhB3E,27,13.3,0.0,30.0,80.0,0.005,0.1,0.15,0.0,mad_only
kORjDONhB3E,28,13.700000000000001,0.0,30.0,80.0,0.005,0.1,0.15,0.0,mad_only
kORjDONhB3E,29,14.13,0.0,30.0,80.0,0.005,0.1,0.15,0.0,mad_only
kORjDONhB3E,30,14.55,0.0,30.0,80.0,0.005,0.1,0.15,0.0,mad_only
kORjDONhB3E,31,14.96,0.0,30.0,80.0,0.005,0.1,0.15,0.0,mad_only
kORjDONhB3E,32,15.38,0.0,30.0,80.0,0.005,0.1,0.15,0.0,mad_only
kORjDONhB3E,33,15.8,0.0,30.0,80.0,0.005,0.1,0.15,0.0,mad_only
kORjDONhB3E,34,16.215,0.0,30.0,80.0,0.005,0.1,0.15,0.0,mad_only
kORjDONhB3E,35,16.625,0.0,30.0,80.0,0.005,0.1,0.15,0.0,mad_only
kORjDONhB3E,36,17.04,0.0,30.0,80.0,0.005,0.1,0.15,0.0,mad_only
kORjDONhB3E,37,17.46,0.0,30.0,80.0,0.005,0.1,0.15,0.0,mad_only
kORjDONhB3E,38,17.885,0.0,30.0,80.0,0.005,0.1,0.15,0.0,mad_only
kORjDONhB3E,39,18.285,0.0,30.0,80.0,0.005,0.1,0.15,0.0,mad_only
kORjDONhB3E,40,18.695,0.0,30.0,80.0,0.005,0.1,0.15,0.0,mad_only
kORjDONhB3E,41,19.105,0.0,30.0,80.0,0.005,0.1,0.15,0.0,mad_only
kORjDONhB3E,42,19.525000000000002,0.0,30.0,80.0,0.005,0.1,0.15,0.0,mad_only
kORjDONhB3E,43,19.925,0.0,30.0,80.0,0.005,0.1,0.15,0.0,mad_only
kORjDONhB3E,44,20.34,0.0,30.0,80.0,0.005,0.1,0.15,0.0,mad_only
kORjDONhB3E,45,20.75,0.0,30.0,80.0,0.005,0.1,0.15,0.0,mad_only
kORjDONhB3E,46,21.155,0.0,30.0,80.0,0.005,0.1,0.15,0.0,mad_only
kORjDONhB3E,47,21.57,0.0,30.0,80.0,0.005,0.1,0.15,0.0,mad_only
kORjDONhB3E,48,21.985,0.0,30.0,80.0,0.005,0.1,0.15,0.0,mad_only
kORjDONhB3E,49,22.395,0.0,30.0,80.0,0.005,0.1,0.15,0.0,mad_only
kORjDONhB3E,50,22.81,0.0,30.0,80.0,0.005,0.1,0.15,0.0,mad_only
kORjDONhB3E,51,23.225,0.0,30.0,80.0,0.005,0.1,0.15,0.0,mad_only
kORjDONhB3E,52,23.650000000000002,0.0,30.0,80.0,0.005,0.1,0.15,0.0,mad_only
kORjDONhB3E,53,24.07,0.0,30.0,80.0,0.005,0.1,0.15,0.0,mad_only
kORjDONhB3E,54,24.48,0.0,30.0,80.0,0.005,0.1,0.15,0.0,mad_only
kORjDONhB3E,55,24.89,0.0,30.0,80.0,0.005,0.1,0.15,0.0,mad_only
kORjDONhB3E,56,25.3,0.0,30.0,80.0,0.005,0.1,0.15,0.0,mad_only
kORjDONhB3E,57,25.705000000000002,0.0,30.0,80.0,0.005,0.1,0.15,0.0,mad_only
kORjDONhB3E,58,26.135,0.0,30.0,80.0,0.005,0.1,0.15,0.0,mad_only
kORjDONhB3E,59,26.54,0.0,30.0,80.0,0.005,0.1,0.15,0.0,mad_only
kORjDONhB3E,60,26.955000000000002,0.0,30.0,80.0,0.005,0.1,0.15,0.0,mad_only
kORjDONhB3E,61,27.37,0.0,30.0,80.0,0.005,0.1,0.15,0.0,mad_only
kORjDONhB3E,62,27.79,0.0,30.0,80.0,0.005,0.1,0.15,0.0,mad_only
kORjDONhB3E,63,28.2,0.0,30.0,80.0,0.005,0.1,0.15,0.0,mad_only
kORjDONhB3E,64,28.595,0.0,30.0,80.0,0.005,0.1,0.15,0.0,mad_only
kORjDONhB3E,65,29.015,0.0,30.0,80.0,0.005,0.1,0.15,0.0,mad_only
kORjDONhB3E,66,29.435000000000002,0.0,30.0,80.0,0.005,0.1,0.15,0.0,mad_only
kORjDONhB3E,67,29.87,0.0,30.0,80.0,0.005,0.1,0.15,0.0,mad_only
k_M2pPYYYH0,0,0.93,0.0,30.0,80.0,0.005,0.1,0.15,0.0,mad_only
k_M2pPYYYH0,1,1.845,0.0,30.0,80.0,0.005,0.1,0.15,0.0,mad_only
k_M2pPYYYH0,2,4.605,0.0,30.0,80.0,0.005,0.1,0.15,0.0,mad_only
k_M2pPYYYH0,3,5.78,0.0,30.0,80.0,0.005,0.1,0.15,0.0,mad_only
k_M2pPYYYH0,4,6.425,0.0,30.0,80.0,0.005,0.1,0.15,0.0,mad_only
k_M2pPYYYH0,5,7.035,0.0,30.0,80.0,0.005,0.1,0.15,0.0,mad_only
k_M2pPYYYH0,6,7.655,0.0,30.0,80.0,0.005,0.1,0.15,0.0,mad_only
k_M2pPYYYH0,7,8.27,0.0,30.0,80.0,0.005,0.1,0.15,0.0,mad_only
k_M2pPYYYH0,8,8.885,0.0,30.0,80.0,0.005,0.1,0.15,0.0,mad_only
k_M2pPYYYH0,9,9.495000000000001,0.0,30.0,80.0,0.005,0.1,0.15,0.0,mad_only
k_M2pPYYYH0,10,10.105,0.0,30.0,80.0,0.005,0.1,0.15,0.0,mad_only
k_M2pPYYYH0,11,10.715,0.0,30.0,80.0,0.005,0.1,0.15,0.0,mad_only
k_M2pPYYYH0,12,11.32,0.0,30.0,80.0,0.005,0.1,0.15,0.0,mad_only
k_M2pPYYYH0,13,11.93,0.0,30.0,80.0,0.005,0.1,0.15,0.0,mad_only
k_M2pPYYYH0,14,12.55,0.0,30.0,80.0,0.005,0.1,0.15,0.0,mad_only
k_M2pPYYYH0,15,13.17,0.0,30.0,80.0,0.005,0.1,0.15,0.0,mad_only
k_M2pPYYYH0,16,13.77,0.0,30.0,80.0,0.005,0.1,0.15,0.0,mad_only
k_M2pPYYYH0,17,14.370000000000001,0.0,30.0,80.0,0.005,0.1,0.15,0.0,mad_only
k_M2pPYYYH0,18,14.98,0.0,30.0,80.0,0.005,0.1,0.15,0.0,mad_only
k_M2pPYYYH0,19,15.585,0.0,30.0,80.0,0.005,0.1,0.15,0.0,mad_only
k_M2pPYYYH0,20,16.195,0.0,30.0,80.0,0.005,0.1,0.15,0.0,mad_only
k_M2pPYYYH0,21,16.815,0.0,30.0,80.0,0.005,0.1,0.15,0.0,mad_only
k_M2pPYYYH0,22,17.44,0.0,30.0,80.0,0.005,0.1,0.15,0.0,mad_only
k_M2pPYYYH0,23,18.055,0.0,30.0,80.0,0.005,0.1,0.15,0.0,mad_only
k_M2pPYYYH0,24,18.650000000000002,0.0,30.0,80.0,0.005,0.1,0.15,0.0,mad_only
k_M2pPYYYH0,25,19.275000000000002,0.0,30.0,80.0,0.005,0.1,0.15,0.0,mad_only
k_M2pPYYYH0,26,19.895,0.0,30.0,80.0,0.005,0.1,0.15,0.0,mad_only
k_M2pPYYYH0,27,20.5,0.0,30.0,80.0,0.005,0.1,0.15,0.0,mad_only
k_M2pPYYYH0,28,21.1,0.0,30.0,80.0,0.005,0.1,0.15,0.0,mad_only
k_M2pPYYYH0,29,21.715,0.0,30.0,80.0,0.005,0.1,0.15,0.0,mad_only
k_M2pPYYYH0,30,22.34,0.0,30.0,80.0,0.005,0.1,0.15,0.0,mad_only
k_M2pPYYYH0,31,22.95,0.0,30.0,80.0,0.005,0.1,0.15,0.0,mad_only
k_M2pPYYYH0,32,23.57,0.0,30.0,80.0,0.005,0.1,0.15,0.0,mad_only
k_M2pPYYYH0,33,24.18,0.0,30.0,80.0,0.005,0.1,0.15,0.0,mad_only
k_M2pPYYYH0,34,24.795,0.0,30.0,80.0,0.005,0.1,0.15,0.0,mad_only
k_M2pPYYYH0,35,25.395,0.0,30.0,80.0,0.005,0.1,0.15,0.0,mad_only
k_M2pPYYYH0,36,26.005,0.0,30.0,80.0,0.005,0.1,0.15,0.0,mad_only
k_M2pPYYYH0,37,26.615000000000002,0.0,30.0,80.0,0.005,0.1,0.15,0.0,mad_only
k_M2pPYYYH0,38,27.240000000000002,0.0,30.0,80.0,0.005,0.1,0.15,0.0,mad_only
k_M2pPYYYH0,39,27.855,0.0,30.0,80.0,0.005,0.1,0.15,0.0,mad_only
k_M2pPYYYH0,40,28.45,0.0,30.0,80.0,0.005,0.1,0.15,0.0,mad_only
k_M2pPYYYH0,41,29.07,0.0,30.0,80.0,0.005,0.1,0.15,0.0,mad_only
k_M2pPYYYH0,42,29.675,0.0,30.0,80.0,0.005,0.1,0.15,0.0,mad_only
lNR4TrmRIcY,0,0.5750000000000001,0.0,30.0,80.0,0.005,0.1,0.15,0.0,mad_only
lNR4TrmRIcY,1,0.935,0.0,30.0,80.0,0.005,0.1,0.15,0.0,mad_only
lNR4TrmRIcY,2,1.45,0.0,30.0,80.0,0.005,0.1,0.15,0.0,mad_only
lNR4TrmRIcY,3,1.96,0.0,30.0,80.0,0.005,0.1,0.15,0.0,mad_only
lNR4TrmRIcY,4,2.435,0.0,30.0,80.0,0.005,0.1,0.15,0.0,mad_only
lNR4TrmRIcY,5,2.875,0.0,30.0,80.0,0.005,0.1,0.15,0.0,mad_only
lNR4TrmRIcY,6,3.355,0.0,30.0,80.0,0.005,0.1,0.15,0.0,mad_only
lNR4TrmRIcY,7,3.815,0.0,30.0,80.0,0.005,0.1,0.15,0.0,mad_only
lNR4TrmRIcY,8,4.2700000000000005,0.0,30.0,80.0,0.005,0.1,0.15,0.0,mad_only
lNR4TrmRIcY,9,4.74,0.0,30.0,80.0,0.005,0.1,0.15,0.0,mad_only
lNR4TrmRIcY,10,5.23,0.0,30.0,80.0,0.005,0.1,0.15,0.0,mad_only
lNR4TrmRIcY,11,5.6850000000000005,0.0,30.0,80.0,0.005,0.1,0.15,0.0,mad_only
lNR4TrmRIcY,12,6.18,0.0,30.0,80.0,0.005,0.1,0.15,0.0,mad_only
lNR4TrmRIcY,13,6.655,0.0,30.0,80.0,0.005,0.1,0.15,0.0,mad_only
lNR4TrmRIcY,14,7.135,0.0,30.0,80.0,0.005,0.1,0.15,0.0,mad_only
lNR4TrmRIcY,15,7.6000000000000005,0.0,30.0,80.0,0.005,0.1,0.15,0.0,mad_only
lNR4TrmRIcY,16,8.065,0.0,30.0,80.0,0.005,0.1,0.15,0.0,mad_only
lNR4TrmRIcY,17,8.52,0.0,30.0,80.0,0.005,0.1,0.15,0.0,mad_only
lNR4TrmRIcY,18,9.005,0.0,30.0,80.0,0.005,0.1,0.15,0.0,mad_only
lNR4TrmRIcY,19,9.49,0.0,30.0,80.0,0.005,0.1,0.15,0.0,mad_only
lNR4TrmRIcY,20,9.945,0.0,30.0,80.0,0.005,0.1,0.15,0.0,mad_only
lNR4TrmRIcY,21,10.415000000000001,0.0,30.0,80.0,0.005,0.1,0.15,0.0,mad_only
lNR4TrmRIcY,22,10.88,0.0,30.0,80.0,0.005,0.1,0.15,0.0,mad_only
lNR4TrmRIcY,23,11.34,0.0,30.0,80.0,0.005,0.1,0.15,0.0,mad_only
lNR4TrmRIcY,24,11.815,0.0,30.0,80.0,0.005,0.1,0.15,0.0,mad_only
lNR4TrmRIcY,25,12.280000000000001,0.0,30.0,80.0,0.005,0.1,0.15,0.0,mad_only
lNR4TrmRIcY,26,12.75,0.0,30.0,80.0,0.005,0.1,0.15,0.0,mad_only
lNR4TrmRIcY,27,13.205,0.0,30.0,80.0,0.005,0.1,0.15,0.0,mad_only
lNR4TrmRIcY,28,13.66,0.0,30.0,80.0,0.005,0.1,0.15,0.0,mad_only
lNR4TrmRIcY,29,14.13,0.0,30.0,80.0,0.005,0.1,0.15,0.0,mad_only
lNR4TrmRIcY,30,14.61,0.0,30.0,80.0,0.005,0.1,0.15,0.0,mad_only
lNR4TrmRIcY,31,15.065,0.0,30.0,80.0,0.005,0.1,0.15,0.0,mad_only
lNR4TrmRIcY,32,15.535,0.0,30.0,80.0,0.005,0.1,0.15,0.0,mad_only
lNR4TrmRIcY,33,16.0,0.0,30.0,80.0,0.005,0.1,0.15,0.0,mad_only
lNR4TrmRIcY,34,16.465,0.0,30.0,80.0,0.005,0.1,0.15,0.0,mad_only
lNR4TrmRIcY,35,16.935,0.0,30.0,80.0,0.005,0.1,0.15,0.0,mad_only
lNR4TrmRIcY,36,17.405,0.0,30.0,80.0,0.005,0.1,0.15,0.0,mad_only
lNR4TrmRIcY,37,17.875,0.0,30.0,80.0,0.005,0.1,0.15,0.0,mad_only
lNR4TrmRIcY,38,18.34,0.0,30.0,80.0,0.005,0.1,0.15,0.0,mad_only
lNR4TrmRIcY,39,18.81,0.0,30.0,80.0,0.005,0.1,0.15,0.0,mad_only
lNR4TrmRIcY,40,19.265,0.0,30.0,80.0,0.005,0.1,0.15,0.0,mad_only
lNR4TrmRIcY,41,19.735,0.0,30.0,80.0,0.005,0.1,0.15,0.0,mad_only
lNR4TrmRIcY,42,20.215,0.0,30.0,80.0,0.005,0.1,0.15,0.0,mad_only
lNR4TrmRIcY,43,20.68,0.0,30.0,80.0,0.005,0.1,0.15,0.0,mad_only
lNR4TrmRIcY,44,21.16,0.0,30.0,80.0,0.005,0.1,0.15,0.0,mad_only
lNR4TrmRIcY,45,21.64,0.0,30.0,80.0,0.005,0.1,0.15,0.0,mad_only
lNR4TrmRIcY,46,22.11,0.0,30.0,80.0,0.005,0.1,0.15,0.0,mad_only
lNR4TrmRIcY,47,22.565,0.0,30.0,80.0,0.005,0.1,0.15,0.0,mad_only
lNR4TrmRIcY,48,23.035,0.0,30.0,80.0,0.005,0.1,0.15,0.0,mad_only
lNR4TrmRIcY,49,23.515,0.0,30.0,80.0,0.005,0.1,0.15,0.0,mad_only
lNR4TrmRIcY,50,23.98,0.0,30.0,80.0,0.005,0.1,0.15,0.0,mad_only
lNR4TrmRIcY,51,24.455000000000002,0.0,30.0,80.0,0.005,0.1,0.15,0.0,mad_only
lNR4TrmRIcY,52,24.93,0.0,30.0,80.0,0.005,0.1,0.15,0.0,mad_only
lNR4TrmRIcY,53,25.405,0.0,30.0,80.0,0.005,0.1,0.15,0.0,mad_only
lNR4TrmRIcY,54,25.89,0.0,30.0,80.0,0.005,0.1,0.15,0.0,mad_only
lNR4TrmRIcY,55,26.355,0.0,30.0,80.0,0.005,0.1,0.15,0.0,mad_only
lNR4TrmRIcY,56,26.84,0.0,30.0,80.0,0.005,0.1,0.15,0.0,mad_only
lNR4TrmRIcY,57,27.3,0.0,30.0,80.0,0.005,0.1,0.15,0.0,mad_only
lNR4TrmRIcY,58,27.78,0.0,30.0,80.0,0.005,0.1,0.15,0.0,mad_only
lNR4TrmRIcY,59,28.245,0.0,30.0,80.0,0.005,0.1,0.15,0.0,mad_only
lNR4TrmRIcY,60,28.71,0.0,30.0,80.0,0.005,0.1,0.15,0.0,mad_only
lNR4TrmRIcY,61,29.175,0.0,30.0,80.0,0.005,0.1,0.15,0.0,mad_only
lNR4TrmRIcY,62,29.625,0.0,30.0,80.0,0.005,0.1,0.15,0.0,mad_only
lUnynBPGc-Q,0,0.985,0.0,30.0,80.0,0.005,0.1,0.15,0.0,mad_only
lUnynBPGc-Q,1,1.9000000000000001,0.0,30.0,80.0,0.005,0.1,0.15,0.0,mad_only
lUnynBPGc-Q,2,2.695,0.0,30.0,80.0,0.005,0.1,0.15,0.0,mad_only
lUnynBPGc-Q,3,3.575,0.0,30.0,80.0,0.005,0.1,0.15,0.0,mad_only
lUnynBPGc-Q,4,4.39,0.0,30.0,80.0,0.005,0.1,0.15,0.0,mad_only
lUnynBPGc-Q,5,4.82,0.0,30.0,80.0,0.005,0.1,0.15,0.0,mad_only
lUnynBPGc-Q,6,5.24,0.0,30.0,80.0,0.005,0.1,0.15,0.0,mad_only
lUnynBPGc-Q,7,5.7,0.0,30.0,80.0,0.005,0.1,0.15,0.0,mad_only
lUnynBPGc-Q,8,6.105,0.0,30.0,80.0,0.005,0.1,0.15,0.0,mad_only
lUnynBPGc-Q,9,6.555,0.0,30.0,80.0,0.005,0.1,0.15,0.0,mad_only
lUnynBPGc-Q,10,6.97,0.0,30.0,80.0,0.005,0.1,0.15,0.0,mad_only
lUnynBPGc-Q,11,7.3950000000000005,0.0,30.0,80.0,0.005,0.1,0.15,0.0,mad_only
lUnynBPGc-Q,12,7.8,0.0,30.0,80.0,0.005,0.1,0.15,0.0,mad_only
lUnynBPGc-Q,13,8.24,0.0,30.0,80.0,0.005,0.1,0.15,0.0,mad_only
lUnynBPGc-Q,14,8.655,0.0,30.0,80.0,0.005,0.1,0.15,0.0,mad_only
lUnynBPGc-Q,15,9.09,0.0,30.0,80.0,0.005,0.1,0.15,0.0,mad_only
lUnynBPGc-Q,16,9.49,0.0,30.0,80.0,0.005,0.1,0.15,0.0,mad_only
lUnynBPGc-Q,17,9.94,0.0,30.0,80.0,0.005,0.1,0.15,0.0,mad_only
lUnynBPGc-Q,18,10.370000000000001,0.0,30.0,80.0,0.005,0.1,0.15,0.0,mad_only
lUnynBPGc-Q,19,10.8,0.0,30.0,80.0,0.005,0.1,0.15,0.0,mad_only
lUnynBPGc-Q,20,11.215,0.0,30.0,80.0,0.005,0.1,0.15,0.0,mad_only
lUnynBPGc-Q,21,11.65,0.0,30.0,80.0,0.005,0.1,0.15,0.0,mad_only
lUnynBPGc-Q,22,12.07,0.0,30.0,80.0,0.005,0.1,0.15,0.0,mad_only
lUnynBPGc-Q,23,12.5,0.0,30.0,80.0,0.005,0.1,0.15,0.0,mad_only
lUnynBPGc-Q,24,12.9,0.0,30.0,80.0,0.005,0.1,0.15,0.0,mad_only
lUnynBPGc-Q,25,13.345,0.0,30.0,80.0,0.005,0.1,0.15,0.0,mad_only
lUnynBPGc-Q,26,13.76,0.0,30.0,80.0,0.005,0.1,0.15,0.0,mad_only
lUnynBPGc-Q,27,14.200000000000001,0.0,30.0,80.0,0.005,0.1,0.15,0.0,mad_only
lUnynBPGc-Q,28,14.6,0.0,30.0,80.0,0.005,0.1,0.15,0.0,mad_only
lUnynBPGc-Q,29,15.045,0.0,30.0,80.0,0.005,0.1,0.15,0.0,mad_only
lUnynBPGc-Q,30,15.475,0.0,30.0,80.0,0.005,0.1,0.15,0.0,mad_only
lUnynBPGc-Q,31,15.91,0.0,30.0,80.0,0.005,0.1,0.15,0.0,mad_only
lUnynBPGc-Q,32,16.32,0.0,30.0,80.0,0.005,0.1,0.15,0.0,mad_only
lUnynBPGc-Q,33,16.755,0.0,30.0,80.0,0.005,0.1,0.15,0.0,mad_only
lUnynBPGc-Q,34,17.175,0.0,30.0,80.0,0.005,0.1,0.15,0.0,mad_only
lUnynBPGc-Q,35,17.585,0.0,30.0,80.0,0.005,0.1,0.15,0.0,mad_only
lUnynBPGc-Q,36,18.0,0.0,30.0,80.0,0.005,0.1,0.15,0.0,mad_only
lUnynBPGc-Q,37,18.445,0.0,30.0,80.0,0.005,0.1,0.15,0.0,mad_only
lUnynBPGc-Q,38,18.865000000000002,0.0,30.0,80.0,0.005,0.1,0.15,0.0,mad_only
lUnynBPGc-Q,39,19.3,0.0,30.0,80.0,0.005,0.1,0.15,0.0,mad_only
lUnynBPGc-Q,40,19.715,0.0,30.0,80.0,0.005,0.1,0.15,0.0,mad_only
lUnynBPGc-Q,41,20.150000000000002,0.0,30.0,80.0,0.005,0.1,0.15,0.0,mad_only
lUnynBPGc-Q,42,20.57,0.0,30.0,80.0,0.005,0.1,0.15,0.0,mad_only
lUnynBPGc-Q,43,21.0,0.0,30.0,80.0,0.005,0.1,0.15,0.0,mad_only
lUnynBPGc-Q,44,21.43,0.0,30.0,80.0,0.005,0.1,0.15,0.0,mad_only
lUnynBPGc-Q,45,21.875,0.0,30.0,80.0,0.005,0.1,0.15,0.0,mad_only
lUnynBPGc-Q,46,22.29,0.0,30.0,80.0,0.005,0.1,0.15,0.0,mad_only
lUnynBPGc-Q,47,22.7,0.0,30.0,80.0,0.005,0.1,0.15,0.0,mad_only
lUnynBPGc-Q,48,23.11,0.0,30.0,80.0,0.005,0.1,0.15,0.0,mad_only
lUnynBPGc-Q,49,23.545,0.0,30.0,80.0,0.005,0.1,0.15,0.0,mad_only
lUnynBPGc-Q,50,23.97,0.0,30.0,80.0,0.005,0.1,0.15,0.0,mad_only
lUnynBPGc-Q,51,24.405,0.0,30.0,80.0,0.005,0.1,0.15,0.0,mad_only
lUnynBPGc-Q,52,24.830000000000002,0.0,30.0,80.0,0.005,0.1,0.15,0.0,mad_only
lUnynBPGc-Q,53,25.26,0.0,30.0,80.0,0.005,0.1,0.15,0.0,mad_only
lUnynBPGc-Q,54,25.675,0.0,30.0,80.0,0.005,0.1,0.15,0.0,mad_only
lUnynBPGc-Q,55,26.11,0.0,30.0,80.0,0.005,0.1,0.15,0.0,mad_only
lUnynBPGc-Q,56,26.53,0.0,30.0,80.0,0.005,0.1,0.15,0.0,mad_only
lUnynBPGc-Q,57,26.955000000000002,0.0,30.0,80.0,0.005,0.1,0.15,0.0,mad_only
lUnynBPGc-Q,58,27.385,0.0,30.0,80.0,0.005,0.1,0.15,0.0,mad_only
lUnynBPGc-Q,59,27.830000000000002,0.0,30.0,80.0,0.005,0.1,0.15,0.0,mad_only
lUnynBPGc-Q,60,28.245,0.0,30.0,80.0,0.005,0.1,0.15,0.0,mad_only
lUnynBPGc-Q,61,28.67,0.0,30.0,80.0,0.005,0.1,0.15,0.0,mad_only
lUnynBPGc-Q,62,29.085,0.0,30.0,80.0,0.005,0.1,0.15,0.0,mad_only
lUnynBPGc-Q,63,29.515,0.0,30.0,80.0,0.005,0.1,0.15,0.0,mad_only
lUnynBPGc-Q,64,29.91,0.0,30.0,80.0,0.005,0.1,0.15,0.0,mad_only
lakJiuCazfk,0,1.5250000000000001,0.0,30.0,80.0,0.005,0.1,0.15,0.0,mad_only
lakJiuCazfk,1,1.9100000000000001,0.0,30.0,80.0,0.005,0.1,0.15,0.0,mad_only
lakJiuCazfk,2,2.285,0.0,30.0,80.0,0.005,0.1,0.15,0.0,mad_only
lakJiuCazfk,3,2.62,0.0,30.0,80.0,0.005,0.1,0.15,0.0,mad_only
lakJiuCazfk,4,3.73,0.0,30.0,80.0,0.005,0.1,0.15,0.0,mad_only
lakJiuCazfk,5,4.405,0.0,30.0,80.0,0.005,0.1,0.15,0.0,mad_only
lakJiuCazfk,6,5.775,0.0,30.0,80.0,0.005,0.1,0.15,0.0,mad_only
lakJiuCazfk,7,6.3950000000000005,0.0,30.0,80.0,0.005,0.1,0.15,0.0,mad_only
lakJiuCazfk,8,6.87,0.0,30.0,80.0,0.005,0.1,0.15,0.0,mad_only
lakJiuCazfk,9,7.245,0.0,30.0,80.0,0.005,0.1,0.15,0.0,mad_only
lakJiuCazfk,10,8.02,0.0,30.0,80.0,0.005,0.1,0.15,0.0,mad_only
lakJiuCazfk,11,8.725,0.0,30.0,80.0,0.005,0.1,0.15,0.0,mad_only
lakJiuCazfk,12,9.41,0.0,30.0,80.0,0.005,0.1,0.15,0.0,mad_only
lakJiuCazfk,13,10.48,0.0,30.0,80.0,0.005,0.1,0.15,0.0,mad_only
lakJiuCazfk,14,10.805,0.0,30.0,80.0,0.005,0.1,0.15,0.0,mad_only
lakJiuCazfk,15,11.615,0.0,30.0,80.0,0.005,0.1,0.15,0.0,mad_only
lakJiuCazfk,16,12.88,0.0,30.0,80.0,0.005,0.1,0.15,0.0,mad_only
lakJiuCazfk,17,13.59,0.0,30.0,80.0,0.005,0.1,0.15,0.0,mad_only
lakJiuCazfk,18,14.59,0.0,30.0,80.0,0.005,0.1,0.15,0.0,mad_only
lakJiuCazfk,19,15.56,0.0,30.0,80.0,0.005,0.1,0.15,0.0,mad_only
lakJiuCazfk,20,16.305,0.0,30.0,80.0,0.005,0.1,0.15,0.0,mad_only
lakJiuCazfk,21,17.04,0.0,30.0,80.0,0.005,0.1,0.15,0.0,mad_only
lakJiuCazfk,22,17.455000000000002,0.0,30.0,80.0,0.005,0.1,0.15,0.0,mad_only
lakJiuCazfk,23,17.96,0.0,30.0,80.0,0.005,0.1,0.15,0.0,mad_only
lakJiuCazfk,24,18.69,0.0,30.0,80.0,0.005,0.1,0.15,0.0,mad_only
lakJiuCazfk,25,19.37,0.0,30.0,80.0,0.005,0.1,0.15,0.0,mad_only
lakJiuCazfk,26,20.07,0.0,30.0,80.0,0.005,0.1,0.15,0.0,mad_only
lakJiuCazfk,27,21.195,0.0,30.0,80.0,0.005,0.1,0.15,0.0,mad_only
lakJiuCazfk,28,22.135,0.0,30.0,80.0,0.005,0.1,0.15,0.0,mad_only
lakJiuCazfk,29,22.765,0.0,30.0,80.0,0.005,0.1,0.15,0.0,mad_only
lakJiuCazfk,30,23.255,0.0,30.0,80.0,0.005,0.1,0.15,0.0,mad_only
lakJiuCazfk,31,24.45,0.0,30.0,80.0,0.005,0.1,0.15,0.0,mad_only
lakJiuCazfk,32,25.22,0.0,30.0,80.0,0.005,0.1,0.15,0.0,mad_only
lakJiuCazfk,33,26.3,0.0,30.0,80.0,0.005,0.1,0.15,0.0,mad_only
lakJiuCazfk,34,26.78,0.0,30.0,80.0,0.005,0.1,0.15,0.0,mad_only
lakJiuCazfk,35,27.115000000000002,0.0,30.0,80.0,0.005,0.1,0.15,0.0,mad_only
lakJiuCazfk,36,27.955000000000002,0.0,30.0,80.0,0.005,0.1,0.15,0.0,mad_only
lakJiuCazfk,37,28.57,0.0,30.0,80.0,0.005,0.1,0.15,0.0,mad_only
lakJiuCazfk,38,29.225,0.0,30.0,80.0,0.005,0.1,0.15,0.0,mad_only
le6FHCO1sd8,0,1.485,0.0,30.0,80.0,0.005,0.1,0.15,0.0,mad_only
le6FHCO1sd8,1,1.99,0.0,30.0,80.0,0.005,0.1,0.15,0.0,mad_only
le6FHCO1sd8,2,2.64,0.0,30.0,80.0,0.005,0.1,0.15,0.0,mad_only
le6FHCO1sd8,3,3.25,0.0,30.0,80.0,0.005,0.1,0.15,0.0,mad_only
le6FHCO1sd8,4,3.865,0.0,30.0,80.0,0.005,0.1,0.15,0.0,mad_only
le6FHCO1sd8,5,4.47,0.0,30.0,80.0,0.005,0.1,0.15,0.0,mad_only
le6FHCO1sd8,6,5.05,0.0,30.0,80.0,0.005,0.1,0.15,0.0,mad_only
le6FHCO1sd8,7,5.345,0.0,30.0,80.0,0.005,0.1,0.15,0.0,mad_only
le6FHCO1sd8,8,5.64,0.0,30.0,80.0,0.005,0.1,0.15,0.0,mad_only
le6FHCO1sd8,9,6.245,0.0,30.0,80.0,0.005,0.1,0.15,0.0,mad_only
le6FHCO1sd8,10,6.83,0.0,30.0,80.0,0.005,0.1,0.15,0.0,mad_only
le6FHCO1sd8,11,7.465,0.0,30.0,80.0,0.005,0.1,0.15,0.0,mad_only
le6FHCO1sd8,12,7.76,0.0,30.0,80.0,0.005,0.1,0.15,0.0,mad_only
le6FHCO1sd8,13,8.040000000000001,0.0,30.0,80.0,0.005,0.1,0.15,0.0,mad_only
le6FHCO1sd8,14,8.635,0.0,30.0,80.0,0.005,0.1,0.15,0.0,mad_only
le6FHCO1sd8,15,9.24,0.0,30.0,80.0,0.005,0.1,0.15,0.0,mad_only
le6FHCO1sd8,16,9.565,0.0,30.0,80.0,0.005,0.1,0.15,0.0,mad_only
le6FHCO1sd8,17,9.86,0.0,30.0,80.0,0.005,0.1,0.15,0.0,mad_only
le6FHCO1sd8,18,10.15,0.0,30.0,80.0,0.005,0.1,0.15,0.0,mad_only
le6FHCO1sd8,19,10.450000000000001,0.0,30.0,80.0,0.005,0.1,0.15,0.0,mad_only
le6FHCO1sd8,20,11.035,0.0,30.0,80.0,0.005,0.1,0.15,0.0,mad_only
le6FHCO1sd8,21,11.325000000000001,0.0,30.0,80.0,0.005,0.1,0.15,0.0,mad_only
le6FHCO1sd8,22,11.635,0.0,30.0,80.0,0.005,0.1,0.15,0.0,mad_only
le6FHCO1sd8,23,11.925,0.0,30.0,80.0,0.005,0.1,0.15,0.0,mad_only
le6FHCO1sd8,24,12.24,0.0,30.0,80.0,0.005,0.1,0.15,0.0,mad_only
le6FHCO1sd8,25,12.530000000000001,0.0,30.0,80.0,0.005,0.1,0.15,0.0,mad_only
le6FHCO1sd8,26,12.81,0.0,30.0,80.0,0.005,0.1,0.15,0.0,mad_only
le6FHCO1sd8,27,13.4,0.0,30.0,80.0,0.005,0.1,0.15,0.0,mad_only
le6FHCO1sd8,28,13.715,0.0,30.0,80.0,0.005,0.1,0.15,0.0,mad_only
le6FHCO1sd8,29,14.015,0.0,30.0,80.0,0.005,0.1,0.15,0.0,mad_only
le6FHCO1sd8,30,14.32,0.0,30.0,80.0,0.005,0.1,0.15,0.0,mad_only
le6FHCO1sd8,31,14.63,0.0,30.0,80.0,0.005,0.1,0.15,0.0,mad_only
le6FHCO1sd8,32,15.22,0.0,30.0,80.0,0.005,0.1,0.15,0.0,mad_only
le6FHCO1sd8,33,15.83,0.0,30.0,80.0,0.005,0.1,0.15,0.0,mad_only
le6FHCO1sd8,34,16.115000000000002,0.0,30.0,80.0,0.005,0.1,0.15,0.0,mad_only
le6FHCO1sd8,35,16.435,0.0,30.0,80.0,0.005,0.1,0.15,0.0,mad_only
le6FHCO1sd8,36,17.07,0.0,30.0,80.0,0.005,0.1,0.15,0.0,mad_only
le6FHCO1sd8,37,17.655,0.0,30.0,80.0,0.005,0.1,0.15,0.0,mad_only
le6FHCO1sd8,38,18.240000000000002,0.0,30.0,80.0,0.005,0.1,0.15,0.0,mad_only
le6FHCO1sd8,39,18.52,0.0,30.0,80.0,0.005,0.1,0.15,0.0,mad_only
le6FHCO1sd8,40,18.835,0.0,30.0,80.0,0.005,0.1,0.15,0.0,mad_only
le6FHCO1sd8,41,19.115000000000002,0.0,30.0,80.0,0.005,0.1,0.15,0.0,mad_only
le6FHCO1sd8,42,19.45,0.0,30.0,80.0,0.005,0.1,0.15,0.0,mad_only
le6FHCO1sd8,43,19.72,0.0,30.0,80.0,0.005,0.1,0.15,0.0,mad_only
le6FHCO1sd8,44,20.035,0.0,30.0,80.0,0.005,0.1,0.15,0.0,mad_only
le6FHCO1sd8,45,20.635,0.0,30.0,80.0,0.005,0.1,0.15,0.0,mad_only
le6FHCO1sd8,46,20.935,0.0,30.0,80.0,0.005,0.1,0.15,0.0,mad_only
le6FHCO1sd8,47,21.23,0.0,30.0,80.0,0.005,0.1,0.15,0.0,mad_only
le6FHCO1sd8,48,21.54,0.0,30.0,80.0,0.005,0.1,0.15,0.0,mad_only
le6FHCO1sd8,49,21.835,0.0,30.0,80.0,0.005,0.1,0.15,0.0,mad_only
le6FHCO1sd8,50,22.42,0.0,30.0,80.0,0.005,0.1,0.15,0.0,mad_only
le6FHCO1sd8,51,23.295,0.0,30.0,80.0,0.005,0.1,0.15,0.0,mad_only
le6FHCO1sd8,52,23.655,0.0,30.0,80.0,0.005,0.1,0.15,0.0,mad_only
le6FHCO1sd8,53,24.240000000000002,0.0,30.0,80.0,0.005,0.1,0.15,0.0,mad_only
le6FHCO1sd8,54,24.830000000000002,0.0,30.0,80.0,0.005,0.1,0.15,0.0,mad_only
le6FHCO1sd8,55,25.415,0.0,30.0,80.0,0.005,0.1,0.15,0.0,mad_only
le6FHCO1sd8,56,25.715,0.0,30.0,80.0,0.005,0.1,0.15,0.0,mad_only
le6FHCO1sd8,57,26.02,0.0,30.0,80.0,0.005,0.1,0.15,0.0,mad_only
le6FHCO1sd8,58,26.305,0.0,30.0,80.0,0.005,0.1,0.15,0.0,mad_only
le6FHCO1sd8,59,26.64,0.0,30.0,80.0,0.005,0.1,0.15,0.0,mad_only
le6FHCO1sd8,60,26.955000000000002,0.0,30.0,80.0,0.005,0.1,0.15,0.0,mad_only
le6FHCO1sd8,61,27.245,0.0,30.0,80.0,0.005,0.1,0.15,0.0,mad_only
le6FHCO1sd8,62,27.82,0.0,30.0,80.0,0.005,0.1,0.15,0.0,mad_only
le6FHCO1sd8,63,28.145,0.0,30.0,80.0,0.005,0.1,0.15,0.0,mad_only
le6FHCO1sd8,64,28.44,0.0,30.0,80.0,0.005,0.1,0.15,0.0,mad_only
le6FHCO1sd8,65,28.76,0.0,30.0,80.0,0.005,0.1,0.15,0.0,mad_only
le6FHCO1sd8,66,29.045,0.0,30.0,80.0,0.005,0.1,0.15,0.0,mad_only
le6FHCO1sd8,67,29.650000000000002,0.0,30.0,80.0,0.005,0.1,0.15,0.0,mad_only
lsFMXK1YPG8,0,1.0150000000000001,0.0,30.0,80.0,0.005,0.1,0.15,0.0,mad_only
lsFMXK1YPG8,1,1.5250000000000001,0.0,30.0,80.0,0.005,0.1,0.15,0.0,mad_only
lsFMXK1YPG8,2,2.1350000000000002,0.0,30.0,80.0,0.005,0.1,0.15,0.0,mad_only
lsFMXK1YPG8,3,2.72,0.0,30.0,80.0,0.005,0.1,0.15,0.0,mad_only
lsFMXK1YPG8,4,3.335,0.0,30.0,80.0,0.005,0.1,0.15,0.0,mad_only
lsFMXK1YPG8,5,3.97,0.0,30.0,80.0,0.005,0.1,0.15,0.0,mad_only
lsFMXK1YPG8,6,4.58,0.0,30.0,80.0,0.005,0.1,0.15,0.0,mad_only
lsFMXK1YPG8,7,4.915,0.0,30.0,80.0,0.005,0.1,0.15,0.0,mad_only
lsFMXK1YPG8,8,5.21,0.0,30.0,80.0,0.005,0.1,0.15,0.0,mad_only
lsFMXK1YPG8,9,5.835,0.0,30.0,80.0,0.005,0.1,0.15,0.0,mad_only
lsFMXK1YPG8,10,6.47,0.0,30.0,80.0,0.005,0.1,0.15,0.0,mad_only
lsFMXK1YPG8,11,7.075,0.0,30.0,80.0,0.005,0.1,0.15,0.0,mad_only
lsFMXK1YPG8,12,7.41,0.0,30.0,80.0,0.005,0.1,0.15,0.0,mad_only
lsFMXK1YPG8,13,7.705,0.0,30.0,80.0,0.005,0.1,0.15,0.0,mad_only
lsFMXK1YPG8,14,8.325,0.0,30.0,80.0,0.005,0.1,0.15,0.0,mad_only
lsFMXK1YPG8,15,8.65,0.0,30.0,80.0,0.005,0.1,0.15,0.0,mad_only
lsFMXK1YPG8,16,8.945,0.0,30.0,80.0,0.005,0.1,0.15,0.0,mad_only
lsFMXK1YPG8,17,9.57,0.0,30.0,80.0,0.005,0.1,0.15,0.0,mad_only
lsFMXK1YPG8,18,9.915000000000001,0.0,30.0,80.0,0.005,0.1,0.15,0.0,mad_only
lsFMXK1YPG8,19,10.205,0.0,30.0,80.0,0.005,0.1,0.15,0.0,mad_only
lsFMXK1YPG8,20,10.82,0.0,30.0,80.0,0.005,0.1,0.15,0.0,mad_only
lsFMXK1YPG8,21,11.14,0.0,30.0,80.0,0.005,0.1,0.15,0.0,mad_only
lsFMXK1YPG8,22,11.455,0.0,30.0,80.0,0.005,0.1,0.15,0.0,mad_only
lsFMXK1YPG8,23,12.085,0.0,30.0,80.0,0.005,0.1,0.15,0.0,mad_only
lsFMXK1YPG8,24,12.41,0.0,30.0,80.0,0.005,0.1,0.15,0.0,mad_only
lsFMXK1YPG8,25,12.73,0.0,30.0,80.0,0.005,0.1,0.15,0.0,mad_only
lsFMXK1YPG8,26,13.345,0.0,30.0,80.0,0.005,0.1,0.15,0.0,mad_only
lsFMXK1YPG8,27,13.67,0.0,30.0,80.0,0.005,0.1,0.15,0.0,mad_only
lsFMXK1YPG8,28,13.98,0.0,30.0,80.0,0.005,0.1,0.15,0.0,mad_only
lsFMXK1YPG8,29,14.575000000000001,0.0,30.0,80.0,0.005,0.1,0.15,0.0,mad_only
lsFMXK1YPG8,30,14.905000000000001,0.0,30.0,80.0,0.005,0.1,0.15,0.0,mad_only
lsFMXK1YPG8,31,15.215,0.0,30.0,80.0,0.005,0.1,0.15,0.0,mad_only
lsFMXK1YPG8,32,15.845,0.0,30.0,80.0,0.005,0.1,0.15,0.0,mad_only
lsFMXK1YPG8,33,16.175,0.0,30.0,80.0,0.005,0.1,0.15,0.0,mad_only
lsFMXK1YPG8,34,16.485,0.0,30.0,80.0,0.005,0.1,0.15,0.0,mad_only
lsFMXK1YPG8,35,17.09,0.0,30.0,80.0,0.005,0.1,0.15,0.0,mad_only
lsFMXK1YPG8,36,17.395,0.0,30.0,80.0,0.005,0.1,0.15,0.0,mad_only
lsFMXK1YPG8,37,17.71,0.0,30.0,80.0,0.005,0.1,0.15,0.0,mad_only
lsFMXK1YPG8,38,18.330000000000002,0.0,30.0,80.0,0.005,0.1,0.15,0.0,mad_only
lsFMXK1YPG8,39,18.645,0.0,30.0,80.0,0.005,0.1,0.15,0.0,mad_only
lsFMXK1YPG8,40,18.96,0.0,30.0,80.0,0.005,0.1,0.15,0.0,mad_only
lsFMXK1YPG8,41,19.56,0.0,30.0,80.0,0.005,0.1,0.15,0.0,mad_only
lsFMXK1YPG8,42,19.895,0.0,30.0,80.0,0.005,0.1,0.15,0.0,mad_only
lsFMXK1YPG8,43,20.205000000000002,0.0,30.0,80.0,0.005,0.1,0.15,0.0,mad_only
lsFMXK1YPG8,44,20.830000000000002,0.0,30.0,80.0,0.005,0.1,0.15,0.0,mad_only
lsFMXK1YPG8,45,21.16,0.0,30.0,80.0,0.005,0.1,0.15,0.0,mad_only
lsFMXK1YPG8,46,21.47,0.0,30.0,80.0,0.005,0.1,0.15,0.0,mad_only
lsFMXK1YPG8,47,22.09,0.0,30.0,80.0,0.005,0.1,0.15,0.0,mad_only
lsFMXK1YPG8,48,22.41,0.0,30.0,80.0,0.005,0.1,0.15,0.0,mad_only
lsFMXK1YPG8,49,22.72,0.0,30.0,80.0,0.005,0.1,0.15,0.0,mad_only
lsFMXK1YPG8,50,23.335,0.0,30.0,80.0,0.005,0.1,0.15,0.0,mad_only
lsFMXK1YPG8,51,23.66,0.0,30.0,80.0,0.005,0.1,0.15,0.0,mad_only
lsFMXK1YPG8,52,23.98,0.0,30.0,80.0,0.005,0.1,0.15,0.0,mad_only
lsFMXK1YPG8,53,24.580000000000002,0.0,30.0,80.0,0.005,0.1,0.15,0.0,mad_only
lsFMXK1YPG8,54,24.895,0.0,30.0,80.0,0.005,0.1,0.15,0.0,mad_only
lsFMXK1YPG8,55,25.22,0.0,30.0,80.0,0.005,0.1,0.15,0.0,mad_only
lsFMXK1YPG8,56,25.85,0.0,30.0,80.0,0.005,0.1,0.15,0.0,mad_only
lsFMXK1YPG8,57,26.150000000000002,0.0,30.0,80.0,0.005,0.1,0.15,0.0,mad_only
lsFMXK1YPG8,58,26.47,0.0,30.0,80.0,0.005,0.1,0.15,0.0,mad_only
lsFMXK1YPG8,59,27.075,0.0,30.0,80.0,0.005,0.1,0.15,0.0,mad_only
lsFMXK1YPG8,60,27.400000000000002,0.0,30.0,80.0,0.005,0.1,0.15,0.0,mad_only
lsFMXK1YPG8,61,27.715,0.0,30.0,80.0,0.005,0.1,0.15,0.0,mad_only
lsFMXK1YPG8,62,28.335,0.0,30.0,80.0,0.005,0.1,0.15,0.0,mad_only
lsFMXK1YPG8,63,28.66,0.0,30.0,80.0,0.005,0.1,0.15,0.0,mad_only
lsFMXK1YPG8,64,28.97,0.0,30.0,80.0,0.005,0.1,0.15,0.0,mad_only
lsFMXK1YPG8,65,29.580000000000002,0.0,30.0,80.0,0.005,0.1,0.15,0.0,mad_only
mEfvYXGi9Qw,0,0.935,0.0,30.0,80.0,0.005,0.1,0.15,0.0,mad_only
mEfvYXGi9Qw,1,1.395,0.0,30.0,80.0,0.005,0.1,0.15,0.0,mad_only
mEfvYXGi9Qw,2,1.815,0.0,30.0,80.0,0.005,0.1,0.15,0.0,mad_only
mEfvYXGi9Qw,3,2.31,0.0,30.0,80.0,0.005,0.1,0.15,0.0,mad_only
mEfvYXGi9Qw,4,2.745,0.0,30.0,80.0,0.005,0.1,0.15,0.0,mad_only
mEfvYXGi9Qw,5,3.2,0.0,30.0,80.0,0.005,0.1,0.15,0.0,mad_only
mEfvYXGi9Qw,6,3.66,0.0,30.0,80.0,0.005,0.1,0.15,0.0,mad_only
mEfvYXGi9Qw,7,4.1450000000000005,0.0,30.0,80.0,0.005,0.1,0.15,0.0,mad_only
mEfvYXGi9Qw,8,4.6000000000000005,0.0,30.0,80.0,0.005,0.1,0.15,0.0,mad_only
mEfvYXGi9Qw,9,5.0600000000000005,0.0,30.0,80.0,0.005,0.1,0.15,0.0,mad_only
mEfvYXGi9Qw,10,5.55,0.0,30.0,80.0,0.005,0.1,0.15,0.0,mad_only
mEfvYXGi9Qw,11,6.01,0.0,30.0,80.0,0.005,0.1,0.15,0.0,mad_only
mEfvYXGi9Qw,12,6.485,0.0,30.0,80.0,0.005,0.1,0.15,0.0,mad_only
mEfvYXGi9Qw,13,6.945,0.0,30.0,80.0,0.005,0.1,0.15,0.0,mad_only
mEfvYXGi9Qw,14,7.4,0.0,30.0,80.0,0.005,0.1,0.15,0.0,mad_only
mEfvYXGi9Qw,15,7.88,0.0,30.0,80.0,0.005,0.1,0.15,0.0,mad_only
mEfvYXGi9Qw,16,8.345,0.0,30.0,80.0,0.005,0.1,0.15,0.0,mad_only
mEfvYXGi9Qw,17,8.8,0.0,30.0,80.0,0.005,0.1,0.15,0.0,mad_only
mEfvYXGi9Qw,18,9.285,0.0,30.0,80.0,0.005,0.1,0.15,0.0,mad_only
mEfvYXGi9Qw,19,9.950000000000001,0.0,30.0,80.0,0.005,0.1,0.15,0.0,mad_only
mEfvYXGi9Qw,20,10.57,0.0,30.0,80.0,0.005,0.1,0.15,0.0,mad_only
mEfvYXGi9Qw,21,11.195,0.0,30.0,80.0,0.005,0.1,0.15,0.0,mad_only
mEfvYXGi9Qw,22,11.835,0.0,30.0,80.0,0.005,0.1,0.15,0.0,mad_only
mEfvYXGi9Qw,23,12.475,0.0,30.0,80.0,0.005,0.1,0.15,0.0,mad_only
mEfvYXGi9Qw,24,13.045,0.0,30.0,80.0,0.005,0.1,0.15,0.0,mad_only
mEfvYXGi9Qw,25,13.66,0.0,30.0,80.0,0.005,0.1,0.15,0.0,mad_only
mEfvYXGi9Qw,26,14.24,0.0,30.0,80.0,0.005,0.1,0.15,0.0,mad_only
mEfvYXGi9Qw,27,14.86,0.0,30.0,80.0,0.005,0.1,0.15,0.0,mad_only
mEfvYXGi9Qw,28,15.47,0.0,30.0,80.0,0.005,0.1,0.15,0.0,mad_only
mEfvYXGi9Qw,29,16.075,0.0,30.0,80.0,0.005,0.1,0.15,0.0,mad_only
mEfvYXGi9Qw,30,16.675,0.0,30.0,80.0,0.005,0.1,0.15,0.0,mad_only
mEfvYXGi9Qw,31,17.295,0.0,30.0,80.0,0.005,0.1,0.15,0.0,mad_only
mEfvYXGi9Qw,32,17.935,0.0,30.0,80.0,0.005,0.1,0.15,0.0,mad_only
mEfvYXGi9Qw,33,18.53,0.0,30.0,80.0,0.005,0.1,0.15,0.0,mad_only
mEfvYXGi9Qw,34,19.135,0.0,30.0,80.0,0.005,0.1,0.15,0.0,mad_only
mEfvYXGi9Qw,35,19.76,0.0,30.0,80.0,0.005,0.1,0.15,0.0,mad_only
mEfvYXGi9Qw,36,20.355,0.0,30.0,80.0,0.005,0.1,0.15,0.0,mad_only
mEfvYXGi9Qw,37,20.935,0.0,30.0,80.0,0.005,0.1,0.15,0.0,mad_only
mEfvYXGi9Qw,38,21.555,0.0,30.0,80.0,0.005,0.1,0.15,0.0,mad_only
mEfvYXGi9Qw,39,22.17,0.0,30.0,80.0,0.005,0.1,0.15,0.0,mad_only
mEfvYXGi9Qw,40,22.8,0.0,30.0,80.0,0.005,0.1,0.15,0.0,mad_only
mEfvYXGi9Qw,41,23.395,0.0,30.0,80.0,0.005,0.1,0.15,0.0,mad_only
mEfvYXGi9Qw,42,23.96,0.0,30.0,80.0,0.005,0.1,0.15,0.0,mad_only
mEfvYXGi9Qw,43,24.560000000000002,0.0,30.0,80.0,0.005,0.1,0.15,0.0,mad_only
mEfvYXGi9Qw,44,25.18,0.0,30.0,80.0,0.005,0.1,0.15,0.0,mad_only
mEfvYXGi9Qw,45,25.78,0.0,30.0,80.0,0.005,0.1,0.15,0.0,mad_only
mEfvYXGi9Qw,46,26.43,0.0,30.0,80.0,0.005,0.1,0.15,0.0,mad_only
mEfvYXGi9Qw,47,27.04,0.0,30.0,80.0,0.005,0.1,0.15,0.0,mad_only
mEfvYXGi9Qw,48,27.650000000000002,0.0,30.0,80.0,0.005,0.1,0.15,0.0,mad_only
mEfvYXGi9Qw,49,28.26,0.0,30.0,80.0,0.005,0.1,0.15,0.0,mad_only
mEfvYXGi9Qw,50,28.865000000000002,0.0,30.0,80.0,0.005,0.1,0.15,0.0,mad_only
mEfvYXGi9Qw,51,29.475,0.0,30.0,80.0,0.005,0.1,0.15,0.0,mad_only
mMPxaBYL3hY,0,1.215,0.0,30.0,80.0,0.005,0.1,0.15,0.0,mad_only
mMPxaBYL3hY,1,1.7650000000000001,0.0,30.0,80.0,0.005,0.1,0.15,0.0,mad_only
mMPxaBYL3hY,2,2.305,0.0,30.0,80.0,0.005,0.1,0.15,0.0,mad_only
mMPxaBYL3hY,3,2.855,0.0,30.0,80.0,0.005,0.1,0.15,0.0,mad_only
mMPxaBYL3hY,4,3.4,0.0,30.0,80.0,0.005,0.1,0.15,0.0,mad_only
mMPxaBYL3hY,5,3.9450000000000003,0.0,30.0,80.0,0.005,0.1,0.15,0.0,mad_only
mMPxaBYL3hY,6,4.5,0.0,30.0,80.0,0.005,0.1,0.15,0.0,mad_only
mMPxaBYL3hY,7,5.035,0.0,30.0,80.0,0.005,0.1,0.15,0.0,mad_only
mMPxaBYL3hY,8,5.57,0.0,30.0,80.0,0.005,0.1,0.15,0.0,mad_only
mMPxaBYL3hY,9,6.12,0.0,30.0,80.0,0.005,0.1,0.15,0.0,mad_only
mMPxaBYL3hY,10,6.66,0.0,30.0,80.0,0.005,0.1,0.15,0.0,mad_only
mMPxaBYL3hY,11,7.205,0.0,30.0,80.0,0.005,0.1,0.15,0.0,mad_only
mMPxaBYL3hY,12,7.755,0.0,30.0,80.0,0.005,0.1,0.15,0.0,mad_only
mMPxaBYL3hY,13,8.305,0.0,30.0,80.0,0.005,0.1,0.15,0.0,mad_only
mMPxaBYL3hY,14,8.845,0.0,30.0,80.0,0.005,0.1,0.15,0.0,mad_only
mMPxaBYL3hY,15,9.38,0.0,30.0,80.0,0.005,0.1,0.15,0.0,mad_only
mMPxaBYL3hY,16,9.93,0.0,30.0,80.0,0.005,0.1,0.15,0.0,mad_only
mMPxaBYL3hY,17,10.47,0.0,30.0,80.0,0.005,0.1,0.15,0.0,mad_only
mMPxaBYL3hY,18,11.005,0.0,30.0,80.0,0.005,0.1,0.15,0.0,mad_only
mMPxaBYL3hY,19,11.56,0.0,30.0,80.0,0.005,0.1,0.15,0.0,mad_only
mMPxaBYL3hY,20,12.095,0.0,30.0,80.0,0.005,0.1,0.15,0.0,mad_only
mMPxaBYL3hY,21,12.66,0.0,30.0,80.0,0.005,0.1,0.15,0.0,mad_only
mMPxaBYL3hY,22,13.205,0.0,30.0,80.0,0.005,0.1,0.15,0.0,mad_only
mMPxaBYL3hY,23,13.745000000000001,0.0,30.0,80.0,0.005,0.1,0.15,0.0,mad_only
mMPxaBYL3hY,24,14.295,0.0,30.0,80.0,0.005,0.1,0.15,0.0,mad_only
mMPxaBYL3hY,25,14.835,0.0,30.0,80.0,0.005,0.1,0.15,0.0,mad_only
mMPxaBYL3hY,26,15.38,0.0,30.0,80.0,0.005,0.1,0.15,0.0,mad_only
mMPxaBYL3hY,27,15.93,0.0,30.0,80.0,0.005,0.1,0.15,0.0,mad_only
mMPxaBYL3hY,28,16.475,0.0,30.0,80.0,0.005,0.1,0.15,0.0,mad_only
mMPxaBYL3hY,29,17.025,0.0,30.0,80.0,0.005,0.1,0.15,0.0,mad_only
mMPxaBYL3hY,30,17.565,0.0,30.0,80.0,0.005,0.1,0.15,0.0,mad_only
mMPxaBYL3hY,31,18.11,0.0,30.0,80.0,0.005,0.1,0.15,0.0,mad_only
mMPxaBYL3hY,32,18.665,0.0,30.0,80.0,0.005,0.1,0.15,0.0,mad_only
mMPxaBYL3hY,33,19.225,0.0,30.0,80.0,0.005,0.1,0.15,0.0,mad_only
mMPxaBYL3hY,34,19.765,0.0,30.0,80.0,0.005,0.1,0.15,0.0,mad_only
mMPxaBYL3hY,35,20.31,0.0,30.0,80.0,0.005,0.1,0.15,0.0,mad_only
mMPxaBYL3hY,36,20.830000000000002,0.0,30.0,80.0,0.005,0.1,0.15,0.0,mad_only
mMPxaBYL3hY,37,21.345,0.0,30.0,80.0,0.005,0.1,0.15,0.0,mad_only
mMPxaBYL3hY,38,21.885,0.0,30.0,80.0,0.005,0.1,0.15,0.0,mad_only
mMPxaBYL3hY,39,22.445,0.0,30.0,80.0,0.005,0.1,0.15,0.0,mad_only
mMPxaBYL3hY,40,23.005,0.0,30.0,80.0,0.005,0.1,0.15,0.0,mad_only
mMPxaBYL3hY,41,23.54,0.0,30.0,80.0,0.005,0.1,0.15,0.0,mad_only
mMPxaBYL3hY,42,24.1,0.0,30.0,80.0,0.005,0.1,0.15,0.0,mad_only
mMPxaBYL3hY,43,24.645,0.0,30.0,80.0,0.005,0.1,0.15,0.0,mad_only
mMPxaBYL3hY,44,25.195,0.0,30.0,80.0,0.005,0.1,0.15,0.0,mad_only
mMPxaBYL3hY,45,25.75,0.0,30.0,80.0,0.005,0.1,0.15,0.0,mad_only
mMPxaBYL3hY,46,26.29,0.0,30.0,80.0,0.005,0.1,0.15,0.0,mad_only
mMPxaBYL3hY,47,26.830000000000002,0.0,30.0,80.0,0.005,0.1,0.15,0.0,mad_only
mMPxaBYL3hY,48,27.365000000000002,0.0,30.0,80.0,0.005,0.1,0.15,0.0,mad_only
mMPxaBYL3hY,49,27.91,0.0,30.0,80.0,0.005,0.1,0.15,0.0,mad_only
mMPxaBYL3hY,50,28.455000000000002,0.0,30.0,80.0,0.005,0.1,0.15,0.0,mad_only
mMPxaBYL3hY,51,29.01,0.0,30.0,80.0,0.005,0.1,0.15,0.0,mad_only
mMPxaBYL3hY,52,29.545,0.0,30.0,80.0,0.005,0.1,0.15,0.0,mad_only
mUSsyCtoC60,0,0.745,0.0,30.0,80.0,0.005,0.1,0.15,0.0,mad_only
mUSsyCtoC60,1,4.545,0.0,30.0,80.0,0.005,0.1,0.15,0.0,mad_only
mUSsyCtoC60,2,5.215,0.0,30.0,80.0,0.005,0.1,0.15,0.0,mad_only
mUSsyCtoC60,3,5.835,0.0,30.0,80.0,0.005,0.1,0.15,0.0,mad_only
mUSsyCtoC60,4,6.165,0.0,30.0,80.0,0.005,0.1,0.15,0.0,mad_only
mUSsyCtoC60,5,6.49,0.0,30.0,80.0,0.005,0.1,0.15,0.0,mad_only
mUSsyCtoC60,6,7.1000000000000005,0.0,30.0,80.0,0.005,0.1,0.15,0.0,mad_only
mUSsyCtoC60,7,7.4350000000000005,0.0,30.0,80.0,0.005,0.1,0.15,0.0,mad_only
mUSsyCtoC60,8,7.75,0.0,30.0,80.0,0.005,0.1,0.15,0.0,mad_only
mUSsyCtoC60,9,8.365,0.0,30.0,80.0,0.005,0.1,0.15,0.0,mad_only
mUSsyCtoC60,10,9.03,0.0,30.0,80.0,0.005,0.1,0.15,0.0,mad_only
mUSsyCtoC60,11,9.66,0.0,30.0,80.0,0.005,0.1,0.15,0.0,mad_only
mUSsyCtoC60,12,10.31,0.0,30.0,80.0,0.005,0.1,0.15,0.0,mad_only
mUSsyCtoC60,13,10.94,0.0,30.0,80.0,0.005,0.1,0.15,0.0,mad_only
mUSsyCtoC60,14,11.585,0.0,30.0,80.0,0.005,0.1,0.15,0.0,mad_only
mUSsyCtoC60,15,12.215,0.0,30.0,80.0,0.005,0.1,0.15,0.0,mad_only
mUSsyCtoC60,16,12.885,0.0,30.0,80.0,0.005,0.1,0.15,0.0,mad_only
mUSsyCtoC60,17,13.55,0.0,30.0,80.0,0.005,0.1,0.15,0.0,mad_only
mUSsyCtoC60,18,14.19,0.0,30.0,80.0,0.005,0.1,0.15,0.0,mad_only
mUSsyCtoC60,19,14.77,0.0,30.0,80.0,0.005,0.1,0.15,0.0,mad_only
mUSsyCtoC60,20,15.09,0.0,30.0,80.0,0.005,0.1,0.15,0.0,mad_only
mUSsyCtoC60,21,15.41,0.0,30.0,80.0,0.005,0.1,0.15,0.0,mad_only
mUSsyCtoC60,22,16.035,0.0,30.0,80.0,0.005,0.1,0.15,0.0,mad_only
mUSsyCtoC60,23,16.685,0.0,30.0,80.0,0.005,0.1,0.15,0.0,mad_only
mUSsyCtoC60,24,17.330000000000002,0.0,30.0,80.0,0.005,0.1,0.15,0.0,mad_only
mUSsyCtoC60,25,17.965,0.0,30.0,80.0,0.005,0.1,0.15,0.0,mad_only
mUSsyCtoC60,26,18.605,0.0,30.0,80.0,0.005,0.1,0.15,0.0,mad_only
mUSsyCtoC60,27,19.25,0.0,30.0,80.0,0.005,0.1,0.15,0.0,mad_only
mUSsyCtoC60,28,19.875,0.0,30.0,80.0,0.005,0.1,0.15,0.0,mad_only
mUSsyCtoC60,29,20.515,0.0,30.0,80.0,0.005,0.1,0.15,0.0,mad_only
mUSsyCtoC60,30,21.155,0.0,30.0,80.0,0.005,0.1,0.15,0.0,mad_only
mUSsyCtoC60,31,21.485,0.0,30.0,80.0,0.005,0.1,0.15,0.0,mad_only
mUSsyCtoC60,32,21.8,0.0,30.0,80.0,0.005,0.1,0.15,0.0,mad_only
mUSsyCtoC60,33,22.42,0.0,30.0,80.0,0.005,0.1,0.15,0.0,mad_only
mUSsyCtoC60,34,23.06,0.0,30.0,80.0,0.005,0.1,0.15,0.0,mad_only
mUSsyCtoC60,35,23.72,0.0,30.0,80.0,0.005,0.1,0.15,0.0,mad_only
mUSsyCtoC60,36,24.38,0.0,30.0,80.0,0.005,0.1,0.15,0.0,mad_only
mUSsyCtoC60,37,24.98,0.0,30.0,80.0,0.005,0.1,0.15,0.0,mad_only
mUSsyCtoC60,38,25.305,0.0,30.0,80.0,0.005,0.1,0.15,0.0,mad_only
mUSsyCtoC60,39,25.615000000000002,0.0,30.0,80.0,0.005,0.1,0.15,0.0,mad_only
mUSsyCtoC60,40,26.245,0.0,30.0,80.0,0.005,0.1,0.15,0.0,mad_only
mUSsyCtoC60,41,26.575,0.0,30.0,80.0,0.005,0.1,0.15,0.0,mad_only
mUSsyCtoC60,42,26.89,0.0,30.0,80.0,0.005,0.1,0.15,0.0,mad_only
mUSsyCtoC60,43,27.52,0.0,30.0,80.0,0.005,0.1,0.15,0.0,mad_only
mUSsyCtoC60,44,27.855,0.0,30.0,80.0,0.005,0.1,0.15,0.0,mad_only
mUSsyCtoC60,45,28.165,0.0,30.0,80.0,0.005,0.1,0.15,0.0,mad_only
mUSsyCtoC60,46,28.795,0.0,30.0,80.0,0.005,0.1,0.15,0.0,mad_only
mUSsyCtoC60,47,29.445,0.0,30.0,80.0,0.005,0.1,0.15,0.0,mad_only
n0x7jpD7upQ,0,0.97,0.0,30.0,80.0,0.005,0.1,0.15,0.0,mad_only
n0x7jpD7upQ,1,1.6400000000000001,0.0,30.0,80.0,0.005,0.1,0.15,0.0,mad_only
n0x7jpD7upQ,2,1.99,0.0,30.0,80.0,0.005,0.1,0.15,0.0,mad_only
n0x7jpD7upQ,3,2.335,0.0,30.0,80.0,0.005,0.1,0.15,0.0,mad_only
n0x7jpD7upQ,4,3.0300000000000002,0.0,30.0,80.0,0.005,0.1,0.15,0.0,mad_only
n0x7jpD7upQ,5,3.39,0.0,30.0,80.0,0.005,0.1,0.15,0.0,mad_only
n0x7jpD7upQ,6,3.74,0.0,30.0,80.0,0.005,0.1,0.15,0.0,mad_only
n0x7jpD7upQ,7,4.455,0.0,30.0,80.0,0.005,0.1,0.15,0.0,mad_only
n0x7jpD7upQ,8,4.805,0.0,30.0,80.0,0.005,0.1,0.15,0.0,mad_only
n0x7jpD7upQ,9,5.155,0.0,30.0,80.0,0.005,0.1,0.15,0.0,mad_only
n0x7jpD7upQ,10,5.865,0.0,30.0,80.0,0.005,0.1,0.15,0.0,mad_only
n0x7jpD7upQ,11,6.2250000000000005,0.0,30.0,80.0,0.005,0.1,0.15,0.0,mad_only
n0x7jpD7upQ,12,6.565,0.0,30.0,80.0,0.005,0.1,0.15,0.0,mad_only
n0x7jpD7upQ,13,7.28,0.0,30.0,80.0,0.005,0.1,0.15,0.0,mad_only
n0x7jpD7upQ,14,7.625,0.0,30.0,80.0,0.005,0.1,0.15,0.0,mad_only
n0x7jpD7upQ,15,7.9750000000000005,0.0,30.0,80.0,0.005,0.1,0.15,0.0,mad_only
n0x7jpD7upQ,16,8.68,0.0,30.0,80.0,0.005,0.1,0.15,0.0,mad_only
n0x7jpD7upQ,17,9.035,0.0,30.0,80.0,0.005,0.1,0.15,0.0,mad_only
n0x7jpD7upQ,18,9.375,0.0,30.0,80.0,0.005,0.1,0.15,0.0,mad_only
n0x7jpD7upQ,19,10.095,0.0,30.0,80.0,0.005,0.1,0.15,0.0,mad_only
n0x7jpD7upQ,20,10.445,0.0,30.0,80.0,0.005,0.1,0.15,0.0,mad_only
n0x7jpD7upQ,21,10.8,0.0,30.0,80.0,0.005,0.1,0.15,0.0,mad_only
n0x7jpD7upQ,22,11.5,0.0,30.0,80.0,0.005,0.1,0.15,0.0,mad_only
n0x7jpD7upQ,23,11.865,0.0,30.0,80.0,0.005,0.1,0.15,0.0,mad_only
n0x7jpD7upQ,24,12.200000000000001,0.0,30.0,80.0,0.005,0.1,0.15,0.0,mad_only
n0x7jpD7upQ,25,12.915000000000001,0.0,30.0,80.0,0.005,0.1,0.15,0.0,mad_only
n0x7jpD7upQ,26,13.26,0.0,30.0,80.0,0.005,0.1,0.15,0.0,mad_only
n0x7jpD7upQ,27,13.625,0.0,30.0,80.0,0.005,0.1,0.15,0.0,mad_only
n0x7jpD7upQ,28,14.325000000000001,0.0,30.0,80.0,0.005,0.1,0.15,0.0,mad_only
n0x7jpD7upQ,29,14.695,0.0,30.0,80.0,0.005,0.1,0.15,0.0,mad_only
n0x7jpD7upQ,30,15.030000000000001,0.0,30.0,80.0,0.005,0.1,0.15,0.0,mad_only
n0x7jpD7upQ,31,15.735000000000001,0.0,30.0,80.0,0.005,0.1,0.15,0.0,mad_only
n0x7jpD7upQ,32,16.09,0.0,30.0,80.0,0.005,0.1,0.15,0.0,mad_only
n0x7jpD7upQ,33,16.445,0.0,30.0,80.0,0.005,0.1,0.15,0.0,mad_only
n0x7jpD7upQ,34,17.150000000000002,0.0,30.0,80.0,0.005,0.1,0.15,0.0,mad_only
n0x7jpD7upQ,35,17.51,0.0,30.0,80.0,0.005,0.1,0.15,0.0,mad_only
n0x7jpD7upQ,36,17.855,0.0,30.0,80.0,0.005,0.1,0.15,0.0,mad_only
n0x7jpD7upQ,37,18.56,0.0,30.0,80.0,0.005,0.1,0.15,0.0,mad_only
n0x7jpD7upQ,38,18.91,0.0,30.0,80.0,0.005,0.1,0.15,0.0,mad_only
n0x7jpD7upQ,39,19.27,0.0,30.0,80.0,0.005,0.1,0.15,0.0,mad_only
n0x7jpD7upQ,40,19.995,0.0,30.0,80.0,0.005,0.1,0.15,0.0,mad_only
n0x7jpD7upQ,41,20.35,0.0,30.0,80.0,0.005,0.1,0.15,0.0,mad_only
n0x7jpD7upQ,42,20.69,0.0,30.0,80.0,0.005,0.1,0.15,0.0,mad_only
n0x7jpD7upQ,43,21.400000000000002,0.0,30.0,80.0,0.005,0.1,0.15,0.0,mad_only
n0x7jpD7upQ,44,21.755,0.0,30.0,80.0,0.005,0.1,0.15,0.0,mad_only
n0x7jpD7upQ,45,22.105,0.0,30.0,80.0,0.005,0.1,0.15,0.0,mad_only
n0x7jpD7upQ,46,22.815,0.0,30.0,80.0,0.005,0.1,0.15,0.0,mad_only
n0x7jpD7upQ,47,23.17,0.0,30.0,80.0,0.005,0.1,0.15,0.0,mad_only
n0x7jpD7upQ,48,23.515,0.0,30.0,80.0,0.005,0.1,0.15,0.0,mad_only
n0x7jpD7upQ,49,24.23,0.0,30.0,80.0,0.005,0.1,0.15,0.0,mad_only
n0x7jpD7upQ,50,24.575,0.0,30.0,80.0,0.005,0.1,0.15,0.0,mad_only
n0x7jpD7upQ,51,24.925,0.0,30.0,80.0,0.005,0.1,0.15,0.0,mad_only
n0x7jpD7upQ,52,25.635,0.0,30.0,80.0,0.005,0.1,0.15,0.0,mad_only
n0x7jpD7upQ,53,25.990000000000002,0.0,30.0,80.0,0.005,0.1,0.15,0.0,mad_only
n0x7jpD7upQ,54,26.335,0.0,30.0,80.0,0.005,0.1,0.15,0.0,mad_only
n0x7jpD7upQ,55,27.05,0.0,30.0,80.0,0.005,0.1,0.15,0.0,mad_only
n0x7jpD7upQ,56,27.405,0.0,30.0,80.0,0.005,0.1,0.15,0.0,mad_only
n0x7jpD7upQ,57,27.755,0.0,30.0,80.0,0.005,0.1,0.15,0.0,mad_only
n0x7jpD7upQ,58,28.46,0.0,30.0,80.0,0.005,0.1,0.15,0.0,mad_only
n0x7jpD7upQ,59,28.810000000000002,0.0,30.0,80.0,0.005,0.1,0.15,0.0,mad_only
n0x7jpD7upQ,60,29.155,0.0,30.0,80.0,0.005,0.1,0.15,0.0,mad_only
n0x7jpD7upQ,61,29.87,0.0,30.0,80.0,0.005,0.1,0.15,0.0,mad_only
oCOWsvnWJuA,0,0.855,0.0,30.0,80.0,0.005,0.1,0.15,0.0,mad_only
oCOWsvnWJuA,1,1.405,0.0,30.0,80.0,0.005,0.1,0.15,0.0,mad_only
oCOWsvnWJuA,2,2.0,0.0,30.0,80.0,0.005,0.1,0.15,0.0,mad_only
oCOWsvnWJuA,3,2.595,0.0,30.0,80.0,0.005,0.1,0.15,0.0,mad_only
oCOWsvnWJuA,4,3.185,0.0,30.0,80.0,0.005,0.1,0.15,0.0,mad_only
oCOWsvnWJuA,5,3.785,0.0,30.0,80.0,0.005,0.1,0.15,0.0,mad_only
oCOWsvnWJuA,6,4.38,0.0,30.0,80.0,0.005,0.1,0.15,0.0,mad_only
oCOWsvnWJuA,7,4.985,0.0,30.0,80.0,0.005,0.1,0.15,0.0,mad_only
oCOWsvnWJuA,8,5.59,0.0,30.0,80.0,0.005,0.1,0.15,0.0,mad_only
oCOWsvnWJuA,9,6.175,0.0,30.0,80.0,0.005,0.1,0.15,0.0,mad_only
oCOWsvnWJuA,10,6.78,0.0,30.0,80.0,0.005,0.1,0.15,0.0,mad_only
oCOWsvnWJuA,11,7.385,0.0,30.0,80.0,0.005,0.1,0.15,0.0,mad_only
oCOWsvnWJuA,12,7.98,0.0,30.0,80.0,0.005,0.1,0.15,0.0,mad_only
oCOWsvnWJuA,13,8.575000000000001,0.0,30.0,80.0,0.005,0.1,0.15,0.0,mad_only
oCOWsvnWJuA,14,9.185,0.0,30.0,80.0,0.005,0.1,0.15,0.0,mad_only
oCOWsvnWJuA,15,9.785,0.0,30.0,80.0,0.005,0.1,0.15,0.0,mad_only
oCOWsvnWJuA,16,10.385,0.0,30.0,80.0,0.005,0.1,0.15,0.0,mad_only
oCOWsvnWJuA,17,10.98,0.0,30.0,80.0,0.005,0.1,0.15,0.0,mad_only
oCOWsvnWJuA,18,11.58,0.0,30.0,80.0,0.005,0.1,0.15,0.0,mad_only
oCOWsvnWJuA,19,12.185,0.0,30.0,80.0,0.005,0.1,0.15,0.0,mad_only
oCOWsvnWJuA,20,12.785,0.0,30.0,80.0,0.005,0.1,0.15,0.0,mad_only
oCOWsvnWJuA,21,13.385,0.0,30.0,80.0,0.005,0.1,0.15,0.0,mad_only
oCOWsvnWJuA,22,13.675,0.0,30.0,80.0,0.005,0.1,0.15,0.0,mad_only
oCOWsvnWJuA,23,13.975,0.0,30.0,80.0,0.005,0.1,0.15,0.0,mad_only
oCOWsvnWJuA,24,14.59,0.0,30.0,80.0,0.005,0.1,0.15,0.0,mad_only
oCOWsvnWJuA,25,15.19,0.0,30.0,80.0,0.005,0.1,0.15,0.0,mad_only
oCOWsvnWJuA,26,15.790000000000001,0.0,30.0,80.0,0.005,0.1,0.15,0.0,mad_only
oCOWsvnWJuA,27,16.395,0.0,30.0,80.0,0.005,0.1,0.15,0.0,mad_only
oCOWsvnWJuA,28,17.0,0.0,30.0,80.0,0.005,0.1,0.15,0.0,mad_only
oCOWsvnWJuA,29,17.580000000000002,0.0,30.0,80.0,0.005,0.1,0.15,0.0,mad_only
oCOWsvnWJuA,30,18.18,0.0,30.0,80.0,0.005,0.1,0.15,0.0,mad_only
oCOWsvnWJuA,31,18.78,0.0,30.0,80.0,0.005,0.1,0.15,0.0,mad_only
oCOWsvnWJuA,32,19.39,0.0,30.0,80.0,0.005,0.1,0.15,0.0,mad_only
oCOWsvnWJuA,33,19.985,0.0,30.0,80.0,0.005,0.1,0.15,0.0,mad_only
oCOWsvnWJuA,34,20.585,0.0,30.0,80.0,0.005,0.1,0.15,0.0,mad_only
oCOWsvnWJuA,35,21.18,0.0,30.0,80.0,0.005,0.1,0.15,0.0,mad_only
oCOWsvnWJuA,36,21.785,0.0,30.0,80.0,0.005,0.1,0.15,0.0,mad_only
oCOWsvnWJuA,37,22.375,0.0,30.0,80.0,0.005,0.1,0.15,0.0,mad_only
oCOWsvnWJuA,38,22.98,0.0,30.0,80.0,0.005,0.1,0.15,0.0,mad_only
oCOWsvnWJuA,39,23.580000000000002,0.0,30.0,80.0,0.005,0.1,0.15,0.0,mad_only
oCOWsvnWJuA,40,24.18,0.0,30.0,80.0,0.005,0.1,0.15,0.0,mad_only
oCOWsvnWJuA,41,24.785,0.0,30.0,80.0,0.005,0.1,0.15,0.0,mad_only
oCOWsvnWJuA,42,25.395,0.0,30.0,80.0,0.005,0.1,0.15,0.0,mad_only
oCOWsvnWJuA,43,25.990000000000002,0.0,30.0,80.0,0.005,0.1,0.15,0.0,mad_only
oCOWsvnWJuA,44,26.595,0.0,30.0,80.0,0.005,0.1,0.15,0.0,mad_only
oCOWsvnWJuA,45,27.185000000000002,0.0,30.0,80.0,0.005,0.1,0.15,0.0,mad_only
oCOWsvnWJuA,46,27.785,0.0,30.0,80.0,0.005,0.1,0.15,0.0,mad_only
oCOWsvnWJuA,47,28.09,0.0,30.0,80.0,0.005,0.1,0.15,0.0,mad_only
oCOWsvnWJuA,48,28.385,0.0,30.0,80.0,0.005,0.1,0.15,0.0,mad_only
oCOWsvnWJuA,49,28.985,0.0,30.0,80.0,0.005,0.1,0.15,0.0,mad_only
oCOWsvnWJuA,50,29.580000000000002,0.0,30.0,80.0,0.005,0.1,0.15,0.0,mad_only
ojRj2JK5oCI,0,0.61,0.0,30.0,80.0,0.005,0.1,0.15,0.0,mad_only
ojRj2JK5oCI,1,2.495,0.0,30.0,80.0,0.005,0.1,0.15,0.0,mad_only
ojRj2JK5oCI,2,3.37,0.0,30.0,80.0,0.005,0.1,0.15,0.0,mad_only
ojRj2JK5oCI,3,4.255,0.0,30.0,80.0,0.005,0.1,0.15,0.0,mad_only
ojRj2JK5oCI,4,5.095,0.0,30.0,80.0,0.005,0.1,0.15,0.0,mad_only
ojRj2JK5oCI,5,5.775,0.0,30.0,80.0,0.005,0.1,0.15,0.0,mad_only
ojRj2JK5oCI,6,6.66,0.0,30.0,80.0,0.005,0.1,0.15,0.0,mad_only
ojRj2JK5oCI,7,7.095,0.0,30.0,80.0,0.005,0.1,0.15,0.0,mad_only
ojRj2JK5oCI,8,7.55,0.0,30.0,80.0,0.005,0.1,0.15,0.0,mad_only
ojRj2JK5oCI,9,7.94,0.0,30.0,80.0,0.005,0.1,0.15,0.0,mad_only
ojRj2JK5oCI,10,8.435,0.0,30.0,80.0,0.005,0.1,0.15,0.0,mad_only
ojRj2JK5oCI,11,8.805,0.0,30.0,80.0,0.005,0.1,0.15,0.0,mad_only
ojRj2JK5oCI,12,9.225,0.0,30.0,80.0,0.005,0.1,0.15,0.0,mad_only
ojRj2JK5oCI,13,9.695,0.0,30.0,80.0,0.005,0.1,0.15,0.0,mad_only
ojRj2JK5oCI,14,10.525,0.0,30.0,80.0,0.005,0.1,0.15,0.0,mad_only
ojRj2JK5oCI,15,10.945,0.0,30.0,80.0,0.005,0.1,0.15,0.0,mad_only
ojRj2JK5oCI,16,11.35,0.0,30.0,80.0,0.005,0.1,0.15,0.0,mad_only
ojRj2JK5oCI,17,11.735,0.0,30.0,80.0,0.005,0.1,0.15,0.0,mad_only
ojRj2JK5oCI,18,12.175,0.0,30.0,80.0,0.005,0.1,0.15,0.0,mad_only
ojRj2JK5oCI,19,12.57,0.0,30.0,80.0,0.005,0.1,0.15,0.0,mad_only
ojRj2JK5oCI,20,12.975,0.0,30.0,80.0,0.005,0.1,0.15,0.0,mad_only
ojRj2JK5oCI,21,13.385,0.0,30.0,80.0,0.005,0.1,0.15,0.0,mad_only
ojRj2JK5oCI,22,13.780000000000001,0.0,30.0,80.0,0.005,0.1,0.15,0.0,mad_only
ojRj2JK5oCI,23,14.165000000000001,0.0,30.0,80.0,0.005,0.1,0.15,0.0,mad_only
ojRj2JK5oCI,24,14.565,0.0,30.0,80.0,0.005,0.1,0.15,0.0,mad_only
ojRj2JK5oCI,25,14.985,0.0,30.0,80.0,0.005,0.1,0.15,0.0,mad_only
ojRj2JK5oCI,26,15.395,0.0,30.0,80.0,0.005,0.1,0.15,0.0,mad_only
ojRj2JK5oCI,27,16.2,0.0,30.0,80.0,0.005,0.1,0.15,0.0,mad_only
ojRj2JK5oCI,28,16.615000000000002,0.0,30.0,80.0,0.005,0.1,0.15,0.0,mad_only
ojRj2JK5oCI,29,17.025,0.0,30.0,80.0,0.005,0.1,0.15,0.0,mad_only
ojRj2JK5oCI,30,17.415,0.0,30.0,80.0,0.005,0.1,0.15,0.0,mad_only
ojRj2JK5oCI,31,17.835,0.0,30.0,80.0,0.005,0.1,0.15,0.0,mad_only
ojRj2JK5oCI,32,18.265,0.0,30.0,80.0,0.005,0.1,0.15,0.0,mad_only
ojRj2JK5oCI,33,18.665,0.0,30.0,80.0,0.005,0.1,0.15,0.0,mad_only
ojRj2JK5oCI,34,19.48,0.0,30.0,80.0,0.005,0.1,0.15,0.0,mad_only
ojRj2JK5oCI,35,19.92,0.0,30.0,80.0,0.005,0.1,0.15,0.0,mad_only
ojRj2JK5oCI,36,20.330000000000002,0.0,30.0,80.0,0.005,0.1,0.15,0.0,mad_only
ojRj2JK5oCI,37,20.755,0.0,30.0,80.0,0.005,0.1,0.15,0.0,mad_only
ojRj2JK5oCI,38,21.205000000000002,0.0,30.0,80.0,0.005,0.1,0.15,0.0,mad_only
ojRj2JK5oCI,39,21.67,0.0,30.0,80.0,0.005,0.1,0.15,0.0,mad_only
ojRj2JK5oCI,40,22.06,0.0,30.0,80.0,0.005,0.1,0.15,0.0,mad_only
ojRj2JK5oCI,41,22.48,0.0,30.0,80.0,0.005,0.1,0.15,0.0,mad_only
ojRj2JK5oCI,42,22.895,0.0,30.0,80.0,0.005,0.1,0.15,0.0,mad_only
ojRj2JK5oCI,43,23.330000000000002,0.0,30.0,80.0,0.005,0.1,0.15,0.0,mad_only
ojRj2JK5oCI,44,23.75,0.0,30.0,80.0,0.005,0.1,0.15,0.0,mad_only
ojRj2JK5oCI,45,24.175,0.0,30.0,80.0,0.005,0.1,0.15,0.0,mad_only
ojRj2JK5oCI,46,24.585,0.0,30.0,80.0,0.005,0.1,0.15,0.0,mad_only
ojRj2JK5oCI,47,25.41,0.0,30.0,80.0,0.005,0.1,0.15,0.0,mad_only
ojRj2JK5oCI,48,26.27,0.0,30.0,80.0,0.005,0.1,0.15,0.0,mad_only
ojRj2JK5oCI,49,26.69,0.0,30.0,80.0,0.005,0.1,0.15,0.0,mad_only
ojRj2JK5oCI,50,27.1,0.0,30.0,80.0,0.005,0.1,0.15,0.0,mad_only
ojRj2JK5oCI,51,27.925,0.0,30.0,80.0,0.005,0.1,0.15,0.0,mad_only
ojRj2JK5oCI,52,28.73,0.0,30.0,80.0,0.005,0.1,0.15,0.0,mad_only
ojRj2JK5oCI,53,29.580000000000002,0.0,30.0,80.0,0.005,0.1,0.15,0.0,mad_only
p5wp3UBBt10,0,2.345,0.0,30.0,80.0,0.005,0.1,0.15,0.0,mad_only
p5wp3UBBt10,1,2.8000000000000003,0.0,30.0,80.0,0.005,0.1,0.15,0.0,mad_only
p5wp3UBBt10,2,3.27,0.0,30.0,80.0,0.005,0.1,0.15,0.0,mad_only
p5wp3UBBt10,3,3.745,0.0,30.0,80.0,0.005,0.1,0.15,0.0,mad_only
p5wp3UBBt10,4,4.2,0.0,30.0,80.0,0.005,0.1,0.15,0.0,mad_only
p5wp3UBBt10,5,4.66,0.0,30.0,80.0,0.005,0.1,0.15,0.0,mad_only
p5wp3UBBt10,6,5.095,0.0,30.0,80.0,0.005,0.1,0.15,0.0,mad_only
p5wp3UBBt10,7,5.54,0.0,30.0,80.0,0.005,0.1,0.15,0.0,mad_only
p5wp3UBBt10,8,5.995,0.0,30.0,80.0,0.005,0.1,0.15,0.0,mad_only
p5wp3UBBt10,9,6.46,0.0,30.0,80.0,0.005,0.1,0.15,0.0,mad_only
p5wp3UBBt10,10,6.945,0.0,30.0,80.0,0.005,0.1,0.15,0.0,mad_only
p5wp3UBBt10,11,7.405,0.0,30.0,80.0,0.005,0.1,0.15,0.0,mad_only
p5wp3UBBt10,12,7.865,0.0,30.0,80.0,0.005,0.1,0.15,0.0,mad_only
p5wp3UBBt10,13,8.32,0.0,30.0,80.0,0.005,0.1,0.15,0.0,mad_only
p5wp3UBBt10,14,8.8,0.0,30.0,80.0,0.005,0.1,0.15,0.0,mad_only
p5wp3UBBt10,15,9.26,0.0,30.0,80.0,0.005,0.1,0.15,0.0,mad_only
p5wp3UBBt10,16,9.715,0.0,30.0,80.0,0.005,0.1,0.15,0.0,mad_only
p5wp3UBBt10,17,10.175,0.0,30.0,80.0,0.005,0.1,0.15,0.0,mad_only
p5wp3UBBt10,18,10.625,0.0,30.0,80.0,0.005,0.1,0.15,0.0,mad_only
p5wp3UBBt10,19,11.095,0.0,30.0,80.0,0.005,0.1,0.15,0.0,mad_only
p5wp3UBBt10,20,11.55,0.0,30.0,80.0,0.005,0.1,0.15,0.0,mad_only
p5wp3UBBt10,21,12.005,0.0,30.0,80.0,0.005,0.1,0.15,0.0,mad_only
p5wp3UBBt10,22,12.48,0.0,30.0,80.0,0.005,0.1,0.15,0.0,mad_only
p5wp3UBBt10,23,12.94,0.0,30.0,80.0,0.005,0.1,0.15,0.0,mad_only
p5wp3UBBt10,24,13.395,0.0,30.0,80.0,0.005,0.1,0.15,0.0,mad_only
p5wp3UBBt10,25,13.855,0.0,30.0,80.0,0.005,0.1,0.15,0.0,mad_only
p5wp3UBBt10,26,14.32,0.0,30.0,80.0,0.005,0.1,0.15,0.0,mad_only
p5wp3UBBt10,27,14.780000000000001,0.0,30.0,80.0,0.005,0.1,0.15,0.0,mad_only
p5wp3UBBt10,28,15.245000000000001,0.0,30.0,80.0,0.005,0.1,0.15,0.0,mad_only
p5wp3UBBt10,29,15.71,0.0,30.0,80.0,0.005,0.1,0.15,0.0,mad_only
p5wp3UBBt10,30,16.175,0.0,30.0,80.0,0.005,0.1,0.15,0.0,mad_only
p5wp3UBBt10,31,16.635,0.0,30.0,80.0,0.005,0.1,0.15,0.0,mad_only
p5wp3UBBt10,32,17.09,0.0,30.0,80.0,0.005,0.1,0.15,0.0,mad_only
p5wp3UBBt10,33,17.54,0.0,30.0,80.0,0.005,0.1,0.15,0.0,mad_only
p5wp3UBBt10,34,18.0,0.0,30.0,80.0,0.005,0.1,0.15,0.0,mad_only
p5wp3UBBt10,35,18.47,0.0,30.0,80.0,0.005,0.1,0.15,0.0,mad_only
p5wp3UBBt10,36,18.925,0.0,30.0,80.0,0.005,0.1,0.15,0.0,mad_only
p5wp3UBBt10,37,19.39,0.0,30.0,80.0,0.005,0.1,0.15,0.0,mad_only
p5wp3UBBt10,38,19.85,0.0,30.0,80.0,0.005,0.1,0.15,0.0,mad_only
p5wp3UBBt10,39,20.315,0.0,30.0,80.0,0.005,0.1,0.15,0.0,mad_only
p5wp3UBBt10,40,20.775000000000002,0.0,30.0,80.0,0.005,0.1,0.15,0.0,mad_only
p5wp3UBBt10,41,21.235,0.0,30.0,80.0,0.005,0.1,0.15,0.0,mad_only
p5wp3UBBt10,42,21.69,0.0,30.0,80.0,0.005,0.1,0.15,0.0,mad_only
p5wp3UBBt10,43,22.17,0.0,30.0,80.0,0.005,0.1,0.15,0.0,mad_only
p5wp3UBBt10,44,22.64,0.0,30.0,80.0,0.005,0.1,0.15,0.0,mad_only
p5wp3UBBt10,45,23.105,0.0,30.0,80.0,0.005,0.1,0.15,0.0,mad_only
p5wp3UBBt10,46,23.545,0.0,30.0,80.0,0.005,0.1,0.15,0.0,mad_only
p5wp3UBBt10,47,24.01,0.0,30.0,80.0,0.005,0.1,0.15,0.0,mad_only
p5wp3UBBt10,48,24.465,0.0,30.0,80.0,0.005,0.1,0.15,0.0,mad_only
p5wp3UBBt10,49,24.935000000000002,0.0,30.0,80.0,0.005,0.1,0.15,0.0,mad_only
p5wp3UBBt10,50,25.395,0.0,30.0,80.0,0.005,0.1,0.15,0.0,mad_only
p5wp3UBBt10,51,25.855,0.0,30.0,80.0,0.005,0.1,0.15,0.0,mad_only
p5wp3UBBt10,52,26.325,0.0,30.0,80.0,0.005,0.1,0.15,0.0,mad_only
p5wp3UBBt10,53,26.78,0.0,30.0,80.0,0.005,0.1,0.15,0.0,mad_only
p5wp3UBBt10,54,27.235,0.0,30.0,80.0,0.005,0.1,0.15,0.0,mad_only
p5wp3UBBt10,55,27.685000000000002,0.0,30.0,80.0,0.005,0.1,0.15,0.0,mad_only
p5wp3UBBt10,56,28.155,0.0,30.0,80.0,0.005,0.1,0.15,0.0,mad_only
p5wp3UBBt10,57,28.615000000000002,0.0,30.0,80.0,0.005,0.1,0.15,0.0,mad_only
p5wp3UBBt10,58,29.085,0.0,30.0,80.0,0.005,0.1,0.15,0.0,mad_only
p5wp3UBBt10,59,29.54,0.0,30.0,80.0,0.005,0.1,0.15,0.0,mad_only
p9OZAZrw-9o,0,0.8200000000000001,0.0,30.0,80.0,0.005,0.1,0.15,0.0,mad_only
p9OZAZrw-9o,1,1.21,0.0,30.0,80.0,0.005,0.1,0.15,0.0,mad_only
p9OZAZrw-9o,2,1.575,0.0,30.0,80.0,0.005,0.1,0.15,0.0,mad_only
p9OZAZrw-9o,3,1.925,0.0,30.0,80.0,0.005,0.1,0.15,0.0,mad_only
p9OZAZrw-9o,4,2.29,0.0,30.0,80.0,0.005,0.1,0.15,0.0,mad_only
p9OZAZrw-9o,5,2.665,0.0,30.0,80.0,0.005,0.1,0.15,0.0,mad_only
p9OZAZrw-9o,6,3.0500000000000003,0.0,30.0,80.0,0.005,0.1,0.15,0.0,mad_only
p9OZAZrw-9o,7,3.42,0.0,30.0,80.0,0.005,0.1,0.15,0.0,mad_only
p9OZAZrw-9o,8,3.7800000000000002,0.0,30.0,80.0,0.005,0.1,0.15,0.0,mad_only
p9OZAZrw-9o,9,4.15,0.0,30.0,80.0,0.005,0.1,0.15,0.0,mad_only
p9OZAZrw-9o,10,4.55,0.0,30.0,80.0,0.005,0.1,0.15,0.0,mad_only
p9OZAZrw-9o,11,4.92,0.0,30.0,80.0,0.005,0.1,0.15,0.0,mad_only
p9OZAZrw-9o,12,5.29,0.0,30.0,80.0,0.005,0.1,0.15,0.0,mad_only
p9OZAZrw-9o,13,5.655,0.0,30.0,80.0,0.005,0.1,0.15,0.0,mad_only
p9OZAZrw-9o,14,6.045,0.0,30.0,80.0,0.005,0.1,0.15,0.0,mad_only
p9OZAZrw-9o,15,6.405,0.0,30.0,80.0,0.005,0.1,0.15,0.0,mad_only
p9OZAZrw-9o,16,6.79,0.0,30.0,80.0,0.005,0.1,0.15,0.0,mad_only
p9OZAZrw-9o,17,7.165,0.0,30.0,80.0,0.005,0.1,0.15,0.0,mad_only
p9OZAZrw-9o,18,7.54,0.0,30.0,80.0,0.005,0.1,0.15,0.0,mad_only
p9OZAZrw-9o,19,7.92,0.0,30.0,80.0,0.005,0.1,0.15,0.0,mad_only
p9OZAZrw-9o,20,8.285,0.0,30.0,80.0,0.005,0.1,0.15,0.0,mad_only
p9OZAZrw-9o,21,8.655,0.0,30.0,80.0,0.005,0.1,0.15,0.0,mad_only
p9OZAZrw-9o,22,9.025,0.0,30.0,80.0,0.005,0.1,0.15,0.0,mad_only
p9OZAZrw-9o,23,9.395,0.0,30.0,80.0,0.005,0.1,0.15,0.0,mad_only
p9OZAZrw-9o,24,9.78,0.0,30.0,80.0,0.005,0.1,0.15,0.0,mad_only
p9OZAZrw-9o,25,10.155,0.0,30.0,80.0,0.005,0.1,0.15,0.0,mad_only
p9OZAZrw-9o,26,10.525,0.0,30.0,80.0,0.005,0.1,0.15,0.0,mad_only
p9OZAZrw-9o,27,10.91,0.0,30.0,80.0,0.005,0.1,0.15,0.0,mad_only
p9OZAZrw-9o,28,11.290000000000001,0.0,30.0,80.0,0.005,0.1,0.15,0.0,mad_only
p9OZAZrw-9o,29,11.685,0.0,30.0,80.0,0.005,0.1,0.15,0.0,mad_only
p9OZAZrw-9o,30,12.040000000000001,0.0,30.0,80.0,0.005,0.1,0.15,0.0,mad_only
p9OZAZrw-9o,31,12.41,0.0,30.0,80.0,0.005,0.1,0.15,0.0,mad_only
p9OZAZrw-9o,32,12.765,0.0,30.0,80.0,0.005,0.1,0.15,0.0,mad_only
p9OZAZrw-9o,33,13.145,0.0,30.0,80.0,0.005,0.1,0.15,0.0,mad_only
p9OZAZrw-9o,34,13.51,0.0,30.0,80.0,0.005,0.1,0.15,0.0,mad_only
p9OZAZrw-9o,35,13.91,0.0,30.0,80.0,0.005,0.1,0.15,0.0,mad_only
p9OZAZrw-9o,36,14.280000000000001,0.0,30.0,80.0,0.005,0.1,0.15,0.0,mad_only
p9OZAZrw-9o,37,14.655000000000001,0.0,30.0,80.0,0.005,0.1,0.15,0.0,mad_only
p9OZAZrw-9o,38,15.02,0.0,30.0,80.0,0.005,0.1,0.15,0.0,mad_only
p9OZAZrw-9o,39,15.405000000000001,0.0,30.0,80.0,0.005,0.1,0.15,0.0,mad_only
p9OZAZrw-9o,40,15.780000000000001,0.0,30.0,80.0,0.005,0.1,0.15,0.0,mad_only
p9OZAZrw-9o,41,16.16,0.0,30.0,80.0,0.005,0.1,0.15,0.0,mad_only
p9OZAZrw-9o,42,16.535,0.0,30.0,80.0,0.005,0.1,0.15,0.0,mad_only
p9OZAZrw-9o,43,16.92,0.0,30.0,80.0,0.005,0.1,0.15,0.0,mad_only
p9OZAZrw-9o,44,17.29,0.0,30.0,80.0,0.005,0.1,0.15,0.0,mad_only
p9OZAZrw-9o,45,17.66,0.0,30.0,80.0,0.005,0.1,0.15,0.0,mad_only
p9OZAZrw-9o,46,18.02,0.0,30.0,80.0,0.005,0.1,0.15,0.0,mad_only
p9OZAZrw-9o,47,18.405,0.0,30.0,80.0,0.005,0.1,0.15,0.0,mad_only
p9OZAZrw-9o,48,18.785,0.0,30.0,80.0,0.005,0.1,0.15,0.0,mad_only
p9OZAZrw-9o,49,19.165,0.0,30.0,80.0,0.005,0.1,0.15,0.0,mad_only
p9OZAZrw-9o,50,19.54,0.0,30.0,80.0,0.005,0.1,0.15,0.0,mad_only
p9OZAZrw-9o,51,19.895,0.0,30.0,80.0,0.005,0.1,0.15,0.0,mad_only
p9OZAZrw-9o,52,20.265,0.0,30.0,80.0,0.005,0.1,0.15,0.0,mad_only
p9OZAZrw-9o,53,20.635,0.0,30.0,80.0,0.005,0.1,0.15,0.0,mad_only
p9OZAZrw-9o,54,21.02,0.0,30.0,80.0,0.005,0.1,0.15,0.0,mad_only
p9OZAZrw-9o,55,21.39,0.0,30.0,80.0,0.005,0.1,0.15,0.0,mad_only
p9OZAZrw-9o,56,21.775000000000002,0.0,30.0,80.0,0.005,0.1,0.15,0.0,mad_only
p9OZAZrw-9o,57,22.14,0.0,30.0,80.0,0.005,0.1,0.15,0.0,mad_only
p9OZAZrw-9o,58,22.52,0.0,30.0,80.0,0.005,0.1,0.15,0.0,mad_only
p9OZAZrw-9o,59,22.895,0.0,30.0,80.0,0.005,0.1,0.15,0.0,mad_only
p9OZAZrw-9o,60,23.265,0.0,30.0,80.0,0.005,0.1,0.15,0.0,mad_only
p9OZAZrw-9o,61,23.635,0.0,30.0,80.0,0.005,0.1,0.15,0.0,mad_only
p9OZAZrw-9o,62,24.015,0.0,30.0,80.0,0.005,0.1,0.15,0.0,mad_only
p9OZAZrw-9o,63,24.39,0.0,30.0,80.0,0.005,0.1,0.15,0.0,mad_only
p9OZAZrw-9o,64,24.76,0.0,30.0,80.0,0.005,0.1,0.15,0.0,mad_only
p9OZAZrw-9o,65,25.125,0.0,30.0,80.0,0.005,0.1,0.15,0.0,mad_only
p9OZAZrw-9o,66,25.505,0.0,30.0,80.0,0.005,0.1,0.15,0.0,mad_only
p9OZAZrw-9o,67,25.89,0.0,30.0,80.0,0.005,0.1,0.15,0.0,mad_only
p9OZAZrw-9o,68,26.28,0.0,30.0,80.0,0.005,0.1,0.15,0.0,mad_only
p9OZAZrw-9o,69,26.645,0.0,30.0,80.0,0.005,0.1,0.15,0.0,mad_only
p9OZAZrw-9o,70,27.02,0.0,30.0,80.0,0.005,0.1,0.15,0.0,mad_only
p9OZAZrw-9o,71,27.39,0.0,30.0,80.0,0.005,0.1,0.15,0.0,mad_only
p9OZAZrw-9o,72,27.76,0.0,30.0,80.0,0.005,0.1,0.15,0.0,mad_only
p9OZAZrw-9o,73,28.135,0.0,30.0,80.0,0.005,0.1,0.15,0.0,mad_only
p9OZAZrw-9o,74,28.51,0.0,30.0,80.0,0.005,0.1,0.15,0.0,mad_only
p9OZAZrw-9o,75,28.89,0.0,30.0,80.0,0.005,0.1,0.15,0.0,mad_only
p9OZAZrw-9o,76,29.26,0.0,30.0,80.0,0.005,0.1,0.15,0.0,mad_only
p9OZAZrw-9o,77,29.63,0.0,30.0,80.0,0.005,0.1,0.15,0.0,mad_only
pOEzjT-SED0,0,0.765,0.0,30.0,80.0,0.005,0.1,0.15,0.0,mad_only
pOEzjT-SED0,1,1.405,0.0,30.0,80.0,0.005,0.1,0.15,0.0,mad_only
pOEzjT-SED0,2,2.145,0.0,30.0,80.0,0.005,0.1,0.15,0.0,mad_only
pOEzjT-SED0,3,2.89,0.0,30.0,80.0,0.005,0.1,0.15,0.0,mad_only
pOEzjT-SED0,4,3.62,0.0,30.0,80.0,0.005,0.1,0.15,0.0,mad_only
pOEzjT-SED0,5,3.985,0.0,30.0,80.0,0.005,0.1,0.15,0.0,mad_only
pOEzjT-SED0,6,4.38,0.0,30.0,80.0,0.005,0.1,0.15,0.0,mad_only
pOEzjT-SED0,7,5.1000000000000005,0.0,30.0,80.0,0.005,0.1,0.15,0.0,mad_only
pOEzjT-SED0,8,5.49,0.0,30.0,80.0,0.005,0.1,0.15,0.0,mad_only
pOEzjT-SED0,9,5.845,0.0,30.0,80.0,0.005,0.1,0.15,0.0,mad_only
pOEzjT-SED0,10,6.565,0.0,30.0,80.0,0.005,0.1,0.15,0.0,mad_only
pOEzjT-SED0,11,7.28,0.0,30.0,80.0,0.005,0.1,0.15,0.0,mad_only
pOEzjT-SED0,12,7.68,0.0,30.0,80.0,0.005,0.1,0.15,0.0,mad_only
pOEzjT-SED0,13,8.040000000000001,0.0,30.0,80.0,0.005,0.1,0.15,0.0,mad_only
pOEzjT-SED0,14,8.405,0.0,30.0,80.0,0.005,0.1,0.15,0.0,mad_only
pOEzjT-SED0,15,8.785,0.0,30.0,80.0,0.005,0.1,0.15,0.0,mad_only
pOEzjT-SED0,16,9.16,0.0,30.0,80.0,0.005,0.1,0.15,0.0,mad_only
pOEzjT-SED0,17,9.525,0.0,30.0,80.0,0.005,0.1,0.15,0.0,mad_only
pOEzjT-SED0,18,9.885,0.0,30.0,80.0,0.005,0.1,0.15,0.0,mad_only
pOEzjT-SED0,19,10.275,0.0,30.0,80.0,0.005,0.1,0.15,0.0,mad_only
pOEzjT-SED0,20,10.625,0.0,30.0,80.0,0.005,0.1,0.15,0.0,mad_only
pOEzjT-SED0,21,10.995000000000001,0.0,30.0,80.0,0.005,0.1,0.15,0.0,mad_only
pOEzjT-SED0,22,11.375,0.0,30.0,80.0,0.005,0.1,0.15,0.0,mad_only
pOEzjT-SED0,23,11.725,0.0,30.0,80.0,0.005,0.1,0.15,0.0,mad_only
pOEzjT-SED0,24,12.46,0.0,30.0,80.0,0.005,0.1,0.15,0.0,mad_only
pOEzjT-SED0,25,13.185,0.0,30.0,80.0,0.005,0.1,0.15,0.0,mad_only
pOEzjT-SED0,26,13.535,0.0,30.0,80.0,0.005,0.1,0.15,0.0,mad_only
pOEzjT-SED0,27,13.925,0.0,30.0,80.0,0.005,0.1,0.15,0.0,mad_only
pOEzjT-SED0,28,14.315,0.0,30.0,80.0,0.005,0.1,0.15,0.0,mad_only
pOEzjT-SED0,29,14.65,0.0,30.0,80.0,0.005,0.1,0.15,0.0,mad_only
pOEzjT-SED0,30,15.39,0.0,30.0,80.0,0.005,0.1,0.15,0.0,mad_only
pOEzjT-SED0,31,15.780000000000001,0.0,30.0,80.0,0.005,0.1,0.15,0.0,mad_only
pOEzjT-SED0,32,16.13,0.0,30.0,80.0,0.005,0.1,0.15,0.0,mad_only
pOEzjT-SED0,33,16.865000000000002,0.0,30.0,80.0,0.005,0.1,0.15,0.0,mad_only
pOEzjT-SED0,34,17.6,0.0,30.0,80.0,0.005,0.1,0.15,0.0,mad_only
pOEzjT-SED0,35,18.35,0.0,30.0,80.0,0.005,0.1,0.15,0.0,mad_only
pOEzjT-SED0,36,19.065,0.0,30.0,80.0,0.005,0.1,0.15,0.0,mad_only
pOEzjT-SED0,37,19.43,0.0,30.0,80.0,0.005,0.1,0.15,0.0,mad_only
pOEzjT-SED0,38,19.795,0.0,30.0,80.0,0.005,0.1,0.15,0.0,mad_only
pOEzjT-SED0,39,20.54,0.0,30.0,80.0,0.005,0.1,0.15,0.0,mad_only
pOEzjT-SED0,40,21.275000000000002,0.0,30.0,80.0,0.005,0.1,0.15,0.0,mad_only
pOEzjT-SED0,41,22.0,0.0,30.0,80.0,0.005,0.1,0.15,0.0,mad_only
pOEzjT-SED0,42,22.755,0.0,30.0,80.0,0.005,0.1,0.15,0.0,mad_only
pOEzjT-SED0,43,23.135,0.0,30.0,80.0,0.005,0.1,0.15,0.0,mad_only
pOEzjT-SED0,44,23.5,0.0,30.0,80.0,0.005,0.1,0.15,0.0,mad_only
pOEzjT-SED0,45,23.89,0.0,30.0,80.0,0.005,0.1,0.15,0.0,mad_only
pOEzjT-SED0,46,24.235,0.0,30.0,80.0,0.005,0.1,0.15,0.0,mad_only
pOEzjT-SED0,47,24.63,0.0,30.0,80.0,0.005,0.1,0.15,0.0,mad_only
pOEzjT-SED0,48,24.96,0.0,30.0,80.0,0.005,0.1,0.15,0.0,mad_only
pOEzjT-SED0,49,25.685000000000002,0.0,30.0,80.0,0.005,0.1,0.15,0.0,mad_only
pOEzjT-SED0,50,26.435000000000002,0.0,30.0,80.0,0.005,0.1,0.15,0.0,mad_only
pOEzjT-SED0,51,27.16,0.0,30.0,80.0,0.005,0.1,0.15,0.0,mad_only
pOEzjT-SED0,52,27.87,0.0,30.0,80.0,0.005,0.1,0.15,0.0,mad_only
pOEzjT-SED0,53,28.61,0.0,30.0,80.0,0.005,0.1,0.15,0.0,mad_only
pOEzjT-SED0,54,29.0,0.0,30.0,80.0,0.005,0.1,0.15,0.0,mad_only
pOEzjT-SED0,55,29.36,0.0,30.0,80.0,0.005,0.1,0.15,0.0,mad_only
pOEzjT-SED0,56,29.740000000000002,0.0,30.0,80.0,0.005,0.1,0.15,0.0,mad_only
pPAAFMtDUzo,0,0.87,0.0,30.0,80.0,0.005,0.1,0.15,0.0,mad_only
pPAAFMtDUzo,1,1.435,0.0,30.0,80.0,0.005,0.1,0.15,0.0,mad_only
pPAAFMtDUzo,2,2.295,0.0,30.0,80.0,0.005,0.1,0.15,0.0,mad_only
pPAAFMtDUzo,3,3.125,0.0,30.0,80.0,0.005,0.1,0.15,0.0,mad_only
pPAAFMtDUzo,4,3.9250000000000003,0.0,30.0,80.0,0.005,0.1,0.15,0.0,mad_only
pPAAFMtDUzo,5,4.74,0.0,30.0,80.0,0.005,0.1,0.15,0.0,mad_only
pPAAFMtDUzo,6,5.54,0.0,30.0,80.0,0.005,0.1,0.15,0.0,mad_only
pPAAFMtDUzo,7,6.3500000000000005,0.0,30.0,80.0,0.005,0.1,0.15,0.0,mad_only
pPAAFMtDUzo,8,7.165,0.0,30.0,80.0,0.005,0.1,0.15,0.0,mad_only
pPAAFMtDUzo,9,7.99,0.0,30.0,80.0,0.005,0.1,0.15,0.0,mad_only
pPAAFMtDUzo,10,8.8,0.0,30.0,80.0,0.005,0.1,0.15,0.0,mad_only
pPAAFMtDUzo,11,9.605,0.0,30.0,80.0,0.005,0.1,0.15,0.0,mad_only
pPAAFMtDUzo,12,10.4,0.0,30.0,80.0,0.005,0.1,0.15,0.0,mad_only
pPAAFMtDUzo,13,11.215,0.0,30.0,80.0,0.005,0.1,0.15,0.0,mad_only
pPAAFMtDUzo,14,12.025,0.0,30.0,80.0,0.005,0.1,0.15,0.0,mad_only
pPAAFMtDUzo,15,12.84,0.0,30.0,80.0,0.005,0.1,0.15,0.0,mad_only
pPAAFMtDUzo,16,13.64,0.0,30.0,80.0,0.005,0.1,0.15,0.0,mad_only
pPAAFMtDUzo,17,14.46,0.0,30.0,80.0,0.005,0.1,0.15,0.0,mad_only
pPAAFMtDUzo,18,15.285,0.0,30.0,80.0,0.005,0.1,0.15,0.0,mad_only
pPAAFMtDUzo,19,16.09,0.0,30.0,80.0,0.005,0.1,0.15,0.0,mad_only
pPAAFMtDUzo,20,16.9,0.0,30.0,80.0,0.005,0.1,0.15,0.0,mad_only
pPAAFMtDUzo,21,17.72,0.0,30.0,80.0,0.005,0.1,0.15,0.0,mad_only
pPAAFMtDUzo,22,18.53,0.0,30.0,80.0,0.005,0.1,0.15,0.0,mad_only
pPAAFMtDUzo,23,19.345,0.0,30.0,80.0,0.005,0.1,0.15,0.0,mad_only
pPAAFMtDUzo,24,20.14,0.0,30.0,80.0,0.005,0.1,0.15,0.0,mad_only
pPAAFMtDUzo,25,20.95,0.0,30.0,80.0,0.005,0.1,0.15,0.0,mad_only
pPAAFMtDUzo,26,21.755,0.0,30.0,80.0,0.005,0.1,0.15,0.0,mad_only
pPAAFMtDUzo,27,22.635,0.0,30.0,80.0,0.005,0.1,0.15,0.0,mad_only
pPAAFMtDUzo,28,23.41,0.0,30.0,80.0,0.005,0.1,0.15,0.0,mad_only
pPAAFMtDUzo,29,24.21,0.0,30.0,80.0,0.005,0.1,0.15,0.0,mad_only
pPAAFMtDUzo,30,25.005,0.0,30.0,80.0,0.005,0.1,0.15,0.0,mad_only
pPAAFMtDUzo,31,25.795,0.0,30.0,80.0,0.005,0.1,0.15,0.0,mad_only
pPAAFMtDUzo,32,26.625,0.0,30.0,80.0,0.005,0.1,0.15,0.0,mad_only
pPAAFMtDUzo,33,27.46,0.0,30.0,80.0,0.005,0.1,0.15,0.0,mad_only
pPAAFMtDUzo,34,28.29,0.0,30.0,80.0,0.005,0.1,0.15,0.0,mad_only
pPAAFMtDUzo,35,29.11,0.0,30.0,80.0,0.005,0.1,0.15,0.0,mad_only
pPAAFMtDUzo,36,29.88,0.0,30.0,80.0,0.005,0.1,0.15,0.0,mad_only
pTK9FnAzgwI,0,0.76,0.0,30.0,80.0,0.005,0.1,0.15,0.0,mad_only
pTK9FnAzgwI,1,1.41,0.0,30.0,80.0,0.005,0.1,0.15,0.0,mad_only
pTK9FnAzgwI,2,1.805,0.0,30.0,80.0,0.005,0.1,0.15,0.0,mad_only
pTK9FnAzgwI,3,2.17,0.0,30.0,80.0,0.005,0.1,0.15,0.0,mad_only
pTK9FnAzgwI,4,3.1,0.0,30.0,80.0,0.005,0.1,0.15,0.0,mad_only
pTK9FnAzgwI,5,3.475,0.0,30.0,80.0,0.005,0.1,0.15,0.0,mad_only
pTK9FnAzgwI,6,4.15,0.0,30.0,80.0,0.005,0.1,0.15,0.0,mad_only
pTK9FnAzgwI,7,5.025,0.0,30.0,80.0,0.005,0.1,0.15,0.0,mad_only
pTK9FnAzgwI,8,5.92,0.0,30.0,80.0,0.005,0.1,0.15,0.0,mad_only
pTK9FnAzgwI,9,6.7700000000000005,0.0,30.0,80.0,0.005,0.1,0.15,0.0,mad_only
pTK9FnAzgwI,10,7.95,0.0,30.0,80.0,0.005,0.1,0.15,0.0,mad_only
pTK9FnAzgwI,11,8.85,0.0,30.0,80.0,0.005,0.1,0.15,0.0,mad_only
pTK9FnAzgwI,12,9.700000000000001,0.0,30.0,80.0,0.005,0.1,0.15,0.0,mad_only
pTK9FnAzgwI,13,10.605,0.0,30.0,80.0,0.005,0.1,0.15,0.0,mad_only
pTK9FnAzgwI,14,11.515,0.0,30.0,80.0,0.005,0.1,0.15,0.0,mad_only
pTK9FnAzgwI,15,12.34,0.0,30.0,80.0,0.005,0.1,0.15,0.0,mad_only
pTK9FnAzgwI,16,13.395,0.0,30.0,80.0,0.005,0.1,0.15,0.0,mad_only
pTK9FnAzgwI,17,14.225,0.0,30.0,80.0,0.005,0.1,0.15,0.0,mad_only
pTK9FnAzgwI,18,15.205,0.0,30.0,80.0,0.005,0.1,0.15,0.0,mad_only
pTK9FnAzgwI,19,15.99,0.0,30.0,80.0,0.005,0.1,0.15,0.0,mad_only
pTK9FnAzgwI,20,16.98,0.0,30.0,80.0,0.005,0.1,0.15,0.0,mad_only
pTK9FnAzgwI,21,17.87,0.0,30.0,80.0,0.005,0.1,0.15,0.0,mad_only
pTK9FnAzgwI,22,18.87,0.0,30.0,80.0,0.005,0.1,0.15,0.0,mad_only
pTK9FnAzgwI,23,19.825,0.0,30.0,80.0,0.005,0.1,0.15,0.0,mad_only
pTK9FnAzgwI,24,20.645,0.0,30.0,80.0,0.005,0.1,0.15,0.0,mad_only
pTK9FnAzgwI,25,21.51,0.0,30.0,80.0,0.005,0.1,0.15,0.0,mad_only
pTK9FnAzgwI,26,22.375,0.0,30.0,80.0,0.005,0.1,0.15,0.0,mad_only
pTK9FnAzgwI,27,23.285,0.0,30.0,80.0,0.005,0.1,0.15,0.0,mad_only
pTK9FnAzgwI,28,24.295,0.0,30.0,80.0,0.005,0.1,0.15,0.0,mad_only
pTK9FnAzgwI,29,25.14,0.0,30.0,80.0,0.005,0.1,0.15,0.0,mad_only
pTK9FnAzgwI,30,25.990000000000002,0.0,30.0,80.0,0.005,0.1,0.15,0.0,mad_only
pTK9FnAzgwI,31,26.895,0.0,30.0,80.0,0.005,0.1,0.15,0.0,mad_only
pTK9FnAzgwI,32,27.815,0.0,30.0,80.0,0.005,0.1,0.15,0.0,mad_only
pTK9FnAzgwI,33,28.68,0.0,30.0,80.0,0.005,0.1,0.15,0.0,mad_only
pTK9FnAzgwI,34,29.555,0.0,30.0,80.0,0.005,0.1,0.15,0.0,mad_only
q1tC8PSDJe4,0,0.89,0.0,30.0,80.0,0.005,0.1,0.15,0.0,mad_only
q1tC8PSDJe4,1,1.6300000000000001,0.0,30.0,80.0,0.005,0.1,0.15,0.0,mad_only
q1tC8PSDJe4,2,2.0100000000000002,0.0,30.0,80.0,0.005,0.1,0.15,0.0,mad_only
q1tC8PSDJe4,3,2.4250000000000003,0.0,30.0,80.0,0.005,0.1,0.15,0.0,mad_only
q1tC8PSDJe4,4,2.85,0.0,30.0,80.0,0.005,0.1,0.15,0.0,mad_only
q1tC8PSDJe4,5,3.2800000000000002,0.0,30.0,80.0,0.005,0.1,0.15,0.0,mad_only
q1tC8PSDJe4,6,3.705,0.0,30.0,80.0,0.005,0.1,0.15,0.0,mad_only
q1tC8PSDJe4,7,4.125,0.0,30.0,80.0,0.005,0.1,0.15,0.0,mad_only
q1tC8PSDJe4,8,4.535,0.0,30.0,80.0,0.005,0.1,0.15,0.0,mad_only
q1tC8PSDJe4,9,4.965,0.0,30.0,80.0,0.005,0.1,0.15,0.0,mad_only
q1tC8PSDJe4,10,5.385,0.0,30.0,80.0,0.005,0.1,0.15,0.0,mad_only
q1tC8PSDJe4,11,5.8100000000000005,0.0,30.0,80.0,0.005,0.1,0.15,0.0,mad_only
q1tC8PSDJe4,12,6.235,0.0,30.0,80.0,0.005,0.1,0.15,0.0,mad_only
q1tC8PSDJe4,13,6.665,0.0,30.0,80.0,0.005,0.1,0.15,0.0,mad_only
q1tC8PSDJe4,14,7.09,0.0,30.0,80.0,0.005,0.1,0.15,0.0,mad_only
q1tC8PSDJe4,15,7.525,0.0,30.0,80.0,0.005,0.1,0.15,0.0,mad_only
q1tC8PSDJe4,16,7.945,0.0,30.0,80.0,0.005,0.1,0.15,0.0,mad_only
q1tC8PSDJe4,17,8.365,0.0,30.0,80.0,0.005,0.1,0.15,0.0,mad_only
q1tC8PSDJe4,18,8.77,0.0,30.0,80.0,0.005,0.1,0.15,0.0,mad_only
q1tC8PSDJe4,19,9.19,0.0,30.0,80.0,0.005,0.1,0.15,0.0,mad_only
q1tC8PSDJe4,20,9.615,0.0,30.0,80.0,0.005,0.1,0.15,0.0,mad_only
q1tC8PSDJe4,21,10.045,0.0,30.0,80.0,0.005,0.1,0.15,0.0,mad_only
q1tC8PSDJe4,22,10.48,0.0,30.0,80.0,0.005,0.1,0.15,0.0,mad_only
q1tC8PSDJe4,23,10.89,0.0,30.0,80.0,0.005,0.1,0.15,0.0,mad_only
q1tC8PSDJe4,24,11.32,0.0,30.0,80.0,0.005,0.1,0.15,0.0,mad_only
q1tC8PSDJe4,25,11.77,0.0,30.0,80.0,0.005,0.1,0.15,0.0,mad_only
q1tC8PSDJe4,26,12.21,0.0,30.0,80.0,0.005,0.1,0.15,0.0,mad_only
q1tC8PSDJe4,27,12.64,0.0,30.0,80.0,0.005,0.1,0.15,0.0,mad_only
q1tC8PSDJe4,28,13.06,0.0,30.0,80.0,0.005,0.1,0.15,0.0,mad_only
q1tC8PSDJe4,29,13.485,0.0,30.0,80.0,0.005,0.1,0.15,0.0,mad_only
q1tC8PSDJe4,30,13.9,0.0,30.0,80.0,0.005,0.1,0.15,0.0,mad_only
q1tC8PSDJe4,31,14.33,0.0,30.0,80.0,0.005,0.1,0.15,0.0,mad_only
q1tC8PSDJe4,32,14.75,0.0,30.0,80.0,0.005,0.1,0.15,0.0,mad_only
q1tC8PSDJe4,33,15.17,0.0,30.0,80.0,0.005,0.1,0.15,0.0,mad_only
q1tC8PSDJe4,34,15.585,0.0,30.0,80.0,0.005,0.1,0.15,0.0,mad_only
q1tC8PSDJe4,35,16.02,0.0,30.0,80.0,0.005,0.1,0.15,0.0,mad_only
q1tC8PSDJe4,36,16.43,0.0,30.0,80.0,0.005,0.1,0.15,0.0,mad_only
q1tC8PSDJe4,37,16.85,0.0,30.0,80.0,0.005,0.1,0.15,0.0,mad_only
q1tC8PSDJe4,38,17.26,0.0,30.0,80.0,0.005,0.1,0.15,0.0,mad_only
q1tC8PSDJe4,39,17.69,0.0,30.0,80.0,0.005,0.1,0.15,0.0,mad_only
q1tC8PSDJe4,40,18.12,0.0,30.0,80.0,0.005,0.1,0.15,0.0,mad_only
q1tC8PSDJe4,41,18.55,0.0,30.0,80.0,0.005,0.1,0.15,0.0,mad_only
q1tC8PSDJe4,42,18.985,0.0,30.0,80.0,0.005,0.1,0.15,0.0,mad_only
q1tC8PSDJe4,43,19.415,0.0,30.0,80.0,0.005,0.1,0.15,0.0,mad_only
q1tC8PSDJe4,44,19.825,0.0,30.0,80.0,0.005,0.1,0.15,0.0,mad_only
q1tC8PSDJe4,45,20.25,0.0,30.0,80.0,0.005,0.1,0.15,0.0,mad_only
q1tC8PSDJe4,46,20.675,0.0,30.0,80.0,0.005,0.1,0.15,0.0,mad_only
q1tC8PSDJe4,47,21.09,0.0,30.0,80.0,0.005,0.1,0.15,0.0,mad_only
q1tC8PSDJe4,48,21.52,0.0,30.0,80.0,0.005,0.1,0.15,0.0,mad_only
q1tC8PSDJe4,49,21.95,0.0,30.0,80.0,0.005,0.1,0.15,0.0,mad_only
q1tC8PSDJe4,50,22.39,0.0,30.0,80.0,0.005,0.1,0.15,0.0,mad_only
q1tC8PSDJe4,51,22.805,0.0,30.0,80.0,0.005,0.1,0.15,0.0,mad_only
q1tC8PSDJe4,52,23.23,0.0,30.0,80.0,0.005,0.1,0.15,0.0,mad_only
q1tC8PSDJe4,53,23.66,0.0,30.0,80.0,0.005,0.1,0.15,0.0,mad_only
q1tC8PSDJe4,54,24.080000000000002,0.0,30.0,80.0,0.005,0.1,0.15,0.0,mad_only
q1tC8PSDJe4,55,24.505,0.0,30.0,80.0,0.005,0.1,0.15,0.0,mad_only
q1tC8PSDJe4,56,24.915,0.0,30.0,80.0,0.005,0.1,0.15,0.0,mad_only
q1tC8PSDJe4,57,25.35,0.0,30.0,80.0,0.005,0.1,0.15,0.0,mad_only
q1tC8PSDJe4,58,25.78,0.0,30.0,80.0,0.005,0.1,0.15,0.0,mad_only
q1tC8PSDJe4,59,26.21,0.0,30.0,80.0,0.005,0.1,0.15,0.0,mad_only
q1tC8PSDJe4,60,26.645,0.0,30.0,80.0,0.005,0.1,0.15,0.0,mad_only
q1tC8PSDJe4,61,27.080000000000002,0.0,30.0,80.0,0.005,0.1,0.15,0.0,mad_only
q1tC8PSDJe4,62,27.505,0.0,30.0,80.0,0.005,0.1,0.15,0.0,mad_only
q1tC8PSDJe4,63,27.915,0.0,30.0,80.0,0.005,0.1,0.15,0.0,mad_only
q1tC8PSDJe4,64,28.330000000000002,0.0,30.0,80.0,0.005,0.1,0.15,0.0,mad_only
q1tC8PSDJe4,65,28.76,0.0,30.0,80.0,0.005,0.1,0.15,0.0,mad_only
q1tC8PSDJe4,66,29.17,0.0,30.0,80.0,0.005,0.1,0.15,0.0,mad_only
q1tC8PSDJe4,67,29.59,0.0,30.0,80.0,0.005,0.1,0.15,0.0,mad_only
qhg8a5LUk-Y,0,1.3800000000000001,0.0,30.0,80.0,0.005,0.1,0.15,0.0,mad_only
qhg8a5LUk-Y,1,1.8,0.0,30.0,80.0,0.005,0.1,0.15,0.0,mad_only
qhg8a5LUk-Y,2,2.065,0.0,30.0,80.0,0.005,0.1,0.15,0.0,mad_only
qhg8a5LUk-Y,3,3.22,0.0,30.0,80.0,0.005,0.1,0.15,0.0,mad_only
qhg8a5LUk-Y,4,3.68,0.0,30.0,80.0,0.005,0.1,0.15,0.0,mad_only
qhg8a5LUk-Y,5,4.17,0.0,30.0,80.0,0.005,0.1,0.15,0.0,mad_only
qhg8a5LUk-Y,6,4.615,0.0,30.0,80.0,0.005,0.1,0.15,0.0,mad_only
qhg8a5LUk-Y,7,5.095,0.0,30.0,80.0,0.005,0.1,0.15,0.0,mad_only
qhg8a5LUk-Y,8,5.54,0.0,30.0,80.0,0.005,0.1,0.15,0.0,mad_only
qhg8a5LUk-Y,9,6.0200000000000005,0.0,30.0,80.0,0.005,0.1,0.15,0.0,mad_only
qhg8a5LUk-Y,10,6.485,0.0,30.0,80.0,0.005,0.1,0.15,0.0,mad_only
qhg8a5LUk-Y,11,6.9750000000000005,0.0,30.0,80.0,0.005,0.1,0.15,0.0,mad_only
qhg8a5LUk-Y,12,7.42,0.0,30.0,80.0,0.005,0.1,0.15,0.0,mad_only
qhg8a5LUk-Y,13,7.915,0.0,30.0,80.0,0.005,0.1,0.15,0.0,mad_only
qhg8a5LUk-Y,14,8.370000000000001,0.0,30.0,80.0,0.005,0.1,0.15,0.0,mad_only
qhg8a5LUk-Y,15,8.85,0.0,30.0,80.0,0.005,0.1,0.15,0.0,mad_only
qhg8a5LUk-Y,16,9.31,0.0,30.0,80.0,0.005,0.1,0.15,0.0,mad_only
qhg8a5LUk-Y,17,9.785,0.0,30.0,80.0,0.005,0.1,0.15,0.0,mad_only
qhg8a5LUk-Y,18,10.255,0.0,30.0,80.0,0.005,0.1,0.15,0.0,mad_only
qhg8a5LUk-Y,19,10.73,0.0,30.0,80.0,0.005,0.1,0.15,0.0,mad_only
qhg8a5LUk-Y,20,11.18,0.0,30.0,80.0,0.005,0.1,0.15,0.0,mad_only
qhg8a5LUk-Y,21,11.665000000000001,0.0,30.0,80.0,0.005,0.1,0.15,0.0,mad_only
qhg8a5LUk-Y,22,12.120000000000001,0.0,30.0,80.0,0.005,0.1,0.15,0.0,mad_only
qhg8a5LUk-Y,23,12.595,0.0,30.0,80.0,0.005,0.1,0.15,0.0,mad_only
qhg8a5LUk-Y,24,13.05,0.0,30.0,80.0,0.005,0.1,0.15,0.0,mad_only
qhg8a5LUk-Y,25,13.530000000000001,0.0,30.0,80.0,0.005,0.1,0.15,0.0,mad_only
qhg8a5LUk-Y,26,13.995000000000001,0.0,30.0,80.0,0.005,0.1,0.15,0.0,mad_only
qhg8a5LUk-Y,27,14.47,0.0,30.0,80.0,0.005,0.1,0.15,0.0,mad_only
qhg8a5LUk-Y,28,14.93,0.0,30.0,80.0,0.005,0.1,0.15,0.0,mad_only
qhg8a5LUk-Y,29,15.395,0.0,30.0,80.0,0.005,0.1,0.15,0.0,mad_only
qhg8a5LUk-Y,30,15.865,0.0,30.0,80.0,0.005,0.1,0.15,0.0,mad_only
qhg8a5LUk-Y,31,16.34,0.0,30.0,80.0,0.005,0.1,0.15,0.0,mad_only
qhg8a5LUk-Y,32,16.8,0.0,30.0,80.0,0.005,0.1,0.15,0.0,mad_only
qhg8a5LUk-Y,33,17.28,0.0,30.0,80.0,0.005,0.1,0.15,0.0,mad_only
qhg8a5LUk-Y,34,17.735,0.0,30.0,80.0,0.005,0.1,0.15,0.0,mad_only
qhg8a5LUk-Y,35,18.205000000000002,0.0,30.0,80.0,0.005,0.1,0.15,0.0,mad_only
qhg8a5LUk-Y,36,18.66,0.0,30.0,80.0,0.005,0.1,0.15,0.0,mad_only
qhg8a5LUk-Y,37,19.150000000000002,0.0,30.0,80.0,0.005,0.1,0.15,0.0,mad_only
qhg8a5LUk-Y,38,19.61,0.0,30.0,80.0,0.005,0.1,0.15,0.0,mad_only
qhg8a5LUk-Y,39,20.09,0.0,30.0,80.0,0.005,0.1,0.15,0.0,mad_only
qhg8a5LUk-Y,40,20.545,0.0,30.0,80.0,0.005,0.1,0.15,0.0,mad_only
qhg8a5LUk-Y,41,21.04,0.0,30.0,80.0,0.005,0.1,0.15,0.0,mad_only
qhg8a5LUk-Y,42,21.505,0.0,30.0,80.0,0.005,0.1,0.15,0.0,mad_only
qhg8a5LUk-Y,43,21.97,0.0,30.0,80.0,0.005,0.1,0.15,0.0,mad_only
qhg8a5LUk-Y,44,22.44,0.0,30.0,80.0,0.005,0.1,0.15,0.0,mad_only
qhg8a5LUk-Y,45,22.915,0.0,30.0,80.0,0.005,0.1,0.15,0.0,mad_only
qhg8a5LUk-Y,46,23.365000000000002,0.0,30.0,80.0,0.005,0.1,0.15,0.0,mad_only
qhg8a5LUk-Y,47,23.85,0.0,30.0,80.0,0.005,0.1,0.15,0.0,mad_only
qhg8a5LUk-Y,48,24.310000000000002,0.0,30.0,80.0,0.005,0.1,0.15,0.0,mad_only
qhg8a5LUk-Y,49,24.795,0.0,30.0,80.0,0.005,0.1,0.15,0.0,mad_only
qhg8a5LUk-Y,50,25.245,0.0,30.0,80.0,0.005,0.1,0.15,0.0,mad_only
qhg8a5LUk-Y,51,25.725,0.0,30.0,80.0,0.005,0.1,0.15,0.0,mad_only
qhg8a5LUk-Y,52,26.185000000000002,0.0,30.0,80.0,0.005,0.1,0.15,0.0,mad_only
qhg8a5LUk-Y,53,26.655,0.0,30.0,80.0,0.005,0.1,0.15,0.0,mad_only
qhg8a5LUk-Y,54,27.095,0.0,30.0,80.0,0.005,0.1,0.15,0.0,mad_only
qhg8a5LUk-Y,55,27.575,0.0,30.0,80.0,0.005,0.1,0.15,0.0,mad_only
qhg8a5LUk-Y,56,28.060000000000002,0.0,30.0,80.0,0.005,0.1,0.15,0.0,mad_only
qhg8a5LUk-Y,57,28.535,0.0,30.0,80.0,0.005,0.1,0.15,0.0,mad_only
qhg8a5LUk-Y,58,29.005,0.0,30.0,80.0,0.005,0.1,0.15,0.0,mad_only
qhg8a5LUk-Y,59,29.47,0.0,30.0,80.0,0.005,0.1,0.15,0.0,mad_only
qhg8a5LUk-Y,60,29.91,0.0,30.0,80.0,0.005,0.1,0.15,0.0,mad_only
qtDcpyukzIw,0,0.675,0.0,30.0,80.0,0.005,0.1,0.15,0.0,mad_only
qtDcpyukzIw,1,1.2550000000000001,0.0,30.0,80.0,0.005,0.1,0.15,0.0,mad_only
qtDcpyukzIw,2,1.855,0.0,30.0,80.0,0.005,0.1,0.15,0.0,mad_only
qtDcpyukzIw,3,2.445,0.0,30.0,80.0,0.005,0.1,0.15,0.0,mad_only
qtDcpyukzIw,4,3.0300000000000002,0.0,30.0,80.0,0.005,0.1,0.15,0.0,mad_only
qtDcpyukzIw,5,3.645,0.0,30.0,80.0,0.005,0.1,0.15,0.0,mad_only
qtDcpyukzIw,6,4.245,0.0,30.0,80.0,0.005,0.1,0.15,0.0,mad_only
qtDcpyukzIw,7,4.84,0.0,30.0,80.0,0.005,0.1,0.15,0.0,mad_only
qtDcpyukzIw,8,5.45,0.0,30.0,80.0,0.005,0.1,0.15,0.0,mad_only
qtDcpyukzIw,9,6.0600000000000005,0.0,30.0,80.0,0.005,0.1,0.15,0.0,mad_only
qtDcpyukzIw,10,6.67,0.0,30.0,80.0,0.005,0.1,0.15,0.0,mad_only
qtDcpyukzIw,11,7.2700000000000005,0.0,30.0,80.0,0.005,0.1,0.15,0.0,mad_only
qtDcpyukzIw,12,7.88,0.0,30.0,80.0,0.005,0.1,0.15,0.0,mad_only
qtDcpyukzIw,13,8.48,0.0,30.0,80.0,0.005,0.1,0.15,0.0,mad_only
qtDcpyukzIw,14,9.08,0.0,30.0,80.0,0.005,0.1,0.15,0.0,mad_only
qtDcpyukzIw,15,9.69,0.0,30.0,80.0,0.005,0.1,0.15,0.0,mad_only
qtDcpyukzIw,16,10.290000000000001,0.0,30.0,80.0,0.005,0.1,0.15,0.0,mad_only
qtDcpyukzIw,17,10.895,0.0,30.0,80.0,0.005,0.1,0.15,0.0,mad_only
qtDcpyukzIw,18,11.495000000000001,0.0,30.0,80.0,0.005,0.1,0.15,0.0,mad_only
qtDcpyukzIw,19,12.1,0.0,30.0,80.0,0.005,0.1,0.15,0.0,mad_only
qtDcpyukzIw,20,12.705,0.0,30.0,80.0,0.005,0.1,0.15,0.0,mad_only
qtDcpyukzIw,21,13.325000000000001,0.0,30.0,80.0,0.005,0.1,0.15,0.0,mad_only
qtDcpyukzIw,22,13.93,0.0,30.0,80.0,0.005,0.1,0.15,0.0,mad_only
qtDcpyukzIw,23,14.525,0.0,30.0,80.0,0.005,0.1,0.15,0.0,mad_only
qtDcpyukzIw,24,15.125,0.0,30.0,80.0,0.005,0.1,0.15,0.0,mad_only
qtDcpyukzIw,25,15.725,0.0,30.0,80.0,0.005,0.1,0.15,0.0,mad_only
qtDcpyukzIw,26,16.34,0.0,30.0,80.0,0.005,0.1,0.15,0.0,mad_only
qtDcpyukzIw,27,16.96,0.0,30.0,80.0,0.005,0.1,0.15,0.0,mad_only
qtDcpyukzIw,28,17.555,0.0,30.0,80.0,0.005,0.1,0.15,0.0,mad_only
qtDcpyukzIw,29,18.16,0.0,30.0,80.0,0.005,0.1,0.15,0.0,mad_only
qtDcpyukzIw,30,18.765,0.0,30.0,80.0,0.005,0.1,0.15,0.0,mad_only
qtDcpyukzIw,31,19.38,0.0,30.0,80.0,0.005,0.1,0.15,0.0,mad_only
qtDcpyukzIw,32,19.97,0.0,30.0,80.0,0.005,0.1,0.15,0.0,mad_only
qtDcpyukzIw,33,20.555,0.0,30.0,80.0,0.005,0.1,0.15,0.0,mad_only
qtDcpyukzIw,34,21.16,0.0,30.0,80.0,0.005,0.1,0.15,0.0,mad_only
qtDcpyukzIw,35,21.765,0.0,30.0,80.0,0.005,0.1,0.15,0.0,mad_only
qtDcpyukzIw,36,22.36,0.0,30.0,80.0,0.005,0.1,0.15,0.0,mad_only
qtDcpyukzIw,37,22.97,0.0,30.0,80.0,0.005,0.1,0.15,0.0,mad_only
qtDcpyukzIw,38,23.585,0.0,30.0,80.0,0.005,0.1,0.15,0.0,mad_only
qtDcpyukzIw,39,24.195,0.0,30.0,80.0,0.005,0.1,0.15,0.0,mad_only
qtDcpyukzIw,40,24.810000000000002,0.0,30.0,80.0,0.005,0.1,0.15,0.0,mad_only
qtDcpyukzIw,41,25.425,0.0,30.0,80.0,0.005,0.1,0.15,0.0,mad_only
qtDcpyukzIw,42,26.035,0.0,30.0,80.0,0.005,0.1,0.15,0.0,mad_only
qtDcpyukzIw,43,26.625,0.0,30.0,80.0,0.005,0.1,0.15,0.0,mad_only
qtDcpyukzIw,44,27.205000000000002,0.0,30.0,80.0,0.005,0.1,0.15,0.0,mad_only
qtDcpyukzIw,45,27.815,0.0,30.0,80.0,0.005,0.1,0.15,0.0,mad_only
qtDcpyukzIw,46,28.42,0.0,30.0,80.0,0.005,0.1,0.15,0.0,mad_only
qtDcpyukzIw,47,29.035,0.0,30.0,80.0,0.005,0.1,0.15,0.0,mad_only
qtDcpyukzIw,48,29.645,0.0,30.0,80.0,0.005,0.1,0.15,0.0,mad_only
rPOn6B6zcGU,0,0.59,0.0,30.0,80.0,0.005,0.1,0.15,0.0,mad_only
rPOn6B6zcGU,1,1.0,0.0,30.0,80.0,0.005,0.1,0.15,0.0,mad_only
rPOn6B6zcGU,2,1.87,0.0,30.0,80.0,0.005,0.1,0.15,0.0,mad_only
rPOn6B6zcGU,3,2.855,0.0,30.0,80.0,0.005,0.1,0.15,0.0,mad_only
rPOn6B6zcGU,4,3.1750000000000003,0.0,30.0,80.0,0.005,0.1,0.15,0.0,mad_only
rPOn6B6zcGU,5,4.13,0.0,30.0,80.0,0.005,0.1,0.15,0.0,mad_only
rPOn6B6zcGU,6,4.64,0.0,30.0,80.0,0.005,0.1,0.15,0.0,mad_only
rPOn6B6zcGU,7,5.54,0.0,30.0,80.0,0.005,0.1,0.15,0.0,mad_only
rPOn6B6zcGU,8,6.01,0.0,30.0,80.0,0.005,0.1,0.15,0.0,mad_only
rPOn6B6zcGU,9,6.69,0.0,30.0,80.0,0.005,0.1,0.15,0.0,mad_only
rPOn6B6zcGU,10,7.45,0.0,30.0,80.0,0.005,0.1,0.15,0.0,mad_only
rPOn6B6zcGU,11,8.2,0.0,30.0,80.0,0.005,0.1,0.15,0.0,mad_only
rPOn6B6zcGU,12,8.975,0.0,30.0,80.0,0.005,0.1,0.15,0.0,mad_only
rPOn6B6zcGU,13,9.52,0.0,30.0,80.0,0.005,0.1,0.15,0.0,mad_only
rPOn6B6zcGU,14,9.845,0.0,30.0,80.0,0.005,0.1,0.15,0.0,mad_only
rPOn6B6zcGU,15,10.8,0.0,30.0,80.0,0.005,0.1,0.15,0.0,mad_only
rPOn6B6zcGU,16,11.34,0.0,30.0,80.0,0.005,0.1,0.15,0.0,mad_only
rPOn6B6zcGU,17,12.33,0.0,30.0,80.0,0.005,0.1,0.15,0.0,mad_only
rPOn6B6zcGU,18,13.33,0.0,30.0,80.0,0.005,0.1,0.15,0.0,mad_only
rPOn6B6zcGU,19,14.055,0.0,30.0,80.0,0.005,0.1,0.15,0.0,mad_only
rPOn6B6zcGU,20,14.72,0.0,30.0,80.0,0.005,0.1,0.15,0.0,mad_only
rPOn6B6zcGU,21,15.465,0.0,30.0,80.0,0.005,0.1,0.15,0.0,mad_only
rPOn6B6zcGU,22,16.03,0.0,30.0,80.0,0.005,0.1,0.15,0.0,mad_only
rPOn6B6zcGU,23,16.795,0.0,30.0,80.0,0.005,0.1,0.15,0.0,mad_only
rPOn6B6zcGU,24,17.580000000000002,0.0,30.0,80.0,0.005,0.1,0.15,0.0,mad_only
rPOn6B6zcGU,25,18.2,0.0,30.0,80.0,0.005,0.1,0.15,0.0,mad_only
rPOn6B6zcGU,26,18.96,0.0,30.0,80.0,0.005,0.1,0.15,0.0,mad_only
rPOn6B6zcGU,27,19.32,0.0,30.0,80.0,0.005,0.1,0.15,0.0,mad_only
rPOn6B6zcGU,28,19.665,0.0,30.0,80.0,0.005,0.1,0.15,0.0,mad_only
rPOn6B6zcGU,29,20.395,0.0,30.0,80.0,0.005,0.1,0.15,0.0,mad_only
rPOn6B6zcGU,30,21.145,0.0,30.0,80.0,0.005,0.1,0.15,0.0,mad_only
rPOn6B6zcGU,31,21.51,0.0,30.0,80.0,0.005,0.1,0.15,0.0,mad_only
rPOn6B6zcGU,32,22.2,0.0,30.0,80.0,0.005,0.1,0.15,0.0,mad_only
rPOn6B6zcGU,33,22.52,0.0,30.0,80.0,0.005,0.1,0.15,0.0,mad_only
rPOn6B6zcGU,34,23.265,0.0,30.0,80.0,0.005,0.1,0.15,0.0,mad_only
rPOn6B6zcGU,35,24.55,0.0,30.0,80.0,0.005,0.1,0.15,0.0,mad_only
rPOn6B6zcGU,36,25.345,0.0,30.0,80.0,0.005,0.1,0.15,0.0,mad_only
rPOn6B6zcGU,37,26.485,0.0,30.0,80.0,0.005,0.1,0.15,0.0,mad_only
rPOn6B6zcGU,38,26.915,0.0,30.0,80.0,0.005,0.1,0.15,0.0,mad_only
rPOn6B6zcGU,39,27.615000000000002,0.0,30.0,80.0,0.005,0.1,0.15,0.0,mad_only
rPOn6B6zcGU,40,28.14,0.0,30.0,80.0,0.005,0.1,0.15,0.0,mad_only
rPOn6B6zcGU,41,29.1,0.0,30.0,80.0,0.005,0.1,0.15,0.0,mad_only
rPOn6B6zcGU,42,29.625,0.0,30.0,80.0,0.005,0.1,0.15,0.0,mad_only
rgQacXMj7EQ,0,0.6950000000000001,0.0,30.0,80.0,0.005,0.1,0.15,0.0,mad_only
rgQacXMj7EQ,1,1.19,0.0,30.0,80.0,0.005,0.1,0.15,0.0,mad_only
rgQacXMj7EQ,2,1.675,0.0,30.0,80.0,0.005,0.1,0.15,0.0,mad_only
rgQacXMj7EQ,3,2.14,0.0,30.0,80.0,0.005,0.1,0.15,0.0,mad_only
rgQacXMj7EQ,4,2.6350000000000002,0.0,30.0,80.0,0.005,0.1,0.15,0.0,mad_only
rgQacXMj7EQ,5,3.1,0.0,30.0,80.0,0.005,0.1,0.15,0.0,mad_only
rgQacXMj7EQ,6,3.58,0.0,30.0,80.0,0.005,0.1,0.15,0.0,mad_only
rgQacXMj7EQ,7,4.045,0.0,30.0,80.0,0.005,0.1,0.15,0.0,mad_only
rgQacXMj7EQ,8,4.5600000000000005,0.0,30.0,80.0,0.005,0.1,0.15,0.0,mad_only
rgQacXMj7EQ,9,5.045,0.0,30.0,80.0,0.005,0.1,0.15,0.0,mad_only
rgQacXMj7EQ,10,5.535,0.0,30.0,80.0,0.005,0.1,0.15,0.0,mad_only
rgQacXMj7EQ,11,6.005,0.0,30.0,80.0,0.005,0.1,0.15,0.0,mad_only
rgQacXMj7EQ,12,6.46,0.0,30.0,80.0,0.005,0.1,0.15,0.0,mad_only
rgQacXMj7EQ,13,6.95,0.0,30.0,80.0,0.005,0.1,0.15,0.0,mad_only
rgQacXMj7EQ,14,7.42,0.0,30.0,80.0,0.005,0.1,0.15,0.0,mad_only
rgQacXMj7EQ,15,7.8950000000000005,0.0,30.0,80.0,0.005,0.1,0.15,0.0,mad_only
rgQacXMj7EQ,16,8.385,0.0,30.0,80.0,0.005,0.1,0.15,0.0,mad_only
rgQacXMj7EQ,17,8.885,0.0,30.0,80.0,0.005,0.1,0.15,0.0,mad_only
rgQacXMj7EQ,18,9.370000000000001,0.0,30.0,80.0,0.005,0.1,0.15,0.0,mad_only
rgQacXMj7EQ,19,9.865,0.0,30.0,80.0,0.005,0.1,0.15,0.0,mad_only
rgQacXMj7EQ,20,10.335,0.0,30.0,80.0,0.005,0.1,0.15,0.0,mad_only
rgQacXMj7EQ,21,10.81,0.0,30.0,80.0,0.005,0.1,0.15,0.0,mad_only
rgQacXMj7EQ,22,11.285,0.0,30.0,80.0,0.005,0.1,0.15,0.0,mad_only
rgQacXMj7EQ,23,11.775,0.0,30.0,80.0,0.005,0.1,0.15,0.0,mad_only
rgQacXMj7EQ,24,12.245000000000001,0.0,30.0,80.0,0.005,0.1,0.15,0.0,mad_only
rgQacXMj7EQ,25,12.745000000000001,0.0,30.0,80.0,0.005,0.1,0.15,0.0,mad_only
rgQacXMj7EQ,26,13.22,0.0,30.0,80.0,0.005,0.1,0.15,0.0,mad_only
rgQacXMj7EQ,27,13.700000000000001,0.0,30.0,80.0,0.005,0.1,0.15,0.0,mad_only
rgQacXMj7EQ,28,14.175,0.0,30.0,80.0,0.005,0.1,0.15,0.0,mad_only
rgQacXMj7EQ,29,14.665000000000001,0.0,30.0,80.0,0.005,0.1,0.15,0.0,mad_only
rgQacXMj7EQ,30,15.15,0.0,30.0,80.0,0.005,0.1,0.15,0.0,mad_only
rgQacXMj7EQ,31,15.655000000000001,0.0,30.0,80.0,0.005,0.1,0.15,0.0,mad_only
rgQacXMj7EQ,32,16.14,0.0,30.0,80.0,0.005,0.1,0.15,0.0,mad_only
rgQacXMj7EQ,33,16.615000000000002,0.0,30.0,80.0,0.005,0.1,0.15,0.0,mad_only
rgQacXMj7EQ,34,17.095,0.0,30.0,80.0,0.005,0.1,0.15,0.0,mad_only
rgQacXMj7EQ,35,17.575,0.0,30.0,80.0,0.005,0.1,0.15,0.0,mad_only
rgQacXMj7EQ,36,18.05,0.0,30.0,80.0,0.005,0.1,0.15,0.0,mad_only
rgQacXMj7EQ,37,18.545,0.0,30.0,80.0,0.005,0.1,0.15,0.0,mad_only
rgQacXMj7EQ,38,19.045,0.0,30.0,80.0,0.005,0.1,0.15,0.0,mad_only
rgQacXMj7EQ,39,19.515,0.0,30.0,80.0,0.005,0.1,0.15,0.0,mad_only
rgQacXMj7EQ,40,20.0,0.0,30.0,80.0,0.005,0.1,0.15,0.0,mad_only
rgQacXMj7EQ,41,20.48,0.0,30.0,80.0,0.005,0.1,0.15,0.0,mad_only
rgQacXMj7EQ,42,20.975,0.0,30.0,80.0,0.005,0.1,0.15,0.0,mad_only
rgQacXMj7EQ,43,21.445,0.0,30.0,80.0,0.005,0.1,0.15,0.0,mad_only
rgQacXMj7EQ,44,21.935,0.0,30.0,80.0,0.005,0.1,0.15,0.0,mad_only
rgQacXMj7EQ,45,22.425,0.0,30.0,80.0,0.005,0.1,0.15,0.0,mad_only
rgQacXMj7EQ,46,22.92,0.0,30.0,80.0,0.005,0.1,0.15,0.0,mad_only
rgQacXMj7EQ,47,23.39,0.0,30.0,80.0,0.005,0.1,0.15,0.0,mad_only
rgQacXMj7EQ,48,23.865000000000002,0.0,30.0,80.0,0.005,0.1,0.15,0.0,mad_only
rgQacXMj7EQ,49,24.35,0.0,30.0,80.0,0.005,0.1,0.15,0.0,mad_only
rgQacXMj7EQ,50,24.82,0.0,30.0,80.0,0.005,0.1,0.15,0.0,mad_only
rgQacXMj7EQ,51,25.310000000000002,0.0,30.0,80.0,0.005,0.1,0.15,0.0,mad_only
rgQacXMj7EQ,52,25.78,0.0,30.0,80.0,0.005,0.1,0.15,0.0,mad_only
rgQacXMj7EQ,53,26.265,0.0,30.0,80.0,0.005,0.1,0.15,0.0,mad_only
rgQacXMj7EQ,54,26.76,0.0,30.0,80.0,0.005,0.1,0.15,0.0,mad_only
rgQacXMj7EQ,55,27.245,0.0,30.0,80.0,0.005,0.1,0.15,0.0,mad_only
rgQacXMj7EQ,56,27.740000000000002,0.0,30.0,80.0,0.005,0.1,0.15,0.0,mad_only
rgQacXMj7EQ,57,28.22,0.0,30.0,80.0,0.005,0.1,0.15,0.0,mad_only
rgQacXMj7EQ,58,28.715,0.0,30.0,80.0,0.005,0.1,0.15,0.0,mad_only
rgQacXMj7EQ,59,29.19,0.0,30.0,80.0,0.005,0.1,0.15,0.0,mad_only
rgQacXMj7EQ,60,29.675,0.0,30.0,80.0,0.005,0.1,0.15,0.0,mad_only
s7VmlXsURZQ,0,1.5150000000000001,0.0,30.0,80.0,0.005,0.1,0.15,0.0,mad_only
s7VmlXsURZQ,1,1.97,0.0,30.0,80.0,0.005,0.1,0.15,0.0,mad_only
s7VmlXsURZQ,2,2.435,0.0,30.0,80.0,0.005,0.1,0.15,0.0,mad_only
s7VmlXsURZQ,3,2.92,0.0,30.0,80.0,0.005,0.1,0.15,0.0,mad_only
s7VmlXsURZQ,4,3.38,0.0,30.0,80.0,0.005,0.1,0.15,0.0,mad_only
s7VmlXsURZQ,5,3.875,0.0,30.0,80.0,0.005,0.1,0.15,0.0,mad_only
s7VmlXsURZQ,6,4.3500000000000005,0.0,30.0,80.0,0.005,0.1,0.15,0.0,mad_only
s7VmlXsURZQ,7,4.815,0.0,30.0,80.0,0.005,0.1,0.15,0.0,mad_only
s7VmlXsURZQ,8,5.295,0.0,30.0,80.0,0.005,0.1,0.15,0.0,mad_only
s7VmlXsURZQ,9,5.775,0.0,30.0,80.0,0.005,0.1,0.15,0.0,mad_only
s7VmlXsURZQ,10,6.25,0.0,30.0,80.0,0.005,0.1,0.15,0.0,mad_only
s7VmlXsURZQ,11,6.715,0.0,30.0,80.0,0.005,0.1,0.15,0.0,mad_only
s7VmlXsURZQ,12,7.1850000000000005,0.0,30.0,80.0,0.005,0.1,0.15,0.0,mad_only
s7VmlXsURZQ,13,7.665,0.0,30.0,80.0,0.005,0.1,0.15,0.0,mad_only
s7VmlXsURZQ,14,8.15,0.0,30.0,80.0,0.005,0.1,0.15,0.0,mad_only
s7VmlXsURZQ,15,8.625,0.0,30.0,80.0,0.005,0.1,0.15,0.0,mad_only
s7VmlXsURZQ,16,9.095,0.0,30.0,80.0,0.005,0.1,0.15,0.0,mad_only
s7VmlXsURZQ,17,9.575000000000001,0.0,30.0,80.0,0.005,0.1,0.15,0.0,mad_only
s7VmlXsURZQ,18,10.06,0.0,30.0,80.0,0.005,0.1,0.15,0.0,mad_only
s7VmlXsURZQ,19,10.53,0.0,30.0,80.0,0.005,0.1,0.15,0.0,mad_only
s7VmlXsURZQ,20,11.0,0.0,30.0,80.0,0.005,0.1,0.15,0.0,mad_only
s7VmlXsURZQ,21,11.48,0.0,30.0,80.0,0.005,0.1,0.15,0.0,mad_only
s7VmlXsURZQ,22,11.96,0.0,30.0,80.0,0.005,0.1,0.15,0.0,mad_only
s7VmlXsURZQ,23,12.425,0.0,30.0,80.0,0.005,0.1,0.15,0.0,mad_only
s7VmlXsURZQ,24,12.905000000000001,0.0,30.0,80.0,0.005,0.1,0.15,0.0,mad_only
s7VmlXsURZQ,25,13.385,0.0,30.0,80.0,0.005,0.1,0.15,0.0,mad_only
s7VmlXsURZQ,26,13.870000000000001,0.0,30.0,80.0,0.005,0.1,0.15,0.0,mad_only
s7VmlXsURZQ,27,14.34,0.0,30.0,80.0,0.005,0.1,0.15,0.0,mad_only
s7VmlXsURZQ,28,14.815,0.0,30.0,80.0,0.005,0.1,0.15,0.0,mad_only
s7VmlXsURZQ,29,15.290000000000001,0.0,30.0,80.0,0.005,0.1,0.15,0.0,mad_only
s7VmlXsURZQ,30,15.765,0.0,30.0,80.0,0.005,0.1,0.15,0.0,mad_only
s7VmlXsURZQ,31,16.240000000000002,0.0,30.0,80.0,0.005,0.1,0.15,0.0,mad_only
s7VmlXsURZQ,32,16.72,0.0,30.0,80.0,0.005,0.1,0.15,0.0,mad_only
s7VmlXsURZQ,33,17.205000000000002,0.0,30.0,80.0,0.005,0.1,0.15,0.0,mad_only
s7VmlXsURZQ,34,17.685,0.0,30.0,80.0,0.005,0.1,0.15,0.0,mad_only
s7VmlXsURZQ,35,18.150000000000002,0.0,30.0,80.0,0.005,0.1,0.15,0.0,mad_only
s7VmlXsURZQ,36,18.62,0.0,30.0,80.0,0.005,0.1,0.15,0.0,mad_only
s7VmlXsURZQ,37,19.1,0.0,30.0,80.0,0.005,0.1,0.15,0.0,mad_only
s7VmlXsURZQ,38,19.580000000000002,0.0,30.0,80.0,0.005,0.1,0.15,0.0,mad_only
s7VmlXsURZQ,39,20.05,0.0,30.0,80.0,0.005,0.1,0.15,0.0,mad_only
s7VmlXsURZQ,40,20.53,0.0,30.0,80.0,0.005,0.1,0.15,0.0,mad_only
s7VmlXsURZQ,41,21.005,0.0,30.0,80.0,0.005,0.1,0.15,0.0,mad_only
s7VmlXsURZQ,42,21.485,0.0,30.0,80.0,0.005,0.1,0.15,0.0,mad_only
s7VmlXsURZQ,43,21.96,0.0,30.0,80.0,0.005,0.1,0.15,0.0,mad_only
s7VmlXsURZQ,44,22.435,0.0,30.0,80.0,0.005,0.1,0.15,0.0,mad_only
s7VmlXsURZQ,45,22.915,0.0,30.0,80.0,0.005,0.1,0.15,0.0,mad_only
s7VmlXsURZQ,46,23.395,0.0,30.0,80.0,0.005,0.1,0.15,0.0,mad_only
s7VmlXsURZQ,47,23.855,0.0,30.0,80.0,0.005,0.1,0.15,0.0,mad_only
s7VmlXsURZQ,48,24.325,0.0,30.0,80.0,0.005,0.1,0.15,0.0,mad_only
s7VmlXsURZQ,49,24.82,0.0,30.0,80.0,0.005,0.1,0.15,0.0,mad_only
s7VmlXsURZQ,50,25.295,0.0,30.0,80.0,0.005,0.1,0.15,0.0,mad_only
s7VmlXsURZQ,51,25.765,0.0,30.0,80.0,0.005,0.1,0.15,0.0,mad_only
s7VmlXsURZQ,52,26.23,0.0,30.0,80.0,0.005,0.1,0.15,0.0,mad_only
s7VmlXsURZQ,53,26.72,0.0,30.0,80.0,0.005,0.1,0.15,0.0,mad_only
s7VmlXsURZQ,54,27.2,0.0,30.0,80.0,0.005,0.1,0.15,0.0,mad_only
s7VmlXsURZQ,55,27.67,0.0,30.0,80.0,0.005,0.1,0.15,0.0,mad_only
s7VmlXsURZQ,56,28.135,0.0,30.0,80.0,0.005,0.1,0.15,0.0,mad_only
s7VmlXsURZQ,57,28.625,0.0,30.0,80.0,0.005,0.1,0.15,0.0,mad_only
s7VmlXsURZQ,58,29.11,0.0,30.0,80.0,0.005,0.1,0.15,0.0,mad_only
s7VmlXsURZQ,59,29.565,0.0,30.0,80.0,0.005,0.1,0.15,0.0,mad_only
sS8jpNdABgw,0,0.9400000000000001,0.0,30.0,80.0,0.005,0.1,0.15,0.0,mad_only
sS8jpNdABgw,1,1.75,0.0,30.0,80.0,0.005,0.1,0.15,0.0,mad_only
sS8jpNdABgw,2,2.5300000000000002,0.0,30.0,80.0,0.005,0.1,0.15,0.0,mad_only
sS8jpNdABgw,3,2.96,0.0,30.0,80.0,0.005,0.1,0.15,0.0,mad_only
sS8jpNdABgw,4,3.355,0.0,30.0,80.0,0.005,0.1,0.15,0.0,mad_only
sS8jpNdABgw,5,4.1450000000000005,0.0,30.0,80.0,0.005,0.1,0.15,0.0,mad_only
sS8jpNdABgw,6,4.55,0.0,30.0,80.0,0.005,0.1,0.15,0.0,mad_only
sS8jpNdABgw,7,4.965,0.0,30.0,80.0,0.005,0.1,0.15,0.0,mad_only
sS8jpNdABgw,8,5.375,0.0,30.0,80.0,0.005,0.1,0.15,0.0,mad_only
sS8jpNdABgw,9,5.78,0.0,30.0,80.0,0.005,0.1,0.15,0.0,mad_only
sS8jpNdABgw,10,6.19,0.0,30.0,80.0,0.005,0.1,0.15,0.0,mad_only
sS8jpNdABgw,11,6.585,0.0,30.0,80.0,0.005,0.1,0.15,0.0,mad_only
sS8jpNdABgw,12,7.390000000000001,0.0,30.0,80.0,0.005,0.1,0.15,0.0,mad_only
sS8jpNdABgw,13,8.18,0.0,30.0,80.0,0.005,0.1,0.15,0.0,mad_only
sS8jpNdABgw,14,8.985,0.0,30.0,80.0,0.005,0.1,0.15,0.0,mad_only
sS8jpNdABgw,15,9.4,0.0,30.0,80.0,0.005,0.1,0.15,0.0,mad_only
sS8jpNdABgw,16,9.81,0.0,30.0,80.0,0.005,0.1,0.15,0.0,mad_only
sS8jpNdABgw,17,10.615,0.0,30.0,80.0,0.005,0.1,0.15,0.0,mad_only
sS8jpNdABgw,18,11.42,0.0,30.0,80.0,0.005,0.1,0.15,0.0,mad_only
sS8jpNdABgw,19,12.23,0.0,30.0,80.0,0.005,0.1,0.15,0.0,mad_only
sS8jpNdABgw,20,13.05,0.0,30.0,80.0,0.005,0.1,0.15,0.0,mad_only
sS8jpNdABgw,21,13.455,0.0,30.0,80.0,0.005,0.1,0.15,0.0,mad_only
sS8jpNdABgw,22,13.870000000000001,0.0,30.0,80.0,0.005,0.1,0.15,0.0,mad_only
sS8jpNdABgw,23,14.275,0.0,30.0,80.0,0.005,0.1,0.15,0.0,mad_only
sS8jpNdABgw,24,14.675,0.0,30.0,80.0,0.005,0.1,0.15,0.0,mad_only
sS8jpNdABgw,25,15.085,0.0,30.0,80.0,0.005,0.1,0.15,0.0,mad_only
sS8jpNdABgw,26,15.49,0.0,30.0,80.0,0.005,0.1,0.15,0.0,mad_only
sS8jpNdABgw,27,16.3,0.0,30.0,80.0,0.005,0.1,0.15,0.0,mad_only
sS8jpNdABgw,28,17.11,0.0,30.0,80.0,0.005,0.1,0.15,0.0,mad_only
sS8jpNdABgw,29,17.91,0.0,30.0,80.0,0.005,0.1,0.15,0.0,mad_only
sS8jpNdABgw,30,18.73,0.0,30.0,80.0,0.005,0.1,0.15,0.0,mad_only
sS8jpNdABgw,31,19.54,0.0,30.0,80.0,0.005,0.1,0.15,0.0,mad_only
sS8jpNdABgw,32,20.355,0.0,30.0,80.0,0.005,0.1,0.15,0.0,mad_only
sS8jpNdABgw,33,21.175,0.0,30.0,80.0,0.005,0.1,0.15,0.0,mad_only
sS8jpNdABgw,34,21.56,0.0,30.0,80.0,0.005,0.1,0.15,0.0,mad_only
sS8jpNdABgw,35,21.98,0.0,30.0,80.0,0.005,0.1,0.15,0.0,mad_only
sS8jpNdABgw,36,22.79,0.0,30.0,80.0,0.005,0.1,0.15,0.0,mad_only
sS8jpNdABgw,37,23.6,0.0,30.0,80.0,0.005,0.1,0.15,0.0,mad_only
sS8jpNdABgw,38,23.975,0.0,30.0,80.0,0.005,0.1,0.15,0.0,mad_only
sS8jpNdABgw,39,24.42,0.0,30.0,80.0,0.005,0.1,0.15,0.0,mad_only
sS8jpNdABgw,40,25.225,0.0,30.0,80.0,0.005,0.1,0.15,0.0,mad_only
sS8jpNdABgw,41,26.03,0.0,30.0,80.0,0.005,0.1,0.15,0.0,mad_only
sS8jpNdABgw,42,26.84,0.0,30.0,80.0,0.005,0.1,0.15,0.0,mad_only
sS8jpNdABgw,43,27.255,0.0,30.0,80.0,0.005,0.1,0.15,0.0,mad_only
sS8jpNdABgw,44,27.650000000000002,0.0,30.0,80.0,0.005,0.1,0.15,0.0,mad_only
sS8jpNdABgw,45,28.45,0.0,30.0,80.0,0.005,0.1,0.15,0.0,mad_only
sS8jpNdABgw,46,28.845,0.0,30.0,80.0,0.005,0.1,0.15,0.0,mad_only
sS8jpNdABgw,47,29.27,0.0,30.0,80.0,0.005,0.1,0.15,0.0,mad_only
tBCoITfR6GQ,0,1.02,0.0,30.0,80.0,0.005,0.1,0.15,0.0,mad_only
tBCoITfR6GQ,1,2.25,0.0,30.0,80.0,0.005,0.1,0.15,0.0,mad_only
tBCoITfR6GQ,2,6.79,0.0,30.0,80.0,0.005,0.1,0.15,0.0,mad_only
tBCoITfR6GQ,3,7.745,0.0,30.0,80.0,0.005,0.1,0.15,0.0,mad_only
tBCoITfR6GQ,4,8.235,0.0,30.0,80.0,0.005,0.1,0.15,0.0,mad_only
tBCoITfR6GQ,5,8.73,0.0,30.0,80.0,0.005,0.1,0.15,0.0,mad_only
tBCoITfR6GQ,6,9.215,0.0,30.0,80.0,0.005,0.1,0.15,0.0,mad_only
tBCoITfR6GQ,7,9.700000000000001,0.0,30.0,80.0,0.005,0.1,0.15,0.0,mad_only
tBCoITfR6GQ,8,10.175,0.0,30.0,80.0,0.005,0.1,0.15,0.0,mad_only
tBCoITfR6GQ,9,10.66,0.0,30.0,80.0,0.005,0.1,0.15,0.0,mad_only
tBCoITfR6GQ,10,11.155,0.0,30.0,80.0,0.005,0.1,0.15,0.0,mad_only
tBCoITfR6GQ,11,11.65,0.0,30.0,80.0,0.005,0.1,0.15,0.0,mad_only
tBCoITfR6GQ,12,12.145,0.0,30.0,80.0,0.005,0.1,0.15,0.0,mad_only
tBCoITfR6GQ,13,12.65,0.0,30.0,80.0,0.005,0.1,0.15,0.0,mad_only
tBCoITfR6GQ,14,13.14,0.0,30.0,80.0,0.005,0.1,0.15,0.0,mad_only
tBCoITfR6GQ,15,13.64,0.0,30.0,80.0,0.005,0.1,0.15,0.0,mad_only
tBCoITfR6GQ,16,14.115,0.0,30.0,80.0,0.005,0.1,0.15,0.0,mad_only
tBCoITfR6GQ,17,14.61,0.0,30.0,80.0,0.005,0.1,0.15,0.0,mad_only
tBCoITfR6GQ,18,15.09,0.0,30.0,80.0,0.005,0.1,0.15,0.0,mad_only
tBCoITfR6GQ,19,15.585,0.0,30.0,80.0,0.005,0.1,0.15,0.0,mad_only
tBCoITfR6GQ,20,16.075,0.0,30.0,80.0,0.005,0.1,0.15,0.0,mad_only
tBCoITfR6GQ,21,16.575,0.0,30.0,80.0,0.005,0.1,0.15,0.0,mad_only
tBCoITfR6GQ,22,17.085,0.0,30.0,80.0,0.005,0.1,0.15,0.0,mad_only
tBCoITfR6GQ,23,17.580000000000002,0.0,30.0,80.0,0.005,0.1,0.15,0.0,mad_only
tBCoITfR6GQ,24,18.055,0.0,30.0,80.0,0.005,0.1,0.15,0.0,mad_only
tBCoITfR6GQ,25,18.55,0.0,30.0,80.0,0.005,0.1,0.15,0.0,mad_only
tBCoITfR6GQ,26,19.03,0.0,30.0,80.0,0.005,0.1,0.15,0.0,mad_only
tBCoITfR6GQ,27,19.535,0.0,30.0,80.0,0.005,0.1,0.15,0.0,mad_only
tBCoITfR6GQ,28,20.02,0.0,30.0,80.0,0.005,0.1,0.15,0.0,mad_only
tBCoITfR6GQ,29,20.505,0.0,30.0,80.0,0.005,0.1,0.15,0.0,mad_only
tBCoITfR6GQ,30,21.0,0.0,30.0,80.0,0.005,0.1,0.15,0.0,mad_only
tBCoITfR6GQ,31,21.5,0.0,30.0,80.0,0.005,0.1,0.15,0.0,mad_only
tBCoITfR6GQ,32,21.975,0.0,30.0,80.0,0.005,0.1,0.15,0.0,mad_only
tBCoITfR6GQ,33,22.47,0.0,30.0,80.0,0.005,0.1,0.15,0.0,mad_only
tBCoITfR6GQ,34,22.945,0.0,30.0,80.0,0.005,0.1,0.15,0.0,mad_only
tBCoITfR6GQ,35,23.445,0.0,30.0,80.0,0.005,0.1,0.15,0.0,mad_only
tBCoITfR6GQ,36,23.95,0.0,30.0,80.0,0.005,0.1,0.15,0.0,mad_only
tBCoITfR6GQ,37,24.44,0.0,30.0,80.0,0.005,0.1,0.15,0.0,mad_only
tBCoITfR6GQ,38,24.925,0.0,30.0,80.0,0.005,0.1,0.15,0.0,mad_only
tBCoITfR6GQ,39,25.425,0.0,30.0,80.0,0.005,0.1,0.15,0.0,mad_only
tBCoITfR6GQ,40,25.905,0.0,30.0,80.0,0.005,0.1,0.15,0.0,mad_only
tBCoITfR6GQ,41,26.395,0.0,30.0,80.0,0.005,0.1,0.15,0.0,mad_only
tBCoITfR6GQ,42,26.875,0.0,30.0,80.0,0.005,0.1,0.15,0.0,mad_only
tBCoITfR6GQ,43,27.37,0.0,30.0,80.0,0.005,0.1,0.15,0.0,mad_only
tBCoITfR6GQ,44,27.88,0.0,30.0,80.0,0.005,0.1,0.15,0.0,mad_only
tBCoITfR6GQ,45,28.385,0.0,30.0,80.0,0.005,0.1,0.15,0.0,mad_only
tBCoITfR6GQ,46,28.88,0.0,30.0,80.0,0.005,0.1,0.15,0.0,mad_only
tBCoITfR6GQ,47,29.375,0.0,30.0,80.0,0.005,0.1,0.15,0.0,mad_only
tBCoITfR6GQ,48,29.835,0.0,30.0,80.0,0.005,0.1,0.15,0.0,mad_only
tIqmSwfnRSw,0,1.12,0.0,30.0,80.0,0.005,0.1,0.15,0.0,mad_only
tIqmSwfnRSw,1,1.7750000000000001,0.0,30.0,80.0,0.005,0.1,0.15,0.0,mad_only
tIqmSwfnRSw,2,2.1550000000000002,0.0,30.0,80.0,0.005,0.1,0.15,0.0,mad_only
tIqmSwfnRSw,3,2.585,0.0,30.0,80.0,0.005,0.1,0.15,0.0,mad_only
tIqmSwfnRSw,4,2.96,0.0,30.0,80.0,0.005,0.1,0.15,0.0,mad_only
tIqmSwfnRSw,5,3.37,0.0,30.0,80.0,0.005,0.1,0.15,0.0,mad_only
tIqmSwfnRSw,6,3.765,0.0,30.0,80.0,0.005,0.1,0.15,0.0,mad_only
tIqmSwfnRSw,7,4.195,0.0,30.0,80.0,0.005,0.1,0.15,0.0,mad_only
tIqmSwfnRSw,8,4.585,0.0,30.0,80.0,0.005,0.1,0.15,0.0,mad_only
tIqmSwfnRSw,9,5.0,0.0,30.0,80.0,0.005,0.1,0.15,0.0,mad_only
tIqmSwfnRSw,10,5.415,0.0,30.0,80.0,0.005,0.1,0.15,0.0,mad_only
tIqmSwfnRSw,11,5.82,0.0,30.0,80.0,0.005,0.1,0.15,0.0,mad_only
tIqmSwfnRSw,12,6.215,0.0,30.0,80.0,0.005,0.1,0.15,0.0,mad_only
tIqmSwfnRSw,13,6.615,0.0,30.0,80.0,0.005,0.1,0.15,0.0,mad_only
tIqmSwfnRSw,14,7.025,0.0,30.0,80.0,0.005,0.1,0.15,0.0,mad_only
tIqmSwfnRSw,15,7.4350000000000005,0.0,30.0,80.0,0.005,0.1,0.15,0.0,mad_only
tIqmSwfnRSw,16,7.84,0.0,30.0,80.0,0.005,0.1,0.15,0.0,mad_only
tIqmSwfnRSw,17,8.23,0.0,30.0,80.0,0.005,0.1,0.15,0.0,mad_only
tIqmSwfnRSw,18,8.635,0.0,30.0,80.0,0.005,0.1,0.15,0.0,mad_only
tIqmSwfnRSw,19,9.035,0.0,30.0,80.0,0.005,0.1,0.15,0.0,mad_only
tIqmSwfnRSw,20,9.44,0.0,30.0,80.0,0.005,0.1,0.15,0.0,mad_only
tIqmSwfnRSw,21,9.855,0.0,30.0,80.0,0.005,0.1,0.15,0.0,mad_only
tIqmSwfnRSw,22,10.255,0.0,30.0,80.0,0.005,0.1,0.15,0.0,mad_only
tIqmSwfnRSw,23,10.665000000000001,0.0,30.0,80.0,0.005,0.1,0.15,0.0,mad_only
tIqmSwfnRSw,24,11.065,0.0,30.0,80.0,0.005,0.1,0.15,0.0,mad_only
tIqmSwfnRSw,25,11.495000000000001,0.0,30.0,80.0,0.005,0.1,0.15,0.0,mad_only
tIqmSwfnRSw,26,11.895,0.0,30.0,80.0,0.005,0.1,0.15,0.0,mad_only
tIqmSwfnRSw,27,12.305,0.0,30.0,80.0,0.005,0.1,0.15,0.0,mad_only
tIqmSwfnRSw,28,12.695,0.0,30.0,80.0,0.005,0.1,0.15,0.0,mad_only
tIqmSwfnRSw,29,13.11,0.0,30.0,80.0,0.005,0.1,0.15,0.0,mad_only
tIqmSwfnRSw,30,13.5,0.0,30.0,80.0,0.005,0.1,0.15,0.0,mad_only
tIqmSwfnRSw,31,13.92,0.0,30.0,80.0,0.005,0.1,0.15,0.0,mad_only
tIqmSwfnRSw,32,14.32,0.0,30.0,80.0,0.005,0.1,0.15,0.0,mad_only
tIqmSwfnRSw,33,14.72,0.0,30.0,80.0,0.005,0.1,0.15,0.0,mad_only
tIqmSwfnRSw,34,15.135,0.0,30.0,80.0,0.005,0.1,0.15,0.0,mad_only
tIqmSwfnRSw,35,15.525,0.0,30.0,80.0,0.005,0.1,0.15,0.0,mad_only
tIqmSwfnRSw,36,15.93,0.0,30.0,80.0,0.005,0.1,0.15,0.0,mad_only
tIqmSwfnRSw,37,16.335,0.0,30.0,80.0,0.005,0.1,0.15,0.0,mad_only
tIqmSwfnRSw,38,16.745,0.0,30.0,80.0,0.005,0.1,0.15,0.0,mad_only
tIqmSwfnRSw,39,17.155,0.0,30.0,80.0,0.005,0.1,0.15,0.0,mad_only
tIqmSwfnRSw,40,17.545,0.0,30.0,80.0,0.005,0.1,0.15,0.0,mad_only
tIqmSwfnRSw,41,17.94,0.0,30.0,80.0,0.005,0.1,0.15,0.0,mad_only
tIqmSwfnRSw,42,18.355,0.0,30.0,80.0,0.005,0.1,0.15,0.0,mad_only
tIqmSwfnRSw,43,18.78,0.0,30.0,80.0,0.005,0.1,0.15,0.0,mad_only
tIqmSwfnRSw,44,19.185,0.0,30.0,80.0,0.005,0.1,0.15,0.0,mad_only
tIqmSwfnRSw,45,19.59,0.0,30.0,80.0,0.005,0.1,0.15,0.0,mad_only
tIqmSwfnRSw,46,19.990000000000002,0.0,30.0,80.0,0.005,0.1,0.15,0.0,mad_only
tIqmSwfnRSw,47,20.395,0.0,30.0,80.0,0.005,0.1,0.15,0.0,mad_only
tIqmSwfnRSw,48,20.81,0.0,30.0,80.0,0.005,0.1,0.15,0.0,mad_only
tIqmSwfnRSw,49,21.22,0.0,30.0,80.0,0.005,0.1,0.15,0.0,mad_only
tIqmSwfnRSw,50,21.625,0.0,30.0,80.0,0.005,0.1,0.15,0.0,mad_only
tIqmSwfnRSw,51,22.03,0.0,30.0,80.0,0.005,0.1,0.15,0.0,mad_only
tIqmSwfnRSw,52,22.425,0.0,30.0,80.0,0.005,0.1,0.15,0.0,mad_only
tIqmSwfnRSw,53,22.825,0.0,30.0,80.0,0.005,0.1,0.15,0.0,mad_only
tIqmSwfnRSw,54,23.225,0.0,30.0,80.0,0.005,0.1,0.15,0.0,mad_only
tIqmSwfnRSw,55,23.64,0.0,30.0,80.0,0.005,0.1,0.15,0.0,mad_only
tIqmSwfnRSw,56,24.04,0.0,30.0,80.0,0.005,0.1,0.15,0.0,mad_only
tIqmSwfnRSw,57,24.445,0.0,30.0,80.0,0.005,0.1,0.15,0.0,mad_only
tIqmSwfnRSw,58,24.85,0.0,30.0,80.0,0.005,0.1,0.15,0.0,mad_only
tIqmSwfnRSw,59,25.25,0.0,30.0,80.0,0.005,0.1,0.15,0.0,mad_only
tIqmSwfnRSw,60,25.66,0.0,30.0,80.0,0.005,0.1,0.15,0.0,mad_only
tIqmSwfnRSw,61,26.065,0.0,30.0,80.0,0.005,0.1,0.15,0.0,mad_only
tIqmSwfnRSw,62,26.475,0.0,30.0,80.0,0.005,0.1,0.15,0.0,mad_only
tIqmSwfnRSw,63,26.88,0.0,30.0,80.0,0.005,0.1,0.15,0.0,mad_only
tIqmSwfnRSw,64,27.285,0.0,30.0,80.0,0.005,0.1,0.15,0.0,mad_only
tIqmSwfnRSw,65,27.685000000000002,0.0,30.0,80.0,0.005,0.1,0.15,0.0,mad_only
tIqmSwfnRSw,66,28.095,0.0,30.0,80.0,0.005,0.1,0.15,0.0,mad_only
tIqmSwfnRSw,67,28.490000000000002,0.0,30.0,80.0,0.005,0.1,0.15,0.0,mad_only
tIqmSwfnRSw,68,28.900000000000002,0.0,30.0,80.0,0.005,0.1,0.15,0.0,mad_only
tIqmSwfnRSw,69,29.310000000000002,0.0,30.0,80.0,0.005,0.1,0.15,0.0,mad_only
tIqmSwfnRSw,70,29.695,0.0,30.0,80.0,0.005,0.1,0.15,0.0,mad_only
tQbIvj7jM9A,0,0.895,0.0,30.0,80.0,0.005,0.1,0.15,0.0,mad_only
tQbIvj7jM9A,1,1.59,0.0,30.0,80.0,0.005,0.1,0.15,0.0,mad_only
tQbIvj7jM9A,2,2.1750000000000003,0.0,30.0,80.0,0.005,0.1,0.15,0.0,mad_only
tQbIvj7jM9A,3,2.775,0.0,30.0,80.0,0.005,0.1,0.15,0.0,mad_only
tQbIvj7jM9A,4,3.36,0.0,30.0,80.0,0.005,0.1,0.15,0.0,mad_only
tQbIvj7jM9A,5,3.95,0.0,30.0,80.0,0.005,0.1,0.15,0.0,mad_only
tQbIvj7jM9A,6,4.535,0.0,30.0,80.0,0.005,0.1,0.15,0.0,mad_only
tQbIvj7jM9A,7,4.835,0.0,30.0,80.0,0.005,0.1,0.15,0.0,mad_only
tQbIvj7jM9A,8,5.13,0.0,30.0,80.0,0.005,0.1,0.15,0.0,mad_only
tQbIvj7jM9A,9,5.73,0.0,30.0,80.0,0.005,0.1,0.15,0.0,mad_only
tQbIvj7jM9A,10,6.045,0.0,30.0,80.0,0.005,0.1,0.15,0.0,mad_only
tQbIvj7jM9A,11,6.34,0.0,30.0,80.0,0.005,0.1,0.15,0.0,mad_only
tQbIvj7jM9A,12,6.93,0.0,30.0,80.0,0.005,0.1,0.15,0.0,mad_only
tQbIvj7jM9A,13,7.2250000000000005,0.0,30.0,80.0,0.005,0.1,0.15,0.0,mad_only
tQbIvj7jM9A,14,7.515000000000001,0.0,30.0,80.0,0.005,0.1,0.15,0.0,mad_only
tQbIvj7jM9A,15,7.815,0.0,30.0,80.0,0.005,0.1,0.15,0.0,mad_only
tQbIvj7jM9A,16,8.105,0.0,30.0,80.0,0.005,0.1,0.15,0.0,mad_only
tQbIvj7jM9A,17,8.405,0.0,30.0,80.0,0.005,0.1,0.15,0.0,mad_only
tQbIvj7jM9A,18,8.700000000000001,0.0,30.0,80.0,0.005,0.1,0.15,0.0,mad_only
tQbIvj7jM9A,19,9.285,0.0,30.0,80.0,0.005,0.1,0.15,0.0,mad_only
tQbIvj7jM9A,20,9.915000000000001,0.0,30.0,80.0,0.005,0.1,0.15,0.0,mad_only
tQbIvj7jM9A,21,10.89,0.0,30.0,80.0,0.005,0.1,0.15,0.0,mad_only
tQbIvj7jM9A,22,11.64,0.0,30.0,80.0,0.005,0.1,0.15,0.0,mad_only
tQbIvj7jM9A,23,12.605,0.0,30.0,80.0,0.005,0.1,0.15,0.0,mad_only
tQbIvj7jM9A,24,13.525,0.0,30.0,80.0,0.005,0.1,0.15,0.0,mad_only
tQbIvj7jM9A,25,14.38,0.0,30.0,80.0,0.005,0.1,0.15,0.0,mad_only
tQbIvj7jM9A,26,15.280000000000001,0.0,30.0,80.0,0.005,0.1,0.15,0.0,mad_only
tQbIvj7jM9A,27,16.21,0.0,30.0,80.0,0.005,0.1,0.15,0.0,mad_only
tQbIvj7jM9A,28,17.175,0.0,30.0,80.0,0.005,0.1,0.15,0.0,mad_only
tQbIvj7jM9A,29,18.105,0.0,30.0,80.0,0.005,0.1,0.15,0.0,mad_only
tQbIvj7jM9A,30,19.02,0.0,30.0,80.0,0.005,0.1,0.15,0.0,mad_only
tQbIvj7jM9A,31,19.945,0.0,30.0,80.0,0.005,0.1,0.15,0.0,mad_only
tQbIvj7jM9A,32,20.900000000000002,0.0,30.0,80.0,0.005,0.1,0.15,0.0,mad_only
tQbIvj7jM9A,33,21.805,0.0,30.0,80.0,0.005,0.1,0.15,0.0,mad_only
tQbIvj7jM9A,34,22.725,0.0,30.0,80.0,0.005,0.1,0.15,0.0,mad_only
tQbIvj7jM9A,35,23.625,0.0,30.0,80.0,0.005,0.1,0.15,0.0,mad_only
tQbIvj7jM9A,36,24.560000000000002,0.0,30.0,80.0,0.005,0.1,0.15,0.0,mad_only
tQbIvj7jM9A,37,25.47,0.0,30.0,80.0,0.005,0.1,0.15,0.0,mad_only
tQbIvj7jM9A,38,26.400000000000002,0.0,30.0,80.0,0.005,0.1,0.15,0.0,mad_only
tQbIvj7jM9A,39,27.335,0.0,30.0,80.0,0.005,0.1,0.15,0.0,mad_only
tQbIvj7jM9A,40,28.26,0.0,30.0,80.0,0.005,0.1,0.15,0.0,mad_only
tQbIvj7jM9A,41,29.185000000000002,0.0,30.0,80.0,0.005,0.1,0.15,0.0,mad_only
tQbIvj7jM9A,42,29.650000000000002,0.0,30.0,80.0,0.005,0.1,0.15,0.0,mad_only
tuhxZytmhss,0,0.985,0.0,30.0,80.0,0.005,0.1,0.15,0.0,mad_only
tuhxZytmhss,1,2.61,0.0,30.0,80.0,0.005,0.1,0.15,0.0,mad_only
tuhxZytmhss,2,3.895,0.0,30.0,80.0,0.005,0.1,0.15,0.0,mad_only
tuhxZytmhss,3,4.33,0.0,30.0,80.0,0.005,0.1,0.15,0.0,mad_only
tuhxZytmhss,4,4.765,0.0,30.0,80.0,0.005,0.1,0.15,0.0,mad_only
tuhxZytmhss,5,5.175,0.0,30.0,80.0,0.005,0.1,0.15,0.0,mad_only
tuhxZytmhss,6,5.6000000000000005,0.0,30.0,80.0,0.005,0.1,0.15,0.0,mad_only
tuhxZytmhss,7,5.99,0.0,30.0,80.0,0.005,0.1,0.15,0.0,mad_only
tuhxZytmhss,8,6.45,0.0,30.0,80.0,0.005,0.1,0.15,0.0,mad_only
tuhxZytmhss,9,6.86,0.0,30.0,80.0,0.005,0.1,0.15,0.0,mad_only
tuhxZytmhss,10,7.3100000000000005,0.0,30.0,80.0,0.005,0.1,0.15,0.0,mad_only
tuhxZytmhss,11,7.735,0.0,30.0,80.0,0.005,0.1,0.15,0.0,mad_only
tuhxZytmhss,12,8.18,0.0,30.0,80.0,0.005,0.1,0.15,0.0,mad_only
tuhxZytmhss,13,8.63,0.0,30.0,80.0,0.005,0.1,0.15,0.0,mad_only
tuhxZytmhss,14,9.02,0.0,30.0,80.0,0.005,0.1,0.15,0.0,mad_only
tuhxZytmhss,15,9.450000000000001,0.0,30.0,80.0,0.005,0.1,0.15,0.0,mad_only
tuhxZytmhss,16,9.895,0.0,30.0,80.0,0.005,0.1,0.15,0.0,mad_only
tuhxZytmhss,17,10.32,0.0,30.0,80.0,0.005,0.1,0.15,0.0,mad_only
tuhxZytmhss,18,10.74,0.0,30.0,80.0,0.005,0.1,0.15,0.0,mad_only
tuhxZytmhss,19,11.155,0.0,30.0,80.0,0.005,0.1,0.15,0.0,mad_only
tuhxZytmhss,20,11.61,0.0,30.0,80.0,0.005,0.1,0.15,0.0,mad_only
tuhxZytmhss,21,12.0,0.0,30.0,80.0,0.005,0.1,0.15,0.0,mad_only
tuhxZytmhss,22,12.415000000000001,0.0,30.0,80.0,0.005,0.1,0.15,0.0,mad_only
tuhxZytmhss,23,12.88,0.0,30.0,80.0,0.005,0.1,0.15,0.0,mad_only
tuhxZytmhss,24,13.305,0.0,30.0,80.0,0.005,0.1,0.15,0.0,mad_only
tuhxZytmhss,25,13.715,0.0,30.0,80.0,0.005,0.1,0.15,0.0,mad_only
tuhxZytmhss,26,14.155000000000001,0.0,30.0,80.0,0.005,0.1,0.15,0.0,mad_only
tuhxZytmhss,27,14.575000000000001,0.0,30.0,80.0,0.005,0.1,0.15,0.0,mad_only
tuhxZytmhss,28,15.025,0.0,30.0,80.0,0.005,0.1,0.15,0.0,mad_only
tuhxZytmhss,29,15.425,0.0,30.0,80.0,0.005,0.1,0.15,0.0,mad_only
tuhxZytmhss,30,15.84,0.0,30.0,80.0,0.005,0.1,0.15,0.0,mad_only
tuhxZytmhss,31,16.255,0.0,30.0,80.0,0.005,0.1,0.15,0.0,mad_only
tuhxZytmhss,32,16.68,0.0,30.0,80.0,0.005,0.1,0.15,0.0,mad_only
tuhxZytmhss,33,17.135,0.0,30.0,80.0,0.005,0.1,0.15,0.0,mad_only
tuhxZytmhss,34,17.525000000000002,0.0,30.0,80.0,0.005,0.1,0.15,0.0,mad_only
tuhxZytmhss,35,17.990000000000002,0.0,30.0,80.0,0.005,0.1,0.15,0.0,mad_only
tuhxZytmhss,36,18.405,0.0,30.0,80.0,0.005,0.1,0.15,0.0,mad_only
tuhxZytmhss,37,18.86,0.0,30.0,80.0,0.005,0.1,0.15,0.0,mad_only
tuhxZytmhss,38,19.28,0.0,30.0,80.0,0.005,0.1,0.15,0.0,mad_only
tuhxZytmhss,39,19.725,0.0,30.0,80.0,0.005,0.1,0.15,0.0,mad_only
tuhxZytmhss,40,20.145,0.0,30.0,80.0,0.005,0.1,0.15,0.0,mad_only
tuhxZytmhss,41,20.580000000000002,0.0,30.0,80.0,0.005,0.1,0.15,0.0,mad_only
tuhxZytmhss,42,21.025000000000002,0.0,30.0,80.0,0.005,0.1,0.15,0.0,mad_only
tuhxZytmhss,43,21.445,0.0,30.0,80.0,0.005,0.1,0.15,0.0,mad_only
tuhxZytmhss,44,21.88,0.0,30.0,80.0,0.005,0.1,0.15,0.0,mad_only
tuhxZytmhss,45,22.31,0.0,30.0,80.0,0.005,0.1,0.15,0.0,mad_only
tuhxZytmhss,46,22.725,0.0,30.0,80.0,0.005,0.1,0.15,0.0,mad_only
tuhxZytmhss,47,23.16,0.0,30.0,80.0,0.005,0.1,0.15,0.0,mad_only
tuhxZytmhss,48,23.61,0.0,30.0,80.0,0.005,0.1,0.15,0.0,mad_only
tuhxZytmhss,49,24.035,0.0,30.0,80.0,0.005,0.1,0.15,0.0,mad_only
tuhxZytmhss,50,24.455000000000002,0.0,30.0,80.0,0.005,0.1,0.15,0.0,mad_only
tuhxZytmhss,51,24.895,0.0,30.0,80.0,0.005,0.1,0.15,0.0,mad_only
tuhxZytmhss,52,25.29,0.0,30.0,80.0,0.005,0.1,0.15,0.0,mad_only
tuhxZytmhss,53,26.125,0.0,30.0,80.0,0.005,0.1,0.15,0.0,mad_only
tuhxZytmhss,54,27.035,0.0,30.0,80.0,0.005,0.1,0.15,0.0,mad_only
tuhxZytmhss,55,27.875,0.0,30.0,80.0,0.005,0.1,0.15,0.0,mad_only
tuhxZytmhss,56,28.3,0.0,30.0,80.0,0.005,0.1,0.15,0.0,mad_only
tuhxZytmhss,57,28.735,0.0,30.0,80.0,0.005,0.1,0.15,0.0,mad_only
tuhxZytmhss,58,29.150000000000002,0.0,30.0,80.0,0.005,0.1,0.15,0.0,mad_only
tuhxZytmhss,59,29.57,0.0,30.0,80.0,0.005,0.1,0.15,0.0,mad_only
uRleWlf-trQ,0,0.72,0.0,30.0,80.0,0.005,0.1,0.15,0.0,mad_only
uRleWlf-trQ,1,1.46,0.0,30.0,80.0,0.005,0.1,0.15,0.0,mad_only
uRleWlf-trQ,2,1.935,0.0,30.0,80.0,0.005,0.1,0.15,0.0,mad_only
uRleWlf-trQ,3,2.41,0.0,30.0,80.0,0.005,0.1,0.15,0.0,mad_only
uRleWlf-trQ,4,2.91,0.0,30.0,80.0,0.005,0.1,0.15,0.0,mad_only
uRleWlf-trQ,5,3.3000000000000003,0.0,30.0,80.0,0.005,0.1,0.15,0.0,mad_only
uRleWlf-trQ,6,3.745,0.0,30.0,80.0,0.005,0.1,0.15,0.0,mad_only
uRleWlf-trQ,7,4.21,0.0,30.0,80.0,0.005,0.1,0.15,0.0,mad_only
uRleWlf-trQ,8,4.655,0.0,30.0,80.0,0.005,0.1,0.15,0.0,mad_only
uRleWlf-trQ,9,5.115,0.0,30.0,80.0,0.005,0.1,0.15,0.0,mad_only
uRleWlf-trQ,10,5.58,0.0,30.0,80.0,0.005,0.1,0.15,0.0,mad_only
uRleWlf-trQ,11,6.05,0.0,30.0,80.0,0.005,0.1,0.15,0.0,mad_only
uRleWlf-trQ,12,6.505,0.0,30.0,80.0,0.005,0.1,0.15,0.0,mad_only
uRleWlf-trQ,13,6.97,0.0,30.0,80.0,0.005,0.1,0.15,0.0,mad_only
uRleWlf-trQ,14,7.4350000000000005,0.0,30.0,80.0,0.005,0.1,0.15,0.0,mad_only
uRleWlf-trQ,15,7.905,0.0,30.0,80.0,0.005,0.1,0.15,0.0,mad_only
uRleWlf-trQ,16,8.375,0.0,30.0,80.0,0.005,0.1,0.15,0.0,mad_only
uRleWlf-trQ,17,8.75,0.0,30.0,80.0,0.005,0.1,0.15,0.0,mad_only
uRleWlf-trQ,18,9.295,0.0,30.0,80.0,0.005,0.1,0.15,0.0,mad_only
uRleWlf-trQ,19,9.745000000000001,0.0,30.0,80.0,0.005,0.1,0.15,0.0,mad_only
uRleWlf-trQ,20,10.195,0.0,30.0,80.0,0.005,0.1,0.15,0.0,mad_only
uRleWlf-trQ,21,10.665000000000001,0.0,30.0,80.0,0.005,0.1,0.15,0.0,mad_only
uRleWlf-trQ,22,11.120000000000001,0.0,30.0,80.0,0.005,0.1,0.15,0.0,mad_only
uRleWlf-trQ,23,11.575000000000001,0.0,30.0,80.0,0.005,0.1,0.15,0.0,mad_only
uRleWlf-trQ,24,12.035,0.0,30.0,80.0,0.005,0.1,0.15,0.0,mad_only
uRleWlf-trQ,25,12.5,0.0,30.0,80.0,0.005,0.1,0.15,0.0,mad_only
uRleWlf-trQ,26,12.965,0.0,30.0,80.0,0.005,0.1,0.15,0.0,mad_only
uRleWlf-trQ,27,13.43,0.0,30.0,80.0,0.005,0.1,0.15,0.0,mad_only
uRleWlf-trQ,28,13.905000000000001,0.0,30.0,80.0,0.005,0.1,0.15,0.0,mad_only
uRleWlf-trQ,29,14.36,0.0,30.0,80.0,0.005,0.1,0.15,0.0,mad_only
uRleWlf-trQ,30,14.805,0.0,30.0,80.0,0.005,0.1,0.15,0.0,mad_only
uRleWlf-trQ,31,15.24,0.0,30.0,80.0,0.005,0.1,0.15,0.0,mad_only
uRleWlf-trQ,32,15.700000000000001,0.0,30.0,80.0,0.005,0.1,0.15,0.0,mad_only
uRleWlf-trQ,33,16.19,0.0,30.0,80.0,0.005,0.1,0.15,0.0,mad_only
uRleWlf-trQ,34,16.645,0.0,30.0,80.0,0.005,0.1,0.15,0.0,mad_only
uRleWlf-trQ,35,17.1,0.0,30.0,80.0,0.005,0.1,0.15,0.0,mad_only
uRleWlf-trQ,36,17.57,0.0,30.0,80.0,0.005,0.1,0.15,0.0,mad_only
uRleWlf-trQ,37,18.03,0.0,30.0,80.0,0.005,0.1,0.15,0.0,mad_only
uRleWlf-trQ,38,18.495,0.0,30.0,80.0,0.005,0.1,0.15,0.0,mad_only
uRleWlf-trQ,39,18.94,0.0,30.0,80.0,0.005,0.1,0.15,0.0,mad_only
uRleWlf-trQ,40,19.415,0.0,30.0,80.0,0.005,0.1,0.15,0.0,mad_only
uRleWlf-trQ,41,19.875,0.0,30.0,80.0,0.005,0.1,0.15,0.0,mad_only
uRleWlf-trQ,42,20.335,0.0,30.0,80.0,0.005,0.1,0.15,0.0,mad_only
uRleWlf-trQ,43,20.81,0.0,30.0,80.0,0.005,0.1,0.15,0.0,mad_only
uRleWlf-trQ,44,21.275000000000002,0.0,30.0,80.0,0.005,0.1,0.15,0.0,mad_only
uRleWlf-trQ,45,21.745,0.0,30.0,80.0,0.005,0.1,0.15,0.0,mad_only
uRleWlf-trQ,46,22.18,0.0,30.0,80.0,0.005,0.1,0.15,0.0,mad_only
uRleWlf-trQ,47,22.615000000000002,0.0,30.0,80.0,0.005,0.1,0.15,0.0,mad_only
uRleWlf-trQ,48,23.075,0.0,30.0,80.0,0.005,0.1,0.15,0.0,mad_only
uRleWlf-trQ,49,23.565,0.0,30.0,80.0,0.005,0.1,0.15,0.0,mad_only
uRleWlf-trQ,50,24.04,0.0,30.0,80.0,0.005,0.1,0.15,0.0,mad_only
uRleWlf-trQ,51,24.48,0.0,30.0,80.0,0.005,0.1,0.15,0.0,mad_only
uRleWlf-trQ,52,24.96,0.0,30.0,80.0,0.005,0.1,0.15,0.0,mad_only
uRleWlf-trQ,53,25.400000000000002,0.0,30.0,80.0,0.005,0.1,0.15,0.0,mad_only
uRleWlf-trQ,54,25.85,0.0,30.0,80.0,0.005,0.1,0.15,0.0,mad_only
uRleWlf-trQ,55,26.310000000000002,0.0,30.0,80.0,0.005,0.1,0.15,0.0,mad_only
uRleWlf-trQ,56,26.765,0.0,30.0,80.0,0.005,0.1,0.15,0.0,mad_only
uRleWlf-trQ,57,27.23,0.0,30.0,80.0,0.005,0.1,0.15,0.0,mad_only
uRleWlf-trQ,58,27.685000000000002,0.0,30.0,80.0,0.005,0.1,0.15,0.0,mad_only
uRleWlf-trQ,59,28.150000000000002,0.0,30.0,80.0,0.005,0.1,0.15,0.0,mad_only
uRleWlf-trQ,60,28.625,0.0,30.0,80.0,0.005,0.1,0.15,0.0,mad_only
uRleWlf-trQ,61,29.11,0.0,30.0,80.0,0.005,0.1,0.15,0.0,mad_only
uRleWlf-trQ,62,29.560000000000002,0.0,30.0,80.0,0.005,0.1,0.15,0.0,mad_only
uZUSXcdYGS4,0,0.91,0.0,30.0,80.0,0.005,0.1,0.15,0.0,mad_only
uZUSXcdYGS4,1,1.46,0.0,30.0,80.0,0.005,0.1,0.15,0.0,mad_only
uZUSXcdYGS4,2,2.035,0.0,30.0,80.0,0.005,0.1,0.15,0.0,mad_only
uZUSXcdYGS4,3,2.33,0.0,30.0,80.0,0.005,0.1,0.15,0.0,mad_only
uZUSXcdYGS4,4,2.62,0.0,30.0,80.0,0.005,0.1,0.15,0.0,mad_only
uZUSXcdYGS4,5,3.205,0.0,30.0,80.0,0.005,0.1,0.15,0.0,mad_only
uZUSXcdYGS4,6,3.49,0.0,30.0,80.0,0.005,0.1,0.15,0.0,mad_only
uZUSXcdYGS4,7,3.785,0.0,30.0,80.0,0.005,0.1,0.15,0.0,mad_only
uZUSXcdYGS4,8,4.365,0.0,30.0,80.0,0.005,0.1,0.15,0.0,mad_only
uZUSXcdYGS4,9,4.665,0.0,30.0,80.0,0.005,0.1,0.15,0.0,mad_only
uZUSXcdYGS4,10,4.95,0.0,30.0,80.0,0.005,0.1,0.15,0.0,mad_only
uZUSXcdYGS4,11,5.525,0.0,30.0,80.0,0.005,0.1,0.15,0.0,mad_only
uZUSXcdYGS4,12,5.82,0.0,30.0,80.0,0.005,0.1,0.15,0.0,mad_only
uZUSXcdYGS4,13,6.12,0.0,30.0,80.0,0.005,0.1,0.15,0.0,mad_only
uZUSXcdYGS4,14,6.7,0.0,30.0,80.0,0.005,0.1,0.15,0.0,mad_only
uZUSXcdYGS4,15,6.985,0.0,30.0,80.0,0.005,0.1,0.15,0.0,mad_only
uZUSXcdYGS4,16,7.28,0.0,30.0,80.0,0.005,0.1,0.15,0.0,mad_only
uZUSXcdYGS4,17,7.855,0.0,30.0,80.0,0.005,0.1,0.15,0.0,mad_only
uZUSXcdYGS4,18,8.14,0.0,30.0,80.0,0.005,0.1,0.15,0.0,mad_only
uZUSXcdYGS4,19,8.44,0.0,30.0,80.0,0.005,0.1,0.15,0.0,mad_only
uZUSXcdYGS4,20,9.01,0.0,30.0,80.0,0.005,0.1,0.15,0.0,mad_only
uZUSXcdYGS4,21,9.315,0.0,30.0,80.0,0.005,0.1,0.15,0.0,mad_only
uZUSXcdYGS4,22,9.6,0.0,30.0,80.0,0.005,0.1,0.15,0.0,mad_only
uZUSXcdYGS4,23,10.18,0.0,30.0,80.0,0.005,0.1,0.15,0.0,mad_only
uZUSXcdYGS4,24,10.765,0.0,30.0,80.0,0.005,0.1,0.15,0.0,mad_only
uZUSXcdYGS4,25,11.35,0.0,30.0,80.0,0.005,0.1,0.15,0.0,mad_only
uZUSXcdYGS4,26,11.935,0.0,30.0,80.0,0.005,0.1,0.15,0.0,mad_only
uZUSXcdYGS4,27,12.515,0.0,30.0,80.0,0.005,0.1,0.15,0.0,mad_only
uZUSXcdYGS4,28,13.085,0.0,30.0,80.0,0.005,0.1,0.15,0.0,mad_only
uZUSXcdYGS4,29,13.685,0.0,30.0,80.0,0.005,0.1,0.15,0.0,mad_only
uZUSXcdYGS4,30,14.255,0.0,30.0,80.0,0.005,0.1,0.15,0.0,mad_only
uZUSXcdYGS4,31,14.835,0.0,30.0,80.0,0.005,0.1,0.15,0.0,mad_only
uZUSXcdYGS4,32,15.425,0.0,30.0,80.0,0.005,0.1,0.15,0.0,mad_only
uZUSXcdYGS4,33,16.02,0.0,30.0,80.0,0.005,0.1,0.15,0.0,mad_only
uZUSXcdYGS4,34,16.6,0.0,30.0,80.0,0.005,0.1,0.15,0.0,mad_only
uZUSXcdYGS4,35,17.185,0.0,30.0,80.0,0.005,0.1,0.15,0.0,mad_only
uZUSXcdYGS4,36,17.76,0.0,30.0,80.0,0.005,0.1,0.15,0.0,mad_only
uZUSXcdYGS4,37,18.345,0.0,30.0,80.0,0.005,0.1,0.15,0.0,mad_only
uZUSXcdYGS4,38,18.92,0.0,30.0,80.0,0.005,0.1,0.15,0.0,mad_only
uZUSXcdYGS4,39,19.495,0.0,30.0,80.0,0.005,0.1,0.15,0.0,mad_only
uZUSXcdYGS4,40,20.080000000000002,0.0,30.0,80.0,0.005,0.1,0.15,0.0,mad_only
uZUSXcdYGS4,41,20.665,0.0,30.0,80.0,0.005,0.1,0.15,0.0,mad_only
uZUSXcdYGS4,42,21.25,0.0,30.0,80.0,0.005,0.1,0.15,0.0,mad_only
uZUSXcdYGS4,43,21.81,0.0,30.0,80.0,0.005,0.1,0.15,0.0,mad_only
uZUSXcdYGS4,44,22.41,0.0,30.0,80.0,0.005,0.1,0.15,0.0,mad_only
uZUSXcdYGS4,45,22.990000000000002,0.0,30.0,80.0,0.005,0.1,0.15,0.0,mad_only
uZUSXcdYGS4,46,23.29,0.0,30.0,80.0,0.005,0.1,0.15,0.0,mad_only
uZUSXcdYGS4,47,23.580000000000002,0.0,30.0,80.0,0.005,0.1,0.15,0.0,mad_only
uZUSXcdYGS4,48,24.145,0.0,30.0,80.0,0.005,0.1,0.15,0.0,mad_only
uZUSXcdYGS4,49,24.740000000000002,0.0,30.0,80.0,0.005,0.1,0.15,0.0,mad_only
uZUSXcdYGS4,50,25.330000000000002,0.0,30.0,80.0,0.005,0.1,0.15,0.0,mad_only
uZUSXcdYGS4,51,25.91,0.0,30.0,80.0,0.005,0.1,0.15,0.0,mad_only
uZUSXcdYGS4,52,26.475,0.0,30.0,80.0,0.005,0.1,0.15,0.0,mad_only
uZUSXcdYGS4,53,27.065,0.0,30.0,80.0,0.005,0.1,0.15,0.0,mad_only
uZUSXcdYGS4,54,27.645,0.0,30.0,80.0,0.005,0.1,0.15,0.0,mad_only
uZUSXcdYGS4,55,28.235,0.0,30.0,80.0,0.005,0.1,0.15,0.0,mad_only
uZUSXcdYGS4,56,28.805,0.0,30.0,80.0,0.005,0.1,0.15,0.0,mad_only
uZUSXcdYGS4,57,29.395,0.0,30.0,80.0,0.005,0.1,0.15,0.0,mad_only
vF1zk38YxKQ,0,1.1500000000000001,0.0,30.0,80.0,0.005,0.1,0.15,0.0,mad_only
vF1zk38YxKQ,1,1.74,0.0,30.0,80.0,0.005,0.1,0.15,0.0,mad_only
vF1zk38YxKQ,2,2.325,0.0,30.0,80.0,0.005,0.1,0.15,0.0,mad_only
vF1zk38YxKQ,3,2.92,0.0,30.0,80.0,0.005,0.1,0.15,0.0,mad_only
vF1zk38YxKQ,4,4.0600000000000005,0.0,30.0,80.0,0.005,0.1,0.15,0.0,mad_only
vF1zk38YxKQ,5,4.96,0.0,30.0,80.0,0.005,0.1,0.15,0.0,mad_only
vF1zk38YxKQ,6,5.28,0.0,30.0,80.0,0.005,0.1,0.15,0.0,mad_only
vF1zk38YxKQ,7,5.57,0.0,30.0,80.0,0.005,0.1,0.15,0.0,mad_only
vF1zk38YxKQ,8,6.1450000000000005,0.0,30.0,80.0,0.005,0.1,0.15,0.0,mad_only
vF1zk38YxKQ,9,6.455,0.0,30.0,80.0,0.005,0.1,0.15,0.0,mad_only
vF1zk38YxKQ,10,7.33,0.0,30.0,80.0,0.005,0.1,0.15,0.0,mad_only
vF1zk38YxKQ,11,7.65,0.0,30.0,80.0,0.005,0.1,0.15,0.0,mad_only
vF1zk38YxKQ,12,7.955,0.0,30.0,80.0,0.005,0.1,0.15,0.0,mad_only
vF1zk38YxKQ,13,8.515,0.0,30.0,80.0,0.005,0.1,0.15,0.0,mad_only
vF1zk38YxKQ,14,8.84,0.0,30.0,80.0,0.005,0.1,0.15,0.0,mad_only
vF1zk38YxKQ,15,9.14,0.0,30.0,80.0,0.005,0.1,0.15,0.0,mad_only
vF1zk38YxKQ,16,9.73,0.0,30.0,80.0,0.005,0.1,0.15,0.0,mad_only
vF1zk38YxKQ,17,10.0,0.0,30.0,80.0,0.005,0.1,0.15,0.0,mad_only
vF1zk38YxKQ,18,10.625,0.0,30.0,80.0,0.005,0.1,0.15,0.0,mad_only
vF1zk38YxKQ,19,10.915000000000001,0.0,30.0,80.0,0.005,0.1,0.15,0.0,mad_only
vF1zk38YxKQ,20,11.22,0.0,30.0,80.0,0.005,0.1,0.15,0.0,mad_only
vF1zk38YxKQ,21,11.785,0.0,30.0,80.0,0.005,0.1,0.15,0.0,mad_only
vF1zk38YxKQ,22,12.35,0.0,30.0,80.0,0.005,0.1,0.15,0.0,mad_only
vF1zk38YxKQ,23,12.92,0.0,30.0,80.0,0.005,0.1,0.15,0.0,mad_only
vF1zk38YxKQ,24,13.530000000000001,0.0,30.0,80.0,0.005,0.1,0.15,0.0,mad_only
vF1zk38YxKQ,25,14.15,0.0,30.0,80.0,0.005,0.1,0.15,0.0,mad_only
vF1zk38YxKQ,26,14.745000000000001,0.0,30.0,80.0,0.005,0.1,0.15,0.0,mad_only
vF1zk38YxKQ,27,15.315,0.0,30.0,80.0,0.005,0.1,0.15,0.0,mad_only
vF1zk38YxKQ,28,15.925,0.0,30.0,80.0,0.005,0.1,0.15,0.0,mad_only
vF1zk38YxKQ,29,16.54,0.0,30.0,80.0,0.005,0.1,0.15,0.0,mad_only
vF1zk38YxKQ,30,17.135,0.0,30.0,80.0,0.005,0.1,0.15,0.0,mad_only
vF1zk38YxKQ,31,17.71,0.0,30.0,80.0,0.005,0.1,0.15,0.0,mad_only
vF1zk38YxKQ,32,18.325,0.0,30.0,80.0,0.005,0.1,0.15,0.0,mad_only
vF1zk38YxKQ,33,18.915,0.0,30.0,80.0,0.005,0.1,0.15,0.0,mad_only
vF1zk38YxKQ,34,19.51,0.0,30.0,80.0,0.005,0.1,0.15,0.0,mad_only
vF1zk38YxKQ,35,20.11,0.0,30.0,80.0,0.005,0.1,0.15,0.0,mad_only
vF1zk38YxKQ,36,20.69,0.0,30.0,80.0,0.005,0.1,0.15,0.0,mad_only
vF1zk38YxKQ,37,21.29,0.0,30.0,80.0,0.005,0.1,0.15,0.0,mad_only
vF1zk38YxKQ,38,21.885,0.0,30.0,80.0,0.005,0.1,0.15,0.0,mad_only
vF1zk38YxKQ,39,22.485,0.0,30.0,80.0,0.005,0.1,0.15,0.0,mad_only
vF1zk38YxKQ,40,23.080000000000002,0.0,30.0,80.0,0.005,0.1,0.15,0.0,mad_only
vF1zk38YxKQ,41,23.67,0.0,30.0,80.0,0.005,0.1,0.15,0.0,mad_only
vF1zk38YxKQ,42,24.26,0.0,30.0,80.0,0.005,0.1,0.15,0.0,mad_only
vF1zk38YxKQ,43,24.855,0.0,30.0,80.0,0.005,0.1,0.15,0.0,mad_only
vF1zk38YxKQ,44,25.45,0.0,30.0,80.0,0.005,0.1,0.15,0.0,mad_only
vF1zk38YxKQ,45,26.04,0.0,30.0,80.0,0.005,0.1,0.15,0.0,mad_only
vF1zk38YxKQ,46,26.635,0.0,30.0,80.0,0.005,0.1,0.15,0.0,mad_only
vF1zk38YxKQ,47,27.23,0.0,30.0,80.0,0.005,0.1,0.15,0.0,mad_only
vF1zk38YxKQ,48,27.82,0.0,30.0,80.0,0.005,0.1,0.15,0.0,mad_only
vF1zk38YxKQ,49,28.41,0.0,30.0,80.0,0.005,0.1,0.15,0.0,mad_only
vF1zk38YxKQ,50,28.98,0.0,30.0,80.0,0.005,0.1,0.15,0.0,mad_only
vF1zk38YxKQ,51,29.585,0.0,30.0,80.0,0.005,0.1,0.15,0.0,mad_only
wR9XzsRdg1M,0,0.92,0.0,30.0,80.0,0.005,0.1,0.15,0.0,mad_only
wR9XzsRdg1M,1,1.665,0.0,30.0,80.0,0.005,0.1,0.15,0.0,mad_only
wR9XzsRdg1M,2,2.49,0.0,30.0,80.0,0.005,0.1,0.15,0.0,mad_only
wR9XzsRdg1M,3,2.9,0.0,30.0,80.0,0.005,0.1,0.15,0.0,mad_only
wR9XzsRdg1M,4,3.295,0.0,30.0,80.0,0.005,0.1,0.15,0.0,mad_only
wR9XzsRdg1M,5,3.715,0.0,30.0,80.0,0.005,0.1,0.15,0.0,mad_only
wR9XzsRdg1M,6,4.13,0.0,30.0,80.0,0.005,0.1,0.15,0.0,mad_only
wR9XzsRdg1M,7,4.525,0.0,30.0,80.0,0.005,0.1,0.15,0.0,mad_only
wR9XzsRdg1M,8,4.925,0.0,30.0,80.0,0.005,0.1,0.15,0.0,mad_only
wR9XzsRdg1M,9,5.33,0.0,30.0,80.0,0.005,0.1,0.15,0.0,mad_only
wR9XzsRdg1M,10,5.74,0.0,30.0,80.0,0.005,0.1,0.15,0.0,mad_only
wR9XzsRdg1M,11,6.565,0.0,30.0,80.0,0.005,0.1,0.15,0.0,mad_only
wR9XzsRdg1M,12,6.98,0.0,30.0,80.0,0.005,0.1,0.15,0.0,mad_only
wR9XzsRdg1M,13,7.375,0.0,30.0,80.0,0.005,0.1,0.15,0.0,mad_only
wR9XzsRdg1M,14,8.19,0.0,30.0,80.0,0.005,0.1,0.15,0.0,mad_only
wR9XzsRdg1M,15,8.605,0.0,30.0,80.0,0.005,0.1,0.15,0.0,mad_only
wR9XzsRdg1M,16,9.0,0.0,30.0,80.0,0.005,0.1,0.15,0.0,mad_only
wR9XzsRdg1M,17,9.825000000000001,0.0,30.0,80.0,0.005,0.1,0.15,0.0,mad_only
wR9XzsRdg1M,18,10.24,0.0,30.0,80.0,0.005,0.1,0.15,0.0,mad_only
wR9XzsRdg1M,19,10.65,0.0,30.0,80.0,0.005,0.1,0.15,0.0,mad_only
wR9XzsRdg1M,20,11.06,0.0,30.0,80.0,0.005,0.1,0.15,0.0,mad_only
wR9XzsRdg1M,21,11.445,0.0,30.0,80.0,0.005,0.1,0.15,0.0,mad_only
wR9XzsRdg1M,22,11.865,0.0,30.0,80.0,0.005,0.1,0.15,0.0,mad_only
wR9XzsRdg1M,23,12.265,0.0,30.0,80.0,0.005,0.1,0.15,0.0,mad_only
wR9XzsRdg1M,24,12.695,0.0,30.0,80.0,0.005,0.1,0.15,0.0,mad_only
wR9XzsRdg1M,25,13.075000000000001,0.0,30.0,80.0,0.005,0.1,0.15,0.0,mad_only
wR9XzsRdg1M,26,13.5,0.0,30.0,80.0,0.005,0.1,0.15,0.0,mad_only
wR9XzsRdg1M,27,13.915000000000001,0.0,30.0,80.0,0.005,0.1,0.15,0.0,mad_only
wR9XzsRdg1M,28,14.33,0.0,30.0,80.0,0.005,0.1,0.15,0.0,mad_only
wR9XzsRdg1M,29,14.73,0.0,30.0,80.0,0.005,0.1,0.15,0.0,mad_only
wR9XzsRdg1M,30,15.145,0.0,30.0,80.0,0.005,0.1,0.15,0.0,mad_only
wR9XzsRdg1M,31,15.55,0.0,30.0,80.0,0.005,0.1,0.15,0.0,mad_only
wR9XzsRdg1M,32,15.975,0.0,30.0,80.0,0.005,0.1,0.15,0.0,mad_only
wR9XzsRdg1M,33,16.35,0.0,30.0,80.0,0.005,0.1,0.15,0.0,mad_only
wR9XzsRdg1M,34,16.77,0.0,30.0,80.0,0.005,0.1,0.15,0.0,mad_only
wR9XzsRdg1M,35,17.165,0.0,30.0,80.0,0.005,0.1,0.15,0.0,mad_only
wR9XzsRdg1M,36,17.565,0.0,30.0,80.0,0.005,0.1,0.15,0.0,mad_only
wR9XzsRdg1M,37,17.98,0.0,30.0,80.0,0.005,0.1,0.15,0.0,mad_only
wR9XzsRdg1M,38,18.400000000000002,0.0,30.0,80.0,0.005,0.1,0.15,0.0,mad_only
wR9XzsRdg1M,39,18.81,0.0,30.0,80.0,0.005,0.1,0.15,0.0,mad_only
wR9XzsRdg1M,40,19.22,0.0,30.0,80.0,0.005,0.1,0.15,0.0,mad_only
wR9XzsRdg1M,41,19.625,0.0,30.0,80.0,0.005,0.1,0.15,0.0,mad_only
wR9XzsRdg1M,42,20.045,0.0,30.0,80.0,0.005,0.1,0.15,0.0,mad_only
wR9XzsRdg1M,43,20.46,0.0,30.0,80.0,0.005,0.1,0.15,0.0,mad_only
wR9XzsRdg1M,44,20.855,0.0,30.0,80.0,0.005,0.1,0.15,0.0,mad_only
wR9XzsRdg1M,45,21.240000000000002,0.0,30.0,80.0,0.005,0.1,0.15,0.0,mad_only
wR9XzsRdg1M,46,21.665,0.0,30.0,80.0,0.005,0.1,0.15,0.0,mad_only
wR9XzsRdg1M,47,22.07,0.0,30.0,80.0,0.005,0.1,0.15,0.0,mad_only
wR9XzsRdg1M,48,22.475,0.0,30.0,80.0,0.005,0.1,0.15,0.0,mad_only
wR9XzsRdg1M,49,22.875,0.0,30.0,80.0,0.005,0.1,0.15,0.0,mad_only
wR9XzsRdg1M,50,23.295,0.0,30.0,80.0,0.005,0.1,0.15,0.0,mad_only
wR9XzsRdg1M,51,23.7,0.0,30.0,80.0,0.005,0.1,0.15,0.0,mad_only
wR9XzsRdg1M,52,24.12,0.0,30.0,80.0,0.005,0.1,0.15,0.0,mad_only
wR9XzsRdg1M,53,24.505,0.0,30.0,80.0,0.005,0.1,0.15,0.0,mad_only
wR9XzsRdg1M,54,24.925,0.0,30.0,80.0,0.005,0.1,0.15,0.0,mad_only
wR9XzsRdg1M,55,25.330000000000002,0.0,30.0,80.0,0.005,0.1,0.15,0.0,mad_only
wR9XzsRdg1M,56,25.745,0.0,30.0,80.0,0.005,0.1,0.15,0.0,mad_only
wR9XzsRdg1M,57,26.145,0.0,30.0,80.0,0.005,0.1,0.15,0.0,mad_only
wR9XzsRdg1M,58,26.55,0.0,30.0,80.0,0.005,0.1,0.15,0.0,mad_only
wR9XzsRdg1M,59,26.98,0.0,30.0,80.0,0.005,0.1,0.15,0.0,mad_only
wR9XzsRdg1M,60,27.39,0.0,30.0,80.0,0.005,0.1,0.15,0.0,mad_only
wR9XzsRdg1M,61,27.785,0.0,30.0,80.0,0.005,0.1,0.15,0.0,mad_only
wR9XzsRdg1M,62,28.195,0.0,30.0,80.0,0.005,0.1,0.15,0.0,mad_only
wR9XzsRdg1M,63,28.6,0.0,30.0,80.0,0.005,0.1,0.15,0.0,mad_only
wR9XzsRdg1M,64,29.01,0.0,30.0,80.0,0.005,0.1,0.15,0.0,mad_only
wR9XzsRdg1M,65,29.41,0.0,30.0,80.0,0.005,0.1,0.15,0.0,mad_only
wR9XzsRdg1M,66,29.82,0.0,30.0,80.0,0.005,0.1,0.15,0.0,mad_only
wbfPOw65xXw,0,0.555,0.0,30.0,80.0,0.005,0.1,0.15,0.0,mad_only
wbfPOw65xXw,1,0.88,0.0,30.0,80.0,0.005,0.1,0.15,0.0,mad_only
wbfPOw65xXw,2,1.2650000000000001,0.0,30.0,80.0,0.005,0.1,0.15,0.0,mad_only
wbfPOw65xXw,3,1.68,0.0,30.0,80.0,0.005,0.1,0.15,0.0,mad_only
wbfPOw65xXw,4,2.475,0.0,30.0,80.0,0.005,0.1,0.15,0.0,mad_only
wbfPOw65xXw,5,3.9,0.0,30.0,80.0,0.005,0.1,0.15,0.0,mad_only
wbfPOw65xXw,6,4.345,0.0,30.0,80.0,0.005,0.1,0.15,0.0,mad_only
wbfPOw65xXw,7,5.1450000000000005,0.0,30.0,80.0,0.005,0.1,0.15,0.0,mad_only
wbfPOw65xXw,8,5.94,0.0,30.0,80.0,0.005,0.1,0.15,0.0,mad_only
wbfPOw65xXw,9,6.735,0.0,30.0,80.0,0.005,0.1,0.15,0.0,mad_only
wbfPOw65xXw,10,7.58,0.0,30.0,80.0,0.005,0.1,0.15,0.0,mad_only
wbfPOw65xXw,11,8.395,0.0,30.0,80.0,0.005,0.1,0.15,0.0,mad_only
wbfPOw65xXw,12,8.785,0.0,30.0,80.0,0.005,0.1,0.15,0.0,mad_only
wbfPOw65xXw,13,9.21,0.0,30.0,80.0,0.005,0.1,0.15,0.0,mad_only
wbfPOw65xXw,14,9.645,0.0,30.0,80.0,0.005,0.1,0.15,0.0,mad_only
wbfPOw65xXw,15,10.045,0.0,30.0,80.0,0.005,0.1,0.15,0.0,mad_only
wbfPOw65xXw,16,10.44,0.0,30.0,80.0,0.005,0.1,0.15,0.0,mad_only
wbfPOw65xXw,17,10.84,0.0,30.0,80.0,0.005,0.1,0.15,0.0,mad_only
wbfPOw65xXw,18,11.26,0.0,30.0,80.0,0.005,0.1,0.15,0.0,mad_only
wbfPOw65xXw,19,11.68,0.0,30.0,80.0,0.005,0.1,0.15,0.0,mad_only
wbfPOw65xXw,20,12.48,0.0,30.0,80.0,0.005,0.1,0.15,0.0,mad_only
wbfPOw65xXw,21,13.14,0.0,30.0,80.0,0.005,0.1,0.15,0.0,mad_only
wbfPOw65xXw,22,14.09,0.0,30.0,80.0,0.005,0.1,0.15,0.0,mad_only
wbfPOw65xXw,23,14.895,0.0,30.0,80.0,0.005,0.1,0.15,0.0,mad_only
wbfPOw65xXw,24,15.715,0.0,30.0,80.0,0.005,0.1,0.15,0.0,mad_only
wbfPOw65xXw,25,16.56,0.0,30.0,80.0,0.005,0.1,0.15,0.0,mad_only
wbfPOw65xXw,26,17.355,0.0,30.0,80.0,0.005,0.1,0.15,0.0,mad_only
wbfPOw65xXw,27,18.19,0.0,30.0,80.0,0.005,0.1,0.15,0.0,mad_only
wbfPOw65xXw,28,19.005,0.0,30.0,80.0,0.005,0.1,0.15,0.0,mad_only
wbfPOw65xXw,29,19.84,0.0,30.0,80.0,0.005,0.1,0.15,0.0,mad_only
wbfPOw65xXw,30,20.64,0.0,30.0,80.0,0.005,0.1,0.15,0.0,mad_only
wbfPOw65xXw,31,21.425,0.0,30.0,80.0,0.005,0.1,0.15,0.0,mad_only
wbfPOw65xXw,32,22.245,0.0,30.0,80.0,0.005,0.1,0.15,0.0,mad_only
wbfPOw65xXw,33,23.065,0.0,30.0,80.0,0.005,0.1,0.15,0.0,mad_only
wbfPOw65xXw,34,23.47,0.0,30.0,80.0,0.005,0.1,0.15,0.0,mad_only
wbfPOw65xXw,35,23.885,0.0,30.0,80.0,0.005,0.1,0.15,0.0,mad_only
wbfPOw65xXw,36,24.275000000000002,0.0,30.0,80.0,0.005,0.1,0.15,0.0,mad_only
wbfPOw65xXw,37,25.09,0.0,30.0,80.0,0.005,0.1,0.15,0.0,mad_only
wbfPOw65xXw,38,25.505,0.0,30.0,80.0,0.005,0.1,0.15,0.0,mad_only
wbfPOw65xXw,39,26.335,0.0,30.0,80.0,0.005,0.1,0.15,0.0,mad_only
wbfPOw65xXw,40,26.75,0.0,30.0,80.0,0.005,0.1,0.15,0.0,mad_only
wbfPOw65xXw,41,27.155,0.0,30.0,80.0,0.005,0.1,0.15,0.0,mad_only
wbfPOw65xXw,42,27.55,0.0,30.0,80.0,0.005,0.1,0.15,0.0,mad_only
wbfPOw65xXw,43,27.965,0.0,30.0,80.0,0.005,0.1,0.15,0.0,mad_only
wbfPOw65xXw,44,28.375,0.0,30.0,80.0,0.005,0.1,0.15,0.0,mad_only
wbfPOw65xXw,45,28.78,0.0,30.0,80.0,0.005,0.1,0.15,0.0,mad_only
wbfPOw65xXw,46,29.16,0.0,30.0,80.0,0.005,0.1,0.15,0.0,mad_only
wbfPOw65xXw,47,29.565,0.0,30.0,80.0,0.005,0.1,0.15,0.0,mad_only
whnKlYxrops,0,1.135,0.0,30.0,80.0,0.005,0.1,0.15,0.0,mad_only
whnKlYxrops,1,1.86,0.0,30.0,80.0,0.005,0.1,0.15,0.0,mad_only
whnKlYxrops,2,2.585,0.0,30.0,80.0,0.005,0.1,0.15,0.0,mad_only
whnKlYxrops,3,3.34,0.0,30.0,80.0,0.005,0.1,0.15,0.0,mad_only
whnKlYxrops,4,3.705,0.0,30.0,80.0,0.005,0.1,0.15,0.0,mad_only
whnKlYxrops,5,4.065,0.0,30.0,80.0,0.005,0.1,0.15,0.0,mad_only
whnKlYxrops,6,4.4350000000000005,0.0,30.0,80.0,0.005,0.1,0.15,0.0,mad_only
whnKlYxrops,7,4.8100000000000005,0.0,30.0,80.0,0.005,0.1,0.15,0.0,mad_only
whnKlYxrops,8,5.19,0.0,30.0,80.0,0.005,0.1,0.15,0.0,mad_only
whnKlYxrops,9,5.545,0.0,30.0,80.0,0.005,0.1,0.15,0.0,mad_only
whnKlYxrops,10,5.915,0.0,30.0,80.0,0.005,0.1,0.15,0.0,mad_only
whnKlYxrops,11,6.295,0.0,30.0,80.0,0.005,0.1,0.15,0.0,mad_only
whnKlYxrops,12,6.67,0.0,30.0,80.0,0.005,0.1,0.15,0.0,mad_only
whnKlYxrops,13,7.0200000000000005,0.0,30.0,80.0,0.005,0.1,0.15,0.0,mad_only
whnKlYxrops,14,7.390000000000001,0.0,30.0,80.0,0.005,0.1,0.15,0.0,mad_only
whnKlYxrops,15,7.755,0.0,30.0,80.0,0.005,0.1,0.15,0.0,mad_only
whnKlYxrops,16,8.15,0.0,30.0,80.0,0.005,0.1,0.15,0.0,mad_only
whnKlYxrops,17,8.505,0.0,30.0,80.0,0.005,0.1,0.15,0.0,mad_only
whnKlYxrops,18,8.88,0.0,30.0,80.0,0.005,0.1,0.15,0.0,mad_only
whnKlYxrops,19,9.24,0.0,30.0,80.0,0.005,0.1,0.15,0.0,mad_only
whnKlYxrops,20,9.615,0.0,30.0,80.0,0.005,0.1,0.15,0.0,mad_only
whnKlYxrops,21,9.985,0.0,30.0,80.0,0.005,0.1,0.15,0.0,mad_only
whnKlYxrops,22,10.36,0.0,30.0,80.0,0.005,0.1,0.15,0.0,mad_only
whnKlYxrops,23,10.715,0.0,30.0,80.0,0.005,0.1,0.15,0.0,mad_only
whnKlYxrops,24,11.1,0.0,30.0,80.0,0.005,0.1,0.15,0.0,mad_only
whnKlYxrops,25,11.465,0.0,30.0,80.0,0.005,0.1,0.15,0.0,mad_only
whnKlYxrops,26,11.845,0.0,30.0,80.0,0.005,0.1,0.15,0.0,mad_only
whnKlYxrops,27,12.200000000000001,0.0,30.0,80.0,0.005,0.1,0.15,0.0,mad_only
whnKlYxrops,28,12.58,0.0,30.0,80.0,0.005,0.1,0.15,0.0,mad_only
whnKlYxrops,29,12.94,0.0,30.0,80.0,0.005,0.1,0.15,0.0,mad_only
whnKlYxrops,30,13.315,0.0,30.0,80.0,0.005,0.1,0.15,0.0,mad_only
whnKlYxrops,31,13.69,0.0,30.0,80.0,0.005,0.1,0.15,0.0,mad_only
whnKlYxrops,32,14.07,0.0,30.0,80.0,0.005,0.1,0.15,0.0,mad_only
whnKlYxrops,33,14.435,0.0,30.0,80.0,0.005,0.1,0.15,0.0,mad_only
whnKlYxrops,34,14.805,0.0,30.0,80.0,0.005,0.1,0.15,0.0,mad_only
whnKlYxrops,35,15.165000000000001,0.0,30.0,80.0,0.005,0.1,0.15,0.0,mad_only
whnKlYxrops,36,15.545,0.0,30.0,80.0,0.005,0.1,0.15,0.0,mad_only
whnKlYxrops,37,15.915000000000001,0.0,30.0,80.0,0.005,0.1,0.15,0.0,mad_only
whnKlYxrops,38,16.29,0.0,30.0,80.0,0.005,0.1,0.15,0.0,mad_only
whnKlYxrops,39,16.645,0.0,30.0,80.0,0.005,0.1,0.15,0.0,mad_only
whnKlYxrops,40,17.03,0.0,30.0,80.0,0.005,0.1,0.15,0.0,mad_only
whnKlYxrops,41,17.395,0.0,30.0,80.0,0.005,0.1,0.15,0.0,mad_only
whnKlYxrops,42,17.765,0.0,30.0,80.0,0.005,0.1,0.15,0.0,mad_only
whnKlYxrops,43,18.14,0.0,30.0,80.0,0.005,0.1,0.15,0.0,mad_only
whnKlYxrops,44,18.505,0.0,30.0,80.0,0.005,0.1,0.15,0.0,mad_only
whnKlYxrops,45,18.885,0.0,30.0,80.0,0.005,0.1,0.15,0.0,mad_only
whnKlYxrops,46,19.245,0.0,30.0,80.0,0.005,0.1,0.15,0.0,mad_only
whnKlYxrops,47,19.625,0.0,30.0,80.0,0.005,0.1,0.15,0.0,mad_only
whnKlYxrops,48,19.990000000000002,0.0,30.0,80.0,0.005,0.1,0.15,0.0,mad_only
whnKlYxrops,49,20.36,0.0,30.0,80.0,0.005,0.1,0.15,0.0,mad_only
whnKlYxrops,50,20.735,0.0,30.0,80.0,0.005,0.1,0.15,0.0,mad_only
whnKlYxrops,51,21.11,0.0,30.0,80.0,0.005,0.1,0.15,0.0,mad_only
whnKlYxrops,52,21.475,0.0,30.0,80.0,0.005,0.1,0.15,0.0,mad_only
whnKlYxrops,53,21.830000000000002,0.0,30.0,80.0,0.005,0.1,0.15,0.0,mad_only
whnKlYxrops,54,22.205000000000002,0.0,30.0,80.0,0.005,0.1,0.15,0.0,mad_only
whnKlYxrops,55,22.57,0.0,30.0,80.0,0.005,0.1,0.15,0.0,mad_only
whnKlYxrops,56,22.945,0.0,30.0,80.0,0.005,0.1,0.15,0.0,mad_only
whnKlYxrops,57,23.32,0.0,30.0,80.0,0.005,0.1,0.15,0.0,mad_only
whnKlYxrops,58,23.695,0.0,30.0,80.0,0.005,0.1,0.15,0.0,mad_only
whnKlYxrops,59,24.07,0.0,30.0,80.0,0.005,0.1,0.15,0.0,mad_only
whnKlYxrops,60,24.435000000000002,0.0,30.0,80.0,0.005,0.1,0.15,0.0,mad_only
whnKlYxrops,61,24.805,0.0,30.0,80.0,0.005,0.1,0.15,0.0,mad_only
whnKlYxrops,62,25.18,0.0,30.0,80.0,0.005,0.1,0.15,0.0,mad_only
whnKlYxrops,63,25.545,0.0,30.0,80.0,0.005,0.1,0.15,0.0,mad_only
whnKlYxrops,64,25.915,0.0,30.0,80.0,0.005,0.1,0.15,0.0,mad_only
whnKlYxrops,65,26.28,0.0,30.0,80.0,0.005,0.1,0.15,0.0,mad_only
whnKlYxrops,66,26.66,0.0,30.0,80.0,0.005,0.1,0.15,0.0,mad_only
whnKlYxrops,67,27.02,0.0,30.0,80.0,0.005,0.1,0.15,0.0,mad_only
whnKlYxrops,68,27.405,0.0,30.0,80.0,0.005,0.1,0.15,0.0,mad_only
whnKlYxrops,69,27.76,0.0,30.0,80.0,0.005,0.1,0.15,0.0,mad_only
whnKlYxrops,70,28.150000000000002,0.0,30.0,80.0,0.005,0.1,0.15,0.0,mad_only
whnKlYxrops,71,28.51,0.0,30.0,80.0,0.005,0.1,0.15,0.0,mad_only
whnKlYxrops,72,28.88,0.0,30.0,80.0,0.005,0.1,0.15,0.0,mad_only
whnKlYxrops,73,29.26,0.0,30.0,80.0,0.005,0.1,0.15,0.0,mad_only
whnKlYxrops,74,29.625,0.0,30.0,80.0,0.005,0.1,0.15,0.0,mad_only
wlTbG2KT7Qs,0,0.715,0.0,30.0,80.0,0.005,0.1,0.15,0.0,mad_only
wlTbG2KT7Qs,1,1.3,0.0,30.0,80.0,0.005,0.1,0.15,0.0,mad_only
wlTbG2KT7Qs,2,1.805,0.0,30.0,80.0,0.005,0.1,0.15,0.0,mad_only
wlTbG2KT7Qs,3,2.62,0.0,30.0,80.0,0.005,0.1,0.15,0.0,mad_only
wlTbG2KT7Qs,4,3.485,0.0,30.0,80.0,0.005,0.1,0.15,0.0,mad_only
wlTbG2KT7Qs,5,4.325,0.0,30.0,80.0,0.005,0.1,0.15,0.0,mad_only
wlTbG2KT7Qs,6,4.64,0.0,30.0,80.0,0.005,0.1,0.15,0.0,mad_only
wlTbG2KT7Qs,7,5.175,0.0,30.0,80.0,0.005,0.1,0.15,0.0,mad_only
wlTbG2KT7Qs,8,6.045,0.0,30.0,80.0,0.005,0.1,0.15,0.0,mad_only
wlTbG2KT7Qs,9,6.355,0.0,30.0,80.0,0.005,0.1,0.15,0.0,mad_only
wlTbG2KT7Qs,10,6.91,0.0,30.0,80.0,0.005,0.1,0.15,0.0,mad_only
wlTbG2KT7Qs,11,7.4750000000000005,0.0,30.0,80.0,0.005,0.1,0.15,0.0,mad_only
wlTbG2KT7Qs,12,7.76,0.0,30.0,80.0,0.005,0.1,0.15,0.0,mad_only
wlTbG2KT7Qs,13,8.625,0.0,30.0,80.0,0.005,0.1,0.15,0.0,mad_only
wlTbG2KT7Qs,14,9.185,0.0,30.0,80.0,0.005,0.1,0.15,0.0,mad_only
wlTbG2KT7Qs,15,9.475,0.0,30.0,80.0,0.005,0.1,0.15,0.0,mad_only
wlTbG2KT7Qs,16,9.765,0.0,30.0,80.0,0.005,0.1,0.15,0.0,mad_only
wlTbG2KT7Qs,17,10.040000000000001,0.0,30.0,80.0,0.005,0.1,0.15,0.0,mad_only
wlTbG2KT7Qs,18,10.32,0.0,30.0,80.0,0.005,0.1,0.15,0.0,mad_only
wlTbG2KT7Qs,19,10.63,0.0,30.0,80.0,0.005,0.1,0.15,0.0,mad_only
wlTbG2KT7Qs,20,10.9,0.0,30.0,80.0,0.005,0.1,0.15,0.0,mad_only
wlTbG2KT7Qs,21,11.17,0.0,30.0,80.0,0.005,0.1,0.15,0.0,mad_only
wlTbG2KT7Qs,22,11.49,0.0,30.0,80.0,0.005,0.1,0.15,0.0,mad_only
wlTbG2KT7Qs,23,11.785,0.0,30.0,80.0,0.005,0.1,0.15,0.0,mad_only
wlTbG2KT7Qs,24,12.055,0.0,30.0,80.0,0.005,0.1,0.15,0.0,mad_only
wlTbG2KT7Qs,25,12.6,0.0,30.0,80.0,0.005,0.1,0.15,0.0,mad_only
wlTbG2KT7Qs,26,12.885,0.0,30.0,80.0,0.005,0.1,0.15,0.0,mad_only
wlTbG2KT7Qs,27,13.755,0.0,30.0,80.0,0.005,0.1,0.15,0.0,mad_only
wlTbG2KT7Qs,28,14.06,0.0,30.0,80.0,0.005,0.1,0.15,0.0,mad_only
wlTbG2KT7Qs,29,14.335,0.0,30.0,80.0,0.005,0.1,0.15,0.0,mad_only
wlTbG2KT7Qs,30,14.620000000000001,0.0,30.0,80.0,0.005,0.1,0.15,0.0,mad_only
wlTbG2KT7Qs,31,14.915000000000001,0.0,30.0,80.0,0.005,0.1,0.15,0.0,mad_only
wlTbG2KT7Qs,32,15.485000000000001,0.0,30.0,80.0,0.005,0.1,0.15,0.0,mad_only
wlTbG2KT7Qs,33,16.075,0.0,30.0,80.0,0.005,0.1,0.15,0.0,mad_only
wlTbG2KT7Qs,34,16.35,0.0,30.0,80.0,0.005,0.1,0.15,0.0,mad_only
wlTbG2KT7Qs,35,16.645,0.0,30.0,80.0,0.005,0.1,0.15,0.0,mad_only
wlTbG2KT7Qs,36,16.915,0.0,30.0,80.0,0.005,0.1,0.15,0.0,mad_only
wlTbG2KT7Qs,37,17.2,0.0,30.0,80.0,0.005,0.1,0.15,0.0,mad_only
wlTbG2KT7Qs,38,17.495,0.0,30.0,80.0,0.005,0.1,0.15,0.0,mad_only
wlTbG2KT7Qs,39,18.035,0.0,30.0,80.0,0.005,0.1,0.15,0.0,mad_only
wlTbG2KT7Qs,40,18.34,0.0,30.0,80.0,0.005,0.1,0.15,0.0,mad_only
wlTbG2KT7Qs,41,18.64,0.0,30.0,80.0,0.005,0.1,0.15,0.0,mad_only
wlTbG2KT7Qs,42,18.915,0.0,30.0,80.0,0.005,0.1,0.15,0.0,mad_only
wlTbG2KT7Qs,43,19.475,0.0,30.0,80.0,0.005,0.1,0.15,0.0,mad_only
wlTbG2KT7Qs,44,19.77,0.0,30.0,80.0,0.005,0.1,0.15,0.0,mad_only
wlTbG2KT7Qs,45,20.055,0.0,30.0,80.0,0.005,0.1,0.15,0.0,mad_only
wlTbG2KT7Qs,46,20.35,0.0,30.0,80.0,0.005,0.1,0.15,0.0,mad_only
wlTbG2KT7Qs,47,20.625,0.0,30.0,80.0,0.005,0.1,0.15,0.0,mad_only
wlTbG2KT7Qs,48,20.915,0.0,30.0,80.0,0.005,0.1,0.15,0.0,mad_only
wlTbG2KT7Qs,49,21.22,0.0,30.0,80.0,0.005,0.1,0.15,0.0,mad_only
wlTbG2KT7Qs,50,21.48,0.0,30.0,80.0,0.005,0.1,0.15,0.0,mad_only
wlTbG2KT7Qs,51,22.06,0.0,30.0,80.0,0.005,0.1,0.15,0.0,mad_only
wlTbG2KT7Qs,52,22.345,0.0,30.0,80.0,0.005,0.1,0.15,0.0,mad_only
wlTbG2KT7Qs,53,22.66,0.0,30.0,80.0,0.005,0.1,0.15,0.0,mad_only
wlTbG2KT7Qs,54,22.925,0.0,30.0,80.0,0.005,0.1,0.15,0.0,mad_only
wlTbG2KT7Qs,55,23.21,0.0,30.0,80.0,0.005,0.1,0.15,0.0,mad_only
wlTbG2KT7Qs,56,23.505,0.0,30.0,80.0,0.005,0.1,0.15,0.0,mad_only
wlTbG2KT7Qs,57,23.775000000000002,0.0,30.0,80.0,0.005,0.1,0.15,0.0,mad_only
wlTbG2KT7Qs,58,24.065,0.0,30.0,80.0,0.005,0.1,0.15,0.0,mad_only
wlTbG2KT7Qs,59,24.355,0.0,30.0,80.0,0.005,0.1,0.15,0.0,mad_only
wlTbG2KT7Qs,60,24.635,0.0,30.0,80.0,0.005,0.1,0.15,0.0,mad_only
wlTbG2KT7Qs,61,24.900000000000002,0.0,30.0,80.0,0.005,0.1,0.15,0.0,mad_only
wlTbG2KT7Qs,62,25.455000000000002,0.0,30.0,80.0,0.005,0.1,0.15,0.0,mad_only
wlTbG2KT7Qs,63,25.755,0.0,30.0,80.0,0.005,0.1,0.15,0.0,mad_only
wlTbG2KT7Qs,64,26.07,0.0,30.0,80.0,0.005,0.1,0.15,0.0,mad_only
wlTbG2KT7Qs,65,26.345,0.0,30.0,80.0,0.005,0.1,0.15,0.0,mad_only
wlTbG2KT7Qs,66,26.650000000000002,0.0,30.0,80.0,0.005,0.1,0.15,0.0,mad_only
wlTbG2KT7Qs,67,26.95,0.0,30.0,80.0,0.005,0.1,0.15,0.0,mad_only
wlTbG2KT7Qs,68,27.23,0.0,30.0,80.0,0.005,0.1,0.15,0.0,mad_only
wlTbG2KT7Qs,69,27.5,0.0,30.0,80.0,0.005,0.1,0.15,0.0,mad_only
wlTbG2KT7Qs,70,28.055,0.0,30.0,80.0,0.005,0.1,0.15,0.0,mad_only
wlTbG2KT7Qs,71,28.335,0.0,30.0,80.0,0.005,0.1,0.15,0.0,mad_only
wlTbG2KT7Qs,72,29.175,0.0,30.0,80.0,0.005,0.1,0.15,0.0,mad_only
wlTbG2KT7Qs,73,29.740000000000002,0.0,30.0,80.0,0.005,0.1,0.15,0.0,mad_only
x0tJ_ICD47Y,0,0.805,0.0,30.0,80.0,0.005,0.1,0.15,0.0,mad_only
x0tJ_ICD47Y,1,1.37,0.0,30.0,80.0,0.005,0.1,0.15,0.0,mad_only
x0tJ_ICD47Y,2,2.015,0.0,30.0,80.0,0.005,0.1,0.15,0.0,mad_only
x0tJ_ICD47Y,3,2.66,0.0,30.0,80.0,0.005,0.1,0.15,0.0,mad_only
x0tJ_ICD47Y,4,2.96,0.0,30.0,80.0,0.005,0.1,0.15,0.0,mad_only
x0tJ_ICD47Y,5,3.29,0.0,30.0,80.0,0.005,0.1,0.15,0.0,mad_only
x0tJ_ICD47Y,6,3.595,0.0,30.0,80.0,0.005,0.1,0.15,0.0,mad_only
x0tJ_ICD47Y,7,3.9450000000000003,0.0,30.0,80.0,0.005,0.1,0.15,0.0,mad_only
x0tJ_ICD47Y,8,4.255,0.0,30.0,80.0,0.005,0.1,0.15,0.0,mad_only
x0tJ_ICD47Y,9,4.58,0.0,30.0,80.0,0.005,0.1,0.15,0.0,mad_only
x0tJ_ICD47Y,10,4.925,0.0,30.0,80.0,0.005,0.1,0.15,0.0,mad_only
x0tJ_ICD47Y,11,5.245,0.0,30.0,80.0,0.005,0.1,0.15,0.0,mad_only
x0tJ_ICD47Y,12,5.595,0.0,30.0,80.0,0.005,0.1,0.15,0.0,mad_only
x0tJ_ICD47Y,13,5.915,0.0,30.0,80.0,0.005,0.1,0.15,0.0,mad_only
x0tJ_ICD47Y,14,6.2700000000000005,0.0,30.0,80.0,0.005,0.1,0.15,0.0,mad_only
x0tJ_ICD47Y,15,6.575,0.0,30.0,80.0,0.005,0.1,0.15,0.0,mad_only
x0tJ_ICD47Y,16,6.91,0.0,30.0,80.0,0.005,0.1,0.15,0.0,mad_only
x0tJ_ICD47Y,17,7.215,0.0,30.0,80.0,0.005,0.1,0.15,0.0,mad_only
x0tJ_ICD47Y,18,7.545,0.0,30.0,80.0,0.005,0.1,0.15,0.0,mad_only
x0tJ_ICD47Y,19,7.855,0.0,30.0,80.0,0.005,0.1,0.15,0.0,mad_only
x0tJ_ICD47Y,20,8.205,0.0,30.0,80.0,0.005,0.1,0.15,0.0,mad_only
x0tJ_ICD47Y,21,8.51,0.0,30.0,80.0,0.005,0.1,0.15,0.0,mad_only
x0tJ_ICD47Y,22,8.845,0.0,30.0,80.0,0.005,0.1,0.15,0.0,mad_only
x0tJ_ICD47Y,23,9.165000000000001,0.0,30.0,80.0,0.005,0.1,0.15,0.0,mad_only
x0tJ_ICD47Y,24,9.48,0.0,30.0,80.0,0.005,0.1,0.15,0.0,mad_only
x0tJ_ICD47Y,25,9.815,0.0,30.0,80.0,0.005,0.1,0.15,0.0,mad_only
x0tJ_ICD47Y,26,10.145,0.0,30.0,80.0,0.005,0.1,0.15,0.0,mad_only
x0tJ_ICD47Y,27,10.48,0.0,30.0,80.0,0.005,0.1,0.15,0.0,mad_only
x0tJ_ICD47Y,28,10.805,0.0,30.0,80.0,0.005,0.1,0.15,0.0,mad_only
x0tJ_ICD47Y,29,11.135,0.0,30.0,80.0,0.005,0.1,0.15,0.0,mad_only
x0tJ_ICD47Y,30,11.445,0.0,30.0,80.0,0.005,0.1,0.15,0.0,mad_only
x0tJ_ICD47Y,31,11.78,0.0,30.0,80.0,0.005,0.1,0.15,0.0,mad_only
x0tJ_ICD47Y,32,12.09,0.0,30.0,80.0,0.005,0.1,0.15,0.0,mad_only
x0tJ_ICD47Y,33,12.42,0.0,30.0,80.0,0.005,0.1,0.15,0.0,mad_only
x0tJ_ICD47Y,34,12.75,0.0,30.0,80.0,0.005,0.1,0.15,0.0,mad_only
x0tJ_ICD47Y,35,13.095,0.0,30.0,80.0,0.005,0.1,0.15,0.0,mad_only
x0tJ_ICD47Y,36,13.42,0.0,30.0,80.0,0.005,0.1,0.15,0.0,mad_only
x0tJ_ICD47Y,37,13.755,0.0,30.0,80.0,0.005,0.1,0.15,0.0,mad_only
x0tJ_ICD47Y,38,14.06,0.0,30.0,80.0,0.005,0.1,0.15,0.0,mad_only
x0tJ_ICD47Y,39,14.39,0.0,30.0,80.0,0.005,0.1,0.15,0.0,mad_only
x0tJ_ICD47Y,40,14.715,0.0,30.0,80.0,0.005,0.1,0.15,0.0,mad_only
x0tJ_ICD47Y,41,15.035,0.0,30.0,80.0,0.005,0.1,0.15,0.0,mad_only
x0tJ_ICD47Y,42,15.370000000000001,0.0,30.0,80.0,0.005,0.1,0.15,0.0,mad_only
x0tJ_ICD47Y,43,15.69,0.0,30.0,80.0,0.005,0.1,0.15,0.0,mad_only
x0tJ_ICD47Y,44,16.035,0.0,30.0,80.0,0.005,0.1,0.15,0.0,mad_only
x0tJ_ICD47Y,45,16.345,0.0,30.0,80.0,0.005,0.1,0.15,0.0,mad_only
x0tJ_ICD47Y,46,16.675,0.0,30.0,80.0,0.005,0.1,0.15,0.0,mad_only
x0tJ_ICD47Y,47,16.990000000000002,0.0,30.0,80.0,0.005,0.1,0.15,0.0,mad_only
x0tJ_ICD47Y,48,17.31,0.0,30.0,80.0,0.005,0.1,0.15,0.0,mad_only
x0tJ_ICD47Y,49,17.635,0.0,30.0,80.0,0.005,0.1,0.15,0.0,mad_only
x0tJ_ICD47Y,50,17.955000000000002,0.0,30.0,80.0,0.005,0.1,0.15,0.0,mad_only
x0tJ_ICD47Y,51,18.3,0.0,30.0,80.0,0.005,0.1,0.15,0.0,mad_only
x0tJ_ICD47Y,52,18.63,0.0,30.0,80.0,0.005,0.1,0.15,0.0,mad_only
x0tJ_ICD47Y,53,18.96,0.0,30.0,80.0,0.005,0.1,0.15,0.0,mad_only
x0tJ_ICD47Y,54,19.29,0.0,30.0,80.0,0.005,0.1,0.15,0.0,mad_only
x0tJ_ICD47Y,55,19.615000000000002,0.0,30.0,80.0,0.005,0.1,0.15,0.0,mad_only
x0tJ_ICD47Y,56,19.93,0.0,30.0,80.0,0.005,0.1,0.15,0.0,mad_only
x0tJ_ICD47Y,57,20.255,0.0,30.0,80.0,0.005,0.1,0.15,0.0,mad_only
x0tJ_ICD47Y,58,20.57,0.0,30.0,80.0,0.005,0.1,0.15,0.0,mad_only
x0tJ_ICD47Y,59,20.905,0.0,30.0,80.0,0.005,0.1,0.15,0.0,mad_only
x0tJ_ICD47Y,60,21.235,0.0,30.0,80.0,0.005,0.1,0.15,0.0,mad_only
x0tJ_ICD47Y,61,21.565,0.0,30.0,80.0,0.005,0.1,0.15,0.0,mad_only
x0tJ_ICD47Y,62,21.885,0.0,30.0,80.0,0.005,0.1,0.15,0.0,mad_only
x0tJ_ICD47Y,63,22.215,0.0,30.0,80.0,0.005,0.1,0.15,0.0,mad_only
x0tJ_ICD47Y,64,22.535,0.0,30.0,80.0,0.005,0.1,0.15,0.0,mad_only
x0tJ_ICD47Y,65,22.86,0.0,30.0,80.0,0.005,0.1,0.15,0.0,mad_only
x0tJ_ICD47Y,66,23.18,0.0,30.0,80.0,0.005,0.1,0.15,0.0,mad_only
x0tJ_ICD47Y,67,23.52,0.0,30.0,80.0,0.005,0.1,0.15,0.0,mad_only
x0tJ_ICD47Y,68,23.845,0.0,30.0,80.0,0.005,0.1,0.15,0.0,mad_only
x0tJ_ICD47Y,69,24.165,0.0,30.0,80.0,0.005,0.1,0.15,0.0,mad_only
x0tJ_ICD47Y,70,24.495,0.0,30.0,80.0,0.005,0.1,0.15,0.0,mad_only
x0tJ_ICD47Y,71,24.815,0.0,30.0,80.0,0.005,0.1,0.15,0.0,mad_only
x0tJ_ICD47Y,72,25.16,0.0,30.0,80.0,0.005,0.1,0.15,0.0,mad_only
x0tJ_ICD47Y,73,25.475,0.0,30.0,80.0,0.005,0.1,0.15,0.0,mad_only
x0tJ_ICD47Y,74,25.815,0.0,30.0,80.0,0.005,0.1,0.15,0.0,mad_only
x0tJ_ICD47Y,75,26.13,0.0,30.0,80.0,0.005,0.1,0.15,0.0,mad_only
x0tJ_ICD47Y,76,26.46,0.0,30.0,80.0,0.005,0.1,0.15,0.0,mad_only
x0tJ_ICD47Y,77,26.77,0.0,30.0,80.0,0.005,0.1,0.15,0.0,mad_only
x0tJ_ICD47Y,78,27.11,0.0,30.0,80.0,0.005,0.1,0.15,0.0,mad_only
x0tJ_ICD47Y,79,27.425,0.0,30.0,80.0,0.005,0.1,0.15,0.0,mad_only
x0tJ_ICD47Y,80,27.755,0.0,30.0,80.0,0.005,0.1,0.15,0.0,mad_only
x0tJ_ICD47Y,81,28.085,0.0,30.0,80.0,0.005,0.1,0.15,0.0,mad_only
x0tJ_ICD47Y,82,28.415,0.0,30.0,80.0,0.005,0.1,0.15,0.0,mad_only
x0tJ_ICD47Y,83,28.735,0.0,30.0,80.0,0.005,0.1,0.15,0.0,mad_only
x0tJ_ICD47Y,84,29.07,0.0,30.0,80.0,0.005,0.1,0.15,0.0,mad_only
x0tJ_ICD47Y,85,29.385,0.0,30.0,80.0,0.005,0.1,0.15,0.0,mad_only
x0tJ_ICD47Y,86,29.71,0.0,30.0,80.0,0.005,0.1,0.15,0.0,mad_only
x4XOZ4LotYc,0,0.595,0.0,30.0,80.0,0.005,0.1,0.15,0.0,mad_only
x4XOZ4LotYc,1,1.175,0.0,30.0,80.0,0.005,0.1,0.15,0.0,mad_only
x4XOZ4LotYc,2,1.74,0.0,30.0,80.0,0.005,0.1,0.15,0.0,mad_only
x4XOZ4LotYc,3,2.315,0.0,30.0,80.0,0.005,0.1,0.15,0.0,mad_only
x4XOZ4LotYc,4,2.89,0.0,30.0,80.0,0.005,0.1,0.15,0.0,mad_only
x4XOZ4LotYc,5,3.46,0.0,30.0,80.0,0.005,0.1,0.15,0.0,mad_only
x4XOZ4LotYc,6,4.04,0.0,30.0,80.0,0.005,0.1,0.15,0.0,mad_only
x4XOZ4LotYc,7,4.62,0.0,30.0,80.0,0.005,0.1,0.15,0.0,mad_only
x4XOZ4LotYc,8,5.195,0.0,30.0,80.0,0.005,0.1,0.15,0.0,mad_only
x4XOZ4LotYc,9,5.7700000000000005,0.0,30.0,80.0,0.005,0.1,0.15,0.0,mad_only
x4XOZ4LotYc,10,6.3500000000000005,0.0,30.0,80.0,0.005,0.1,0.15,0.0,mad_only
x4XOZ4LotYc,11,6.925,0.0,30.0,80.0,0.005,0.1,0.15,0.0,mad_only
x4XOZ4LotYc,12,7.5,0.0,30.0,80.0,0.005,0.1,0.15,0.0,mad_only
x4XOZ4LotYc,13,8.075,0.0,30.0,80.0,0.005,0.1,0.15,0.0,mad_only
x4XOZ4LotYc,14,8.65,0.0,30.0,80.0,0.005,0.1,0.15,0.0,mad_only
x4XOZ4LotYc,15,9.23,0.0,30.0,80.0,0.005,0.1,0.15,0.0,mad_only
x4XOZ4LotYc,16,9.81,0.0,30.0,80.0,0.005,0.1,0.15,0.0,mad_only
x4XOZ4LotYc,17,10.38,0.0,30.0,80.0,0.005,0.1,0.15,0.0,mad_only
x4XOZ4LotYc,18,10.96,0.0,30.0,80.0,0.005,0.1,0.15,0.0,mad_only
x4XOZ4LotYc,19,11.535,0.0,30.0,80.0,0.005,0.1,0.15,0.0,mad_only
x4XOZ4LotYc,20,12.11,0.0,30.0,80.0,0.005,0.1,0.15,0.0,mad_only
x4XOZ4LotYc,21,12.69,0.0,30.0,80.0,0.005,0.1,0.15,0.0,mad_only
x4XOZ4LotYc,22,13.26,0.0,30.0,80.0,0.005,0.1,0.15,0.0,mad_only
x4XOZ4LotYc,23,13.84,0.0,30.0,80.0,0.005,0.1,0.15,0.0,mad_only
x4XOZ4LotYc,24,14.425,0.0,30.0,80.0,0.005,0.1,0.15,0.0,mad_only
x4XOZ4LotYc,25,14.99,0.0,30.0,80.0,0.005,0.1,0.15,0.0,mad_only
x4XOZ4LotYc,26,15.575000000000001,0.0,30.0,80.0,0.005,0.1,0.15,0.0,mad_only
x4XOZ4LotYc,27,16.145,0.0,30.0,80.0,0.005,0.1,0.15,0.0,mad_only
x4XOZ4LotYc,28,16.725,0.0,30.0,80.0,0.005,0.1,0.15,0.0,mad_only
x4XOZ4LotYc,29,17.295,0.0,30.0,80.0,0.005,0.1,0.15,0.0,mad_only
x4XOZ4LotYc,30,17.88,0.0,30.0,80.0,0.005,0.1,0.15,0.0,mad_only
x4XOZ4LotYc,31,18.45,0.0,30.0,80.0,0.005,0.1,0.15,0.0,mad_only
x4XOZ4LotYc,32,19.03,0.0,30.0,80.0,0.005,0.1,0.15,0.0,mad_only
x4XOZ4LotYc,33,19.595,0.0,30.0,80.0,0.005,0.1,0.15,0.0,mad_only
x4XOZ4LotYc,34,20.18,0.0,30.0,80.0,0.005,0.1,0.15,0.0,mad_only
x4XOZ4LotYc,35,20.76,0.0,30.0,80.0,0.005,0.1,0.15,0.0,mad_only
x4XOZ4LotYc,36,21.34,0.0,30.0,80.0,0.005,0.1,0.15,0.0,mad_only
x4XOZ4LotYc,37,21.905,0.0,30.0,80.0,0.005,0.1,0.15,0.0,mad_only
x4XOZ4LotYc,38,22.490000000000002,0.0,30.0,80.0,0.005,0.1,0.15,0.0,mad_only
x4XOZ4LotYc,39,23.07,0.0,30.0,80.0,0.005,0.1,0.15,0.0,mad_only
x4XOZ4LotYc,40,23.635,0.0,30.0,80.0,0.005,0.1,0.15,0.0,mad_only
x4XOZ4LotYc,41,24.215,0.0,30.0,80.0,0.005,0.1,0.15,0.0,mad_only
x4XOZ4LotYc,42,24.795,0.0,30.0,80.0,0.005,0.1,0.15,0.0,mad_only
x4XOZ4LotYc,43,25.37,0.0,30.0,80.0,0.005,0.1,0.15,0.0,mad_only
x4XOZ4LotYc,44,25.945,0.0,30.0,80.0,0.005,0.1,0.15,0.0,mad_only
x4XOZ4LotYc,45,26.52,0.0,30.0,80.0,0.005,0.1,0.15,0.0,mad_only
x4XOZ4LotYc,46,27.1,0.0,30.0,80.0,0.005,0.1,0.15,0.0,mad_only
x4XOZ4LotYc,47,27.68,0.0,30.0,80.0,0.005,0.1,0.15,0.0,mad_only
x4XOZ4LotYc,48,28.26,0.0,30.0,80.0,0.005,0.1,0.15,0.0,mad_only
x4XOZ4LotYc,49,28.835,0.0,30.0,80.0,0.005,0.1,0.15,0.0,mad_only
x4XOZ4LotYc,50,29.42,0.0,30.0,80.0,0.005,0.1,0.15,0.0,mad_only
x_rLT6Y93rk,0,0.915,0.0,30.0,80.0,0.005,0.1,0.15,0.0,mad_only
x_rLT6Y93rk,1,1.335,0.0,30.0,80.0,0.005,0.1,0.15,0.0,mad_only
x_rLT6Y93rk,2,2.395,0.0,30.0,80.0,0.005,0.1,0.15,0.0,mad_only
x_rLT6Y93rk,3,3.565,0.0,30.0,80.0,0.005,0.1,0.15,0.0,mad_only
x_rLT6Y93rk,4,4.525,0.0,30.0,80.0,0.005,0.1,0.15,0.0,mad_only
x_rLT6Y93rk,5,5.76,0.0,30.0,80.0,0.005,0.1,0.15,0.0,mad_only
x_rLT6Y93rk,6,6.8950000000000005,0.0,30.0,80.0,0.005,0.1,0.15,0.0,mad_only
x_rLT6Y93rk,7,7.825,0.0,30.0,80.0,0.005,0.1,0.15,0.0,mad_only
x_rLT6Y93rk,8,8.355,0.0,30.0,80.0,0.005,0.1,0.15,0.0,mad_only
x_rLT6Y93rk,9,9.200000000000001,0.0,30.0,80.0,0.005,0.1,0.15,0.0,mad_only
x_rLT6Y93rk,10,10.415000000000001,0.0,30.0,80.0,0.005,0.1,0.15,0.0,mad_only
x_rLT6Y93rk,11,11.125,0.0,30.0,80.0,0.005,0.1,0.15,0.0,mad_only
x_rLT6Y93rk,12,11.540000000000001,0.0,30.0,80.0,0.005,0.1,0.15,0.0,mad_only
x_rLT6Y93rk,13,11.99,0.0,30.0,80.0,0.005,0.1,0.15,0.0,mad_only
x_rLT6Y93rk,14,12.82,0.0,30.0,80.0,0.005,0.1,0.15,0.0,mad_only
x_rLT6Y93rk,15,13.61,0.0,30.0,80.0,0.005,0.1,0.15,0.0,mad_only
x_rLT6Y93rk,16,14.395,0.0,30.0,80.0,0.005,0.1,0.15,0.0,mad_only
x_rLT6Y93rk,17,14.825000000000001,0.0,30.0,80.0,0.005,0.1,0.15,0.0,mad_only
x_rLT6Y93rk,18,15.185,0.0,30.0,80.0,0.005,0.1,0.15,0.0,mad_only
x_rLT6Y93rk,19,15.64,0.0,30.0,80.0,0.005,0.1,0.15,0.0,mad_only
x_rLT6Y93rk,20,16.005,0.0,30.0,80.0,0.005,0.1,0.15,0.0,mad_only
x_rLT6Y93rk,21,16.4,0.0,30.0,80.0,0.005,0.1,0.15,0.0,mad_only
x_rLT6Y93rk,22,16.78,0.0,30.0,80.0,0.005,0.1,0.15,0.0,mad_only
x_rLT6Y93rk,23,17.62,0.0,30.0,80.0,0.005,0.1,0.15,0.0,mad_only
x_rLT6Y93rk,24,18.37,0.0,30.0,80.0,0.005,0.1,0.15,0.0,mad_only
x_rLT6Y93rk,25,19.155,0.0,30.0,80.0,0.005,0.1,0.15,0.0,mad_only
x_rLT6Y93rk,26,19.54,0.0,30.0,80.0,0.005,0.1,0.15,0.0,mad_only
x_rLT6Y93rk,27,19.93,0.0,30.0,80.0,0.005,0.1,0.15,0.0,mad_only
x_rLT6Y93rk,28,20.79,0.0,30.0,80.0,0.005,0.1,0.15,0.0,mad_only
x_rLT6Y93rk,29,21.52,0.0,30.0,80.0,0.005,0.1,0.15,0.0,mad_only
x_rLT6Y93rk,30,21.93,0.0,30.0,80.0,0.005,0.1,0.15,0.0,mad_only
x_rLT6Y93rk,31,22.375,0.0,30.0,80.0,0.005,0.1,0.15,0.0,mad_only
x_rLT6Y93rk,32,22.765,0.0,30.0,80.0,0.005,0.1,0.15,0.0,mad_only
x_rLT6Y93rk,33,23.175,0.0,30.0,80.0,0.005,0.1,0.15,0.0,mad_only
x_rLT6Y93rk,34,23.905,0.0,30.0,80.0,0.005,0.1,0.15,0.0,mad_only
x_rLT6Y93rk,35,24.66,0.0,30.0,80.0,0.005,0.1,0.15,0.0,mad_only
x_rLT6Y93rk,36,25.435000000000002,0.0,30.0,80.0,0.005,0.1,0.15,0.0,mad_only
x_rLT6Y93rk,37,26.225,0.0,30.0,80.0,0.005,0.1,0.15,0.0,mad_only
x_rLT6Y93rk,38,27.005,0.0,30.0,80.0,0.005,0.1,0.15,0.0,mad_only
x_rLT6Y93rk,39,27.810000000000002,0.0,30.0,80.0,0.005,0.1,0.15,0.0,mad_only
x_rLT6Y93rk,40,28.580000000000002,0.0,30.0,80.0,0.005,0.1,0.15,0.0,mad_only
x_rLT6Y93rk,41,29.365000000000002,0.0,30.0,80.0,0.005,0.1,0.15,0.0,mad_only
xiWtqVtd1Oo,0,0.8300000000000001,0.0,30.0,80.0,0.005,0.1,0.15,0.0,mad_only
xiWtqVtd1Oo,1,1.2750000000000001,0.0,30.0,80.0,0.005,0.1,0.15,0.0,mad_only
xiWtqVtd1Oo,2,1.705,0.0,30.0,80.0,0.005,0.1,0.15,0.0,mad_only
xiWtqVtd1Oo,3,2.16,0.0,30.0,80.0,0.005,0.1,0.15,0.0,mad_only
xiWtqVtd1Oo,4,2.61,0.0,30.0,80.0,0.005,0.1,0.15,0.0,mad_only
xiWtqVtd1Oo,5,3.08,0.0,30.0,80.0,0.005,0.1,0.15,0.0,mad_only
xiWtqVtd1Oo,6,3.5300000000000002,0.0,30.0,80.0,0.005,0.1,0.15,0.0,mad_only
xiWtqVtd1Oo,7,3.985,0.0,30.0,80.0,0.005,0.1,0.15,0.0,mad_only
xiWtqVtd1Oo,8,4.4350000000000005,0.0,30.0,80.0,0.005,0.1,0.15,0.0,mad_only
xiWtqVtd1Oo,9,4.885,0.0,30.0,80.0,0.005,0.1,0.15,0.0,mad_only
xiWtqVtd1Oo,10,5.335,0.0,30.0,80.0,0.005,0.1,0.15,0.0,mad_only
xiWtqVtd1Oo,11,5.785,0.0,30.0,80.0,0.005,0.1,0.15,0.0,mad_only
xiWtqVtd1Oo,12,6.245,0.0,30.0,80.0,0.005,0.1,0.15,0.0,mad_only
xiWtqVtd1Oo,13,6.69,0.0,30.0,80.0,0.005,0.1,0.15,0.0,mad_only
xiWtqVtd1Oo,14,7.140000000000001,0.0,30.0,80.0,0.005,0.1,0.15,0.0,mad_only
xiWtqVtd1Oo,15,7.59,0.0,30.0,80.0,0.005,0.1,0.15,0.0,mad_only
xiWtqVtd1Oo,16,8.045,0.0,30.0,80.0,0.005,0.1,0.15,0.0,mad_only
xiWtqVtd1Oo,17,8.495000000000001,0.0,30.0,80.0,0.005,0.1,0.15,0.0,mad_only
xiWtqVtd1Oo,18,8.950000000000001,0.0,30.0,80.0,0.005,0.1,0.15,0.0,mad_only
xiWtqVtd1Oo,19,9.385,0.0,30.0,80.0,0.005,0.1,0.15,0.0,mad_only
xiWtqVtd1Oo,20,9.83,0.0,30.0,80.0,0.005,0.1,0.15,0.0,mad_only
xiWtqVtd1Oo,21,10.295,0.0,30.0,80.0,0.005,0.1,0.15,0.0,mad_only
xiWtqVtd1Oo,22,10.74,0.0,30.0,80.0,0.005,0.1,0.15,0.0,mad_only
xiWtqVtd1Oo,23,11.200000000000001,0.0,30.0,80.0,0.005,0.1,0.15,0.0,mad_only
xiWtqVtd1Oo,24,11.645,0.0,30.0,80.0,0.005,0.1,0.15,0.0,mad_only
xiWtqVtd1Oo,25,12.105,0.0,30.0,80.0,0.005,0.1,0.15,0.0,mad_only
xiWtqVtd1Oo,26,12.555,0.0,30.0,80.0,0.005,0.1,0.15,0.0,mad_only
xiWtqVtd1Oo,27,13.015,0.0,30.0,80.0,0.005,0.1,0.15,0.0,mad_only
xiWtqVtd1Oo,28,13.475,0.0,30.0,80.0,0.005,0.1,0.15,0.0,mad_only
xiWtqVtd1Oo,29,13.93,0.0,30.0,80.0,0.005,0.1,0.15,0.0,mad_only
xiWtqVtd1Oo,30,14.365,0.0,30.0,80.0,0.005,0.1,0.15,0.0,mad_only
xiWtqVtd1Oo,31,14.825000000000001,0.0,30.0,80.0,0.005,0.1,0.15,0.0,mad_only
xiWtqVtd1Oo,32,15.26,0.0,30.0,80.0,0.005,0.1,0.15,0.0,mad_only
xiWtqVtd1Oo,33,15.715,0.0,30.0,80.0,0.005,0.1,0.15,0.0,mad_only
xiWtqVtd1Oo,34,16.18,0.0,30.0,80.0,0.005,0.1,0.15,0.0,mad_only
xiWtqVtd1Oo,35,16.625,0.0,30.0,80.0,0.005,0.1,0.15,0.0,mad_only
xiWtqVtd1Oo,36,17.07,0.0,30.0,80.0,0.005,0.1,0.15,0.0,mad_only
xiWtqVtd1Oo,37,17.525000000000002,0.0,30.0,80.0,0.005,0.1,0.15,0.0,mad_only
xiWtqVtd1Oo,38,17.98,0.0,30.0,80.0,0.005,0.1,0.15,0.0,mad_only
xiWtqVtd1Oo,39,18.43,0.0,30.0,80.0,0.005,0.1,0.15,0.0,mad_only
xiWtqVtd1Oo,40,18.88,0.0,30.0,80.0,0.005,0.1,0.15,0.0,mad_only
xiWtqVtd1Oo,41,19.34,0.0,30.0,80.0,0.005,0.1,0.15,0.0,mad_only
xiWtqVtd1Oo,42,19.79,0.0,30.0,80.0,0.005,0.1,0.15,0.0,mad_only
xiWtqVtd1Oo,43,20.235,0.0,30.0,80.0,0.005,0.1,0.15,0.0,mad_only
xiWtqVtd1Oo,44,20.695,0.0,30.0,80.0,0.005,0.1,0.15,0.0,mad_only
xiWtqVtd1Oo,45,21.150000000000002,0.0,30.0,80.0,0.005,0.1,0.15,0.0,mad_only
xiWtqVtd1Oo,46,21.595,0.0,30.0,80.0,0.005,0.1,0.15,0.0,mad_only
xiWtqVtd1Oo,47,22.055,0.0,30.0,80.0,0.005,0.1,0.15,0.0,mad_only
xiWtqVtd1Oo,48,22.495,0.0,30.0,80.0,0.005,0.1,0.15,0.0,mad_only
xiWtqVtd1Oo,49,22.955000000000002,0.0,30.0,80.0,0.005,0.1,0.15,0.0,mad_only
xiWtqVtd1Oo,50,23.395,0.0,30.0,80.0,0.005,0.1,0.15,0.0,mad_only
xiWtqVtd1Oo,51,23.85,0.0,30.0,80.0,0.005,0.1,0.15,0.0,mad_only
xiWtqVtd1Oo,52,24.3,0.0,30.0,80.0,0.005,0.1,0.15,0.0,mad_only
xiWtqVtd1Oo,53,24.76,0.0,30.0,80.0,0.005,0.1,0.15,0.0,mad_only
xiWtqVtd1Oo,54,25.21,0.0,30.0,80.0,0.005,0.1,0.15,0.0,mad_only
xiWtqVtd1Oo,55,25.66,0.0,30.0,80.0,0.005,0.1,0.15,0.0,mad_only
xiWtqVtd1Oo,56,26.11,0.0,30.0,80.0,0.005,0.1,0.15,0.0,mad_only
xiWtqVtd1Oo,57,26.565,0.0,30.0,80.0,0.005,0.1,0.15,0.0,mad_only
xiWtqVtd1Oo,58,27.005,0.0,30.0,80.0,0.005,0.1,0.15,0.0,mad_only
xiWtqVtd1Oo,59,27.465,0.0,30.0,80.0,0.005,0.1,0.15,0.0,mad_only
xiWtqVtd1Oo,60,27.915,0.0,30.0,80.0,0.005,0.1,0.15,0.0,mad_only
xiWtqVtd1Oo,61,28.375,0.0,30.0,80.0,0.005,0.1,0.15,0.0,mad_only
xiWtqVtd1Oo,62,28.825,0.0,30.0,80.0,0.005,0.1,0.15,0.0,mad_only
xiWtqVtd1Oo,63,29.275000000000002,0.0,30.0,80.0,0.005,0.1,0.15,0.0,mad_only
xiWtqVtd1Oo,64,29.72,0.0,30.0,80.0,0.005,0.1,0.15,0.0,mad_only
xz1bDy8Kt38,0,0.8250000000000001,0.0,30.0,80.0,0.005,0.1,0.15,0.0,mad_only
xz1bDy8Kt38,1,1.305,0.0,30.0,80.0,0.005,0.1,0.15,0.0,mad_only
xz1bDy8Kt38,2,1.73,0.0,30.0,80.0,0.005,0.1,0.15,0.0,mad_only
xz1bDy8Kt38,3,2.215,0.0,30.0,80.0,0.005,0.1,0.15,0.0,mad_only
xz1bDy8Kt38,4,2.6750000000000003,0.0,30.0,80.0,0.005,0.1,0.15,0.0,mad_only
xz1bDy8Kt38,5,3.145,0.0,30.0,80.0,0.005,0.1,0.15,0.0,mad_only
xz1bDy8Kt38,6,3.61,0.0,30.0,80.0,0.005,0.1,0.15,0.0,mad_only
xz1bDy8Kt38,7,4.085,0.0,30.0,80.0,0.005,0.1,0.15,0.0,mad_only
xz1bDy8Kt38,8,4.555,0.0,30.0,80.0,0.005,0.1,0.15,0.0,mad_only
xz1bDy8Kt38,9,5.04,0.0,30.0,80.0,0.005,0.1,0.15,0.0,mad_only
xz1bDy8Kt38,10,5.495,0.0,30.0,80.0,0.005,0.1,0.15,0.0,mad_only
xz1bDy8Kt38,11,5.96,0.0,30.0,80.0,0.005,0.1,0.15,0.0,mad_only
xz1bDy8Kt38,12,6.4350000000000005,0.0,30.0,80.0,0.005,0.1,0.15,0.0,mad_only
xz1bDy8Kt38,13,6.9,0.0,30.0,80.0,0.005,0.1,0.15,0.0,mad_only
xz1bDy8Kt38,14,7.365,0.0,30.0,80.0,0.005,0.1,0.15,0.0,mad_only
xz1bDy8Kt38,15,7.855,0.0,30.0,80.0,0.005,0.1,0.15,0.0,mad_only
xz1bDy8Kt38,16,8.3,0.0,30.0,80.0,0.005,0.1,0.15,0.0,mad_only
xz1bDy8Kt38,17,8.78,0.0,30.0,80.0,0.005,0.1,0.15,0.0,mad_only
xz1bDy8Kt38,18,9.245000000000001,0.0,30.0,80.0,0.005,0.1,0.15,0.0,mad_only
xz1bDy8Kt38,19,9.700000000000001,0.0,30.0,80.0,0.005,0.1,0.15,0.0,mad_only
xz1bDy8Kt38,20,10.175,0.0,30.0,80.0,0.005,0.1,0.15,0.0,mad_only
xz1bDy8Kt38,21,10.645,0.0,30.0,80.0,0.005,0.1,0.15,0.0,mad_only
xz1bDy8Kt38,22,11.11,0.0,30.0,80.0,0.005,0.1,0.15,0.0,mad_only
xz1bDy8Kt38,23,11.58,0.0,30.0,80.0,0.005,0.1,0.15,0.0,mad_only
xz1bDy8Kt38,24,12.055,0.0,30.0,80.0,0.005,0.1,0.15,0.0,mad_only
xz1bDy8Kt38,25,12.530000000000001,0.0,30.0,80.0,0.005,0.1,0.15,0.0,mad_only
xz1bDy8Kt38,26,12.985,0.0,30.0,80.0,0.005,0.1,0.15,0.0,mad_only
xz1bDy8Kt38,27,13.445,0.0,30.0,80.0,0.005,0.1,0.15,0.0,mad_only
xz1bDy8Kt38,28,13.915000000000001,0.0,30.0,80.0,0.005,0.1,0.15,0.0,mad_only
xz1bDy8Kt38,29,14.4,0.0,30.0,80.0,0.005,0.1,0.15,0.0,mad_only
xz1bDy8Kt38,30,14.86,0.0,30.0,80.0,0.005,0.1,0.15,0.0,mad_only
xz1bDy8Kt38,31,15.33,0.0,30.0,80.0,0.005,0.1,0.15,0.0,mad_only
xz1bDy8Kt38,32,15.81,0.0,30.0,80.0,0.005,0.1,0.15,0.0,mad_only
xz1bDy8Kt38,33,16.265,0.0,30.0,80.0,0.005,0.1,0.15,0.0,mad_only
xz1bDy8Kt38,34,16.73,0.0,30.0,80.0,0.005,0.1,0.15,0.0,mad_only
xz1bDy8Kt38,35,17.205000000000002,0.0,30.0,80.0,0.005,0.1,0.15,0.0,mad_only
xz1bDy8Kt38,36,17.675,0.0,30.0,80.0,0.005,0.1,0.15,0.0,mad_only
xz1bDy8Kt38,37,18.155,0.0,30.0,80.0,0.005,0.1,0.15,0.0,mad_only
xz1bDy8Kt38,38,18.615000000000002,0.0,30.0,80.0,0.005,0.1,0.15,0.0,mad_only
xz1bDy8Kt38,39,19.07,0.0,30.0,80.0,0.005,0.1,0.15,0.0,mad_only
xz1bDy8Kt38,40,19.535,0.0,30.0,80.0,0.005,0.1,0.15,0.0,mad_only
xz1bDy8Kt38,41,20.0,0.0,30.0,80.0,0.005,0.1,0.15,0.0,mad_only
xz1bDy8Kt38,42,20.465,0.0,30.0,80.0,0.005,0.1,0.15,0.0,mad_only
xz1bDy8Kt38,43,20.94,0.0,30.0,80.0,0.005,0.1,0.15,0.0,mad_only
xz1bDy8Kt38,44,21.400000000000002,0.0,30.0,80.0,0.005,0.1,0.15,0.0,mad_only
xz1bDy8Kt38,45,21.875,0.0,30.0,80.0,0.005,0.1,0.15,0.0,mad_only
xz1bDy8Kt38,46,22.35,0.0,30.0,80.0,0.005,0.1,0.15,0.0,mad_only
xz1bDy8Kt38,47,22.830000000000002,0.0,30.0,80.0,0.005,0.1,0.15,0.0,mad_only
xz1bDy8Kt38,48,23.285,0.0,30.0,80.0,0.005,0.1,0.15,0.0,mad_only
xz1bDy8Kt38,49,23.75,0.0,30.0,80.0,0.005,0.1,0.15,0.0,mad_only
xz1bDy8Kt38,50,24.21,0.0,30.0,80.0,0.005,0.1,0.15,0.0,mad_only
xz1bDy8Kt38,51,24.685000000000002,0.0,30.0,80.0,0.005,0.1,0.15,0.0,mad_only
xz1bDy8Kt38,52,25.155,0.0,30.0,80.0,0.005,0.1,0.15,0.0,mad_only
xz1bDy8Kt38,53,25.64,0.0,30.0,80.0,0.005,0.1,0.15,0.0,mad_only
xz1bDy8Kt38,54,26.11,0.0,30.0,80.0,0.005,0.1,0.15,0.0,mad_only
xz1bDy8Kt38,55,26.565,0.0,30.0,80.0,0.005,0.1,0.15,0.0,mad_only
xz1bDy8Kt38,56,27.03,0.0,30.0,80.0,0.005,0.1,0.15,0.0,mad_only
xz1bDy8Kt38,57,27.5,0.0,30.0,80.0,0.005,0.1,0.15,0.0,mad_only
xz1bDy8Kt38,58,27.97,0.0,30.0,80.0,0.005,0.1,0.15,0.0,mad_only
xz1bDy8Kt38,59,28.44,0.0,30.0,80.0,0.005,0.1,0.15,0.0,mad_only
xz1bDy8Kt38,60,28.900000000000002,0.0,30.0,80.0,0.005,0.1,0.15,0.0,mad_only
xz1bDy8Kt38,61,29.37,0.0,30.0,80.0,0.005,0.1,0.15,0.0,mad_only
xz1bDy8Kt38,62,29.835,0.0,30.0,80.0,0.005,0.1,0.15,0.0,mad_only
yZfHX-TsaC4,0,1.17,0.0,30.0,80.0,0.005,0.1,0.15,0.0,mad_only
yZfHX-TsaC4,1,1.745,0.0,30.0,80.0,0.005,0.1,0.15,0.0,mad_only
yZfHX-TsaC4,2,2.32,0.0,30.0,80.0,0.005,0.1,0.15,0.0,mad_only
yZfHX-TsaC4,3,2.895,0.0,30.0,80.0,0.005,0.1,0.15,0.0,mad_only
yZfHX-TsaC4,4,3.44,0.0,30.0,80.0,0.005,0.1,0.15,0.0,mad_only
yZfHX-TsaC4,5,4.005,0.0,30.0,80.0,0.005,0.1,0.15,0.0,mad_only
yZfHX-TsaC4,6,4.59,0.0,30.0,80.0,0.005,0.1,0.15,0.0,mad_only
yZfHX-TsaC4,7,5.175,0.0,30.0,80.0,0.005,0.1,0.15,0.0,mad_only
yZfHX-TsaC4,8,5.745,0.0,30.0,80.0,0.005,0.1,0.15,0.0,mad_only
yZfHX-TsaC4,9,6.305,0.0,30.0,80.0,0.005,0.1,0.15,0.0,mad_only
yZfHX-TsaC4,10,6.865,0.0,30.0,80.0,0.005,0.1,0.15,0.0,mad_only
yZfHX-TsaC4,11,7.45,0.0,30.0,80.0,0.005,0.1,0.15,0.0,mad_only
yZfHX-TsaC4,12,8.015,0.0,30.0,80.0,0.005,0.1,0.15,0.0,mad_only
yZfHX-TsaC4,13,8.575000000000001,0.0,30.0,80.0,0.005,0.1,0.15,0.0,mad_only
yZfHX-TsaC4,14,9.165000000000001,0.0,30.0,80.0,0.005,0.1,0.15,0.0,mad_only
yZfHX-TsaC4,15,9.735,0.0,30.0,80.0,0.005,0.1,0.15,0.0,mad_only
yZfHX-TsaC4,16,10.3,0.0,30.0,80.0,0.005,0.1,0.15,0.0,mad_only
yZfHX-TsaC4,17,10.865,0.0,30.0,80.0,0.005,0.1,0.15,0.0,mad_only
yZfHX-TsaC4,18,11.46,0.0,30.0,80.0,0.005,0.1,0.15,0.0,mad_only
yZfHX-TsaC4,19,12.025,0.0,30.0,80.0,0.005,0.1,0.15,0.0,mad_only
yZfHX-TsaC4,20,12.585,0.0,30.0,80.0,0.005,0.1,0.15,0.0,mad_only
yZfHX-TsaC4,21,13.145,0.0,30.0,80.0,0.005,0.1,0.15,0.0,mad_only
yZfHX-TsaC4,22,13.72,0.0,30.0,80.0,0.005,0.1,0.15,0.0,mad_only
yZfHX-TsaC4,23,14.290000000000001,0.0,30.0,80.0,0.005,0.1,0.15,0.0,mad_only
yZfHX-TsaC4,24,14.855,0.0,30.0,80.0,0.005,0.1,0.15,0.0,mad_only
yZfHX-TsaC4,25,15.445,0.0,30.0,80.0,0.005,0.1,0.15,0.0,mad_only
yZfHX-TsaC4,26,16.015,0.0,30.0,80.0,0.005,0.1,0.15,0.0,mad_only
yZfHX-TsaC4,27,16.59,0.0,30.0,80.0,0.005,0.1,0.15,0.0,mad_only
yZfHX-TsaC4,28,17.155,0.0,30.0,80.0,0.005,0.1,0.15,0.0,mad_only
yZfHX-TsaC4,29,17.71,0.0,30.0,80.0,0.005,0.1,0.15,0.0,mad_only
yZfHX-TsaC4,30,18.28,0.0,30.0,80.0,0.005,0.1,0.15,0.0,mad_only
yZfHX-TsaC4,31,18.855,0.0,30.0,80.0,0.005,0.1,0.15,0.0,mad_only
yZfHX-TsaC4,32,19.415,0.0,30.0,80.0,0.005,0.1,0.15,0.0,mad_only
yZfHX-TsaC4,33,19.990000000000002,0.0,30.0,80.0,0.005,0.1,0.15,0.0,mad_only
yZfHX-TsaC4,34,20.555,0.0,30.0,80.0,0.005,0.1,0.15,0.0,mad_only
yZfHX-TsaC4,35,21.135,0.0,30.0,80.0,0.005,0.1,0.15,0.0,mad_only
yZfHX-TsaC4,36,21.7,0.0,30.0,80.0,0.005,0.1,0.15,0.0,mad_only
yZfHX-TsaC4,37,22.275000000000002,0.0,30.0,80.0,0.005,0.1,0.15,0.0,mad_only
yZfHX-TsaC4,38,22.85,0.0,30.0,80.0,0.005,0.1,0.15,0.0,mad_only
yZfHX-TsaC4,39,23.425,0.0,30.0,80.0,0.005,0.1,0.15,0.0,mad_only
yZfHX-TsaC4,40,23.995,0.0,30.0,80.0,0.005,0.1,0.15,0.0,mad_only
yZfHX-TsaC4,41,24.57,0.0,30.0,80.0,0.005,0.1,0.15,0.0,mad_only
yZfHX-TsaC4,42,25.125,0.0,30.0,80.0,0.005,0.1,0.15,0.0,mad_only
yZfHX-TsaC4,43,25.705000000000002,0.0,30.0,80.0,0.005,0.1,0.15,0.0,mad_only
yZfHX-TsaC4,44,26.285,0.0,30.0,80.0,0.005,0.1,0.15,0.0,mad_only
yZfHX-TsaC4,45,26.85,0.0,30.0,80.0,0.005,0.1,0.15,0.0,mad_only
yZfHX-TsaC4,46,27.42,0.0,30.0,80.0,0.005,0.1,0.15,0.0,mad_only
yZfHX-TsaC4,47,28.0,0.0,30.0,80.0,0.005,0.1,0.15,0.0,mad_only
yZfHX-TsaC4,48,28.560000000000002,0.0,30.0,80.0,0.005,0.1,0.15,0.0,mad_only
yZfHX-TsaC4,49,29.13,0.0,30.0,80.0,0.005,0.1,0.15,0.0,mad_only
yZfHX-TsaC4,50,29.69,0.0,30.0,80.0,0.005,0.1,0.15,0.0,mad_only
