stem,algorithm,metric,value,n_crowd_beats,n_algorithm_beats
-15MmJrqU38,madmom,F-measure,1.0,26,26
-15MmJrqU38,madmom,Cemgil,0.9771489957217863,26,26
-15MmJrqU38,madmom,Cemgil Best Metric Level,0.9771489957217863,26,26
-15MmJrqU38,madmom,Goto,1.0,26,26
-15MmJrqU38,madmom,P-score,1.0,26,26
-15MmJrqU38,madmom,Correct Metric Level Continuous,1.0,26,26
-15MmJrqU38,madmom,Correct Metric Level Total,1.0,26,26
-15MmJrqU38,madmom,Any Metric Level Continuous,1.0,26,26
-15MmJrqU38,madmom,Any Metric Level Total,1.0,26,26
-15MmJrqU38,madmom,Information gain,0.7471951789826387,26,26
-15MmJrqU38,beat_this,F-measure,1.0,26,26
-15MmJrqU38,beat_this,Cemgil,0.976175681555178,26,26
-15MmJrqU38,beat_this,Cemgil Best Metric Level,0.976175681555178,26,26
-15MmJrqU38,beat_this,Goto,1.0,26,26
-15MmJrqU38,beat_this,P-score,1.0,26,26
-15MmJrqU38,beat_this,Correct Metric Level Continuous,1.0,26,26
-15MmJrqU38,beat_this,Correct Metric Level Total,1.0,26,26
-15MmJrqU38,beat_this,Any Metric Level Continuous,1.0,26,26
-15MmJrqU38,beat_this,Any Metric Level Total,1.0,26,26
-15MmJrqU38,beat_this,Information gain,0.7442556771550601,26,26
-4sq1sUI7-I,madmom,F-measure,0.6545454545454547,18,37
-4sq1sUI7-I,madmom,Cemgil,0.5996068012506521,18,37
-4sq1sUI7-I,madmom,Cemgil Best Metric Level,0.8983364808297938,18,37
-4sq1sUI7-I,madmom,Goto,0.0,18,37
-4sq1sUI7-I,madmom,P-score,0.4864864864864865,18,37
-4sq1sUI7-I,madmom,Correct Metric Level Continuous,0.0,18,37
-4sq1sUI7-I,madmom,Correct Metric Level Total,0.0,18,37
-4sq1sUI7-I,madmom,Any Metric Level Continuous,0.9459459459459459,18,37
-4sq1sUI7-I,madmom,Any Metric Level Total,0.9459459459459459,18,37
-4sq1sUI7-I,madmom,Information gain,0.6235452882159492,18,37
-4sq1sUI7-I,beat_this,F-measure,1.0,18,18
-4sq1sUI7-I,beat_this,Cemgil,0.9167102198808672,18,18
-4sq1sUI7-I,beat_this,Cemgil Best Metric Level,0.9167102198808672,18,18
-4sq1sUI7-I,beat_this,Goto,1.0,18,18
-4sq1sUI7-I,beat_this,P-score,1.0,18,18
-4sq1sUI7-I,beat_this,Correct Metric Level Continuous,1.0,18,18
-4sq1sUI7-I,beat_this,Correct Metric Level Total,1.0,18,18
-4sq1sUI7-I,beat_this,Any Metric Level Continuous,1.0,18,18
-4sq1sUI7-I,beat_this,Any Metric Level Total,1.0,18,18
-4sq1sUI7-I,beat_this,Information gain,0.735836637925835,18,18
-E5lmFh_0x0,madmom,F-measure,0.9444444444444444,18,18
-E5lmFh_0x0,madmom,Cemgil,0.6158255553524031,18,18
-E5lmFh_0x0,madmom,Cemgil Best Metric Level,0.6158255553524031,18,18
-E5lmFh_0x0,madmom,Goto,1.0,18,18
-E5lmFh_0x0,madmom,P-score,1.0,18,18
-E5lmFh_0x0,madmom,Correct Metric Level Continuous,1.0,18,18
-E5lmFh_0x0,madmom,Correct Metric Level Total,1.0,18,18
-E5lmFh_0x0,madmom,Any Metric Level Continuous,1.0,18,18
-E5lmFh_0x0,madmom,Any Metric Level Total,1.0,18,18
-E5lmFh_0x0,madmom,Information gain,0.59772270488429,18,18
-E5lmFh_0x0,beat_this,F-measure,0.8888888888888888,18,18
-E5lmFh_0x0,beat_this,Cemgil,0.49692278117317756,18,18
-E5lmFh_0x0,beat_this,Cemgil Best Metric Level,0.49692278117317756,18,18
-E5lmFh_0x0,beat_this,Goto,1.0,18,18
-E5lmFh_0x0,beat_this,P-score,1.0,18,18
-E5lmFh_0x0,beat_this,Correct Metric Level Continuous,1.0,18,18
-E5lmFh_0x0,beat_this,Correct Metric Level Total,1.0,18,18
-E5lmFh_0x0,beat_this,Any Metric Level Continuous,1.0,18,18
-E5lmFh_0x0,beat_this,Any Metric Level Total,1.0,18,18
-E5lmFh_0x0,beat_this,Information gain,0.6158834652361519,18,18
-Gvgb3K5iOE,madmom,F-measure,1.0,25,25
-Gvgb3K5iOE,madmom,Cemgil,0.9786296883613087,25,25
-Gvgb3K5iOE,madmom,Cemgil Best Metric Level,0.9786296883613087,25,25
-Gvgb3K5iOE,madmom,Goto,1.0,25,25
-Gvgb3K5iOE,madmom,P-score,1.0,25,25
-Gvgb3K5iOE,madmom,Correct Metric Level Continuous,1.0,25,25
-Gvgb3K5iOE,madmom,Correct Metric Level Total,1.0,25,25
-Gvgb3K5iOE,madmom,Any Metric Level Continuous,1.0,25,25
-Gvgb3K5iOE,madmom,Any Metric Level Total,1.0,25,25
-Gvgb3K5iOE,madmom,Information gain,0.8187697303511506,25,25
-Gvgb3K5iOE,beat_this,F-measure,1.0,25,25
-Gvgb3K5iOE,beat_this,Cemgil,0.7886220691740496,25,25
-Gvgb3K5iOE,beat_this,Cemgil Best Metric Level,0.7886220691740496,25,25
-Gvgb3K5iOE,beat_this,Goto,1.0,25,25
-Gvgb3K5iOE,beat_this,P-score,1.0,25,25
-Gvgb3K5iOE,beat_this,Correct Metric Level Continuous,1.0,25,25
-Gvgb3K5iOE,beat_this,Correct Metric Level Total,1.0,25,25
-Gvgb3K5iOE,beat_this,Any Metric Level Continuous,1.0,25,25
-Gvgb3K5iOE,beat_this,Any Metric Level Total,1.0,25,25
-Gvgb3K5iOE,beat_this,Information gain,0.9100000914995047,25,25
-rT_0DJQygY,madmom,F-measure,1.0,44,44
-rT_0DJQygY,madmom,Cemgil,0.9171506319316669,44,44
-rT_0DJQygY,madmom,Cemgil Best Metric Level,0.9171506319316669,44,44
-rT_0DJQygY,madmom,Goto,1.0,44,44
-rT_0DJQygY,madmom,P-score,1.0,44,44
-rT_0DJQygY,madmom,Correct Metric Level Continuous,1.0,44,44
-rT_0DJQygY,madmom,Correct Metric Level Total,1.0,44,44
-rT_0DJQygY,madmom,Any Metric Level Continuous,1.0,44,44
-rT_0DJQygY,madmom,Any Metric Level Total,1.0,44,44
-rT_0DJQygY,madmom,Information gain,0.6261220424874534,44,44
-rT_0DJQygY,beat_this,F-measure,1.0,44,44
-rT_0DJQygY,beat_this,Cemgil,0.9344155264562822,44,44
-rT_0DJQygY,beat_this,Cemgil Best Metric Level,0.9344155264562822,44,44
-rT_0DJQygY,beat_this,Goto,1.0,44,44
-rT_0DJQygY,beat_this,P-score,1.0,44,44
-rT_0DJQygY,beat_this,Correct Metric Level Continuous,1.0,44,44
-rT_0DJQygY,beat_this,Correct Metric Level Total,1.0,44,44
-rT_0DJQygY,beat_this,Any Metric Level Continuous,1.0,44,44
-rT_0DJQygY,beat_this,Any Metric Level Total,1.0,44,44
-rT_0DJQygY,beat_this,Information gain,0.6439319463230908,44,44
0FfElnIC8mM,madmom,F-measure,1.0,21,21
0FfElnIC8mM,madmom,Cemgil,0.9894721917679676,21,21
0FfElnIC8mM,madmom,Cemgil Best Metric Level,0.9894721917679676,21,21
0FfElnIC8mM,madmom,Goto,1.0,21,21
0FfElnIC8mM,madmom,P-score,1.0,21,21
0FfElnIC8mM,madmom,Correct Metric Level Continuous,1.0,21,21
0FfElnIC8mM,madmom,Correct Metric Level Total,1.0,21,21
0FfElnIC8mM,madmom,Any Metric Level Continuous,1.0,21,21
0FfElnIC8mM,madmom,Any Metric Level Total,1.0,21,21
0FfElnIC8mM,madmom,Information gain,0.8895628492131631,21,21
0FfElnIC8mM,beat_this,F-measure,1.0,21,21
0FfElnIC8mM,beat_this,Cemgil,0.9820591097122957,21,21
0FfElnIC8mM,beat_this,Cemgil Best Metric Level,0.9820591097122957,21,21
0FfElnIC8mM,beat_this,Goto,1.0,21,21
0FfElnIC8mM,beat_this,P-score,1.0,21,21
0FfElnIC8mM,beat_this,Correct Metric Level Continuous,1.0,21,21
0FfElnIC8mM,beat_this,Correct Metric Level Total,1.0,21,21
0FfElnIC8mM,beat_this,Any Metric Level Continuous,1.0,21,21
0FfElnIC8mM,beat_this,Any Metric Level Total,1.0,21,21
0FfElnIC8mM,beat_this,Information gain,0.78992442707084,21,21
0m0w1wEReOI,madmom,F-measure,1.0,28,28
0m0w1wEReOI,madmom,Cemgil,0.9741429890216139,28,28
0m0w1wEReOI,madmom,Cemgil Best Metric Level,0.9741429890216139,28,28
0m0w1wEReOI,madmom,Goto,1.0,28,28
0m0w1wEReOI,madmom,P-score,1.0,28,28
0m0w1wEReOI,madmom,Correct Metric Level Continuous,1.0,28,28
0m0w1wEReOI,madmom,Correct Metric Level Total,1.0,28,28
0m0w1wEReOI,madmom,Any Metric Level Continuous,1.0,28,28
0m0w1wEReOI,madmom,Any Metric Level Total,1.0,28,28
0m0w1wEReOI,madmom,Information gain,0.8195783014864063,28,28
0m0w1wEReOI,beat_this,F-measure,1.0,28,28
0m0w1wEReOI,beat_this,Cemgil,0.8262553256710176,28,28
0m0w1wEReOI,beat_this,Cemgil Best Metric Level,0.8262553256710176,28,28
0m0w1wEReOI,beat_this,Goto,1.0,28,28
0m0w1wEReOI,beat_this,P-score,1.0,28,28
0m0w1wEReOI,beat_this,Correct Metric Level Continuous,1.0,28,28
0m0w1wEReOI,beat_this,Correct Metric Level Total,1.0,28,28
0m0w1wEReOI,beat_this,Any Metric Level Continuous,1.0,28,28
0m0w1wEReOI,beat_this,Any Metric Level Total,1.0,28,28
0m0w1wEReOI,beat_this,Information gain,0.721014305204965,28,28
18fkHq5tbmQ,madmom,F-measure,1.0,36,36
18fkHq5tbmQ,madmom,Cemgil,0.9820435853192235,36,36
18fkHq5tbmQ,madmom,Cemgil Best Metric Level,0.9820435853192235,36,36
18fkHq5tbmQ,madmom,Goto,1.0,36,36
18fkHq5tbmQ,madmom,P-score,1.0,36,36
18fkHq5tbmQ,madmom,Correct Metric Level Continuous,1.0,36,36
18fkHq5tbmQ,madmom,Correct Metric Level Total,1.0,36,36
18fkHq5tbmQ,madmom,Any Metric Level Continuous,1.0,36,36
18fkHq5tbmQ,madmom,Any Metric Level Total,1.0,36,36
18fkHq5tbmQ,madmom,Information gain,0.6987580092155434,36,36
18fkHq5tbmQ,beat_this,F-measure,0.6666666666666666,36,18
18fkHq5tbmQ,beat_this,Cemgil,0.646202552098584,36,18
18fkHq5tbmQ,beat_this,Cemgil Best Metric Level,0.9693038281478761,36,18
18fkHq5tbmQ,beat_this,Goto,0.0,36,18
18fkHq5tbmQ,beat_this,P-score,0.5,36,18
18fkHq5tbmQ,beat_this,Correct Metric Level Continuous,0.0,36,18
18fkHq5tbmQ,beat_this,Correct Metric Level Total,0.0,36,18
18fkHq5tbmQ,beat_this,Any Metric Level Continuous,1.0,36,18
18fkHq5tbmQ,beat_this,Any Metric Level Total,1.0,36,18
18fkHq5tbmQ,beat_this,Information gain,0.6225872546906674,36,18
1ec5zdJPbnU,madmom,F-measure,1.0,33,33
1ec5zdJPbnU,madmom,Cemgil,0.9532601252228613,33,33
1ec5zdJPbnU,madmom,Cemgil Best Metric Level,0.9532601252228613,33,33
1ec5zdJPbnU,madmom,Goto,1.0,33,33
1ec5zdJPbnU,madmom,P-score,1.0,33,33
1ec5zdJPbnU,madmom,Correct Metric Level Continuous,1.0,33,33
1ec5zdJPbnU,madmom,Correct Metric Level Total,1.0,33,33
1ec5zdJPbnU,madmom,Any Metric Level Continuous,1.0,33,33
1ec5zdJPbnU,madmom,Any Metric Level Total,1.0,33,33
1ec5zdJPbnU,madmom,Information gain,0.8424253866759104,33,33
1ec5zdJPbnU,beat_this,F-measure,1.0,33,33
1ec5zdJPbnU,beat_this,Cemgil,0.9028228030812241,33,33
1ec5zdJPbnU,beat_this,Cemgil Best Metric Level,0.9028228030812241,33,33
1ec5zdJPbnU,beat_this,Goto,1.0,33,33
1ec5zdJPbnU,beat_this,P-score,1.0,33,33
1ec5zdJPbnU,beat_this,Correct Metric Level Continuous,1.0,33,33
1ec5zdJPbnU,beat_this,Correct Metric Level Total,1.0,33,33
1ec5zdJPbnU,beat_this,Any Metric Level Continuous,1.0,33,33
1ec5zdJPbnU,beat_this,Any Metric Level Total,1.0,33,33
1ec5zdJPbnU,beat_this,Information gain,0.7194308709034464,33,33
1uldbfT264k,madmom,F-measure,0.10000000000000002,30,30
1uldbfT264k,madmom,Cemgil,0.07756288017445993,30,30
1uldbfT264k,madmom,Cemgil Best Metric Level,0.6656101659592973,30,30
1uldbfT264k,madmom,Goto,0.0,30,30
1uldbfT264k,madmom,P-score,0.16666666666666666,30,30
1uldbfT264k,madmom,Correct Metric Level Continuous,0.16666666666666666,30,30
1uldbfT264k,madmom,Correct Metric Level Total,0.16666666666666666,30,30
1uldbfT264k,madmom,Any Metric Level Continuous,0.7666666666666667,30,30
1uldbfT264k,madmom,Any Metric Level Total,0.7666666666666667,30,30
1uldbfT264k,madmom,Information gain,0.3648386284040736,30,30
1uldbfT264k,beat_this,F-measure,0.7666666666666667,30,30
1uldbfT264k,beat_this,Cemgil,0.6896752213850557,30,30
1uldbfT264k,beat_this,Cemgil Best Metric Level,0.6896752213850557,30,30
1uldbfT264k,beat_this,Goto,0.0,30,30
1uldbfT264k,beat_this,P-score,0.8,30,30
1uldbfT264k,beat_this,Correct Metric Level Continuous,0.7666666666666667,30,30
1uldbfT264k,beat_this,Correct Metric Level Total,0.7666666666666667,30,30
1uldbfT264k,beat_this,Any Metric Level Continuous,0.7666666666666667,30,30
1uldbfT264k,beat_this,Any Metric Level Total,0.7666666666666667,30,30
1uldbfT264k,beat_this,Information gain,0.3671066292639569,30,30
28JvbWHN6w0,madmom,F-measure,0.34375,39,25
28JvbWHN6w0,madmom,Cemgil,0.286761543498537,39,25
28JvbWHN6w0,madmom,Cemgil Best Metric Level,0.36832503602322636,39,25
28JvbWHN6w0,madmom,Goto,0.0,39,25
28JvbWHN6w0,madmom,P-score,0.3076923076923077,39,25
28JvbWHN6w0,madmom,Correct Metric Level Continuous,0.0,39,25
28JvbWHN6w0,madmom,Correct Metric Level Total,0.0,39,25
28JvbWHN6w0,madmom,Any Metric Level Continuous,0.04,39,25
28JvbWHN6w0,madmom,Any Metric Level Total,0.04,39,25
28JvbWHN6w0,madmom,Information gain,0.2061719659575643,39,25
28JvbWHN6w0,beat_this,F-measure,0.6551724137931034,39,19
28JvbWHN6w0,beat_this,Cemgil,0.6060723430308832,39,19
28JvbWHN6w0,beat_this,Cemgil Best Metric Level,0.925057786731348,39,19
28JvbWHN6w0,beat_this,Goto,0.0,39,19
28JvbWHN6w0,beat_this,P-score,0.48717948717948717,39,19
28JvbWHN6w0,beat_this,Correct Metric Level Continuous,0.0,39,19
28JvbWHN6w0,beat_this,Correct Metric Level Total,0.0,39,19
28JvbWHN6w0,beat_this,Any Metric Level Continuous,1.0,39,19
28JvbWHN6w0,beat_this,Any Metric Level Total,1.0,39,19
28JvbWHN6w0,beat_this,Information gain,0.4929150719870795,39,19
2SeNCoP6Zy8,madmom,F-measure,1.0,32,32
2SeNCoP6Zy8,madmom,Cemgil,0.9916949175842972,32,32
2SeNCoP6Zy8,madmom,Cemgil Best Metric Level,0.9916949175842972,32,32
2SeNCoP6Zy8,madmom,Goto,1.0,32,32
2SeNCoP6Zy8,madmom,P-score,1.0,32,32
2SeNCoP6Zy8,madmom,Correct Metric Level Continuous,1.0,32,32
2SeNCoP6Zy8,madmom,Correct Metric Level Total,1.0,32,32
2SeNCoP6Zy8,madmom,Any Metric Level Continuous,1.0,32,32
2SeNCoP6Zy8,madmom,Any Metric Level Total,1.0,32,32
2SeNCoP6Zy8,madmom,Information gain,0.8485729818842953,32,32
2SeNCoP6Zy8,beat_this,F-measure,0.9846153846153847,32,33
2SeNCoP6Zy8,beat_this,Cemgil,0.9144049619852924,32,33
2SeNCoP6Zy8,beat_this,Cemgil Best Metric Level,0.9144049619852924,32,33
2SeNCoP6Zy8,beat_this,Goto,1.0,32,33
2SeNCoP6Zy8,beat_this,P-score,0.9696969696969697,32,33
2SeNCoP6Zy8,beat_this,Correct Metric Level Continuous,0.9696969696969697,32,33
2SeNCoP6Zy8,beat_this,Correct Metric Level Total,0.9696969696969697,32,33
2SeNCoP6Zy8,beat_this,Any Metric Level Continuous,0.9696969696969697,32,33
2SeNCoP6Zy8,beat_this,Any Metric Level Total,0.9696969696969697,32,33
2SeNCoP6Zy8,beat_this,Information gain,0.7671406179831942,32,33
30zfbFdeY7g,madmom,F-measure,1.0,28,28
30zfbFdeY7g,madmom,Cemgil,0.9400501233058106,28,28
30zfbFdeY7g,madmom,Cemgil Best Metric Level,0.9400501233058106,28,28
30zfbFdeY7g,madmom,Goto,1.0,28,28
30zfbFdeY7g,madmom,P-score,1.0,28,28
30zfbFdeY7g,madmom,Correct Metric Level Continuous,1.0,28,28
30zfbFdeY7g,madmom,Correct Metric Level Total,1.0,28,28
30zfbFdeY7g,madmom,Any Metric Level Continuous,1.0,28,28
30zfbFdeY7g,madmom,Any Metric Level Total,1.0,28,28
30zfbFdeY7g,madmom,Information gain,0.6095842323547481,28,28
30zfbFdeY7g,beat_this,F-measure,1.0,28,28
30zfbFdeY7g,beat_this,Cemgil,0.9565110303065182,28,28
30zfbFdeY7g,beat_this,Cemgil Best Metric Level,0.9565110303065182,28,28
30zfbFdeY7g,beat_this,Goto,1.0,28,28
30zfbFdeY7g,beat_this,P-score,1.0,28,28
30zfbFdeY7g,beat_this,Correct Metric Level Continuous,1.0,28,28
30zfbFdeY7g,beat_this,Correct Metric Level Total,1.0,28,28
30zfbFdeY7g,beat_this,Any Metric Level Continuous,1.0,28,28
30zfbFdeY7g,beat_this,Any Metric Level Total,1.0,28,28
30zfbFdeY7g,beat_this,Information gain,0.6310444663391358,28,28
3NqMmAYSrJw,madmom,F-measure,1.0,28,28
3NqMmAYSrJw,madmom,Cemgil,0.9412797086276756,28,28
3NqMmAYSrJw,madmom,Cemgil Best Metric Level,0.9412797086276756,28,28
3NqMmAYSrJw,madmom,Goto,1.0,28,28
3NqMmAYSrJw,madmom,P-score,1.0,28,28
3NqMmAYSrJw,madmom,Correct Metric Level Continuous,1.0,28,28
3NqMmAYSrJw,madmom,Correct Metric Level Total,1.0,28,28
3NqMmAYSrJw,madmom,Any Metric Level Continuous,1.0,28,28
3NqMmAYSrJw,madmom,Any Metric Level Total,1.0,28,28
3NqMmAYSrJw,madmom,Information gain,0.8209636941875861,28,28
3NqMmAYSrJw,beat_this,F-measure,0.6666666666666666,28,14
3NqMmAYSrJw,beat_this,Cemgil,0.5865003577753092,28,14
3NqMmAYSrJw,beat_this,Cemgil Best Metric Level,0.8797505366629637,28,14
3NqMmAYSrJw,beat_this,Goto,0.0,28,14
3NqMmAYSrJw,beat_this,P-score,0.5,28,14
3NqMmAYSrJw,beat_this,Correct Metric Level Continuous,0.0,28,14
3NqMmAYSrJw,beat_this,Correct Metric Level Total,0.0,28,14
3NqMmAYSrJw,beat_this,Any Metric Level Continuous,1.0,28,14
3NqMmAYSrJw,beat_this,Any Metric Level Total,1.0,28,14
3NqMmAYSrJw,beat_this,Information gain,0.723483308918957,28,14
3OByv5luEjc,madmom,F-measure,0.689655172413793,30,28
3OByv5luEjc,madmom,Cemgil,0.6554152343216711,30,28
3OByv5luEjc,madmom,Cemgil Best Metric Level,0.6554152343216711,30,28
3OByv5luEjc,madmom,Goto,0.0,30,28
3OByv5luEjc,madmom,P-score,0.7333333333333333,30,28
3OByv5luEjc,madmom,Correct Metric Level Continuous,0.6666666666666666,30,28
3OByv5luEjc,madmom,Correct Metric Level Total,0.6666666666666666,30,28
3OByv5luEjc,madmom,Any Metric Level Continuous,0.6666666666666666,30,28
3OByv5luEjc,madmom,Any Metric Level Total,0.6666666666666666,30,28
3OByv5luEjc,madmom,Information gain,0.38745761570938286,30,28
3OByv5luEjc,beat_this,F-measure,0.983050847457627,30,29
3OByv5luEjc,beat_this,Cemgil,0.9212654744126512,30,29
3OByv5luEjc,beat_this,Cemgil Best Metric Level,0.9212654744126512,30,29
3OByv5luEjc,beat_this,Goto,1.0,30,29
3OByv5luEjc,beat_this,P-score,0.9666666666666667,30,29
3OByv5luEjc,beat_this,Correct Metric Level Continuous,0.9666666666666667,30,29
3OByv5luEjc,beat_this,Correct Metric Level Total,0.9666666666666667,30,29
3OByv5luEjc,beat_this,Any Metric Level Continuous,0.9666666666666667,30,29
3OByv5luEjc,beat_this,Any Metric Level Total,0.9666666666666667,30,29
3OByv5luEjc,beat_this,Information gain,0.6118004771498872,30,29
3QuyNWZoKgk,madmom,F-measure,1.0,25,25
3QuyNWZoKgk,madmom,Cemgil,0.9115651905962529,25,25
3QuyNWZoKgk,madmom,Cemgil Best Metric Level,0.9115651905962529,25,25
3QuyNWZoKgk,madmom,Goto,1.0,25,25
3QuyNWZoKgk,madmom,P-score,1.0,25,25
3QuyNWZoKgk,madmom,Correct Metric Level Continuous,1.0,25,25
3QuyNWZoKgk,madmom,Correct Metric Level Total,1.0,25,25
3QuyNWZoKgk,madmom,Any Metric Level Continuous,1.0,25,25
3QuyNWZoKgk,madmom,Any Metric Level Total,1.0,25,25
3QuyNWZoKgk,madmom,Information gain,0.7623411422945441,25,25
3QuyNWZoKgk,beat_this,F-measure,1.0,25,25
3QuyNWZoKgk,beat_this,Cemgil,0.8893702252844943,25,25
3QuyNWZoKgk,beat_this,Cemgil Best Metric Level,0.8893702252844943,25,25
3QuyNWZoKgk,beat_this,Goto,1.0,25,25
3QuyNWZoKgk,beat_this,P-score,1.0,25,25
3QuyNWZoKgk,beat_this,Correct Metric Level Continuous,1.0,25,25
3QuyNWZoKgk,beat_this,Correct Metric Level Total,1.0,25,25
3QuyNWZoKgk,beat_this,Any Metric Level Continuous,1.0,25,25
3QuyNWZoKgk,beat_this,Any Metric Level Total,1.0,25,25
3QuyNWZoKgk,beat_this,Information gain,0.7529717018134124,25,25
3WqrNqX1lsI,madmom,F-measure,1.0,32,32
3WqrNqX1lsI,madmom,Cemgil,0.9945522800247155,32,32
3WqrNqX1lsI,madmom,Cemgil Best Metric Level,0.9945522800247155,32,32
3WqrNqX1lsI,madmom,Goto,1.0,32,32
3WqrNqX1lsI,madmom,P-score,1.0,32,32
3WqrNqX1lsI,madmom,Correct Metric Level Continuous,1.0,32,32
3WqrNqX1lsI,madmom,Correct Metric Level Total,1.0,32,32
3WqrNqX1lsI,madmom,Any Metric Level Continuous,1.0,32,32
3WqrNqX1lsI,madmom,Any Metric Level Total,1.0,32,32
3WqrNqX1lsI,madmom,Information gain,0.8585401575411453,32,32
3WqrNqX1lsI,beat_this,F-measure,1.0,32,32
3WqrNqX1lsI,beat_this,Cemgil,0.9640807980053998,32,32
3WqrNqX1lsI,beat_this,Cemgil Best Metric Level,0.9640807980053998,32,32
3WqrNqX1lsI,beat_this,Goto,1.0,32,32
3WqrNqX1lsI,beat_this,P-score,1.0,32,32
3WqrNqX1lsI,beat_this,Correct Metric Level Continuous,1.0,32,32
3WqrNqX1lsI,beat_this,Correct Metric Level Total,1.0,32,32
3WqrNqX1lsI,beat_this,Any Metric Level Continuous,1.0,32,32
3WqrNqX1lsI,beat_this,Any Metric Level Total,1.0,32,32
3WqrNqX1lsI,beat_this,Information gain,0.7542446004808537,32,32
3jmQ3-LNeAU,madmom,F-measure,0.9500000000000001,40,40
3jmQ3-LNeAU,madmom,Cemgil,0.4120754124850329,40,40
3jmQ3-LNeAU,madmom,Cemgil Best Metric Level,0.4120754124850329,40,40
3jmQ3-LNeAU,madmom,Goto,0.0,40,40
3jmQ3-LNeAU,madmom,P-score,1.0,40,40
3jmQ3-LNeAU,madmom,Correct Metric Level Continuous,0.45,40,40
3jmQ3-LNeAU,madmom,Correct Metric Level Total,0.85,40,40
3jmQ3-LNeAU,madmom,Any Metric Level Continuous,0.45,40,40
3jmQ3-LNeAU,madmom,Any Metric Level Total,0.85,40,40
3jmQ3-LNeAU,madmom,Information gain,0.596515139464213,40,40
3jmQ3-LNeAU,beat_this,F-measure,0.6666666666666666,40,20
3jmQ3-LNeAU,beat_this,Cemgil,0.3541784929143683,40,20
3jmQ3-LNeAU,beat_this,Cemgil Best Metric Level,0.5312677393715467,40,20
3jmQ3-LNeAU,beat_this,Goto,0.0,40,20
3jmQ3-LNeAU,beat_this,P-score,0.5,40,20
3jmQ3-LNeAU,beat_this,Correct Metric Level Continuous,0.0,40,20
3jmQ3-LNeAU,beat_this,Correct Metric Level Total,0.0,40,20
3jmQ3-LNeAU,beat_this,Any Metric Level Continuous,1.0,40,20
3jmQ3-LNeAU,beat_this,Any Metric Level Total,1.0,40,20
3jmQ3-LNeAU,beat_this,Information gain,0.6238991579027854,40,20
44j8lJU2dqM,madmom,F-measure,1.0,42,42
44j8lJU2dqM,madmom,Cemgil,0.8786516347631135,42,42
44j8lJU2dqM,madmom,Cemgil Best Metric Level,0.8786516347631135,42,42
44j8lJU2dqM,madmom,Goto,1.0,42,42
44j8lJU2dqM,madmom,P-score,1.0,42,42
44j8lJU2dqM,madmom,Correct Metric Level Continuous,1.0,42,42
44j8lJU2dqM,madmom,Correct Metric Level Total,1.0,42,42
44j8lJU2dqM,madmom,Any Metric Level Continuous,1.0,42,42
44j8lJU2dqM,madmom,Any Metric Level Total,1.0,42,42
44j8lJU2dqM,madmom,Information gain,0.6130188601748517,42,42
44j8lJU2dqM,beat_this,F-measure,0.6666666666666666,42,21
44j8lJU2dqM,beat_this,Cemgil,0.6104449392074767,42,21
44j8lJU2dqM,beat_this,Cemgil Best Metric Level,0.9156674088112146,42,21
44j8lJU2dqM,beat_this,Goto,0.0,42,21
44j8lJU2dqM,beat_this,P-score,0.5,42,21
44j8lJU2dqM,beat_this,Correct Metric Level Continuous,0.0,42,21
44j8lJU2dqM,beat_this,Correct Metric Level Total,0.0,42,21
44j8lJU2dqM,beat_this,Any Metric Level Continuous,1.0,42,21
44j8lJU2dqM,beat_this,Any Metric Level Total,1.0,42,21
44j8lJU2dqM,beat_this,Information gain,0.5496069427092474,42,21
4VKiwmQJ4Lo,madmom,F-measure,1.0,33,33
4VKiwmQJ4Lo,madmom,Cemgil,0.9676237337239751,33,33
4VKiwmQJ4Lo,madmom,Cemgil Best Metric Level,0.9676237337239751,33,33
4VKiwmQJ4Lo,madmom,Goto,1.0,33,33
4VKiwmQJ4Lo,madmom,P-score,1.0,33,33
4VKiwmQJ4Lo,madmom,Correct Metric Level Continuous,1.0,33,33
4VKiwmQJ4Lo,madmom,Correct Metric Level Total,1.0,33,33
4VKiwmQJ4Lo,madmom,Any Metric Level Continuous,1.0,33,33
4VKiwmQJ4Lo,madmom,Any Metric Level Total,1.0,33,33
4VKiwmQJ4Lo,madmom,Information gain,0.6775779303376548,33,33
4VKiwmQJ4Lo,beat_this,F-measure,1.0,33,33
4VKiwmQJ4Lo,beat_this,Cemgil,0.9638824193439939,33,33
4VKiwmQJ4Lo,beat_this,Cemgil Best Metric Level,0.9638824193439939,33,33
4VKiwmQJ4Lo,beat_this,Goto,1.0,33,33
4VKiwmQJ4Lo,beat_this,P-score,1.0,33,33
4VKiwmQJ4Lo,beat_this,Correct Metric Level Continuous,1.0,33,33
4VKiwmQJ4Lo,beat_this,Correct Metric Level Total,1.0,33,33
4VKiwmQJ4Lo,beat_this,Any Metric Level Continuous,1.0,33,33
4VKiwmQJ4Lo,beat_this,Any Metric Level Total,1.0,33,33
4VKiwmQJ4Lo,beat_this,Information gain,0.6883233884275026,33,33
4XIvB4rPehs,madmom,F-measure,1.0,25,25
4XIvB4rPehs,madmom,Cemgil,0.9378613751678698,25,25
4XIvB4rPehs,madmom,Cemgil Best Metric Level,0.9378613751678698,25,25
4XIvB4rPehs,madmom,Goto,1.0,25,25
4XIvB4rPehs,madmom,P-score,1.0,25,25
4XIvB4rPehs,madmom,Correct Metric Level Continuous,1.0,25,25
4XIvB4rPehs,madmom,Correct Metric Level Total,1.0,25,25
4XIvB4rPehs,madmom,Any Metric Level Continuous,1.0,25,25
4XIvB4rPehs,madmom,Any Metric Level Total,1.0,25,25
4XIvB4rPehs,madmom,Information gain,0.7324034460145789,25,25
4XIvB4rPehs,beat_this,F-measure,1.0,25,25
4XIvB4rPehs,beat_this,Cemgil,0.913597723767291,25,25
4XIvB4rPehs,beat_this,Cemgil Best Metric Level,0.913597723767291,25,25
4XIvB4rPehs,beat_this,Goto,1.0,25,25
4XIvB4rPehs,beat_this,P-score,1.0,25,25
4XIvB4rPehs,beat_this,Correct Metric Level Continuous,1.0,25,25
4XIvB4rPehs,beat_this,Correct Metric Level Total,1.0,25,25
4XIvB4rPehs,beat_this,Any Metric Level Continuous,1.0,25,25
4XIvB4rPehs,beat_this,Any Metric Level Total,1.0,25,25
4XIvB4rPehs,beat_this,Information gain,0.7239699148565479,25,25
4liY0E7XBTw,madmom,F-measure,0.9818181818181818,27,28
4liY0E7XBTw,madmom,Cemgil,0.9209895241132339,27,28
4liY0E7XBTw,madmom,Cemgil Best Metric Level,0.9209895241132339,27,28
4liY0E7XBTw,madmom,Goto,1.0,27,28
4liY0E7XBTw,madmom,P-score,0.9642857142857143,27,28
4liY0E7XBTw,madmom,Correct Metric Level Continuous,0.9642857142857143,27,28
4liY0E7XBTw,madmom,Correct Metric Level Total,0.9642857142857143,27,28
4liY0E7XBTw,madmom,Any Metric Level Continuous,0.9642857142857143,27,28
4liY0E7XBTw,madmom,Any Metric Level Total,0.9642857142857143,27,28
4liY0E7XBTw,madmom,Information gain,0.6701150457722845,27,28
4liY0E7XBTw,beat_this,F-measure,0.9818181818181818,27,28
4liY0E7XBTw,beat_this,Cemgil,0.9400259964404364,27,28
4liY0E7XBTw,beat_this,Cemgil Best Metric Level,0.9400259964404364,27,28
4liY0E7XBTw,beat_this,Goto,1.0,27,28
4liY0E7XBTw,beat_this,P-score,0.9642857142857143,27,28
4liY0E7XBTw,beat_this,Correct Metric Level Continuous,0.9642857142857143,27,28
4liY0E7XBTw,beat_this,Correct Metric Level Total,0.9642857142857143,27,28
4liY0E7XBTw,beat_this,Any Metric Level Continuous,0.9642857142857143,27,28
4liY0E7XBTw,beat_this,Any Metric Level Total,0.9642857142857143,27,28
4liY0E7XBTw,beat_this,Information gain,0.7087450032019964,27,28
4nbBTmGOusA,madmom,F-measure,1.0,34,34
4nbBTmGOusA,madmom,Cemgil,0.8421284557865227,34,34
4nbBTmGOusA,madmom,Cemgil Best Metric Level,0.8421284557865227,34,34
4nbBTmGOusA,madmom,Goto,1.0,34,34
4nbBTmGOusA,madmom,P-score,1.0,34,34
4nbBTmGOusA,madmom,Correct Metric Level Continuous,1.0,34,34
4nbBTmGOusA,madmom,Correct Metric Level Total,1.0,34,34
4nbBTmGOusA,madmom,Any Metric Level Continuous,1.0,34,34
4nbBTmGOusA,madmom,Any Metric Level Total,1.0,34,34
4nbBTmGOusA,madmom,Information gain,0.7254790464404836,34,34
4nbBTmGOusA,beat_this,F-measure,0.6666666666666666,34,17
4nbBTmGOusA,beat_this,Cemgil,0.5905151853025646,34,17
4nbBTmGOusA,beat_this,Cemgil Best Metric Level,0.885772777953847,34,17
4nbBTmGOusA,beat_this,Goto,0.0,34,17
4nbBTmGOusA,beat_this,P-score,0.5,34,17
4nbBTmGOusA,beat_this,Correct Metric Level Continuous,0.0,34,17
4nbBTmGOusA,beat_this,Correct Metric Level Total,0.0,34,17
4nbBTmGOusA,beat_this,Any Metric Level Continuous,1.0,34,17
4nbBTmGOusA,beat_this,Any Metric Level Total,1.0,34,17
4nbBTmGOusA,beat_this,Information gain,0.6334898526894394,34,17
55W2LxbQoHc,madmom,F-measure,0.64,25,25
55W2LxbQoHc,madmom,Cemgil,0.582283449597995,25,25
55W2LxbQoHc,madmom,Cemgil Best Metric Level,0.582283449597995,25,25
55W2LxbQoHc,madmom,Goto,0.0,25,25
55W2LxbQoHc,madmom,P-score,0.64,25,25
55W2LxbQoHc,madmom,Correct Metric Level Continuous,0.64,25,25
55W2LxbQoHc,madmom,Correct Metric Level Total,0.64,25,25
55W2LxbQoHc,madmom,Any Metric Level Continuous,0.64,25,25
55W2LxbQoHc,madmom,Any Metric Level Total,0.64,25,25
55W2LxbQoHc,madmom,Information gain,0.636309070134083,25,25
55W2LxbQoHc,beat_this,F-measure,0.9259259259259259,25,29
55W2LxbQoHc,beat_this,Cemgil,0.8666815049074011,25,29
55W2LxbQoHc,beat_this,Cemgil Best Metric Level,0.8666815049074011,25,29
55W2LxbQoHc,beat_this,Goto,0.0,25,29
55W2LxbQoHc,beat_this,P-score,0.8620689655172413,25,29
55W2LxbQoHc,beat_this,Correct Metric Level Continuous,0.6896551724137931,25,29
55W2LxbQoHc,beat_this,Correct Metric Level Total,0.7241379310344828,25,29
55W2LxbQoHc,beat_this,Any Metric Level Continuous,0.6896551724137931,25,29
55W2LxbQoHc,beat_this,Any Metric Level Total,0.7241379310344828,25,29
55W2LxbQoHc,beat_this,Information gain,0.6875091541444962,25,29
5Fj-VIslrFc,madmom,F-measure,0.5666666666666667,30,30
5Fj-VIslrFc,madmom,Cemgil,0.4951055490015994,30,30
5Fj-VIslrFc,madmom,Cemgil Best Metric Level,0.4951055490015994,30,30
5Fj-VIslrFc,madmom,Goto,0.0,30,30
5Fj-VIslrFc,madmom,P-score,0.5666666666666667,30,30
5Fj-VIslrFc,madmom,Correct Metric Level Continuous,0.5666666666666667,30,30
5Fj-VIslrFc,madmom,Correct Metric Level Total,0.5666666666666667,30,30
5Fj-VIslrFc,madmom,Any Metric Level Continuous,0.5666666666666667,30,30
5Fj-VIslrFc,madmom,Any Metric Level Total,0.5666666666666667,30,30
5Fj-VIslrFc,madmom,Information gain,0.3877920209561818,30,30
5Fj-VIslrFc,beat_this,F-measure,0.4444444444444444,30,15
5Fj-VIslrFc,beat_this,Cemgil,0.4363681323261494,30,15
5Fj-VIslrFc,beat_this,Cemgil Best Metric Level,0.5846280760392887,30,15
5Fj-VIslrFc,beat_this,Goto,0.0,30,15
5Fj-VIslrFc,beat_this,P-score,0.36666666666666664,30,15
5Fj-VIslrFc,beat_this,Correct Metric Level Continuous,0.06666666666666667,30,15
5Fj-VIslrFc,beat_this,Correct Metric Level Total,0.06666666666666667,30,15
5Fj-VIslrFc,beat_this,Any Metric Level Continuous,0.4666666666666667,30,15
5Fj-VIslrFc,beat_this,Any Metric Level Total,0.5333333333333333,30,15
5Fj-VIslrFc,beat_this,Information gain,0.3719640657103874,30,15
5bF0V6bAwjc,madmom,F-measure,0.6666666666666666,21,42
5bF0V6bAwjc,madmom,Cemgil,0.6237779955567908,21,42
5bF0V6bAwjc,madmom,Cemgil Best Metric Level,0.9140325767560563,21,42
5bF0V6bAwjc,madmom,Goto,0.0,21,42
5bF0V6bAwjc,madmom,P-score,0.5,21,42
5bF0V6bAwjc,madmom,Correct Metric Level Continuous,0.0,21,42
5bF0V6bAwjc,madmom,Correct Metric Level Total,0.0,21,42
5bF0V6bAwjc,madmom,Any Metric Level Continuous,0.9761904761904762,21,42
5bF0V6bAwjc,madmom,Any Metric Level Total,0.9761904761904762,21,42
5bF0V6bAwjc,madmom,Information gain,0.6583161086339738,21,42
5bF0V6bAwjc,beat_this,F-measure,1.0,21,21
5bF0V6bAwjc,beat_this,Cemgil,0.9340925935641702,21,21
5bF0V6bAwjc,beat_this,Cemgil Best Metric Level,0.9340925935641702,21,21
5bF0V6bAwjc,beat_this,Goto,1.0,21,21
5bF0V6bAwjc,beat_this,P-score,1.0,21,21
5bF0V6bAwjc,beat_this,Correct Metric Level Continuous,1.0,21,21
5bF0V6bAwjc,beat_this,Correct Metric Level Total,1.0,21,21
5bF0V6bAwjc,beat_this,Any Metric Level Continuous,1.0,21,21
5bF0V6bAwjc,beat_this,Any Metric Level Total,1.0,21,21
5bF0V6bAwjc,beat_this,Information gain,0.746774362868733,21,21
5sIaUu2igUY,madmom,F-measure,0.6571428571428571,47,23
5sIaUu2igUY,madmom,Cemgil,0.6406882646589314,47,23
5sIaUu2igUY,madmom,Cemgil Best Metric Level,0.9749604027416442,47,23
5sIaUu2igUY,madmom,Goto,0.0,47,23
5sIaUu2igUY,madmom,P-score,0.48936170212765956,47,23
5sIaUu2igUY,madmom,Correct Metric Level Continuous,0.0,47,23
5sIaUu2igUY,madmom,Correct Metric Level Total,0.0,47,23
5sIaUu2igUY,madmom,Any Metric Level Continuous,1.0,47,23
5sIaUu2igUY,madmom,Any Metric Level Total,1.0,47,23
5sIaUu2igUY,madmom,Information gain,0.5976093136133049,47,23
5sIaUu2igUY,beat_this,F-measure,0.6571428571428571,47,23
5sIaUu2igUY,beat_this,Cemgil,0.606632729039056,47,23
5sIaUu2igUY,beat_this,Cemgil Best Metric Level,0.9231367615801045,47,23
5sIaUu2igUY,beat_this,Goto,0.0,47,23
5sIaUu2igUY,beat_this,P-score,0.48936170212765956,47,23
5sIaUu2igUY,beat_this,Correct Metric Level Continuous,0.0,47,23
5sIaUu2igUY,beat_this,Correct Metric Level Total,0.0,47,23
5sIaUu2igUY,beat_this,Any Metric Level Continuous,1.0,47,23
5sIaUu2igUY,beat_this,Any Metric Level Total,1.0,47,23
5sIaUu2igUY,beat_this,Information gain,0.5546266332117249,47,23
6FQLjcGmOaU,madmom,F-measure,1.0,26,26
6FQLjcGmOaU,madmom,Cemgil,0.942709829576172,26,26
6FQLjcGmOaU,madmom,Cemgil Best Metric Level,0.942709829576172,26,26
6FQLjcGmOaU,madmom,Goto,1.0,26,26
6FQLjcGmOaU,madmom,P-score,1.0,26,26
6FQLjcGmOaU,madmom,Correct Metric Level Continuous,1.0,26,26
6FQLjcGmOaU,madmom,Correct Metric Level Total,1.0,26,26
6FQLjcGmOaU,madmom,Any Metric Level Continuous,1.0,26,26
6FQLjcGmOaU,madmom,Any Metric Level Total,1.0,26,26
6FQLjcGmOaU,madmom,Information gain,0.6360158977915099,26,26
6FQLjcGmOaU,beat_this,F-measure,0.6753246753246753,26,51
6FQLjcGmOaU,beat_this,Cemgil,0.6517994872408664,26,51
6FQLjcGmOaU,beat_this,Cemgil Best Metric Level,0.9641446044774244,26,51
6FQLjcGmOaU,beat_this,Goto,0.0,26,51
6FQLjcGmOaU,beat_this,P-score,0.5098039215686274,26,51
6FQLjcGmOaU,beat_this,Correct Metric Level Continuous,0.0,26,51
6FQLjcGmOaU,beat_this,Correct Metric Level Total,0.0,26,51
6FQLjcGmOaU,beat_this,Any Metric Level Continuous,1.0,26,51
6FQLjcGmOaU,beat_this,Any Metric Level Total,1.0,26,51
6FQLjcGmOaU,beat_this,Information gain,0.5008454444212276,26,51
6Rqy3BpSr_U,madmom,F-measure,1.0,26,26
6Rqy3BpSr_U,madmom,Cemgil,0.8155396234122636,26,26
6Rqy3BpSr_U,madmom,Cemgil Best Metric Level,0.8155396234122636,26,26
6Rqy3BpSr_U,madmom,Goto,1.0,26,26
6Rqy3BpSr_U,madmom,P-score,1.0,26,26
6Rqy3BpSr_U,madmom,Correct Metric Level Continuous,1.0,26,26
6Rqy3BpSr_U,madmom,Correct Metric Level Total,1.0,26,26
6Rqy3BpSr_U,madmom,Any Metric Level Continuous,1.0,26,26
6Rqy3BpSr_U,madmom,Any Metric Level Total,1.0,26,26
6Rqy3BpSr_U,madmom,Information gain,0.665012350001731,26,26
6Rqy3BpSr_U,beat_this,F-measure,1.0,26,26
6Rqy3BpSr_U,beat_this,Cemgil,0.8014448011713172,26,26
6Rqy3BpSr_U,beat_this,Cemgil Best Metric Level,0.8014448011713172,26,26
6Rqy3BpSr_U,beat_this,Goto,1.0,26,26
6Rqy3BpSr_U,beat_this,P-score,1.0,26,26
6Rqy3BpSr_U,beat_this,Correct Metric Level Continuous,1.0,26,26
6Rqy3BpSr_U,beat_this,Correct Metric Level Total,1.0,26,26
6Rqy3BpSr_U,beat_this,Any Metric Level Continuous,1.0,26,26
6Rqy3BpSr_U,beat_this,Any Metric Level Total,1.0,26,26
6Rqy3BpSr_U,beat_this,Information gain,0.722880092624696,26,26
6c8RiGGHEYY,madmom,F-measure,1.0,30,30
6c8RiGGHEYY,madmom,Cemgil,0.8648946171523613,30,30
6c8RiGGHEYY,madmom,Cemgil Best Metric Level,0.8648946171523613,30,30
6c8RiGGHEYY,madmom,Goto,1.0,30,30
6c8RiGGHEYY,madmom,P-score,1.0,30,30
6c8RiGGHEYY,madmom,Correct Metric Level Continuous,1.0,30,30
6c8RiGGHEYY,madmom,Correct Metric Level Total,1.0,30,30
6c8RiGGHEYY,madmom,Any Metric Level Continuous,1.0,30,30
6c8RiGGHEYY,madmom,Any Metric Level Total,1.0,30,30
6c8RiGGHEYY,madmom,Information gain,0.7123039424562713,30,30
6c8RiGGHEYY,beat_this,F-measure,0.888888888888889,30,24
6c8RiGGHEYY,beat_this,Cemgil,0.7282787185491371,30,24
6c8RiGGHEYY,beat_this,Cemgil Best Metric Level,0.7282787185491371,30,24
6c8RiGGHEYY,beat_this,Goto,0.0,30,24
6c8RiGGHEYY,beat_this,P-score,0.8,30,24
6c8RiGGHEYY,beat_this,Correct Metric Level Continuous,0.23333333333333334,30,24
6c8RiGGHEYY,beat_this,Correct Metric Level Total,0.6333333333333333,30,24
6c8RiGGHEYY,beat_this,Any Metric Level Continuous,0.23333333333333334,30,24
6c8RiGGHEYY,beat_this,Any Metric Level Total,0.6333333333333333,30,24
6c8RiGGHEYY,beat_this,Information gain,0.5901812526111199,30,24
6gPAjNCyHB8,madmom,F-measure,0.9142857142857143,35,35
6gPAjNCyHB8,madmom,Cemgil,0.8588633644402166,35,35
6gPAjNCyHB8,madmom,Cemgil Best Metric Level,0.8588633644402166,35,35
6gPAjNCyHB8,madmom,Goto,1.0,35,35
6gPAjNCyHB8,madmom,P-score,0.9142857142857143,35,35
6gPAjNCyHB8,madmom,Correct Metric Level Continuous,0.9142857142857143,35,35
6gPAjNCyHB8,madmom,Correct Metric Level Total,0.9142857142857143,35,35
6gPAjNCyHB8,madmom,Any Metric Level Continuous,0.9142857142857143,35,35
6gPAjNCyHB8,madmom,Any Metric Level Total,0.9142857142857143,35,35
6gPAjNCyHB8,madmom,Information gain,0.5103178401672458,35,35
6gPAjNCyHB8,beat_this,F-measure,0.6363636363636364,35,75
6gPAjNCyHB8,beat_this,Cemgil,0.44333998531065555,35,75
6gPAjNCyHB8,beat_this,Cemgil Best Metric Level,0.5298687922466832,35,75
6gPAjNCyHB8,beat_this,Goto,0.0,35,75
6gPAjNCyHB8,beat_this,P-score,0.52,35,75
6gPAjNCyHB8,beat_this,Correct Metric Level Continuous,0.05333333333333334,35,75
6gPAjNCyHB8,beat_this,Correct Metric Level Total,0.13333333333333333,35,75
6gPAjNCyHB8,beat_this,Any Metric Level Continuous,0.06666666666666667,35,75
6gPAjNCyHB8,beat_this,Any Metric Level Total,0.2,35,75
6gPAjNCyHB8,beat_this,Information gain,0.18789659244470858,35,75
6tniJKkjVv0,madmom,F-measure,0.8947368421052632,38,38
6tniJKkjVv0,madmom,Cemgil,0.7509994284188358,38,38
6tniJKkjVv0,madmom,Cemgil Best Metric Level,0.7509994284188358,38,38
6tniJKkjVv0,madmom,Goto,0.0,38,38
6tniJKkjVv0,madmom,P-score,0.9736842105263158,38,38
6tniJKkjVv0,madmom,Correct Metric Level Continuous,0.7894736842105263,38,38
6tniJKkjVv0,madmom,Correct Metric Level Total,0.8947368421052632,38,38
6tniJKkjVv0,madmom,Any Metric Level Continuous,0.7894736842105263,38,38
6tniJKkjVv0,madmom,Any Metric Level Total,0.8947368421052632,38,38
6tniJKkjVv0,madmom,Information gain,0.44846266833738296,38,38
6tniJKkjVv0,beat_this,F-measure,0.6666666666666666,38,19
6tniJKkjVv0,beat_this,Cemgil,0.6051007677199121,38,19
6tniJKkjVv0,beat_this,Cemgil Best Metric Level,0.9076511515798681,38,19
6tniJKkjVv0,beat_this,Goto,0.0,38,19
6tniJKkjVv0,beat_this,P-score,0.5,38,19
6tniJKkjVv0,beat_this,Correct Metric Level Continuous,0.0,38,19
6tniJKkjVv0,beat_this,Correct Metric Level Total,0.0,38,19
6tniJKkjVv0,beat_this,Any Metric Level Continuous,1.0,38,19
6tniJKkjVv0,beat_this,Any Metric Level Total,1.0,38,19
6tniJKkjVv0,beat_this,Information gain,0.558315117628258,38,19
7976yzHXBJc,madmom,F-measure,1.0,41,41
7976yzHXBJc,madmom,Cemgil,0.7925134837241211,41,41
7976yzHXBJc,madmom,Cemgil Best Metric Level,0.7925134837241211,41,41
7976yzHXBJc,madmom,Goto,1.0,41,41
7976yzHXBJc,madmom,P-score,1.0,41,41
7976yzHXBJc,madmom,Correct Metric Level Continuous,0.5121951219512195,41,41
7976yzHXBJc,madmom,Correct Metric Level Total,0.975609756097561,41,41
7976yzHXBJc,madmom,Any Metric Level Continuous,0.5121951219512195,41,41
7976yzHXBJc,madmom,Any Metric Level Total,0.975609756097561,41,41
7976yzHXBJc,madmom,Information gain,0.4705381931405534,41,41
7976yzHXBJc,beat_this,F-measure,0.975609756097561,41,41
7976yzHXBJc,beat_this,Cemgil,0.7683942468471094,41,41
7976yzHXBJc,beat_this,Cemgil Best Metric Level,0.7683942468471094,41,41
7976yzHXBJc,beat_this,Goto,0.0,41,41
7976yzHXBJc,beat_this,P-score,1.0,41,41
7976yzHXBJc,beat_this,Correct Metric Level Continuous,0.5121951219512195,41,41
7976yzHXBJc,beat_this,Correct Metric Level Total,0.975609756097561,41,41
7976yzHXBJc,beat_this,Any Metric Level Continuous,0.5121951219512195,41,41
7976yzHXBJc,beat_this,Any Metric Level Total,0.975609756097561,41,41
7976yzHXBJc,beat_this,Information gain,0.4401675716670537,41,41
7VuqbMbgLHk,madmom,F-measure,0.6511627906976745,29,14
7VuqbMbgLHk,madmom,Cemgil,0.49065411694915323,29,14
7VuqbMbgLHk,madmom,Cemgil Best Metric Level,0.7535045367433425,29,14
7VuqbMbgLHk,madmom,Goto,0.0,29,14
7VuqbMbgLHk,madmom,P-score,0.4827586206896552,29,14
7VuqbMbgLHk,madmom,Correct Metric Level Continuous,0.0,29,14
7VuqbMbgLHk,madmom,Correct Metric Level Total,0.0,29,14
7VuqbMbgLHk,madmom,Any Metric Level Continuous,1.0,29,14
7VuqbMbgLHk,madmom,Any Metric Level Total,1.0,29,14
7VuqbMbgLHk,madmom,Information gain,0.5644791557359221,29,14
7VuqbMbgLHk,beat_this,F-measure,0.6511627906976745,29,14
7VuqbMbgLHk,beat_this,Cemgil,0.47605337617213317,29,14
7VuqbMbgLHk,beat_this,Cemgil Best Metric Level,0.7310819705500616,29,14
7VuqbMbgLHk,beat_this,Goto,0.0,29,14
7VuqbMbgLHk,beat_this,P-score,0.4827586206896552,29,14
7VuqbMbgLHk,beat_this,Correct Metric Level Continuous,0.0,29,14
7VuqbMbgLHk,beat_this,Correct Metric Level Total,0.0,29,14
7VuqbMbgLHk,beat_this,Any Metric Level Continuous,1.0,29,14
7VuqbMbgLHk,beat_this,Any Metric Level Total,1.0,29,14
7VuqbMbgLHk,beat_this,Information gain,0.6029581433279456,29,14
8W1ij30ACGg,madmom,F-measure,1.0,24,24
8W1ij30ACGg,madmom,Cemgil,0.978207786408435,24,24
8W1ij30ACGg,madmom,Cemgil Best Metric Level,0.978207786408435,24,24
8W1ij30ACGg,madmom,Goto,1.0,24,24
8W1ij30ACGg,madmom,P-score,1.0,24,24
8W1ij30ACGg,madmom,Correct Metric Level Continuous,1.0,24,24
8W1ij30ACGg,madmom,Correct Metric Level Total,1.0,24,24
8W1ij30ACGg,madmom,Any Metric Level Continuous,1.0,24,24
8W1ij30ACGg,madmom,Any Metric Level Total,1.0,24,24
8W1ij30ACGg,madmom,Information gain,0.8171051338733568,24,24
8W1ij30ACGg,beat_this,F-measure,1.0,24,24
8W1ij30ACGg,beat_this,Cemgil,0.929447706833267,24,24
8W1ij30ACGg,beat_this,Cemgil Best Metric Level,0.929447706833267,24,24
8W1ij30ACGg,beat_this,Goto,1.0,24,24
8W1ij30ACGg,beat_this,P-score,1.0,24,24
8W1ij30ACGg,beat_this,Correct Metric Level Continuous,1.0,24,24
8W1ij30ACGg,beat_this,Correct Metric Level Total,1.0,24,24
8W1ij30ACGg,beat_this,Any Metric Level Continuous,1.0,24,24
8W1ij30ACGg,beat_this,Any Metric Level Total,1.0,24,24
8W1ij30ACGg,beat_this,Information gain,0.7692153990049259,24,24
94LD5nwivVs,madmom,F-measure,1.0,20,20
94LD5nwivVs,madmom,Cemgil,0.9463419651869296,20,20
94LD5nwivVs,madmom,Cemgil Best Metric Level,0.9463419651869296,20,20
94LD5nwivVs,madmom,Goto,1.0,20,20
94LD5nwivVs,madmom,P-score,1.0,20,20
94LD5nwivVs,madmom,Correct Metric Level Continuous,1.0,20,20
94LD5nwivVs,madmom,Correct Metric Level Total,1.0,20,20
94LD5nwivVs,madmom,Any Metric Level Continuous,1.0,20,20
94LD5nwivVs,madmom,Any Metric Level Total,1.0,20,20
94LD5nwivVs,madmom,Information gain,0.8146962543467502,20,20
94LD5nwivVs,beat_this,F-measure,1.0,20,20
94LD5nwivVs,beat_this,Cemgil,0.9142307821458792,20,20
94LD5nwivVs,beat_this,Cemgil Best Metric Level,0.9142307821458792,20,20
94LD5nwivVs,beat_this,Goto,1.0,20,20
94LD5nwivVs,beat_this,P-score,1.0,20,20
94LD5nwivVs,beat_this,Correct Metric Level Continuous,1.0,20,20
94LD5nwivVs,beat_this,Correct Metric Level Total,1.0,20,20
94LD5nwivVs,beat_this,Any Metric Level Continuous,1.0,20,20
94LD5nwivVs,beat_this,Any Metric Level Total,1.0,20,20
94LD5nwivVs,beat_this,Information gain,0.7692677078433825,20,20
98s7mqb_II0,madmom,F-measure,1.0,33,33
98s7mqb_II0,madmom,Cemgil,0.9555849322800626,33,33
98s7mqb_II0,madmom,Cemgil Best Metric Level,0.9555849322800626,33,33
98s7mqb_II0,madmom,Goto,1.0,33,33
98s7mqb_II0,madmom,P-score,1.0,33,33
98s7mqb_II0,madmom,Correct Metric Level Continuous,1.0,33,33
98s7mqb_II0,madmom,Correct Metric Level Total,1.0,33,33
98s7mqb_II0,madmom,Any Metric Level Continuous,1.0,33,33
98s7mqb_II0,madmom,Any Metric Level Total,1.0,33,33
98s7mqb_II0,madmom,Information gain,0.6342593956059931,33,33
98s7mqb_II0,beat_this,F-measure,0.9523809523809523,33,30
98s7mqb_II0,beat_this,Cemgil,0.9226224759546418,33,30
98s7mqb_II0,beat_this,Cemgil Best Metric Level,0.9226224759546418,33,30
98s7mqb_II0,beat_this,Goto,0.0,33,30
98s7mqb_II0,beat_this,P-score,0.9090909090909091,33,30
98s7mqb_II0,beat_this,Correct Metric Level Continuous,0.48484848484848486,33,30
98s7mqb_II0,beat_this,Correct Metric Level Total,0.7878787878787878,33,30
98s7mqb_II0,beat_this,Any Metric Level Continuous,0.48484848484848486,33,30
98s7mqb_II0,beat_this,Any Metric Level Total,0.7878787878787878,33,30
98s7mqb_II0,beat_this,Information gain,0.6227590666122785,33,30
9f8xPaRWAbg,madmom,F-measure,1.0,30,30
9f8xPaRWAbg,madmom,Cemgil,0.9821670756827632,30,30
9f8xPaRWAbg,madmom,Cemgil Best Metric Level,0.9821670756827632,30,30
9f8xPaRWAbg,madmom,Goto,1.0,30,30
9f8xPaRWAbg,madmom,P-score,1.0,30,30
9f8xPaRWAbg,madmom,Correct Metric Level Continuous,1.0,30,30
9f8xPaRWAbg,madmom,Correct Metric Level Total,1.0,30,30
9f8xPaRWAbg,madmom,Any Metric Level Continuous,1.0,30,30
9f8xPaRWAbg,madmom,Any Metric Level Total,1.0,30,30
9f8xPaRWAbg,madmom,Information gain,0.7281286750225794,30,30
9f8xPaRWAbg,beat_this,F-measure,0.6956521739130436,30,16
9f8xPaRWAbg,beat_this,Cemgil,0.6729689978714525,30,16
9f8xPaRWAbg,beat_this,Cemgil Best Metric Level,0.9343360041980802,30,16
9f8xPaRWAbg,beat_this,Goto,0.0,30,16
9f8xPaRWAbg,beat_this,P-score,0.5333333333333333,30,16
9f8xPaRWAbg,beat_this,Correct Metric Level Continuous,0.06666666666666667,30,16
9f8xPaRWAbg,beat_this,Correct Metric Level Total,0.06666666666666667,30,16
9f8xPaRWAbg,beat_this,Any Metric Level Continuous,0.6875,30,16
9f8xPaRWAbg,beat_this,Any Metric Level Total,0.875,30,16
9f8xPaRWAbg,beat_this,Information gain,0.6164716335260123,30,16
9hODzWIY7Hc,madmom,F-measure,1.0,29,29
9hODzWIY7Hc,madmom,Cemgil,0.9384580770142211,29,29
9hODzWIY7Hc,madmom,Cemgil Best Metric Level,0.9384580770142211,29,29
9hODzWIY7Hc,madmom,Goto,1.0,29,29
9hODzWIY7Hc,madmom,P-score,1.0,29,29
9hODzWIY7Hc,madmom,Correct Metric Level Continuous,1.0,29,29
9hODzWIY7Hc,madmom,Correct Metric Level Total,1.0,29,29
9hODzWIY7Hc,madmom,Any Metric Level Continuous,1.0,29,29
9hODzWIY7Hc,madmom,Any Metric Level Total,1.0,29,29
9hODzWIY7Hc,madmom,Information gain,0.5876087881291191,29,29
9hODzWIY7Hc,beat_this,F-measure,1.0,29,29
9hODzWIY7Hc,beat_this,Cemgil,0.9180486534012301,29,29
9hODzWIY7Hc,beat_this,Cemgil Best Metric Level,0.9180486534012301,29,29
9hODzWIY7Hc,beat_this,Goto,1.0,29,29
9hODzWIY7Hc,beat_this,P-score,1.0,29,29
9hODzWIY7Hc,beat_this,Correct Metric Level Continuous,1.0,29,29
9hODzWIY7Hc,beat_this,Correct Metric Level Total,1.0,29,29
9hODzWIY7Hc,beat_this,Any Metric Level Continuous,1.0,29,29
9hODzWIY7Hc,beat_this,Any Metric Level Total,1.0,29,29
9hODzWIY7Hc,beat_this,Information gain,0.5909214000293936,29,29
9tP_cphjz3E,madmom,F-measure,0.6666666666666666,48,24
9tP_cphjz3E,madmom,Cemgil,0.6391932241517253,48,24
9tP_cphjz3E,madmom,Cemgil Best Metric Level,0.9587898362272957,48,24
9tP_cphjz3E,madmom,Goto,0.0,48,24
9tP_cphjz3E,madmom,P-score,0.5,48,24
9tP_cphjz3E,madmom,Correct Metric Level Continuous,0.0,48,24
9tP_cphjz3E,madmom,Correct Metric Level Total,0.0,48,24
9tP_cphjz3E,madmom,Any Metric Level Continuous,1.0,48,24
9tP_cphjz3E,madmom,Any Metric Level Total,1.0,48,24
9tP_cphjz3E,madmom,Information gain,0.6830048233155706,48,24
9tP_cphjz3E,beat_this,F-measure,0.6666666666666666,48,24
9tP_cphjz3E,beat_this,Cemgil,0.5846804091556087,48,24
9tP_cphjz3E,beat_this,Cemgil Best Metric Level,0.8770206137304992,48,24
9tP_cphjz3E,beat_this,Goto,0.0,48,24
9tP_cphjz3E,beat_this,P-score,0.5,48,24
9tP_cphjz3E,beat_this,Correct Metric Level Continuous,0.0,48,24
9tP_cphjz3E,beat_this,Correct Metric Level Total,0.0,48,24
9tP_cphjz3E,beat_this,Any Metric Level Continuous,1.0,48,24
9tP_cphjz3E,beat_this,Any Metric Level Total,1.0,48,24
9tP_cphjz3E,beat_this,Information gain,0.5770175172352996,48,24
Ai9l_8xy_pc,madmom,F-measure,0.84375,32,32
Ai9l_8xy_pc,madmom,Cemgil,0.6728960898874444,32,32
Ai9l_8xy_pc,madmom,Cemgil Best Metric Level,0.6728960898874444,32,32
Ai9l_8xy_pc,madmom,Goto,0.0,32,32
Ai9l_8xy_pc,madmom,P-score,0.9375,32,32
Ai9l_8xy_pc,madmom,Correct Metric Level Continuous,0.59375,32,32
Ai9l_8xy_pc,madmom,Correct Metric Level Total,0.875,32,32
Ai9l_8xy_pc,madmom,Any Metric Level Continuous,0.59375,32,32
Ai9l_8xy_pc,madmom,Any Metric Level Total,0.875,32,32
Ai9l_8xy_pc,madmom,Information gain,0.4071716899820084,32,32
Ai9l_8xy_pc,beat_this,F-measure,0.875,32,32
Ai9l_8xy_pc,beat_this,Cemgil,0.6967445561073411,32,32
Ai9l_8xy_pc,beat_this,Cemgil Best Metric Level,0.6967445561073411,32,32
Ai9l_8xy_pc,beat_this,Goto,1.0,32,32
Ai9l_8xy_pc,beat_this,P-score,1.0,32,32
Ai9l_8xy_pc,beat_this,Correct Metric Level Continuous,1.0,32,32
Ai9l_8xy_pc,beat_this,Correct Metric Level Total,1.0,32,32
Ai9l_8xy_pc,beat_this,Any Metric Level Continuous,1.0,32,32
Ai9l_8xy_pc,beat_this,Any Metric Level Total,1.0,32,32
Ai9l_8xy_pc,beat_this,Information gain,0.4165605423501781,32,32
AkYhR1lc8QM,madmom,F-measure,1.0,29,29
AkYhR1lc8QM,madmom,Cemgil,0.9872762627096592,29,29
AkYhR1lc8QM,madmom,Cemgil Best Metric Level,0.9872762627096592,29,29
AkYhR1lc8QM,madmom,Goto,1.0,29,29
AkYhR1lc8QM,madmom,P-score,1.0,29,29
AkYhR1lc8QM,madmom,Correct Metric Level Continuous,1.0,29,29
AkYhR1lc8QM,madmom,Correct Metric Level Total,1.0,29,29
AkYhR1lc8QM,madmom,Any Metric Level Continuous,1.0,29,29
AkYhR1lc8QM,madmom,Any Metric Level Total,1.0,29,29
AkYhR1lc8QM,madmom,Information gain,0.7622877792668282,29,29
AkYhR1lc8QM,beat_this,F-measure,1.0,29,29
AkYhR1lc8QM,beat_this,Cemgil,0.9146097805451587,29,29
AkYhR1lc8QM,beat_this,Cemgil Best Metric Level,0.9146097805451587,29,29
AkYhR1lc8QM,beat_this,Goto,1.0,29,29
AkYhR1lc8QM,beat_this,P-score,1.0,29,29
AkYhR1lc8QM,beat_this,Correct Metric Level Continuous,1.0,29,29
AkYhR1lc8QM,beat_this,Correct Metric Level Total,1.0,29,29
AkYhR1lc8QM,beat_this,Any Metric Level Continuous,1.0,29,29
AkYhR1lc8QM,beat_this,Any Metric Level Total,1.0,29,29
AkYhR1lc8QM,beat_this,Information gain,0.7459631422543656,29,29
BXbKa0EqW8E,madmom,F-measure,0.9866666666666666,37,38
BXbKa0EqW8E,madmom,Cemgil,0.9404037984828604,37,38
BXbKa0EqW8E,madmom,Cemgil Best Metric Level,0.9404037984828604,37,38
BXbKa0EqW8E,madmom,Goto,1.0,37,38
BXbKa0EqW8E,madmom,P-score,0.9736842105263158,37,38
BXbKa0EqW8E,madmom,Correct Metric Level Continuous,0.9736842105263158,37,38
BXbKa0EqW8E,madmom,Correct Metric Level Total,0.9736842105263158,37,38
BXbKa0EqW8E,madmom,Any Metric Level Continuous,0.9736842105263158,37,38
BXbKa0EqW8E,madmom,Any Metric Level Total,0.9736842105263158,37,38
BXbKa0EqW8E,madmom,Information gain,0.6898274087451468,37,38
BXbKa0EqW8E,beat_this,F-measure,0.6785714285714285,37,19
BXbKa0EqW8E,beat_this,Cemgil,0.6528288746454898,37,19
BXbKa0EqW8E,beat_this,Cemgil Best Metric Level,0.9620636047407217,37,19
BXbKa0EqW8E,beat_this,Goto,0.0,37,19
BXbKa0EqW8E,beat_this,P-score,0.5135135135135135,37,19
BXbKa0EqW8E,beat_this,Correct Metric Level Continuous,0.0,37,19
BXbKa0EqW8E,beat_this,Correct Metric Level Total,0.0,37,19
BXbKa0EqW8E,beat_this,Any Metric Level Continuous,1.0,37,19
BXbKa0EqW8E,beat_this,Any Metric Level Total,1.0,37,19
BXbKa0EqW8E,beat_this,Information gain,0.6171946565071093,37,19
BZs2ixvEyKM,madmom,F-measure,1.0,33,33
BZs2ixvEyKM,madmom,Cemgil,0.944733604137459,33,33
BZs2ixvEyKM,madmom,Cemgil Best Metric Level,0.944733604137459,33,33
BZs2ixvEyKM,madmom,Goto,1.0,33,33
BZs2ixvEyKM,madmom,P-score,1.0,33,33
BZs2ixvEyKM,madmom,Correct Metric Level Continuous,1.0,33,33
BZs2ixvEyKM,madmom,Correct Metric Level Total,1.0,33,33
BZs2ixvEyKM,madmom,Any Metric Level Continuous,1.0,33,33
BZs2ixvEyKM,madmom,Any Metric Level Total,1.0,33,33
BZs2ixvEyKM,madmom,Information gain,0.6277143957018472,33,33
BZs2ixvEyKM,beat_this,F-measure,0.7246376811594203,33,36
BZs2ixvEyKM,beat_this,Cemgil,0.6532942399531215,33,36
BZs2ixvEyKM,beat_this,Cemgil Best Metric Level,0.6532942399531215,33,36
BZs2ixvEyKM,beat_this,Goto,0.0,33,36
BZs2ixvEyKM,beat_this,P-score,0.6944444444444444,33,36
BZs2ixvEyKM,beat_this,Correct Metric Level Continuous,0.4166666666666667,33,36
BZs2ixvEyKM,beat_this,Correct Metric Level Total,0.5277777777777778,33,36
BZs2ixvEyKM,beat_this,Any Metric Level Continuous,0.4166666666666667,33,36
BZs2ixvEyKM,beat_this,Any Metric Level Total,0.5277777777777778,33,36
BZs2ixvEyKM,beat_this,Information gain,0.46554719220959107,33,36
C0vS_SbaaFI,madmom,F-measure,1.0,29,29
C0vS_SbaaFI,madmom,Cemgil,0.9653401611250916,29,29
C0vS_SbaaFI,madmom,Cemgil Best Metric Level,0.9653401611250916,29,29
C0vS_SbaaFI,madmom,Goto,1.0,29,29
C0vS_SbaaFI,madmom,P-score,1.0,29,29
C0vS_SbaaFI,madmom,Correct Metric Level Continuous,1.0,29,29
C0vS_SbaaFI,madmom,Correct Metric Level Total,1.0,29,29
C0vS_SbaaFI,madmom,Any Metric Level Continuous,1.0,29,29
C0vS_SbaaFI,madmom,Any Metric Level Total,1.0,29,29
C0vS_SbaaFI,madmom,Information gain,0.7103586130043515,29,29
C0vS_SbaaFI,beat_this,F-measure,0.7111111111111111,29,16
C0vS_SbaaFI,beat_this,Cemgil,0.6911629863243126,29,16
C0vS_SbaaFI,beat_this,Cemgil Best Metric Level,0.9402008748395378,29,16
C0vS_SbaaFI,beat_this,Goto,0.0,29,16
C0vS_SbaaFI,beat_this,P-score,0.5517241379310345,29,16
C0vS_SbaaFI,beat_this,Correct Metric Level Continuous,0.06896551724137931,29,16
C0vS_SbaaFI,beat_this,Correct Metric Level Total,0.06896551724137931,29,16
C0vS_SbaaFI,beat_this,Any Metric Level Continuous,0.6875,29,16
C0vS_SbaaFI,beat_this,Any Metric Level Total,0.875,29,16
C0vS_SbaaFI,beat_this,Information gain,0.645149032236069,29,16
CDetbKTJ1dY,madmom,F-measure,1.0,26,26
CDetbKTJ1dY,madmom,Cemgil,0.9523032675408493,26,26
CDetbKTJ1dY,madmom,Cemgil Best Metric Level,0.9523032675408493,26,26
CDetbKTJ1dY,madmom,Goto,1.0,26,26
CDetbKTJ1dY,madmom,P-score,1.0,26,26
CDetbKTJ1dY,madmom,Correct Metric Level Continuous,1.0,26,26
CDetbKTJ1dY,madmom,Correct Metric Level Total,1.0,26,26
CDetbKTJ1dY,madmom,Any Metric Level Continuous,1.0,26,26
CDetbKTJ1dY,madmom,Any Metric Level Total,1.0,26,26
CDetbKTJ1dY,madmom,Information gain,0.6779907350395797,26,26
CDetbKTJ1dY,beat_this,F-measure,1.0,26,26
CDetbKTJ1dY,beat_this,Cemgil,0.9648260102044435,26,26
CDetbKTJ1dY,beat_this,Cemgil Best Metric Level,0.9648260102044435,26,26
CDetbKTJ1dY,beat_this,Goto,1.0,26,26
CDetbKTJ1dY,beat_this,P-score,1.0,26,26
CDetbKTJ1dY,beat_this,Correct Metric Level Continuous,1.0,26,26
CDetbKTJ1dY,beat_this,Correct Metric Level Total,1.0,26,26
CDetbKTJ1dY,beat_this,Any Metric Level Continuous,1.0,26,26
CDetbKTJ1dY,beat_this,Any Metric Level Total,1.0,26,26
CDetbKTJ1dY,beat_this,Information gain,0.7403210342279392,26,26
CpJMjyTMg1Q,madmom,F-measure,1.0,30,30
CpJMjyTMg1Q,madmom,Cemgil,0.9720578049227312,30,30
CpJMjyTMg1Q,madmom,Cemgil Best Metric Level,0.9720578049227312,30,30
CpJMjyTMg1Q,madmom,Goto,1.0,30,30
CpJMjyTMg1Q,madmom,P-score,1.0,30,30
CpJMjyTMg1Q,madmom,Correct Metric Level Continuous,1.0,30,30
CpJMjyTMg1Q,madmom,Correct Metric Level Total,1.0,30,30
CpJMjyTMg1Q,madmom,Any Metric Level Continuous,1.0,30,30
CpJMjyTMg1Q,madmom,Any Metric Level Total,1.0,30,30
CpJMjyTMg1Q,madmom,Information gain,0.7994181488750933,30,30
CpJMjyTMg1Q,beat_this,F-measure,1.0,30,30
CpJMjyTMg1Q,beat_this,Cemgil,0.8299587753996569,30,30
CpJMjyTMg1Q,beat_this,Cemgil Best Metric Level,0.8299587753996569,30,30
CpJMjyTMg1Q,beat_this,Goto,1.0,30,30
CpJMjyTMg1Q,beat_this,P-score,1.0,30,30
CpJMjyTMg1Q,beat_this,Correct Metric Level Continuous,1.0,30,30
CpJMjyTMg1Q,beat_this,Correct Metric Level Total,1.0,30,30
CpJMjyTMg1Q,beat_this,Any Metric Level Continuous,1.0,30,30
CpJMjyTMg1Q,beat_this,Any Metric Level Total,1.0,30,30
CpJMjyTMg1Q,beat_this,Information gain,0.7080209589941525,30,30
Cwkej79U3ek,madmom,F-measure,1.0,24,24
Cwkej79U3ek,madmom,Cemgil,0.84124248746848,24,24
Cwkej79U3ek,madmom,Cemgil Best Metric Level,0.84124248746848,24,24
Cwkej79U3ek,madmom,Goto,1.0,24,24
Cwkej79U3ek,madmom,P-score,1.0,24,24
Cwkej79U3ek,madmom,Correct Metric Level Continuous,1.0,24,24
Cwkej79U3ek,madmom,Correct Metric Level Total,1.0,24,24
Cwkej79U3ek,madmom,Any Metric Level Continuous,1.0,24,24
Cwkej79U3ek,madmom,Any Metric Level Total,1.0,24,24
Cwkej79U3ek,madmom,Information gain,0.7747276323008175,24,24
Cwkej79U3ek,beat_this,F-measure,1.0,24,24
Cwkej79U3ek,beat_this,Cemgil,0.7700326158839458,24,24
Cwkej79U3ek,beat_this,Cemgil Best Metric Level,0.7700326158839458,24,24
Cwkej79U3ek,beat_this,Goto,1.0,24,24
Cwkej79U3ek,beat_this,P-score,1.0,24,24
Cwkej79U3ek,beat_this,Correct Metric Level Continuous,1.0,24,24
Cwkej79U3ek,beat_this,Correct Metric Level Total,1.0,24,24
Cwkej79U3ek,beat_this,Any Metric Level Continuous,1.0,24,24
Cwkej79U3ek,beat_this,Any Metric Level Total,1.0,24,24
Cwkej79U3ek,beat_this,Information gain,0.7477901325478075,24,24
CzYrMns8QAg,madmom,F-measure,1.0,33,33
CzYrMns8QAg,madmom,Cemgil,0.9886262581704057,33,33
CzYrMns8QAg,madmom,Cemgil Best Metric Level,0.9886262581704057,33,33
CzYrMns8QAg,madmom,Goto,1.0,33,33
CzYrMns8QAg,madmom,P-score,1.0,33,33
CzYrMns8QAg,madmom,Correct Metric Level Continuous,1.0,33,33
CzYrMns8QAg,madmom,Correct Metric Level Total,1.0,33,33
CzYrMns8QAg,madmom,Any Metric Level Continuous,1.0,33,33
CzYrMns8QAg,madmom,Any Metric Level Total,1.0,33,33
CzYrMns8QAg,madmom,Information gain,0.795467173429883,33,33
CzYrMns8QAg,beat_this,F-measure,0.653061224489796,33,16
CzYrMns8QAg,beat_this,Cemgil,0.6391960254245451,33,16
CzYrMns8QAg,beat_this,Cemgil Best Metric Level,0.9787689139313347,33,16
CzYrMns8QAg,beat_this,Goto,0.0,33,16
CzYrMns8QAg,beat_this,P-score,0.48484848484848486,33,16
CzYrMns8QAg,beat_this,Correct Metric Level Continuous,0.0,33,16
CzYrMns8QAg,beat_this,Correct Metric Level Total,0.0,33,16
CzYrMns8QAg,beat_this,Any Metric Level Continuous,1.0,33,16
CzYrMns8QAg,beat_this,Any Metric Level Total,1.0,33,16
CzYrMns8QAg,beat_this,Information gain,0.6521552125435518,33,16
D3sueyrnhNw,madmom,F-measure,1.0,30,30
D3sueyrnhNw,madmom,Cemgil,0.8374958003108746,30,30
D3sueyrnhNw,madmom,Cemgil Best Metric Level,0.8374958003108746,30,30
D3sueyrnhNw,madmom,Goto,1.0,30,30
D3sueyrnhNw,madmom,P-score,1.0,30,30
D3sueyrnhNw,madmom,Correct Metric Level Continuous,1.0,30,30
D3sueyrnhNw,madmom,Correct Metric Level Total,1.0,30,30
D3sueyrnhNw,madmom,Any Metric Level Continuous,1.0,30,30
D3sueyrnhNw,madmom,Any Metric Level Total,1.0,30,30
D3sueyrnhNw,madmom,Information gain,0.7038630245505709,30,30
D3sueyrnhNw,beat_this,F-measure,1.0,30,30
D3sueyrnhNw,beat_this,Cemgil,0.806780626285084,30,30
D3sueyrnhNw,beat_this,Cemgil Best Metric Level,0.806780626285084,30,30
D3sueyrnhNw,beat_this,Goto,1.0,30,30
D3sueyrnhNw,beat_this,P-score,1.0,30,30
D3sueyrnhNw,beat_this,Correct Metric Level Continuous,1.0,30,30
D3sueyrnhNw,beat_this,Correct Metric Level Total,1.0,30,30
D3sueyrnhNw,beat_this,Any Metric Level Continuous,1.0,30,30
D3sueyrnhNw,beat_this,Any Metric Level Total,1.0,30,30
D3sueyrnhNw,beat_this,Information gain,0.6768076608207154,30,30
DGZLtb-MWp4,madmom,F-measure,0.9824561403508771,28,29
DGZLtb-MWp4,madmom,Cemgil,0.9590383587236242,28,29
DGZLtb-MWp4,madmom,Cemgil Best Metric Level,0.9590383587236242,28,29
DGZLtb-MWp4,madmom,Goto,1.0,28,29
DGZLtb-MWp4,madmom,P-score,0.9655172413793104,28,29
DGZLtb-MWp4,madmom,Correct Metric Level Continuous,0.9655172413793104,28,29
DGZLtb-MWp4,madmom,Correct Metric Level Total,0.9655172413793104,28,29
DGZLtb-MWp4,madmom,Any Metric Level Continuous,0.9655172413793104,28,29
DGZLtb-MWp4,madmom,Any Metric Level Total,0.9655172413793104,28,29
DGZLtb-MWp4,madmom,Information gain,0.7318502035237674,28,29
DGZLtb-MWp4,beat_this,F-measure,0.9824561403508771,28,29
DGZLtb-MWp4,beat_this,Cemgil,0.9398425676060372,28,29
DGZLtb-MWp4,beat_this,Cemgil Best Metric Level,0.9398425676060372,28,29
DGZLtb-MWp4,beat_this,Goto,1.0,28,29
DGZLtb-MWp4,beat_this,P-score,0.9655172413793104,28,29
DGZLtb-MWp4,beat_this,Correct Metric Level Continuous,0.9655172413793104,28,29
DGZLtb-MWp4,beat_this,Correct Metric Level Total,0.9655172413793104,28,29
DGZLtb-MWp4,beat_this,Any Metric Level Continuous,0.9655172413793104,28,29
DGZLtb-MWp4,beat_this,Any Metric Level Total,0.9655172413793104,28,29
DGZLtb-MWp4,beat_this,Information gain,0.7148471113663428,28,29
DO5TjDsrRpM,madmom,F-measure,1.0,24,24
DO5TjDsrRpM,madmom,Cemgil,0.968085209839704,24,24
DO5TjDsrRpM,madmom,Cemgil Best Metric Level,0.968085209839704,24,24
DO5TjDsrRpM,madmom,Goto,1.0,24,24
DO5TjDsrRpM,madmom,P-score,1.0,24,24
DO5TjDsrRpM,madmom,Correct Metric Level Continuous,1.0,24,24
DO5TjDsrRpM,madmom,Correct Metric Level Total,1.0,24,24
DO5TjDsrRpM,madmom,Any Metric Level Continuous,1.0,24,24
DO5TjDsrRpM,madmom,Any Metric Level Total,1.0,24,24
DO5TjDsrRpM,madmom,Information gain,0.7747276323008176,24,24
DO5TjDsrRpM,beat_this,F-measure,1.0,24,24
DO5TjDsrRpM,beat_this,Cemgil,0.9482153157529268,24,24
DO5TjDsrRpM,beat_this,Cemgil Best Metric Level,0.9482153157529268,24,24
DO5TjDsrRpM,beat_this,Goto,1.0,24,24
DO5TjDsrRpM,beat_this,P-score,1.0,24,24
DO5TjDsrRpM,beat_this,Correct Metric Level Continuous,1.0,24,24
DO5TjDsrRpM,beat_this,Correct Metric Level Total,1.0,24,24
DO5TjDsrRpM,beat_this,Any Metric Level Continuous,1.0,24,24
DO5TjDsrRpM,beat_this,Any Metric Level Total,1.0,24,24
DO5TjDsrRpM,beat_this,Information gain,0.7354887725779148,24,24
DgT4CPv_CCE,madmom,F-measure,1.0,30,30
DgT4CPv_CCE,madmom,Cemgil,0.9592304071526426,30,30
DgT4CPv_CCE,madmom,Cemgil Best Metric Level,0.9592304071526426,30,30
DgT4CPv_CCE,madmom,Goto,1.0,30,30
DgT4CPv_CCE,madmom,P-score,1.0,30,30
DgT4CPv_CCE,madmom,Correct Metric Level Continuous,1.0,30,30
DgT4CPv_CCE,madmom,Correct Metric Level Total,1.0,30,30
DgT4CPv_CCE,madmom,Any Metric Level Continuous,1.0,30,30
DgT4CPv_CCE,madmom,Any Metric Level Total,1.0,30,30
DgT4CPv_CCE,madmom,Information gain,0.7123039424562713,30,30
DgT4CPv_CCE,beat_this,F-measure,1.0,30,30
DgT4CPv_CCE,beat_this,Cemgil,0.9062669589016894,30,30
DgT4CPv_CCE,beat_this,Cemgil Best Metric Level,0.9062669589016894,30,30
DgT4CPv_CCE,beat_this,Goto,1.0,30,30
DgT4CPv_CCE,beat_this,P-score,1.0,30,30
DgT4CPv_CCE,beat_this,Correct Metric Level Continuous,1.0,30,30
DgT4CPv_CCE,beat_this,Correct Metric Level Total,1.0,30,30
DgT4CPv_CCE,beat_this,Any Metric Level Continuous,1.0,30,30
DgT4CPv_CCE,beat_this,Any Metric Level Total,1.0,30,30
DgT4CPv_CCE,beat_this,Information gain,0.7473922168455187,30,30
E2fPGGZgp-M,madmom,F-measure,1.0,24,24
E2fPGGZgp-M,madmom,Cemgil,0.9771672704830029,24,24
E2fPGGZgp-M,madmom,Cemgil Best Metric Level,0.9771672704830029,24,24
E2fPGGZgp-M,madmom,Goto,1.0,24,24
E2fPGGZgp-M,madmom,P-score,1.0,24,24
E2fPGGZgp-M,madmom,Correct Metric Level Continuous,1.0,24,24
E2fPGGZgp-M,madmom,Correct Metric Level Total,1.0,24,24
E2fPGGZgp-M,madmom,Any Metric Level Continuous,1.0,24,24
E2fPGGZgp-M,madmom,Any Metric Level Total,1.0,24,24
E2fPGGZgp-M,madmom,Information gain,0.7623896783944991,24,24
E2fPGGZgp-M,beat_this,F-measure,1.0,24,24
E2fPGGZgp-M,beat_this,Cemgil,0.9825606369246017,24,24
E2fPGGZgp-M,beat_this,Cemgil Best Metric Level,0.9825606369246017,24,24
E2fPGGZgp-M,beat_this,Goto,1.0,24,24
E2fPGGZgp-M,beat_this,P-score,1.0,24,24
E2fPGGZgp-M,beat_this,Correct Metric Level Continuous,1.0,24,24
E2fPGGZgp-M,beat_this,Correct Metric Level Total,1.0,24,24
E2fPGGZgp-M,beat_this,Any Metric Level Continuous,1.0,24,24
E2fPGGZgp-M,beat_this,Any Metric Level Total,1.0,24,24
E2fPGGZgp-M,beat_this,Information gain,0.78662719886238,24,24
E3bbJ3GMi48,madmom,F-measure,1.0,24,24
E3bbJ3GMi48,madmom,Cemgil,0.921324999500463,24,24
E3bbJ3GMi48,madmom,Cemgil Best Metric Level,0.921324999500463,24,24
E3bbJ3GMi48,madmom,Goto,1.0,24,24
E3bbJ3GMi48,madmom,P-score,1.0,24,24
E3bbJ3GMi48,madmom,Correct Metric Level Continuous,1.0,24,24
E3bbJ3GMi48,madmom,Correct Metric Level Total,1.0,24,24
E3bbJ3GMi48,madmom,Any Metric Level Continuous,1.0,24,24
E3bbJ3GMi48,madmom,Any Metric Level Total,1.0,24,24
E3bbJ3GMi48,madmom,Information gain,0.6782516103650771,24,24
E3bbJ3GMi48,beat_this,F-measure,0.888888888888889,24,30
E3bbJ3GMi48,beat_this,Cemgil,0.8274674433502004,24,30
E3bbJ3GMi48,beat_this,Cemgil Best Metric Level,0.8274674433502004,24,30
E3bbJ3GMi48,beat_this,Goto,0.0,24,30
E3bbJ3GMi48,beat_this,P-score,0.8,24,30
E3bbJ3GMi48,beat_this,Correct Metric Level Continuous,0.6,24,30
E3bbJ3GMi48,beat_this,Correct Metric Level Total,0.6333333333333333,24,30
E3bbJ3GMi48,beat_this,Any Metric Level Continuous,0.6,24,30
E3bbJ3GMi48,beat_this,Any Metric Level Total,0.6333333333333333,24,30
E3bbJ3GMi48,beat_this,Information gain,0.5735883145503624,24,30
E6uudzXoTJo,madmom,F-measure,1.0,31,31
E6uudzXoTJo,madmom,Cemgil,0.9861432511248234,31,31
E6uudzXoTJo,madmom,Cemgil Best Metric Level,0.9861432511248234,31,31
E6uudzXoTJo,madmom,Goto,1.0,31,31
E6uudzXoTJo,madmom,P-score,1.0,31,31
E6uudzXoTJo,madmom,Correct Metric Level Continuous,1.0,31,31
E6uudzXoTJo,madmom,Correct Metric Level Total,1.0,31,31
E6uudzXoTJo,madmom,Any Metric Level Continuous,1.0,31,31
E6uudzXoTJo,madmom,Any Metric Level Total,1.0,31,31
E6uudzXoTJo,madmom,Information gain,0.7471635905374591,31,31
E6uudzXoTJo,beat_this,F-measure,1.0,31,31
E6uudzXoTJo,beat_this,Cemgil,0.9561725242588694,31,31
E6uudzXoTJo,beat_this,Cemgil Best Metric Level,0.9561725242588694,31,31
E6uudzXoTJo,beat_this,Goto,1.0,31,31
E6uudzXoTJo,beat_this,P-score,1.0,31,31
E6uudzXoTJo,beat_this,Correct Metric Level Continuous,1.0,31,31
E6uudzXoTJo,beat_this,Correct Metric Level Total,1.0,31,31
E6uudzXoTJo,beat_this,Any Metric Level Continuous,1.0,31,31
E6uudzXoTJo,beat_this,Any Metric Level Total,1.0,31,31
E6uudzXoTJo,beat_this,Information gain,0.7539231035456511,31,31
Fwc3x6UOTUw,madmom,F-measure,0.6749999999999999,53,27
Fwc3x6UOTUw,madmom,Cemgil,0.38713810171904006,53,27
Fwc3x6UOTUw,madmom,Cemgil Best Metric Level,0.5735379092805767,53,27
Fwc3x6UOTUw,madmom,Goto,0.0,53,27
Fwc3x6UOTUw,madmom,P-score,0.5094339622641509,53,27
Fwc3x6UOTUw,madmom,Correct Metric Level Continuous,0.0,53,27
Fwc3x6UOTUw,madmom,Correct Metric Level Total,0.0,53,27
Fwc3x6UOTUw,madmom,Any Metric Level Continuous,1.0,53,27
Fwc3x6UOTUw,madmom,Any Metric Level Total,1.0,53,27
Fwc3x6UOTUw,madmom,Information gain,0.5279793268279512,53,27
Fwc3x6UOTUw,beat_this,F-measure,0.9811320754716981,53,53
Fwc3x6UOTUw,beat_this,Cemgil,0.5358945691905861,53,53
Fwc3x6UOTUw,beat_this,Cemgil Best Metric Level,0.5358945691905861,53,53
Fwc3x6UOTUw,beat_this,Goto,0.0,53,53
Fwc3x6UOTUw,beat_this,P-score,0.9811320754716981,53,53
Fwc3x6UOTUw,beat_this,Correct Metric Level Continuous,0.20754716981132076,53,53
Fwc3x6UOTUw,beat_this,Correct Metric Level Total,0.660377358490566,53,53
Fwc3x6UOTUw,beat_this,Any Metric Level Continuous,0.20754716981132076,53,53
Fwc3x6UOTUw,beat_this,Any Metric Level Total,0.660377358490566,53,53
Fwc3x6UOTUw,beat_this,Information gain,0.5343963730279115,53,53
G4WTl1KqSVw,madmom,F-measure,0.6666666666666666,15,30
G4WTl1KqSVw,madmom,Cemgil,0.46624540115553054,15,30
G4WTl1KqSVw,madmom,Cemgil Best Metric Level,0.7181255572041585,15,30
G4WTl1KqSVw,madmom,Goto,0.0,15,30
G4WTl1KqSVw,madmom,P-score,0.5,15,30
G4WTl1KqSVw,madmom,Correct Metric Level Continuous,0.0,15,30
G4WTl1KqSVw,madmom,Correct Metric Level Total,0.0,15,30
G4WTl1KqSVw,madmom,Any Metric Level Continuous,0.9666666666666667,15,30
G4WTl1KqSVw,madmom,Any Metric Level Total,0.9666666666666667,15,30
G4WTl1KqSVw,madmom,Information gain,0.6130871723628142,15,30
G4WTl1KqSVw,beat_this,F-measure,0.6666666666666666,15,30
G4WTl1KqSVw,beat_this,Cemgil,0.4178364550048251,15,30
G4WTl1KqSVw,beat_this,Cemgil Best Metric Level,0.635931644190749,15,30
G4WTl1KqSVw,beat_this,Goto,0.0,15,30
G4WTl1KqSVw,beat_this,P-score,0.5,15,30
G4WTl1KqSVw,beat_this,Correct Metric Level Continuous,0.0,15,30
G4WTl1KqSVw,beat_this,Correct Metric Level Total,0.0,15,30
G4WTl1KqSVw,beat_this,Any Metric Level Continuous,0.9666666666666667,15,30
G4WTl1KqSVw,beat_this,Any Metric Level Total,0.9666666666666667,15,30
G4WTl1KqSVw,beat_this,Information gain,0.6740179475628683,15,30
G7lUD3Bz-wY,madmom,F-measure,1.0,22,22
G7lUD3Bz-wY,madmom,Cemgil,0.9703139750917575,22,22
G7lUD3Bz-wY,madmom,Cemgil Best Metric Level,0.9703139750917575,22,22
G7lUD3Bz-wY,madmom,Goto,1.0,22,22
G7lUD3Bz-wY,madmom,P-score,1.0,22,22
G7lUD3Bz-wY,madmom,Correct Metric Level Continuous,1.0,22,22
G7lUD3Bz-wY,madmom,Correct Metric Level Total,1.0,22,22
G7lUD3Bz-wY,madmom,Any Metric Level Continuous,1.0,22,22
G7lUD3Bz-wY,madmom,Any Metric Level Total,1.0,22,22
G7lUD3Bz-wY,madmom,Information gain,0.7746713376362516,22,22
G7lUD3Bz-wY,beat_this,F-measure,1.0,22,22
G7lUD3Bz-wY,beat_this,Cemgil,0.9516341369528463,22,22
G7lUD3Bz-wY,beat_this,Cemgil Best Metric Level,0.9516341369528463,22,22
G7lUD3Bz-wY,beat_this,Goto,1.0,22,22
G7lUD3Bz-wY,beat_this,P-score,1.0,22,22
G7lUD3Bz-wY,beat_this,Correct Metric Level Continuous,1.0,22,22
G7lUD3Bz-wY,beat_this,Correct Metric Level Total,1.0,22,22
G7lUD3Bz-wY,beat_this,Any Metric Level Continuous,1.0,22,22
G7lUD3Bz-wY,beat_this,Any Metric Level Total,1.0,22,22
G7lUD3Bz-wY,beat_this,Information gain,0.7746713376362516,22,22
GC5E8ie2pdM,madmom,F-measure,1.0,26,26
GC5E8ie2pdM,madmom,Cemgil,0.9239661877905136,26,26
GC5E8ie2pdM,madmom,Cemgil Best Metric Level,0.9239661877905136,26,26
GC5E8ie2pdM,madmom,Goto,1.0,26,26
GC5E8ie2pdM,madmom,P-score,1.0,26,26
GC5E8ie2pdM,madmom,Correct Metric Level Continuous,1.0,26,26
GC5E8ie2pdM,madmom,Correct Metric Level Total,1.0,26,26
GC5E8ie2pdM,madmom,Any Metric Level Continuous,1.0,26,26
GC5E8ie2pdM,madmom,Any Metric Level Total,1.0,26,26
GC5E8ie2pdM,madmom,Information gain,0.7418698427066944,26,26
GC5E8ie2pdM,beat_this,F-measure,1.0,26,26
GC5E8ie2pdM,beat_this,Cemgil,0.9160134092702191,26,26
GC5E8ie2pdM,beat_this,Cemgil Best Metric Level,0.9160134092702191,26,26
GC5E8ie2pdM,beat_this,Goto,1.0,26,26
GC5E8ie2pdM,beat_this,P-score,1.0,26,26
GC5E8ie2pdM,beat_this,Correct Metric Level Continuous,1.0,26,26
GC5E8ie2pdM,beat_this,Correct Metric Level Total,1.0,26,26
GC5E8ie2pdM,beat_this,Any Metric Level Continuous,1.0,26,26
GC5E8ie2pdM,beat_this,Any Metric Level Total,1.0,26,26
GC5E8ie2pdM,beat_this,Information gain,0.722880092624696,26,26
Gp_CtNDepiI,madmom,F-measure,0.676470588235294,23,45
Gp_CtNDepiI,madmom,Cemgil,0.6652478436182686,23,45
Gp_CtNDepiI,madmom,Cemgil Best Metric Level,0.9830476146724069,23,45
Gp_CtNDepiI,madmom,Goto,0.0,23,45
Gp_CtNDepiI,madmom,P-score,0.5111111111111111,23,45
Gp_CtNDepiI,madmom,Correct Metric Level Continuous,0.0,23,45
Gp_CtNDepiI,madmom,Correct Metric Level Total,0.0,23,45
Gp_CtNDepiI,madmom,Any Metric Level Continuous,1.0,23,45
Gp_CtNDepiI,madmom,Any Metric Level Total,1.0,23,45
Gp_CtNDepiI,madmom,Information gain,0.7100745510858185,23,45
Gp_CtNDepiI,beat_this,F-measure,0.0,23,22
Gp_CtNDepiI,beat_this,Cemgil,1.4982863743024422e-14,23,22
Gp_CtNDepiI,beat_this,Cemgil Best Metric Level,0.9591129638355188,23,22
Gp_CtNDepiI,beat_this,Goto,0.0,23,22
Gp_CtNDepiI,beat_this,P-score,0.0,23,22
Gp_CtNDepiI,beat_this,Correct Metric Level Continuous,0.0,23,22
Gp_CtNDepiI,beat_this,Correct Metric Level Total,0.0,23,22
Gp_CtNDepiI,beat_this,Any Metric Level Continuous,1.0,23,22
Gp_CtNDepiI,beat_this,Any Metric Level Total,1.0,23,22
Gp_CtNDepiI,beat_this,Information gain,0.795467173429883,23,22
HyIEZPubbEk,madmom,F-measure,0.6567164179104478,22,45
HyIEZPubbEk,madmom,Cemgil,0.6274810652824825,22,45
HyIEZPubbEk,madmom,Cemgil Best Metric Level,0.9456258778118026,22,45
HyIEZPubbEk,madmom,Goto,0.0,22,45
HyIEZPubbEk,madmom,P-score,0.4888888888888889,22,45
HyIEZPubbEk,madmom,Correct Metric Level Continuous,0.0,22,45
HyIEZPubbEk,madmom,Correct Metric Level Total,0.0,22,45
HyIEZPubbEk,madmom,Any Metric Level Continuous,0.9555555555555556,22,45
HyIEZPubbEk,madmom,Any Metric Level Total,0.9555555555555556,22,45
HyIEZPubbEk,madmom,Information gain,0.5513763987119907,22,45
HyIEZPubbEk,beat_this,F-measure,0.0,22,23
HyIEZPubbEk,beat_this,Cemgil,1.7305306965922477e-14,22,23
HyIEZPubbEk,beat_this,Cemgil Best Metric Level,0.9060364940642263,22,23
HyIEZPubbEk,beat_this,Goto,0.0,22,23
HyIEZPubbEk,beat_this,P-score,0.0,22,23
HyIEZPubbEk,beat_this,Correct Metric Level Continuous,0.0,22,23
HyIEZPubbEk,beat_this,Correct Metric Level Total,0.0,22,23
HyIEZPubbEk,beat_this,Any Metric Level Continuous,0.9130434782608695,22,23
HyIEZPubbEk,beat_this,Any Metric Level Total,0.9130434782608695,22,23
HyIEZPubbEk,beat_this,Information gain,0.757118216734396,22,23
HzKQfrNseoI,madmom,F-measure,0.375,29,19
HzKQfrNseoI,madmom,Cemgil,0.23438628389279856,29,19
HzKQfrNseoI,madmom,Cemgil Best Metric Level,0.32745747093847577,29,19
HzKQfrNseoI,madmom,Goto,0.0,29,19
HzKQfrNseoI,madmom,P-score,0.3103448275862069,29,19
HzKQfrNseoI,madmom,Correct Metric Level Continuous,0.0,29,19
HzKQfrNseoI,madmom,Correct Metric Level Total,0.0,29,19
HzKQfrNseoI,madmom,Any Metric Level Continuous,0.0,29,19
HzKQfrNseoI,madmom,Any Metric Level Total,0.0,29,19
HzKQfrNseoI,madmom,Information gain,0.34123204444033234,29,19
HzKQfrNseoI,beat_this,F-measure,0.6136363636363636,29,59
HzKQfrNseoI,beat_this,Cemgil,0.4642274123963636,29,59
HzKQfrNseoI,beat_this,Cemgil Best Metric Level,0.7057214520865831,29,59
HzKQfrNseoI,beat_this,Goto,0.0,29,59
HzKQfrNseoI,beat_this,P-score,0.4915254237288136,29,59
HzKQfrNseoI,beat_this,Correct Metric Level Continuous,0.0,29,59
HzKQfrNseoI,beat_this,Correct Metric Level Total,0.0,29,59
HzKQfrNseoI,beat_this,Any Metric Level Continuous,0.3728813559322034,29,59
HzKQfrNseoI,beat_this,Any Metric Level Total,0.7288135593220338,29,59
HzKQfrNseoI,beat_this,Information gain,0.24685369578972807,29,59
K7Ayxc_RaU4,madmom,F-measure,0.6666666666666666,20,40
K7Ayxc_RaU4,madmom,Cemgil,0.551416591990909,20,40
K7Ayxc_RaU4,madmom,Cemgil Best Metric Level,0.7805837262623012,20,40
K7Ayxc_RaU4,madmom,Goto,0.0,20,40
K7Ayxc_RaU4,madmom,P-score,0.5,20,40
K7Ayxc_RaU4,madmom,Correct Metric Level Continuous,0.0,20,40
K7Ayxc_RaU4,madmom,Correct Metric Level Total,0.0,20,40
K7Ayxc_RaU4,madmom,Any Metric Level Continuous,0.975,20,40
K7Ayxc_RaU4,madmom,Any Metric Level Total,0.975,20,40
K7Ayxc_RaU4,madmom,Information gain,0.5301197531945905,20,40
K7Ayxc_RaU4,beat_this,F-measure,1.0,20,20
K7Ayxc_RaU4,beat_this,Cemgil,0.8525452349266418,20,20
K7Ayxc_RaU4,beat_this,Cemgil Best Metric Level,0.8525452349266418,20,20
K7Ayxc_RaU4,beat_this,Goto,1.0,20,20
K7Ayxc_RaU4,beat_this,P-score,1.0,20,20
K7Ayxc_RaU4,beat_this,Correct Metric Level Continuous,1.0,20,20
K7Ayxc_RaU4,beat_this,Correct Metric Level Total,1.0,20,20
K7Ayxc_RaU4,beat_this,Any Metric Level Continuous,1.0,20,20
K7Ayxc_RaU4,beat_this,Any Metric Level Total,1.0,20,20
K7Ayxc_RaU4,beat_this,Information gain,0.7126502796476583,20,20
K7LnjbxJB9E,madmom,F-measure,0.9714285714285714,18,17
K7LnjbxJB9E,madmom,Cemgil,0.6640064696011945,18,17
K7LnjbxJB9E,madmom,Cemgil Best Metric Level,0.6640064696011945,18,17
K7LnjbxJB9E,madmom,Goto,1.0,18,17
K7LnjbxJB9E,madmom,P-score,0.9444444444444444,18,17
K7LnjbxJB9E,madmom,Correct Metric Level Continuous,0.9444444444444444,18,17
K7LnjbxJB9E,madmom,Correct Metric Level Total,0.9444444444444444,18,17
K7LnjbxJB9E,madmom,Any Metric Level Continuous,0.9444444444444444,18,17
K7LnjbxJB9E,madmom,Any Metric Level Total,0.9444444444444444,18,17
K7LnjbxJB9E,madmom,Information gain,0.6950600910203215,18,17
K7LnjbxJB9E,beat_this,F-measure,0.9714285714285714,18,17
K7LnjbxJB9E,beat_this,Cemgil,0.608158816022441,18,17
K7LnjbxJB9E,beat_this,Cemgil Best Metric Level,0.608158816022441,18,17
K7LnjbxJB9E,beat_this,Goto,1.0,18,17
K7LnjbxJB9E,beat_this,P-score,0.9444444444444444,18,17
K7LnjbxJB9E,beat_this,Correct Metric Level Continuous,0.9444444444444444,18,17
K7LnjbxJB9E,beat_this,Correct Metric Level Total,0.9444444444444444,18,17
K7LnjbxJB9E,beat_this,Any Metric Level Continuous,0.9444444444444444,18,17
K7LnjbxJB9E,beat_this,Any Metric Level Total,0.9444444444444444,18,17
K7LnjbxJB9E,beat_this,Information gain,0.7378133759872473,18,17
KCHoaz1DG_4,madmom,F-measure,1.0,30,30
KCHoaz1DG_4,madmom,Cemgil,0.9286537965354804,30,30
KCHoaz1DG_4,madmom,Cemgil Best Metric Level,0.9286537965354804,30,30
KCHoaz1DG_4,madmom,Goto,1.0,30,30
KCHoaz1DG_4,madmom,P-score,1.0,30,30
KCHoaz1DG_4,madmom,Correct Metric Level Continuous,1.0,30,30
KCHoaz1DG_4,madmom,Correct Metric Level Total,1.0,30,30
KCHoaz1DG_4,madmom,Any Metric Level Continuous,1.0,30,30
KCHoaz1DG_4,madmom,Any Metric Level Total,1.0,30,30
KCHoaz1DG_4,madmom,Information gain,0.6601454980235987,30,30
KCHoaz1DG_4,beat_this,F-measure,0.9836065573770492,30,31
KCHoaz1DG_4,beat_this,Cemgil,0.691303580397945,30,31
KCHoaz1DG_4,beat_this,Cemgil Best Metric Level,0.691303580397945,30,31
KCHoaz1DG_4,beat_this,Goto,1.0,30,31
KCHoaz1DG_4,beat_this,P-score,0.967741935483871,30,31
KCHoaz1DG_4,beat_this,Correct Metric Level Continuous,0.967741935483871,30,31
KCHoaz1DG_4,beat_this,Correct Metric Level Total,0.967741935483871,30,31
KCHoaz1DG_4,beat_this,Any Metric Level Continuous,0.967741935483871,30,31
KCHoaz1DG_4,beat_this,Any Metric Level Total,0.967741935483871,30,31
KCHoaz1DG_4,beat_this,Information gain,0.6867177123148976,30,31
KOC46hclHDA,madmom,F-measure,1.0,31,31
KOC46hclHDA,madmom,Cemgil,0.9509275199622566,31,31
KOC46hclHDA,madmom,Cemgil Best Metric Level,0.9509275199622566,31,31
KOC46hclHDA,madmom,Goto,1.0,31,31
KOC46hclHDA,madmom,P-score,1.0,31,31
KOC46hclHDA,madmom,Correct Metric Level Continuous,1.0,31,31
KOC46hclHDA,madmom,Correct Metric Level Total,1.0,31,31
KOC46hclHDA,madmom,Any Metric Level Continuous,1.0,31,31
KOC46hclHDA,madmom,Any Metric Level Total,1.0,31,31
KOC46hclHDA,madmom,Information gain,0.7688723157998759,31,31
KOC46hclHDA,beat_this,F-measure,1.0,31,31
KOC46hclHDA,beat_this,Cemgil,0.8470495139060696,31,31
KOC46hclHDA,beat_this,Cemgil Best Metric Level,0.8470495139060696,31,31
KOC46hclHDA,beat_this,Goto,1.0,31,31
KOC46hclHDA,beat_this,P-score,1.0,31,31
KOC46hclHDA,beat_this,Correct Metric Level Continuous,1.0,31,31
KOC46hclHDA,beat_this,Correct Metric Level Total,1.0,31,31
KOC46hclHDA,beat_this,Any Metric Level Continuous,1.0,31,31
KOC46hclHDA,beat_this,Any Metric Level Total,1.0,31,31
KOC46hclHDA,beat_this,Information gain,0.8769103480301931,31,31
L4BVG7rL88I,madmom,F-measure,0.9565217391304348,23,23
L4BVG7rL88I,madmom,Cemgil,0.5406615031250539,23,23
L4BVG7rL88I,madmom,Cemgil Best Metric Level,0.5406615031250539,23,23
L4BVG7rL88I,madmom,Goto,1.0,23,23
L4BVG7rL88I,madmom,P-score,1.0,23,23
L4BVG7rL88I,madmom,Correct Metric Level Continuous,1.0,23,23
L4BVG7rL88I,madmom,Correct Metric Level Total,1.0,23,23
L4BVG7rL88I,madmom,Any Metric Level Continuous,1.0,23,23
L4BVG7rL88I,madmom,Any Metric Level Total,1.0,23,23
L4BVG7rL88I,madmom,Information gain,0.6160408222511995,23,23
L4BVG7rL88I,beat_this,F-measure,0.9130434782608695,23,23
L4BVG7rL88I,beat_this,Cemgil,0.6387212335965701,23,23
L4BVG7rL88I,beat_this,Cemgil Best Metric Level,0.6387212335965701,23,23
L4BVG7rL88I,beat_this,Goto,1.0,23,23
L4BVG7rL88I,beat_this,P-score,1.0,23,23
L4BVG7rL88I,beat_this,Correct Metric Level Continuous,1.0,23,23
L4BVG7rL88I,beat_this,Correct Metric Level Total,1.0,23,23
L4BVG7rL88I,beat_this,Any Metric Level Continuous,1.0,23,23
L4BVG7rL88I,beat_this,Any Metric Level Total,1.0,23,23
L4BVG7rL88I,beat_this,Information gain,0.6011475588480504,23,23
LmQMjWVzJMs,madmom,F-measure,1.0,26,26
LmQMjWVzJMs,madmom,Cemgil,0.9456707461859124,26,26
LmQMjWVzJMs,madmom,Cemgil Best Metric Level,0.9456707461859124,26,26
LmQMjWVzJMs,madmom,Goto,1.0,26,26
LmQMjWVzJMs,madmom,P-score,1.0,26,26
LmQMjWVzJMs,madmom,Correct Metric Level Continuous,1.0,26,26
LmQMjWVzJMs,madmom,Correct Metric Level Total,1.0,26,26
LmQMjWVzJMs,madmom,Any Metric Level Continuous,1.0,26,26
LmQMjWVzJMs,madmom,Any Metric Level Total,1.0,26,26
LmQMjWVzJMs,madmom,Information gain,0.8134119485806084,26,26
LmQMjWVzJMs,beat_this,F-measure,1.0,26,26
LmQMjWVzJMs,beat_this,Cemgil,0.9399361240657937,26,26
LmQMjWVzJMs,beat_this,Cemgil Best Metric Level,0.9399361240657937,26,26
LmQMjWVzJMs,beat_this,Goto,1.0,26,26
LmQMjWVzJMs,beat_this,P-score,1.0,26,26
LmQMjWVzJMs,beat_this,Correct Metric Level Continuous,1.0,26,26
LmQMjWVzJMs,beat_this,Correct Metric Level Total,1.0,26,26
LmQMjWVzJMs,beat_this,Any Metric Level Continuous,1.0,26,26
LmQMjWVzJMs,beat_this,Any Metric Level Total,1.0,26,26
LmQMjWVzJMs,beat_this,Information gain,0.7471951789826387,26,26
M04cGx5wulA,madmom,F-measure,0.9866666666666666,37,38
M04cGx5wulA,madmom,Cemgil,0.8624440544975566,37,38
M04cGx5wulA,madmom,Cemgil Best Metric Level,0.8624440544975566,37,38
M04cGx5wulA,madmom,Goto,1.0,37,38
M04cGx5wulA,madmom,P-score,0.9736842105263158,37,38
M04cGx5wulA,madmom,Correct Metric Level Continuous,0.9736842105263158,37,38
M04cGx5wulA,madmom,Correct Metric Level Total,0.9736842105263158,37,38
M04cGx5wulA,madmom,Any Metric Level Continuous,0.9736842105263158,37,38
M04cGx5wulA,madmom,Any Metric Level Total,0.9736842105263158,37,38
M04cGx5wulA,madmom,Information gain,0.7337480702056276,37,38
M04cGx5wulA,beat_this,F-measure,0.9866666666666666,37,38
M04cGx5wulA,beat_this,Cemgil,0.9177512974532874,37,38
M04cGx5wulA,beat_this,Cemgil Best Metric Level,0.9177512974532874,37,38
M04cGx5wulA,beat_this,Goto,1.0,37,38
M04cGx5wulA,beat_this,P-score,0.9736842105263158,37,38
M04cGx5wulA,beat_this,Correct Metric Level Continuous,0.9736842105263158,37,38
M04cGx5wulA,beat_this,Correct Metric Level Total,0.9736842105263158,37,38
M04cGx5wulA,beat_this,Any Metric Level Continuous,0.9736842105263158,37,38
M04cGx5wulA,beat_this,Any Metric Level Total,0.9736842105263158,37,38
M04cGx5wulA,beat_this,Information gain,0.7059526250903139,37,38
MHiQDvejiZE,madmom,F-measure,0.0,27,27
MHiQDvejiZE,madmom,Cemgil,2.694168979064784e-10,27,27
MHiQDvejiZE,madmom,Cemgil Best Metric Level,0.9458864072777227,27,27
MHiQDvejiZE,madmom,Goto,0.0,27,27
MHiQDvejiZE,madmom,P-score,0.0,27,27
MHiQDvejiZE,madmom,Correct Metric Level Continuous,0.0,27,27
MHiQDvejiZE,madmom,Correct Metric Level Total,0.0,27,27
MHiQDvejiZE,madmom,Any Metric Level Continuous,0.9629629629629629,27,27
MHiQDvejiZE,madmom,Any Metric Level Total,0.9629629629629629,27,27
MHiQDvejiZE,madmom,Information gain,0.8460154457414917,27,27
MHiQDvejiZE,beat_this,F-measure,0.0,27,27
MHiQDvejiZE,beat_this,Cemgil,3.2705063778020807e-10,27,27
MHiQDvejiZE,beat_this,Cemgil Best Metric Level,0.9368963520818085,27,27
MHiQDvejiZE,beat_this,Goto,0.0,27,27
MHiQDvejiZE,beat_this,P-score,0.0,27,27
MHiQDvejiZE,beat_this,Correct Metric Level Continuous,0.0,27,27
MHiQDvejiZE,beat_this,Correct Metric Level Total,0.0,27,27
MHiQDvejiZE,beat_this,Any Metric Level Continuous,0.9629629629629629,27,27
MHiQDvejiZE,beat_this,Any Metric Level Total,0.9629629629629629,27,27
MHiQDvejiZE,beat_this,Information gain,0.7244477227080202,27,27
N8TkD2R-hPY,madmom,F-measure,1.0,28,28
N8TkD2R-hPY,madmom,Cemgil,0.9724956758543638,28,28
N8TkD2R-hPY,madmom,Cemgil Best Metric Level,0.9724956758543638,28,28
N8TkD2R-hPY,madmom,Goto,1.0,28,28
N8TkD2R-hPY,madmom,P-score,1.0,28,28
N8TkD2R-hPY,madmom,Correct Metric Level Continuous,1.0,28,28
N8TkD2R-hPY,madmom,Correct Metric Level Total,1.0,28,28
N8TkD2R-hPY,madmom,Any Metric Level Continuous,1.0,28,28
N8TkD2R-hPY,madmom,Any Metric Level Total,1.0,28,28
N8TkD2R-hPY,madmom,Information gain,0.7581290133676382,28,28
N8TkD2R-hPY,beat_this,F-measure,1.0,28,28
N8TkD2R-hPY,beat_this,Cemgil,0.9447540405587695,28,28
N8TkD2R-hPY,beat_this,Cemgil Best Metric Level,0.9447540405587695,28,28
N8TkD2R-hPY,beat_this,Goto,1.0,28,28
N8TkD2R-hPY,beat_this,P-score,1.0,28,28
N8TkD2R-hPY,beat_this,Correct Metric Level Continuous,1.0,28,28
N8TkD2R-hPY,beat_this,Correct Metric Level Total,1.0,28,28
N8TkD2R-hPY,beat_this,Any Metric Level Continuous,1.0,28,28
N8TkD2R-hPY,beat_this,Any Metric Level Total,1.0,28,28
N8TkD2R-hPY,beat_this,Information gain,0.7879972052544301,28,28
NwiINF6FU2I,madmom,F-measure,1.0,23,23
NwiINF6FU2I,madmom,Cemgil,0.9902941351684484,23,23
NwiINF6FU2I,madmom,Cemgil Best Metric Level,0.9902941351684484,23,23
NwiINF6FU2I,madmom,Goto,1.0,23,23
NwiINF6FU2I,madmom,P-score,1.0,23,23
NwiINF6FU2I,madmom,Correct Metric Level Continuous,1.0,23,23
NwiINF6FU2I,madmom,Correct Metric Level Total,1.0,23,23
NwiINF6FU2I,madmom,Any Metric Level Continuous,1.0,23,23
NwiINF6FU2I,madmom,Any Metric Level Total,1.0,23,23
NwiINF6FU2I,madmom,Information gain,0.8297139622783056,23,23
NwiINF6FU2I,beat_this,F-measure,1.0,23,23
NwiINF6FU2I,beat_this,Cemgil,0.9380599744688471,23,23
NwiINF6FU2I,beat_this,Cemgil Best Metric Level,0.9380599744688471,23,23
NwiINF6FU2I,beat_this,Goto,1.0,23,23
NwiINF6FU2I,beat_this,P-score,1.0,23,23
NwiINF6FU2I,beat_this,Correct Metric Level Continuous,1.0,23,23
NwiINF6FU2I,beat_this,Correct Metric Level Total,1.0,23,23
NwiINF6FU2I,beat_this,Any Metric Level Continuous,1.0,23,23
NwiINF6FU2I,beat_this,Any Metric Level Total,1.0,23,23
NwiINF6FU2I,beat_this,Information gain,0.7907295234956073,23,23
O0Bb7vvDyuM,madmom,F-measure,1.0,35,35
O0Bb7vvDyuM,madmom,Cemgil,0.9837513618562893,35,35
O0Bb7vvDyuM,madmom,Cemgil Best Metric Level,0.9837513618562893,35,35
O0Bb7vvDyuM,madmom,Goto,1.0,35,35
O0Bb7vvDyuM,madmom,P-score,1.0,35,35
O0Bb7vvDyuM,madmom,Correct Metric Level Continuous,1.0,35,35
O0Bb7vvDyuM,madmom,Correct Metric Level Total,1.0,35,35
O0Bb7vvDyuM,madmom,Any Metric Level Continuous,1.0,35,35
O0Bb7vvDyuM,madmom,Any Metric Level Total,1.0,35,35
O0Bb7vvDyuM,madmom,Information gain,0.712382921424372,35,35
O0Bb7vvDyuM,beat_this,F-measure,0.6792452830188679,35,18
O0Bb7vvDyuM,beat_this,Cemgil,0.6629659783556441,35,18
O0Bb7vvDyuM,beat_this,Cemgil Best Metric Level,0.976033245912476,35,18
O0Bb7vvDyuM,beat_this,Goto,0.0,35,18
O0Bb7vvDyuM,beat_this,P-score,0.5142857142857142,35,18
O0Bb7vvDyuM,beat_this,Correct Metric Level Continuous,0.0,35,18
O0Bb7vvDyuM,beat_this,Correct Metric Level Total,0.0,35,18
O0Bb7vvDyuM,beat_this,Any Metric Level Continuous,1.0,35,18
O0Bb7vvDyuM,beat_this,Any Metric Level Total,1.0,35,18
O0Bb7vvDyuM,beat_this,Information gain,0.6661421042751138,35,18
O76LY5X46rg,madmom,F-measure,1.0,32,32
O76LY5X46rg,madmom,Cemgil,0.9875353194652424,32,32
O76LY5X46rg,madmom,Cemgil Best Metric Level,0.9875353194652424,32,32
O76LY5X46rg,madmom,Goto,1.0,32,32
O76LY5X46rg,madmom,P-score,1.0,32,32
O76LY5X46rg,madmom,Correct Metric Level Continuous,1.0,32,32
O76LY5X46rg,madmom,Correct Metric Level Total,1.0,32,32
O76LY5X46rg,madmom,Any Metric Level Continuous,1.0,32,32
O76LY5X46rg,madmom,Any Metric Level Total,1.0,32,32
O76LY5X46rg,madmom,Information gain,0.7590130205576979,32,32
O76LY5X46rg,beat_this,F-measure,1.0,32,32
O76LY5X46rg,beat_this,Cemgil,0.9481441995101341,32,32
O76LY5X46rg,beat_this,Cemgil Best Metric Level,0.9481441995101341,32,32
O76LY5X46rg,beat_this,Goto,1.0,32,32
O76LY5X46rg,beat_this,P-score,1.0,32,32
O76LY5X46rg,beat_this,Correct Metric Level Continuous,1.0,32,32
O76LY5X46rg,beat_this,Correct Metric Level Total,1.0,32,32
O76LY5X46rg,beat_this,Any Metric Level Continuous,1.0,32,32
O76LY5X46rg,beat_this,Any Metric Level Total,1.0,32,32
O76LY5X46rg,beat_this,Information gain,0.7350027182975166,32,32
ONTJkxINr1U,madmom,F-measure,1.0,25,25
ONTJkxINr1U,madmom,Cemgil,0.9676081343235913,25,25
ONTJkxINr1U,madmom,Cemgil Best Metric Level,0.9676081343235913,25,25
ONTJkxINr1U,madmom,Goto,1.0,25,25
ONTJkxINr1U,madmom,P-score,1.0,25,25
ONTJkxINr1U,madmom,Correct Metric Level Continuous,1.0,25,25
ONTJkxINr1U,madmom,Correct Metric Level Total,1.0,25,25
ONTJkxINr1U,madmom,Any Metric Level Continuous,1.0,25,25
ONTJkxINr1U,madmom,Any Metric Level Total,1.0,25,25
ONTJkxINr1U,madmom,Information gain,0.7791965072018279,25,25
ONTJkxINr1U,beat_this,F-measure,0.07692307692307691,25,27
ONTJkxINr1U,beat_this,Cemgil,0.06786267375792149,25,27
ONTJkxINr1U,beat_this,Cemgil Best Metric Level,0.7990736031624237,25,27
ONTJkxINr1U,beat_this,Goto,0.0,25,27
ONTJkxINr1U,beat_this,P-score,0.07407407407407407,25,27
ONTJkxINr1U,beat_this,Correct Metric Level Continuous,0.0,25,27
ONTJkxINr1U,beat_this,Correct Metric Level Total,0.0,25,27
ONTJkxINr1U,beat_this,Any Metric Level Continuous,0.5185185185185185,25,27
ONTJkxINr1U,beat_this,Any Metric Level Total,0.8148148148148148,25,27
ONTJkxINr1U,beat_this,Information gain,0.6793590685362111,25,27
ORDVCeBjJdM,madmom,F-measure,1.0,34,34
ORDVCeBjJdM,madmom,Cemgil,0.7648818897646621,34,34
ORDVCeBjJdM,madmom,Cemgil Best Metric Level,0.7648818897646621,34,34
ORDVCeBjJdM,madmom,Goto,1.0,34,34
ORDVCeBjJdM,madmom,P-score,1.0,34,34
ORDVCeBjJdM,madmom,Correct Metric Level Continuous,1.0,34,34
ORDVCeBjJdM,madmom,Correct Metric Level Total,1.0,34,34
ORDVCeBjJdM,madmom,Any Metric Level Continuous,1.0,34,34
ORDVCeBjJdM,madmom,Any Metric Level Total,1.0,34,34
ORDVCeBjJdM,madmom,Information gain,0.5731444869191531,34,34
ORDVCeBjJdM,beat_this,F-measure,0.6666666666666666,34,17
ORDVCeBjJdM,beat_this,Cemgil,0.5185880887495965,34,17
ORDVCeBjJdM,beat_this,Cemgil Best Metric Level,0.7778821331243947,34,17
ORDVCeBjJdM,beat_this,Goto,0.0,34,17
ORDVCeBjJdM,beat_this,P-score,0.5,34,17
ORDVCeBjJdM,beat_this,Correct Metric Level Continuous,0.0,34,17
ORDVCeBjJdM,beat_this,Correct Metric Level Total,0.0,34,17
ORDVCeBjJdM,beat_this,Any Metric Level Continuous,1.0,34,17
ORDVCeBjJdM,beat_this,Any Metric Level Total,1.0,34,17
ORDVCeBjJdM,beat_this,Information gain,0.5980103765480799,34,17
OSkUD7S_WSs,madmom,F-measure,1.0,17,17
OSkUD7S_WSs,madmom,Cemgil,0.42887242996319497,17,17
OSkUD7S_WSs,madmom,Cemgil Best Metric Level,0.42887242996319497,17,17
OSkUD7S_WSs,madmom,Goto,1.0,17,17
OSkUD7S_WSs,madmom,P-score,1.0,17,17
OSkUD7S_WSs,madmom,Correct Metric Level Continuous,1.0,17,17
OSkUD7S_WSs,madmom,Correct Metric Level Total,1.0,17,17
OSkUD7S_WSs,madmom,Any Metric Level Continuous,1.0,17,17
OSkUD7S_WSs,madmom,Any Metric Level Total,1.0,17,17
OSkUD7S_WSs,madmom,Information gain,0.7427147974425337,17,17
OSkUD7S_WSs,beat_this,F-measure,1.0,17,17
OSkUD7S_WSs,beat_this,Cemgil,0.4868455886859683,17,17
OSkUD7S_WSs,beat_this,Cemgil Best Metric Level,0.4868455886859683,17,17
OSkUD7S_WSs,beat_this,Goto,1.0,17,17
OSkUD7S_WSs,beat_this,P-score,1.0,17,17
OSkUD7S_WSs,beat_this,Correct Metric Level Continuous,1.0,17,17
OSkUD7S_WSs,beat_this,Correct Metric Level Total,1.0,17,17
OSkUD7S_WSs,beat_this,Any Metric Level Continuous,1.0,17,17
OSkUD7S_WSs,beat_this,Any Metric Level Total,1.0,17,17
OSkUD7S_WSs,beat_this,Information gain,0.7427147974425337,17,17
Odh8Oe5sZa0,madmom,F-measure,1.0,22,22
Odh8Oe5sZa0,madmom,Cemgil,0.9336838229531107,22,22
Odh8Oe5sZa0,madmom,Cemgil Best Metric Level,0.9336838229531107,22,22
Odh8Oe5sZa0,madmom,Goto,1.0,22,22
Odh8Oe5sZa0,madmom,P-score,1.0,22,22
Odh8Oe5sZa0,madmom,Correct Metric Level Continuous,1.0,22,22
Odh8Oe5sZa0,madmom,Correct Metric Level Total,1.0,22,22
Odh8Oe5sZa0,madmom,Any Metric Level Continuous,1.0,22,22
Odh8Oe5sZa0,madmom,Any Metric Level Total,1.0,22,22
Odh8Oe5sZa0,madmom,Information gain,0.6624214221836033,22,22
Odh8Oe5sZa0,beat_this,F-measure,0.9777777777777777,22,23
Odh8Oe5sZa0,beat_this,Cemgil,0.6636640968971286,22,23
Odh8Oe5sZa0,beat_this,Cemgil Best Metric Level,0.6636640968971286,22,23
Odh8Oe5sZa0,beat_this,Goto,1.0,22,23
Odh8Oe5sZa0,beat_this,P-score,0.9565217391304348,22,23
Odh8Oe5sZa0,beat_this,Correct Metric Level Continuous,0.9565217391304348,22,23
Odh8Oe5sZa0,beat_this,Correct Metric Level Total,0.9565217391304348,22,23
Odh8Oe5sZa0,beat_this,Any Metric Level Continuous,0.9565217391304348,22,23
Odh8Oe5sZa0,beat_this,Any Metric Level Total,0.9565217391304348,22,23
Odh8Oe5sZa0,beat_this,Information gain,0.6235043586293914,22,23
PIFXJ4XQX4E,madmom,F-measure,1.0,24,24
PIFXJ4XQX4E,madmom,Cemgil,0.9073858690808185,24,24
PIFXJ4XQX4E,madmom,Cemgil Best Metric Level,0.9073858690808185,24,24
PIFXJ4XQX4E,madmom,Goto,1.0,24,24
PIFXJ4XQX4E,madmom,P-score,1.0,24,24
PIFXJ4XQX4E,madmom,Correct Metric Level Continuous,1.0,24,24
PIFXJ4XQX4E,madmom,Correct Metric Level Total,1.0,24,24
PIFXJ4XQX4E,madmom,Any Metric Level Continuous,1.0,24,24
PIFXJ4XQX4E,madmom,Any Metric Level Total,1.0,24,24
PIFXJ4XQX4E,madmom,Information gain,0.8244410433762609,24,24
PIFXJ4XQX4E,beat_this,F-measure,1.0,24,24
PIFXJ4XQX4E,beat_this,Cemgil,0.8610868816869842,24,24
PIFXJ4XQX4E,beat_this,Cemgil Best Metric Level,0.8610868816869842,24,24
PIFXJ4XQX4E,beat_this,Goto,1.0,24,24
PIFXJ4XQX4E,beat_this,P-score,1.0,24,24
PIFXJ4XQX4E,beat_this,Correct Metric Level Continuous,1.0,24,24
PIFXJ4XQX4E,beat_this,Correct Metric Level Total,1.0,24,24
PIFXJ4XQX4E,beat_this,Any Metric Level Continuous,1.0,24,24
PIFXJ4XQX4E,beat_this,Any Metric Level Total,1.0,24,24
PIFXJ4XQX4E,beat_this,Information gain,0.7354887725779148,24,24
PRP1fU8obtA,madmom,F-measure,1.0,38,38
PRP1fU8obtA,madmom,Cemgil,0.8236578980904539,38,38
PRP1fU8obtA,madmom,Cemgil Best Metric Level,0.8236578980904539,38,38
PRP1fU8obtA,madmom,Goto,1.0,38,38
PRP1fU8obtA,madmom,P-score,1.0,38,38
PRP1fU8obtA,madmom,Correct Metric Level Continuous,1.0,38,38
PRP1fU8obtA,madmom,Correct Metric Level Total,1.0,38,38
PRP1fU8obtA,madmom,Any Metric Level Continuous,1.0,38,38
PRP1fU8obtA,madmom,Any Metric Level Total,1.0,38,38
PRP1fU8obtA,madmom,Information gain,0.5861541379381567,38,38
PRP1fU8obtA,beat_this,F-measure,0.6666666666666666,38,19
PRP1fU8obtA,beat_this,Cemgil,0.6075649634310399,38,19
PRP1fU8obtA,beat_this,Cemgil Best Metric Level,0.9113474451465599,38,19
PRP1fU8obtA,beat_this,Goto,0.0,38,19
PRP1fU8obtA,beat_this,P-score,0.5,38,19
PRP1fU8obtA,beat_this,Correct Metric Level Continuous,0.0,38,19
PRP1fU8obtA,beat_this,Correct Metric Level Total,0.0,38,19
PRP1fU8obtA,beat_this,Any Metric Level Continuous,1.0,38,19
PRP1fU8obtA,beat_this,Any Metric Level Total,1.0,38,19
PRP1fU8obtA,beat_this,Information gain,0.5757950871550246,38,19
PuHJRHiXNMQ,madmom,F-measure,1.0,38,38
PuHJRHiXNMQ,madmom,Cemgil,0.9301904515966978,38,38
PuHJRHiXNMQ,madmom,Cemgil Best Metric Level,0.9301904515966978,38,38
PuHJRHiXNMQ,madmom,Goto,1.0,38,38
PuHJRHiXNMQ,madmom,P-score,1.0,38,38
PuHJRHiXNMQ,madmom,Correct Metric Level Continuous,1.0,38,38
PuHJRHiXNMQ,madmom,Correct Metric Level Total,1.0,38,38
PuHJRHiXNMQ,madmom,Any Metric Level Continuous,1.0,38,38
PuHJRHiXNMQ,madmom,Any Metric Level Total,1.0,38,38
PuHJRHiXNMQ,madmom,Information gain,0.5208873696315103,38,38
PuHJRHiXNMQ,beat_this,F-measure,0.6666666666666666,38,19
PuHJRHiXNMQ,beat_this,Cemgil,0.6243790796750648,38,19
PuHJRHiXNMQ,beat_this,Cemgil Best Metric Level,0.9365686195125972,38,19
PuHJRHiXNMQ,beat_this,Goto,0.0,38,19
PuHJRHiXNMQ,beat_this,P-score,0.5,38,19
PuHJRHiXNMQ,beat_this,Correct Metric Level Continuous,0.0,38,19
PuHJRHiXNMQ,beat_this,Correct Metric Level Total,0.0,38,19
PuHJRHiXNMQ,beat_this,Any Metric Level Continuous,1.0,38,19
PuHJRHiXNMQ,beat_this,Any Metric Level Total,1.0,38,19
PuHJRHiXNMQ,beat_this,Information gain,0.6026317735401544,38,19
PzcCTtPanYQ,madmom,F-measure,1.0,36,36
PzcCTtPanYQ,madmom,Cemgil,0.9760790000101838,36,36
PzcCTtPanYQ,madmom,Cemgil Best Metric Level,0.9760790000101838,36,36
PzcCTtPanYQ,madmom,Goto,1.0,36,36
PzcCTtPanYQ,madmom,P-score,1.0,36,36
PzcCTtPanYQ,madmom,Correct Metric Level Continuous,1.0,36,36
PzcCTtPanYQ,madmom,Correct Metric Level Total,1.0,36,36
PzcCTtPanYQ,madmom,Any Metric Level Continuous,1.0,36,36
PzcCTtPanYQ,madmom,Any Metric Level Total,1.0,36,36
PzcCTtPanYQ,madmom,Information gain,0.6887099225875951,36,36
PzcCTtPanYQ,beat_this,F-measure,0.9863013698630138,36,37
PzcCTtPanYQ,beat_this,Cemgil,0.878207582885795,36,37
PzcCTtPanYQ,beat_this,Cemgil Best Metric Level,0.878207582885795,36,37
PzcCTtPanYQ,beat_this,Goto,1.0,36,37
PzcCTtPanYQ,beat_this,P-score,0.972972972972973,36,37
PzcCTtPanYQ,beat_this,Correct Metric Level Continuous,0.972972972972973,36,37
PzcCTtPanYQ,beat_this,Correct Metric Level Total,0.972972972972973,36,37
PzcCTtPanYQ,beat_this,Any Metric Level Continuous,0.972972972972973,36,37
PzcCTtPanYQ,beat_this,Any Metric Level Total,0.972972972972973,36,37
PzcCTtPanYQ,beat_this,Information gain,0.6142800668471483,36,37
QYRQKFHbi3k,madmom,F-measure,1.0,35,35
QYRQKFHbi3k,madmom,Cemgil,0.9563742170166109,35,35
QYRQKFHbi3k,madmom,Cemgil Best Metric Level,0.9563742170166109,35,35
QYRQKFHbi3k,madmom,Goto,1.0,35,35
QYRQKFHbi3k,madmom,P-score,1.0,35,35
QYRQKFHbi3k,madmom,Correct Metric Level Continuous,1.0,35,35
QYRQKFHbi3k,madmom,Correct Metric Level Total,1.0,35,35
QYRQKFHbi3k,madmom,Any Metric Level Continuous,1.0,35,35
QYRQKFHbi3k,madmom,Any Metric Level Total,1.0,35,35
QYRQKFHbi3k,madmom,Information gain,0.6293996070744593,35,35
QYRQKFHbi3k,beat_this,F-measure,0.6792452830188679,35,18
QYRQKFHbi3k,beat_this,Cemgil,0.6301498214255403,35,18
QYRQKFHbi3k,beat_this,Cemgil Best Metric Level,0.9277205704320455,35,18
QYRQKFHbi3k,beat_this,Goto,0.0,35,18
QYRQKFHbi3k,beat_this,P-score,0.5142857142857142,35,18
QYRQKFHbi3k,beat_this,Correct Metric Level Continuous,0.0,35,18
QYRQKFHbi3k,beat_this,Correct Metric Level Total,0.0,35,18
QYRQKFHbi3k,beat_this,Any Metric Level Continuous,1.0,35,18
QYRQKFHbi3k,beat_this,Any Metric Level Total,1.0,35,18
QYRQKFHbi3k,beat_this,Information gain,0.6061331935382824,35,18
RHTvwPwBpF0,madmom,F-measure,1.0,23,23
RHTvwPwBpF0,madmom,Cemgil,0.9200493351976233,23,23
RHTvwPwBpF0,madmom,Cemgil Best Metric Level,0.9200493351976233,23,23
RHTvwPwBpF0,madmom,Goto,1.0,23,23
RHTvwPwBpF0,madmom,P-score,1.0,23,23
RHTvwPwBpF0,madmom,Correct Metric Level Continuous,1.0,23,23
RHTvwPwBpF0,madmom,Correct Metric Level Total,1.0,23,23
RHTvwPwBpF0,madmom,Any Metric Level Continuous,1.0,23,23
RHTvwPwBpF0,madmom,Any Metric Level Total,1.0,23,23
RHTvwPwBpF0,madmom,Information gain,0.9042127489765994,23,23
RHTvwPwBpF0,beat_this,F-measure,1.0,23,23
RHTvwPwBpF0,beat_this,Cemgil,0.8774746270211407,23,23
RHTvwPwBpF0,beat_this,Cemgil Best Metric Level,0.8774746270211407,23,23
RHTvwPwBpF0,beat_this,Goto,1.0,23,23
RHTvwPwBpF0,beat_this,P-score,1.0,23,23
RHTvwPwBpF0,beat_this,Correct Metric Level Continuous,1.0,23,23
RHTvwPwBpF0,beat_this,Correct Metric Level Total,1.0,23,23
RHTvwPwBpF0,beat_this,Any Metric Level Continuous,1.0,23,23
RHTvwPwBpF0,beat_this,Any Metric Level Total,1.0,23,23
RHTvwPwBpF0,beat_this,Information gain,0.7733488611899564,23,23
S6LOS5R8LQU,madmom,F-measure,0.6575342465753424,48,25
S6LOS5R8LQU,madmom,Cemgil,0.6373738582851389,48,25
S6LOS5R8LQU,madmom,Cemgil Best Metric Level,0.9495569725467277,48,25
S6LOS5R8LQU,madmom,Goto,0.0,48,25
S6LOS5R8LQU,madmom,P-score,0.5,48,25
S6LOS5R8LQU,madmom,Correct Metric Level Continuous,0.0,48,25
S6LOS5R8LQU,madmom,Correct Metric Level Total,0.0,48,25
S6LOS5R8LQU,madmom,Any Metric Level Continuous,0.96,48,25
S6LOS5R8LQU,madmom,Any Metric Level Total,0.96,48,25
S6LOS5R8LQU,madmom,Information gain,0.69670081689997,48,25
S6LOS5R8LQU,beat_this,F-measure,0.6575342465753424,48,25
S6LOS5R8LQU,beat_this,Cemgil,0.5926335849100132,48,25
S6LOS5R8LQU,beat_this,Cemgil Best Metric Level,0.8829030958820624,48,25
S6LOS5R8LQU,beat_this,Goto,0.0,48,25
S6LOS5R8LQU,beat_this,P-score,0.5,48,25
S6LOS5R8LQU,beat_this,Correct Metric Level Continuous,0.0,48,25
S6LOS5R8LQU,beat_this,Correct Metric Level Total,0.0,48,25
S6LOS5R8LQU,beat_this,Any Metric Level Continuous,0.96,48,25
S6LOS5R8LQU,beat_this,Any Metric Level Total,0.96,48,25
S6LOS5R8LQU,beat_this,Information gain,0.6083143951769401,48,25
SAheAwnUbcE,madmom,F-measure,1.0,21,21
SAheAwnUbcE,madmom,Cemgil,0.9784485953854359,21,21
SAheAwnUbcE,madmom,Cemgil Best Metric Level,0.9784485953854359,21,21
SAheAwnUbcE,madmom,Goto,1.0,21,21
SAheAwnUbcE,madmom,P-score,1.0,21,21
SAheAwnUbcE,madmom,Correct Metric Level Continuous,1.0,21,21
SAheAwnUbcE,madmom,Correct Metric Level Total,1.0,21,21
SAheAwnUbcE,madmom,Any Metric Level Continuous,1.0,21,21
SAheAwnUbcE,madmom,Any Metric Level Total,1.0,21,21
SAheAwnUbcE,madmom,Information gain,0.8388964646871107,21,21
SAheAwnUbcE,beat_this,F-measure,1.0,21,21
SAheAwnUbcE,beat_this,Cemgil,0.950244873295588,21,21
SAheAwnUbcE,beat_this,Cemgil Best Metric Level,0.950244873295588,21,21
SAheAwnUbcE,beat_this,Goto,1.0,21,21
SAheAwnUbcE,beat_this,P-score,1.0,21,21
SAheAwnUbcE,beat_this,Correct Metric Level Continuous,1.0,21,21
SAheAwnUbcE,beat_this,Correct Metric Level Total,1.0,21,21
SAheAwnUbcE,beat_this,Any Metric Level Continuous,1.0,21,21
SAheAwnUbcE,beat_this,Any Metric Level Total,1.0,21,21
SAheAwnUbcE,beat_this,Information gain,0.7719676996913412,21,21
Sko7dU0qJN0,madmom,F-measure,0.7777777777777778,18,18
Sko7dU0qJN0,madmom,Cemgil,0.5062634948546024,18,18
Sko7dU0qJN0,madmom,Cemgil Best Metric Level,0.5062634948546024,18,18
Sko7dU0qJN0,madmom,Goto,1.0,18,18
Sko7dU0qJN0,madmom,P-score,1.0,18,18
Sko7dU0qJN0,madmom,Correct Metric Level Continuous,1.0,18,18
Sko7dU0qJN0,madmom,Correct Metric Level Total,1.0,18,18
Sko7dU0qJN0,madmom,Any Metric Level Continuous,1.0,18,18
Sko7dU0qJN0,madmom,Any Metric Level Total,1.0,18,18
Sko7dU0qJN0,madmom,Information gain,0.5494520889591118,18,18
Sko7dU0qJN0,beat_this,F-measure,0.9444444444444444,18,18
Sko7dU0qJN0,beat_this,Cemgil,0.5876249249817566,18,18
Sko7dU0qJN0,beat_this,Cemgil Best Metric Level,0.5876249249817566,18,18
Sko7dU0qJN0,beat_this,Goto,1.0,18,18
Sko7dU0qJN0,beat_this,P-score,1.0,18,18
Sko7dU0qJN0,beat_this,Correct Metric Level Continuous,1.0,18,18
Sko7dU0qJN0,beat_this,Correct Metric Level Total,1.0,18,18
Sko7dU0qJN0,beat_this,Any Metric Level Continuous,1.0,18,18
Sko7dU0qJN0,beat_this,Any Metric Level Total,1.0,18,18
Sko7dU0qJN0,beat_this,Information gain,0.5729356843746043,18,18
T9EKqFrer9U,madmom,F-measure,1.0,35,35
T9EKqFrer9U,madmom,Cemgil,0.9391403329778976,35,35
T9EKqFrer9U,madmom,Cemgil Best Metric Level,0.9391403329778976,35,35
T9EKqFrer9U,madmom,Goto,1.0,35,35
T9EKqFrer9U,madmom,P-score,1.0,35,35
T9EKqFrer9U,madmom,Correct Metric Level Continuous,1.0,35,35
T9EKqFrer9U,madmom,Correct Metric Level Total,1.0,35,35
T9EKqFrer9U,madmom,Any Metric Level Continuous,1.0,35,35
T9EKqFrer9U,madmom,Any Metric Level Total,1.0,35,35
T9EKqFrer9U,madmom,Information gain,0.6535918936388735,35,35
T9EKqFrer9U,beat_this,F-measure,1.0,35,35
T9EKqFrer9U,beat_this,Cemgil,0.9147695199742356,35,35
T9EKqFrer9U,beat_this,Cemgil Best Metric Level,0.9147695199742356,35,35
T9EKqFrer9U,beat_this,Goto,1.0,35,35
T9EKqFrer9U,beat_this,P-score,1.0,35,35
T9EKqFrer9U,beat_this,Correct Metric Level Continuous,1.0,35,35
T9EKqFrer9U,beat_this,Correct Metric Level Total,1.0,35,35
T9EKqFrer9U,beat_this,Any Metric Level Continuous,1.0,35,35
T9EKqFrer9U,beat_this,Any Metric Level Total,1.0,35,35
T9EKqFrer9U,beat_this,Information gain,0.6429662284613956,35,35
TTrdYIdxmy0,madmom,F-measure,0.6521739130434783,31,15
TTrdYIdxmy0,madmom,Cemgil,0.3491742716709398,31,15
TTrdYIdxmy0,madmom,Cemgil Best Metric Level,0.535400549895441,31,15
TTrdYIdxmy0,madmom,Goto,0.0,31,15
TTrdYIdxmy0,madmom,P-score,0.4838709677419355,31,15
TTrdYIdxmy0,madmom,Correct Metric Level Continuous,0.0,31,15
TTrdYIdxmy0,madmom,Correct Metric Level Total,0.0,31,15
TTrdYIdxmy0,madmom,Any Metric Level Continuous,1.0,31,15
TTrdYIdxmy0,madmom,Any Metric Level Total,1.0,31,15
TTrdYIdxmy0,madmom,Information gain,0.581614177882477,31,15
TTrdYIdxmy0,beat_this,F-measure,0.6382978723404255,31,16
TTrdYIdxmy0,beat_this,Cemgil,0.35422700323986045,31,16
TTrdYIdxmy0,beat_this,Cemgil Best Metric Level,0.5370538436217239,31,16
TTrdYIdxmy0,beat_this,Goto,0.0,31,16
TTrdYIdxmy0,beat_this,P-score,0.4838709677419355,31,16
TTrdYIdxmy0,beat_this,Correct Metric Level Continuous,0.0,31,16
TTrdYIdxmy0,beat_this,Correct Metric Level Total,0.0,31,16
TTrdYIdxmy0,beat_this,Any Metric Level Continuous,0.9375,31,16
TTrdYIdxmy0,beat_this,Any Metric Level Total,0.9375,31,16
TTrdYIdxmy0,beat_this,Information gain,0.5609530249197905,31,16
Tsdy0lD1SSs,madmom,F-measure,1.0,31,31
Tsdy0lD1SSs,madmom,Cemgil,0.968305783582181,31,31
Tsdy0lD1SSs,madmom,Cemgil Best Metric Level,0.968305783582181,31,31
Tsdy0lD1SSs,madmom,Goto,1.0,31,31
Tsdy0lD1SSs,madmom,P-score,1.0,31,31
Tsdy0lD1SSs,madmom,Correct Metric Level Continuous,1.0,31,31
Tsdy0lD1SSs,madmom,Correct Metric Level Total,1.0,31,31
Tsdy0lD1SSs,madmom,Any Metric Level Continuous,1.0,31,31
Tsdy0lD1SSs,madmom,Any Metric Level Total,1.0,31,31
Tsdy0lD1SSs,madmom,Information gain,0.6563392402713599,31,31
Tsdy0lD1SSs,beat_this,F-measure,0.6521739130434783,31,15
Tsdy0lD1SSs,beat_this,Cemgil,0.6013357420277948,31,15
Tsdy0lD1SSs,beat_this,Cemgil Best Metric Level,0.9220481377759521,31,15
Tsdy0lD1SSs,beat_this,Goto,0.0,31,15
Tsdy0lD1SSs,beat_this,P-score,0.4838709677419355,31,15
Tsdy0lD1SSs,beat_this,Correct Metric Level Continuous,0.0,31,15
Tsdy0lD1SSs,beat_this,Correct Metric Level Total,0.0,31,15
Tsdy0lD1SSs,beat_this,Any Metric Level Continuous,1.0,31,15
Tsdy0lD1SSs,beat_this,Any Metric Level Total,1.0,31,15
Tsdy0lD1SSs,beat_this,Information gain,0.6735186273480684,31,15
TyFYPz2V2ZY,madmom,F-measure,0.6799999999999999,33,17
TyFYPz2V2ZY,madmom,Cemgil,0.5271432329683977,33,17
TyFYPz2V2ZY,madmom,Cemgil Best Metric Level,0.775210636718232,33,17
TyFYPz2V2ZY,madmom,Goto,0.0,33,17
TyFYPz2V2ZY,madmom,P-score,0.5151515151515151,33,17
TyFYPz2V2ZY,madmom,Correct Metric Level Continuous,0.0,33,17
TyFYPz2V2ZY,madmom,Correct Metric Level Total,0.0,33,17
TyFYPz2V2ZY,madmom,Any Metric Level Continuous,1.0,33,17
TyFYPz2V2ZY,madmom,Any Metric Level Total,1.0,33,17
TyFYPz2V2ZY,madmom,Information gain,0.550025490782325,33,17
TyFYPz2V2ZY,beat_this,F-measure,0.64,33,17
TyFYPz2V2ZY,beat_this,Cemgil,0.4408478192855243,33,17
TyFYPz2V2ZY,beat_this,Cemgil Best Metric Level,0.6483056165963593,33,17
TyFYPz2V2ZY,beat_this,Goto,0.0,33,17
TyFYPz2V2ZY,beat_this,P-score,0.5151515151515151,33,17
TyFYPz2V2ZY,beat_this,Correct Metric Level Continuous,0.0,33,17
TyFYPz2V2ZY,beat_this,Correct Metric Level Total,0.0,33,17
TyFYPz2V2ZY,beat_this,Any Metric Level Continuous,1.0,33,17
TyFYPz2V2ZY,beat_this,Any Metric Level Total,1.0,33,17
TyFYPz2V2ZY,beat_this,Information gain,0.5104525640770458,33,17
UpLwQAN25so,madmom,F-measure,1.0,35,35
UpLwQAN25so,madmom,Cemgil,0.9794086164386135,35,35
UpLwQAN25so,madmom,Cemgil Best Metric Level,0.9794086164386135,35,35
UpLwQAN25so,madmom,Goto,1.0,35,35
UpLwQAN25so,madmom,P-score,1.0,35,35
UpLwQAN25so,madmom,Correct Metric Level Continuous,1.0,35,35
UpLwQAN25so,madmom,Correct Metric Level Total,1.0,35,35
UpLwQAN25so,madmom,Any Metric Level Continuous,1.0,35,35
UpLwQAN25so,madmom,Any Metric Level Total,1.0,35,35
UpLwQAN25so,madmom,Information gain,0.7601216412660102,35,35
UpLwQAN25so,beat_this,F-measure,1.0,35,35
UpLwQAN25so,beat_this,Cemgil,0.9638701314728267,35,35
UpLwQAN25so,beat_this,Cemgil Best Metric Level,0.9638701314728267,35,35
UpLwQAN25so,beat_this,Goto,1.0,35,35
UpLwQAN25so,beat_this,P-score,1.0,35,35
UpLwQAN25so,beat_this,Correct Metric Level Continuous,1.0,35,35
UpLwQAN25so,beat_this,Correct Metric Level Total,1.0,35,35
UpLwQAN25so,beat_this,Any Metric Level Continuous,1.0,35,35
UpLwQAN25so,beat_this,Any Metric Level Total,1.0,35,35
UpLwQAN25so,beat_this,Information gain,0.6643577721697614,35,35
UsjvI9tG9u8,madmom,F-measure,1.0,36,36
UsjvI9tG9u8,madmom,Cemgil,0.7337752455665094,36,36
UsjvI9tG9u8,madmom,Cemgil Best Metric Level,0.7337752455665094,36,36
UsjvI9tG9u8,madmom,Goto,1.0,36,36
UsjvI9tG9u8,madmom,P-score,1.0,36,36
UsjvI9tG9u8,madmom,Correct Metric Level Continuous,1.0,36,36
UsjvI9tG9u8,madmom,Correct Metric Level Total,1.0,36,36
UsjvI9tG9u8,madmom,Any Metric Level Continuous,1.0,36,36
UsjvI9tG9u8,madmom,Any Metric Level Total,1.0,36,36
UsjvI9tG9u8,madmom,Information gain,0.6030088567591216,36,36
UsjvI9tG9u8,beat_this,F-measure,1.0,36,36
UsjvI9tG9u8,beat_this,Cemgil,0.8322659403379727,36,36
UsjvI9tG9u8,beat_this,Cemgil Best Metric Level,0.8322659403379727,36,36
UsjvI9tG9u8,beat_this,Goto,1.0,36,36
UsjvI9tG9u8,beat_this,P-score,1.0,36,36
UsjvI9tG9u8,beat_this,Correct Metric Level Continuous,1.0,36,36
UsjvI9tG9u8,beat_this,Correct Metric Level Total,1.0,36,36
UsjvI9tG9u8,beat_this,Any Metric Level Continuous,1.0,36,36
UsjvI9tG9u8,beat_this,Any Metric Level Total,1.0,36,36
UsjvI9tG9u8,beat_this,Information gain,0.6043230906200938,36,36
UxD-yc9RWPA,madmom,F-measure,1.0,27,27
UxD-yc9RWPA,madmom,Cemgil,0.977644414113469,27,27
UxD-yc9RWPA,madmom,Cemgil Best Metric Level,0.977644414113469,27,27
UxD-yc9RWPA,madmom,Goto,1.0,27,27
UxD-yc9RWPA,madmom,P-score,1.0,27,27
UxD-yc9RWPA,madmom,Correct Metric Level Continuous,1.0,27,27
UxD-yc9RWPA,madmom,Correct Metric Level Total,1.0,27,27
UxD-yc9RWPA,madmom,Any Metric Level Continuous,1.0,27,27
UxD-yc9RWPA,madmom,Any Metric Level Total,1.0,27,27
UxD-yc9RWPA,madmom,Information gain,0.7578686447729335,27,27
UxD-yc9RWPA,beat_this,F-measure,1.0,27,27
UxD-yc9RWPA,beat_this,Cemgil,0.964542891078623,27,27
UxD-yc9RWPA,beat_this,Cemgil Best Metric Level,0.964542891078623,27,27
UxD-yc9RWPA,beat_this,Goto,1.0,27,27
UxD-yc9RWPA,beat_this,P-score,1.0,27,27
UxD-yc9RWPA,beat_this,Correct Metric Level Continuous,1.0,27,27
UxD-yc9RWPA,beat_this,Correct Metric Level Total,1.0,27,27
UxD-yc9RWPA,beat_this,Any Metric Level Continuous,1.0,27,27
UxD-yc9RWPA,beat_this,Any Metric Level Total,1.0,27,27
UxD-yc9RWPA,beat_this,Information gain,0.7282571460299726,27,27
V9Sd5QiDkkw,madmom,F-measure,0.6666666666666666,46,23
V9Sd5QiDkkw,madmom,Cemgil,0.6476280068338819,46,23
V9Sd5QiDkkw,madmom,Cemgil Best Metric Level,0.9714420102507483,46,23
V9Sd5QiDkkw,madmom,Goto,0.0,46,23
V9Sd5QiDkkw,madmom,P-score,0.5,46,23
V9Sd5QiDkkw,madmom,Correct Metric Level Continuous,0.0,46,23
V9Sd5QiDkkw,madmom,Correct Metric Level Total,0.0,46,23
V9Sd5QiDkkw,madmom,Any Metric Level Continuous,1.0,46,23
V9Sd5QiDkkw,madmom,Any Metric Level Total,1.0,46,23
V9Sd5QiDkkw,madmom,Information gain,0.6098038775042631,46,23
V9Sd5QiDkkw,beat_this,F-measure,1.0,46,46
V9Sd5QiDkkw,beat_this,Cemgil,0.9401045791062894,46,46
V9Sd5QiDkkw,beat_this,Cemgil Best Metric Level,0.9401045791062894,46,46
V9Sd5QiDkkw,beat_this,Goto,1.0,46,46
V9Sd5QiDkkw,beat_this,P-score,1.0,46,46
V9Sd5QiDkkw,beat_this,Correct Metric Level Continuous,1.0,46,46
V9Sd5QiDkkw,beat_this,Correct Metric Level Total,1.0,46,46
V9Sd5QiDkkw,beat_this,Any Metric Level Continuous,1.0,46,46
V9Sd5QiDkkw,beat_this,Any Metric Level Total,1.0,46,46
V9Sd5QiDkkw,beat_this,Information gain,0.6267315185041203,46,46
VG-b7wi8nBM,madmom,F-measure,1.0,17,17
VG-b7wi8nBM,madmom,Cemgil,0.745603381136848,17,17
VG-b7wi8nBM,madmom,Cemgil Best Metric Level,0.745603381136848,17,17
VG-b7wi8nBM,madmom,Goto,1.0,17,17
VG-b7wi8nBM,madmom,P-score,1.0,17,17
VG-b7wi8nBM,madmom,Correct Metric Level Continuous,1.0,17,17
VG-b7wi8nBM,madmom,Correct Metric Level Total,1.0,17,17
VG-b7wi8nBM,madmom,Any Metric Level Continuous,1.0,17,17
VG-b7wi8nBM,madmom,Any Metric Level Total,1.0,17,17
VG-b7wi8nBM,madmom,Information gain,0.6625765695117949,17,17
VG-b7wi8nBM,beat_this,F-measure,1.0,17,17
VG-b7wi8nBM,beat_this,Cemgil,0.7886842814597345,17,17
VG-b7wi8nBM,beat_this,Cemgil Best Metric Level,0.7886842814597345,17,17
VG-b7wi8nBM,beat_this,Goto,1.0,17,17
VG-b7wi8nBM,beat_this,P-score,1.0,17,17
VG-b7wi8nBM,beat_this,Correct Metric Level Continuous,1.0,17,17
VG-b7wi8nBM,beat_this,Correct Metric Level Total,1.0,17,17
VG-b7wi8nBM,beat_this,Any Metric Level Continuous,1.0,17,17
VG-b7wi8nBM,beat_this,Any Metric Level Total,1.0,17,17
VG-b7wi8nBM,beat_this,Information gain,0.7230714395083644,17,17
VRPsiH-UpDc,madmom,F-measure,1.0,41,41
VRPsiH-UpDc,madmom,Cemgil,0.9674386654323689,41,41
VRPsiH-UpDc,madmom,Cemgil Best Metric Level,0.9674386654323689,41,41
VRPsiH-UpDc,madmom,Goto,1.0,41,41
VRPsiH-UpDc,madmom,P-score,1.0,41,41
VRPsiH-UpDc,madmom,Correct Metric Level Continuous,1.0,41,41
VRPsiH-UpDc,madmom,Correct Metric Level Total,1.0,41,41
VRPsiH-UpDc,madmom,Any Metric Level Continuous,1.0,41,41
VRPsiH-UpDc,madmom,Any Metric Level Total,1.0,41,41
VRPsiH-UpDc,madmom,Information gain,0.6028792542962309,41,41
VRPsiH-UpDc,beat_this,F-measure,0.6774193548387097,41,21
VRPsiH-UpDc,beat_this,Cemgil,0.6215727106126793,41,21
VRPsiH-UpDc,beat_this,Cemgil Best Metric Level,0.917559715666336,41,21
VRPsiH-UpDc,beat_this,Goto,0.0,41,21
VRPsiH-UpDc,beat_this,P-score,0.5121951219512195,41,21
VRPsiH-UpDc,beat_this,Correct Metric Level Continuous,0.0,41,21
VRPsiH-UpDc,beat_this,Correct Metric Level Total,0.0,41,21
VRPsiH-UpDc,beat_this,Any Metric Level Continuous,1.0,41,21
VRPsiH-UpDc,beat_this,Any Metric Level Total,1.0,41,21
VRPsiH-UpDc,beat_this,Information gain,0.5756105277895885,41,21
W0M-eje90TU,madmom,F-measure,1.0,35,35
W0M-eje90TU,madmom,Cemgil,0.9872170115576944,35,35
W0M-eje90TU,madmom,Cemgil Best Metric Level,0.9872170115576944,35,35
W0M-eje90TU,madmom,Goto,1.0,35,35
W0M-eje90TU,madmom,P-score,1.0,35,35
W0M-eje90TU,madmom,Correct Metric Level Continuous,1.0,35,35
W0M-eje90TU,madmom,Correct Metric Level Total,1.0,35,35
W0M-eje90TU,madmom,Any Metric Level Continuous,1.0,35,35
W0M-eje90TU,madmom,Any Metric Level Total,1.0,35,35
W0M-eje90TU,madmom,Information gain,0.8134575149476316,35,35
W0M-eje90TU,beat_this,F-measure,1.0,35,35
W0M-eje90TU,beat_this,Cemgil,0.9006239783557916,35,35
W0M-eje90TU,beat_this,Cemgil Best Metric Level,0.9006239783557916,35,35
W0M-eje90TU,beat_this,Goto,1.0,35,35
W0M-eje90TU,beat_this,P-score,1.0,35,35
W0M-eje90TU,beat_this,Correct Metric Level Continuous,1.0,35,35
W0M-eje90TU,beat_this,Correct Metric Level Total,1.0,35,35
W0M-eje90TU,beat_this,Any Metric Level Continuous,1.0,35,35
W0M-eje90TU,beat_this,Any Metric Level Total,1.0,35,35
W0M-eje90TU,beat_this,Information gain,0.6278881550429116,35,35
W2trq2APLIw,madmom,F-measure,0.9836065573770492,30,31
W2trq2APLIw,madmom,Cemgil,0.9087619625680161,30,31
W2trq2APLIw,madmom,Cemgil Best Metric Level,0.9087619625680161,30,31
W2trq2APLIw,madmom,Goto,1.0,30,31
W2trq2APLIw,madmom,P-score,0.967741935483871,30,31
W2trq2APLIw,madmom,Correct Metric Level Continuous,0.967741935483871,30,31
W2trq2APLIw,madmom,Correct Metric Level Total,0.967741935483871,30,31
W2trq2APLIw,madmom,Any Metric Level Continuous,0.967741935483871,30,31
W2trq2APLIw,madmom,Any Metric Level Total,0.967741935483871,30,31
W2trq2APLIw,madmom,Information gain,0.639803687060748,30,31
W2trq2APLIw,beat_this,F-measure,0.6521739130434783,30,16
W2trq2APLIw,beat_this,Cemgil,0.610290998477515,30,16
W2trq2APLIw,beat_this,Cemgil Best Metric Level,0.9055930945150222,30,16
W2trq2APLIw,beat_this,Goto,0.0,30,16
W2trq2APLIw,beat_this,P-score,0.5,30,16
W2trq2APLIw,beat_this,Correct Metric Level Continuous,0.0,30,16
W2trq2APLIw,beat_this,Correct Metric Level Total,0.0,30,16
W2trq2APLIw,beat_this,Any Metric Level Continuous,0.9375,30,16
W2trq2APLIw,beat_this,Any Metric Level Total,0.9375,30,16
W2trq2APLIw,beat_this,Information gain,0.6358057849633435,30,16
W93p02aU4YU,madmom,F-measure,1.0,29,29
W93p02aU4YU,madmom,Cemgil,0.8720724460895661,29,29
W93p02aU4YU,madmom,Cemgil Best Metric Level,0.8720724460895661,29,29
W93p02aU4YU,madmom,Goto,1.0,29,29
W93p02aU4YU,madmom,P-score,1.0,29,29
W93p02aU4YU,madmom,Correct Metric Level Continuous,1.0,29,29
W93p02aU4YU,madmom,Correct Metric Level Total,1.0,29,29
W93p02aU4YU,madmom,Any Metric Level Continuous,1.0,29,29
W93p02aU4YU,madmom,Any Metric Level Total,1.0,29,29
W93p02aU4YU,madmom,Information gain,0.650650470280499,29,29
W93p02aU4YU,beat_this,F-measure,1.0,29,29
W93p02aU4YU,beat_this,Cemgil,0.7864178570821239,29,29
W93p02aU4YU,beat_this,Cemgil Best Metric Level,0.7864178570821239,29,29
W93p02aU4YU,beat_this,Goto,1.0,29,29
W93p02aU4YU,beat_this,P-score,1.0,29,29
W93p02aU4YU,beat_this,Correct Metric Level Continuous,1.0,29,29
W93p02aU4YU,beat_this,Correct Metric Level Total,1.0,29,29
W93p02aU4YU,beat_this,Any Metric Level Continuous,1.0,29,29
W93p02aU4YU,beat_this,Any Metric Level Total,1.0,29,29
W93p02aU4YU,beat_this,Information gain,0.578273664681383,29,29
WCdht_9tf1M,madmom,F-measure,1.0,41,41
WCdht_9tf1M,madmom,Cemgil,0.9810345889950903,41,41
WCdht_9tf1M,madmom,Cemgil Best Metric Level,0.9810345889950903,41,41
WCdht_9tf1M,madmom,Goto,1.0,41,41
WCdht_9tf1M,madmom,P-score,1.0,41,41
WCdht_9tf1M,madmom,Correct Metric Level Continuous,1.0,41,41
WCdht_9tf1M,madmom,Correct Metric Level Total,1.0,41,41
WCdht_9tf1M,madmom,Any Metric Level Continuous,1.0,41,41
WCdht_9tf1M,madmom,Any Metric Level Total,1.0,41,41
WCdht_9tf1M,madmom,Information gain,0.6588654704958161,41,41
WCdht_9tf1M,beat_this,F-measure,0.6774193548387097,41,21
WCdht_9tf1M,beat_this,Cemgil,0.6192552929175887,41,21
WCdht_9tf1M,beat_this,Cemgil Best Metric Level,0.9141387657354881,41,21
WCdht_9tf1M,beat_this,Goto,0.0,41,21
WCdht_9tf1M,beat_this,P-score,0.5121951219512195,41,21
WCdht_9tf1M,beat_this,Correct Metric Level Continuous,0.0,41,21
WCdht_9tf1M,beat_this,Correct Metric Level Total,0.0,41,21
WCdht_9tf1M,beat_this,Any Metric Level Continuous,1.0,41,21
WCdht_9tf1M,beat_this,Any Metric Level Total,1.0,41,21
WCdht_9tf1M,beat_this,Information gain,0.6032218671376224,41,21
WMeW6IJJGLo,madmom,F-measure,1.0,42,42
WMeW6IJJGLo,madmom,Cemgil,0.9783192858089613,42,42
WMeW6IJJGLo,madmom,Cemgil Best Metric Level,0.9783192858089613,42,42
WMeW6IJJGLo,madmom,Goto,1.0,42,42
WMeW6IJJGLo,madmom,P-score,1.0,42,42
WMeW6IJJGLo,madmom,Correct Metric Level Continuous,1.0,42,42
WMeW6IJJGLo,madmom,Correct Metric Level Total,1.0,42,42
WMeW6IJJGLo,madmom,Any Metric Level Continuous,1.0,42,42
WMeW6IJJGLo,madmom,Any Metric Level Total,1.0,42,42
WMeW6IJJGLo,madmom,Information gain,0.7405514803789042,42,42
WMeW6IJJGLo,beat_this,F-measure,1.0,42,42
WMeW6IJJGLo,beat_this,Cemgil,0.9072324605834202,42,42
WMeW6IJJGLo,beat_this,Cemgil Best Metric Level,0.9072324605834202,42,42
WMeW6IJJGLo,beat_this,Goto,1.0,42,42
WMeW6IJJGLo,beat_this,P-score,1.0,42,42
WMeW6IJJGLo,beat_this,Correct Metric Level Continuous,1.0,42,42
WMeW6IJJGLo,beat_this,Correct Metric Level Total,1.0,42,42
WMeW6IJJGLo,beat_this,Any Metric Level Continuous,1.0,42,42
WMeW6IJJGLo,beat_this,Any Metric Level Total,1.0,42,42
WMeW6IJJGLo,beat_this,Information gain,0.6413249091867146,42,42
WXgaSUb0X-o,madmom,F-measure,0.9777777777777777,23,22
WXgaSUb0X-o,madmom,Cemgil,0.9446191183640849,23,22
WXgaSUb0X-o,madmom,Cemgil Best Metric Level,0.9446191183640849,23,22
WXgaSUb0X-o,madmom,Goto,1.0,23,22
WXgaSUb0X-o,madmom,P-score,0.9565217391304348,23,22
WXgaSUb0X-o,madmom,Correct Metric Level Continuous,0.9565217391304348,23,22
WXgaSUb0X-o,madmom,Correct Metric Level Total,0.9565217391304348,23,22
WXgaSUb0X-o,madmom,Any Metric Level Continuous,0.9565217391304348,23,22
WXgaSUb0X-o,madmom,Any Metric Level Total,0.9565217391304348,23,22
WXgaSUb0X-o,madmom,Information gain,0.7775843079980965,23,22
WXgaSUb0X-o,beat_this,F-measure,0.9777777777777777,23,22
WXgaSUb0X-o,beat_this,Cemgil,0.8788496285397727,23,22
WXgaSUb0X-o,beat_this,Cemgil Best Metric Level,0.8788496285397727,23,22
WXgaSUb0X-o,beat_this,Goto,1.0,23,22
WXgaSUb0X-o,beat_this,P-score,0.9565217391304348,23,22
WXgaSUb0X-o,beat_this,Correct Metric Level Continuous,0.9565217391304348,23,22
WXgaSUb0X-o,beat_this,Correct Metric Level Total,0.9565217391304348,23,22
WXgaSUb0X-o,beat_this,Any Metric Level Continuous,0.9565217391304348,23,22
WXgaSUb0X-o,beat_this,Any Metric Level Total,0.9565217391304348,23,22
WXgaSUb0X-o,beat_this,Information gain,0.7421470004690047,23,22
WuiBdljkU2E,madmom,F-measure,1.0,25,25
WuiBdljkU2E,madmom,Cemgil,0.9402049882574215,25,25
WuiBdljkU2E,madmom,Cemgil Best Metric Level,0.9402049882574215,25,25
WuiBdljkU2E,madmom,Goto,1.0,25,25
WuiBdljkU2E,madmom,P-score,1.0,25,25
WuiBdljkU2E,madmom,Correct Metric Level Continuous,1.0,25,25
WuiBdljkU2E,madmom,Correct Metric Level Total,1.0,25,25
WuiBdljkU2E,madmom,Any Metric Level Continuous,1.0,25,25
WuiBdljkU2E,madmom,Any Metric Level Total,1.0,25,25
WuiBdljkU2E,madmom,Information gain,0.7623411422945441,25,25
WuiBdljkU2E,beat_this,F-measure,1.0,25,25
WuiBdljkU2E,beat_this,Cemgil,0.9647698920773735,25,25
WuiBdljkU2E,beat_this,Cemgil Best Metric Level,0.9647698920773735,25,25
WuiBdljkU2E,beat_this,Goto,1.0,25,25
WuiBdljkU2E,beat_this,P-score,1.0,25,25
WuiBdljkU2E,beat_this,Correct Metric Level Continuous,1.0,25,25
WuiBdljkU2E,beat_this,Correct Metric Level Total,1.0,25,25
WuiBdljkU2E,beat_this,Any Metric Level Continuous,1.0,25,25
WuiBdljkU2E,beat_this,Any Metric Level Total,1.0,25,25
WuiBdljkU2E,beat_this,Information gain,0.6796823974272126,25,25
XLFAH6gkfb4,madmom,F-measure,0.9885057471264368,43,44
XLFAH6gkfb4,madmom,Cemgil,0.9530776977406417,43,44
XLFAH6gkfb4,madmom,Cemgil Best Metric Level,0.9530776977406417,43,44
XLFAH6gkfb4,madmom,Goto,1.0,43,44
XLFAH6gkfb4,madmom,P-score,0.9772727272727273,43,44
XLFAH6gkfb4,madmom,Correct Metric Level Continuous,0.9772727272727273,43,44
XLFAH6gkfb4,madmom,Correct Metric Level Total,0.9772727272727273,43,44
XLFAH6gkfb4,madmom,Any Metric Level Continuous,0.9772727272727273,43,44
XLFAH6gkfb4,madmom,Any Metric Level Total,0.9772727272727273,43,44
XLFAH6gkfb4,madmom,Information gain,0.5715921600956149,43,44
XLFAH6gkfb4,beat_this,F-measure,0.8048780487804877,43,39
XLFAH6gkfb4,beat_this,Cemgil,0.7614866447290669,43,39
XLFAH6gkfb4,beat_this,Cemgil Best Metric Level,0.7614866447290669,43,39
XLFAH6gkfb4,beat_this,Goto,0.0,43,39
XLFAH6gkfb4,beat_this,P-score,0.7674418604651163,43,39
XLFAH6gkfb4,beat_this,Correct Metric Level Continuous,0.27906976744186046,43,39
XLFAH6gkfb4,beat_this,Correct Metric Level Total,0.5116279069767442,43,39
XLFAH6gkfb4,beat_this,Any Metric Level Continuous,0.27906976744186046,43,39
XLFAH6gkfb4,beat_this,Any Metric Level Total,0.5116279069767442,43,39
XLFAH6gkfb4,beat_this,Information gain,0.4133284437660393,43,39
YO-JGE1c8hE,madmom,F-measure,1.0,18,18
YO-JGE1c8hE,madmom,Cemgil,0.6117687915870654,18,18
YO-JGE1c8hE,madmom,Cemgil Best Metric Level,0.6117687915870654,18,18
YO-JGE1c8hE,madmom,Goto,1.0,18,18
YO-JGE1c8hE,madmom,P-score,1.0,18,18
YO-JGE1c8hE,madmom,Correct Metric Level Continuous,1.0,18,18
YO-JGE1c8hE,madmom,Correct Metric Level Total,1.0,18,18
YO-JGE1c8hE,madmom,Any Metric Level Continuous,1.0,18,18
YO-JGE1c8hE,madmom,Any Metric Level Total,1.0,18,18
YO-JGE1c8hE,madmom,Information gain,0.6705124790469341,18,18
YO-JGE1c8hE,beat_this,F-measure,0.9444444444444444,18,18
YO-JGE1c8hE,beat_this,Cemgil,0.6143846580587677,18,18
YO-JGE1c8hE,beat_this,Cemgil Best Metric Level,0.6143846580587677,18,18
YO-JGE1c8hE,beat_this,Goto,1.0,18,18
YO-JGE1c8hE,beat_this,P-score,1.0,18,18
YO-JGE1c8hE,beat_this,Correct Metric Level Continuous,1.0,18,18
YO-JGE1c8hE,beat_this,Correct Metric Level Total,1.0,18,18
YO-JGE1c8hE,beat_this,Any Metric Level Continuous,1.0,18,18
YO-JGE1c8hE,beat_this,Any Metric Level Total,1.0,18,18
YO-JGE1c8hE,beat_this,Information gain,0.6692375076886623,18,18
YbdoCyC9r4E,madmom,F-measure,1.0,17,17
YbdoCyC9r4E,madmom,Cemgil,0.7758187671865063,17,17
YbdoCyC9r4E,madmom,Cemgil Best Metric Level,0.7758187671865063,17,17
YbdoCyC9r4E,madmom,Goto,1.0,17,17
YbdoCyC9r4E,madmom,P-score,1.0,17,17
YbdoCyC9r4E,madmom,Correct Metric Level Continuous,1.0,17,17
YbdoCyC9r4E,madmom,Correct Metric Level Total,1.0,17,17
YbdoCyC9r4E,madmom,Any Metric Level Continuous,1.0,17,17
YbdoCyC9r4E,madmom,Any Metric Level Total,1.0,17,17
YbdoCyC9r4E,madmom,Information gain,0.6753266799850899,17,17
YbdoCyC9r4E,beat_this,F-measure,1.0,17,17
YbdoCyC9r4E,beat_this,Cemgil,0.7688930626377825,17,17
YbdoCyC9r4E,beat_this,Cemgil Best Metric Level,0.7688930626377825,17,17
YbdoCyC9r4E,beat_this,Goto,1.0,17,17
YbdoCyC9r4E,beat_this,P-score,1.0,17,17
YbdoCyC9r4E,beat_this,Correct Metric Level Continuous,1.0,17,17
YbdoCyC9r4E,beat_this,Correct Metric Level Total,1.0,17,17
YbdoCyC9r4E,beat_this,Any Metric Level Continuous,1.0,17,17
YbdoCyC9r4E,beat_this,Any Metric Level Total,1.0,17,17
YbdoCyC9r4E,beat_this,Information gain,0.7230714395083644,17,17
YmpqEe8jKlU,madmom,F-measure,0.6749999999999999,53,27
YmpqEe8jKlU,madmom,Cemgil,0.42097771602003203,53,27
YmpqEe8jKlU,madmom,Cemgil Best Metric Level,0.6236706496653512,53,27
YmpqEe8jKlU,madmom,Goto,0.0,53,27
YmpqEe8jKlU,madmom,P-score,0.49056603773584906,53,27
YmpqEe8jKlU,madmom,Correct Metric Level Continuous,0.0,53,27
YmpqEe8jKlU,madmom,Correct Metric Level Total,0.0,53,27
YmpqEe8jKlU,madmom,Any Metric Level Continuous,1.0,53,27
YmpqEe8jKlU,madmom,Any Metric Level Total,1.0,53,27
YmpqEe8jKlU,madmom,Information gain,0.5227071903419044,53,27
YmpqEe8jKlU,beat_this,F-measure,0.6749999999999999,53,27
YmpqEe8jKlU,beat_this,Cemgil,0.37090931584283887,53,27
YmpqEe8jKlU,beat_this,Cemgil Best Metric Level,0.5494952292500507,53,27
YmpqEe8jKlU,beat_this,Goto,0.0,53,27
YmpqEe8jKlU,beat_this,P-score,0.4339622641509434,53,27
YmpqEe8jKlU,beat_this,Correct Metric Level Continuous,0.0,53,27
YmpqEe8jKlU,beat_this,Correct Metric Level Total,0.0,53,27
YmpqEe8jKlU,beat_this,Any Metric Level Continuous,1.0,53,27
YmpqEe8jKlU,beat_this,Any Metric Level Total,1.0,53,27
YmpqEe8jKlU,beat_this,Information gain,0.509852950202833,53,27
YoD4qPd6ntA,madmom,F-measure,0.22222222222222224,16,20
YoD4qPd6ntA,madmom,Cemgil,0.16448083933058244,16,20
YoD4qPd6ntA,madmom,Cemgil Best Metric Level,0.21080023681888008,16,20
YoD4qPd6ntA,madmom,Goto,0.0,16,20
YoD4qPd6ntA,madmom,P-score,0.45,16,20
YoD4qPd6ntA,madmom,Correct Metric Level Continuous,0.05,16,20
YoD4qPd6ntA,madmom,Correct Metric Level Total,0.05,16,20
YoD4qPd6ntA,madmom,Any Metric Level Continuous,0.05,16,20
YoD4qPd6ntA,madmom,Any Metric Level Total,0.05,16,20
YoD4qPd6ntA,madmom,Information gain,0.28662790550741263,16,20
YoD4qPd6ntA,beat_this,F-measure,0.20689655172413793,16,13
YoD4qPd6ntA,beat_this,Cemgil,0.1430543638134089,16,13
YoD4qPd6ntA,beat_this,Cemgil Best Metric Level,0.19682706650710458,16,13
YoD4qPd6ntA,beat_this,Goto,0.0,16,13
YoD4qPd6ntA,beat_this,P-score,0.3125,16,13
YoD4qPd6ntA,beat_this,Correct Metric Level Continuous,0.0,16,13
YoD4qPd6ntA,beat_this,Correct Metric Level Total,0.0,16,13
YoD4qPd6ntA,beat_this,Any Metric Level Continuous,0.06666666666666667,16,13
YoD4qPd6ntA,beat_this,Any Metric Level Total,0.06666666666666667,16,13
YoD4qPd6ntA,beat_this,Information gain,0.3093040039646091,16,13
Yxj0QTk4gko,madmom,F-measure,1.0,28,28
Yxj0QTk4gko,madmom,Cemgil,0.9535736322089453,28,28
Yxj0QTk4gko,madmom,Cemgil Best Metric Level,0.9535736322089453,28,28
Yxj0QTk4gko,madmom,Goto,1.0,28,28
Yxj0QTk4gko,madmom,P-score,1.0,28,28
Yxj0QTk4gko,madmom,Correct Metric Level Continuous,1.0,28,28
Yxj0QTk4gko,madmom,Correct Metric Level Total,1.0,28,28
Yxj0QTk4gko,madmom,Any Metric Level Continuous,1.0,28,28
Yxj0QTk4gko,madmom,Any Metric Level Total,1.0,28,28
Yxj0QTk4gko,madmom,Information gain,0.7879972052544301,28,28
Yxj0QTk4gko,beat_this,F-measure,1.0,28,28
Yxj0QTk4gko,beat_this,Cemgil,0.8812693936715671,28,28
Yxj0QTk4gko,beat_this,Cemgil Best Metric Level,0.8812693936715671,28,28
Yxj0QTk4gko,beat_this,Goto,1.0,28,28
Yxj0QTk4gko,beat_this,P-score,1.0,28,28
Yxj0QTk4gko,beat_this,Correct Metric Level Continuous,1.0,28,28
Yxj0QTk4gko,beat_this,Correct Metric Level Total,1.0,28,28
Yxj0QTk4gko,beat_this,Any Metric Level Continuous,1.0,28,28
Yxj0QTk4gko,beat_this,Any Metric Level Total,1.0,28,28
Yxj0QTk4gko,beat_this,Information gain,0.6798994048009831,28,28
ZLgU_h1V6DA,madmom,F-measure,1.0,26,26
ZLgU_h1V6DA,madmom,Cemgil,0.9659228881690363,26,26
ZLgU_h1V6DA,madmom,Cemgil Best Metric Level,0.9659228881690363,26,26
ZLgU_h1V6DA,madmom,Goto,1.0,26,26
ZLgU_h1V6DA,madmom,P-score,1.0,26,26
ZLgU_h1V6DA,madmom,Correct Metric Level Continuous,1.0,26,26
ZLgU_h1V6DA,madmom,Correct Metric Level Total,1.0,26,26
ZLgU_h1V6DA,madmom,Any Metric Level Continuous,1.0,26,26
ZLgU_h1V6DA,madmom,Any Metric Level Total,1.0,26,26
ZLgU_h1V6DA,madmom,Information gain,0.6917478220766858,26,26
ZLgU_h1V6DA,beat_this,F-measure,1.0,26,26
ZLgU_h1V6DA,beat_this,Cemgil,0.946930657831276,26,26
ZLgU_h1V6DA,beat_this,Cemgil Best Metric Level,0.946930657831276,26,26
ZLgU_h1V6DA,beat_this,Goto,1.0,26,26
ZLgU_h1V6DA,beat_this,P-score,1.0,26,26
ZLgU_h1V6DA,beat_this,Correct Metric Level Continuous,1.0,26,26
ZLgU_h1V6DA,beat_this,Correct Metric Level Total,1.0,26,26
ZLgU_h1V6DA,beat_this,Any Metric Level Continuous,1.0,26,26
ZLgU_h1V6DA,beat_this,Any Metric Level Total,1.0,26,26
ZLgU_h1V6DA,beat_this,Information gain,0.7442556771550601,26,26
ZYE7UJSA7k0,madmom,F-measure,1.0,29,29
ZYE7UJSA7k0,madmom,Cemgil,0.9695891966397415,29,29
ZYE7UJSA7k0,madmom,Cemgil Best Metric Level,0.9695891966397415,29,29
ZYE7UJSA7k0,madmom,Goto,1.0,29,29
ZYE7UJSA7k0,madmom,P-score,1.0,29,29
ZYE7UJSA7k0,madmom,Correct Metric Level Continuous,1.0,29,29
ZYE7UJSA7k0,madmom,Correct Metric Level Total,1.0,29,29
ZYE7UJSA7k0,madmom,Any Metric Level Continuous,1.0,29,29
ZYE7UJSA7k0,madmom,Any Metric Level Total,1.0,29,29
ZYE7UJSA7k0,madmom,Information gain,0.7253633996926167,29,29
ZYE7UJSA7k0,beat_this,F-measure,1.0,29,29
ZYE7UJSA7k0,beat_this,Cemgil,0.963212941235479,29,29
ZYE7UJSA7k0,beat_this,Cemgil Best Metric Level,0.963212941235479,29,29
ZYE7UJSA7k0,beat_this,Goto,1.0,29,29
ZYE7UJSA7k0,beat_this,P-score,1.0,29,29
ZYE7UJSA7k0,beat_this,Correct Metric Level Continuous,1.0,29,29
ZYE7UJSA7k0,beat_this,Correct Metric Level Total,1.0,29,29
ZYE7UJSA7k0,beat_this,Any Metric Level Continuous,1.0,29,29
ZYE7UJSA7k0,beat_this,Any Metric Level Total,1.0,29,29
ZYE7UJSA7k0,beat_this,Information gain,0.6973009408652159,29,29
Z_czLm560A4,madmom,F-measure,1.0,33,33
Z_czLm560A4,madmom,Cemgil,0.7530583492832745,33,33
Z_czLm560A4,madmom,Cemgil Best Metric Level,0.7530583492832745,33,33
Z_czLm560A4,madmom,Goto,1.0,33,33
Z_czLm560A4,madmom,P-score,1.0,33,33
Z_czLm560A4,madmom,Correct Metric Level Continuous,1.0,33,33
Z_czLm560A4,madmom,Correct Metric Level Total,1.0,33,33
Z_czLm560A4,madmom,Any Metric Level Continuous,1.0,33,33
Z_czLm560A4,madmom,Any Metric Level Total,1.0,33,33
Z_czLm560A4,madmom,Information gain,0.6129339113255212,33,33
Z_czLm560A4,beat_this,F-measure,1.0,33,33
Z_czLm560A4,beat_this,Cemgil,0.7085112322272561,33,33
Z_czLm560A4,beat_this,Cemgil Best Metric Level,0.7085112322272561,33,33
Z_czLm560A4,beat_this,Goto,1.0,33,33
Z_czLm560A4,beat_this,P-score,1.0,33,33
Z_czLm560A4,beat_this,Correct Metric Level Continuous,1.0,33,33
Z_czLm560A4,beat_this,Correct Metric Level Total,1.0,33,33
Z_czLm560A4,beat_this,Any Metric Level Continuous,1.0,33,33
Z_czLm560A4,beat_this,Any Metric Level Total,1.0,33,33
Z_czLm560A4,beat_this,Information gain,0.6437697579589373,33,33
Zd_VDxlEZP8,madmom,F-measure,1.0,28,28
Zd_VDxlEZP8,madmom,Cemgil,0.9878121249749953,28,28
Zd_VDxlEZP8,madmom,Cemgil Best Metric Level,0.9878121249749953,28,28
Zd_VDxlEZP8,madmom,Goto,1.0,28,28
Zd_VDxlEZP8,madmom,P-score,1.0,28,28
Zd_VDxlEZP8,madmom,Correct Metric Level Continuous,1.0,28,28
Zd_VDxlEZP8,madmom,Correct Metric Level Total,1.0,28,28
Zd_VDxlEZP8,madmom,Any Metric Level Continuous,1.0,28,28
Zd_VDxlEZP8,madmom,Any Metric Level Total,1.0,28,28
Zd_VDxlEZP8,madmom,Information gain,0.8099085749765511,28,28
Zd_VDxlEZP8,beat_this,F-measure,1.0,28,28
Zd_VDxlEZP8,beat_this,Cemgil,0.9510251552832851,28,28
Zd_VDxlEZP8,beat_this,Cemgil Best Metric Level,0.9510251552832851,28,28
Zd_VDxlEZP8,beat_this,Goto,1.0,28,28
Zd_VDxlEZP8,beat_this,P-score,1.0,28,28
Zd_VDxlEZP8,beat_this,Correct Metric Level Continuous,1.0,28,28
Zd_VDxlEZP8,beat_this,Correct Metric Level Total,1.0,28,28
Zd_VDxlEZP8,beat_this,Any Metric Level Continuous,1.0,28,28
Zd_VDxlEZP8,beat_this,Any Metric Level Total,1.0,28,28
Zd_VDxlEZP8,beat_this,Information gain,0.7581290133676382,28,28
Zk8KnhrJpp8,madmom,F-measure,0.6545454545454547,37,18
Zk8KnhrJpp8,madmom,Cemgil,0.6070740801276084,37,18
Zk8KnhrJpp8,madmom,Cemgil Best Metric Level,0.9274742890838462,37,18
Zk8KnhrJpp8,madmom,Goto,0.0,37,18
Zk8KnhrJpp8,madmom,P-score,0.4864864864864865,37,18
Zk8KnhrJpp8,madmom,Correct Metric Level Continuous,0.0,37,18
Zk8KnhrJpp8,madmom,Correct Metric Level Total,0.0,37,18
Zk8KnhrJpp8,madmom,Any Metric Level Continuous,1.0,37,18
Zk8KnhrJpp8,madmom,Any Metric Level Total,1.0,37,18
Zk8KnhrJpp8,madmom,Information gain,0.6426189150190361,37,18
Zk8KnhrJpp8,beat_this,F-measure,0.6545454545454547,37,18
Zk8KnhrJpp8,beat_this,Cemgil,0.5544992597414096,37,18
Zk8KnhrJpp8,beat_this,Cemgil Best Metric Level,0.8471516468271534,37,18
Zk8KnhrJpp8,beat_this,Goto,0.0,37,18
Zk8KnhrJpp8,beat_this,P-score,0.4864864864864865,37,18
Zk8KnhrJpp8,beat_this,Correct Metric Level Continuous,0.0,37,18
Zk8KnhrJpp8,beat_this,Correct Metric Level Total,0.0,37,18
Zk8KnhrJpp8,beat_this,Any Metric Level Continuous,1.0,37,18
Zk8KnhrJpp8,beat_this,Any Metric Level Total,1.0,37,18
Zk8KnhrJpp8,beat_this,Information gain,0.595499312141757,37,18
ZllgNaVpYz8,madmom,F-measure,0.7307692307692306,26,26
ZllgNaVpYz8,madmom,Cemgil,0.5509699376360682,26,26
ZllgNaVpYz8,madmom,Cemgil Best Metric Level,0.5509699376360682,26,26
ZllgNaVpYz8,madmom,Goto,0.0,26,26
ZllgNaVpYz8,madmom,P-score,0.8846153846153846,26,26
ZllgNaVpYz8,madmom,Correct Metric Level Continuous,0.46153846153846156,26,26
ZllgNaVpYz8,madmom,Correct Metric Level Total,0.8076923076923077,26,26
ZllgNaVpYz8,madmom,Any Metric Level Continuous,0.46153846153846156,26,26
ZllgNaVpYz8,madmom,Any Metric Level Total,0.8076923076923077,26,26
ZllgNaVpYz8,madmom,Information gain,0.46372136434017747,26,26
ZllgNaVpYz8,beat_this,F-measure,0.7692307692307693,26,26
ZllgNaVpYz8,beat_this,Cemgil,0.5538632867246792,26,26
ZllgNaVpYz8,beat_this,Cemgil Best Metric Level,0.5538632867246792,26,26
ZllgNaVpYz8,beat_this,Goto,0.0,26,26
ZllgNaVpYz8,beat_this,P-score,0.9230769230769231,26,26
ZllgNaVpYz8,beat_this,Correct Metric Level Continuous,0.46153846153846156,26,26
ZllgNaVpYz8,beat_this,Correct Metric Level Total,0.8076923076923077,26,26
ZllgNaVpYz8,beat_this,Any Metric Level Continuous,0.46153846153846156,26,26
ZllgNaVpYz8,beat_this,Any Metric Level Total,0.8076923076923077,26,26
ZllgNaVpYz8,beat_this,Information gain,0.4818792340509405,26,26
_BcRXT8DUu0,madmom,F-measure,1.0,35,35
_BcRXT8DUu0,madmom,Cemgil,0.8995613546360302,35,35
_BcRXT8DUu0,madmom,Cemgil Best Metric Level,0.8995613546360302,35,35
_BcRXT8DUu0,madmom,Goto,1.0,35,35
_BcRXT8DUu0,madmom,P-score,1.0,35,35
_BcRXT8DUu0,madmom,Correct Metric Level Continuous,1.0,35,35
_BcRXT8DUu0,madmom,Correct Metric Level Total,1.0,35,35
_BcRXT8DUu0,madmom,Any Metric Level Continuous,1.0,35,35
_BcRXT8DUu0,madmom,Any Metric Level Total,1.0,35,35
_BcRXT8DUu0,madmom,Information gain,0.5644256177837172,35,35
_BcRXT8DUu0,beat_this,F-measure,0.6792452830188679,35,18
_BcRXT8DUu0,beat_this,Cemgil,0.6381870377778405,35,18
_BcRXT8DUu0,beat_this,Cemgil Best Metric Level,0.9147953178034748,35,18
_BcRXT8DUu0,beat_this,Goto,0.0,35,18
_BcRXT8DUu0,beat_this,P-score,0.5142857142857142,35,18
_BcRXT8DUu0,beat_this,Correct Metric Level Continuous,0.05714285714285714,35,18
_BcRXT8DUu0,beat_this,Correct Metric Level Total,0.05714285714285714,35,18
_BcRXT8DUu0,beat_this,Any Metric Level Continuous,0.5555555555555556,35,18
_BcRXT8DUu0,beat_this,Any Metric Level Total,0.8888888888888888,35,18
_BcRXT8DUu0,beat_this,Information gain,0.5486092139960643,35,18
_rOVBXw47mk,madmom,F-measure,1.0,38,38
_rOVBXw47mk,madmom,Cemgil,0.7036388691231444,38,38
_rOVBXw47mk,madmom,Cemgil Best Metric Level,0.7036388691231444,38,38
_rOVBXw47mk,madmom,Goto,1.0,38,38
_rOVBXw47mk,madmom,P-score,1.0,38,38
_rOVBXw47mk,madmom,Correct Metric Level Continuous,1.0,38,38
_rOVBXw47mk,madmom,Correct Metric Level Total,1.0,38,38
_rOVBXw47mk,madmom,Any Metric Level Continuous,1.0,38,38
_rOVBXw47mk,madmom,Any Metric Level Total,1.0,38,38
_rOVBXw47mk,madmom,Information gain,0.649157820126083,38,38
_rOVBXw47mk,beat_this,F-measure,0.6666666666666666,38,19
_rOVBXw47mk,beat_this,Cemgil,0.5524995920778276,38,19
_rOVBXw47mk,beat_this,Cemgil Best Metric Level,0.8287493881167415,38,19
_rOVBXw47mk,beat_this,Goto,0.0,38,19
_rOVBXw47mk,beat_this,P-score,0.5,38,19
_rOVBXw47mk,beat_this,Correct Metric Level Continuous,0.0,38,19
_rOVBXw47mk,beat_this,Correct Metric Level Total,0.0,38,19
_rOVBXw47mk,beat_this,Any Metric Level Continuous,1.0,38,19
_rOVBXw47mk,beat_this,Any Metric Level Total,1.0,38,19
_rOVBXw47mk,beat_this,Information gain,0.6170811895573641,38,19
a6U0NuNx6Rs,madmom,F-measure,0.35714285714285715,22,34
a6U0NuNx6Rs,madmom,Cemgil,0.2856088780881823,22,34
a6U0NuNx6Rs,madmom,Cemgil Best Metric Level,0.35379105361957025,22,34
a6U0NuNx6Rs,madmom,Goto,0.0,22,34
a6U0NuNx6Rs,madmom,P-score,0.35294117647058826,22,34
a6U0NuNx6Rs,madmom,Correct Metric Level Continuous,0.0,22,34
a6U0NuNx6Rs,madmom,Correct Metric Level Total,0.0,22,34
a6U0NuNx6Rs,madmom,Any Metric Level Continuous,0.0,22,34
a6U0NuNx6Rs,madmom,Any Metric Level Total,0.0,22,34
a6U0NuNx6Rs,madmom,Information gain,0.21241487181787266,22,34
a6U0NuNx6Rs,beat_this,F-measure,0.3214285714285714,22,34
a6U0NuNx6Rs,beat_this,Cemgil,0.274271815612424,22,34
a6U0NuNx6Rs,beat_this,Cemgil Best Metric Level,0.3408171148494993,22,34
a6U0NuNx6Rs,beat_this,Goto,0.0,22,34
a6U0NuNx6Rs,beat_this,P-score,0.35294117647058826,22,34
a6U0NuNx6Rs,beat_this,Correct Metric Level Continuous,0.0,22,34
a6U0NuNx6Rs,beat_this,Correct Metric Level Total,0.0,22,34
a6U0NuNx6Rs,beat_this,Any Metric Level Continuous,0.0,22,34
a6U0NuNx6Rs,beat_this,Any Metric Level Total,0.0,22,34
a6U0NuNx6Rs,beat_this,Information gain,0.23168275321386667,22,34
aezgXC00hQw,madmom,F-measure,0.6666666666666666,48,24
aezgXC00hQw,madmom,Cemgil,0.6339371012810063,48,24
aezgXC00hQw,madmom,Cemgil Best Metric Level,0.9509056519202564,48,24
aezgXC00hQw,madmom,Goto,0.0,48,24
aezgXC00hQw,madmom,P-score,0.5,48,24
aezgXC00hQw,madmom,Correct Metric Level Continuous,0.0,48,24
aezgXC00hQw,madmom,Correct Metric Level Total,0.0,48,24
aezgXC00hQw,madmom,Any Metric Level Continuous,1.0,48,24
aezgXC00hQw,madmom,Any Metric Level Total,1.0,48,24
aezgXC00hQw,madmom,Information gain,0.4992456792190732,48,24
aezgXC00hQw,beat_this,F-measure,0.6666666666666666,48,24
aezgXC00hQw,beat_this,Cemgil,0.6442050392740857,48,24
aezgXC00hQw,beat_this,Cemgil Best Metric Level,0.9663075589105877,48,24
aezgXC00hQw,beat_this,Goto,0.0,48,24
aezgXC00hQw,beat_this,P-score,0.5,48,24
aezgXC00hQw,beat_this,Correct Metric Level Continuous,0.0,48,24
aezgXC00hQw,beat_this,Correct Metric Level Total,0.0,48,24
aezgXC00hQw,beat_this,Any Metric Level Continuous,1.0,48,24
aezgXC00hQw,beat_this,Any Metric Level Total,1.0,48,24
aezgXC00hQw,beat_this,Information gain,0.5728795190166103,48,24
bSmvp0w2zYY,madmom,F-measure,1.0,35,35
bSmvp0w2zYY,madmom,Cemgil,0.9329137214827432,35,35
bSmvp0w2zYY,madmom,Cemgil Best Metric Level,0.9329137214827432,35,35
bSmvp0w2zYY,madmom,Goto,1.0,35,35
bSmvp0w2zYY,madmom,P-score,1.0,35,35
bSmvp0w2zYY,madmom,Correct Metric Level Continuous,1.0,35,35
bSmvp0w2zYY,madmom,Correct Metric Level Total,1.0,35,35
bSmvp0w2zYY,madmom,Any Metric Level Continuous,1.0,35,35
bSmvp0w2zYY,madmom,Any Metric Level Total,1.0,35,35
bSmvp0w2zYY,madmom,Information gain,0.7077403622271283,35,35
bSmvp0w2zYY,beat_this,F-measure,0.6792452830188679,35,18
bSmvp0w2zYY,beat_this,Cemgil,0.5912475171467985,35,18
bSmvp0w2zYY,beat_this,Cemgil Best Metric Level,0.870447733577231,35,18
bSmvp0w2zYY,beat_this,Goto,0.0,35,18
bSmvp0w2zYY,beat_this,P-score,0.5142857142857142,35,18
bSmvp0w2zYY,beat_this,Correct Metric Level Continuous,0.0,35,18
bSmvp0w2zYY,beat_this,Correct Metric Level Total,0.0,35,18
bSmvp0w2zYY,beat_this,Any Metric Level Continuous,1.0,35,18
bSmvp0w2zYY,beat_this,Any Metric Level Total,1.0,35,18
bSmvp0w2zYY,beat_this,Information gain,0.6738870297850741,35,18
bTSTMIoNf9k,madmom,F-measure,1.0,27,27
bTSTMIoNf9k,madmom,Cemgil,0.9891192868403856,27,27
bTSTMIoNf9k,madmom,Cemgil Best Metric Level,0.9891192868403856,27,27
bTSTMIoNf9k,madmom,Goto,1.0,27,27
bTSTMIoNf9k,madmom,P-score,1.0,27,27
bTSTMIoNf9k,madmom,Correct Metric Level Continuous,1.0,27,27
bTSTMIoNf9k,madmom,Correct Metric Level Total,1.0,27,27
bTSTMIoNf9k,madmom,Any Metric Level Continuous,1.0,27,27
bTSTMIoNf9k,madmom,Any Metric Level Total,1.0,27,27
bTSTMIoNf9k,madmom,Information gain,0.8374079179642719,27,27
bTSTMIoNf9k,beat_this,F-measure,1.0,27,27
bTSTMIoNf9k,beat_this,Cemgil,0.9778171009607598,27,27
bTSTMIoNf9k,beat_this,Cemgil Best Metric Level,0.9778171009607598,27,27
bTSTMIoNf9k,beat_this,Goto,1.0,27,27
bTSTMIoNf9k,beat_this,P-score,1.0,27,27
bTSTMIoNf9k,beat_this,Correct Metric Level Continuous,1.0,27,27
bTSTMIoNf9k,beat_this,Correct Metric Level Total,1.0,27,27
bTSTMIoNf9k,beat_this,Any Metric Level Continuous,1.0,27,27
bTSTMIoNf9k,beat_this,Any Metric Level Total,1.0,27,27
bTSTMIoNf9k,beat_this,Information gain,0.7337266565426075,27,27
bY2yvESoWAs,madmom,F-measure,0.6666666666666666,36,18
bY2yvESoWAs,madmom,Cemgil,0.4578160029429802,36,18
bY2yvESoWAs,madmom,Cemgil Best Metric Level,0.6867240044144702,36,18
bY2yvESoWAs,madmom,Goto,0.0,36,18
bY2yvESoWAs,madmom,P-score,0.5,36,18
bY2yvESoWAs,madmom,Correct Metric Level Continuous,0.0,36,18
bY2yvESoWAs,madmom,Correct Metric Level Total,0.0,36,18
bY2yvESoWAs,madmom,Any Metric Level Continuous,1.0,36,18
bY2yvESoWAs,madmom,Any Metric Level Total,1.0,36,18
bY2yvESoWAs,madmom,Information gain,0.43951761132002204,36,18
bY2yvESoWAs,beat_this,F-measure,0.5205479452054794,36,37
bY2yvESoWAs,beat_this,Cemgil,0.4208504571640421,36,37
bY2yvESoWAs,beat_this,Cemgil Best Metric Level,0.4208504571640421,36,37
bY2yvESoWAs,beat_this,Goto,0.0,36,37
bY2yvESoWAs,beat_this,P-score,0.6756756756756757,36,37
bY2yvESoWAs,beat_this,Correct Metric Level Continuous,0.16216216216216217,36,37
bY2yvESoWAs,beat_this,Correct Metric Level Total,0.40540540540540543,36,37
bY2yvESoWAs,beat_this,Any Metric Level Continuous,0.16216216216216217,36,37
bY2yvESoWAs,beat_this,Any Metric Level Total,0.40540540540540543,36,37
bY2yvESoWAs,beat_this,Information gain,0.19447864115799623,36,37
bhJjNBcHdNs,madmom,F-measure,1.0,31,31
bhJjNBcHdNs,madmom,Cemgil,0.8555283385146716,31,31
bhJjNBcHdNs,madmom,Cemgil Best Metric Level,0.8555283385146716,31,31
bhJjNBcHdNs,madmom,Goto,1.0,31,31
bhJjNBcHdNs,madmom,P-score,1.0,31,31
bhJjNBcHdNs,madmom,Correct Metric Level Continuous,1.0,31,31
bhJjNBcHdNs,madmom,Correct Metric Level Total,1.0,31,31
bhJjNBcHdNs,madmom,Any Metric Level Continuous,1.0,31,31
bhJjNBcHdNs,madmom,Any Metric Level Total,1.0,31,31
bhJjNBcHdNs,madmom,Information gain,0.6646893583531992,31,31
bhJjNBcHdNs,beat_this,F-measure,0.9841269841269841,31,32
bhJjNBcHdNs,beat_this,Cemgil,0.7917282486624555,31,32
bhJjNBcHdNs,beat_this,Cemgil Best Metric Level,0.7917282486624555,31,32
bhJjNBcHdNs,beat_this,Goto,1.0,31,32
bhJjNBcHdNs,beat_this,P-score,0.96875,31,32
bhJjNBcHdNs,beat_this,Correct Metric Level Continuous,0.96875,31,32
bhJjNBcHdNs,beat_this,Correct Metric Level Total,0.96875,31,32
bhJjNBcHdNs,beat_this,Any Metric Level Continuous,0.96875,31,32
bhJjNBcHdNs,beat_this,Any Metric Level Total,0.96875,31,32
bhJjNBcHdNs,beat_this,Information gain,0.6537901251661711,31,32
bjW1WfRAk18,madmom,F-measure,1.0,25,25
bjW1WfRAk18,madmom,Cemgil,0.9508569840391509,25,25
bjW1WfRAk18,madmom,Cemgil Best Metric Level,0.9508569840391509,25,25
bjW1WfRAk18,madmom,Goto,1.0,25,25
bjW1WfRAk18,madmom,P-score,1.0,25,25
bjW1WfRAk18,madmom,Correct Metric Level Continuous,1.0,25,25
bjW1WfRAk18,madmom,Correct Metric Level Total,1.0,25,25
bjW1WfRAk18,madmom,Any Metric Level Continuous,1.0,25,25
bjW1WfRAk18,madmom,Any Metric Level Total,1.0,25,25
bjW1WfRAk18,madmom,Information gain,0.644666734065661,25,25
bjW1WfRAk18,beat_this,F-measure,1.0,25,25
bjW1WfRAk18,beat_this,Cemgil,0.9358820783291353,25,25
bjW1WfRAk18,beat_this,Cemgil Best Metric Level,0.9358820783291353,25,25
bjW1WfRAk18,beat_this,Goto,1.0,25,25
bjW1WfRAk18,beat_this,P-score,1.0,25,25
bjW1WfRAk18,beat_this,Correct Metric Level Continuous,1.0,25,25
bjW1WfRAk18,beat_this,Correct Metric Level Total,1.0,25,25
bjW1WfRAk18,beat_this,Any Metric Level Continuous,1.0,25,25
bjW1WfRAk18,beat_this,Any Metric Level Total,1.0,25,25
bjW1WfRAk18,beat_this,Information gain,0.6988236125800795,25,25
cCnf1w1DzlA,madmom,F-measure,1.0,23,23
cCnf1w1DzlA,madmom,Cemgil,0.8769884933387652,23,23
cCnf1w1DzlA,madmom,Cemgil Best Metric Level,0.8769884933387652,23,23
cCnf1w1DzlA,madmom,Goto,1.0,23,23
cCnf1w1DzlA,madmom,P-score,1.0,23,23
cCnf1w1DzlA,madmom,Correct Metric Level Continuous,1.0,23,23
cCnf1w1DzlA,madmom,Correct Metric Level Total,1.0,23,23
cCnf1w1DzlA,madmom,Any Metric Level Continuous,1.0,23,23
cCnf1w1DzlA,madmom,Any Metric Level Total,1.0,23,23
cCnf1w1DzlA,madmom,Information gain,0.5758324970755575,23,23
cCnf1w1DzlA,beat_this,F-measure,1.0,23,23
cCnf1w1DzlA,beat_this,Cemgil,0.8923387954461042,23,23
cCnf1w1DzlA,beat_this,Cemgil Best Metric Level,0.8923387954461042,23,23
cCnf1w1DzlA,beat_this,Goto,1.0,23,23
cCnf1w1DzlA,beat_this,P-score,1.0,23,23
cCnf1w1DzlA,beat_this,Correct Metric Level Continuous,1.0,23,23
cCnf1w1DzlA,beat_this,Correct Metric Level Total,1.0,23,23
cCnf1w1DzlA,beat_this,Any Metric Level Continuous,1.0,23,23
cCnf1w1DzlA,beat_this,Any Metric Level Total,1.0,23,23
cCnf1w1DzlA,beat_this,Information gain,0.7248665591667521,23,23
cetR8PMSK0c,madmom,F-measure,0.0,23,23
cetR8PMSK0c,madmom,Cemgil,1.1140672111190613e-13,23,23
cetR8PMSK0c,madmom,Cemgil Best Metric Level,0.9551683251132292,23,23
cetR8PMSK0c,madmom,Goto,0.0,23,23
cetR8PMSK0c,madmom,P-score,0.0,23,23
cetR8PMSK0c,madmom,Correct Metric Level Continuous,0.0,23,23
cetR8PMSK0c,madmom,Correct Metric Level Total,0.0,23,23
cetR8PMSK0c,madmom,Any Metric Level Continuous,0.9565217391304348,23,23
cetR8PMSK0c,madmom,Any Metric Level Total,0.9565217391304348,23,23
cetR8PMSK0c,madmom,Information gain,0.7441252154152849,23,23
cetR8PMSK0c,beat_this,F-measure,0.3684210526315789,23,15
cetR8PMSK0c,beat_this,Cemgil,0.36000400967090096,23,15
cetR8PMSK0c,beat_this,Cemgil Best Metric Level,0.47533115897242745,23,15
cetR8PMSK0c,beat_this,Goto,0.0,23,15
cetR8PMSK0c,beat_this,P-score,0.30434782608695654,23,15
cetR8PMSK0c,beat_this,Correct Metric Level Continuous,0.0,23,15
cetR8PMSK0c,beat_this,Correct Metric Level Total,0.0,23,15
cetR8PMSK0c,beat_this,Any Metric Level Continuous,0.0,23,15
cetR8PMSK0c,beat_this,Any Metric Level Total,0.0,23,15
cetR8PMSK0c,beat_this,Information gain,0.5340771595040277,23,15
cnkWWKwo4Ww,madmom,F-measure,1.0,37,37
cnkWWKwo4Ww,madmom,Cemgil,0.9816508819460166,37,37
cnkWWKwo4Ww,madmom,Cemgil Best Metric Level,0.9816508819460166,37,37
cnkWWKwo4Ww,madmom,Goto,1.0,37,37
cnkWWKwo4Ww,madmom,P-score,1.0,37,37
cnkWWKwo4Ww,madmom,Correct Metric Level Continuous,1.0,37,37
cnkWWKwo4Ww,madmom,Correct Metric Level Total,1.0,37,37
cnkWWKwo4Ww,madmom,Any Metric Level Continuous,1.0,37,37
cnkWWKwo4Ww,madmom,Any Metric Level Total,1.0,37,37
cnkWWKwo4Ww,madmom,Information gain,0.7092597714370543,37,37
cnkWWKwo4Ww,beat_this,F-measure,0.6545454545454547,37,18
cnkWWKwo4Ww,beat_this,Cemgil,0.5937303760203146,37,18
cnkWWKwo4Ww,beat_this,Cemgil Best Metric Level,0.9070880744754807,37,18
cnkWWKwo4Ww,beat_this,Goto,0.0,37,18
cnkWWKwo4Ww,beat_this,P-score,0.4864864864864865,37,18
cnkWWKwo4Ww,beat_this,Correct Metric Level Continuous,0.0,37,18
cnkWWKwo4Ww,beat_this,Correct Metric Level Total,0.0,37,18
cnkWWKwo4Ww,beat_this,Any Metric Level Continuous,1.0,37,18
cnkWWKwo4Ww,beat_this,Any Metric Level Total,1.0,37,18
cnkWWKwo4Ww,beat_this,Information gain,0.523925479388067,37,18
cugnPFhB2L8,madmom,F-measure,1.0,35,35
cugnPFhB2L8,madmom,Cemgil,0.9641653312902049,35,35
cugnPFhB2L8,madmom,Cemgil Best Metric Level,0.9641653312902049,35,35
cugnPFhB2L8,madmom,Goto,1.0,35,35
cugnPFhB2L8,madmom,P-score,1.0,35,35
cugnPFhB2L8,madmom,Correct Metric Level Continuous,1.0,35,35
cugnPFhB2L8,madmom,Correct Metric Level Total,1.0,35,35
cugnPFhB2L8,madmom,Any Metric Level Continuous,1.0,35,35
cugnPFhB2L8,madmom,Any Metric Level Total,1.0,35,35
cugnPFhB2L8,madmom,Information gain,0.6219495973259354,35,35
cugnPFhB2L8,beat_this,F-measure,0.6538461538461539,35,17
cugnPFhB2L8,beat_this,Cemgil,0.6384366648191436,35,17
cugnPFhB2L8,beat_this,Cemgil Best Metric Level,0.9764325461939843,35,17
cugnPFhB2L8,beat_this,Goto,0.0,35,17
cugnPFhB2L8,beat_this,P-score,0.4857142857142857,35,17
cugnPFhB2L8,beat_this,Correct Metric Level Continuous,0.0,35,17
cugnPFhB2L8,beat_this,Correct Metric Level Total,0.0,35,17
cugnPFhB2L8,beat_this,Any Metric Level Continuous,1.0,35,17
cugnPFhB2L8,beat_this,Any Metric Level Total,1.0,35,17
cugnPFhB2L8,beat_this,Information gain,0.6446198167658306,35,17
dlXZYP7bDCY,madmom,F-measure,1.0,23,23
dlXZYP7bDCY,madmom,Cemgil,0.9075286484188128,23,23
dlXZYP7bDCY,madmom,Cemgil Best Metric Level,0.9075286484188128,23,23
dlXZYP7bDCY,madmom,Goto,1.0,23,23
dlXZYP7bDCY,madmom,P-score,1.0,23,23
dlXZYP7bDCY,madmom,Correct Metric Level Continuous,1.0,23,23
dlXZYP7bDCY,madmom,Correct Metric Level Total,1.0,23,23
dlXZYP7bDCY,madmom,Any Metric Level Continuous,1.0,23,23
dlXZYP7bDCY,madmom,Any Metric Level Total,1.0,23,23
dlXZYP7bDCY,madmom,Information gain,0.6395476398826311,23,23
dlXZYP7bDCY,beat_this,F-measure,1.0,23,23
dlXZYP7bDCY,beat_this,Cemgil,0.983482988769091,23,23
dlXZYP7bDCY,beat_this,Cemgil Best Metric Level,0.983482988769091,23,23
dlXZYP7bDCY,beat_this,Goto,1.0,23,23
dlXZYP7bDCY,beat_this,P-score,1.0,23,23
dlXZYP7bDCY,beat_this,Correct Metric Level Continuous,1.0,23,23
dlXZYP7bDCY,beat_this,Correct Metric Level Total,1.0,23,23
dlXZYP7bDCY,beat_this,Any Metric Level Continuous,1.0,23,23
dlXZYP7bDCY,beat_this,Any Metric Level Total,1.0,23,23
dlXZYP7bDCY,beat_this,Information gain,0.8590073578547978,23,23
eDDXIycpNNU,madmom,F-measure,0.9599999999999999,38,37
eDDXIycpNNU,madmom,Cemgil,0.8019180542209687,38,37
eDDXIycpNNU,madmom,Cemgil Best Metric Level,0.8019180542209687,38,37
eDDXIycpNNU,madmom,Goto,0.0,38,37
eDDXIycpNNU,madmom,P-score,0.9736842105263158,38,37
eDDXIycpNNU,madmom,Correct Metric Level Continuous,0.868421052631579,38,37
eDDXIycpNNU,madmom,Correct Metric Level Total,0.9473684210526315,38,37
eDDXIycpNNU,madmom,Any Metric Level Continuous,0.868421052631579,38,37
eDDXIycpNNU,madmom,Any Metric Level Total,0.9473684210526315,38,37
eDDXIycpNNU,madmom,Information gain,0.36388318652401286,38,37
eDDXIycpNNU,beat_this,F-measure,0.6607142857142857,38,74
eDDXIycpNNU,beat_this,Cemgil,0.5499873408258273,38,74
eDDXIycpNNU,beat_this,Cemgil Best Metric Level,0.8341278729345056,38,74
eDDXIycpNNU,beat_this,Goto,0.0,38,74
eDDXIycpNNU,beat_this,P-score,0.5,38,74
eDDXIycpNNU,beat_this,Correct Metric Level Continuous,0.013513513513513514,38,74
eDDXIycpNNU,beat_this,Correct Metric Level Total,0.013513513513513514,38,74
eDDXIycpNNU,beat_this,Any Metric Level Continuous,0.38666666666666666,38,74
eDDXIycpNNU,beat_this,Any Metric Level Total,0.7466666666666667,38,74
eDDXIycpNNU,beat_this,Information gain,0.24005593289653154,38,74
eQbTz-OUyfA,madmom,F-measure,1.0,26,26
eQbTz-OUyfA,madmom,Cemgil,0.554898920929841,26,26
eQbTz-OUyfA,madmom,Cemgil Best Metric Level,0.554898920929841,26,26
eQbTz-OUyfA,madmom,Goto,1.0,26,26
eQbTz-OUyfA,madmom,P-score,1.0,26,26
eQbTz-OUyfA,madmom,Correct Metric Level Continuous,1.0,26,26
eQbTz-OUyfA,madmom,Correct Metric Level Total,1.0,26,26
eQbTz-OUyfA,madmom,Any Metric Level Continuous,1.0,26,26
eQbTz-OUyfA,madmom,Any Metric Level Total,1.0,26,26
eQbTz-OUyfA,madmom,Information gain,0.800620257808463,26,26
eQbTz-OUyfA,beat_this,F-measure,1.0,26,26
eQbTz-OUyfA,beat_this,Cemgil,0.5442187101963964,26,26
eQbTz-OUyfA,beat_this,Cemgil Best Metric Level,0.5442187101963964,26,26
eQbTz-OUyfA,beat_this,Goto,1.0,26,26
eQbTz-OUyfA,beat_this,P-score,1.0,26,26
eQbTz-OUyfA,beat_this,Correct Metric Level Continuous,1.0,26,26
eQbTz-OUyfA,beat_this,Correct Metric Level Total,1.0,26,26
eQbTz-OUyfA,beat_this,Any Metric Level Continuous,1.0,26,26
eQbTz-OUyfA,beat_this,Any Metric Level Total,1.0,26,26
eQbTz-OUyfA,beat_this,Information gain,0.7728367817263132,26,26
ebHTsxs9j4A,madmom,F-measure,1.0,23,23
ebHTsxs9j4A,madmom,Cemgil,0.9287448327082217,23,23
ebHTsxs9j4A,madmom,Cemgil Best Metric Level,0.9287448327082217,23,23
ebHTsxs9j4A,madmom,Goto,1.0,23,23
ebHTsxs9j4A,madmom,P-score,1.0,23,23
ebHTsxs9j4A,madmom,Correct Metric Level Continuous,1.0,23,23
ebHTsxs9j4A,madmom,Correct Metric Level Total,1.0,23,23
ebHTsxs9j4A,madmom,Any Metric Level Continuous,1.0,23,23
ebHTsxs9j4A,madmom,Any Metric Level Total,1.0,23,23
ebHTsxs9j4A,madmom,Information gain,0.6546282664881008,23,23
ebHTsxs9j4A,beat_this,F-measure,1.0,23,23
ebHTsxs9j4A,beat_this,Cemgil,0.9486319962421225,23,23
ebHTsxs9j4A,beat_this,Cemgil Best Metric Level,0.9486319962421225,23,23
ebHTsxs9j4A,beat_this,Goto,1.0,23,23
ebHTsxs9j4A,beat_this,P-score,1.0,23,23
ebHTsxs9j4A,beat_this,Correct Metric Level Continuous,1.0,23,23
ebHTsxs9j4A,beat_this,Correct Metric Level Total,1.0,23,23
ebHTsxs9j4A,beat_this,Any Metric Level Continuous,1.0,23,23
ebHTsxs9j4A,beat_this,Any Metric Level Total,1.0,23,23
ebHTsxs9j4A,beat_this,Information gain,0.7078254742418215,23,23
ebgt9w3tLcQ,madmom,F-measure,1.0,25,25
ebgt9w3tLcQ,madmom,Cemgil,0.9434458745319593,25,25
ebgt9w3tLcQ,madmom,Cemgil Best Metric Level,0.9434458745319593,25,25
ebgt9w3tLcQ,madmom,Goto,1.0,25,25
ebgt9w3tLcQ,madmom,P-score,1.0,25,25
ebgt9w3tLcQ,madmom,Correct Metric Level Continuous,1.0,25,25
ebgt9w3tLcQ,madmom,Correct Metric Level Total,1.0,25,25
ebgt9w3tLcQ,madmom,Any Metric Level Continuous,1.0,25,25
ebgt9w3tLcQ,madmom,Any Metric Level Total,1.0,25,25
ebgt9w3tLcQ,madmom,Information gain,0.7029042951984814,25,25
ebgt9w3tLcQ,beat_this,F-measure,1.0,25,25
ebgt9w3tLcQ,beat_this,Cemgil,0.9533217044245903,25,25
ebgt9w3tLcQ,beat_this,Cemgil Best Metric Level,0.9533217044245903,25,25
ebgt9w3tLcQ,beat_this,Goto,1.0,25,25
ebgt9w3tLcQ,beat_this,P-score,1.0,25,25
ebgt9w3tLcQ,beat_this,Correct Metric Level Continuous,1.0,25,25
ebgt9w3tLcQ,beat_this,Correct Metric Level Total,1.0,25,25
ebgt9w3tLcQ,beat_this,Any Metric Level Continuous,1.0,25,25
ebgt9w3tLcQ,beat_this,Any Metric Level Total,1.0,25,25
ebgt9w3tLcQ,beat_this,Information gain,0.6831910064272282,25,25
f8edbq7JoqQ,madmom,F-measure,0.65625,43,21
f8edbq7JoqQ,madmom,Cemgil,0.6302623870682611,43,21
f8edbq7JoqQ,madmom,Cemgil Best Metric Level,0.9603998279135358,43,21
f8edbq7JoqQ,madmom,Goto,0.0,43,21
f8edbq7JoqQ,madmom,P-score,0.4883720930232558,43,21
f8edbq7JoqQ,madmom,Correct Metric Level Continuous,0.0,43,21
f8edbq7JoqQ,madmom,Correct Metric Level Total,0.0,43,21
f8edbq7JoqQ,madmom,Any Metric Level Continuous,1.0,43,21
f8edbq7JoqQ,madmom,Any Metric Level Total,1.0,43,21
f8edbq7JoqQ,madmom,Information gain,0.6269220807284178,43,21
f8edbq7JoqQ,beat_this,F-measure,0.65625,43,21
f8edbq7JoqQ,beat_this,Cemgil,0.6209677252807573,43,21
f8edbq7JoqQ,beat_this,Cemgil Best Metric Level,0.9462365337611531,43,21
f8edbq7JoqQ,beat_this,Goto,0.0,43,21
f8edbq7JoqQ,beat_this,P-score,0.4883720930232558,43,21
f8edbq7JoqQ,beat_this,Correct Metric Level Continuous,0.0,43,21
f8edbq7JoqQ,beat_this,Correct Metric Level Total,0.0,43,21
f8edbq7JoqQ,beat_this,Any Metric Level Continuous,1.0,43,21
f8edbq7JoqQ,beat_this,Any Metric Level Total,1.0,43,21
f8edbq7JoqQ,beat_this,Information gain,0.5843039769764291,43,21
f9a5K5vowLo,madmom,F-measure,1.0,23,23
f9a5K5vowLo,madmom,Cemgil,0.9827929083139285,23,23
f9a5K5vowLo,madmom,Cemgil Best Metric Level,0.9827929083139285,23,23
f9a5K5vowLo,madmom,Goto,1.0,23,23
f9a5K5vowLo,madmom,P-score,1.0,23,23
f9a5K5vowLo,madmom,Correct Metric Level Continuous,1.0,23,23
f9a5K5vowLo,madmom,Correct Metric Level Total,1.0,23,23
f9a5K5vowLo,madmom,Any Metric Level Continuous,1.0,23,23
f9a5K5vowLo,madmom,Any Metric Level Total,1.0,23,23
f9a5K5vowLo,madmom,Information gain,0.8007278026550215,23,23
f9a5K5vowLo,beat_this,F-measure,1.0,23,23
f9a5K5vowLo,beat_this,Cemgil,0.9428161368364907,23,23
f9a5K5vowLo,beat_this,Cemgil Best Metric Level,0.9428161368364907,23,23
f9a5K5vowLo,beat_this,Goto,1.0,23,23
f9a5K5vowLo,beat_this,P-score,1.0,23,23
f9a5K5vowLo,beat_this,Correct Metric Level Continuous,1.0,23,23
f9a5K5vowLo,beat_this,Correct Metric Level Total,1.0,23,23
f9a5K5vowLo,beat_this,Any Metric Level Continuous,1.0,23,23
f9a5K5vowLo,beat_this,Any Metric Level Total,1.0,23,23
f9a5K5vowLo,beat_this,Information gain,0.711067236119303,23,23
faAObMnqMKY,madmom,F-measure,1.0,37,37
faAObMnqMKY,madmom,Cemgil,0.946112860550253,37,37
faAObMnqMKY,madmom,Cemgil Best Metric Level,0.946112860550253,37,37
faAObMnqMKY,madmom,Goto,1.0,37,37
faAObMnqMKY,madmom,P-score,1.0,37,37
faAObMnqMKY,madmom,Correct Metric Level Continuous,1.0,37,37
faAObMnqMKY,madmom,Correct Metric Level Total,1.0,37,37
faAObMnqMKY,madmom,Any Metric Level Continuous,1.0,37,37
faAObMnqMKY,madmom,Any Metric Level Total,1.0,37,37
faAObMnqMKY,madmom,Information gain,0.5637928125330027,37,37
faAObMnqMKY,beat_this,F-measure,0.6545454545454547,37,18
faAObMnqMKY,beat_this,Cemgil,0.6300103566277181,37,18
faAObMnqMKY,beat_this,Cemgil Best Metric Level,0.9625158226256804,37,18
faAObMnqMKY,beat_this,Goto,0.0,37,18
faAObMnqMKY,beat_this,P-score,0.4864864864864865,37,18
faAObMnqMKY,beat_this,Correct Metric Level Continuous,0.0,37,18
faAObMnqMKY,beat_this,Correct Metric Level Total,0.0,37,18
faAObMnqMKY,beat_this,Any Metric Level Continuous,1.0,37,18
faAObMnqMKY,beat_this,Any Metric Level Total,1.0,37,18
faAObMnqMKY,beat_this,Information gain,0.6720912203710625,37,18
fkbhJS6HXLo,madmom,F-measure,1.0,38,38
fkbhJS6HXLo,madmom,Cemgil,0.9549714221335804,38,38
fkbhJS6HXLo,madmom,Cemgil Best Metric Level,0.9549714221335804,38,38
fkbhJS6HXLo,madmom,Goto,1.0,38,38
fkbhJS6HXLo,madmom,P-score,1.0,38,38
fkbhJS6HXLo,madmom,Correct Metric Level Continuous,1.0,38,38
fkbhJS6HXLo,madmom,Correct Metric Level Total,1.0,38,38
fkbhJS6HXLo,madmom,Any Metric Level Continuous,1.0,38,38
fkbhJS6HXLo,madmom,Any Metric Level Total,1.0,38,38
fkbhJS6HXLo,madmom,Information gain,0.7284823794128774,38,38
fkbhJS6HXLo,beat_this,F-measure,0.6666666666666666,38,19
fkbhJS6HXLo,beat_this,Cemgil,0.6171115578175144,38,19
fkbhJS6HXLo,beat_this,Cemgil Best Metric Level,0.9256673367262716,38,19
fkbhJS6HXLo,beat_this,Goto,0.0,38,19
fkbhJS6HXLo,beat_this,P-score,0.5,38,19
fkbhJS6HXLo,beat_this,Correct Metric Level Continuous,0.0,38,19
fkbhJS6HXLo,beat_this,Correct Metric Level Total,0.0,38,19
fkbhJS6HXLo,beat_this,Any Metric Level Continuous,1.0,38,19
fkbhJS6HXLo,beat_this,Any Metric Level Total,1.0,38,19
fkbhJS6HXLo,beat_this,Information gain,0.639519079130143,38,19
fmZ_nkEkZ_c,madmom,F-measure,1.0,24,24
fmZ_nkEkZ_c,madmom,Cemgil,0.9620205551365268,24,24
fmZ_nkEkZ_c,madmom,Cemgil Best Metric Level,0.9620205551365268,24,24
fmZ_nkEkZ_c,madmom,Goto,1.0,24,24
fmZ_nkEkZ_c,madmom,P-score,1.0,24,24
fmZ_nkEkZ_c,madmom,Correct Metric Level Continuous,1.0,24,24
fmZ_nkEkZ_c,madmom,Correct Metric Level Total,1.0,24,24
fmZ_nkEkZ_c,madmom,Any Metric Level Continuous,1.0,24,24
fmZ_nkEkZ_c,madmom,Any Metric Level Total,1.0,24,24
fmZ_nkEkZ_c,madmom,Information gain,0.7354887725779148,24,24
fmZ_nkEkZ_c,beat_this,F-measure,1.0,24,24
fmZ_nkEkZ_c,beat_this,Cemgil,0.9410700065818619,24,24
fmZ_nkEkZ_c,beat_this,Cemgil Best Metric Level,0.9410700065818619,24,24
fmZ_nkEkZ_c,beat_this,Goto,1.0,24,24
fmZ_nkEkZ_c,beat_this,P-score,1.0,24,24
fmZ_nkEkZ_c,beat_this,Correct Metric Level Continuous,1.0,24,24
fmZ_nkEkZ_c,beat_this,Correct Metric Level Total,1.0,24,24
fmZ_nkEkZ_c,beat_this,Any Metric Level Continuous,1.0,24,24
fmZ_nkEkZ_c,beat_this,Any Metric Level Total,1.0,24,24
fmZ_nkEkZ_c,beat_this,Information gain,0.7747276323008175,24,24
g6mNueuu8c8,madmom,F-measure,1.0,29,29
g6mNueuu8c8,madmom,Cemgil,0.9849731829550014,29,29
g6mNueuu8c8,madmom,Cemgil Best Metric Level,0.9849731829550014,29,29
g6mNueuu8c8,madmom,Goto,1.0,29,29
g6mNueuu8c8,madmom,P-score,1.0,29,29
g6mNueuu8c8,madmom,Correct Metric Level Continuous,1.0,29,29
g6mNueuu8c8,madmom,Correct Metric Level Total,1.0,29,29
g6mNueuu8c8,madmom,Any Metric Level Continuous,1.0,29,29
g6mNueuu8c8,madmom,Any Metric Level Total,1.0,29,29
g6mNueuu8c8,madmom,Information gain,0.8265320382867718,29,29
g6mNueuu8c8,beat_this,F-measure,1.0,29,29
g6mNueuu8c8,beat_this,Cemgil,0.9572236504051461,29,29
g6mNueuu8c8,beat_this,Cemgil Best Metric Level,0.9572236504051461,29,29
g6mNueuu8c8,beat_this,Goto,1.0,29,29
g6mNueuu8c8,beat_this,P-score,1.0,29,29
g6mNueuu8c8,beat_this,Correct Metric Level Continuous,1.0,29,29
g6mNueuu8c8,beat_this,Correct Metric Level Total,1.0,29,29
g6mNueuu8c8,beat_this,Any Metric Level Continuous,1.0,29,29
g6mNueuu8c8,beat_this,Any Metric Level Total,1.0,29,29
g6mNueuu8c8,beat_this,Information gain,0.7601932305328103,29,29
gRacamF19ZM,madmom,F-measure,1.0,25,25
gRacamF19ZM,madmom,Cemgil,0.8919069406840152,25,25
gRacamF19ZM,madmom,Cemgil Best Metric Level,0.8919069406840152,25,25
gRacamF19ZM,madmom,Goto,1.0,25,25
gRacamF19ZM,madmom,P-score,1.0,25,25
gRacamF19ZM,madmom,Correct Metric Level Continuous,1.0,25,25
gRacamF19ZM,madmom,Correct Metric Level Total,1.0,25,25
gRacamF19ZM,madmom,Any Metric Level Continuous,1.0,25,25
gRacamF19ZM,madmom,Any Metric Level Total,1.0,25,25
gRacamF19ZM,madmom,Information gain,0.6206312720031467,25,25
gRacamF19ZM,beat_this,F-measure,1.0,25,25
gRacamF19ZM,beat_this,Cemgil,0.9051869220288318,25,25
gRacamF19ZM,beat_this,Cemgil Best Metric Level,0.9051869220288318,25,25
gRacamF19ZM,beat_this,Goto,1.0,25,25
gRacamF19ZM,beat_this,P-score,1.0,25,25
gRacamF19ZM,beat_this,Correct Metric Level Continuous,1.0,25,25
gRacamF19ZM,beat_this,Correct Metric Level Total,1.0,25,25
gRacamF19ZM,beat_this,Any Metric Level Continuous,1.0,25,25
gRacamF19ZM,beat_this,Any Metric Level Total,1.0,25,25
gRacamF19ZM,beat_this,Information gain,0.6556469353646984,25,25
ggikYXT_Z9g,madmom,F-measure,1.0,35,35
ggikYXT_Z9g,madmom,Cemgil,0.9001058188072798,35,35
ggikYXT_Z9g,madmom,Cemgil Best Metric Level,0.9001058188072798,35,35
ggikYXT_Z9g,madmom,Goto,1.0,35,35
ggikYXT_Z9g,madmom,P-score,1.0,35,35
ggikYXT_Z9g,madmom,Correct Metric Level Continuous,1.0,35,35
ggikYXT_Z9g,madmom,Correct Metric Level Total,1.0,35,35
ggikYXT_Z9g,madmom,Any Metric Level Continuous,1.0,35,35
ggikYXT_Z9g,madmom,Any Metric Level Total,1.0,35,35
ggikYXT_Z9g,madmom,Information gain,0.4711850405291733,35,35
ggikYXT_Z9g,beat_this,F-measure,0.6792452830188679,35,18
ggikYXT_Z9g,beat_this,Cemgil,0.5912461023842744,35,18
ggikYXT_Z9g,beat_this,Cemgil Best Metric Level,0.8704456507324041,35,18
ggikYXT_Z9g,beat_this,Goto,0.0,35,18
ggikYXT_Z9g,beat_this,P-score,0.5142857142857142,35,18
ggikYXT_Z9g,beat_this,Correct Metric Level Continuous,0.0,35,18
ggikYXT_Z9g,beat_this,Correct Metric Level Total,0.0,35,18
ggikYXT_Z9g,beat_this,Any Metric Level Continuous,1.0,35,18
ggikYXT_Z9g,beat_this,Any Metric Level Total,1.0,35,18
ggikYXT_Z9g,beat_this,Information gain,0.5691556829414656,35,18
ggzR6BQXAk0,madmom,F-measure,0.6792452830188679,35,18
ggzR6BQXAk0,madmom,Cemgil,0.6396182689088982,35,18
ggzR6BQXAk0,madmom,Cemgil Best Metric Level,0.941660229226989,35,18
ggzR6BQXAk0,madmom,Goto,0.0,35,18
ggzR6BQXAk0,madmom,P-score,0.5142857142857142,35,18
ggzR6BQXAk0,madmom,Correct Metric Level Continuous,0.0,35,18
ggzR6BQXAk0,madmom,Correct Metric Level Total,0.0,35,18
ggzR6BQXAk0,madmom,Any Metric Level Continuous,1.0,35,18
ggzR6BQXAk0,madmom,Any Metric Level Total,1.0,35,18
ggzR6BQXAk0,madmom,Information gain,0.7316328670889238,35,18
ggzR6BQXAk0,beat_this,F-measure,0.7719298245614035,35,22
ggzR6BQXAk0,beat_this,Cemgil,0.6438061826948964,35,22
ggzR6BQXAk0,beat_this,Cemgil Best Metric Level,0.7653444949043725,35,22
ggzR6BQXAk0,beat_this,Goto,0.0,35,22
ggzR6BQXAk0,beat_this,P-score,0.6285714285714286,35,22
ggzR6BQXAk0,beat_this,Correct Metric Level Continuous,0.08571428571428572,35,22
ggzR6BQXAk0,beat_this,Correct Metric Level Total,0.2571428571428571,35,22
ggzR6BQXAk0,beat_this,Any Metric Level Continuous,0.4090909090909091,35,22
ggzR6BQXAk0,beat_this,Any Metric Level Total,0.5909090909090909,35,22
ggzR6BQXAk0,beat_this,Information gain,0.5529177662319357,35,22
gktSILI4uGw,madmom,F-measure,1.0,27,27
gktSILI4uGw,madmom,Cemgil,0.9783474413580111,27,27
gktSILI4uGw,madmom,Cemgil Best Metric Level,0.9783474413580111,27,27
gktSILI4uGw,madmom,Goto,1.0,27,27
gktSILI4uGw,madmom,P-score,1.0,27,27
gktSILI4uGw,madmom,Correct Metric Level Continuous,1.0,27,27
gktSILI4uGw,madmom,Correct Metric Level Total,1.0,27,27
gktSILI4uGw,madmom,Any Metric Level Continuous,1.0,27,27
gktSILI4uGw,madmom,Any Metric Level Total,1.0,27,27
gktSILI4uGw,madmom,Information gain,0.8150132637100045,27,27
gktSILI4uGw,beat_this,F-measure,1.0,27,27
gktSILI4uGw,beat_this,Cemgil,0.9505861449322085,27,27
gktSILI4uGw,beat_this,Cemgil Best Metric Level,0.9505861449322085,27,27
gktSILI4uGw,beat_this,Goto,1.0,27,27
gktSILI4uGw,beat_this,P-score,1.0,27,27
gktSILI4uGw,beat_this,Correct Metric Level Continuous,1.0,27,27
gktSILI4uGw,beat_this,Correct Metric Level Total,1.0,27,27
gktSILI4uGw,beat_this,Any Metric Level Continuous,1.0,27,27
gktSILI4uGw,beat_this,Any Metric Level Total,1.0,27,27
gktSILI4uGw,beat_this,Information gain,0.740152363903414,27,27
glaZwDDrTSo,madmom,F-measure,0.22727272727272724,29,15
glaZwDDrTSo,madmom,Cemgil,0.18605578350919608,29,15
glaZwDDrTSo,madmom,Cemgil Best Metric Level,0.24051587033553717,29,15
glaZwDDrTSo,madmom,Goto,0.0,29,15
glaZwDDrTSo,madmom,P-score,0.3103448275862069,29,15
glaZwDDrTSo,madmom,Correct Metric Level Continuous,0.0,29,15
glaZwDDrTSo,madmom,Correct Metric Level Total,0.0,29,15
glaZwDDrTSo,madmom,Any Metric Level Continuous,0.4,29,15
glaZwDDrTSo,madmom,Any Metric Level Total,0.4,29,15
glaZwDDrTSo,madmom,Information gain,0.20594412401713247,29,15
glaZwDDrTSo,beat_this,F-measure,1.0,29,29
glaZwDDrTSo,beat_this,Cemgil,0.7000459861063039,29,29
glaZwDDrTSo,beat_this,Cemgil Best Metric Level,0.7000459861063039,29,29
glaZwDDrTSo,beat_this,Goto,1.0,29,29
glaZwDDrTSo,beat_this,P-score,1.0,29,29
glaZwDDrTSo,beat_this,Correct Metric Level Continuous,1.0,29,29
glaZwDDrTSo,beat_this,Correct Metric Level Total,1.0,29,29
glaZwDDrTSo,beat_this,Any Metric Level Continuous,1.0,29,29
glaZwDDrTSo,beat_this,Any Metric Level Total,1.0,29,29
glaZwDDrTSo,beat_this,Information gain,0.5876087881291191,29,29
grjlXtjRC-U,madmom,F-measure,1.0,36,36
grjlXtjRC-U,madmom,Cemgil,0.9637889182218525,36,36
grjlXtjRC-U,madmom,Cemgil Best Metric Level,0.9637889182218525,36,36
grjlXtjRC-U,madmom,Goto,1.0,36,36
grjlXtjRC-U,madmom,P-score,1.0,36,36
grjlXtjRC-U,madmom,Correct Metric Level Continuous,1.0,36,36
grjlXtjRC-U,madmom,Correct Metric Level Total,1.0,36,36
grjlXtjRC-U,madmom,Any Metric Level Continuous,1.0,36,36
grjlXtjRC-U,madmom,Any Metric Level Total,1.0,36,36
grjlXtjRC-U,madmom,Information gain,0.5962156985418811,36,36
grjlXtjRC-U,beat_this,F-measure,0.6666666666666666,36,18
grjlXtjRC-U,beat_this,Cemgil,0.6401336653767997,36,18
grjlXtjRC-U,beat_this,Cemgil Best Metric Level,0.9602004980651996,36,18
grjlXtjRC-U,beat_this,Goto,0.0,36,18
grjlXtjRC-U,beat_this,P-score,0.5,36,18
grjlXtjRC-U,beat_this,Correct Metric Level Continuous,0.0,36,18
grjlXtjRC-U,beat_this,Correct Metric Level Total,0.0,36,18
grjlXtjRC-U,beat_this,Any Metric Level Continuous,1.0,36,18
grjlXtjRC-U,beat_this,Any Metric Level Total,1.0,36,18
grjlXtjRC-U,beat_this,Information gain,0.6265396459658811,36,18
h7cOOfpdEfk,madmom,F-measure,1.0,33,33
h7cOOfpdEfk,madmom,Cemgil,0.9136693039687716,33,33
h7cOOfpdEfk,madmom,Cemgil Best Metric Level,0.9136693039687716,33,33
h7cOOfpdEfk,madmom,Goto,1.0,33,33
h7cOOfpdEfk,madmom,P-score,1.0,33,33
h7cOOfpdEfk,madmom,Correct Metric Level Continuous,1.0,33,33
h7cOOfpdEfk,madmom,Correct Metric Level Total,1.0,33,33
h7cOOfpdEfk,madmom,Any Metric Level Continuous,1.0,33,33
h7cOOfpdEfk,madmom,Any Metric Level Total,1.0,33,33
h7cOOfpdEfk,madmom,Information gain,0.6976984322505044,33,33
h7cOOfpdEfk,beat_this,F-measure,0.9846153846153847,33,32
h7cOOfpdEfk,beat_this,Cemgil,0.9036698244636621,33,32
h7cOOfpdEfk,beat_this,Cemgil Best Metric Level,0.9036698244636621,33,32
h7cOOfpdEfk,beat_this,Goto,0.0,33,32
h7cOOfpdEfk,beat_this,P-score,0.9696969696969697,33,32
h7cOOfpdEfk,beat_this,Correct Metric Level Continuous,0.9090909090909091,33,32
h7cOOfpdEfk,beat_this,Correct Metric Level Total,0.9393939393939394,33,32
h7cOOfpdEfk,beat_this,Any Metric Level Continuous,0.9090909090909091,33,32
h7cOOfpdEfk,beat_this,Any Metric Level Total,0.9393939393939394,33,32
h7cOOfpdEfk,beat_this,Information gain,0.6317388128639077,33,32
hC0AvnigvJc,madmom,F-measure,0.8405797101449276,36,33
hC0AvnigvJc,madmom,Cemgil,0.6718368732348114,36,33
hC0AvnigvJc,madmom,Cemgil Best Metric Level,0.6718368732348114,36,33
hC0AvnigvJc,madmom,Goto,0.0,36,33
hC0AvnigvJc,madmom,P-score,0.8333333333333334,36,33
hC0AvnigvJc,madmom,Correct Metric Level Continuous,0.6944444444444444,36,33
hC0AvnigvJc,madmom,Correct Metric Level Total,0.6944444444444444,36,33
hC0AvnigvJc,madmom,Any Metric Level Continuous,0.6944444444444444,36,33
hC0AvnigvJc,madmom,Any Metric Level Total,0.6944444444444444,36,33
hC0AvnigvJc,madmom,Information gain,0.3124579361510437,36,33
hC0AvnigvJc,beat_this,F-measure,0.8571428571428571,36,27
hC0AvnigvJc,beat_this,Cemgil,0.7019993942845959,36,27
hC0AvnigvJc,beat_this,Cemgil Best Metric Level,0.7019993942845959,36,27
hC0AvnigvJc,beat_this,Goto,0.0,36,27
hC0AvnigvJc,beat_this,P-score,0.75,36,27
hC0AvnigvJc,beat_this,Correct Metric Level Continuous,0.6666666666666666,36,27
hC0AvnigvJc,beat_this,Correct Metric Level Total,0.6666666666666666,36,27
hC0AvnigvJc,beat_this,Any Metric Level Continuous,0.6666666666666666,36,27
hC0AvnigvJc,beat_this,Any Metric Level Total,0.6666666666666666,36,27
hC0AvnigvJc,beat_this,Information gain,0.34799838533776956,36,27
hV3i-2bykvo,madmom,F-measure,1.0,23,23
hV3i-2bykvo,madmom,Cemgil,0.8045540994949372,23,23
hV3i-2bykvo,madmom,Cemgil Best Metric Level,0.8045540994949372,23,23
hV3i-2bykvo,madmom,Goto,1.0,23,23
hV3i-2bykvo,madmom,P-score,1.0,23,23
hV3i-2bykvo,madmom,Correct Metric Level Continuous,1.0,23,23
hV3i-2bykvo,madmom,Correct Metric Level Total,1.0,23,23
hV3i-2bykvo,madmom,Any Metric Level Continuous,1.0,23,23
hV3i-2bykvo,madmom,Any Metric Level Total,1.0,23,23
hV3i-2bykvo,madmom,Information gain,0.783004755372242,23,23
hV3i-2bykvo,beat_this,F-measure,1.0,23,23
hV3i-2bykvo,beat_this,Cemgil,0.7718801455072805,23,23
hV3i-2bykvo,beat_this,Cemgil Best Metric Level,0.7718801455072805,23,23
hV3i-2bykvo,beat_this,Goto,1.0,23,23
hV3i-2bykvo,beat_this,P-score,1.0,23,23
hV3i-2bykvo,beat_this,Correct Metric Level Continuous,1.0,23,23
hV3i-2bykvo,beat_this,Correct Metric Level Total,1.0,23,23
hV3i-2bykvo,beat_this,Any Metric Level Continuous,1.0,23,23
hV3i-2bykvo,beat_this,Any Metric Level Total,1.0,23,23
hV3i-2bykvo,beat_this,Information gain,0.7907295234956073,23,23
hV_oeKf3dLU,madmom,F-measure,1.0,27,27
hV_oeKf3dLU,madmom,Cemgil,0.8928734060373255,27,27
hV_oeKf3dLU,madmom,Cemgil Best Metric Level,0.8928734060373255,27,27
hV_oeKf3dLU,madmom,Goto,1.0,27,27
hV_oeKf3dLU,madmom,P-score,1.0,27,27
hV_oeKf3dLU,madmom,Correct Metric Level Continuous,1.0,27,27
hV_oeKf3dLU,madmom,Correct Metric Level Total,1.0,27,27
hV_oeKf3dLU,madmom,Any Metric Level Continuous,1.0,27,27
hV_oeKf3dLU,madmom,Any Metric Level Total,1.0,27,27
hV_oeKf3dLU,madmom,Information gain,0.547566545231624,27,27
hV_oeKf3dLU,beat_this,F-measure,1.0,27,27
hV_oeKf3dLU,beat_this,Cemgil,0.910508594942832,27,27
hV_oeKf3dLU,beat_this,Cemgil Best Metric Level,0.910508594942832,27,27
hV_oeKf3dLU,beat_this,Goto,1.0,27,27
hV_oeKf3dLU,beat_this,P-score,1.0,27,27
hV_oeKf3dLU,beat_this,Correct Metric Level Continuous,1.0,27,27
hV_oeKf3dLU,beat_this,Correct Metric Level Total,1.0,27,27
hV_oeKf3dLU,beat_this,Any Metric Level Continuous,1.0,27,27
hV_oeKf3dLU,beat_this,Any Metric Level Total,1.0,27,27
hV_oeKf3dLU,beat_this,Information gain,0.5776280604870191,27,27
hXYT32hIbX4,madmom,F-measure,1.0,26,26
hXYT32hIbX4,madmom,Cemgil,0.9906761622960405,26,26
hXYT32hIbX4,madmom,Cemgil Best Metric Level,0.9906761622960405,26,26
hXYT32hIbX4,madmom,Goto,1.0,26,26
hXYT32hIbX4,madmom,P-score,1.0,26,26
hXYT32hIbX4,madmom,Correct Metric Level Continuous,1.0,26,26
hXYT32hIbX4,madmom,Correct Metric Level Total,1.0,26,26
hXYT32hIbX4,madmom,Any Metric Level Continuous,1.0,26,26
hXYT32hIbX4,madmom,Any Metric Level Total,1.0,26,26
hXYT32hIbX4,madmom,Information gain,0.814978135596074,26,26
hXYT32hIbX4,beat_this,F-measure,1.0,26,26
hXYT32hIbX4,beat_this,Cemgil,0.9852609922023542,26,26
hXYT32hIbX4,beat_this,Cemgil Best Metric Level,0.9852609922023542,26,26
hXYT32hIbX4,beat_this,Goto,1.0,26,26
hXYT32hIbX4,beat_this,P-score,1.0,26,26
hXYT32hIbX4,beat_this,Correct Metric Level Continuous,1.0,26,26
hXYT32hIbX4,beat_this,Correct Metric Level Total,1.0,26,26
hXYT32hIbX4,beat_this,Any Metric Level Continuous,1.0,26,26
hXYT32hIbX4,beat_this,Any Metric Level Total,1.0,26,26
hXYT32hIbX4,beat_this,Information gain,0.8025698607843077,26,26
hnAeK7UyQp0,madmom,F-measure,0.6557377049180327,41,20
hnAeK7UyQp0,madmom,Cemgil,0.5938573095352897,41,20
hnAeK7UyQp0,madmom,Cemgil Best Metric Level,0.9056323970413167,41,20
hnAeK7UyQp0,madmom,Goto,0.0,41,20
hnAeK7UyQp0,madmom,P-score,0.4878048780487805,41,20
hnAeK7UyQp0,madmom,Correct Metric Level Continuous,0.0,41,20
hnAeK7UyQp0,madmom,Correct Metric Level Total,0.0,41,20
hnAeK7UyQp0,madmom,Any Metric Level Continuous,1.0,41,20
hnAeK7UyQp0,madmom,Any Metric Level Total,1.0,41,20
hnAeK7UyQp0,madmom,Information gain,0.6411047274267611,41,20
hnAeK7UyQp0,beat_this,F-measure,0.6557377049180327,41,20
hnAeK7UyQp0,beat_this,Cemgil,0.5648712702072024,41,20
hnAeK7UyQp0,beat_this,Cemgil Best Metric Level,0.8614286870659837,41,20
hnAeK7UyQp0,beat_this,Goto,0.0,41,20
hnAeK7UyQp0,beat_this,P-score,0.4878048780487805,41,20
hnAeK7UyQp0,beat_this,Correct Metric Level Continuous,0.0,41,20
hnAeK7UyQp0,beat_this,Correct Metric Level Total,0.0,41,20
hnAeK7UyQp0,beat_this,Any Metric Level Continuous,1.0,41,20
hnAeK7UyQp0,beat_this,Any Metric Level Total,1.0,41,20
hnAeK7UyQp0,beat_this,Information gain,0.6014564966040697,41,20
i5ubDN3SySI,madmom,F-measure,1.0,18,18
i5ubDN3SySI,madmom,Cemgil,0.6637108231817543,18,18
i5ubDN3SySI,madmom,Cemgil Best Metric Level,0.6637108231817543,18,18
i5ubDN3SySI,madmom,Goto,1.0,18,18
i5ubDN3SySI,madmom,P-score,1.0,18,18
i5ubDN3SySI,madmom,Correct Metric Level Continuous,1.0,18,18
i5ubDN3SySI,madmom,Correct Metric Level Total,1.0,18,18
i5ubDN3SySI,madmom,Any Metric Level Continuous,1.0,18,18
i5ubDN3SySI,madmom,Any Metric Level Total,1.0,18,18
i5ubDN3SySI,madmom,Information gain,0.6785348400800534,18,18
i5ubDN3SySI,beat_this,F-measure,1.0,18,18
i5ubDN3SySI,beat_this,Cemgil,0.6232044702437634,18,18
i5ubDN3SySI,beat_this,Cemgil Best Metric Level,0.6232044702437634,18,18
i5ubDN3SySI,beat_this,Goto,1.0,18,18
i5ubDN3SySI,beat_this,P-score,1.0,18,18
i5ubDN3SySI,beat_this,Correct Metric Level Continuous,1.0,18,18
i5ubDN3SySI,beat_this,Correct Metric Level Total,1.0,18,18
i5ubDN3SySI,beat_this,Any Metric Level Continuous,1.0,18,18
i5ubDN3SySI,beat_this,Any Metric Level Total,1.0,18,18
i5ubDN3SySI,beat_this,Information gain,0.6738870297850741,18,18
j3Itb7Or3aA,madmom,F-measure,1.0,23,23
j3Itb7Or3aA,madmom,Cemgil,0.9624686574259943,23,23
j3Itb7Or3aA,madmom,Cemgil Best Metric Level,0.9624686574259943,23,23
j3Itb7Or3aA,madmom,Goto,1.0,23,23
j3Itb7Or3aA,madmom,P-score,1.0,23,23
j3Itb7Or3aA,madmom,Correct Metric Level Continuous,1.0,23,23
j3Itb7Or3aA,madmom,Correct Metric Level Total,1.0,23,23
j3Itb7Or3aA,madmom,Any Metric Level Continuous,1.0,23,23
j3Itb7Or3aA,madmom,Any Metric Level Total,1.0,23,23
j3Itb7Or3aA,madmom,Information gain,0.7525390738045034,23,23
j3Itb7Or3aA,beat_this,F-measure,1.0,23,23
j3Itb7Or3aA,beat_this,Cemgil,0.9708876321219687,23,23
j3Itb7Or3aA,beat_this,Cemgil Best Metric Level,0.9708876321219687,23,23
j3Itb7Or3aA,beat_this,Goto,1.0,23,23
j3Itb7Or3aA,beat_this,P-score,1.0,23,23
j3Itb7Or3aA,beat_this,Correct Metric Level Continuous,1.0,23,23
j3Itb7Or3aA,beat_this,Correct Metric Level Total,1.0,23,23
j3Itb7Or3aA,beat_this,Any Metric Level Continuous,1.0,23,23
j3Itb7Or3aA,beat_this,Any Metric Level Total,1.0,23,23
j3Itb7Or3aA,beat_this,Information gain,0.7473755731264928,23,23
jGGQyqohOaw,madmom,F-measure,1.0,19,19
jGGQyqohOaw,madmom,Cemgil,0.8385885606834882,19,19
jGGQyqohOaw,madmom,Cemgil Best Metric Level,0.8385885606834882,19,19
jGGQyqohOaw,madmom,Goto,1.0,19,19
jGGQyqohOaw,madmom,P-score,1.0,19,19
jGGQyqohOaw,madmom,Correct Metric Level Continuous,1.0,19,19
jGGQyqohOaw,madmom,Correct Metric Level Total,1.0,19,19
jGGQyqohOaw,madmom,Any Metric Level Continuous,1.0,19,19
jGGQyqohOaw,madmom,Any Metric Level Total,1.0,19,19
jGGQyqohOaw,madmom,Information gain,0.7062485232603526,19,19
jGGQyqohOaw,beat_this,F-measure,1.0,19,19
jGGQyqohOaw,beat_this,Cemgil,0.7842451064624976,19,19
jGGQyqohOaw,beat_this,Cemgil Best Metric Level,0.7842451064624976,19,19
jGGQyqohOaw,beat_this,Goto,1.0,19,19
jGGQyqohOaw,beat_this,P-score,1.0,19,19
jGGQyqohOaw,beat_this,Correct Metric Level Continuous,1.0,19,19
jGGQyqohOaw,beat_this,Correct Metric Level Total,1.0,19,19
jGGQyqohOaw,beat_this,Any Metric Level Continuous,1.0,19,19
jGGQyqohOaw,beat_this,Any Metric Level Total,1.0,19,19
jGGQyqohOaw,beat_this,Information gain,0.7271443752675094,19,19
jR_j-LPLBvU,madmom,F-measure,1.0,24,24
jR_j-LPLBvU,madmom,Cemgil,0.9500882527299556,24,24
jR_j-LPLBvU,madmom,Cemgil Best Metric Level,0.9500882527299556,24,24
jR_j-LPLBvU,madmom,Goto,1.0,24,24
jR_j-LPLBvU,madmom,P-score,1.0,24,24
jR_j-LPLBvU,madmom,Correct Metric Level Continuous,1.0,24,24
jR_j-LPLBvU,madmom,Correct Metric Level Total,1.0,24,24
jR_j-LPLBvU,madmom,Any Metric Level Continuous,1.0,24,24
jR_j-LPLBvU,madmom,Any Metric Level Total,1.0,24,24
jR_j-LPLBvU,madmom,Information gain,0.8485729818842953,24,24
jR_j-LPLBvU,beat_this,F-measure,1.0,24,24
jR_j-LPLBvU,beat_this,Cemgil,0.8955515392811053,24,24
jR_j-LPLBvU,beat_this,Cemgil Best Metric Level,0.8955515392811053,24,24
jR_j-LPLBvU,beat_this,Goto,1.0,24,24
jR_j-LPLBvU,beat_this,P-score,1.0,24,24
jR_j-LPLBvU,beat_this,Correct Metric Level Continuous,1.0,24,24
jR_j-LPLBvU,beat_this,Correct Metric Level Total,1.0,24,24
jR_j-LPLBvU,beat_this,Any Metric Level Continuous,1.0,24,24
jR_j-LPLBvU,beat_this,Any Metric Level Total,1.0,24,24
jR_j-LPLBvU,beat_this,Information gain,0.7575767926142635,24,24
kAV_6EHIuXU,madmom,F-measure,1.0,24,24
kAV_6EHIuXU,madmom,Cemgil,0.9855995897260993,24,24
kAV_6EHIuXU,madmom,Cemgil Best Metric Level,0.9855995897260993,24,24
kAV_6EHIuXU,madmom,Goto,1.0,24,24
kAV_6EHIuXU,madmom,P-score,1.0,24,24
kAV_6EHIuXU,madmom,Correct Metric Level Continuous,1.0,24,24
kAV_6EHIuXU,madmom,Correct Metric Level Total,1.0,24,24
kAV_6EHIuXU,madmom,Any Metric Level Continuous,1.0,24,24
kAV_6EHIuXU,madmom,Any Metric Level Total,1.0,24,24
kAV_6EHIuXU,madmom,Information gain,0.8057224489700585,24,24
kAV_6EHIuXU,beat_this,F-measure,1.0,24,24
kAV_6EHIuXU,beat_this,Cemgil,0.9678987800618662,24,24
kAV_6EHIuXU,beat_this,Cemgil Best Metric Level,0.9678987800618662,24,24
kAV_6EHIuXU,beat_this,Goto,1.0,24,24
kAV_6EHIuXU,beat_this,P-score,1.0,24,24
kAV_6EHIuXU,beat_this,Correct Metric Level Continuous,1.0,24,24
kAV_6EHIuXU,beat_this,Correct Metric Level Total,1.0,24,24
kAV_6EHIuXU,beat_this,Any Metric Level Continuous,1.0,24,24
kAV_6EHIuXU,beat_this,Any Metric Level Total,1.0,24,24
kAV_6EHIuXU,beat_this,Information gain,0.7162088132460859,24,24
kORjDONhB3E,madmom,F-measure,1.0,37,37
kORjDONhB3E,madmom,Cemgil,0.9586709587220034,37,37
kORjDONhB3E,madmom,Cemgil Best Metric Level,0.9586709587220034,37,37
kORjDONhB3E,madmom,Goto,1.0,37,37
kORjDONhB3E,madmom,P-score,1.0,37,37
kORjDONhB3E,madmom,Correct Metric Level Continuous,1.0,37,37
kORjDONhB3E,madmom,Correct Metric Level Total,1.0,37,37
kORjDONhB3E,madmom,Any Metric Level Continuous,1.0,37,37
kORjDONhB3E,madmom,Any Metric Level Total,1.0,37,37
kORjDONhB3E,madmom,Information gain,0.6621991471286864,37,37
kORjDONhB3E,beat_this,F-measure,0.6785714285714285,37,19
kORjDONhB3E,beat_this,Cemgil,0.6606855721609656,37,19
kORjDONhB3E,beat_this,Cemgil Best Metric Level,0.9736418958161598,37,19
kORjDONhB3E,beat_this,Goto,0.0,37,19
kORjDONhB3E,beat_this,P-score,0.5135135135135135,37,19
kORjDONhB3E,beat_this,Correct Metric Level Continuous,0.0,37,19
kORjDONhB3E,beat_this,Correct Metric Level Total,0.0,37,19
kORjDONhB3E,beat_this,Any Metric Level Continuous,1.0,37,19
kORjDONhB3E,beat_this,Any Metric Level Total,1.0,37,19
kORjDONhB3E,beat_this,Information gain,0.6174735128258217,37,19
k_M2pPYYYH0,madmom,F-measure,1.0,25,25
k_M2pPYYYH0,madmom,Cemgil,0.9392734498711279,25,25
k_M2pPYYYH0,madmom,Cemgil Best Metric Level,0.9392734498711279,25,25
k_M2pPYYYH0,madmom,Goto,1.0,25,25
k_M2pPYYYH0,madmom,P-score,1.0,25,25
k_M2pPYYYH0,madmom,Correct Metric Level Continuous,1.0,25,25
k_M2pPYYYH0,madmom,Correct Metric Level Total,1.0,25,25
k_M2pPYYYH0,madmom,Any Metric Level Continuous,1.0,25,25
k_M2pPYYYH0,madmom,Any Metric Level Total,1.0,25,25
k_M2pPYYYH0,madmom,Information gain,0.7682691296946613,25,25
k_M2pPYYYH0,beat_this,F-measure,1.0,25,25
k_M2pPYYYH0,beat_this,Cemgil,0.9357453150957983,25,25
k_M2pPYYYH0,beat_this,Cemgil Best Metric Level,0.9357453150957983,25,25
k_M2pPYYYH0,beat_this,Goto,1.0,25,25
k_M2pPYYYH0,beat_this,P-score,1.0,25,25
k_M2pPYYYH0,beat_this,Correct Metric Level Continuous,1.0,25,25
k_M2pPYYYH0,beat_this,Correct Metric Level Total,1.0,25,25
k_M2pPYYYH0,beat_this,Any Metric Level Continuous,1.0,25,25
k_M2pPYYYH0,beat_this,Any Metric Level Total,1.0,25,25
k_M2pPYYYH0,beat_this,Information gain,0.6689592267818486,25,25
lNR4TrmRIcY,madmom,F-measure,1.0,32,32
lNR4TrmRIcY,madmom,Cemgil,0.9787326693941163,32,32
lNR4TrmRIcY,madmom,Cemgil Best Metric Level,0.9787326693941163,32,32
lNR4TrmRIcY,madmom,Goto,1.0,32,32
lNR4TrmRIcY,madmom,P-score,1.0,32,32
lNR4TrmRIcY,madmom,Correct Metric Level Continuous,1.0,32,32
lNR4TrmRIcY,madmom,Correct Metric Level Total,1.0,32,32
lNR4TrmRIcY,madmom,Any Metric Level Continuous,1.0,32,32
lNR4TrmRIcY,madmom,Any Metric Level Total,1.0,32,32
lNR4TrmRIcY,madmom,Information gain,0.7297237404286285,32,32
lNR4TrmRIcY,beat_this,F-measure,1.0,32,32
lNR4TrmRIcY,beat_this,Cemgil,0.9744276439797344,32,32
lNR4TrmRIcY,beat_this,Cemgil Best Metric Level,0.9744276439797344,32,32
lNR4TrmRIcY,beat_this,Goto,1.0,32,32
lNR4TrmRIcY,beat_this,P-score,1.0,32,32
lNR4TrmRIcY,beat_this,Correct Metric Level Continuous,1.0,32,32
lNR4TrmRIcY,beat_this,Correct Metric Level Total,1.0,32,32
lNR4TrmRIcY,beat_this,Any Metric Level Continuous,1.0,32,32
lNR4TrmRIcY,beat_this,Any Metric Level Total,1.0,32,32
lNR4TrmRIcY,beat_this,Information gain,0.6839213403922478,32,32
lUnynBPGc-Q,madmom,F-measure,1.0,35,35
lUnynBPGc-Q,madmom,Cemgil,0.9671023088915589,35,35
lUnynBPGc-Q,madmom,Cemgil Best Metric Level,0.9671023088915589,35,35
lUnynBPGc-Q,madmom,Goto,1.0,35,35
lUnynBPGc-Q,madmom,P-score,1.0,35,35
lUnynBPGc-Q,madmom,Correct Metric Level Continuous,1.0,35,35
lUnynBPGc-Q,madmom,Correct Metric Level Total,1.0,35,35
lUnynBPGc-Q,madmom,Any Metric Level Continuous,1.0,35,35
lUnynBPGc-Q,madmom,Any Metric Level Total,1.0,35,35
lUnynBPGc-Q,madmom,Information gain,0.7543283162259948,35,35
lUnynBPGc-Q,beat_this,F-measure,0.6792452830188679,35,18
lUnynBPGc-Q,beat_this,Cemgil,0.5802699329416058,35,18
lUnynBPGc-Q,beat_this,Cemgil Best Metric Level,0.8542862901640307,35,18
lUnynBPGc-Q,beat_this,Goto,0.0,35,18
lUnynBPGc-Q,beat_this,P-score,0.5142857142857142,35,18
lUnynBPGc-Q,beat_this,Correct Metric Level Continuous,0.0,35,18
lUnynBPGc-Q,beat_this,Correct Metric Level Total,0.0,35,18
lUnynBPGc-Q,beat_this,Any Metric Level Continuous,1.0,35,18
lUnynBPGc-Q,beat_this,Any Metric Level Total,1.0,35,18
lUnynBPGc-Q,beat_this,Information gain,0.6618434649872248,35,18
lakJiuCazfk,madmom,F-measure,0.1935483870967742,13,18
lakJiuCazfk,madmom,Cemgil,0.18365052104306542,13,18
lakJiuCazfk,madmom,Cemgil Best Metric Level,0.2201963144690525,13,18
lakJiuCazfk,madmom,Goto,0.0,13,18
lakJiuCazfk,madmom,P-score,0.4444444444444444,13,18
lakJiuCazfk,madmom,Correct Metric Level Continuous,0.0,13,18
lakJiuCazfk,madmom,Correct Metric Level Total,0.0,13,18
lakJiuCazfk,madmom,Any Metric Level Continuous,0.0,13,18
lakJiuCazfk,madmom,Any Metric Level Total,0.0,13,18
lakJiuCazfk,madmom,Information gain,0.28389091420821916,13,18
le6FHCO1sd8,madmom,F-measure,0.6666666666666666,25,50
le6FHCO1sd8,madmom,Cemgil,0.6543704350929732,25,50
le6FHCO1sd8,madmom,Cemgil Best Metric Level,0.9744570429442929,25,50
le6FHCO1sd8,madmom,Goto,0.0,25,50
le6FHCO1sd8,madmom,P-score,0.5,25,50
le6FHCO1sd8,madmom,Correct Metric Level Continuous,0.0,25,50
le6FHCO1sd8,madmom,Correct Metric Level Total,0.0,25,50
le6FHCO1sd8,madmom,Any Metric Level Continuous,0.98,25,50
le6FHCO1sd8,madmom,Any Metric Level Total,0.98,25,50
le6FHCO1sd8,madmom,Information gain,0.5899697486755721,25,50
le6FHCO1sd8,beat_this,F-measure,0.0,25,25
le6FHCO1sd8,beat_this,Cemgil,7.299896588355215e-12,25,25
le6FHCO1sd8,beat_this,Cemgil Best Metric Level,0.9491509001576054,25,25
le6FHCO1sd8,beat_this,Goto,0.0,25,25
le6FHCO1sd8,beat_this,P-score,0.0,25,25
le6FHCO1sd8,beat_this,Correct Metric Level Continuous,0.0,25,25
le6FHCO1sd8,beat_this,Correct Metric Level Total,0.0,25,25
le6FHCO1sd8,beat_this,Any Metric Level Continuous,0.96,25,25
le6FHCO1sd8,beat_this,Any Metric Level Total,0.96,25,25
le6FHCO1sd8,beat_this,Information gain,0.7171588419252007,25,25
lsFMXK1YPG8,madmom,F-measure,1.0,24,24
lsFMXK1YPG8,madmom,Cemgil,0.960865755612483,24,24
lsFMXK1YPG8,madmom,Cemgil Best Metric Level,0.960865755612483,24,24
lsFMXK1YPG8,madmom,Goto,1.0,24,24
lsFMXK1YPG8,madmom,P-score,1.0,24,24
lsFMXK1YPG8,madmom,Correct Metric Level Continuous,1.0,24,24
lsFMXK1YPG8,madmom,Correct Metric Level Total,1.0,24,24
lsFMXK1YPG8,madmom,Any Metric Level Continuous,1.0,24,24
lsFMXK1YPG8,madmom,Any Metric Level Total,1.0,24,24
lsFMXK1YPG8,madmom,Information gain,0.7766851453498954,24,24
lsFMXK1YPG8,beat_this,F-measure,1.0,24,24
lsFMXK1YPG8,beat_this,Cemgil,0.9092477255283793,24,24
lsFMXK1YPG8,beat_this,Cemgil Best Metric Level,0.9092477255283793,24,24
lsFMXK1YPG8,beat_this,Goto,1.0,24,24
lsFMXK1YPG8,beat_this,P-score,1.0,24,24
lsFMXK1YPG8,beat_this,Correct Metric Level Continuous,1.0,24,24
lsFMXK1YPG8,beat_this,Correct Metric Level Total,1.0,24,24
lsFMXK1YPG8,beat_this,Any Metric Level Continuous,1.0,24,24
lsFMXK1YPG8,beat_this,Any Metric Level Total,1.0,24,24
lsFMXK1YPG8,beat_this,Information gain,0.7292453704236797,24,24
mEfvYXGi9Qw,madmom,F-measure,1.0,24,24
mEfvYXGi9Qw,madmom,Cemgil,0.9414680207589003,24,24
mEfvYXGi9Qw,madmom,Cemgil Best Metric Level,0.9414680207589003,24,24
mEfvYXGi9Qw,madmom,Goto,1.0,24,24
mEfvYXGi9Qw,madmom,P-score,1.0,24,24
mEfvYXGi9Qw,madmom,Correct Metric Level Continuous,1.0,24,24
mEfvYXGi9Qw,madmom,Correct Metric Level Total,1.0,24,24
mEfvYXGi9Qw,madmom,Any Metric Level Continuous,1.0,24,24
mEfvYXGi9Qw,madmom,Any Metric Level Total,1.0,24,24
mEfvYXGi9Qw,madmom,Information gain,0.6611570011568254,24,24
mEfvYXGi9Qw,beat_this,F-measure,1.0,24,24
mEfvYXGi9Qw,beat_this,Cemgil,0.920488238950421,24,24
mEfvYXGi9Qw,beat_this,Cemgil Best Metric Level,0.920488238950421,24,24
mEfvYXGi9Qw,beat_this,Goto,1.0,24,24
mEfvYXGi9Qw,beat_this,P-score,1.0,24,24
mEfvYXGi9Qw,beat_this,Correct Metric Level Continuous,1.0,24,24
mEfvYXGi9Qw,beat_this,Correct Metric Level Total,1.0,24,24
mEfvYXGi9Qw,beat_this,Any Metric Level Continuous,1.0,24,24
mEfvYXGi9Qw,beat_this,Any Metric Level Total,1.0,24,24
mEfvYXGi9Qw,beat_this,Information gain,0.668264053594456,24,24
mMPxaBYL3hY,madmom,F-measure,1.0,27,27
mMPxaBYL3hY,madmom,Cemgil,0.9778167514471533,27,27
mMPxaBYL3hY,madmom,Cemgil Best Metric Level,0.9778167514471533,27,27
mMPxaBYL3hY,madmom,Goto,1.0,27,27
mMPxaBYL3hY,madmom,P-score,1.0,27,27
mMPxaBYL3hY,madmom,Correct Metric Level Continuous,1.0,27,27
mMPxaBYL3hY,madmom,Correct Metric Level Total,1.0,27,27
mMPxaBYL3hY,madmom,Any Metric Level Continuous,1.0,27,27
mMPxaBYL3hY,madmom,Any Metric Level Total,1.0,27,27
mMPxaBYL3hY,madmom,Information gain,0.758620740227482,27,27
mMPxaBYL3hY,beat_this,F-measure,1.0,27,27
mMPxaBYL3hY,beat_this,Cemgil,0.9611373963922895,27,27
mMPxaBYL3hY,beat_this,Cemgil Best Metric Level,0.9611373963922895,27,27
mMPxaBYL3hY,beat_this,Goto,1.0,27,27
mMPxaBYL3hY,beat_this,P-score,1.0,27,27
mMPxaBYL3hY,beat_this,Correct Metric Level Continuous,1.0,27,27
mMPxaBYL3hY,beat_this,Correct Metric Level Total,1.0,27,27
mMPxaBYL3hY,beat_this,Any Metric Level Continuous,1.0,27,27
mMPxaBYL3hY,beat_this,Any Metric Level Total,1.0,27,27
mMPxaBYL3hY,beat_this,Information gain,0.6762404179813223,27,27
mUSsyCtoC60,madmom,F-measure,1.0,24,24
mUSsyCtoC60,madmom,Cemgil,0.9688427209313226,24,24
mUSsyCtoC60,madmom,Cemgil Best Metric Level,0.9688427209313226,24,24
mUSsyCtoC60,madmom,Goto,1.0,24,24
mUSsyCtoC60,madmom,P-score,1.0,24,24
mUSsyCtoC60,madmom,Correct Metric Level Continuous,1.0,24,24
mUSsyCtoC60,madmom,Correct Metric Level Total,1.0,24,24
mUSsyCtoC60,madmom,Any Metric Level Continuous,1.0,24,24
mUSsyCtoC60,madmom,Any Metric Level Total,1.0,24,24
mUSsyCtoC60,madmom,Information gain,0.7746137137635679,24,24
mUSsyCtoC60,beat_this,F-measure,1.0,24,24
mUSsyCtoC60,beat_this,Cemgil,0.9668701452370779,24,24
mUSsyCtoC60,beat_this,Cemgil Best Metric Level,0.9668701452370779,24,24
mUSsyCtoC60,beat_this,Goto,1.0,24,24
mUSsyCtoC60,beat_this,P-score,1.0,24,24
mUSsyCtoC60,beat_this,Correct Metric Level Continuous,1.0,24,24
mUSsyCtoC60,beat_this,Correct Metric Level Total,1.0,24,24
mUSsyCtoC60,beat_this,Any Metric Level Continuous,1.0,24,24
mUSsyCtoC60,beat_this,Any Metric Level Total,1.0,24,24
mUSsyCtoC60,beat_this,Information gain,0.7376340797032043,24,24
n0x7jpD7upQ,madmom,F-measure,1.0,22,22
n0x7jpD7upQ,madmom,Cemgil,0.9686553429827423,22,22
n0x7jpD7upQ,madmom,Cemgil Best Metric Level,0.9686553429827423,22,22
n0x7jpD7upQ,madmom,Goto,1.0,22,22
n0x7jpD7upQ,madmom,P-score,1.0,22,22
n0x7jpD7upQ,madmom,Correct Metric Level Continuous,1.0,22,22
n0x7jpD7upQ,madmom,Correct Metric Level Total,1.0,22,22
n0x7jpD7upQ,madmom,Any Metric Level Continuous,1.0,22,22
n0x7jpD7upQ,madmom,Any Metric Level Total,1.0,22,22
n0x7jpD7upQ,madmom,Information gain,0.8133475887610566,22,22
n0x7jpD7upQ,beat_this,F-measure,1.0,22,22
n0x7jpD7upQ,beat_this,Cemgil,0.9040136711631213,22,22
n0x7jpD7upQ,beat_this,Cemgil Best Metric Level,0.9040136711631213,22,22
n0x7jpD7upQ,beat_this,Goto,1.0,22,22
n0x7jpD7upQ,beat_this,P-score,1.0,22,22
n0x7jpD7upQ,beat_this,Correct Metric Level Continuous,1.0,22,22
n0x7jpD7upQ,beat_this,Correct Metric Level Total,1.0,22,22
n0x7jpD7upQ,beat_this,Any Metric Level Continuous,1.0,22,22
n0x7jpD7upQ,beat_this,Any Metric Level Total,1.0,22,22
n0x7jpD7upQ,beat_this,Information gain,0.7587093482917436,22,22
oCOWsvnWJuA,madmom,F-measure,1.0,25,25
oCOWsvnWJuA,madmom,Cemgil,0.9864077000629748,25,25
oCOWsvnWJuA,madmom,Cemgil Best Metric Level,0.9864077000629748,25,25
oCOWsvnWJuA,madmom,Goto,1.0,25,25
oCOWsvnWJuA,madmom,P-score,1.0,25,25
oCOWsvnWJuA,madmom,Correct Metric Level Continuous,1.0,25,25
oCOWsvnWJuA,madmom,Correct Metric Level Total,1.0,25,25
oCOWsvnWJuA,madmom,Any Metric Level Continuous,1.0,25,25
oCOWsvnWJuA,madmom,Any Metric Level Total,1.0,25,25
oCOWsvnWJuA,madmom,Information gain,0.8573762692559252,25,25
oCOWsvnWJuA,beat_this,F-measure,1.0,25,25
oCOWsvnWJuA,beat_this,Cemgil,0.9853281851392026,25,25
oCOWsvnWJuA,beat_this,Cemgil Best Metric Level,0.9853281851392026,25,25
oCOWsvnWJuA,beat_this,Goto,1.0,25,25
oCOWsvnWJuA,beat_this,P-score,1.0,25,25
oCOWsvnWJuA,beat_this,Correct Metric Level Continuous,1.0,25,25
oCOWsvnWJuA,beat_this,Correct Metric Level Total,1.0,25,25
oCOWsvnWJuA,beat_this,Any Metric Level Continuous,1.0,25,25
oCOWsvnWJuA,beat_this,Any Metric Level Total,1.0,25,25
oCOWsvnWJuA,beat_this,Information gain,0.8068072361234493,25,25
ojRj2JK5oCI,madmom,F-measure,0.3333333333333333,18,18
ojRj2JK5oCI,madmom,Cemgil,0.14133031611855518,18,18
ojRj2JK5oCI,madmom,Cemgil Best Metric Level,0.17933072668886924,18,18
ojRj2JK5oCI,madmom,Goto,0.0,18,18
ojRj2JK5oCI,madmom,P-score,0.6111111111111112,18,18
ojRj2JK5oCI,madmom,Correct Metric Level Continuous,0.5555555555555556,18,18
ojRj2JK5oCI,madmom,Correct Metric Level Total,0.5555555555555556,18,18
ojRj2JK5oCI,madmom,Any Metric Level Continuous,0.5555555555555556,18,18
ojRj2JK5oCI,madmom,Any Metric Level Total,0.5555555555555556,18,18
ojRj2JK5oCI,madmom,Information gain,0.4318094504496737,18,18
ojRj2JK5oCI,beat_this,F-measure,0.21621621621621623,18,19
ojRj2JK5oCI,beat_this,Cemgil,0.141346961794732,18,19
ojRj2JK5oCI,beat_this,Cemgil Best Metric Level,0.19437483117635374,18,19
ojRj2JK5oCI,beat_this,Goto,0.0,18,19
ojRj2JK5oCI,beat_this,P-score,0.5789473684210527,18,19
ojRj2JK5oCI,beat_this,Correct Metric Level Continuous,0.3684210526315789,18,19
ojRj2JK5oCI,beat_this,Correct Metric Level Total,0.47368421052631576,18,19
ojRj2JK5oCI,beat_this,Any Metric Level Continuous,0.3684210526315789,18,19
ojRj2JK5oCI,beat_this,Any Metric Level Total,0.47368421052631576,18,19
ojRj2JK5oCI,beat_this,Information gain,0.40359030920428823,18,19
p5wp3UBBt10,madmom,F-measure,1.0,33,33
p5wp3UBBt10,madmom,Cemgil,0.9748776751406506,33,33
p5wp3UBBt10,madmom,Cemgil Best Metric Level,0.9748776751406506,33,33
p5wp3UBBt10,madmom,Goto,1.0,33,33
p5wp3UBBt10,madmom,P-score,1.0,33,33
p5wp3UBBt10,madmom,Correct Metric Level Continuous,1.0,33,33
p5wp3UBBt10,madmom,Correct Metric Level Total,1.0,33,33
p5wp3UBBt10,madmom,Any Metric Level Continuous,1.0,33,33
p5wp3UBBt10,madmom,Any Metric Level Total,1.0,33,33
p5wp3UBBt10,madmom,Information gain,0.7870541076657581,33,33
p5wp3UBBt10,beat_this,F-measure,1.0,33,33
p5wp3UBBt10,beat_this,Cemgil,0.9580013494377857,33,33
p5wp3UBBt10,beat_this,Cemgil Best Metric Level,0.9580013494377857,33,33
p5wp3UBBt10,beat_this,Goto,1.0,33,33
p5wp3UBBt10,beat_this,P-score,1.0,33,33
p5wp3UBBt10,beat_this,Correct Metric Level Continuous,1.0,33,33
p5wp3UBBt10,beat_this,Correct Metric Level Total,1.0,33,33
p5wp3UBBt10,beat_this,Any Metric Level Continuous,1.0,33,33
p5wp3UBBt10,beat_this,Any Metric Level Total,1.0,33,33
p5wp3UBBt10,beat_this,Information gain,0.7030911143332624,33,33
p9OZAZrw-9o,madmom,F-measure,1.0,40,40
p9OZAZrw-9o,madmom,Cemgil,0.7415558413239128,40,40
p9OZAZrw-9o,madmom,Cemgil Best Metric Level,0.7415558413239128,40,40
p9OZAZrw-9o,madmom,Goto,1.0,40,40
p9OZAZrw-9o,madmom,P-score,1.0,40,40
p9OZAZrw-9o,madmom,Correct Metric Level Continuous,1.0,40,40
p9OZAZrw-9o,madmom,Correct Metric Level Total,1.0,40,40
p9OZAZrw-9o,madmom,Any Metric Level Continuous,1.0,40,40
p9OZAZrw-9o,madmom,Any Metric Level Total,1.0,40,40
p9OZAZrw-9o,madmom,Information gain,0.616172876673461,40,40
p9OZAZrw-9o,beat_this,F-measure,0.6666666666666666,40,20
p9OZAZrw-9o,beat_this,Cemgil,0.47705361087304243,40,20
p9OZAZrw-9o,beat_this,Cemgil Best Metric Level,0.7155804163095631,40,20
p9OZAZrw-9o,beat_this,Goto,0.0,40,20
p9OZAZrw-9o,beat_this,P-score,0.5,40,20
p9OZAZrw-9o,beat_this,Correct Metric Level Continuous,0.0,40,20
p9OZAZrw-9o,beat_this,Correct Metric Level Total,0.0,40,20
p9OZAZrw-9o,beat_this,Any Metric Level Continuous,1.0,40,20
p9OZAZrw-9o,beat_this,Any Metric Level Total,1.0,40,20
p9OZAZrw-9o,beat_this,Information gain,0.5146612563666069,40,20
pOEzjT-SED0,madmom,F-measure,1.0,21,21
pOEzjT-SED0,madmom,Cemgil,0.9425746716522185,21,21
pOEzjT-SED0,madmom,Cemgil Best Metric Level,0.9425746716522185,21,21
pOEzjT-SED0,madmom,Goto,1.0,21,21
pOEzjT-SED0,madmom,P-score,1.0,21,21
pOEzjT-SED0,madmom,Correct Metric Level Continuous,1.0,21,21
pOEzjT-SED0,madmom,Correct Metric Level Total,1.0,21,21
pOEzjT-SED0,madmom,Any Metric Level Continuous,1.0,21,21
pOEzjT-SED0,madmom,Any Metric Level Total,1.0,21,21
pOEzjT-SED0,madmom,Information gain,0.7549731011518283,21,21
pOEzjT-SED0,beat_this,F-measure,1.0,21,21
pOEzjT-SED0,beat_this,Cemgil,0.9717011628595797,21,21
pOEzjT-SED0,beat_this,Cemgil Best Metric Level,0.9717011628595797,21,21
pOEzjT-SED0,beat_this,Goto,1.0,21,21
pOEzjT-SED0,beat_this,P-score,1.0,21,21
pOEzjT-SED0,beat_this,Correct Metric Level Continuous,1.0,21,21
pOEzjT-SED0,beat_this,Correct Metric Level Total,1.0,21,21
pOEzjT-SED0,beat_this,Any Metric Level Continuous,1.0,21,21
pOEzjT-SED0,beat_this,Any Metric Level Total,1.0,21,21
pOEzjT-SED0,beat_this,Information gain,0.7499484348869122,21,21
pPAAFMtDUzo,madmom,F-measure,1.0,18,18
pPAAFMtDUzo,madmom,Cemgil,0.8673482619475303,18,18
pPAAFMtDUzo,madmom,Cemgil Best Metric Level,0.8673482619475303,18,18
pPAAFMtDUzo,madmom,Goto,1.0,18,18
pPAAFMtDUzo,madmom,P-score,1.0,18,18
pPAAFMtDUzo,madmom,Correct Metric Level Continuous,1.0,18,18
pPAAFMtDUzo,madmom,Correct Metric Level Total,1.0,18,18
pPAAFMtDUzo,madmom,Any Metric Level Continuous,1.0,18,18
pPAAFMtDUzo,madmom,Any Metric Level Total,1.0,18,18
pPAAFMtDUzo,madmom,Information gain,0.6662252068052767,18,18
pPAAFMtDUzo,beat_this,F-measure,1.0,18,18
pPAAFMtDUzo,beat_this,Cemgil,0.8900246589778781,18,18
pPAAFMtDUzo,beat_this,Cemgil Best Metric Level,0.8900246589778781,18,18
pPAAFMtDUzo,beat_this,Goto,1.0,18,18
pPAAFMtDUzo,beat_this,P-score,1.0,18,18
pPAAFMtDUzo,beat_this,Correct Metric Level Continuous,1.0,18,18
pPAAFMtDUzo,beat_this,Correct Metric Level Total,1.0,18,18
pPAAFMtDUzo,beat_this,Any Metric Level Continuous,1.0,18,18
pPAAFMtDUzo,beat_this,Any Metric Level Total,1.0,18,18
pPAAFMtDUzo,beat_this,Information gain,0.735836637925835,18,18
pTK9FnAzgwI,madmom,F-measure,0.12121212121212122,16,17
pTK9FnAzgwI,madmom,Cemgil,0.07394505399661816,16,17
pTK9FnAzgwI,madmom,Cemgil Best Metric Level,0.0750669263791194,16,17
pTK9FnAzgwI,madmom,Goto,0.0,16,17
pTK9FnAzgwI,madmom,P-score,0.6470588235294118,16,17
pTK9FnAzgwI,madmom,Correct Metric Level Continuous,0.17647058823529413,16,17
pTK9FnAzgwI,madmom,Correct Metric Level Total,0.4117647058823529,16,17
pTK9FnAzgwI,madmom,Any Metric Level Continuous,0.17647058823529413,16,17
pTK9FnAzgwI,madmom,Any Metric Level Total,0.4117647058823529,16,17
pTK9FnAzgwI,madmom,Information gain,0.5128651735383413,16,17
pTK9FnAzgwI,beat_this,F-measure,0.36734693877551017,16,33
pTK9FnAzgwI,beat_this,Cemgil,0.2433487760954637,16,33
pTK9FnAzgwI,beat_this,Cemgil Best Metric Level,0.38979049027045654,16,33
pTK9FnAzgwI,beat_this,Goto,0.0,16,33
pTK9FnAzgwI,beat_this,P-score,0.48484848484848486,16,33
pTK9FnAzgwI,beat_this,Correct Metric Level Continuous,0.0,16,33
pTK9FnAzgwI,beat_this,Correct Metric Level Total,0.0,16,33
pTK9FnAzgwI,beat_this,Any Metric Level Continuous,0.3333333333333333,16,33
pTK9FnAzgwI,beat_this,Any Metric Level Total,0.7272727272727273,16,33
pTK9FnAzgwI,beat_this,Information gain,0.46498233976124204,16,33
q1tC8PSDJe4,madmom,F-measure,1.0,36,36
q1tC8PSDJe4,madmom,Cemgil,0.9660984116882916,36,36
q1tC8PSDJe4,madmom,Cemgil Best Metric Level,0.9660984116882916,36,36
q1tC8PSDJe4,madmom,Goto,1.0,36,36
q1tC8PSDJe4,madmom,P-score,1.0,36,36
q1tC8PSDJe4,madmom,Correct Metric Level Continuous,1.0,36,36
q1tC8PSDJe4,madmom,Correct Metric Level Total,1.0,36,36
q1tC8PSDJe4,madmom,Any Metric Level Continuous,1.0,36,36
q1tC8PSDJe4,madmom,Any Metric Level Total,1.0,36,36
q1tC8PSDJe4,madmom,Information gain,0.6175038281633355,36,36
q1tC8PSDJe4,beat_this,F-measure,1.0,36,36
q1tC8PSDJe4,beat_this,Cemgil,0.9449774880435076,36,36
q1tC8PSDJe4,beat_this,Cemgil Best Metric Level,0.9449774880435076,36,36
q1tC8PSDJe4,beat_this,Goto,1.0,36,36
q1tC8PSDJe4,beat_this,P-score,1.0,36,36
q1tC8PSDJe4,beat_this,Correct Metric Level Continuous,1.0,36,36
q1tC8PSDJe4,beat_this,Correct Metric Level Total,1.0,36,36
q1tC8PSDJe4,beat_this,Any Metric Level Continuous,1.0,36,36
q1tC8PSDJe4,beat_this,Any Metric Level Total,1.0,36,36
q1tC8PSDJe4,beat_this,Information gain,0.6170387323262744,36,36
qhg8a5LUk-Y,madmom,F-measure,1.0,32,32
qhg8a5LUk-Y,madmom,Cemgil,0.985753832836614,32,32
qhg8a5LUk-Y,madmom,Cemgil Best Metric Level,0.985753832836614,32,32
qhg8a5LUk-Y,madmom,Goto,1.0,32,32
qhg8a5LUk-Y,madmom,P-score,1.0,32,32
qhg8a5LUk-Y,madmom,Correct Metric Level Continuous,1.0,32,32
qhg8a5LUk-Y,madmom,Correct Metric Level Total,1.0,32,32
qhg8a5LUk-Y,madmom,Any Metric Level Continuous,1.0,32,32
qhg8a5LUk-Y,madmom,Any Metric Level Total,1.0,32,32
qhg8a5LUk-Y,madmom,Information gain,0.7316570335564859,32,32
qhg8a5LUk-Y,beat_this,F-measure,0.6666666666666666,32,16
qhg8a5LUk-Y,beat_this,Cemgil,0.6513931208800466,32,16
qhg8a5LUk-Y,beat_this,Cemgil Best Metric Level,0.9770896813200699,32,16
qhg8a5LUk-Y,beat_this,Goto,0.0,32,16
qhg8a5LUk-Y,beat_this,P-score,0.5,32,16
qhg8a5LUk-Y,beat_this,Correct Metric Level Continuous,0.0,32,16
qhg8a5LUk-Y,beat_this,Correct Metric Level Total,0.0,32,16
qhg8a5LUk-Y,beat_this,Any Metric Level Continuous,1.0,32,16
qhg8a5LUk-Y,beat_this,Any Metric Level Total,1.0,32,16
qhg8a5LUk-Y,beat_this,Information gain,0.6540102313707762,32,16
qtDcpyukzIw,madmom,F-measure,1.0,25,25
qtDcpyukzIw,madmom,Cemgil,0.7877856191174376,25,25
qtDcpyukzIw,madmom,Cemgil Best Metric Level,0.7877856191174376,25,25
qtDcpyukzIw,madmom,Goto,1.0,25,25
qtDcpyukzIw,madmom,P-score,1.0,25,25
qtDcpyukzIw,madmom,Correct Metric Level Continuous,1.0,25,25
qtDcpyukzIw,madmom,Correct Metric Level Total,1.0,25,25
qtDcpyukzIw,madmom,Any Metric Level Continuous,1.0,25,25
qtDcpyukzIw,madmom,Any Metric Level Total,1.0,25,25
qtDcpyukzIw,madmom,Information gain,0.7078627119258034,25,25
qtDcpyukzIw,beat_this,F-measure,1.0,25,25
qtDcpyukzIw,beat_this,Cemgil,0.8303635519734297,25,25
qtDcpyukzIw,beat_this,Cemgil Best Metric Level,0.8303635519734297,25,25
qtDcpyukzIw,beat_this,Goto,1.0,25,25
qtDcpyukzIw,beat_this,P-score,1.0,25,25
qtDcpyukzIw,beat_this,Correct Metric Level Continuous,1.0,25,25
qtDcpyukzIw,beat_this,Correct Metric Level Total,1.0,25,25
qtDcpyukzIw,beat_this,Any Metric Level Continuous,1.0,25,25
qtDcpyukzIw,beat_this,Any Metric Level Total,1.0,25,25
qtDcpyukzIw,beat_this,Information gain,0.6721219300222948,25,25
rPOn6B6zcGU,madmom,F-measure,0.16216216216216214,21,16
rPOn6B6zcGU,madmom,Cemgil,0.10591120588022457,21,16
rPOn6B6zcGU,madmom,Cemgil Best Metric Level,0.16539444034239667,21,16
rPOn6B6zcGU,madmom,Goto,0.0,21,16
rPOn6B6zcGU,madmom,P-score,0.23809523809523808,21,16
rPOn6B6zcGU,madmom,Correct Metric Level Continuous,0.0,21,16
rPOn6B6zcGU,madmom,Correct Metric Level Total,0.0,21,16
rPOn6B6zcGU,madmom,Any Metric Level Continuous,0.0,21,16
rPOn6B6zcGU,madmom,Any Metric Level Total,0.0,21,16
rPOn6B6zcGU,madmom,Information gain,0.29353148150963126,21,16
rgQacXMj7EQ,madmom,F-measure,1.0,31,31
rgQacXMj7EQ,madmom,Cemgil,0.9729102037542429,31,31
rgQacXMj7EQ,madmom,Cemgil Best Metric Level,0.9729102037542429,31,31
rgQacXMj7EQ,madmom,Goto,1.0,31,31
rgQacXMj7EQ,madmom,P-score,1.0,31,31
rgQacXMj7EQ,madmom,Correct Metric Level Continuous,1.0,31,31
rgQacXMj7EQ,madmom,Correct Metric Level Total,1.0,31,31
rgQacXMj7EQ,madmom,Any Metric Level Continuous,1.0,31,31
rgQacXMj7EQ,madmom,Any Metric Level Total,1.0,31,31
rgQacXMj7EQ,madmom,Information gain,0.6841671451855055,31,31
rgQacXMj7EQ,beat_this,F-measure,0.6666666666666666,31,62
rgQacXMj7EQ,beat_this,Cemgil,0.6518608665353481,31,62
rgQacXMj7EQ,beat_this,Cemgil Best Metric Level,0.9621126895189932,31,62
rgQacXMj7EQ,beat_this,Goto,0.0,31,62
rgQacXMj7EQ,beat_this,P-score,0.5,31,62
rgQacXMj7EQ,beat_this,Correct Metric Level Continuous,0.0,31,62
rgQacXMj7EQ,beat_this,Correct Metric Level Total,0.0,31,62
rgQacXMj7EQ,beat_this,Any Metric Level Continuous,0.9838709677419355,31,62
rgQacXMj7EQ,beat_this,Any Metric Level Total,0.9838709677419355,31,62
rgQacXMj7EQ,beat_this,Information gain,0.5304375069981959,31,62
s7VmlXsURZQ,madmom,F-measure,1.0,32,32
s7VmlXsURZQ,madmom,Cemgil,0.980285007015959,32,32
s7VmlXsURZQ,madmom,Cemgil Best Metric Level,0.980285007015959,32,32
s7VmlXsURZQ,madmom,Goto,1.0,32,32
s7VmlXsURZQ,madmom,P-score,1.0,32,32
s7VmlXsURZQ,madmom,Correct Metric Level Continuous,1.0,32,32
s7VmlXsURZQ,madmom,Correct Metric Level Total,1.0,32,32
s7VmlXsURZQ,madmom,Any Metric Level Continuous,1.0,32,32
s7VmlXsURZQ,madmom,Any Metric Level Total,1.0,32,32
s7VmlXsURZQ,madmom,Information gain,0.7829572935207658,32,32
s7VmlXsURZQ,beat_this,F-measure,1.0,32,32
s7VmlXsURZQ,beat_this,Cemgil,0.9306675757188271,32,32
s7VmlXsURZQ,beat_this,Cemgil Best Metric Level,0.9306675757188271,32,32
s7VmlXsURZQ,beat_this,Goto,1.0,32,32
s7VmlXsURZQ,beat_this,P-score,1.0,32,32
s7VmlXsURZQ,beat_this,Correct Metric Level Continuous,1.0,32,32
s7VmlXsURZQ,beat_this,Correct Metric Level Total,1.0,32,32
s7VmlXsURZQ,beat_this,Any Metric Level Continuous,1.0,32,32
s7VmlXsURZQ,beat_this,Any Metric Level Total,1.0,32,32
s7VmlXsURZQ,beat_this,Information gain,0.727210705663303,32,32
sS8jpNdABgw,madmom,F-measure,1.0,18,18
sS8jpNdABgw,madmom,Cemgil,0.8836726015725718,18,18
sS8jpNdABgw,madmom,Cemgil Best Metric Level,0.8836726015725718,18,18
sS8jpNdABgw,madmom,Goto,1.0,18,18
sS8jpNdABgw,madmom,P-score,1.0,18,18
sS8jpNdABgw,madmom,Correct Metric Level Continuous,1.0,18,18
sS8jpNdABgw,madmom,Correct Metric Level Total,1.0,18,18
sS8jpNdABgw,madmom,Any Metric Level Continuous,1.0,18,18
sS8jpNdABgw,madmom,Any Metric Level Total,1.0,18,18
sS8jpNdABgw,madmom,Information gain,0.7485375711199097,18,18
sS8jpNdABgw,beat_this,F-measure,1.0,18,18
sS8jpNdABgw,beat_this,Cemgil,0.8216221107853108,18,18
sS8jpNdABgw,beat_this,Cemgil Best Metric Level,0.8216221107853108,18,18
sS8jpNdABgw,beat_this,Goto,1.0,18,18
sS8jpNdABgw,beat_this,P-score,1.0,18,18
sS8jpNdABgw,beat_this,Correct Metric Level Continuous,1.0,18,18
sS8jpNdABgw,beat_this,Correct Metric Level Total,1.0,18,18
sS8jpNdABgw,beat_this,Any Metric Level Continuous,1.0,18,18
sS8jpNdABgw,beat_this,Any Metric Level Total,1.0,18,18
sS8jpNdABgw,beat_this,Information gain,0.7905547764833877,18,18
tBCoITfR6GQ,madmom,F-measure,1.0,31,31
tBCoITfR6GQ,madmom,Cemgil,0.929919339935911,31,31
tBCoITfR6GQ,madmom,Cemgil Best Metric Level,0.929919339935911,31,31
tBCoITfR6GQ,madmom,Goto,1.0,31,31
tBCoITfR6GQ,madmom,P-score,1.0,31,31
tBCoITfR6GQ,madmom,Correct Metric Level Continuous,1.0,31,31
tBCoITfR6GQ,madmom,Correct Metric Level Total,1.0,31,31
tBCoITfR6GQ,madmom,Any Metric Level Continuous,1.0,31,31
tBCoITfR6GQ,madmom,Any Metric Level Total,1.0,31,31
tBCoITfR6GQ,madmom,Information gain,0.6111225430965351,31,31
tBCoITfR6GQ,beat_this,F-measure,1.0,31,31
tBCoITfR6GQ,beat_this,Cemgil,0.8824629056376985,31,31
tBCoITfR6GQ,beat_this,Cemgil Best Metric Level,0.8824629056376985,31,31
tBCoITfR6GQ,beat_this,Goto,1.0,31,31
tBCoITfR6GQ,beat_this,P-score,1.0,31,31
tBCoITfR6GQ,beat_this,Correct Metric Level Continuous,1.0,31,31
tBCoITfR6GQ,beat_this,Correct Metric Level Total,1.0,31,31
tBCoITfR6GQ,beat_this,Any Metric Level Continuous,1.0,31,31
tBCoITfR6GQ,beat_this,Any Metric Level Total,1.0,31,31
tBCoITfR6GQ,beat_this,Information gain,0.6122029885513561,31,31
tIqmSwfnRSw,madmom,F-measure,1.0,37,37
tIqmSwfnRSw,madmom,Cemgil,0.9632901083681089,37,37
tIqmSwfnRSw,madmom,Cemgil Best Metric Level,0.9632901083681089,37,37
tIqmSwfnRSw,madmom,Goto,1.0,37,37
tIqmSwfnRSw,madmom,P-score,1.0,37,37
tIqmSwfnRSw,madmom,Correct Metric Level Continuous,1.0,37,37
tIqmSwfnRSw,madmom,Correct Metric Level Total,1.0,37,37
tIqmSwfnRSw,madmom,Any Metric Level Continuous,1.0,37,37
tIqmSwfnRSw,madmom,Any Metric Level Total,1.0,37,37
tIqmSwfnRSw,madmom,Information gain,0.606200098896911,37,37
tIqmSwfnRSw,beat_this,F-measure,1.0,37,37
tIqmSwfnRSw,beat_this,Cemgil,0.9680038193074749,37,37
tIqmSwfnRSw,beat_this,Cemgil Best Metric Level,0.9680038193074749,37,37
tIqmSwfnRSw,beat_this,Goto,1.0,37,37
tIqmSwfnRSw,beat_this,P-score,1.0,37,37
tIqmSwfnRSw,beat_this,Correct Metric Level Continuous,1.0,37,37
tIqmSwfnRSw,beat_this,Correct Metric Level Total,1.0,37,37
tIqmSwfnRSw,beat_this,Any Metric Level Continuous,1.0,37,37
tIqmSwfnRSw,beat_this,Any Metric Level Total,1.0,37,37
tIqmSwfnRSw,beat_this,Information gain,0.6264898636113283,37,37
tQbIvj7jM9A,madmom,F-measure,0.8125,16,16
tQbIvj7jM9A,madmom,Cemgil,0.38129139789308153,16,16
tQbIvj7jM9A,madmom,Cemgil Best Metric Level,0.38129139789308153,16,16
tQbIvj7jM9A,madmom,Goto,1.0,16,16
tQbIvj7jM9A,madmom,P-score,1.0,16,16
tQbIvj7jM9A,madmom,Correct Metric Level Continuous,1.0,16,16
tQbIvj7jM9A,madmom,Correct Metric Level Total,1.0,16,16
tQbIvj7jM9A,madmom,Any Metric Level Continuous,1.0,16,16
tQbIvj7jM9A,madmom,Any Metric Level Total,1.0,16,16
tQbIvj7jM9A,madmom,Information gain,0.7216425233481784,16,16
tQbIvj7jM9A,beat_this,F-measure,0.2716049382716049,16,65
tQbIvj7jM9A,beat_this,Cemgil,0.13135676094586815,16,65
tQbIvj7jM9A,beat_this,Cemgil Best Metric Level,0.29424905134788554,16,65
tQbIvj7jM9A,beat_this,Goto,0.0,16,65
tQbIvj7jM9A,beat_this,P-score,0.2923076923076923,16,65
tQbIvj7jM9A,beat_this,Correct Metric Level Continuous,0.0,16,65
tQbIvj7jM9A,beat_this,Correct Metric Level Total,0.0,16,65
tQbIvj7jM9A,beat_this,Any Metric Level Continuous,0.0,16,65
tQbIvj7jM9A,beat_this,Any Metric Level Total,0.0,16,65
tQbIvj7jM9A,beat_this,Information gain,0.20917155056249867,16,65
tuhxZytmhss,madmom,F-measure,0.6538461538461539,35,17
tuhxZytmhss,madmom,Cemgil,0.47535878096850814,35,17
tuhxZytmhss,madmom,Cemgil Best Metric Level,0.727019312069483,35,17
tuhxZytmhss,madmom,Goto,0.0,35,17
tuhxZytmhss,madmom,P-score,0.4857142857142857,35,17
tuhxZytmhss,madmom,Correct Metric Level Continuous,0.0,35,17
tuhxZytmhss,madmom,Correct Metric Level Total,0.0,35,17
tuhxZytmhss,madmom,Any Metric Level Continuous,1.0,35,17
tuhxZytmhss,madmom,Any Metric Level Total,1.0,35,17
tuhxZytmhss,madmom,Information gain,0.5622575858414646,35,17
tuhxZytmhss,beat_this,F-measure,0.6538461538461539,35,17
tuhxZytmhss,beat_this,Cemgil,0.44115025838209776,35,17
tuhxZytmhss,beat_this,Cemgil Best Metric Level,0.6747003951726201,35,17
tuhxZytmhss,beat_this,Goto,0.0,35,17
tuhxZytmhss,beat_this,P-score,0.4857142857142857,35,17
tuhxZytmhss,beat_this,Correct Metric Level Continuous,0.0,35,17
tuhxZytmhss,beat_this,Correct Metric Level Total,0.0,35,17
tuhxZytmhss,beat_this,Any Metric Level Continuous,1.0,35,17
tuhxZytmhss,beat_this,Any Metric Level Total,1.0,35,17
tuhxZytmhss,beat_this,Information gain,0.5227410863664917,35,17
uRleWlf-trQ,madmom,F-measure,1.0,33,33
uRleWlf-trQ,madmom,Cemgil,0.9609750980105971,33,33
uRleWlf-trQ,madmom,Cemgil Best Metric Level,0.9609750980105971,33,33
uRleWlf-trQ,madmom,Goto,1.0,33,33
uRleWlf-trQ,madmom,P-score,1.0,33,33
uRleWlf-trQ,madmom,Correct Metric Level Continuous,1.0,33,33
uRleWlf-trQ,madmom,Correct Metric Level Total,1.0,33,33
uRleWlf-trQ,madmom,Any Metric Level Continuous,1.0,33,33
uRleWlf-trQ,madmom,Any Metric Level Total,1.0,33,33
uRleWlf-trQ,madmom,Information gain,0.6487513954320956,33,33
uRleWlf-trQ,beat_this,F-measure,1.0,33,33
uRleWlf-trQ,beat_this,Cemgil,0.939078245656535,33,33
uRleWlf-trQ,beat_this,Cemgil Best Metric Level,0.939078245656535,33,33
uRleWlf-trQ,beat_this,Goto,1.0,33,33
uRleWlf-trQ,beat_this,P-score,1.0,33,33
uRleWlf-trQ,beat_this,Correct Metric Level Continuous,1.0,33,33
uRleWlf-trQ,beat_this,Correct Metric Level Total,1.0,33,33
uRleWlf-trQ,beat_this,Any Metric Level Continuous,1.0,33,33
uRleWlf-trQ,beat_this,Any Metric Level Total,1.0,33,33
uRleWlf-trQ,beat_this,Information gain,0.6124996453515168,33,33
uZUSXcdYGS4,madmom,F-measure,1.0,26,26
uZUSXcdYGS4,madmom,Cemgil,0.9089119287055106,26,26
uZUSXcdYGS4,madmom,Cemgil Best Metric Level,0.9089119287055106,26,26
uZUSXcdYGS4,madmom,Goto,1.0,26,26
uZUSXcdYGS4,madmom,P-score,1.0,26,26
uZUSXcdYGS4,madmom,Correct Metric Level Continuous,1.0,26,26
uZUSXcdYGS4,madmom,Correct Metric Level Total,1.0,26,26
uZUSXcdYGS4,madmom,Any Metric Level Continuous,1.0,26,26
uZUSXcdYGS4,madmom,Any Metric Level Total,1.0,26,26
uZUSXcdYGS4,madmom,Information gain,0.7997709989005172,26,26
uZUSXcdYGS4,beat_this,F-measure,1.0,26,26
uZUSXcdYGS4,beat_this,Cemgil,0.8942970798172587,26,26
uZUSXcdYGS4,beat_this,Cemgil Best Metric Level,0.8942970798172587,26,26
uZUSXcdYGS4,beat_this,Goto,1.0,26,26
uZUSXcdYGS4,beat_this,P-score,1.0,26,26
uZUSXcdYGS4,beat_this,Correct Metric Level Continuous,1.0,26,26
uZUSXcdYGS4,beat_this,Correct Metric Level Total,1.0,26,26
uZUSXcdYGS4,beat_this,Any Metric Level Continuous,1.0,26,26
uZUSXcdYGS4,beat_this,Any Metric Level Total,1.0,26,26
uZUSXcdYGS4,beat_this,Information gain,0.7273970126553679,26,26
vF1zk38YxKQ,madmom,F-measure,1.0,26,26
vF1zk38YxKQ,madmom,Cemgil,0.9364536982929281,26,26
vF1zk38YxKQ,madmom,Cemgil Best Metric Level,0.9364536982929281,26,26
vF1zk38YxKQ,madmom,Goto,1.0,26,26
vF1zk38YxKQ,madmom,P-score,1.0,26,26
vF1zk38YxKQ,madmom,Correct Metric Level Continuous,1.0,26,26
vF1zk38YxKQ,madmom,Correct Metric Level Total,1.0,26,26
vF1zk38YxKQ,madmom,Any Metric Level Continuous,1.0,26,26
vF1zk38YxKQ,madmom,Any Metric Level Total,1.0,26,26
vF1zk38YxKQ,madmom,Information gain,0.6604446378634908,26,26
vF1zk38YxKQ,beat_this,F-measure,1.0,26,26
vF1zk38YxKQ,beat_this,Cemgil,0.9421724847736536,26,26
vF1zk38YxKQ,beat_this,Cemgil Best Metric Level,0.9421724847736536,26,26
vF1zk38YxKQ,beat_this,Goto,1.0,26,26
vF1zk38YxKQ,beat_this,P-score,1.0,26,26
vF1zk38YxKQ,beat_this,Correct Metric Level Continuous,1.0,26,26
vF1zk38YxKQ,beat_this,Correct Metric Level Total,1.0,26,26
vF1zk38YxKQ,beat_this,Any Metric Level Continuous,1.0,26,26
vF1zk38YxKQ,beat_this,Any Metric Level Total,1.0,26,26
vF1zk38YxKQ,beat_this,Information gain,0.6596982143248479,26,26
wR9XzsRdg1M,madmom,F-measure,1.0,37,37
wR9XzsRdg1M,madmom,Cemgil,0.6682111355172363,37,37
wR9XzsRdg1M,madmom,Cemgil Best Metric Level,0.6682111355172363,37,37
wR9XzsRdg1M,madmom,Goto,1.0,37,37
wR9XzsRdg1M,madmom,P-score,1.0,37,37
wR9XzsRdg1M,madmom,Correct Metric Level Continuous,1.0,37,37
wR9XzsRdg1M,madmom,Correct Metric Level Total,1.0,37,37
wR9XzsRdg1M,madmom,Any Metric Level Continuous,1.0,37,37
wR9XzsRdg1M,madmom,Any Metric Level Total,1.0,37,37
wR9XzsRdg1M,madmom,Information gain,0.7200639669243508,37,37
wR9XzsRdg1M,beat_this,F-measure,0.6545454545454547,37,18
wR9XzsRdg1M,beat_this,Cemgil,0.43458467466479817,37,18
wR9XzsRdg1M,beat_this,Cemgil Best Metric Level,0.6639488085156638,37,18
wR9XzsRdg1M,beat_this,Goto,0.0,37,18
wR9XzsRdg1M,beat_this,P-score,0.4864864864864865,37,18
wR9XzsRdg1M,beat_this,Correct Metric Level Continuous,0.0,37,18
wR9XzsRdg1M,beat_this,Correct Metric Level Total,0.0,37,18
wR9XzsRdg1M,beat_this,Any Metric Level Continuous,1.0,37,18
wR9XzsRdg1M,beat_this,Any Metric Level Total,1.0,37,18
wR9XzsRdg1M,beat_this,Information gain,0.6395751744812657,37,18
wbfPOw65xXw,madmom,F-measure,0.6785714285714285,19,37
wbfPOw65xXw,madmom,Cemgil,0.6562019349870896,19,37
wbfPOw65xXw,madmom,Cemgil Best Metric Level,0.9579758338251035,19,37
wbfPOw65xXw,madmom,Goto,0.0,19,37
wbfPOw65xXw,madmom,P-score,0.5135135135135135,19,37
wbfPOw65xXw,madmom,Correct Metric Level Continuous,0.0,19,37
wbfPOw65xXw,madmom,Correct Metric Level Total,0.0,19,37
wbfPOw65xXw,madmom,Any Metric Level Continuous,1.0,19,37
wbfPOw65xXw,madmom,Any Metric Level Total,1.0,19,37
wbfPOw65xXw,madmom,Information gain,0.6136486694555925,19,37
wbfPOw65xXw,beat_this,F-measure,0.7346938775510204,19,30
wbfPOw65xXw,beat_this,Cemgil,0.6649194468195898,19,30
wbfPOw65xXw,beat_this,Cemgil Best Metric Level,0.6649194468195898,19,30
wbfPOw65xXw,beat_this,Goto,0.0,19,30
wbfPOw65xXw,beat_this,P-score,0.6333333333333333,19,30
wbfPOw65xXw,beat_this,Correct Metric Level Continuous,0.13333333333333333,19,30
wbfPOw65xXw,beat_this,Correct Metric Level Total,0.16666666666666666,19,30
wbfPOw65xXw,beat_this,Any Metric Level Continuous,0.2702702702702703,19,30
wbfPOw65xXw,beat_this,Any Metric Level Total,0.35135135135135137,19,30
wbfPOw65xXw,beat_this,Information gain,0.45461507562246173,19,30
whnKlYxrops,madmom,F-measure,0.6557377049180327,40,21
whnKlYxrops,madmom,Cemgil,0.6422792228481854,40,21
whnKlYxrops,madmom,Cemgil Best Metric Level,0.9555861608229099,40,21
whnKlYxrops,madmom,Goto,0.0,40,21
whnKlYxrops,madmom,P-score,0.5,40,21
whnKlYxrops,madmom,Correct Metric Level Continuous,0.0,40,21
whnKlYxrops,madmom,Correct Metric Level Total,0.0,40,21
whnKlYxrops,madmom,Any Metric Level Continuous,0.9523809523809523,40,21
whnKlYxrops,madmom,Any Metric Level Total,0.9523809523809523,40,21
whnKlYxrops,madmom,Information gain,0.7109057383946095,40,21
whnKlYxrops,beat_this,F-measure,0.6557377049180327,40,21
whnKlYxrops,beat_this,Cemgil,0.6316764891815267,40,21
whnKlYxrops,beat_this,Cemgil Best Metric Level,0.9398113619530032,40,21
whnKlYxrops,beat_this,Goto,0.0,40,21
whnKlYxrops,beat_this,P-score,0.5,40,21
whnKlYxrops,beat_this,Correct Metric Level Continuous,0.0,40,21
whnKlYxrops,beat_this,Correct Metric Level Total,0.0,40,21
whnKlYxrops,beat_this,Any Metric Level Continuous,0.9523809523809523,40,21
whnKlYxrops,beat_this,Any Metric Level Total,0.9523809523809523,40,21
whnKlYxrops,beat_this,Information gain,0.6533209061085004,40,21
wlTbG2KT7Qs,madmom,F-measure,0.0,26,27
wlTbG2KT7Qs,madmom,Cemgil,3.3680214077538487e-10,26,27
wlTbG2KT7Qs,madmom,Cemgil Best Metric Level,0.8747436493014014,26,27
wlTbG2KT7Qs,madmom,Goto,0.0,26,27
wlTbG2KT7Qs,madmom,P-score,0.0,26,27
wlTbG2KT7Qs,madmom,Correct Metric Level Continuous,0.0,26,27
wlTbG2KT7Qs,madmom,Correct Metric Level Total,0.0,26,27
wlTbG2KT7Qs,madmom,Any Metric Level Continuous,0.9259259259259259,26,27
wlTbG2KT7Qs,madmom,Any Metric Level Total,0.9259259259259259,26,27
wlTbG2KT7Qs,madmom,Information gain,0.6111892215331023,26,27
wlTbG2KT7Qs,beat_this,F-measure,0.6582278481012659,26,53
wlTbG2KT7Qs,beat_this,Cemgil,0.5813105829832809,26,53
wlTbG2KT7Qs,beat_this,Cemgil Best Metric Level,0.8722067661846167,26,53
wlTbG2KT7Qs,beat_this,Goto,0.0,26,53
wlTbG2KT7Qs,beat_this,P-score,0.49056603773584906,26,53
wlTbG2KT7Qs,beat_this,Correct Metric Level Continuous,0.0,26,53
wlTbG2KT7Qs,beat_this,Correct Metric Level Total,0.0,26,53
wlTbG2KT7Qs,beat_this,Any Metric Level Continuous,0.9622641509433962,26,53
wlTbG2KT7Qs,beat_this,Any Metric Level Total,0.9622641509433962,26,53
wlTbG2KT7Qs,beat_this,Information gain,0.48491487593619165,26,53
x0tJ_ICD47Y,madmom,F-measure,0.6666666666666666,46,23
x0tJ_ICD47Y,madmom,Cemgil,0.5030401952817638,46,23
x0tJ_ICD47Y,madmom,Cemgil Best Metric Level,0.7545602929189318,46,23
x0tJ_ICD47Y,madmom,Goto,0.0,46,23
x0tJ_ICD47Y,madmom,P-score,0.5,46,23
x0tJ_ICD47Y,madmom,Correct Metric Level Continuous,0.0,46,23
x0tJ_ICD47Y,madmom,Correct Metric Level Total,0.0,46,23
x0tJ_ICD47Y,madmom,Any Metric Level Continuous,1.0,46,23
x0tJ_ICD47Y,madmom,Any Metric Level Total,1.0,46,23
x0tJ_ICD47Y,madmom,Information gain,0.6063046190846786,46,23
x0tJ_ICD47Y,beat_this,F-measure,0.6666666666666666,46,23
x0tJ_ICD47Y,beat_this,Cemgil,0.4279526341734309,46,23
x0tJ_ICD47Y,beat_this,Cemgil Best Metric Level,0.6419289512471255,46,23
x0tJ_ICD47Y,beat_this,Goto,0.0,46,23
x0tJ_ICD47Y,beat_this,P-score,0.5,46,23
x0tJ_ICD47Y,beat_this,Correct Metric Level Continuous,0.0,46,23
x0tJ_ICD47Y,beat_this,Correct Metric Level Total,0.0,46,23
x0tJ_ICD47Y,beat_this,Any Metric Level Continuous,1.0,46,23
x0tJ_ICD47Y,beat_this,Any Metric Level Total,1.0,46,23
x0tJ_ICD47Y,beat_this,Information gain,0.5509086130854817,46,23
x4XOZ4LotYc,madmom,F-measure,1.0,26,26
x4XOZ4LotYc,madmom,Cemgil,0.9298673867114384,26,26
x4XOZ4LotYc,madmom,Cemgil Best Metric Level,0.9298673867114384,26,26
x4XOZ4LotYc,madmom,Goto,1.0,26,26
x4XOZ4LotYc,madmom,P-score,1.0,26,26
x4XOZ4LotYc,madmom,Correct Metric Level Continuous,1.0,26,26
x4XOZ4LotYc,madmom,Correct Metric Level Total,1.0,26,26
x4XOZ4LotYc,madmom,Any Metric Level Continuous,1.0,26,26
x4XOZ4LotYc,madmom,Any Metric Level Total,1.0,26,26
x4XOZ4LotYc,madmom,Information gain,0.814978135596074,26,26
x4XOZ4LotYc,beat_this,F-measure,1.0,26,26
x4XOZ4LotYc,beat_this,Cemgil,0.8978166914587147,26,26
x4XOZ4LotYc,beat_this,Cemgil Best Metric Level,0.8978166914587147,26,26
x4XOZ4LotYc,beat_this,Goto,1.0,26,26
x4XOZ4LotYc,beat_this,P-score,1.0,26,26
x4XOZ4LotYc,beat_this,Correct Metric Level Continuous,1.0,26,26
x4XOZ4LotYc,beat_this,Correct Metric Level Total,1.0,26,26
x4XOZ4LotYc,beat_this,Any Metric Level Continuous,1.0,26,26
x4XOZ4LotYc,beat_this,Any Metric Level Total,1.0,26,26
x4XOZ4LotYc,beat_this,Information gain,0.7687560931681621,26,26
x_rLT6Y93rk,madmom,F-measure,0.8947368421052632,19,19
x_rLT6Y93rk,madmom,Cemgil,0.7642359504153863,19,19
x_rLT6Y93rk,madmom,Cemgil Best Metric Level,0.7642359504153863,19,19
x_rLT6Y93rk,madmom,Goto,1.0,19,19
x_rLT6Y93rk,madmom,P-score,1.0,19,19
x_rLT6Y93rk,madmom,Correct Metric Level Continuous,1.0,19,19
x_rLT6Y93rk,madmom,Correct Metric Level Total,1.0,19,19
x_rLT6Y93rk,madmom,Any Metric Level Continuous,1.0,19,19
x_rLT6Y93rk,madmom,Any Metric Level Total,1.0,19,19
x_rLT6Y93rk,madmom,Information gain,0.6000665315610707,19,19
x_rLT6Y93rk,beat_this,F-measure,0.8947368421052632,19,19
x_rLT6Y93rk,beat_this,Cemgil,0.6551656153994866,19,19
x_rLT6Y93rk,beat_this,Cemgil Best Metric Level,0.6551656153994866,19,19
x_rLT6Y93rk,beat_this,Goto,1.0,19,19
x_rLT6Y93rk,beat_this,P-score,1.0,19,19
x_rLT6Y93rk,beat_this,Correct Metric Level Continuous,1.0,19,19
x_rLT6Y93rk,beat_this,Correct Metric Level Total,1.0,19,19
x_rLT6Y93rk,beat_this,Any Metric Level Continuous,1.0,19,19
x_rLT6Y93rk,beat_this,Any Metric Level Total,1.0,19,19
x_rLT6Y93rk,beat_this,Information gain,0.659393509452841,19,19
xiWtqVtd1Oo,madmom,F-measure,1.0,33,33
xiWtqVtd1Oo,madmom,Cemgil,0.8861859811123927,33,33
xiWtqVtd1Oo,madmom,Cemgil Best Metric Level,0.8861859811123927,33,33
xiWtqVtd1Oo,madmom,Goto,1.0,33,33
xiWtqVtd1Oo,madmom,P-score,1.0,33,33
xiWtqVtd1Oo,madmom,Correct Metric Level Continuous,1.0,33,33
xiWtqVtd1Oo,madmom,Correct Metric Level Total,1.0,33,33
xiWtqVtd1Oo,madmom,Any Metric Level Continuous,1.0,33,33
xiWtqVtd1Oo,madmom,Any Metric Level Total,1.0,33,33
xiWtqVtd1Oo,madmom,Information gain,0.8262598816412162,33,33
xiWtqVtd1Oo,beat_this,F-measure,1.0,33,33
xiWtqVtd1Oo,beat_this,Cemgil,0.833815920691252,33,33
xiWtqVtd1Oo,beat_this,Cemgil Best Metric Level,0.833815920691252,33,33
xiWtqVtd1Oo,beat_this,Goto,1.0,33,33
xiWtqVtd1Oo,beat_this,P-score,1.0,33,33
xiWtqVtd1Oo,beat_this,Correct Metric Level Continuous,1.0,33,33
xiWtqVtd1Oo,beat_this,Correct Metric Level Total,1.0,33,33
xiWtqVtd1Oo,beat_this,Any Metric Level Continuous,1.0,33,33
xiWtqVtd1Oo,beat_this,Any Metric Level Total,1.0,33,33
xiWtqVtd1Oo,beat_this,Information gain,0.7005697266517672,33,33
xz1bDy8Kt38,madmom,F-measure,1.0,32,32
xz1bDy8Kt38,madmom,Cemgil,0.9563546980798892,32,32
xz1bDy8Kt38,madmom,Cemgil Best Metric Level,0.9563546980798892,32,32
xz1bDy8Kt38,madmom,Goto,1.0,32,32
xz1bDy8Kt38,madmom,P-score,1.0,32,32
xz1bDy8Kt38,madmom,Correct Metric Level Continuous,1.0,32,32
xz1bDy8Kt38,madmom,Correct Metric Level Total,1.0,32,32
xz1bDy8Kt38,madmom,Any Metric Level Continuous,1.0,32,32
xz1bDy8Kt38,madmom,Any Metric Level Total,1.0,32,32
xz1bDy8Kt38,madmom,Information gain,0.6853375609531571,32,32
xz1bDy8Kt38,beat_this,F-measure,1.0,32,32
xz1bDy8Kt38,beat_this,Cemgil,0.9530741218493596,32,32
xz1bDy8Kt38,beat_this,Cemgil Best Metric Level,0.9530741218493596,32,32
xz1bDy8Kt38,beat_this,Goto,1.0,32,32
xz1bDy8Kt38,beat_this,P-score,1.0,32,32
xz1bDy8Kt38,beat_this,Correct Metric Level Continuous,1.0,32,32
xz1bDy8Kt38,beat_this,Correct Metric Level Total,1.0,32,32
xz1bDy8Kt38,beat_this,Any Metric Level Continuous,1.0,32,32
xz1bDy8Kt38,beat_this,Any Metric Level Total,1.0,32,32
xz1bDy8Kt38,beat_this,Information gain,0.6082920305311551,32,32
yZfHX-TsaC4,madmom,F-measure,1.0,26,26
yZfHX-TsaC4,madmom,Cemgil,0.8716160590721643,26,26
yZfHX-TsaC4,madmom,Cemgil Best Metric Level,0.8716160590721643,26,26
yZfHX-TsaC4,madmom,Goto,1.0,26,26
yZfHX-TsaC4,madmom,P-score,1.0,26,26
yZfHX-TsaC4,madmom,Correct Metric Level Continuous,1.0,26,26
yZfHX-TsaC4,madmom,Correct Metric Level Total,1.0,26,26
yZfHX-TsaC4,madmom,Any Metric Level Continuous,1.0,26,26
yZfHX-TsaC4,madmom,Any Metric Level Total,1.0,26,26
yZfHX-TsaC4,madmom,Information gain,0.7297320549961654,26,26
yZfHX-TsaC4,beat_this,F-measure,1.0,26,26
yZfHX-TsaC4,beat_this,Cemgil,0.8832683660736951,26,26
yZfHX-TsaC4,beat_this,Cemgil Best Metric Level,0.8832683660736951,26,26
yZfHX-TsaC4,beat_this,Goto,1.0,26,26
yZfHX-TsaC4,beat_this,P-score,1.0,26,26
yZfHX-TsaC4,beat_this,Correct Metric Level Continuous,1.0,26,26
yZfHX-TsaC4,beat_this,Correct Metric Level Total,1.0,26,26
yZfHX-TsaC4,beat_this,Any Metric Level Continuous,1.0,26,26
yZfHX-TsaC4,beat_this,Any Metric Level Total,1.0,26,26
yZfHX-TsaC4,beat_this,Information gain,0.7069449185180187,26,26
